{"type":"FeatureCollection","features":[{"type":"Feature","id":null,"properties":{"shapeName":"Baden-Württemberg","shapeISO":"DE-BW","shapeID":"10402087B60055985875400","shapeGroup":"DEU","shapeType":"ADM1","_puzzle_simplification_tolerance":0.0017192,"name_en":"Baden-Württemberg","name_zh":"Baden-Württemberg一级行政区"},"geometry":{"type":"MultiPolygon","coordinates":[[[[9.125932381000041,47.668641198000046],[9.120986455000036,47.675753575000044],[9.12067641300007,47.672312943000065],[9.125932381000041,47.668641198000046]]],[[[9.20183071300005,47.70358456500003],[9.195342786000026,47.70827957800003],[9.187810585000022,47.70558262600008],[9.198598810000021,47.70243151000005],[9.20183071300005,47.70358456500003]]],[[[8.701282288000073,47.71522423400006],[8.686361775000023,47.708582988000046],[8.678110783000022,47.71304748500006],[8.671419204000074,47.71102074000004],[8.664634630000023,47.713427746000036],[8.66588130200006,47.70793158300006],[8.673814524000022,47.70479282400004],[8.676489971000024,47.697942984000065],[8.668274120000035,47.692177908000076],[8.658439713000064,47.69133783600006],[8.659509231000072,47.68942326200005],[8.663821275000032,47.68802186000005],[8.663354238000068,47.68589256200005],[8.672126391000063,47.68523411000007],[8.69022639900004,47.69538286000005],[8.707655556000077,47.68961524100007],[8.717719626000076,47.69074226500004],[8.717439463000062,47.695556973000066],[8.711427706000052,47.69668324000003],[8.711949780000054,47.70116393700005],[8.701282288000073,47.71522423400006]]],[[[8.680067486000041,49.61866510300007],[8.68405272700005,49.620222967000075],[8.680116544000043,49.62028571500008],[8.680067486000041,49.61866510300007]]],[[[9.602077153000039,47.584337997000034],[9.605885715000056,47.58570229000003],[9.614055646000054,47.58115033800004],[9.619756272000075,47.58322752200007],[9.620497166000064,47.58789731600007],[9.626340586000026,47.592491436000046],[9.633101282000041,47.59406423000007],[9.64328483600002,47.589759738000055],[9.645233661000077,47.59230018300008],[9.64020894600003,47.600950184000055],[9.635966981000024,47.60245548600005],[9.65381499700004,47.60557700800007],[9.657709588000046,47.61172525000006],[9.671443791000058,47.61137411100003],[9.678102239000054,47.60490065400006],[9.683887789000039,47.60455783300006],[9.692151557000045,47.610423472000036],[9.694582153000056,47.60466454500005],[9.706293734000042,47.60181221100004],[9.712022724000064,47.606679444000065],[9.726917416000049,47.606723472000056],[9.734340392000036,47.61652599200005],[9.737457799000026,47.61170434500008],[9.745651920000057,47.61729698600004],[9.746899428000063,47.61302821100003],[9.740357990000064,47.60453573900003],[9.74771849900003,47.60368831100004],[9.75606611400002,47.60966759400003],[9.753379718000076,47.611581200000046],[9.754884841000035,47.61400879900003],[9.774775831000056,47.62516932400007],[9.77782157200005,47.630536404000054],[9.785447121000061,47.63089229800005],[9.795256066000036,47.63571901200004],[9.800141870000061,47.64470092000005],[9.795646056000066,47.64760146300006],[9.801668798000037,47.65086297900007],[9.816176937000023,47.64966449600007],[9.819071651000058,47.65387030200003],[9.82855328200003,47.657901207000066],[9.831535858000052,47.665576016000045],[9.830606296000042,47.67137557900003],[9.834162345000038,47.67328985000006],[9.837816239000063,47.669469605000074],[9.838014749000024,47.67453920600008],[9.842190840000058,47.677691836000065],[9.874861671000076,47.675278244000026],[9.893277498000032,47.66323277400005],[9.91630331400006,47.66102224000008],[9.931482291000066,47.653904555000054],[9.940860857000075,47.65799557200006],[9.943883423000045,47.65520545900006],[9.951550457000053,47.656172697000045],[9.959522463000042,47.65230409900005],[9.970746357000053,47.65362632600005],[9.977723419000029,47.66172071500006],[9.976022662000048,47.66532503800005],[10.00190241000007,47.68199943600007],[10.028645217000076,47.686983018000035],[10.031171839000024,47.68269554300008],[10.027738310000075,47.67852000100004],[10.030491263000044,47.67445209700003],[10.038736323000023,47.67776736400003],[10.043366091000053,47.677849785000035],[10.04198056100006,47.67514805700006],[10.04703997300004,47.67623860100008],[10.04833762000004,47.681321292000064],[10.059312463000026,47.68062877800003],[10.068396067000037,47.66342554200003],[10.075161682000044,47.65833451100008],[10.071626,47.65034992300008],[10.075029822000033,47.648871572000076],[10.072017981000045,47.64344114800008],[10.077292399000044,47.63927426300006],[10.076004887000067,47.642135805000066],[10.082945112000061,47.65012431000008],[10.081362313000056,47.65488987500004],[10.090215663000038,47.66026136200003],[10.088385066000058,47.662869442000044],[10.093423672000029,47.66322087000003],[10.093527261000077,47.67006877600005],[10.089245367000046,47.67304513700003],[10.11112045300007,47.66599038800007],[10.113580914000067,47.66649339200006],[10.113289692000023,47.66929606700006],[10.130059543000073,47.67727125700003],[10.132769417000077,47.68508056700006],[10.128322275000073,47.69071791500005],[10.139250553000068,47.697880903000055],[10.139437678000036,47.703273409000076],[10.122519792000048,47.71166344200003],[10.116428889000076,47.719316727000034],[10.11863868200004,47.73328979200005],[10.11363361900004,47.741378232000045],[10.118252462000044,47.75058803500008],[10.114025224000045,47.75440156500008],[10.11904949500007,47.759586711000054],[10.082513094000035,47.771180988000026],[10.084840349000046,47.776636032000056],[10.079614724000066,47.781262351000066],[10.067390653000075,47.782436811000025],[10.068610898000031,47.78471539200007],[10.064681025000027,47.78588771900007],[10.074976082000035,47.79041128000006],[10.074385579000023,47.79239515000006],[10.085536018000028,47.795484739000074],[10.091902459000039,47.801431326000056],[10.090134546000058,47.803905188000044],[10.093683742000053,47.80205135300008],[10.09626104800003,47.804656427000054],[10.101994589000071,47.80048],[10.116879806000043,47.80062314300005],[10.119430489000024,47.80371469500005],[10.108782376000022,47.805771081000046],[10.115746516000058,47.810873644000026],[10.128015961000074,47.81331576100007],[10.131846050000036,47.80961698600004],[10.138022984000031,47.809637645000066],[10.132328795000035,47.814678472000026],[10.13147,47.82250356900005],[10.125199168000051,47.822947964000036],[10.109871904000045,47.84020574500005],[10.10277097200003,47.84237432600003],[10.110072234000029,47.84697409200004],[10.10715465800007,47.85289545900008],[10.103637955000067,47.851831204000064],[10.09924733300005,47.84493068300003],[10.097384613000031,47.848318894000045],[10.09442281500003,47.84388829100004],[10.091604866000068,47.84562138200005],[10.095376095000063,47.851396471000044],[10.099353490000055,47.851608859000066],[10.096837997000023,47.85388246300005],[10.098266187000036,47.85560436500003],[10.101911563000044,47.85397297000003],[10.10510447300004,47.85713922300005],[10.103171228000065,47.860080175000064],[10.104617333000022,47.86462420600003],[10.102078887000062,47.86548261100006],[10.082961688000069,47.85571778100007],[10.080315046000067,47.86546829000008],[10.076755534000029,47.86780935100006],[10.082365889000073,47.86992892400008],[10.09159875000006,47.86739847100006],[10.097729187000027,47.87238245300006],[10.097922307000033,47.87656248600007],[10.105704629000059,47.879026536000026],[10.105458971000076,47.88302523500005],[10.095332148000068,47.88515881100005],[10.103447322000022,47.89062169700003],[10.10169608600006,47.90563420700005],[10.104940459000034,47.90612234000008],[10.103795796000043,47.90884157000005],[10.110414155000058,47.91065722700006],[10.108314410000048,47.91557192200003],[10.111105704000067,47.91595938100005],[10.105012802000033,47.923838096000054],[10.111010296000075,47.934879085000034],[10.108222426000054,47.93898574700006],[10.089487633000033,47.94797725800004],[10.084893700000066,47.96130765500004],[10.087524260000066,47.968409474000055],[10.09320708100006,47.972331731000054],[10.114954569000076,47.97625743700007],[10.114791141000069,47.98862509200006],[10.121639551000044,47.99828771300008],[10.119550393000054,48.00349993300006],[10.134326495000039,48.01759961500005],[10.135727945000042,48.023761603000025],[10.127111484000068,48.03271248400006],[10.14125583300006,48.04670149000003],[10.139156160000027,48.05151269300006],[10.143901697000047,48.05900706800003],[10.140640574000031,48.06490224700008],[10.143736707000073,48.07441384100008],[10.136965130000021,48.07595575600004],[10.134081880000053,48.07947892400006],[10.140392398000074,48.09891655900003],[10.136661343000071,48.10078304000007],[10.136247105000052,48.11144305000005],[10.122604012000068,48.11695707800004],[10.107074311000076,48.13214418500007],[10.104794811000033,48.14342693000003],[10.09480065400004,48.15983265700004],[10.096545,48.16176287900004],[10.090345755000044,48.17040609600008],[10.089604425000061,48.17871892900007],[10.085717415000033,48.18219242200007],[10.083710628000063,48.20964022900006],[10.077004189000036,48.210603554000045],[10.078320370000029,48.220237008000026],[10.076318738000055,48.22302525300006],[10.069454398000062,48.223358215000076],[10.068022065000036,48.22865680600006],[10.070144239000058,48.23062497900003],[10.06464422700003,48.23479280300006],[10.064740637000057,48.23909951300004],[10.060721236000063,48.24009045500003],[10.069026271000041,48.25376158300003],[10.061960035000027,48.258129987000075],[10.065981126000054,48.261993139000026],[10.062202412000033,48.27171548200005],[10.06675298500005,48.274916103000066],[10.065816520000055,48.28181712300005],[10.04254942700004,48.29422971000008],[10.043081012000073,48.30044359800007],[10.030505683000058,48.31203369900004],[10.022922309000023,48.32400382800006],[10.012286806000077,48.33063749100006],[10.009738197000047,48.33470804800004],[10.010403135000047,48.342389241000035],[9.998131809000029,48.34751287900008],[9.994822286000044,48.35528090400004],[9.999597425000047,48.36322931300003],[9.993339461000062,48.36356692900006],[9.992995103000055,48.368159794000064],[9.987733752000054,48.370626034000054],[9.982768418000035,48.36802845200003],[9.984127686000022,48.363227539000036],[9.977741454000068,48.36265859700006],[9.967275615000062,48.37440435700006],[9.971299560000034,48.377214467000044],[9.96993436200006,48.37938028700006],[9.984912613000063,48.386104688000046],[9.989868428000023,48.39370731200006],[10.01527948200004,48.404350573000045],[10.01881588200007,48.418248660000074],[10.042414153000038,48.429732038000054],[10.038850224000043,48.433727401000056],[10.040789679000056,48.43439185400007],[10.037450407000051,48.43579970800005],[10.034854838000058,48.43329704700005],[10.028050577000045,48.43691872800008],[10.031687310000052,48.44378571800007],[10.038226774000066,48.44445300700005],[10.035887671000069,48.45129476900007],[10.030887521000068,48.453586071000075],[10.03402668800004,48.45778054800007],[10.039128632000029,48.45969447500005],[10.039044314000023,48.45787408500007],[10.041260859000033,48.45951056100006],[10.064009813000041,48.456389202000025],[10.087154247000058,48.46348839800004],[10.086422761000051,48.46596143600004],[10.090357396000059,48.46755860500008],[10.094376749000048,48.46712384400007],[10.093455626000036,48.468954748000044],[10.10351690400006,48.47255483200007],[10.105026946000066,48.477504356000054],[10.11736673200005,48.47538756900008],[10.116527665000035,48.47355095900008],[10.119073641000057,48.47307421100004],[10.117251760000045,48.46813587200006],[10.127768833000061,48.45695232200006],[10.133895409000047,48.45487141700005],[10.160457290000068,48.45875960200004],[10.171846421000055,48.457786948000034],[10.172772750000036,48.462788974000034],[10.177862981000033,48.46380198300005],[10.17546022700003,48.469391261000055],[10.18460095000006,48.467211219000035],[10.181254371000023,48.46962222700006],[10.186002988000041,48.47111080800005],[10.18452449800003,48.47291466000007],[10.176413082000067,48.47136864400005],[10.182944425000073,48.473814170000026],[10.180098201000021,48.47552447800007],[10.217915369000025,48.48846743200005],[10.23544331000005,48.48896032500005],[10.24140630100004,48.49195965300004],[10.23750668300005,48.50019584100005],[10.24247267800007,48.50009961100005],[10.240825951000033,48.506158062000054],[10.228049715000054,48.504974581000056],[10.226631163000036,48.506994227000064],[10.237966397000037,48.50782191500008],[10.230779588000075,48.51051118300006],[10.248273718000064,48.51124472500004],[10.247165599000027,48.51355308400008],[10.250694120000048,48.51428942300004],[10.249831598000071,48.51622071000003],[10.252682297000035,48.51454565300003],[10.255477214000052,48.51586466400005],[10.253880765000076,48.51843277800003],[10.257462407000048,48.51946575000005],[10.286794508000071,48.516091277000044],[10.31202316200006,48.52294378300007],[10.309262094000076,48.52632897400008],[10.31483871200004,48.52650928700007],[10.312374783000053,48.53007489600003],[10.303183365000052,48.52982514900003],[10.30155617400004,48.53713263000003],[10.304002338000032,48.538278957000045],[10.300846790000037,48.54507121100005],[10.30465129700002,48.54529379400003],[10.302382890000047,48.54698025300007],[10.304899110000065,48.55105806700004],[10.314183926000055,48.55628937700004],[10.31300460600005,48.56712277100007],[10.304752751000024,48.58426545100008],[10.293114313000046,48.58976552100006],[10.295230108000055,48.599779546000036],[10.298063801000069,48.59980853600007],[10.297108769000033,48.603809743000056],[10.30156386300007,48.60521160500008],[10.307219067000062,48.60150778700006],[10.30686630200006,48.60499616200008],[10.320212233000063,48.60393953800008],[10.318774912000038,48.607615028000055],[10.323094952000076,48.609132705000036],[10.297810682000033,48.62418757800003],[10.299909741000022,48.62501868100003],[10.297219527000038,48.62608388600006],[10.296510056000045,48.63356425000006],[10.283566456000074,48.63678601500004],[10.285052084000029,48.63833560100005],[10.279528809000055,48.64155304900004],[10.280522997000048,48.646770650000065],[10.274449325000035,48.64548153900006],[10.272355911000034,48.649155190000045],[10.268310237000037,48.646601942000075],[10.270384297000021,48.651921034000054],[10.259529865000047,48.65489233800008],[10.262200326000027,48.658369211000036],[10.266623163000077,48.65883721800003],[10.256410901000038,48.66247524700003],[10.254600218000064,48.666203179000036],[10.264848610000058,48.67214249300008],[10.255371664000052,48.67749061600006],[10.256347050000045,48.68066716800007],[10.26876291700006,48.67989337200004],[10.26468806500003,48.68288836000005],[10.27303977500003,48.68589131200008],[10.268706813000051,48.70354711900006],[10.282522166000035,48.70097678500008],[10.292015966000065,48.69159386900003],[10.317503170000066,48.68293376500003],[10.31740006800004,48.688697895000075],[10.321004709000022,48.68724694900004],[10.326574274000052,48.69078091700004],[10.337429497000073,48.689021808000064],[10.347422983000058,48.67910738300003],[10.345971794000036,48.67421566200005],[10.351883032000046,48.66571799700006],[10.347321119000071,48.66575940200005],[10.347967480000023,48.66027337400004],[10.352779630000043,48.65801374600005],[10.351017332000026,48.65467686100004],[10.361128680000036,48.65282684300007],[10.368441434000033,48.66387855800008],[10.373591781000073,48.66305837600004],[10.379998270000044,48.667677516000026],[10.389421374000051,48.667201704000036],[10.386757991000025,48.67408733000008],[10.390818839000076,48.674663542000076],[10.390093766000064,48.677565568000034],[10.392777784000032,48.67813997600007],[10.392032311000037,48.68716085600005],[10.402319399000021,48.69399382600005],[10.40788776900007,48.694502175000025],[10.40653941000005,48.69635354300004],[10.408871360000035,48.69879250400004],[10.420252806000065,48.69472896100007],[10.425931029000026,48.69501841200008],[10.431747642000062,48.69949236200006],[10.437393747000044,48.693101881000075],[10.433797405000064,48.690689759000065],[10.434635232000062,48.687608295000075],[10.429635277000045,48.68602537800007],[10.42691669100003,48.68684558000007],[10.426519975000076,48.69157194100006],[10.422781643000064,48.69075458800006],[10.422574801000053,48.68416283000005],[10.418720957000062,48.68227162300008],[10.424468920000038,48.67932188700007],[10.422836734000043,48.675409201000036],[10.426527262000036,48.67490312600006],[10.426109293000025,48.67295145800006],[10.42221574000007,48.670889499000054],[10.419306776000042,48.67295571400007],[10.40869847600004,48.66783971900003],[10.407932338000023,48.663756472000046],[10.410638818000052,48.66103394800007],[10.419335309000076,48.663927210000054],[10.432751179000036,48.66144521900003],[10.432815406000032,48.66408906000004],[10.441853368000068,48.66680990900005],[10.449172635000025,48.66515887400004],[10.454084463000072,48.66788575500004],[10.454190512000025,48.670610543000066],[10.464998023000021,48.67053354300003],[10.480987695000067,48.681418466000025],[10.481746283000064,48.68649942900004],[10.492547152000043,48.68605696100008],[10.495748779000053,48.68843426700005],[10.485595622000062,48.69160333000008],[10.487257767000074,48.69666191300007],[10.479542570000035,48.69479927400005],[10.480260346000023,48.70015905200006],[10.471509766000054,48.70281000400007],[10.474483675000045,48.70560746700005],[10.483528291000027,48.70524283000003],[10.483382300000073,48.70806417400007],[10.481641374000048,48.71258726000008],[10.47373224200004,48.71197923100004],[10.465492622000056,48.719804632000034],[10.467598126000041,48.72144195800007],[10.462052166000035,48.72230351400003],[10.462295066000024,48.72456079700004],[10.46544870100007,48.72423808000008],[10.464956863000054,48.727736142000026],[10.455739515000062,48.72904581000006],[10.464281234000055,48.735137085000076],[10.450064919000056,48.73498769500003],[10.447883535000074,48.72804419700003],[10.44342462800006,48.729413359000034],[10.439877456000033,48.73876866200004],[10.431803341000034,48.73730715200003],[10.43485723300006,48.74116694200006],[10.423689357000057,48.74423448200008],[10.424286722000033,48.746936608000055],[10.416176716000052,48.74810596900005],[10.423097292000023,48.74826825000008],[10.41720613900003,48.75050786200006],[10.418167027000038,48.75328740300006],[10.428186612000047,48.75588430500005],[10.418218813000067,48.76292794300008],[10.417717795000044,48.769609407000075],[10.413101313000027,48.77208798400005],[10.415740992000053,48.77197310500003],[10.41676723300003,48.77651538500004],[10.420114960000035,48.77623905400003],[10.417848569000057,48.77273009900006],[10.427562521000027,48.77309657200004],[10.428519823000045,48.76976975500003],[10.432001394000054,48.77068923000007],[10.428799730000037,48.77372688600008],[10.429625151000039,48.776866],[10.43426596300003,48.77623032900004],[10.426773954000055,48.781747417000076],[10.429207748000067,48.78317889900006],[10.427460900000028,48.78648724800007],[10.43459081900005,48.78760681700004],[10.434329472000059,48.78964810900004],[10.427711829000032,48.791631496000036],[10.430771579000066,48.793548988000055],[10.420913694000035,48.79545796700006],[10.421083753000062,48.79941156900003],[10.433905473000038,48.80117712200007],[10.440040699000065,48.80486781700006],[10.440770268000051,48.80948174100007],[10.448624089000077,48.81196778100008],[10.446832402000041,48.81917955100005],[10.448696184000028,48.821060026000055],[10.446309241000051,48.82428750100007],[10.449594084000069,48.82506560300004],[10.449102463000031,48.83032302500004],[10.442442716000073,48.834421071000065],[10.426268382000046,48.836920691000046],[10.427415498000073,48.842988999000056],[10.45279514200007,48.851859524000076],[10.454106806000027,48.86030058700004],[10.448353934000068,48.86113446400003],[10.452580966000028,48.87347545700004],[10.444774583000026,48.880271],[10.452992995000045,48.884438802000034],[10.453999263000071,48.88747006800003],[10.44978290000006,48.88963571100004],[10.450215787000047,48.893089461000045],[10.421320368000067,48.90576289000006],[10.443770228000062,48.90845213700004],[10.457000572000027,48.91714142600006],[10.451991403000022,48.92666771100005],[10.44915775100003,48.92606553200005],[10.437809328000071,48.93315104100003],[10.439933224000072,48.93545694100004],[10.448220713000069,48.93487345200003],[10.446567798000046,48.93587998300006],[10.451372669000023,48.93866072700007],[10.444825433000062,48.94037101400005],[10.443334406000076,48.94581660000006],[10.43624862300004,48.944294359000025],[10.430902321000076,48.94630282700007],[10.431022214000052,48.95344182200006],[10.42377201100004,48.959262487000046],[10.419458015000032,48.95917587300005],[10.424932592000062,48.960681676000036],[10.424361943000065,48.963562065000076],[10.41829877500004,48.966262269000026],[10.418751747000044,48.96857920600007],[10.403681380000023,48.96679025700007],[10.401479997000024,48.974523171000044],[10.409390286000075,48.97563230700007],[10.411773416000074,48.97895683300004],[10.404022694000048,48.98066830300007],[10.401254133000066,48.98620172300008],[10.397013831000038,48.986679081000034],[10.394683058000055,48.990157614000054],[10.380483235000042,48.98921171200004],[10.378746742000033,48.99044725500005],[10.382769118000056,48.99431900700006],[10.381896484000038,48.99904899000006],[10.375442809000049,48.999716542000044],[10.372808986000052,49.003239276000045],[10.352157951000038,49.00600205200004],[10.356091845000037,49.01350972500006],[10.34543868000003,49.01663307800004],[10.345197407000057,49.01938497200007],[10.350274855000066,49.02252187600004],[10.350256584000022,49.02842207200007],[10.336952050000036,49.027270188000045],[10.332901138000068,49.03192323500008],[10.333616422000034,49.026788579000026],[10.327490237000063,49.03027806100005],[10.328960583000026,49.024497015000065],[10.320476556000074,49.02571592600003],[10.309455680000042,49.03195769700005],[10.30271405700006,49.031469309000045],[10.300568132000024,49.04034069200003],[10.294007324000063,49.042777439000076],[10.292825652000033,49.04076052800008],[10.28493936500007,49.04208579600004],[10.288068407000026,49.03988816000003],[10.284838754000077,49.03657533100005],[10.277240662000054,49.03823914700007],[10.274520322000058,49.040725122000026],[10.277220932000034,49.04252040600005],[10.266190381000058,49.043154478000076],[10.264990096000076,49.04520267300006],[10.261745328000075,49.043637586000045],[10.26319843300007,49.04225774400004],[10.251863839000066,49.039161196000066],[10.24979081500004,49.04245016100003],[10.255756685000051,49.04475116400005],[10.251709391000077,49.04955423700005],[10.257328470000061,49.053263257000026],[10.25605594600006,49.061364447000074],[10.264630448000048,49.06136454500006],[10.26002526600007,49.064107335000074],[10.258153512000035,49.07017377200003],[10.245544909000046,49.07433931400004],[10.242488277000064,49.07234324800004],[10.23563573000007,49.073703426000066],[10.234169895000036,49.07636232200008],[10.240984279000031,49.082197740000026],[10.241643575000069,49.079258061000075],[10.247145405000026,49.07972034900007],[10.250596710000025,49.09281512500007],[10.229070019000062,49.08976092300003],[10.22277854300006,49.09785862000007],[10.212731077000058,49.09446932000003],[10.204997649000063,49.09811900300008],[10.208833170000048,49.09808406900004],[10.210181202000058,49.10006952400005],[10.20684142500005,49.10126296000004],[10.215625560000035,49.10610920600004],[10.213465836000069,49.11144402800005],[10.21524985700006,49.11328348500007],[10.226574538000023,49.11102609400007],[10.229330692000076,49.113225552000074],[10.229568829000073,49.11730993100008],[10.224954281000066,49.119502527000066],[10.230287119000025,49.11896812900005],[10.247228171000074,49.12669929800006],[10.251111132000062,49.12587148500006],[10.252748773000064,49.12991372700003],[10.256947320000052,49.12905042800003],[10.25156275200004,49.13398570500004],[10.255479654000055,49.13830264300003],[10.248022910000032,49.14928110900007],[10.236613667000029,49.14926282600004],[10.230977046000021,49.15346815400005],[10.232271169000057,49.15564170300007],[10.228141119000043,49.159890250000046],[10.224112367000032,49.16167937400007],[10.218691045000071,49.15995688500004],[10.218379110000058,49.163489850000076],[10.20664772200007,49.15909029200003],[10.20516697000005,49.155631603000074],[10.196814396000036,49.15576223700003],[10.199512653000056,49.160707665000075],[10.192707093000024,49.167597270000044],[10.195244024000033,49.169888892000074],[10.187715570000023,49.170043699000075],[10.188631112000053,49.17440146800004],[10.186296971000047,49.170515720000026],[10.177317879000043,49.17350865900005],[10.180989287000045,49.17637954300005],[10.181182663000072,49.18240669100004],[10.17102949200006,49.17827568300004],[10.16646783300007,49.179215673000044],[10.167031288000032,49.18107030400006],[10.160460364000073,49.18280461900008],[10.156507090000048,49.188783226000055],[10.153573665000067,49.18841166000004],[10.156808452000064,49.19271495500004],[10.142404979000048,49.195440430000076],[10.135324543000024,49.200643746000026],[10.129171664000069,49.19572129200003],[10.127662573000066,49.19740735800008],[10.130081142000051,49.19882757600004],[10.12489927300004,49.199736861000076],[10.130455046000066,49.20376708300006],[10.127394732000027,49.20434949400004],[10.125622454000052,49.21089314200003],[10.140135950000058,49.20888974300004],[10.138989004000052,49.21592538400006],[10.132589843000062,49.21724870500003],[10.127462295000043,49.22331249700005],[10.126744349000035,49.23620914700007],[10.122662566000031,49.24091848000006],[10.123989086000051,49.246013703000074],[10.119829082000024,49.247357976000046],[10.133209341000054,49.253105435000066],[10.109875037000052,49.25829803200003],[10.118701572000077,49.257869579000044],[10.11397418000007,49.266407935000075],[10.119550373000038,49.266975667000054],[10.123625095000023,49.27499520300006],[10.131392017000053,49.27508391400005],[10.123560393000048,49.27096509100005],[10.127236517000028,49.26667759900005],[10.126639932000046,49.26238025100008],[10.134156874000041,49.262229699000045],[10.147428862000027,49.26854182900007],[10.145388722000064,49.27491306600007],[10.15068125700003,49.280650654000056],[10.15662029400005,49.28075891000003],[10.153910514000074,49.28473552400004],[10.149895719000028,49.28467811400003],[10.150171929000066,49.28829509800005],[10.14237948400006,49.28764989800004],[10.144107655000028,49.29012010800005],[10.138413628000023,49.29202694300005],[10.13229898800006,49.300318839000056],[10.131680316000029,49.30512301700003],[10.145247060000031,49.31649821000008],[10.14010171700005,49.32557627300008],[10.132711243000074,49.327743688000055],[10.121334638000064,49.32495694600004],[10.11746897200004,49.32912363200006],[10.110499427000036,49.32887179200003],[10.10799352500004,49.33250459200008],[10.112838389000046,49.33235476300007],[10.113086502000044,49.335777463000056],[10.104846911000038,49.338411507000046],[10.102957852000031,49.34378419800004],[10.103936611000051,49.34697207700003],[10.10908775300004,49.34845636500006],[10.10761552300005,49.351698646000045],[10.123719471000072,49.35081809600007],[10.124555669000074,49.35613756300006],[10.113373868000053,49.359940548000054],[10.113673293000033,49.36641130800007],[10.117413523000039,49.369023147000064],[10.107318285000076,49.378784909000046],[10.111966360000054,49.38491033300005],[10.121685574000026,49.38786002400008],[10.144924269000057,49.38441364700003],[10.146403978000023,49.387431853000066],[10.161210778000054,49.39035597900005],[10.161698240000021,49.39549398200006],[10.138638067000045,49.403095723000035],[10.152217243000052,49.40101546500006],[10.147652145000052,49.41075266200005],[10.151680498000076,49.41229446400007],[10.137427056000035,49.42471766500006],[10.138072993000037,49.42866890100004],[10.133620233000045,49.43200996000007],[10.138108351000028,49.433121948000064],[10.133705133000035,49.43714686000004],[10.118781030000036,49.44389826300005],[10.11062488500005,49.44250302100005],[10.111758984000062,49.43874665800007],[10.105708278000066,49.44481587100006],[10.094741444000022,49.44789857000006],[10.097826626000028,49.45701059700008],[10.108231467000053,49.460207671000035],[10.105487698000047,49.46323873700004],[10.115844314000071,49.46130059400008],[10.122251832000075,49.46390784100004],[10.117916194000031,49.46759057300005],[10.11832726700004,49.473169459000076],[10.11511820000004,49.473959199000035],[10.116088967000053,49.47857744300006],[10.110712222000075,49.47762344100005],[10.108102174000066,49.48285361100005],[10.101243509000028,49.48564180200003],[10.099991355000043,49.491727680000054],[10.10981208100003,49.501693688000046],[10.117116622000026,49.50374280900007],[10.115364094000029,49.50695744400008],[10.120859799000073,49.50727290100008],[10.121323095000037,49.51104620600006],[10.108475105000025,49.51147678700005],[10.105717540000057,49.51510581800005],[10.084146565000026,49.51175886600004],[10.07688575800006,49.519882876000054],[10.080641607000075,49.52119589400007],[10.07861145000004,49.527317380000056],[10.089598029000058,49.530521246000035],[10.085519872000077,49.54221400400007],[10.06142750600003,49.545138456000075],[10.061730830000045,49.54164928100005],[10.057105076000028,49.54068132900005],[10.06136772700006,49.53746825300004],[10.040019271000062,49.52901043500003],[10.049813866000022,49.52132343800008],[10.05718463900007,49.51931858100005],[10.056145911000044,49.51494530800005],[10.051520203000052,49.51441601600004],[10.052403774000027,49.510674711000036],[10.046235533000072,49.506979674000036],[10.028177638000045,49.50398968300004],[10.020260417000031,49.48664904700007],[10.010118434000049,49.48321396000006],[9.992006367000045,49.48640294200004],[9.978410475000032,49.48401618500003],[9.975009051000029,49.48102513400005],[9.97402362300005,49.48582231100005],[9.951881740000033,49.48036425500004],[9.926561180000022,49.484835462000035],[9.913740586000074,49.49325299100008],[9.916053163000072,49.499544325000045],[9.92512928900004,49.508650094000075],[9.916959263000024,49.51780230600008],[9.918395299000053,49.52237982400004],[9.923814994000054,49.524121395000066],[9.923229295000056,49.52903128500003],[9.927050474000055,49.536077301000034],[9.920181961000026,49.545125418000055],[9.922484669000028,49.54579125200007],[9.920725246000075,49.55101227600005],[9.926961113000061,49.54952053200003],[9.925785400000052,49.55372306600003],[9.92073339500007,49.553402196000036],[9.924984524000024,49.56006406100005],[9.920848874000058,49.56328080800006],[9.899064871000064,49.561079935000066],[9.89798994900002,49.56407002000003],[9.901607335000051,49.572549294000055],[9.91572119500006,49.582227870000054],[9.911537271000043,49.58378055500003],[9.912438200000054,49.585908403000076],[9.901830928000038,49.58541197100004],[9.898791276000054,49.58834669700008],[9.893524694000064,49.583523455000034],[9.875725006000039,49.57863147200004],[9.874058698000056,49.571694980000075],[9.864550356000052,49.56788141700008],[9.866639553000027,49.557463133000056],[9.864581416000021,49.55373830100007],[9.860457299000075,49.553515092000055],[9.85930991400005,49.54604448600003],[9.849911875000032,49.54576590000005],[9.840564909000022,49.55069351600008],[9.82804003800004,49.55159090700005],[9.81799237100006,49.55588778200007],[9.81799767900003,49.55861366900007],[9.811544998000045,49.55568263200007],[9.810230151000042,49.557316023000055],[9.836995639000065,49.56890171800006],[9.835731665000026,49.570270762000064],[9.841664267000056,49.57277347400003],[9.840557791000037,49.574479687000064],[9.848495177000075,49.57771316100008],[9.84104674200006,49.595141271000045],[9.859460117000026,49.60298407100004],[9.857813423000039,49.60716523900004],[9.859972097000025,49.60851046600004],[9.87280826400007,49.61007617200005],[9.868045003000077,49.611174240000025],[9.867509196000071,49.621319397000036],[9.864120231000072,49.621460916000046],[9.865658154000073,49.62413084600007],[9.860578368000063,49.632175362000055],[9.857721863000052,49.632411097000045],[9.855481315000077,49.641514666000035],[9.836748766000028,49.64532654100003],[9.834673916000042,49.64629481600008],[9.836043911000047,49.648408086000074],[9.830060281000044,49.651742770000055],[9.829559007000057,49.654352696000046],[9.833814044000064,49.656285111000045],[9.829400801000077,49.65969582100007],[9.832495186000074,49.660415844000056],[9.82235844400003,49.664710084000035],[9.825613519000058,49.667541235000044],[9.823416618000067,49.67317337500003],[9.830873498000074,49.67920951700006],[9.829946964000044,49.681012397000075],[9.841172423000046,49.68341738300006],[9.830027878000067,49.68770882600006],[9.836147408000045,49.691740752000044],[9.833003013000052,49.693500002000064],[9.831804629000032,49.70380331900003],[9.828160569000033,49.70645384900007],[9.823358966000058,49.70466985100006],[9.821427220000032,49.709733594000056],[9.796514481000031,49.720710946000054],[9.796073404000026,49.727087039000025],[9.799993758000028,49.730943240000045],[9.791444324000054,49.730947290000074],[9.78675584900003,49.72184658600003],[9.771602622000046,49.72010957300006],[9.752953959000024,49.710121842000035],[9.749890204000053,49.695859452000036],[9.738774011000032,49.69004311000003],[9.739419988000066,49.68819070300003],[9.727550419000067,49.68872778400004],[9.728354246000038,49.69818905200003],[9.71929082400004,49.70194171000003],[9.713238618000048,49.71389230600005],[9.713938807000034,49.72114933200004],[9.709719303000043,49.72705805800007],[9.700724817000037,49.722145616000034],[9.70038158400007,49.716960897000035],[9.695889204000025,49.71922337900003],[9.677193873000022,49.71620121400008],[9.674090180000064,49.69671802800008],[9.676147908000075,49.693347266000046],[9.653496459000053,49.68713720300008],[9.648879734000047,49.69173610300004],[9.632460374000061,49.69318610100004],[9.630463004000035,49.70156508100007],[9.625449125000046,49.70373674000007],[9.63305260200002,49.71706895300008],[9.64087405400005,49.720337200000074],[9.638664256000027,49.72213211600007],[9.641101794000065,49.72317627600006],[9.627715246000037,49.73196330900004],[9.636562796000021,49.73165311900004],[9.638059303000034,49.73711266600003],[9.645859593000068,49.73647400300007],[9.646936205000031,49.73914526500005],[9.638998493000031,49.74050685600008],[9.645552784000074,49.74691039000004],[9.637951869000062,49.75385075200006],[9.65186583700006,49.76637174100006],[9.646496047000028,49.77069515200003],[9.644322199000044,49.778609654000036],[9.651418613000033,49.78055704600007],[9.648736203000055,49.79147765100004],[9.619702442000062,49.78318132600003],[9.59001764900006,49.781222885000034],[9.581076413000062,49.77803014600005],[9.576346451000063,49.77905345500005],[9.57628581800003,49.78289483800006],[9.580057328000066,49.78403213100006],[9.561809836000066,49.78061678300003],[9.557604080000033,49.776182231000064],[9.55839297700004,49.76509501600003],[9.56892769600006,49.75058825100007],[9.563380497000026,49.744568386000026],[9.555060678000075,49.74752250200004],[9.552429578000044,49.76042974300003],[9.546462237000071,49.76642600300005],[9.537632590000044,49.767557140000065],[9.522996549000027,49.761205904000064],[9.514512299000046,49.763786795000044],[9.51004753500007,49.770091140000034],[9.512861169000075,49.78179434100008],[9.501460487000031,49.78877466100005],[9.47909706200005,49.78689431200007],[9.47212587200005,49.780866056000036],[9.469391890000054,49.77429106900007],[9.458256575000064,49.76951971500006],[9.445002527000042,49.77395907700003],[9.434851987000059,49.78737869400004],[9.425106761000052,49.78955372300004],[9.391546883000046,49.77012060700008],[9.372610337000026,49.77897681300004],[9.351035814000056,49.76900699000004],[9.318028174000062,49.76885602700003],[9.313747180000064,49.76659734500004],[9.31325066100004,49.76169895100003],[9.322471694000058,49.74998094000006],[9.323124376000067,49.74379727100006],[9.317667452000023,49.74044736500008],[9.299786822000044,49.74092544400003],[9.296297096000046,49.73891796000004],[9.316534484000044,49.73523774000006],[9.323027403000026,49.73111535600003],[9.34171343600002,49.734199095000065],[9.374211198000069,49.728002031000074],[9.344030942000074,49.718613970000035],[9.352232357000048,49.71648171900006],[9.35321308500005,49.70744006400008],[9.357409236000024,49.70428829400004],[9.372068999000021,49.70399847600004],[9.382528566000076,49.70746288000004],[9.383029495000073,49.719245595000075],[9.380160749000026,49.72611834800006],[9.386761384000067,49.728411580000056],[9.385645192000027,49.730914546000065],[9.39996065300005,49.72884051400007],[9.40106757600006,49.72056451600008],[9.407930499000031,49.72145858500005],[9.415296155000021,49.712468803000036],[9.41868082700006,49.711898302000066],[9.420314327000028,49.706627635000075],[9.416870872000061,49.70239770100005],[9.422312961000046,49.696079385000075],[9.419257359000028,49.69380993200008],[9.420088259000067,49.69019189200003],[9.40639104500002,49.67958151300007],[9.41247209200003,49.67546929100007],[9.40148264000004,49.67485240900004],[9.397891490000063,49.67066072800003],[9.412035264000053,49.660792369000035],[9.419495463000032,49.658853554000075],[9.406000422000034,49.64531278700008],[9.393784063000055,49.64630976600006],[9.38357029100007,49.64282651000008],[9.371885449000047,49.65124762700003],[9.366743562000067,49.65835682300008],[9.349388392000037,49.64999286400007],[9.343880585000022,49.644299653000076],[9.33689722400004,49.644300111000064],[9.313613863000057,49.65370881000007],[9.30408305800006,49.65494425400004],[9.306487190000041,49.65080375700006],[9.290493301000026,49.64376892200005],[9.285500565000063,49.63576970400004],[9.278305628000055,49.637620577000064],[9.270722601000045,49.634018567000055],[9.27481872800007,49.63094982300004],[9.27009917600003,49.62648984300006],[9.285023051000053,49.614801330000034],[9.264577622000047,49.60681972700007],[9.264965319000055,49.60202468700004],[9.259995497000034,49.598460283000065],[9.259036536000053,49.59327621500006],[9.249458459000039,49.59380054400003],[9.246443172000056,49.590024206000066],[9.24894015600006,49.58451840600003],[9.194410460000029,49.57404064000008],[9.187303515000053,49.57689155600008],[9.180803940000033,49.57374772900005],[9.173276474000033,49.57776255400006],[9.164997223000057,49.575451685000075],[9.158889937000026,49.57959030400008],[9.120512012000063,49.57355899500004],[9.11387959800004,49.57468356900006],[9.108265919000075,49.57930243700008],[9.103006167000046,49.57745601400006],[9.098930719000066,49.56055390700004],[9.082631683000045,49.56178920500008],[9.078042595000056,49.57480364200006],[9.073074327000029,49.57494100200006],[9.072205636000035,49.56524923000006],[9.087870907000024,49.55066158400007],[9.087445384000034,49.544933712000045],[9.084390615000075,49.543023954000034],[9.113767890000076,49.53463350800007],[9.117749538000055,49.52793091400008],[9.126459732000058,49.52160708800005],[9.123637692000045,49.51977321700008],[9.126413832000026,49.51694579700006],[9.11953,49.51221011700005],[9.106127381000022,49.509796066000035],[9.105806353000048,49.51654928700003],[9.101622620000057,49.51973669400007],[9.09955422400003,49.52618935300006],[9.078857559000028,49.524941084000034],[9.064950779000071,49.529606011000055],[9.049950722000062,49.51936809400007],[9.049575498000024,49.51364970700007],[9.042181768000034,49.50651414200007],[9.040756948000023,49.499069415000065],[9.01423595700004,49.498058428000036],[9.012180163000039,49.50266760200003],[8.992255705000048,49.50338505900004],[8.987576771000022,49.50569363100004],[8.98583381900005,49.510330328000066],[8.97917478000005,49.50918036500008],[8.977471626000067,49.50341518100004],[8.968002908000074,49.50159982500003],[8.951832484000022,49.50562623500008],[8.95122210300002,49.502711530000056],[8.957727435000038,49.49548529800006],[8.950599560000057,49.48779345000003],[8.954639722000024,49.482009230000074],[8.942795189000037,49.48568849500003],[8.931879784000046,49.47063680900004],[8.935691164000048,49.46554294400005],[8.941483068000025,49.46487097200003],[8.950348720000022,49.454992884000035],[8.940069179000034,49.45031731200004],[8.927449061000061,49.44914222400007],[8.924739492000072,49.441303291000054],[8.912567030000048,49.43761440500003],[8.900948949000053,49.44336867200008],[8.892389344000037,49.420907380000074],[8.872745614000053,49.41244638300003],[8.862846275000038,49.40212705000005],[8.850273248000065,49.395396721000054],[8.84567435200006,49.39654342400007],[8.838182485000061,49.40539141900007],[8.830413501000066,49.408335858000044],[8.822420887000021,49.39555189300006],[8.814612220000072,49.39685237300006],[8.803540603000044,49.40357037800004],[8.808293519000074,49.40642223800006],[8.804291828000032,49.40689296200003],[8.801488952000057,49.41089086200003],[8.807415853000066,49.41068087200006],[8.806587634000039,49.419200826000065],[8.816640970000037,49.42317561800007],[8.830501936000076,49.42322883500003],[8.836452906000034,49.43021830300006],[8.836653492000039,49.43437834900004],[8.832617743000071,49.43671650200008],[8.834607505000065,49.450382682000054],[8.82873313500005,49.46092254600006],[8.823524968000072,49.46267839800004],[8.826602842000057,49.46934922200006],[8.851932272000056,49.483588215000054],[8.860038490000022,49.48079092900008],[8.866340213000058,49.47459268600005],[8.86292378500002,49.46667885200003],[8.868244751000077,49.46489335500007],[8.876495013000067,49.46668603400008],[8.899354818000063,49.48454980100007],[8.899758638000037,49.49437237500007],[8.89683231400005,49.49760613800004],[8.89957270800005,49.50365573200003],[8.892426988000068,49.50290633700007],[8.882661470000073,49.506096150000076],[8.856782345000056,49.501232336000044],[8.848501613000053,49.502173277000054],[8.844550102000028,49.49840153100007],[8.839448611000023,49.49878370600004],[8.839046435000057,49.493767812000044],[8.83385525500006,49.49068327100008],[8.81696286500005,49.505793062000066],[8.821020445000045,49.51393869700007],[8.818658605000053,49.52121740900003],[8.82187400500004,49.524636471000065],[8.809206135000068,49.52568010500005],[8.79812871100006,49.51851],[8.796617691000051,49.51534452300007],[8.79859060800004,49.511688752000055],[8.776780529000064,49.517871960000036],[8.76420362400006,49.515198034000036],[8.74870874800007,49.52242754900004],[8.740428517000055,49.52318969400005],[8.737227042000029,49.51928837500003],[8.727711250000027,49.51833855000007],[8.72489476000004,49.52263710400007],[8.735513149000042,49.521315464000054],[8.735949885000025,49.524845990000074],[8.724609343000054,49.525894436000044],[8.72122815800003,49.52914294800007],[8.722620579000022,49.531108576000065],[8.718692564000037,49.53300840400004],[8.712339598000028,49.53171121100007],[8.707008771000062,49.53635103100004],[8.702650222000045,49.53532790000003],[8.705794411000056,49.547965530000056],[8.703883107000024,49.550028404000045],[8.698615480000058,49.54900408000003],[8.690770782000072,49.55564319500007],[8.693103992000033,49.56072812000008],[8.68430683500003,49.57022247200007],[8.68466982700005,49.575562095000066],[8.680989341000043,49.57554792900004],[8.683840160000045,49.577366545000075],[8.683476958000028,49.58975209300007],[8.69633437300007,49.59209975300007],[8.69799751100004,49.59975733500005],[8.692178543000068,49.60346769800003],[8.691519448000065,49.60694291200008],[8.682127798000067,49.60347193000007],[8.672139781000055,49.61119410500004],[8.677340981000043,49.613527772000054],[8.677790712000046,49.608999518000076],[8.686368561000052,49.60848043500005],[8.686894233000032,49.61320717800004],[8.68437583800005,49.610052461000066],[8.678879168000037,49.613867507000066],[8.683176143000026,49.61632132500006],[8.688392836000048,49.61462317300004],[8.68692863900003,49.616345522000074],[8.693836950000048,49.61935368200005],[8.692313575000071,49.62373885900007],[8.686617351000052,49.622720825000044],[8.677933668000037,49.62594697600008],[8.653979511000045,49.61839033200005],[8.650423502000024,49.62088414900006],[8.593888979000042,49.61094664800004],[8.595297406000043,49.60547431900005],[8.589315310000075,49.60451524900003],[8.590976799000032,49.59594293200007],[8.594074036000052,49.59277130300006],[8.603231735000065,49.593294238000055],[8.610684175000074,49.564370721000046],[8.621299696000051,49.54500989100006],[8.610899175000043,49.53871712900008],[8.606927971000061,49.53353920700005],[8.608047673000044,49.52830397200006],[8.597912602000065,49.531461955000054],[8.591295096000067,49.521280395000076],[8.584331526000028,49.522233362000065],[8.581374874000062,49.51978041800004],[8.57305537600007,49.52149343600007],[8.560001947000046,49.51746243000008],[8.552579373000071,49.52052035000003],[8.550867849000042,49.52449410000003],[8.532395957000062,49.536360073000026],[8.526260279000041,49.54799710200007],[8.495032435000041,49.572996672000045],[8.479900128000054,49.57446416700003],[8.479947343000049,49.57858680100003],[8.474351715000068,49.580970559000036],[8.475795984000058,49.58445226300006],[8.46428465300005,49.58952836800006],[8.446002313000065,49.59037671200008],[8.440464790000021,49.589412018000075],[8.438266105000025,49.58390012500007],[8.422439263000058,49.583385415000066],[8.423488769000073,49.57611490200003],[8.41506651100002,49.56327923900005],[8.41472533700005,49.553896792000046],[8.423910170000056,49.54060089500007],[8.442963907000035,49.492695592000075],[8.463795388000051,49.47040266000005],[8.460875914000042,49.465022342000054],[8.444322354000064,49.45918726000008],[8.441570553000076,49.45479039300005],[8.442690860000027,49.45023919100004],[8.455527662000065,49.44376037200004],[8.498879478000049,49.44265448600004],[8.505686050000065,49.439076887000056],[8.508242487000075,49.43449342100007],[8.497315944000036,49.411346937000076],[8.496188845000063,49.40213636000004],[8.463528358000076,49.38442891700004],[8.464517077000039,49.376392689000056],[8.473231192000071,49.37336427300005],[8.493779263000022,49.387203690000035],[8.500397519000046,49.38901364900005],[8.500916692000033,49.376360985000076],[8.496811192000052,49.36418049700006],[8.483291437000048,49.34859153200006],[8.455523799000048,49.332090347000076],[8.450484521000021,49.32314148200004],[8.455803728000035,49.31420976000004],[8.483849839000072,49.30494811700004],[8.487739758000032,49.300455492000026],[8.489068840000073,49.29312437200008],[8.482255381000073,49.286544262000064],[8.458194880000065,49.27910869300007],[8.43980328300006,49.26234679800007],[8.400686476000033,49.24415939100004],[8.390815976000056,49.23609487400006],[8.384803778000048,49.21962764400007],[8.398535109000022,49.22575275500003],[8.403212177000057,49.22465594000005],[8.405251528000065,49.220560782000064],[8.398497917000043,49.20771875600008],[8.385015524000039,49.19830067300006],[8.381210559000067,49.18568633700005],[8.368431128000054,49.168052405000026],[8.367625062000059,49.164248677000046],[8.372708393000039,49.15198129200007],[8.358091294000076,49.09778419500003],[8.345907401000034,49.08461977200005],[8.320537716000047,49.064959800000054],[8.311686690000045,49.05430717400003],[8.304136846000063,49.04065170700005],[8.297374095000066,49.01350525000004],[8.28759666700006,48.99842746200005],[8.27734896100003,48.98993894000006],[8.232632820000049,48.966571447000035],[8.196392617000072,48.95650110400004],[8.179195118000052,48.93458874700008],[8.146550012000034,48.90229093900007],[8.130365230000052,48.88051850900007],[8.110760265000067,48.84206491500004],[8.103828136000061,48.820122499000036],[8.087040460000026,48.80203358300008],[8.064705748000051,48.78973185800004],[8.041557622000028,48.79075297800006],[8.030278977000023,48.78737295900004],[8.025803006000046,48.782161305000045],[8.02355158000006,48.769702693000056],[8.01433337100002,48.761019618000034],[8.001481324000054,48.758845948000044],[7.98256748600005,48.76110479400006],[7.972005719000038,48.758122435000075],[7.967155081000044,48.74672699400003],[7.966980991000071,48.72628040200004],[7.963298357000042,48.72152631700004],[7.889976099000023,48.66259830600006],[7.848096345000044,48.646910941000044],[7.839740455000026,48.64127586300003],[7.83032305200004,48.61986760600007],[7.804823882000051,48.59257971900007],[7.800291523000055,48.584038064000026],[7.805358050000052,48.56107233300003],[7.803440489000025,48.53687026000006],[7.806760612000062,48.52016955800008],[7.803943709000066,48.51121629600004],[7.795090489000074,48.50182983800005],[7.768200958000023,48.48966253200007],[7.76503754600003,48.456610461000025],[7.733153240000036,48.397203508000075],[7.731872087000056,48.37637845000006],[7.745173818000069,48.33510868700006],[7.744638259000055,48.32781093500006],[7.737080374000072,48.319610099000045],[7.706216053000048,48.31021421100007],[7.693568868000057,48.301723063000054],[7.689199506000023,48.29253026600003],[7.689239766000071,48.280793628000026],[7.665698789000032,48.22047802700007],[7.644118373000026,48.20727033600008],[7.629518983000025,48.183705693000036],[7.600603270000022,48.15771711200006],[7.598775830000022,48.13557685300003],[7.582279310000047,48.126063772000066],[7.576981640000042,48.119056389000036],[7.579012269000032,48.099786247000054],[7.569174474000022,48.08004692000003],[7.573904759000072,48.054856087000076],[7.568529047000027,48.03518422900004],[7.610186775000045,47.99868628400003],[7.618514332000075,47.98579650800008],[7.621952270000065,47.97280642800007],[7.609557865000056,47.95422999600004],[7.58246979300003,47.92986340300007],[7.580551626000045,47.924150084000075],[7.582792905000076,47.90136987300008],[7.579778034000071,47.89489215900005],[7.562450498000032,47.88491758500004],[7.556309759000044,47.877526903000046],[7.555598572000065,47.86879732300008],[7.562855886000023,47.85379968700005],[7.562921404000065,47.842692371000055],[7.549950208000041,47.82332305400007],[7.529846167000073,47.78125824700004],[7.530711395000026,47.77177237400008],[7.54810770000006,47.73947457100007],[7.547602745000063,47.72981945300006],[7.539905815000054,47.71836374500003],[7.514538592000065,47.70265605000003],[7.511871830000075,47.69603752200004],[7.518879840000068,47.68469662900003],[7.521079276000023,47.663847891000046],[7.537903380000046,47.64918050700004],[7.567361073000029,47.631740895000064],[7.574298270000043,47.61583051700006],[7.591445950000036,47.60416858500008],[7.592238602000066,47.59561983300006],[7.589193490000071,47.58972908700008],[7.604925079000054,47.58482593300005],[7.604484107000076,47.577791105000074],[7.619266007000022,47.57687839000005],[7.643163598000058,47.59130563700006],[7.641906002000042,47.594176548000064],[7.645777276000047,47.596949573000074],[7.675024597000061,47.59204056600004],[7.682944029000055,47.59856598400006],[7.693596586000069,47.60053085800007],[7.671741323000049,47.58735945900003],[7.67200426900007,47.58507331200008],[7.680698626000037,47.58269161100003],[7.683730672000024,47.573976077000054],[7.689521708000029,47.57148480500007],[7.685943343000076,47.56563496500007],[7.683414608000021,47.57125720600004],[7.678302728000062,47.56903087000006],[7.675127873000065,47.56551048800003],[7.676258376000021,47.563553324000054],[7.664238190000049,47.56538128900007],[7.648129296000036,47.55989161100007],[7.636398799000062,47.56411852900004],[7.634097006000047,47.56111372200007],[7.649228549000043,47.54815855600003],[7.661444704000075,47.54468164700006],[7.668920256000035,47.53556992800003],[7.680172017000075,47.532665423000026],[7.698179581000034,47.533274591000065],[7.719118688000037,47.54177811400007],[7.75105230500003,47.54450428500007],[7.757714135000072,47.54832691100006],[7.795547008000028,47.55744060600006],[7.810575573000051,47.56886177900003],[7.816218777000074,47.58310395700005],[7.823085303000028,47.58801232800005],[7.841669815000046,47.58215965000005],[7.869603236000046,47.58876948200003],[7.891352032000043,47.58763814800005],[7.903832258000023,47.58013106000004],[7.910857698000029,47.57096123800005],[7.907312173000037,47.559300145000066],[7.911458508000067,47.55130036300005],[7.917130603000032,47.547767246000035],[7.943210745000044,47.54381882300004],[7.948289343000056,47.54508012900004],[7.952489034000052,47.554455947000065],[7.959083402000033,47.55826426500005],[7.975930672000061,47.555345973000044],[8.00147621800005,47.556336446000046],[8.021771233000038,47.55051451000003],[8.043722107000065,47.55454651200006],[8.059276301000068,47.56341999700004],[8.068331636000039,47.564576104000025],[8.08133633500006,47.558144696000056],[8.08966199400004,47.557758953000075],[8.100208142000042,47.56378687500006],[8.10313572800004,47.57636274400005],[8.109483932000046,47.58225942900003],[8.135240355000064,47.58356526800003],[8.138293694000026,47.59033945600004],[8.148602055000026,47.59541546100007],[8.164908045000061,47.59414009500006],[8.174134211000023,47.60167365500007],[8.184496736000028,47.60480637100005],[8.194330662000027,47.61663267900008],[8.20405441400004,47.62089168000006],[8.219267526000067,47.61781520400007],[8.22664728500007,47.60506823400004],[8.238540295000064,47.612680441000066],[8.256241293000073,47.61515942400007],[8.26018141000003,47.61484107500007],[8.265023205000034,47.60948905300006],[8.287721870000041,47.61063841200007],[8.297481039000047,47.60567043300006],[8.295261741000047,47.594807969000044],[8.297921047000045,47.58906788400003],[8.33082752200005,47.57072133400004],[8.358603041000038,47.57013084100004],[8.382969504000073,47.565812341000026],[8.397356047000073,47.577195336000045],[8.433687448000057,47.56664774400008],[8.465579123000055,47.57252957900005],[8.476875978000066,47.57784913100005],[8.48654923600003,47.57748659200007],[8.494547109000052,47.58120113600006],[8.488717275000056,47.58780214500007],[8.466937684000072,47.58420264600005],[8.464787908000062,47.58803662400004],[8.460420286000044,47.58848236600005],[8.461213806000046,47.59257197200003],[8.45702046200006,47.597284365000064],[8.456599807000032,47.60234628500007],[8.468544937000047,47.603865307000035],[8.470437785000058,47.608582814000044],[8.474988921000033,47.607697346000066],[8.477784858000064,47.61061053900005],[8.479112077000025,47.61515410900006],[8.493683367000074,47.61447115200008],[8.508251649000044,47.61750737600005],[8.507280105000063,47.62382712500005],[8.515119799000047,47.62343278000003],[8.512767800000063,47.625506561000066],[8.517746404000036,47.63431415200006],[8.53888670400005,47.63092771200007],[8.538523263000059,47.62631905600006],[8.55800398100007,47.62431416100003],[8.562800650000042,47.61676778800006],[8.569298052000022,47.61723616100005],[8.570940800000074,47.61252063000006],[8.574447501000066,47.61188120500003],[8.566392536000023,47.60987401400007],[8.562786833000075,47.59960655000003],[8.57554274000006,47.59488140000008],[8.582542233000026,47.59610411300008],[8.584218646000068,47.59965799200006],[8.590232752000077,47.60119521400003],[8.592694158000029,47.60615892700008],[8.595601865000049,47.60554474800006],[8.604797156000075,47.61326084400008],[8.597352044000047,47.629141394000044],[8.595741548000035,47.64313286500004],[8.607704901000034,47.652446085000065],[8.612976004000075,47.64916561600006],[8.61388719200005,47.64406018100004],[8.602981636000038,47.639246795000076],[8.606826693000073,47.637024936000046],[8.61559400300007,47.637704058000054],[8.623690888000056,47.64127923600006],[8.628803807000054,47.64965372700004],[8.624125538000044,47.65623395700004],[8.608578458000068,47.66376728300003],[8.606623298000045,47.67212011100003],[8.59803946900007,47.672806439000055],[8.593848901000058,47.66725151900005],[8.577761542000076,47.661565997000025],[8.564810135000073,47.665283001000034],[8.563691018000043,47.67005558200003],[8.539952147000065,47.66508942300004],[8.541358285000058,47.657111385000064],[8.53374784600004,47.659914910000055],[8.533353656000031,47.66319424400007],[8.527009314000054,47.66039521600004],[8.53394337900005,47.65002895300006],[8.531526839000037,47.64578864100008],[8.493357569000068,47.64697998200006],[8.494257214000072,47.64213270600004],[8.492376272000058,47.64208611400005],[8.487325548000058,47.645087672000045],[8.482705778000025,47.64420204700008],[8.480479467000066,47.64923072700003],[8.473737108000023,47.649824505000026],[8.472909042000026,47.64794827500003],[8.477665667000053,47.64466640200004],[8.471116001000041,47.64234144300008],[8.477827754000032,47.63970092100004],[8.473494938000044,47.63830648600003],[8.466137393000054,47.64276086000007],[8.463758169000073,47.64855945200003],[8.467162162000022,47.65607535400005],[8.465430086000026,47.65713051800003],[8.457372110000051,47.652701440000044],[8.453630161000035,47.654840955000054],[8.445064030000026,47.65378141700006],[8.423684059000038,47.66681500400006],[8.412354839000045,47.66627462400004],[8.405559328000038,47.674515546000066],[8.408567831000028,47.67869470200003],[8.416240387000073,47.67966245800005],[8.42064154700006,47.683855453000035],[8.412109921000024,47.69425528900007],[8.404425785000058,47.69806325900004],[8.416828300000077,47.710006226000075],[8.425853258000075,47.71115761200008],[8.436732247000066,47.718233385000076],[8.441551592000053,47.71766829000006],[8.440225987000076,47.719755890000044],[8.445235640000021,47.72296105200007],[8.454988426000057,47.72225871000006],[8.456937837000055,47.729968617000054],[8.452841294000052,47.73043112900007],[8.44982623900006,47.738632031000066],[8.455824279000069,47.742824090000056],[8.456640672000049,47.749147992000076],[8.466603142000054,47.75374663000008],[8.473712822000039,47.76451491500006],[8.489027460000045,47.773268666000035],[8.495972965000021,47.77069945300008],[8.510217720000071,47.77616274400003],[8.520132131000025,47.77049348600008],[8.526482337000061,47.77813336500003],[8.55264879400005,47.78462711000003],[8.563213586000074,47.78058875800008],[8.562531233000072,47.777853753000045],[8.577304001000073,47.78170626100007],[8.57499887800003,47.78962458500007],[8.561915749000036,47.79274682800008],[8.56351187200005,47.805318157000045],[8.567852077000055,47.80848124900007],[8.573013867000043,47.80598982500004],[8.575192668000057,47.79971714900006],[8.587642913000025,47.80268057600006],[8.592737555000042,47.79873794100007],[8.600819882000053,47.802934511000046],[8.618583503000025,47.798334358000034],[8.617793938000034,47.79593838000005],[8.622044999000025,47.794663135000064],[8.620401001000062,47.78876436000007],[8.615636929000061,47.787054983000075],[8.614908187000026,47.78377004600003],[8.618783686000029,47.77812212300006],[8.623331807000056,47.77729662000007],[8.619414418000076,47.76767536700004],[8.627679192000073,47.75925902500006],[8.631608950000043,47.75818055500008],[8.642348932000061,47.76526182200007],[8.644536924000022,47.76430009300003],[8.647522270000024,47.76701481100008],[8.645295683000029,47.768534903000045],[8.652971559000036,47.77343379700005],[8.648095511000065,47.77408845300005],[8.649934769000026,47.781286256000044],[8.645520056000066,47.79019216100005],[8.649398829000063,47.79849279700005],[8.656975077000027,47.80034710500007],[8.660259758000052,47.79626218200008],[8.657496098000024,47.79179130400007],[8.676127778000023,47.78570087300005],[8.68089419200004,47.78667045200007],[8.682776895000075,47.777163734000055],[8.688253339000028,47.77364999300005],[8.683482987000048,47.770634949000055],[8.689439157000038,47.75786296700005],[8.695090664000077,47.75570901700007],[8.706848669000067,47.76364498200007],[8.71415973400002,47.765358552000066],[8.727146060000052,47.76227747200005],[8.730641923000064,47.75970606200008],[8.729100749000054,47.757920985000055],[8.740109216000064,47.75278969800007],[8.741420436000055,47.74820233500003],[8.723407380000026,47.74553179700007],[8.714343626000073,47.73869787400008],[8.711256621000075,47.73007147200008],[8.717919266000024,47.72162240200004],[8.73629401200003,47.716150939000045],[8.731919086000062,47.711459638000065],[8.726361024000028,47.69667224500006],[8.727981485000043,47.692680574000065],[8.757305993000045,47.68942349300005],[8.773686114000043,47.68122604200005],[8.795947417000036,47.67530207100003],[8.793324006000034,47.67991772800008],[8.798032256000056,47.68972615600006],[8.810078414000031,47.69332049700006],[8.806324198000027,47.69649661100004],[8.797723906000044,47.69714734000007],[8.797650156000032,47.70286830100008],[8.792066035000062,47.704909447000034],[8.769350111000051,47.70687595600003],[8.772800226000072,47.71319422100004],[8.769908575000045,47.71844854300008],[8.77480087300006,47.71914449600007],[8.776315769000064,47.72271220500005],[8.780739064000045,47.72169995100006],[8.785023876000025,47.72715844600003],[8.799121573000036,47.727133208000055],[8.796557226000061,47.73457305000005],[8.806440663000046,47.73826225100004],[8.808458414000029,47.73106642700003],[8.811948569000037,47.73035316600004],[8.804851516000042,47.72449931400007],[8.812775561000024,47.72365909100006],[8.81857289900006,47.71764972900007],[8.826169827000058,47.71791054000005],[8.818828358000076,47.71286262600006],[8.825418600000035,47.71098682300004],[8.833631895000053,47.71457318400007],[8.84326326200005,47.71213965800007],[8.848327246000053,47.703452663000064],[8.872719752000023,47.70416469500003],[8.869676448000064,47.70199841400006],[8.876026582000065,47.69693838400008],[8.874419801000045,47.69436971500005],[8.863208444000065,47.69252512300005],[8.866229584000052,47.69651834500007],[8.86325815300006,47.69849522000004],[8.860690340000076,47.69624484000008],[8.858069545000035,47.69879763100005],[8.851541738000037,47.69752178500005],[8.850773477000075,47.69466815900006],[8.857580074000055,47.692297679000035],[8.85094222600003,47.68562047900008],[8.850583167000025,47.681163027000025],[8.860806314000058,47.68025276600008],[8.873471649000066,47.67022131700003],[8.875350702000048,47.656205913000065],[8.893659068000034,47.65217872200003],[8.92481188100004,47.659752755000056],[8.937897102000022,47.65909649800005],[8.950321212000063,47.66767799200005],[8.970918278000056,47.67202293500003],[8.97430988800005,47.67684321000007],[8.998628892000056,47.68725699700008],[9.006162674000052,47.69611508600008],[8.999153637000063,47.70336209900006],[8.94478366800007,47.72289070900007],[8.939828360000035,47.72806475700003],[8.942195712000057,47.73370752400007],[8.96068828500006,47.73717024600006],[8.968822494000051,47.73395006800007],[8.975345150000066,47.73501228300006],[8.998634117000051,47.725376389000076],[9.00407436200004,47.72594736000008],[9.007718776000047,47.72334007500007],[9.006146987000022,47.72174201300004],[9.014928057000077,47.71997296600006],[9.015315949000069,47.72214444600007],[9.000068770000041,47.73344081700003],[8.986342766000064,47.73658577700007],[8.983323579000057,47.74119988100006],[8.989864116000035,47.743465936000064],[9.02305625300005,47.72837072600004],[9.034902110000075,47.72648129700008],[9.06849700600003,47.71269947700006],[9.09312575000007,47.70644106000003],[9.10626429000007,47.69568956400008],[9.107887617000074,47.69097369200006],[9.104228904000024,47.691334952000034],[9.101503269000034,47.68770894600004],[9.087173274000065,47.688208247000034],[9.060403063000024,47.70340692700006],[9.053199750000033,47.70248457000008],[9.048203131000037,47.707154837000076],[9.04072443900003,47.708340210000074],[9.044606069000054,47.70403288000006],[9.040855132000047,47.70117838900006],[9.043997638000064,47.69799371000005],[9.04260931300007,47.694038352000064],[9.053825721000067,47.68968488100006],[9.081137109000053,47.683303239000054],[9.093076091000057,47.68642062600003],[9.11312577600006,47.685018660000026],[9.125641405000067,47.67429316300007],[9.127830524000046,47.666598650000026],[9.139325821000057,47.66399983100007],[9.148339066000062,47.66761193000008],[9.157709389000047,47.66601126000006],[9.17053465400005,47.65485338600007],[9.175793332000069,47.653937864000056],[9.181678163000072,47.65573491300006],[9.17854996400007,47.65781801600008],[9.17842558600006,47.666992771000025],[9.207264301000066,47.663159936000056],[9.217727909000075,47.666122019000056],[9.21060128800002,47.67554836200003],[9.211895628000036,47.68105509500003],[9.20759930500003,47.68709779200003],[9.188075703000038,47.697568696000076],[9.179606443000068,47.70515093000006],[9.180996548000053,47.712465929000075],[9.17332499500003,47.734411359000035],[9.15886167800005,47.74011257600006],[9.149073588000022,47.748710267000035],[9.136283467000055,47.747112892000075],[9.116753499000026,47.75927973600005],[9.091576476000057,47.766660554000055],[9.06970153800006,47.777638556000056],[9.047745765000059,47.79604506900006],[9.030987173000028,47.80470176700004],[9.034426236000058,47.812029066000036],[9.039283061000049,47.813406566000026],[9.039536531000067,47.81748197500008],[9.062144579000062,47.81472587800005],[9.088413931000048,47.79719001500007],[9.105757372000028,47.79241529300003],[9.125366127000063,47.781823873000064],[9.139307216000077,47.76901931300006],[9.158564257000023,47.76588724700008],[9.179962932000024,47.75832857300003],[9.192410150000057,47.75084757700006],[9.223718851000058,47.74091828300004],[9.228652060000059,47.72676596400004],[9.226307793000046,47.723125451000044],[9.22931744500005,47.723151603000076],[9.227418658000033,47.72188012700008],[9.238599686000043,47.71064955200006],[9.263417251000021,47.69480125600006],[9.275122769000063,47.691401434000056],[9.288606892000075,47.68322986000004],[9.311483989000067,47.673829553000076],[9.324031879000074,47.67215039300004],[9.349721644000056,47.66084038000008],[9.406281832000047,47.668253675000074],[9.421020780000049,47.66592933000004],[9.434193141000037,47.657188931000064],[9.452000179000038,47.65485451700005],[9.462988214000063,47.648417331000076],[9.470672345000025,47.65112344500005],[9.482117037000023,47.64884959300008],[9.48809,47.65138567200006],[9.495284089000052,47.65013127200007],[9.515219135000052,47.63475749300005],[9.518154846000073,47.621429928000055],[9.52745873200007,47.615339790000064],[9.529564547000064,47.60346055000008],[9.550341433000028,47.58767536800008],[9.552965933000053,47.587266930000055],[9.55007057000006,47.58864351600005],[9.553253429000051,47.588212990000045],[9.554411938000044,47.590856047000045],[9.553935754000065,47.58725740500006],[9.557127838000042,47.58555159900004],[9.558093449000069,47.58935136600007],[9.561245313000029,47.58915398000005],[9.559654739000052,47.58482070300005],[9.571966728000064,47.58416570800006],[9.595548618000066,47.588087947000076],[9.602077153000039,47.584337997000034]],[[8.685979754000073,49.618355087000054],[8.67186358400005,49.61587813600005],[8.675112579000029,49.621105028000045],[8.685867891000044,49.62166492700004],[8.685979754000073,49.618355087000054]]]]}},{"type":"Feature","id":null,"properties":{"shapeName":"Bayern","shapeISO":"DE-BY","shapeID":"10402087B60477050509260","shapeGroup":"DEU","shapeType":"ADM1","_puzzle_simplification_tolerance":0.0017192,"name_en":"Bayern","name_zh":"Bayern一级行政区"},"geometry":{"type":"Polygon","coordinates":[[[9.602077153000039,47.584337997000034],[9.609486635000053,47.57152486500007],[9.618224231000056,47.568504947000065],[9.628007474000071,47.570911281000065],[9.630611500000043,47.56930568700005],[9.628870214000074,47.566380286000026],[9.638605938000069,47.56693417300005],[9.651554765000071,47.55737624400007],[9.679507134000062,47.55680023800005],[9.682804388000022,47.55244003300004],[9.675623646000076,47.54522412600005],[9.680775633000053,47.54226491600008],[9.686703211000065,47.54362026600006],[9.691923699000029,47.54994732900008],[9.71221741100004,47.55077934500008],[9.721054551000066,47.54584704700005],[9.731433658000071,47.534471016000055],[9.72984380400004,47.53372620400006],[9.736566459000073,47.53490663800005],[9.735247327000025,47.546737035000035],[9.741529809000042,47.55476937700007],[9.747037145000036,47.55566358600004],[9.743408389000024,47.55871958100005],[9.752037363000056,47.567880366000054],[9.748035109000057,47.57050603000005],[9.756265534000022,47.572673906000034],[9.756455324000058,47.57972215600006],[9.761541958000066,47.58075540100003],[9.763062123000054,47.58630060200005],[9.766068563000033,47.58546503600007],[9.76547028400006,47.58885611200003],[9.769367810000062,47.58765557500004],[9.777769965000061,47.59534039000005],[9.790662544000043,47.59355970300004],[9.802437589000021,47.59587131700005],[9.814093055000058,47.58808391500003],[9.823746519000053,47.587183898000035],[9.827337444000023,47.578889641000046],[9.825440061000052,47.572998787000074],[9.820767851000028,47.57069937700004],[9.825894217000041,47.55980219500003],[9.81698526100007,47.55323489600005],[9.815676109000037,47.547609151000074],[9.849237734000042,47.54196701500007],[9.858369161000041,47.53392995400003],[9.87397800900004,47.52871985400003],[9.873944077000033,47.53367944800004],[9.878035920000059,47.53931649800006],[9.875103144000036,47.54337129600003],[9.880978140000025,47.54805756600007],[9.88924310300007,47.54413408600004],[9.89731766500006,47.544960692000075],[9.90667324900005,47.54217121700003],[9.913475553000069,47.532647815000075],[9.921551236000028,47.52967182200007],[9.93354019900005,47.53259976800007],[9.94109452300006,47.53822575000004],[9.963684783000076,47.53471755500004],[9.959629019000033,47.53815433600005],[9.958897661000037,47.54298668100006],[9.970898558000044,47.54568043800003],[9.964900278000073,47.53785383400003],[9.965441379000026,47.529963646000056],[9.968301971000074,47.52833731900006],[9.965203633000044,47.52116206800008],[9.995696954000039,47.502930054000046],[9.987653590000036,47.49856159700005],[9.995348118000038,47.48631524800004],[10.001804212000025,47.48192166800004],[10.010735495000063,47.48194124100007],[10.036189949000061,47.48883363300007],[10.044684744000051,47.487611740000034],[10.054146100000025,47.47594970700004],[10.051519037000048,47.47054216500004],[10.053568642000073,47.466579386000035],[10.06467064100002,47.46364175100007],[10.070354467000072,47.45600041500006],[10.080315794000057,47.45540818300003],[10.088234966000073,47.46021256900008],[10.091470374000039,47.45907616000005],[10.094851523000045,47.450006098000074],[10.093891791000033,47.44034410300003],[10.10542274100004,47.42874014800003],[10.096252763000052,47.42236610300006],[10.095700685000054,47.417815346000054],[10.073998220000021,47.41461180700003],[10.06915766800006,47.40984973700006],[10.086257428000067,47.39930988500004],[10.082890220000024,47.39373416400008],[10.099780481000039,47.354736004000074],[10.119265687000052,47.37570261700006],[10.141673252000032,47.36715928400008],[10.165863958000045,47.36879474400007],[10.169482359000028,47.37134625900006],[10.16919321000006,47.38579391600007],[10.176459731000023,47.38519698600004],[10.182705426000041,47.38811971200005],[10.181712556000036,47.39228284100005],[10.194839881000064,47.38930010100006],[10.19928442400004,47.383607733000076],[10.212637083000061,47.380411293000066],[10.226981860000024,47.38884788800004],[10.236196380000024,47.38186077000006],[10.23156106500005,47.378635676000044],[10.237011102000054,47.37345640600006],[10.22452789600004,47.35887169700004],[10.216739414000074,47.35400955500006],[10.217608191000068,47.350418217000026],[10.204207868000026,47.33673392900005],[10.207442530000037,47.33242413000005],[10.199483049000037,47.32659900500005],[10.211114672000065,47.31894093100004],[10.215876173000026,47.310958404000075],[10.212371204000021,47.31124376400004],[10.210355225000058,47.30637127600005],[10.199089891000028,47.297527983000066],[10.18953902000004,47.293880760000036],[10.17872638800003,47.29572663700003],[10.174652040000069,47.28874353900005],[10.175803991000066,47.282117493000044],[10.172036400000025,47.279041223000036],[10.175165957000047,47.27577075200003],[10.172470155000042,47.274134538000055],[10.173979531000043,47.270265007000035],[10.19498548000007,47.273117521000074],[10.201252905000047,47.276871725000035],[10.222226481000064,47.27581498100005],[10.232299538000063,47.270477596000035],[10.23807219300005,47.27199189400005],[10.245615310000062,47.28045837900004],[10.25992164400003,47.28160951000007],[10.266202019000048,47.285099708000075],[10.265972739000063,47.28790183600006],[10.281478671000059,47.28754811700003],[10.292289350000033,47.29436063700007],[10.29580528100007,47.29992788900006],[10.301634060000026,47.29861822200007],[10.315029929000048,47.30652464600007],[10.33003062900002,47.30471226600008],[10.339362516000051,47.310448834000056],[10.340579157000036,47.31412477900005],[10.348779406000062,47.31740104800008],[10.345760342000062,47.321651305000046],[10.356320352000068,47.333100830000035],[10.356833691000077,47.33697581000007],[10.38629269200004,47.356224947000044],[10.388683293000042,47.369109998000056],[10.39486183400004,47.375728681000055],[10.410937126000022,47.377787288000036],[10.419604563000064,47.38462786400004],[10.43096547500005,47.38379775300007],[10.436472140000035,47.38064780500008],[10.429103380000072,47.391010590000064],[10.434158374000049,47.40002466200008],[10.431243635000044,47.40273601200005],[10.437550549000036,47.40674669900005],[10.436173530000076,47.41098241800006],[10.456182528000056,47.419251203000044],[10.459103804000051,47.42816611600006],[10.475930146000053,47.432149510000045],[10.473116233000042,47.44299452700005],[10.465719267000054,47.45353110100007],[10.468073736000065,47.45872482000004],[10.465591335000056,47.46424487300004],[10.470200814000066,47.46835680000004],[10.466805502000057,47.47334224000008],[10.468022327000028,47.47691847100003],[10.46322069300004,47.48277492400007],[10.451310954000064,47.485685095000065],[10.442767954000033,47.48461690000005],[10.431323512000063,47.50367761800004],[10.440550845000075,47.51356943600007],[10.442105252000033,47.51883967200007],[10.438876535000077,47.52349211200004],[10.454459536000059,47.555738344000076],[10.47267307900006,47.55088345000007],[10.488858469000036,47.540354284000045],[10.524479008000071,47.535187095000026],[10.559083648000069,47.537150498000074],[10.569414659000074,47.533577308000076],[10.573367983000026,47.533917091000035],[10.582003030000067,47.54827717900008],[10.580289444000073,47.55555510500005],[10.589761451000072,47.559719949000055],[10.597954197000035,47.56971524000005],[10.607918591000043,47.56571340700003],[10.619047121000051,47.566863355000066],[10.626110226000037,47.56097139600007],[10.635409164000066,47.55898803600007],[10.676612266000063,47.55904566800007],[10.680448815000034,47.55547220700004],[10.691187265000053,47.55844114100006],[10.692343889000028,47.55606279300008],[10.69026903300005,47.55496126000003],[10.694834381000021,47.544638132000046],[10.708916161000047,47.54370970900004],[10.718336407000038,47.53812823000004],[10.738584926000044,47.53873741900003],[10.757582351000053,47.53472579800007],[10.764018432000057,47.52821089500003],[10.763801096000066,47.51973853000004],[10.777572470000052,47.51393853900004],[10.795397921000074,47.521190861000036],[10.812463250000064,47.51987122500003],[10.811104388000047,47.52424935700003],[10.813118553000038,47.52641880200008],[10.831014235000055,47.52837453800004],[10.838505742000052,47.525451116000056],[10.853523710000047,47.53462549200003],[10.890209020000043,47.53720220100007],[10.900917870000058,47.52099666000004],[10.90567615200007,47.51747338900003],[10.915601435000042,47.51929939000007],[10.918396879000056,47.51733888700005],[10.91791481100006,47.51362991500008],[10.890821768000023,47.507509764000076],[10.870477884000024,47.49936919100003],[10.870048944000075,47.48322013400008],[10.88133242300006,47.47925470300004],[10.91011293500003,47.48552022900003],[10.937054525000065,47.48146645800006],[10.938311159000023,47.479810031000056],[10.928072665000059,47.47192523700005],[10.958191875000068,47.451588892000075],[10.983600034000062,47.43001455700005],[10.984836160000043,47.42097075600003],[10.972254471000042,47.417549404000056],[10.968640360000052,47.411860088000026],[10.971003286000041,47.40839989400007],[10.970328786000039,47.40002058400006],[11.005836953000028,47.39411967700005],[11.024098452000032,47.39695267800005],[11.031417128000044,47.393386236000026],[11.037378272000069,47.39653720900003],[11.048272645000054,47.393884694000064],[11.061485908000066,47.396558637000055],[11.115455044000043,47.39559307500008],[11.124299992000033,47.40012287300004],[11.122752098000035,47.40651064700006],[11.129196926000077,47.41279839600003],[11.141063001000077,47.41436398400003],[11.155804456000055,47.42113987300007],[11.198162189000072,47.42748782700005],[11.206910414000049,47.43380120900008],[11.220534145000045,47.43041478100008],[11.248886575000029,47.432566019000035],[11.253410755000061,47.42824380500008],[11.240312752000023,47.41956524300008],[11.239729474000058,47.41565878200004],[11.223800624000035,47.40136229500007],[11.222352984000054,47.39729915000004],[11.225001752000026,47.39527278300005],[11.23686658500003,47.39808991800004],[11.272891854000022,47.39785257200003],[11.290032492000023,47.40737823100005],[11.29322625900005,47.41930440100003],[11.290253222000047,47.422156296000026],[11.291059795000024,47.42717287800008],[11.299788234000061,47.43081725700006],[11.317453476000026,47.43235896200008],[11.321246659000053,47.43756827200008],[11.330938888000048,47.43907572300003],[11.330917790000058,47.44418621500006],[11.338124368000024,47.44971730900005],[11.357511901000066,47.448752150000075],[11.364434108000069,47.44471820700005],[11.371030663000056,47.44542773200004],[11.375509770000065,47.44910482000006],[11.421453927000073,47.44471427000008],[11.411704926000027,47.45618331000003],[11.409372653000048,47.466738932000055],[11.391354971000055,47.46655714800005],[11.383809621000069,47.47220770000007],[11.391040717000067,47.48230562600003],[11.395385095000051,47.48240631600004],[11.407671844000049,47.49087976800007],[11.416676256000073,47.50217817300006],[11.437108055000067,47.51585355800006],[11.441730600000028,47.51761800200006],[11.449547640000048,47.50713536000006],[11.487557752000043,47.50901607600008],[11.505598889000055,47.50473145400008],[11.518341837000037,47.51095191100006],[11.535024219000036,47.50908249300005],[11.551772337000045,47.51336664100006],[11.572452231000057,47.514509771000064],[11.57733451200005,47.520224529000075],[11.587980725000023,47.52539813800007],[11.585779936000051,47.54556157300004],[11.58949242500006,47.55144262300007],[11.58715741900005,47.55517294100008],[11.600436025000022,47.56752336800008],[11.605554468000037,47.58080868400003],[11.612497836000045,47.57984349900005],[11.62213160500005,47.58425094800003],[11.633911714000021,47.58083171700008],[11.631167318000053,47.58671219100006],[11.632610989000057,47.59210745400003],[11.63713910000007,47.594259039000065],[11.642101121000053,47.592982489000065],[11.643351497000026,47.589272003000076],[11.649245395000037,47.59032736200004],[11.660253357000045,47.58378455700006],[11.68128704000003,47.58380760500006],[11.70013983900003,47.58894493400004],[11.74503171400005,47.587722013000075],[11.781035494000037,47.591185332000066],[11.789977304000047,47.58769144100006],[11.817000816000075,47.58437909100007],[11.827411995000034,47.58548956300007],[11.829395331000057,47.582112625000036],[11.843867748000036,47.58121483800005],[11.847336871000039,47.582286260000046],[11.854913363000037,47.60233756400004],[11.864295076000076,47.60101650900003],[11.895403874000067,47.609051054000076],[11.902747804000057,47.608371584000054],[11.913665544000025,47.61379568000007],[11.93313159400003,47.61277884200007],[11.96820247100004,47.61713718900006],[11.97619776700003,47.61296071400005],[11.980852809000055,47.61879011000008],[12.008548722000057,47.62514902200007],[12.022278158000063,47.611135801000046],[12.02953652900004,47.61161812300003],[12.037147928000024,47.617585621000046],[12.051225651000038,47.614866609000046],[12.064237610000077,47.61873700400008],[12.082350946000076,47.60973439600008],[12.11520488800005,47.61143135400005],[12.129001161000076,47.60563307800004],[12.139767793000033,47.605303452000044],[12.16356740200007,47.61347772100004],[12.179044991000069,47.61436863200004],[12.181402888000036,47.610373733000074],[12.178144002000067,47.60086665400007],[12.185707726000032,47.60469597700006],[12.20388194700007,47.60680973600006],[12.208133503000056,47.61387732800006],[12.19879338000004,47.64144134800006],[12.184676511000077,47.660189055000046],[12.18179202500005,47.66856687400008],[12.168826780000074,47.68003915000003],[12.162598451000065,47.70112977800005],[12.18393085100007,47.70037055800003],[12.196375700000033,47.708456252000076],[12.203651084000057,47.70740327000004],[12.205959589000031,47.710494607000044],[12.226644590000035,47.71829077500007],[12.24959923700004,47.74143112000007],[12.25697228100006,47.743007171000045],[12.26488637600005,47.732483063000075],[12.250643636000063,47.71263730600003],[12.24686265500003,47.710842901000035],[12.241167476000044,47.69410412500008],[12.25518949700006,47.67929499300004],[12.263200870000048,47.67820151900003],[12.285096010000075,47.69018376900004],[12.338045374000046,47.697087347000036],[12.335197931000039,47.69282059300008],[12.338549191000027,47.690546392000044],[12.351542315000074,47.692095867000035],[12.363702107000051,47.683799570000076],[12.401358120000054,47.692244809000044],[12.429222159000062,47.69622028900005],[12.440126465000048,47.69517254800007],[12.443002764000028,47.691777184000046],[12.43936904800006,47.67980621800007],[12.440728358000058,47.673857130000044],[12.444584461000034,47.67385965700004],[12.445436126000061,47.670698181000034],[12.452843822000034,47.66779724400004],[12.453584492000061,47.66362191700006],[12.465139758000078,47.649624362000054],[12.49113348000003,47.63699828400007],[12.499216430000047,47.625017005000075],[12.512033571000075,47.62532322200008],[12.536344090000057,47.636475215000075],[12.575034111000036,47.63231955900005],[12.596855282000035,47.666295321000064],[12.607415246000073,47.67371332500005],[12.61680108400003,47.67246276100008],[12.630080225000029,47.67608732600007],[12.63875330600007,47.67100459200003],[12.64538622300006,47.67358415100006],[12.648616195000045,47.67032728100003],[12.666105064000021,47.68077937600003],[12.69590828500003,47.68220500900003],[12.715199485000028,47.67626937600005],[12.732918020000056,47.67946346000008],[12.74575605800004,47.67516742000004],[12.757193878000066,47.66301170400004],[12.763437084000032,47.66701593400006],[12.772528194000074,47.66585875800007],[12.781115045000035,47.67414135900003],[12.783927489000064,47.67161897900007],[12.778405650000025,47.66083316600003],[12.76762909100006,47.65538511400007],[12.760473873000024,47.654946119000044],[12.759012632000065,47.65090388900006],[12.780705599000044,47.632776437000075],[12.789471817000049,47.63338336900006],[12.82461371100004,47.61210408300008],[12.822798659000057,47.609679579000044],[12.813298926000073,47.61197830700007],[12.807302911000022,47.610227458000054],[12.793545864000066,47.60098880600003],[12.791208392000044,47.598076165000066],[12.795318872000053,47.593254287000036],[12.779230115000075,47.57933187000003],[12.784311395000032,47.56884870300007],[12.79226833100006,47.56513568200006],[12.79447934500007,47.55662972600004],[12.803848238000057,47.549886902000026],[12.817694742000072,47.54490706400003],[12.84756623900006,47.54603476300008],[12.851984968000068,47.530560716000025],[12.85769904700004,47.52681310500003],[12.863459944000056,47.527960300000075],[12.867514182000036,47.523849391000056],[12.880401723000034,47.52192234100005],[12.885112696000022,47.51859159900005],[12.884407993000025,47.51269691700003],[12.90872405400006,47.49698922300007],[12.969434352000064,47.47418338400007],[12.972730779000074,47.47408127600005],[12.973261684000022,47.483175731000074],[12.977907428000037,47.484625977000064],[12.989320496000062,47.47758517200003],[12.994603891000054,47.47850167000007],[12.993404834000046,47.471667757000034],[13.00108399100003,47.46388374800006],[13.00624606100007,47.463989250000054],[13.022049383000024,47.47765855700004],[13.026176948000057,47.48620866400006],[13.041903451000053,47.48873116400006],[13.04750486100005,47.492083027000035],[13.046740721000049,47.51501701800004],[13.043436928000062,47.516326192000065],[13.043349512000077,47.519864565000034],[13.047331500000041,47.52137729300006],[13.031031507000023,47.53308656100006],[13.04487326900005,47.55040224800007],[13.055666647000066,47.55732324300004],[13.057295140000065,47.56210938700008],[13.050856404000058,47.56349607800007],[13.042720142000064,47.57375649900007],[13.041601311000022,47.576821564000056],[13.045102628000052,47.57929296700007],[13.043574404000026,47.58344655900004],[13.069425153000054,47.58610192000003],[13.071881532000077,47.58837246200005],[13.06386935300003,47.59665373200005],[13.062955511000041,47.602132855000036],[13.069748848000074,47.604966465000075],[13.071770513000047,47.610637014000076],[13.080387578000057,47.61877468500006],[13.095626720000041,47.62800763900003],[13.098660589000076,47.63540706500004],[13.096997959000078,47.64071445500008],[13.088488209000047,47.649020033000056],[13.08971949000005,47.653901603000065],[13.080095105000055,47.662435007000056],[13.077159065000046,47.66943017800003],[13.080793954000058,47.68702414400008],[13.060834878000037,47.69711041800008],[13.04389356400003,47.713826521000044],[13.026929866000046,47.71642053100004],[13.01750491200005,47.72288808300004],[13.008318558000042,47.722263774000055],[13.001998171000025,47.713201629000025],[12.994918927000072,47.71304546600004],[12.99143186300006,47.708669318000034],[12.973525842000072,47.70706584200008],[12.962390084000049,47.70946474500005],[12.955512981000027,47.707779464000055],[12.946789271000057,47.712145160000034],[12.925392717000022,47.71032153900006],[12.905046866000077,47.72364341900004],[12.904653888000041,47.72717297100007],[12.917437278000023,47.741893308000044],[12.935195282000052,47.74731836800004],[12.93796935100005,47.75816204800003],[12.935572752000041,47.75850111200003],[12.944764888000066,47.76460280100008],[12.942384192000077,47.77095944000007],[12.92822325700007,47.77125640400004],[12.939835627000036,47.77852471700004],[12.93951884200004,47.78508947100005],[12.947141543000043,47.78626494300005],[12.964635073000068,47.80051018300003],[12.984118184000067,47.82786362100006],[13.002718234000042,47.84208762600008],[13.00329458300007,47.85031169200005],[12.981891393000069,47.87613268400003],[12.964600349000023,47.903331706000074],[12.946417191000023,47.92181590400003],[12.937822201000074,47.94366303000004],[12.932982185000071,47.93996671600007],[12.922835989000077,47.93912174400003],[12.919472978000044,47.941777169000034],[12.920872219000046,47.951755468000044],[12.917866941000057,47.95462776000005],[12.884846485000025,47.95920141100004],[12.87330302600003,47.96416467700004],[12.868082411000046,47.97229051000005],[12.857278721000057,48.00745442200008],[12.851375614000062,48.01483389300006],[12.759719210000071,48.075050393000026],[12.753416629000071,48.08571121700004],[12.749133365000034,48.108309589000044],[12.758580946000052,48.11840843900006],[12.758258591000072,48.12632518800007],[12.767323886000042,48.12889941100008],[12.786893602000077,48.12360995800003],[12.798155283000028,48.13924886700005],[12.798789150000061,48.14616415800003],[12.810852854000075,48.15128903800007],[12.827297246000057,48.15280972100004],[12.833780235000063,48.15715123900003],[12.835736075000057,48.16493457900003],[12.84774604200004,48.167453409000075],[12.86864375700003,48.200846339000066],[12.957144345000074,48.20963503400003],[12.996763427000076,48.235854103000065],[13.01151193800007,48.25173709000006],[13.022392356000069,48.25797400700003],[13.054647081000041,48.26527893800005],[13.081157708000035,48.27725630500004],[13.129069901000037,48.27863622000007],[13.17915929700007,48.29473832600007],[13.255192760000057,48.29338998000003],[13.32974884400005,48.32352787700006],[13.367894500000034,48.35333727900007],[13.407787487000064,48.37199933000005],[13.41760279500005,48.383841704000076],[13.421672433000026,48.40396597900008],[13.439958168000032,48.43296739700003],[13.437965346000055,48.44014602100003],[13.427925763000076,48.451754992000076],[13.427425096000036,48.45809174500005],[13.45803967300003,48.51194432400007],[13.446304476000023,48.523740229000055],[13.445014237000066,48.52952495100004],[13.44991135500004,48.533435077000036],[13.450163884000062,48.53761292000007],[13.438756245000036,48.548229381000056],[13.438054967000028,48.55774207200005],[13.450104069000076,48.56397308100003],[13.463660419000064,48.553980971000044],[13.47539216000007,48.556094958000074],[13.47459002000005,48.56235048800005],[13.478927610000028,48.564650673000074],[13.484846922000031,48.56150918700007],[13.489131020000059,48.56292941700008],[13.493368972000042,48.567100921000076],[13.491947996000022,48.56937757500003],[13.503966050000031,48.57248194300007],[13.506979469000044,48.577710110000055],[13.501675874000057,48.580891018000045],[13.508992163000073,48.59060155200007],[13.52483387500007,48.58836993800003],[13.54316502100005,48.57498078800006],[13.56951685200005,48.56128062600004],[13.581122734000076,48.55964380200004],[13.59025563800003,48.56865102100005],[13.599471892000054,48.56936497400005],[13.625784805000023,48.553994670000066],[13.653285424000046,48.54890653800004],[13.664587449000066,48.53403892000006],[13.687338877000059,48.527956439000036],[13.705170421000048,48.51778255100004],[13.72735945200003,48.51300820800003],[13.731952603000025,48.51615644100008],[13.730696974000068,48.52120680200005],[13.73358948300006,48.52543176900008],[13.74754159300005,48.52987847500003],[13.748488234000035,48.539669710000055],[13.74499036700007,48.54041769400004],[13.74372724400007,48.54407449100006],[13.754783,48.551203808000025],[13.746652749000077,48.55246661600006],[13.754124827000055,48.56377975300006],[13.760205362000022,48.56548203300008],[13.770427372000029,48.55364358600008],[13.790461595000068,48.571852429000046],[13.800493518000053,48.57338900700006],[13.807207604000041,48.58421343300006],[13.80519941800003,48.58928497200003],[13.807106010000041,48.590263855000046],[13.801684483000031,48.59233337100005],[13.801471109000033,48.59759513000006],[13.80840923900007,48.59987187400003],[13.807341115000042,48.60492523200003],[13.814628938000055,48.60944703000007],[13.815660727000022,48.614247885000054],[13.82261277300006,48.61435138500008],[13.825718996000035,48.618549606000045],[13.823474229000055,48.625287772000036],[13.826983331000065,48.627936727000076],[13.826048988000025,48.635809005000056],[13.821719965000057,48.638853607000044],[13.823701305000043,48.64210791800008],[13.814177187000041,48.649787425000056],[13.819659356000045,48.671254419000036],[13.816775085000074,48.68148680100006],[13.813075542000036,48.683569384000066],[13.813676370000053,48.691916072000026],[13.817859294000073,48.694696832000034],[13.83357409000007,48.691963292000025],[13.83757629400003,48.70066740900006],[13.814210135000053,48.70100435400008],[13.811209752000025,48.702784456000074],[13.811182160000044,48.70863183000006],[13.802957179000032,48.70819590100007],[13.794917175000023,48.714928274000044],[13.80146774700006,48.717077205000066],[13.810250344000053,48.72875773100003],[13.818805073000021,48.731519132000074],[13.821245673000021,48.754476243000056],[13.836126831000058,48.76265471900007],[13.83943415400006,48.766399457000034],[13.839506769000025,48.77160490300008],[13.813168404000066,48.77398241800006],[13.80390238900003,48.78112642100007],[13.809648825000068,48.78540572000003],[13.815318339000044,48.796900727000036],[13.79572564700004,48.81499244300005],[13.797296417000041,48.818686110000044],[13.787993135000022,48.82517908600005],[13.793092275000049,48.830221351000034],[13.778974429000073,48.83239087100003],[13.773933649000071,48.83057136300005],[13.764746363000029,48.83424610600008],[13.765593280000076,48.83740984700006],[13.754450574000032,48.85543891700007],[13.750146789000041,48.858291017000056],[13.750606074000075,48.86675703900005],[13.737243914000032,48.87967476800003],[13.737929348000023,48.88584781700007],[13.730533260000072,48.88710300900004],[13.716819558000054,48.87815773700004],[13.702584494000064,48.88168125000004],[13.689132320000056,48.87836284400004],[13.676238050000052,48.87871667700006],[13.671602417000031,48.88007144100004],[13.66797603200007,48.88762078900004],[13.669582412000068,48.890266702000076],[13.660233251000022,48.89448408000004],[13.655197417000068,48.89346551500006],[13.645301482000036,48.911371],[13.638086346000023,48.91906087000007],[13.638018963000036,48.925697402000026],[13.622335608000071,48.93899525200004],[13.630738563000023,48.94672481600003],[13.62758543800004,48.949484607000045],[13.608188312000038,48.94382537200005],[13.608540677000065,48.94048719700004],[13.590728726000066,48.952773542000045],[13.589616350000028,48.95670565100005],[13.59231660000006,48.96217320200003],[13.585477690000062,48.96851164600008],[13.57589131800006,48.97013870100005],[13.57275676300003,48.96606889800006],[13.563251411000067,48.97048629600005],[13.557067931000063,48.967095147000066],[13.548029512000028,48.96688981400007],[13.536922520000076,48.973461962000044],[13.529236960000048,48.97410286300004],[13.515861614000073,48.96875389300004],[13.507073735000063,48.96908625200007],[13.50825801700006,48.942165884000076],[13.495621999000036,48.94134472800005],[13.483552075000034,48.95126386800007],[13.466983115000062,48.955638891000035],[13.459491182000022,48.96261124700004],[13.426188542000034,48.97250180800006],[13.424610284000039,48.97727292900004],[13.402895553000064,48.98734273500003],[13.402174143000025,48.99423831400003],[13.409274363000065,49.003066827000055],[13.40029289000006,49.01624095600005],[13.40585526600006,49.02365213000007],[13.39968361700005,49.03703396000003],[13.391992197000036,49.04173147400007],[13.397338108000042,49.044833141000026],[13.397147201000053,49.05100999700005],[13.392256423000049,49.05432361900006],[13.38624019100007,49.05289874300007],[13.383599012000047,49.05733141300004],[13.375877726000056,49.058398331000035],[13.370113304000029,49.06780011400008],[13.364008325000043,49.06906403800008],[13.354284041000028,49.07887612300004],[13.346479604000024,49.08227579700008],[13.344669001000057,49.08846630600004],[13.289188609000064,49.11863469000008],[13.276359940000077,49.12047769900005],[13.236364794000053,49.11359506200006],[13.205650270000035,49.122127129000035],[13.182791683000062,49.13447841300007],[13.170321564000062,49.14404040200003],[13.176875560000042,49.16422669900004],[13.170908085000065,49.17357973400004],[13.16189416700007,49.174623334000046],[13.129336382000076,49.19685817700008],[13.109970283000052,49.203178911000066],[13.114122113000064,49.21842832500005],[13.086049923000076,49.22941150200006],[13.088827802000026,49.23225465400003],[13.088328054000044,49.23701850800006],[13.080762122000067,49.24741742000003],[13.07263563500004,49.246499990000075],[13.060085970000046,49.25059710700003],[13.055185792000032,49.26400767800004],[13.033896390000052,49.263902735000045],[13.025663129000066,49.27892099500008],[13.030618102000062,49.28759402600008],[13.029109282000036,49.30434804600003],[13.00757266200003,49.30599752100005],[13.003893625000046,49.31227104800007],[12.97259529300004,49.33388783200007],[12.958370569000067,49.336620767000056],[12.949970972000074,49.34287031700006],[12.942958576000024,49.344199443000036],[12.938720862000025,49.34213372700003],[12.929011891000073,49.344838852000066],[12.919901822000043,49.343440162000036],[12.90166879000003,49.34956760000006],[12.880237338000029,49.35052349700004],[12.880913379000049,49.34359707100003],[12.888901073000056,49.33304154700005],[12.886922448000064,49.33230054400008],[12.876818141000058,49.33237952800005],[12.857091185000058,49.339265700000055],[12.853479654000068,49.33808131500007],[12.847930570000074,49.34430828600006],[12.843334189000075,49.345222971000055],[12.843002773000023,49.342404025000064],[12.837039262000076,49.34071907800006],[12.802536028000077,49.34156559000007],[12.786286615000051,49.34539792100003],[12.778810245000045,49.34807853900003],[12.781380403000071,49.36032083200007],[12.777158593000024,49.363930519000064],[12.768382988000042,49.36532214400006],[12.75808904400003,49.37518844900006],[12.76112545500007,49.38251399100005],[12.757631008000033,49.39475684800004],[12.732945568000048,49.40990313700007],[12.714710448000062,49.41400294500005],[12.713635400000044,49.41971433500004],[12.708718925000028,49.42467725800003],[12.679196234000074,49.42625099500003],[12.655893346000028,49.43454683500005],[12.658175321000044,49.44043221600003],[12.655582785000036,49.44855393800003],[12.657977985000059,49.450508279000076],[12.649327983000035,49.46693586400005],[12.633763692000059,49.476195018000055],[12.638504414000067,49.48297724400004],[12.644093585000064,49.484905344000026],[12.643754923000074,49.49477755000004],[12.639703539000038,49.50058694400008],[12.643802954000023,49.51082926700008],[12.642186502000072,49.51595733800008],[12.644250380000074,49.52304246500006],[12.63589016700007,49.53201136100006],[12.630558256000029,49.53099290700004],[12.628587183000036,49.52698203800003],[12.620703466000066,49.52655887800006],[12.618814873000076,49.52934459900007],[12.61471767100005,49.52836489400005],[12.588501691000033,49.53853616500004],[12.59500878700004,49.54154755800005],[12.58778056500006,49.54546124700005],[12.580411834000074,49.555633313000044],[12.574164352000025,49.55944373700004],[12.571059485000035,49.569753125000034],[12.577077738000071,49.58630177200007],[12.56419084600003,49.596238923000044],[12.56266712300004,49.60873139000006],[12.556884829000069,49.61429785200005],[12.560669829000062,49.619634295000026],[12.545992435000073,49.621336848000055],[12.528168524000023,49.61818385600003],[12.52692730900003,49.62227581600007],[12.534401555000045,49.62630669200007],[12.523665073000075,49.62795944700008],[12.522643607000077,49.63378705100007],[12.528859533000059,49.63923166200004],[12.517534732000058,49.64450405800005],[12.525916537000057,49.654198628000074],[12.522446160000072,49.66045305800003],[12.529845754000064,49.66624986000005],[12.522807176000072,49.676757835000046],[12.521638214000063,49.686761828000044],[12.491779712000039,49.686013280000054],[12.485220995000077,49.68788535500005],[12.485438840000029,49.691506039000046],[12.480921766000051,49.695031748000076],[12.442886119000036,49.70369987500004],[12.428971544000035,49.72092876800008],[12.425711487000058,49.73046546000006],[12.412789824000072,49.73251761800003],[12.412600652000037,49.73567741800008],[12.406365572000027,49.73948121500007],[12.40589205300006,49.74777780000005],[12.400717371000042,49.75384886900008],[12.404741039000044,49.76279869800004],[12.46827687700005,49.786653942000044],[12.472723170000052,49.785937782000076],[12.474309556000037,49.79194873900008],[12.465293812000027,49.79541504300005],[12.470653216000073,49.799584577000076],[12.464217560000066,49.81022299800003],[12.47331612000005,49.81511176600003],[12.474943568000072,49.81929829900008],[12.476268165000022,49.82511596900008],[12.472946945000047,49.83358868500005],[12.482636330000048,49.84171811500005],[12.498008183000024,49.83757961400005],[12.497845379000069,49.85690503600006],[12.512106090000032,49.85942569500003],[12.518699294000044,49.868372005000026],[12.521871473000033,49.881726041000036],[12.539959607000071,49.89120067300007],[12.549673107000046,49.90109238200006],[12.551255709000031,49.90923493200006],[12.547730388000048,49.92034324000008],[12.538495382000065,49.92482393500006],[12.504450310000038,49.92933968800003],[12.493048857000076,49.93322672600004],[12.494354409000039,49.936933175000036],[12.478408984000055,49.93567259100007],[12.475514391000047,49.93791852800007],[12.470481629000062,49.94903097400004],[12.481405464000034,49.95827519900007],[12.490610280000055,49.95860294000005],[12.49386385200006,49.969758185000046],[12.499541530000045,49.97201625400004],[12.489889638000022,49.98176080700006],[12.476532531000032,49.98076912800008],[12.468883322000067,49.988821743000074],[12.47033041700007,49.99072280900003],[12.460668,49.99487412800005],[12.43151961600006,49.984381864000056],[12.431433491000064,49.98858024900005],[12.425579170000049,49.99119931000007],[12.435233452000034,49.993780926000056],[12.435205254000039,49.998902515000054],[12.431223629000044,50.00261508500006],[12.424525802000062,50.000325255000064],[12.414398719000076,50.004616070000054],[12.401899306000075,50.00525380900007],[12.40260150100005,50.00756452400003],[12.39763731000005,50.00855351600006],[12.402927090000048,50.01332573600007],[12.400648870000055,50.015004281000074],[12.386561272000051,50.012501471000064],[12.37962079500005,50.014043213000036],[12.378506721000065,50.01905658900006],[12.367533093000077,50.01744379500008],[12.365783547000035,50.02277016000005],[12.358642909000025,50.024680138000065],[12.349845779000077,50.031345911000074],[12.347720841000069,50.03637254700004],[12.338880725000024,50.039610002000074],[12.328852813000026,50.032217985000045],[12.325409712000067,50.03301885800005],[12.324464914000032,50.038848062000056],[12.315611629000045,50.04611142500005],[12.319154523000066,50.04880629000007],[12.31733312700004,50.053378688000066],[12.299071909000077,50.05866844500008],[12.279292123000062,50.05516298400005],[12.272516136000036,50.06125113400003],[12.26091210800007,50.05843035500004],[12.261113459000057,50.06469483700005],[12.275353647000031,50.07647093300005],[12.25910826300003,50.08299509900007],[12.253569344000027,50.08713914500004],[12.252001925000059,50.09193682700004],[12.246166815000038,50.09228807100004],[12.244444593000026,50.094767002000026],[12.248032126000055,50.09568847300005],[12.246949451000035,50.097443299000076],[12.231797172000029,50.094162254000025],[12.227391402000023,50.09700494700007],[12.228771745000074,50.10231004800005],[12.221054012000025,50.10386713100007],[12.210479145000022,50.10168041800006],[12.199626558000034,50.11173902500008],[12.202343687000052,50.11548230100004],[12.196508290000054,50.123220522000054],[12.19749788100006,50.13561205500008],[12.194506642000022,50.13770833500007],[12.195202154000071,50.143043840000075],[12.203607229000056,50.14583488400007],[12.200498195000023,50.15245092500004],[12.211218986000063,50.15878890500005],[12.215995454000051,50.16817982200007],[12.207301862000065,50.16950995000008],[12.208300419000068,50.174150087000044],[12.201260710000042,50.18878952100005],[12.188941216000046,50.195505694000076],[12.197454144000062,50.19883868000005],[12.182819850000044,50.199364192000075],[12.18561045000007,50.203752156000064],[12.178390537000041,50.20513749500003],[12.17572271900002,50.21285977600007],[12.164947661000042,50.21361338200006],[12.159498486000075,50.21118073500003],[12.157711127000027,50.21442029200006],[12.16403768500004,50.21784169700004],[12.160679209000023,50.21984911000004],[12.162127956000063,50.22354497300006],[12.156533698000032,50.223625980000065],[12.157605939000064,50.22715025900004],[12.145543610000061,50.230387250000035],[12.15133213100006,50.23572460500003],[12.142088139000066,50.23378749200003],[12.141357325000058,50.23051068400008],[12.126988390000065,50.23249089500007],[12.108920518000048,50.23792969400006],[12.106356943000037,50.24670421400003],[12.097769823000021,50.24641647000004],[12.090759844000047,50.252384394000046],[12.102511401000072,50.25578458100006],[12.097471287000076,50.262388576000035],[12.113453991000029,50.26791435600006],[12.120053786000028,50.26688922200003],[12.139939875000039,50.27771857600004],[12.13548019600006,50.28398596000005],[12.122347705000038,50.29164577200004],[12.119579246000058,50.29942750100008],[12.125560837000023,50.30761714500005],[12.10485456300006,50.31488740700007],[12.094080389000055,50.32511397700006],[12.090346650000072,50.32425138500008],[12.091343377000044,50.33260968800005],[12.082511426000053,50.33016008300007],[12.079892806000032,50.32683473700007],[12.064216204000047,50.33303947600007],[12.061624638000069,50.32893158100006],[12.055871960000047,50.33165342600006],[12.05777467400003,50.32627293200005],[12.051854411000022,50.330906825000056],[12.046435516000031,50.33115090500007],[12.04906339300004,50.32855064000006],[12.04685190500004,50.32499865700004],[12.045847254000023,50.329934895000065],[12.038908487000072,50.33657968300008],[12.037209215000075,50.335783485000036],[12.04182809300005,50.33097060000006],[12.032156905000022,50.330071383000075],[12.029499035000072,50.33649837100006],[12.030884272000037,50.33931474100007],[12.01941200500005,50.34041274800006],[12.014640474000032,50.34360679500003],[12.01477557100003,50.34756012300005],[11.997250746000077,50.34689452600003],[11.996971075000033,50.35401666700005],[11.988169481000057,50.35062224700005],[11.977170940000065,50.35148311300003],[11.982554633000063,50.35666657300004],[11.980682143000024,50.361598162000064],[11.976512284000023,50.361944634000054],[11.979558884000028,50.36479839000003],[11.984773226000073,50.36469550500004],[11.978960913000037,50.36949473700008],[11.984691655000063,50.37541442700007],[11.97859876800004,50.380004479000036],[11.98394319700003,50.38870713500006],[11.974696373000029,50.39054496000006],[11.964572062000059,50.39993463600007],[11.96025004300003,50.39541794000007],[11.957232760000068,50.39707807500008],[11.94937688500005,50.39480853600003],[11.948070279000035,50.40037754700006],[11.954374087000076,50.40707448200004],[11.944162376000065,50.411576773000036],[11.945645081000066,50.41628277400008],[11.939146234000077,50.41838907500005],[11.934729681000022,50.42366379600003],[11.929779765000035,50.421169614000064],[11.919322860000023,50.42472776500006],[11.905833724000047,50.41969001400008],[11.906116976000021,50.41720074800003],[11.885421622000024,50.41585375500006],[11.86815838700005,50.40486544200007],[11.865811749000045,50.40067275600006],[11.857482502000039,50.39941249600008],[11.852351975000033,50.40165970000004],[11.824265370000035,50.38975684500008],[11.818403991000025,50.39356776300008],[11.827908708000052,50.400135670000054],[11.825495292000028,50.40442003100003],[11.817376096000032,50.40058974200008],[11.797352621000073,50.41732137100007],[11.793310273000031,50.41833876000004],[11.787197647000028,50.415257677000056],[11.78025113700005,50.41875476000007],[11.772604693000062,50.41153248000006],[11.756031086000064,50.41580008100004],[11.751172550000035,50.414755154000034],[11.763006906000044,50.407057817000066],[11.761564496000062,50.405255873000044],[11.744046462000028,50.41050398500005],[11.727124443000037,50.40043609500003],[11.71832944700003,50.400061648000076],[11.71472116600006,50.39663528600005],[11.708264195000027,50.40393828900005],[11.683895018000044,50.39288929700007],[11.649490107000076,50.39223945500004],[11.624601485000028,50.386870402000056],[11.59431332400004,50.40260407800008],[11.58140422300005,50.39900077300007],[11.57315188800004,50.400121883000054],[11.56757475300003,50.39569253600007],[11.564918122000051,50.38716861700004],[11.560064187000023,50.38412699200006],[11.546187642000064,50.384128099000066],[11.519853242000067,50.37426848300004],[11.518909861000054,50.39566601100006],[11.505861836000065,50.396511031000045],[11.503023642000073,50.399649931000056],[11.489850281000031,50.396774605000076],[11.478737316000036,50.401215894000075],[11.479298724000046,50.40721300300004],[11.488121921000072,50.415835138000034],[11.480552673000034,50.42546895300006],[11.48156795400007,50.43162169200008],[11.463153413000043,50.432175646000076],[11.459657870000058,50.428641509000045],[11.44619003300005,50.424397835000036],[11.443441968000059,50.42082108100004],[11.451254293000034,50.43103282800007],[11.440544801000044,50.43861640500006],[11.420630678000066,50.44336648500007],[11.419335802000035,50.454237730000045],[11.423595024000065,50.46225710300007],[11.415499786000055,50.46784666100007],[11.42047539400005,50.47425877200004],[11.418090895000034,50.48186031900008],[11.426473637000072,50.484540724000055],[11.42147486500005,50.48638045900003],[11.42248955100007,50.48903237300004],[11.418814569000062,50.493461446000026],[11.436031953000054,50.492180123000026],[11.440946481000026,50.49995944800003],[11.429278748000058,50.51223288400007],[11.423893015000033,50.51606444300006],[11.405280319000042,50.51617606800005],[11.393085549000034,50.52055432100008],[11.387615011000037,50.51564726700008],[11.369787979000023,50.523239714000056],[11.357760794000058,50.51987290100004],[11.346569075000048,50.52153502600004],[11.343042712000056,50.51851947500006],[11.346991154000023,50.51161027100005],[11.321355016000041,50.50856741700005],[11.324905544000046,50.498386812000035],[11.323142336000046,50.491164913000034],[11.300936067000066,50.48840597900005],[11.301695276000032,50.48501781500005],[11.29616502500005,50.48236532100003],[11.290982390000067,50.475256528000045],[11.28911478200007,50.48556597700008],[11.27801787900006,50.483355912000036],[11.278800538000041,50.481251247000046],[11.272364948000074,50.482679715000074],[11.26642613000007,50.47910269600004],[11.257289938000042,50.48181752600004],[11.247115540000038,50.47730383000004],[11.24513194800005,50.47080298900005],[11.252450944000032,50.46323228500006],[11.25489290400003,50.45642279100008],[11.247092021000071,50.448924316000046],[11.263200078000068,50.44288897700005],[11.268013488000065,50.43221228700003],[11.266799283000068,50.42255649100008],[11.268842560000053,50.419177595000065],[11.258055654000032,50.400038394000035],[11.270869179000044,50.394203504000075],[11.264587088000042,50.39134807500005],[11.264334054000074,50.38703971000007],[11.272188801000027,50.38542158200005],[11.276083218000053,50.38092334900006],[11.280879245000051,50.371451953000076],[11.27914088600005,50.367644434000056],[11.284252880000054,50.36030743400005],[11.277804263000064,50.35566329200003],[11.262435241000048,50.352401033000035],[11.26622580000003,50.351997906000065],[11.277099067000051,50.33596244700004],[11.261328835000029,50.33791262700004],[11.26250354800004,50.32537966400008],[11.256465785000046,50.322273221000046],[11.270336658000076,50.30674659300007],[11.260501761000057,50.300086005000026],[11.25199460500005,50.29926494600005],[11.253896305000069,50.29783979700005],[11.251817692000031,50.29346244200008],[11.260240655000075,50.287090412000055],[11.25741411000007,50.284238764000065],[11.25977795700004,50.27494628000005],[11.252298162000045,50.26902096100008],[11.247547121000025,50.26775632200008],[11.235583782000049,50.27530818300005],[11.214449761000026,50.28092684300003],[11.216084592000072,50.28418018700006],[11.19784829300005,50.29185637100005],[11.190070287000026,50.281447435000075],[11.191527303000044,50.27743911600004],[11.18939377700002,50.27482368200003],[11.191344118000075,50.27406917400003],[11.187139425000055,50.26955572600008],[11.17397055500004,50.27127990900004],[11.183710073000043,50.28089548200006],[11.165504114000044,50.28234319100005],[11.158479682000063,50.28920361100006],[11.153767359000028,50.28354438200006],[11.15147900900007,50.28598680400006],[11.14592282700005,50.284956470000054],[11.141556937000075,50.28919192700005],[11.143197373000021,50.29337551000003],[11.139726212000028,50.29296322300007],[11.137657278000063,50.29972419000006],[11.133158695000077,50.30017761100004],[11.131754613000055,50.30808767700006],[11.138463589000025,50.31643203900006],[11.158177092000074,50.32377543200005],[11.159197358000029,50.330391993000035],[11.136108869000054,50.34966563100005],[11.139107812000077,50.35350569700006],[11.126678465000055,50.35617807800003],[11.121687076000057,50.349001659000066],[11.116797804000043,50.349333932000036],[11.114045434000047,50.35252818500004],[11.119291317000034,50.35929010600006],[11.115304910000077,50.36700690300006],[11.089737220000075,50.36588673500006],[11.081951468000057,50.353899272000035],[11.085753909000061,50.35203374300005],[11.073566958000072,50.35365182900006],[11.04298839300003,50.34472165100004],[11.041154826000025,50.34667381300005],[11.036863470000071,50.34520931700007],[11.032407061000072,50.35150147200005],[11.04349697200007,50.35223236200005],[11.031702753000047,50.355130820000056],[11.036227341000028,50.35868532000006],[11.033417377000035,50.36135823600006],[11.017888607000032,50.36120438200004],[11.008043600000065,50.36519831800007],[10.993487278000032,50.36546867700008],[10.994148976000076,50.35347189000004],[10.99951930800006,50.35197304900004],[10.99637008600007,50.34672303800005],[10.992954309000027,50.34903043600008],[10.98578072600003,50.34732052600003],[10.961619822000046,50.36772452000008],[10.956661342000075,50.36848213400003],[10.96304837100007,50.37246608300006],[10.96178698400007,50.37758531800006],[10.959681308000029,50.37530779900004],[10.948440830000038,50.38175135600005],[10.949953767000068,50.38347173200003],[10.937634647000039,50.39190511400005],[10.930218426000067,50.39203206800005],[10.911918206000053,50.38526083700003],[10.909415958000068,50.38718627500003],[10.89885408300006,50.38471304400008],[10.89311800400003,50.38032394700008],[10.884868873000073,50.38850371900003],[10.887187525000058,50.39257248800004],[10.87798265500004,50.39323232500004],[10.876235601000076,50.396531191000065],[10.867744152000057,50.394273250000026],[10.86628359100007,50.38927522400007],[10.861837963000028,50.387669722000055],[10.830443013000036,50.39261550100008],[10.819969595000032,50.38489449900004],[10.810894363000045,50.38411950300008],[10.804250650000029,50.37910881500005],[10.785881505000077,50.38538423400007],[10.773774016000061,50.37196935800006],[10.762942666000072,50.369718255000066],[10.76473994500003,50.36911129300006],[10.760509659000036,50.36241922500005],[10.754509496000026,50.358171911000056],[10.738718422000034,50.362866489000055],[10.715266573000065,50.363591109000026],[10.717929965000053,50.35554228500007],[10.71245514100002,50.354643785000064],[10.714303880000045,50.34634559600005],[10.720194358000072,50.349563602000046],[10.728872533000072,50.34794160700005],[10.72697372700003,50.34696811800006],[10.728148128000043,50.33812014600005],[10.715001982000047,50.333031971000025],[10.714389547000053,50.325479200000075],[10.71539585100004,50.32117650400005],[10.72180439500005,50.31802126500003],[10.727314871000033,50.31862522900008],[10.73693247600005,50.314152017000026],[10.741845438000041,50.315914286000066],[10.770728870000028,50.29267220300005],[10.794209683000076,50.295376178000026],[10.80255027000004,50.291980901000045],[10.804378470000074,50.28863636800003],[10.801708339000072,50.28332749900005],[10.803919859000075,50.27975318800003],[10.826331418000052,50.27794903900008],[10.83592565400005,50.27306492400004],[10.846358138000028,50.27509463700005],[10.845404553000037,50.26950104500003],[10.851279580000039,50.26480448900003],[10.851953018000074,50.25160305700007],[10.84466635800004,50.24315772500006],[10.824047415000052,50.23753300200008],[10.807268589000046,50.240196712000056],[10.80056410700007,50.25144334400005],[10.781843580000043,50.251283940000064],[10.784366730000045,50.24850648700004],[10.769631615000037,50.24084024800004],[10.74981662600004,50.24247768600003],[10.746133911000072,50.24378295200006],[10.748203270000033,50.24782568100005],[10.732167774000061,50.25183794600008],[10.726495208000074,50.247564700000055],[10.729807565000044,50.24487686800006],[10.726238673000069,50.24088909800008],[10.731220988000075,50.21265420800006],[10.724403610000024,50.206099651000045],[10.716645150000033,50.20481895900008],[10.708973024000045,50.210276640000075],[10.69575278000002,50.211799435000046],[10.687640987000066,50.219077034000065],[10.68671445800004,50.22590758500007],[10.663670269000022,50.221543075000056],[10.657478914000023,50.22367513800003],[10.66229026700006,50.22664509800006],[10.658961146000024,50.23070906700008],[10.637661361000028,50.22326877900008],[10.612047270000062,50.224138442000026],[10.604348212000048,50.23971521500005],[10.597108477000063,50.24617272200004],[10.603505612000049,50.245717255000045],[10.611314700000037,50.24907497500004],[10.60639900800004,50.253281438000045],[10.60501372400006,50.25904591600005],[10.597829215000047,50.262620980000065],[10.603025481000032,50.269992752000064],[10.607295940000029,50.27125747700006],[10.593478704000063,50.26955105600007],[10.591040414000076,50.27178438200008],[10.593281492000074,50.277972384000066],[10.601550726000028,50.28267147000008],[10.598169810000059,50.28419498100004],[10.597534202000077,50.28918911100004],[10.605324195000037,50.293536998000036],[10.596348148000061,50.30667218700006],[10.592359352000074,50.30808136300004],[10.594689427000048,50.313307234000035],[10.592322640000077,50.31718454700007],[10.595432776000052,50.31945836800003],[10.600550296000051,50.33368802900003],[10.583398346000024,50.33238812800005],[10.574690030000056,50.33669492100006],[10.561785334000035,50.33709847500006],[10.552290302000074,50.34451712400005],[10.549758531000066,50.34927287700003],[10.554861101000029,50.354656109000075],[10.544408273000045,50.36450557900008],[10.537305796000055,50.362679806000074],[10.534985769000059,50.365680087000044],[10.53101050400005,50.36510988500004],[10.530382573000054,50.36096781600003],[10.526720960000034,50.36145436700008],[10.523626465000063,50.354756749000046],[10.518408739000051,50.35420885600007],[10.514624396000045,50.349896674000036],[10.512475550000033,50.35980610000007],[10.503276655000036,50.353175571000065],[10.499040397000044,50.357710947000044],[10.492405731000076,50.35505584500004],[10.485990411000046,50.363054024000064],[10.492854683000076,50.36215490400008],[10.494443233000027,50.36944297500003],[10.490560663000053,50.36878590300006],[10.487284514000066,50.375283273000036],[10.47348280400007,50.37250990300004],[10.467091700000026,50.377593207000075],[10.463657887000068,50.37601454900005],[10.458502030000034,50.38319282400005],[10.459585037000068,50.38772793800007],[10.45303242600005,50.392917046000036],[10.45556258800002,50.396409092000056],[10.453263199000048,50.40146479400005],[10.44950284600003,50.40304677100005],[10.437975571000038,50.40117864400003],[10.437898634000021,50.39548316400004],[10.42374340400005,50.39253245800006],[10.39649920900007,50.39692896000008],[10.39449369700003,50.39365203400007],[10.384481054000048,50.40284623100007],[10.383918035000022,50.408621476000064],[10.390064188000053,50.40994243400007],[10.394424148000041,50.413682778000066],[10.39485521100005,50.417658251000034],[10.40094014500005,50.41903065200006],[10.400039332000063,50.42211513900003],[10.404553545000056,50.423118826000064],[10.403834693000022,50.42477513000006],[10.39282915900003,50.42693652400004],[10.392463618000022,50.43033569100004],[10.370714811000028,50.43175807200004],[10.372377357000062,50.437140105000026],[10.38133203500007,50.438851905000035],[10.376246614000024,50.44066076800004],[10.367271857000048,50.43877357200006],[10.367559874000051,50.44155415200004],[10.361095058000046,50.445568448000074],[10.363033779000034,50.44755023600004],[10.356725792000077,50.455190499000025],[10.35226481500007,50.45643024200007],[10.348189500000046,50.46255757900008],[10.33615420500007,50.46589718800004],[10.34141087200004,50.482999962000065],[10.332667238000056,50.48709050100007],[10.330582236000055,50.49427653500004],[10.30657006000007,50.49207931600006],[10.291614381000045,50.49633611100006],[10.274599189000071,50.50586856500007],[10.267694211000048,50.50419029900007],[10.256221693000043,50.512813333000054],[10.251390310000033,50.51118344400004],[10.243665084000042,50.51501751700005],[10.230827931000022,50.51180310400008],[10.225792339000066,50.51871942400004],[10.231973530000062,50.53108771900003],[10.224834809000072,50.53037809300008],[10.221641927000064,50.53872453400004],[10.208325658000035,50.54063085100006],[10.204182764000052,50.54604589300004],[10.203873884000075,50.554700851000064],[10.177893248000032,50.551680031000046],[10.175441103000026,50.542917540000076],[10.150267822000046,50.55188754900007],[10.146859506000055,50.54314940900008],[10.140366563000043,50.54285042600003],[10.120712415000071,50.55585721600005],[10.12664488200005,50.558426859000065],[10.126217971000074,50.561350667000056],[10.119408294000038,50.56422474400006],[10.107094136000057,50.56373360300006],[10.099739448000037,50.55817473600007],[10.098505661000047,50.55215997200003],[10.09404446800005,50.553601997000044],[10.094272329000034,50.54849209100007],[10.089842056000066,50.54481435400004],[10.076265269000032,50.54088727300007],[10.070046384000022,50.53542063400005],[10.068487379000032,50.52994418800006],[10.071825447000037,50.52767120100003],[10.066520170000047,50.52896505600006],[10.05196069300007,50.51925483900004],[10.041338408000058,50.51646958200007],[10.041855835000035,50.507698015000074],[10.037106158000029,50.50002195400003],[10.041188107000039,50.49518848500003],[10.034445264000055,50.49013301700006],[10.036356431000058,50.48743867200005],[10.032036553000069,50.48639687900004],[10.033485228000075,50.481121072000064],[10.022021857000027,50.47546849100007],[10.018307426000035,50.46645526300006],[9.997459910000032,50.460985537000056],[9.989984857000024,50.447123102000035],[9.966811329000052,50.434530840000036],[9.962092078000069,50.42918955400006],[9.962728004000041,50.42654717500005],[9.957836757000052,50.42320405600003],[9.943399398000054,50.42328810300006],[9.92669372100005,50.41650272800007],[9.91902204300004,50.41055268500003],[9.883100782000042,50.39889344300008],[9.87332322900005,50.408999177000055],[9.869996703000027,50.40926894200004],[9.860046301000068,50.397473956000056],[9.849782573000027,50.39872793500007],[9.838411853000025,50.405474508000054],[9.824486556000068,50.40527721300003],[9.81352322600003,50.41295893700004],[9.807988411000053,50.412430897000036],[9.811265390000074,50.41712948400004],[9.807467655000039,50.42255044700005],[9.789424929000063,50.42514485000004],[9.78018127100006,50.41843092100004],[9.771870957000033,50.42485970300004],[9.762063990000058,50.42586748200006],[9.751062366000042,50.41355912800003],[9.759292728000048,50.40241890000004],[9.754470542000035,50.38691120800007],[9.744441173000041,50.371702130000074],[9.746203926000021,50.36617994100004],[9.732914417000075,50.35614961700003],[9.733215101000042,50.35178722300003],[9.739900753000029,50.34969911700006],[9.747435795000058,50.341200299000036],[9.744292377000022,50.33123779500005],[9.748897227000043,50.32515432800005],[9.744200224000053,50.32104197100006],[9.74767967200006,50.31437934400003],[9.745881111000074,50.31040795600006],[9.730031699000051,50.29624845200004],[9.719656353000062,50.295089630000064],[9.720817238000052,50.29199322100004],[9.713152764000029,50.29173397800008],[9.703422445000058,50.28075231300005],[9.680958049000026,50.27815570300004],[9.664990318000036,50.271175121000056],[9.652396015000022,50.269670070000075],[9.645634328000028,50.25869556400005],[9.642139258000043,50.25729817200005],[9.643451001000074,50.25511679200008],[9.636823638000067,50.25144989000006],[9.639013127000055,50.24836203000007],[9.668175939000037,50.23943534500006],[9.663619150000045,50.23373346300008],[9.65372657100005,50.23232015600007],[9.635815886000046,50.23522785400007],[9.620401705000063,50.22752526900007],[9.623282614000061,50.22572074200008],[9.621591902000034,50.22311636400008],[9.613763108000057,50.22475672000007],[9.604406072000074,50.221903584000074],[9.594279674000063,50.22481865600008],[9.582898993000072,50.22152842600008],[9.57631873400004,50.232388944000036],[9.550481202000071,50.228206714000066],[9.54202998900007,50.224341536000054],[9.533490750000055,50.234491760000026],[9.514378236000027,50.23407706900008],[9.50117464400006,50.243473910000034],[9.498681298000065,50.23996984300004],[9.50150713000005,50.23837480800006],[9.494769673000064,50.22667220900007],[9.502591362000032,50.22027982700007],[9.505335639000066,50.21450883700004],[9.502065147000053,50.21230485900003],[9.503626373000031,50.208583876000034],[9.51620547300007,50.19961172300003],[9.513084635000041,50.193997015000036],[9.508122711000055,50.19533087100007],[9.501479086000074,50.19304827600007],[9.502702443000032,50.18849017800005],[9.498105015000021,50.17554393700004],[9.505055784000035,50.16926358400008],[9.528152385000055,50.16813927700008],[9.531201793000037,50.16084967000006],[9.521804351000071,50.14997201300008],[9.507571330000076,50.145557352000026],[9.510006995000026,50.13155940900003],[9.519259435000038,50.11403889800005],[9.519177442000057,50.105849970000065],[9.512679888000036,50.09943241700006],[9.512464155000032,50.09435565700005],[9.499968263000028,50.09725235700006],[9.459746129000052,50.08990182000008],[9.444989242000077,50.08997349900005],[9.435939530000041,50.08503058900004],[9.413110845000062,50.084059882000076],[9.404984733000049,50.087734553000075],[9.39446345600004,50.097486325000034],[9.373620660000029,50.130963500000064],[9.34158433400006,50.13128240900005],[9.327428418000068,50.14105954200005],[9.307611936000058,50.13340787000004],[9.285896752000042,50.14166503400003],[9.273927272000037,50.14266219900003],[9.265949318000025,50.139318943000035],[9.252559877000067,50.13947967300004],[9.221866091000038,50.14941731500005],[9.219023827000058,50.14681191200003],[9.21149562200003,50.14660139700004],[9.210222174000023,50.142978578000054],[9.183268722000037,50.137902205000046],[9.191593718000036,50.12748724200003],[9.174558728000022,50.11948018900006],[9.173052124000037,50.11631316100005],[9.174963072000025,50.11419917500007],[9.158746844000063,50.10012848500003],[9.162545660000035,50.098186482000074],[9.149210890000063,50.09063949400007],[9.143366555000057,50.09698303400006],[9.15437111700004,50.107393036000076],[9.156410343000061,50.111952392000035],[9.153609321000033,50.117930615000034],[9.144957730000044,50.11411191700006],[9.121518865000041,50.12606115300008],[9.098229912000022,50.12641698500005],[9.089306136000062,50.11680439600008],[9.07726870700003,50.11592633200007],[9.07132668600002,50.119437875000074],[9.018261040000027,50.11160420900006],[8.997391285000049,50.09157988000004],[8.999282564000055,50.06936687700005],[8.99055990100004,50.067119158000025],[8.976611545000026,50.052211431000046],[8.976480289000051,50.04717018700006],[8.985374830000069,50.04172711100006],[9.012308439000037,50.04595085100004],[9.031343853000067,50.03957408400004],[9.031024825000031,50.02013229600004],[9.039817471000049,50.010373377000064],[9.036115685000027,50.00815720600008],[9.035538162000023,50.00183680300006],[9.04882026000007,49.99226560300008],[9.046073980000074,49.990007793000075],[9.030190178000055,49.99060417000004],[9.02298707400007,49.99705398200007],[9.017299579000053,49.99411886300004],[9.015714271000036,49.989022860000034],[9.020113699000035,49.98589429400005],[9.018574857000033,49.97841714900005],[9.02637207600003,49.955091467000045],[9.019035579000047,49.94705039300004],[9.02535387000006,49.94564799700004],[9.029433586000039,49.927423770000075],[9.032264261000023,49.92468867200006],[9.023359881000033,49.91013679300005],[9.031878342000027,49.90936126300005],[9.029951050000022,49.90587930400005],[9.032513264000045,49.90446274800007],[9.03124301400004,49.90129605700008],[9.035550303000036,49.89932302200003],[9.038428785000065,49.87621767400003],[9.050452507000045,49.86757176400005],[9.033336125000062,49.86646665300003],[9.033787154000038,49.86044405400003],[9.043704577000028,49.85554306000006],[9.040770440000074,49.847477121000054],[9.03608074400006,49.846504122000056],[9.03765196200004,49.842564295000045],[9.041443248000064,49.84008440500003],[9.043227719000072,49.84405765300005],[9.049191737000058,49.84241519600005],[9.05951572600003,49.84702774200008],[9.060660661000043,49.84506256800006],[9.052839148000032,49.84000307600007],[9.05979732000003,49.84071999000008],[9.056227557000057,49.83461779600003],[9.06395686600007,49.83175947700005],[9.070213873000057,49.83325112000006],[9.084730871000033,49.84750638400004],[9.090087581000034,49.840968075000035],[9.081029427000033,49.83832996600006],[9.077532511000072,49.83461172800003],[9.08282415800005,49.832952601000045],[9.086665309000068,49.826438101000065],[9.076992818000065,49.81822328100003],[9.085933684000054,49.80710690900003],[9.090879621000056,49.79065501100007],[9.094160936000037,49.79012428400006],[9.108140122000066,49.797980436000046],[9.131665505000058,49.79492793600008],[9.129380084000047,49.79416252200008],[9.129080042000055,49.78768916300004],[9.134484322000048,49.78224714600003],[9.127235118000044,49.776482077000026],[9.113364625000031,49.773731016000056],[9.113576279000029,49.76789374700007],[9.106913989000077,49.758660975000055],[9.12783381500003,49.75522659000006],[9.150809170000059,49.742850743000076],[9.14445839800004,49.73779710400004],[9.13452823800003,49.71667981000007],[9.122543394000047,49.71484187000004],[9.128130068000075,49.70298717700007],[9.126109156000041,49.69997958400006],[9.089638351000076,49.69334572300005],[9.088859949000039,49.66902322400006],[9.103418917000056,49.66043060100003],[9.099543782000069,49.65313936600006],[9.099341555000024,49.64538961000005],[9.102012048000063,49.64221034500008],[9.091551108000033,49.63515225700007],[9.085871982000072,49.63605323300004],[9.067351901000052,49.621171624000056],[9.06513848000003,49.617319156000065],[9.068486914000061,49.60933163200008],[9.06638137300007,49.60236512900008],[9.082989878000035,49.60198701200005],[9.091518418000021,49.588599318000036],[9.103006167000046,49.57745601400006],[9.108265919000075,49.57930243700008],[9.11387959800004,49.57468356900006],[9.120512012000063,49.57355899500004],[9.158889937000026,49.57959030400008],[9.164997223000057,49.575451685000075],[9.173276474000033,49.57776255400006],[9.180803940000033,49.57374772900005],[9.187303515000053,49.57689155600008],[9.194410460000029,49.57404064000008],[9.24894015600006,49.58451840600003],[9.246443172000056,49.590024206000066],[9.249458459000039,49.59380054400003],[9.259036536000053,49.59327621500006],[9.259995497000034,49.598460283000065],[9.264965319000055,49.60202468700004],[9.264577622000047,49.60681972700007],[9.285023051000053,49.614801330000034],[9.27009917600003,49.62648984300006],[9.27481872800007,49.63094982300004],[9.270722601000045,49.634018567000055],[9.278305628000055,49.637620577000064],[9.285500565000063,49.63576970400004],[9.290493301000026,49.64376892200005],[9.306487190000041,49.65080375700006],[9.30408305800006,49.65494425400004],[9.313613863000057,49.65370881000007],[9.33689722400004,49.644300111000064],[9.343880585000022,49.644299653000076],[9.349388392000037,49.64999286400007],[9.366743562000067,49.65835682300008],[9.371885449000047,49.65124762700003],[9.38357029100007,49.64282651000008],[9.393784063000055,49.64630976600006],[9.406000422000034,49.64531278700008],[9.419495463000032,49.658853554000075],[9.412035264000053,49.660792369000035],[9.397891490000063,49.67066072800003],[9.40148264000004,49.67485240900004],[9.41247209200003,49.67546929100007],[9.40639104500002,49.67958151300007],[9.413357933000043,49.68296229200007],[9.422312961000046,49.696079385000075],[9.416870872000061,49.70239770100005],[9.420314327000028,49.706627635000075],[9.41868082700006,49.711898302000066],[9.415296155000021,49.712468803000036],[9.407930499000031,49.72145858500005],[9.40106757600006,49.72056451600008],[9.39996065300005,49.72884051400007],[9.385645192000027,49.730914546000065],[9.386761384000067,49.728411580000056],[9.380160749000026,49.72611834800006],[9.383029495000073,49.719245595000075],[9.382528566000076,49.70746288000004],[9.372068999000021,49.70399847600004],[9.357409236000024,49.70428829400004],[9.35321308500005,49.70744006400008],[9.352232357000048,49.71648171900006],[9.344030942000074,49.718613970000035],[9.374211198000069,49.728002031000074],[9.34171343600002,49.734199095000065],[9.323027403000026,49.73111535600003],[9.316534484000044,49.73523774000006],[9.295673221000072,49.740530937000074],[9.317667452000023,49.74044736500008],[9.323124376000067,49.74379727100006],[9.322471694000058,49.74998094000006],[9.31325066100004,49.76169895100003],[9.313747180000064,49.76659734500004],[9.318028174000062,49.76885602700003],[9.351035814000056,49.76900699000004],[9.372610337000026,49.77897681300004],[9.391546883000046,49.77012060700008],[9.425106761000052,49.78955372300004],[9.434851987000059,49.78737869400004],[9.445002527000042,49.77395907700003],[9.458256575000064,49.76951971500006],[9.469391890000054,49.77429106900007],[9.47212587200005,49.780866056000036],[9.47909706200005,49.78689431200007],[9.501460487000031,49.78877466100005],[9.512861169000075,49.78179434100008],[9.51004753500007,49.770091140000034],[9.514512299000046,49.763786795000044],[9.522996549000027,49.761205904000064],[9.537632590000044,49.767557140000065],[9.546462237000071,49.76642600300005],[9.552429578000044,49.76042974300003],[9.555060678000075,49.74752250200004],[9.563380497000026,49.744568386000026],[9.56892769600006,49.75058825100007],[9.55839297700004,49.76509501600003],[9.557604080000033,49.776182231000064],[9.561809836000066,49.78061678300003],[9.580057328000066,49.78403213100006],[9.57628581800003,49.78289483800006],[9.576346451000063,49.77905345500005],[9.581076413000062,49.77803014600005],[9.59001764900006,49.781222885000034],[9.619702442000062,49.78318132600003],[9.648736203000055,49.79147765100004],[9.651418613000033,49.78055704600007],[9.644322199000044,49.778609654000036],[9.646496047000028,49.77069515200003],[9.65186583700006,49.76637174100006],[9.637951869000062,49.75385075200006],[9.645552784000074,49.74691039000004],[9.638998493000031,49.74050685600008],[9.646936205000031,49.73914526500005],[9.645859593000068,49.73647400300007],[9.638059303000034,49.73711266600003],[9.636562796000021,49.73165311900004],[9.627715246000037,49.73196330900004],[9.638929369000039,49.725550026000064],[9.64087405400005,49.720337200000074],[9.63305260200002,49.71706895300008],[9.625449125000046,49.70373674000007],[9.630463004000035,49.70156508100007],[9.632460374000061,49.69318610100004],[9.648879734000047,49.69173610300004],[9.653496459000053,49.68713720300008],[9.676147908000075,49.693347266000046],[9.674090180000064,49.69671802800008],[9.677193873000022,49.71620121400008],[9.695889204000025,49.71922337900003],[9.70038158400007,49.716960897000035],[9.700724817000037,49.722145616000034],[9.709719303000043,49.72705805800007],[9.713938807000034,49.72114933200004],[9.713238618000048,49.71389230600005],[9.71929082400004,49.70194171000003],[9.728354246000038,49.69818905200003],[9.727550419000067,49.68872778400004],[9.739419988000066,49.68819070300003],[9.738774011000032,49.69004311000003],[9.749890204000053,49.695859452000036],[9.752953959000024,49.710121842000035],[9.771602622000046,49.72010957300006],[9.78675584900003,49.72184658600003],[9.791444324000054,49.730947290000074],[9.799993758000028,49.730943240000045],[9.796073404000026,49.727087039000025],[9.796514481000031,49.720710946000054],[9.821427220000032,49.709733594000056],[9.823358966000058,49.70466985100006],[9.828160569000033,49.70645384900007],[9.831804629000032,49.70380331900003],[9.833003013000052,49.693500002000064],[9.836147408000045,49.691740752000044],[9.830027878000067,49.68770882600006],[9.841172423000046,49.68341738300006],[9.829946964000044,49.681012397000075],[9.830873498000074,49.67920951700006],[9.823416618000067,49.67317337500003],[9.825613519000058,49.667541235000044],[9.82235844400003,49.664710084000035],[9.832495186000074,49.660415844000056],[9.829400801000077,49.65969582100007],[9.833814044000064,49.656285111000045],[9.829559007000057,49.654352696000046],[9.830060281000044,49.651742770000055],[9.836043911000047,49.648408086000074],[9.834673916000042,49.64629481600008],[9.836748766000028,49.64532654100003],[9.855481315000077,49.641514666000035],[9.857721863000052,49.632411097000045],[9.860578368000063,49.632175362000055],[9.865658154000073,49.62413084600007],[9.864120231000072,49.621460916000046],[9.867509196000071,49.621319397000036],[9.868045003000077,49.611174240000025],[9.87280826400007,49.61007617200005],[9.859972097000025,49.60851046600004],[9.857813423000039,49.60716523900004],[9.859460117000026,49.60298407100004],[9.84104674200006,49.595141271000045],[9.848495177000075,49.57771316100008],[9.840557791000037,49.574479687000064],[9.841664267000056,49.57277347400003],[9.835731665000026,49.570270762000064],[9.836995639000065,49.56890171800006],[9.810230151000042,49.557316023000055],[9.811544998000045,49.55568263200007],[9.81799767900003,49.55861366900007],[9.81799237100006,49.55588778200007],[9.82804003800004,49.55159090700005],[9.840564909000022,49.55069351600008],[9.849911875000032,49.54576590000005],[9.85930991400005,49.54604448600003],[9.860457299000075,49.553515092000055],[9.864581416000021,49.55373830100007],[9.866639553000027,49.557463133000056],[9.864550356000052,49.56788141700008],[9.874058698000056,49.571694980000075],[9.875725006000039,49.57863147200004],[9.893524694000064,49.583523455000034],[9.898791276000054,49.58834669700008],[9.901830928000038,49.58541197100004],[9.912438200000054,49.585908403000076],[9.911537271000043,49.58378055500003],[9.91572119500006,49.582227870000054],[9.901607335000051,49.572549294000055],[9.89798994900002,49.56407002000003],[9.899064871000064,49.561079935000066],[9.920848874000058,49.56328080800006],[9.924984524000024,49.56006406100005],[9.92073339500007,49.553402196000036],[9.925785400000052,49.55372306600003],[9.926961113000061,49.54952053200003],[9.920725246000075,49.55101227600005],[9.922484669000028,49.54579125200007],[9.920181961000026,49.545125418000055],[9.927050474000055,49.536077301000034],[9.923229295000056,49.52903128500003],[9.923814994000054,49.524121395000066],[9.918395299000053,49.52237982400004],[9.916959263000024,49.51780230600008],[9.92512928900004,49.508650094000075],[9.916053163000072,49.499544325000045],[9.913740586000074,49.49325299100008],[9.926561180000022,49.484835462000035],[9.951881740000033,49.48036425500004],[9.97402362300005,49.48582231100005],[9.975009051000029,49.48102513400005],[9.978410475000032,49.48401618500003],[9.992006367000045,49.48640294200004],[10.010118434000049,49.48321396000006],[10.020260417000031,49.48664904700007],[10.028177638000045,49.50398968300004],[10.046235533000072,49.506979674000036],[10.052403774000027,49.510674711000036],[10.051520203000052,49.51441601600004],[10.056145911000044,49.51494530800005],[10.05718463900007,49.51931858100005],[10.049813866000022,49.52132343800008],[10.040019271000062,49.52901043500003],[10.06136772700006,49.53746825300004],[10.057105076000028,49.54068132900005],[10.061730830000045,49.54164928100005],[10.06142750600003,49.545138456000075],[10.085519872000077,49.54221400400007],[10.089598029000058,49.530521246000035],[10.07861145000004,49.527317380000056],[10.080641607000075,49.52119589400007],[10.07688575800006,49.519882876000054],[10.084146565000026,49.51175886600004],[10.105717540000057,49.51510581800005],[10.108475105000025,49.51147678700005],[10.121323095000037,49.51104620600006],[10.120859799000073,49.50727290100008],[10.115364094000029,49.50695744400008],[10.117116622000026,49.50374280900007],[10.10981208100003,49.501693688000046],[10.099991355000043,49.491727680000054],[10.101243509000028,49.48564180200003],[10.108102174000066,49.48285361100005],[10.110712222000075,49.47762344100005],[10.116088967000053,49.47857744300006],[10.11511820000004,49.473959199000035],[10.11832726700004,49.473169459000076],[10.117916194000031,49.46759057300005],[10.122251832000075,49.46390784100004],[10.115844314000071,49.46130059400008],[10.105487698000047,49.46323873700004],[10.108231467000053,49.460207671000035],[10.097826626000028,49.45701059700008],[10.094741444000022,49.44789857000006],[10.105708278000066,49.44481587100006],[10.111758984000062,49.43874665800007],[10.11062488500005,49.44250302100005],[10.118781030000036,49.44389826300005],[10.133705133000035,49.43714686000004],[10.138108351000028,49.433121948000064],[10.133620233000045,49.43200996000007],[10.138072993000037,49.42866890100004],[10.137427056000035,49.42471766500006],[10.151680498000076,49.41229446400007],[10.147652145000052,49.41075266200005],[10.152217243000052,49.40101546500006],[10.138638067000045,49.403095723000035],[10.161698240000021,49.39549398200006],[10.161210778000054,49.39035597900005],[10.146403978000023,49.387431853000066],[10.144924269000057,49.38441364700003],[10.121685574000026,49.38786002400008],[10.111966360000054,49.38491033300005],[10.107318285000076,49.378784909000046],[10.117413523000039,49.369023147000064],[10.113673293000033,49.36641130800007],[10.113373868000053,49.359940548000054],[10.124555669000074,49.35613756300006],[10.123719471000072,49.35081809600007],[10.10761552300005,49.351698646000045],[10.10908775300004,49.34845636500006],[10.103936611000051,49.34697207700003],[10.102957852000031,49.34378419800004],[10.104846911000038,49.338411507000046],[10.113086502000044,49.335777463000056],[10.112838389000046,49.33235476300007],[10.10799352500004,49.33250459200008],[10.110499427000036,49.32887179200003],[10.11746897200004,49.32912363200006],[10.121334638000064,49.32495694600004],[10.132711243000074,49.327743688000055],[10.14010171700005,49.32557627300008],[10.145247060000031,49.31649821000008],[10.131680316000029,49.30512301700003],[10.13229898800006,49.300318839000056],[10.138413628000023,49.29202694300005],[10.144107655000028,49.29012010800005],[10.14237948400006,49.28764989800004],[10.150171929000066,49.28829509800005],[10.149895719000028,49.28467811400003],[10.153910514000074,49.28473552400004],[10.15662029400005,49.28075891000003],[10.15068125700003,49.280650654000056],[10.145388722000064,49.27491306600007],[10.147428862000027,49.26854182900007],[10.134156874000041,49.262229699000045],[10.126639932000046,49.26238025100008],[10.127236517000028,49.26667759900005],[10.123560393000048,49.27096509100005],[10.131392017000053,49.27508391400005],[10.123625095000023,49.27499520300006],[10.119550373000038,49.266975667000054],[10.11397418000007,49.266407935000075],[10.118701572000077,49.257869579000044],[10.109875037000052,49.25829803200003],[10.133209341000054,49.253105435000066],[10.119829082000024,49.247357976000046],[10.123989086000051,49.246013703000074],[10.122662566000031,49.24091848000006],[10.126744349000035,49.23620914700007],[10.127462295000043,49.22331249700005],[10.132589843000062,49.21724870500003],[10.138989004000052,49.21592538400006],[10.140135950000058,49.20888974300004],[10.125622454000052,49.21089314200003],[10.127394732000027,49.20434949400004],[10.130455046000066,49.20376708300006],[10.12489927300004,49.199736861000076],[10.130081142000051,49.19882757600004],[10.127662573000066,49.19740735800008],[10.129171664000069,49.19572129200003],[10.135324543000024,49.200643746000026],[10.142404979000048,49.195440430000076],[10.156808452000064,49.19271495500004],[10.153573665000067,49.18841166000004],[10.156507090000048,49.188783226000055],[10.160460364000073,49.18280461900008],[10.167031288000032,49.18107030400006],[10.16646783300007,49.179215673000044],[10.17102949200006,49.17827568300004],[10.181182663000072,49.18240669100004],[10.180989287000045,49.17637954300005],[10.177317879000043,49.17350865900005],[10.186296971000047,49.170515720000026],[10.188631112000053,49.17440146800004],[10.187715570000023,49.170043699000075],[10.195244024000033,49.169888892000074],[10.192707093000024,49.167597270000044],[10.199512653000056,49.160707665000075],[10.196814396000036,49.15576223700003],[10.20516697000005,49.155631603000074],[10.20664772200007,49.15909029200003],[10.218379110000058,49.163489850000076],[10.218691045000071,49.15995688500004],[10.224112367000032,49.16167937400007],[10.228141119000043,49.159890250000046],[10.232271169000057,49.15564170300007],[10.230977046000021,49.15346815400005],[10.236613667000029,49.14926282600004],[10.248022910000032,49.14928110900007],[10.255479654000055,49.13830264300003],[10.25156275200004,49.13398570500004],[10.256947320000052,49.12905042800003],[10.252748773000064,49.12991372700003],[10.251111132000062,49.12587148500006],[10.247228171000074,49.12669929800006],[10.230287119000025,49.11896812900005],[10.224954281000066,49.119502527000066],[10.229568829000073,49.11730993100008],[10.229330692000076,49.113225552000074],[10.226574538000023,49.11102609400007],[10.21524985700006,49.11328348500007],[10.213465836000069,49.11144402800005],[10.215625560000035,49.10610920600004],[10.20684142500005,49.10126296000004],[10.210181202000058,49.10006952400005],[10.208833170000048,49.09808406900004],[10.204997649000063,49.09811900300008],[10.212731077000058,49.09446932000003],[10.22277854300006,49.09785862000007],[10.229070019000062,49.08976092300003],[10.250596710000025,49.09281512500007],[10.247145405000026,49.07972034900007],[10.241643575000069,49.079258061000075],[10.240984279000031,49.082197740000026],[10.234169895000036,49.07636232200008],[10.23563573000007,49.073703426000066],[10.242488277000064,49.07234324800004],[10.245544909000046,49.07433931400004],[10.258153512000035,49.07017377200003],[10.26002526600007,49.064107335000074],[10.264630448000048,49.06136454500006],[10.25605594600006,49.061364447000074],[10.257328470000061,49.053263257000026],[10.251709391000077,49.04955423700005],[10.255756685000051,49.04475116400005],[10.24979081500004,49.04245016100003],[10.251863839000066,49.039161196000066],[10.26319843300007,49.04225774400004],[10.261745328000075,49.043637586000045],[10.264990096000076,49.04520267300006],[10.266190381000058,49.043154478000076],[10.277220932000034,49.04252040600005],[10.274520322000058,49.040725122000026],[10.277240662000054,49.03823914700007],[10.284838754000077,49.03657533100005],[10.288068407000026,49.03988816000003],[10.28493936500007,49.04208579600004],[10.292825652000033,49.04076052800008],[10.294007324000063,49.042777439000076],[10.300568132000024,49.04034069200003],[10.30271405700006,49.031469309000045],[10.309455680000042,49.03195769700005],[10.320476556000074,49.02571592600003],[10.328960583000026,49.024497015000065],[10.327490237000063,49.03027806100005],[10.333616422000034,49.026788579000026],[10.332901138000068,49.03192323500008],[10.336952050000036,49.027270188000045],[10.350256584000022,49.02842207200007],[10.350274855000066,49.02252187600004],[10.345197407000057,49.01938497200007],[10.34543868000003,49.01663307800004],[10.356091845000037,49.01350972500006],[10.352157951000038,49.00600205200004],[10.372808986000052,49.003239276000045],[10.375442809000049,48.999716542000044],[10.381896484000038,48.99904899000006],[10.382769118000056,48.99431900700006],[10.378746742000033,48.99044725500005],[10.380483235000042,48.98921171200004],[10.394683058000055,48.990157614000054],[10.397013831000038,48.986679081000034],[10.401254133000066,48.98620172300008],[10.404022694000048,48.98066830300007],[10.411773416000074,48.97895683300004],[10.409390286000075,48.97563230700007],[10.401479997000024,48.974523171000044],[10.403681380000023,48.96679025700007],[10.418751747000044,48.96857920600007],[10.41829877500004,48.966262269000026],[10.424361943000065,48.963562065000076],[10.424932592000062,48.960681676000036],[10.419458015000032,48.95917587300005],[10.42377201100004,48.959262487000046],[10.431022214000052,48.95344182200006],[10.430902321000076,48.94630282700007],[10.43624862300004,48.944294359000025],[10.443334406000076,48.94581660000006],[10.444825433000062,48.94037101400005],[10.451372669000023,48.93866072700007],[10.446567798000046,48.93587998300006],[10.448220713000069,48.93487345200003],[10.439933224000072,48.93545694100004],[10.437809328000071,48.93315104100003],[10.44915775100003,48.92606553200005],[10.451991403000022,48.92666771100005],[10.457107388000054,48.920548179000036],[10.457000572000027,48.91714142600006],[10.443770228000062,48.90845213700004],[10.421320368000067,48.90576289000006],[10.450215787000047,48.893089461000045],[10.44978290000006,48.88963571100004],[10.453999263000071,48.88747006800003],[10.452992995000045,48.884438802000034],[10.444774583000026,48.880271],[10.452580966000028,48.87347545700004],[10.448353934000068,48.86113446400003],[10.454106806000027,48.86030058700004],[10.45279514200007,48.851859524000076],[10.427415498000073,48.842988999000056],[10.426268382000046,48.836920691000046],[10.442442716000073,48.834421071000065],[10.449102463000031,48.83032302500004],[10.449594084000069,48.82506560300004],[10.446309241000051,48.82428750100007],[10.448696184000028,48.821060026000055],[10.446832402000041,48.81917955100005],[10.448624089000077,48.81196778100008],[10.440770268000051,48.80948174100007],[10.440040699000065,48.80486781700006],[10.433905473000038,48.80117712200007],[10.421083753000062,48.79941156900003],[10.420913694000035,48.79545796700006],[10.430771579000066,48.793548988000055],[10.427711829000032,48.791631496000036],[10.434329472000059,48.78964810900004],[10.43459081900005,48.78760681700004],[10.427460900000028,48.78648724800007],[10.429207748000067,48.78317889900006],[10.426773954000055,48.781747417000076],[10.43426596300003,48.77623032900004],[10.429625151000039,48.776866],[10.428799730000037,48.77372688600008],[10.432001394000054,48.77068923000007],[10.428519823000045,48.76976975500003],[10.427562521000027,48.77309657200004],[10.417848569000057,48.77273009900006],[10.420114960000035,48.77623905400003],[10.41676723300003,48.77651538500004],[10.415740992000053,48.77197310500003],[10.413101313000027,48.77208798400005],[10.417717795000044,48.769609407000075],[10.418218813000067,48.76292794300008],[10.428186612000047,48.75588430500005],[10.418167027000038,48.75328740300006],[10.41720613900003,48.75050786200006],[10.423097292000023,48.74826825000008],[10.416176716000052,48.74810596900005],[10.424286722000033,48.746936608000055],[10.423689357000057,48.74423448200008],[10.43485723300006,48.74116694200006],[10.431803341000034,48.73730715200003],[10.439877456000033,48.73876866200004],[10.44342462800006,48.729413359000034],[10.447883535000074,48.72804419700003],[10.450064919000056,48.73498769500003],[10.464281234000055,48.735137085000076],[10.455739515000062,48.72904581000006],[10.464956863000054,48.727736142000026],[10.46544870100007,48.72423808000008],[10.462295066000024,48.72456079700004],[10.462052166000035,48.72230351400003],[10.467598126000041,48.72144195800007],[10.465492622000056,48.719804632000034],[10.47373224200004,48.71197923100004],[10.481641374000048,48.71258726000008],[10.483382300000073,48.70806417400007],[10.483528291000027,48.70524283000003],[10.474483675000045,48.70560746700005],[10.471509766000054,48.70281000400007],[10.480260346000023,48.70015905200006],[10.479542570000035,48.69479927400005],[10.487257767000074,48.69666191300007],[10.485595622000062,48.69160333000008],[10.495083373000057,48.687247210000066],[10.481746283000064,48.68649942900004],[10.480987695000067,48.681418466000025],[10.464998023000021,48.67053354300003],[10.454190512000025,48.670610543000066],[10.454084463000072,48.66788575500004],[10.449172635000025,48.66515887400004],[10.441853368000068,48.66680990900005],[10.432815406000032,48.66408906000004],[10.432751179000036,48.66144521900003],[10.419335309000076,48.663927210000054],[10.410638818000052,48.66103394800007],[10.407932338000023,48.663756472000046],[10.40869847600004,48.66783971900003],[10.419306776000042,48.67295571400007],[10.42221574000007,48.670889499000054],[10.426109293000025,48.67295145800006],[10.426527262000036,48.67490312600006],[10.422836734000043,48.675409201000036],[10.424468920000038,48.67932188700007],[10.418720957000062,48.68227162300008],[10.422574801000053,48.68416283000005],[10.422781643000064,48.69075458800006],[10.426519975000076,48.69157194100006],[10.42691669100003,48.68684558000007],[10.429635277000045,48.68602537800007],[10.434635232000062,48.687608295000075],[10.433797405000064,48.690689759000065],[10.437393747000044,48.693101881000075],[10.431747642000062,48.69949236200006],[10.425931029000026,48.69501841200008],[10.420252806000065,48.69472896100007],[10.408871360000035,48.69879250400004],[10.40653941000005,48.69635354300004],[10.40788776900007,48.694502175000025],[10.402319399000021,48.69399382600005],[10.392032311000037,48.68716085600005],[10.392777784000032,48.67813997600007],[10.390093766000064,48.677565568000034],[10.390818839000076,48.674663542000076],[10.386757991000025,48.67408733000008],[10.389421374000051,48.667201704000036],[10.379998270000044,48.667677516000026],[10.373591781000073,48.66305837600004],[10.368441434000033,48.66387855800008],[10.361128680000036,48.65282684300007],[10.351017332000026,48.65467686100004],[10.352779630000043,48.65801374600005],[10.347967480000023,48.66027337400004],[10.347321119000071,48.66575940200005],[10.351883032000046,48.66571799700006],[10.345971794000036,48.67421566200005],[10.347422983000058,48.67910738300003],[10.337429497000073,48.689021808000064],[10.326574274000052,48.69078091700004],[10.321004709000022,48.68724694900004],[10.31740006800004,48.688697895000075],[10.317503170000066,48.68293376500003],[10.292015966000065,48.69159386900003],[10.282522166000035,48.70097678500008],[10.268706813000051,48.70354711900006],[10.27303977500003,48.68589131200008],[10.26468806500003,48.68288836000005],[10.26876291700006,48.67989337200004],[10.256347050000045,48.68066716800007],[10.255371664000052,48.67749061600006],[10.264848610000058,48.67214249300008],[10.254600218000064,48.666203179000036],[10.256410901000038,48.66247524700003],[10.266623163000077,48.65883721800003],[10.262200326000027,48.658369211000036],[10.259529865000047,48.65489233800008],[10.270384297000021,48.651921034000054],[10.268310237000037,48.646601942000075],[10.272355911000034,48.649155190000045],[10.274449325000035,48.64548153900006],[10.280522997000048,48.646770650000065],[10.279528809000055,48.64155304900004],[10.285052084000029,48.63833560100005],[10.283566456000074,48.63678601500004],[10.296510056000045,48.63356425000006],[10.297219527000038,48.62608388600006],[10.299909741000022,48.62501868100003],[10.297810682000033,48.62418757800003],[10.323094952000076,48.609132705000036],[10.318774912000038,48.607615028000055],[10.320212233000063,48.60393953800008],[10.30686630200006,48.60499616200008],[10.307219067000062,48.60150778700006],[10.30156386300007,48.60521160500008],[10.297108769000033,48.603809743000056],[10.298063801000069,48.59980853600007],[10.295230108000055,48.599779546000036],[10.293114313000046,48.58976552100006],[10.304752751000024,48.58426545100008],[10.31300460600005,48.56712277100007],[10.314183926000055,48.55628937700004],[10.304899110000065,48.55105806700004],[10.302382890000047,48.54698025300007],[10.30465129700002,48.54529379400003],[10.300846790000037,48.54507121100005],[10.304002338000032,48.538278957000045],[10.30155617400004,48.53713263000003],[10.303183365000052,48.52982514900003],[10.312374783000053,48.53007489600003],[10.31483871200004,48.52650928700007],[10.309262094000076,48.52632897400008],[10.31202316200006,48.52294378300007],[10.286794508000071,48.516091277000044],[10.257462407000048,48.51946575000005],[10.253880765000076,48.51843277800003],[10.255477214000052,48.51586466400005],[10.252682297000035,48.51454565300003],[10.249831598000071,48.51622071000003],[10.250694120000048,48.51428942300004],[10.247165599000027,48.51355308400008],[10.248273718000064,48.51124472500004],[10.230779588000075,48.51051118300006],[10.237966397000037,48.50782191500008],[10.226631163000036,48.506994227000064],[10.228049715000054,48.504974581000056],[10.240825951000033,48.506158062000054],[10.24247267800007,48.50009961100005],[10.23750668300005,48.50019584100005],[10.24140630100004,48.49195965300004],[10.23544331000005,48.48896032500005],[10.217915369000025,48.48846743200005],[10.180098201000021,48.47552447800007],[10.182944425000073,48.473814170000026],[10.176413082000067,48.47136864400005],[10.18452449800003,48.47291466000007],[10.186002988000041,48.47111080800005],[10.181254371000023,48.46962222700006],[10.18460095000006,48.467211219000035],[10.17546022700003,48.469391261000055],[10.177862981000033,48.46380198300005],[10.172772750000036,48.462788974000034],[10.171846421000055,48.457786948000034],[10.160457290000068,48.45875960200004],[10.133895409000047,48.45487141700005],[10.127768833000061,48.45695232200006],[10.117251760000045,48.46813587200006],[10.119073641000057,48.47307421100004],[10.116527665000035,48.47355095900008],[10.11736673200005,48.47538756900008],[10.105026946000066,48.477504356000054],[10.10351690400006,48.47255483200007],[10.093455626000036,48.468954748000044],[10.094376749000048,48.46712384400007],[10.090357396000059,48.46755860500008],[10.086422761000051,48.46596143600004],[10.087154247000058,48.46348839800004],[10.064009813000041,48.456389202000025],[10.041260859000033,48.45951056100006],[10.039044314000023,48.45787408500007],[10.039128632000029,48.45969447500005],[10.03402668800004,48.45778054800007],[10.030887521000068,48.453586071000075],[10.035887671000069,48.45129476900007],[10.038226774000066,48.44445300700005],[10.031687310000052,48.44378571800007],[10.028050577000045,48.43691872800008],[10.034854838000058,48.43329704700005],[10.037450407000051,48.43579970800005],[10.040789679000056,48.43439185400007],[10.038850224000043,48.433727401000056],[10.042414153000038,48.429732038000054],[10.01881588200007,48.418248660000074],[10.01527948200004,48.404350573000045],[9.989868428000023,48.39370731200006],[9.984912613000063,48.386104688000046],[9.96993436200006,48.37938028700006],[9.971299560000034,48.377214467000044],[9.967275615000062,48.37440435700006],[9.977741454000068,48.36265859700006],[9.984127686000022,48.363227539000036],[9.982768418000035,48.36802845200003],[9.987733752000054,48.370626034000054],[9.992995103000055,48.368159794000064],[9.993339461000062,48.36356692900006],[9.999597425000047,48.36322931300003],[9.994822286000044,48.35528090400004],[9.998131809000029,48.34751287900008],[10.010403135000047,48.342389241000035],[10.009738197000047,48.33470804800004],[10.012286806000077,48.33063749100006],[10.022922309000023,48.32400382800006],[10.030505683000058,48.31203369900004],[10.043081012000073,48.30044359800007],[10.04254942700004,48.29422971000008],[10.065816520000055,48.28181712300005],[10.06675298500005,48.274916103000066],[10.062202412000033,48.27171548200005],[10.065981126000054,48.261993139000026],[10.061960035000027,48.258129987000075],[10.069026271000041,48.25376158300003],[10.060721236000063,48.24009045500003],[10.064740637000057,48.23909951300004],[10.06464422700003,48.23479280300006],[10.070144239000058,48.23062497900003],[10.068022065000036,48.22865680600006],[10.069454398000062,48.223358215000076],[10.076318738000055,48.22302525300006],[10.078320370000029,48.220237008000026],[10.077004189000036,48.210603554000045],[10.083710628000063,48.20964022900006],[10.085717415000033,48.18219242200007],[10.089604425000061,48.17871892900007],[10.090345755000044,48.17040609600008],[10.096545,48.16176287900004],[10.09480065400004,48.15983265700004],[10.104794811000033,48.14342693000003],[10.107074311000076,48.13214418500007],[10.122604012000068,48.11695707800004],[10.136247105000052,48.11144305000005],[10.136661343000071,48.10078304000007],[10.140392398000074,48.09891655900003],[10.134081880000053,48.07947892400006],[10.136965130000021,48.07595575600004],[10.143736707000073,48.07441384100008],[10.140640574000031,48.06490224700008],[10.143901697000047,48.05900706800003],[10.139156160000027,48.05151269300006],[10.14125583300006,48.04670149000003],[10.127111484000068,48.03271248400006],[10.135727945000042,48.023761603000025],[10.134326495000039,48.01759961500005],[10.119550393000054,48.00349993300006],[10.121639551000044,47.99828771300008],[10.114791141000069,47.98862509200006],[10.114954569000076,47.97625743700007],[10.09320708100006,47.972331731000054],[10.087524260000066,47.968409474000055],[10.084893700000066,47.96130765500004],[10.089487633000033,47.94797725800004],[10.108222426000054,47.93898574700006],[10.111010296000075,47.934879085000034],[10.105012802000033,47.923838096000054],[10.111105704000067,47.91595938100005],[10.108314410000048,47.91557192200003],[10.110414155000058,47.91065722700006],[10.103795796000043,47.90884157000005],[10.104940459000034,47.90612234000008],[10.10169608600006,47.90563420700005],[10.103447322000022,47.89062169700003],[10.095332148000068,47.88515881100005],[10.105458971000076,47.88302523500005],[10.105704629000059,47.879026536000026],[10.097922307000033,47.87656248600007],[10.097729187000027,47.87238245300006],[10.09159875000006,47.86739847100006],[10.082365889000073,47.86992892400008],[10.076755534000029,47.86780935100006],[10.080315046000067,47.86546829000008],[10.082961688000069,47.85571778100007],[10.102078887000062,47.86548261100006],[10.104617333000022,47.86462420600003],[10.103171228000065,47.860080175000064],[10.10510447300004,47.85713922300005],[10.101911563000044,47.85397297000003],[10.098266187000036,47.85560436500003],[10.096837997000023,47.85388246300005],[10.099353490000055,47.851608859000066],[10.095376095000063,47.851396471000044],[10.091604866000068,47.84562138200005],[10.09442281500003,47.84388829100004],[10.097384613000031,47.848318894000045],[10.09924733300005,47.84493068300003],[10.103637955000067,47.851831204000064],[10.10715465800007,47.85289545900008],[10.110072234000029,47.84697409200004],[10.10277097200003,47.84237432600003],[10.109871904000045,47.84020574500005],[10.125199168000051,47.822947964000036],[10.13147,47.82250356900005],[10.132328795000035,47.814678472000026],[10.138022984000031,47.809637645000066],[10.131846050000036,47.80961698600004],[10.128015961000074,47.81331576100007],[10.115746516000058,47.810873644000026],[10.108782376000022,47.805771081000046],[10.119430489000024,47.80371469500005],[10.116879806000043,47.80062314300005],[10.101994589000071,47.80048],[10.09626104800003,47.804656427000054],[10.093683742000053,47.80205135300008],[10.090134546000058,47.803905188000044],[10.091902459000039,47.801431326000056],[10.085536018000028,47.795484739000074],[10.074385579000023,47.79239515000006],[10.074976082000035,47.79041128000006],[10.064681025000027,47.78588771900007],[10.068610898000031,47.78471539200007],[10.067390653000075,47.782436811000025],[10.079614724000066,47.781262351000066],[10.084840349000046,47.776636032000056],[10.082513094000035,47.771180988000026],[10.11904949500007,47.759586711000054],[10.114025224000045,47.75440156500008],[10.118252462000044,47.75058803500008],[10.11363361900004,47.741378232000045],[10.11863868200004,47.73328979200005],[10.116428889000076,47.719316727000034],[10.122519792000048,47.71166344200003],[10.139437678000036,47.703273409000076],[10.139250553000068,47.697880903000055],[10.128322275000073,47.69071791500005],[10.132769417000077,47.68508056700006],[10.130059543000073,47.67727125700003],[10.113289692000023,47.66929606700006],[10.113580914000067,47.66649339200006],[10.11112045300007,47.66599038800007],[10.089245367000046,47.67304513700003],[10.093527261000077,47.67006877600005],[10.093423672000029,47.66322087000003],[10.088385066000058,47.662869442000044],[10.090215663000038,47.66026136200003],[10.081362313000056,47.65488987500004],[10.082945112000061,47.65012431000008],[10.076004887000067,47.642135805000066],[10.077292399000044,47.63927426300006],[10.072017981000045,47.64344114800008],[10.075029822000033,47.648871572000076],[10.071626,47.65034992300008],[10.075161682000044,47.65833451100008],[10.068396067000037,47.66342554200003],[10.059312463000026,47.68062877800003],[10.04833762000004,47.681321292000064],[10.04703997300004,47.67623860100008],[10.04198056100006,47.67514805700006],[10.043366091000053,47.677849785000035],[10.038736323000023,47.67776736400003],[10.030491263000044,47.67445209700003],[10.027738310000075,47.67852000100004],[10.031171839000024,47.68269554300008],[10.028645217000076,47.686983018000035],[10.00190241000007,47.68199943600007],[9.976022662000048,47.66532503800005],[9.977723419000029,47.66172071500006],[9.970746357000053,47.65362632600005],[9.959522463000042,47.65230409900005],[9.951550457000053,47.656172697000045],[9.943883423000045,47.65520545900006],[9.940860857000075,47.65799557200006],[9.931482291000066,47.653904555000054],[9.91630331400006,47.66102224000008],[9.893277498000032,47.66323277400005],[9.874861671000076,47.675278244000026],[9.842190840000058,47.677691836000065],[9.838014749000024,47.67453920600008],[9.837816239000063,47.669469605000074],[9.834162345000038,47.67328985000006],[9.830606296000042,47.67137557900003],[9.831535858000052,47.665576016000045],[9.82855328200003,47.657901207000066],[9.819071651000058,47.65387030200003],[9.816176937000023,47.64966449600007],[9.801668798000037,47.65086297900007],[9.795646056000066,47.64760146300006],[9.800141870000061,47.64470092000005],[9.795256066000036,47.63571901200004],[9.785447121000061,47.63089229800005],[9.77782157200005,47.630536404000054],[9.774775831000056,47.62516932400007],[9.754884841000035,47.61400879900003],[9.753379718000076,47.611581200000046],[9.75606611400002,47.60966759400003],[9.74771849900003,47.60368831100004],[9.740357990000064,47.60453573900003],[9.746899428000063,47.61302821100003],[9.745651920000057,47.61729698600004],[9.737457799000026,47.61170434500008],[9.734340392000036,47.61652599200005],[9.726917416000049,47.606723472000056],[9.712022724000064,47.606679444000065],[9.706293734000042,47.60181221100004],[9.694582153000056,47.60466454500005],[9.692151557000045,47.610423472000036],[9.683887789000039,47.60455783300006],[9.678102239000054,47.60490065400006],[9.671443791000058,47.61137411100003],[9.657709588000046,47.61172525000006],[9.65381499700004,47.60557700800007],[9.635966981000024,47.60245548600005],[9.64020894600003,47.600950184000055],[9.645233661000077,47.59230018300008],[9.64328483600002,47.589759738000055],[9.633101282000041,47.59406423000007],[9.626340586000026,47.592491436000046],[9.620497166000064,47.58789731600007],[9.619756272000075,47.58322752200007],[9.614055646000054,47.58115033800004],[9.605885715000056,47.58570229000003],[9.602077153000039,47.584337997000034]],[[10.473073914000054,47.570471455000074],[10.451022892000026,47.55459572400008],[10.445129001000055,47.567280124000035],[10.435383698000066,47.567685690000076],[10.429571183000064,47.57712329300006],[10.43531151600007,47.57927975400003],[10.432936910000024,47.58147741200003],[10.437026924000065,47.584201989000064],[10.456373778000057,47.58272212600008],[10.469027371000038,47.58699456700003],[10.481778586000075,47.58452644700003],[10.478778710000029,47.58075201300005],[10.470641834000048,47.57969316600003],[10.473073914000054,47.570471455000074]]]}},{"type":"Feature","id":null,"properties":{"shapeName":"Berlin","shapeISO":"DE-BE","shapeID":"10402087B20892132820961","shapeGroup":"DEU","shapeType":"ADM1","_puzzle_simplification_tolerance":0.0017192,"name_en":"Berlin","name_zh":"Berlin一级行政区"},"geometry":{"type":"Polygon","coordinates":[[[13.480055494000055,52.67464638200005],[13.475393917000076,52.674917150000056],[13.465965381000046,52.667148559000054],[13.459511426000063,52.66893558800007],[13.45084091700005,52.662722174000066],[13.462333171000068,52.65746449900007],[13.473894061000067,52.65661361400004],[13.469996225000045,52.65207483900008],[13.459848420000071,52.64810317700005],[13.440932073000056,52.64912302000005],[13.439898546000052,52.645332523000036],[13.434104109000032,52.64428548800004],[13.433778784000026,52.637975968000035],[13.424365185000056,52.63563046100006],[13.412828153000078,52.64358542600007],[13.406997440000055,52.64242099900008],[13.396712093000076,52.64830139700007],[13.388682712000048,52.637613894000026],[13.374375348000058,52.63152160000004],[13.375992930000052,52.62929259500004],[13.357296057000042,52.62317467400004],[13.344613421000076,52.62476549500008],[13.336480521000055,52.62267108900005],[13.31312183800003,52.628382714000054],[13.302422603000025,52.627560602000074],[13.308309030000032,52.629691534000074],[13.303111836000028,52.63666918800004],[13.307860409000057,52.63762074400006],[13.30925742100004,52.64314039100003],[13.300377555000068,52.65346984200005],[13.310033892000035,52.657376009000075],[13.282884652000064,52.660784668000076],[13.28244070900007,52.641295358000036],[13.262156275000052,52.64075298900008],[13.265225956000052,52.634419887000035],[13.264274727000043,52.626927970000054],[13.22068327200003,52.62817872100004],[13.21698464900004,52.62011856200007],[13.201606489000028,52.606381329000044],[13.217819502000054,52.59322171000008],[13.217336442000033,52.58745559300007],[13.206626308000068,52.586742463000064],[13.16426315700005,52.59890033100004],[13.157099322000022,52.59760616800003],[13.143990863000056,52.589743147000036],[13.128987291000044,52.58744210400005],[13.128096954000057,52.58309743600006],[13.132092465000028,52.57969904300006],[13.149603266000042,52.58331095600005],[13.152953085000036,52.57278142700005],[13.145955110000045,52.56007663100007],[13.145664779000072,52.55291135900006],[13.13629581400005,52.55274763400007],[13.130617438000058,52.55635397000003],[13.119733094000026,52.531044886000075],[13.117392920000043,52.516995327000075],[13.143010193000066,52.51967552600007],[13.166457606000051,52.51012429000008],[13.125284573000044,52.480217682000045],[13.11779830000006,52.47896793700005],[13.116916841000034,52.47244512700007],[13.110798677000048,52.46606301300005],[13.112580018000074,52.459203384000034],[13.109223276000023,52.450619509000035],[13.123176543000056,52.43936454700008],[13.104618626000047,52.42405321800004],[13.09959688500004,52.425304753000034],[13.08833321800006,52.41961143600008],[13.09063599700005,52.411813884000026],[13.097294256000055,52.40938448300005],[13.097221507000029,52.41245465700007],[13.10322506500006,52.41022242300005],[13.11157057500003,52.413136620000046],[13.112596393000047,52.410019076000026],[13.10793181400004,52.40947752400007],[13.111635766000063,52.40422328000005],[13.124875684000074,52.39687959200006],[13.136390486000039,52.39818128600007],[13.138116669000055,52.395392712000046],[13.132411919000049,52.391423263000036],[13.127464902000042,52.39159455400005],[13.127094379000027,52.38928089900003],[13.133589439000048,52.38691590500008],[13.132249470000033,52.38940202800006],[13.142612288000066,52.396544789000075],[13.158888704000049,52.39390889900005],[13.171521556000073,52.39583346300003],[13.17135668900005,52.39776296300005],[13.157827476000023,52.396362158000045],[13.159345751000046,52.40287994900007],[13.195566840000026,52.415094828000065],[13.222287982000068,52.42035668200003],[13.245797292000077,52.42080114700008],[13.249844004000067,52.404964790000065],[13.274457570000038,52.40513699100006],[13.29613013200003,52.41645128600004],[13.311926097000025,52.399185473000045],[13.343248653000046,52.41161993900005],[13.343028478000065,52.407674170000064],[13.37213521600006,52.39382382500003],[13.370454231000053,52.38846390000003],[13.387216841000054,52.388584164000065],[13.388520782000057,52.37796846700007],[13.420984876000034,52.37624714200007],[13.427585365000027,52.386823993000064],[13.418772686000068,52.40991740700008],[13.462321603000078,52.42062443700007],[13.468337476000045,52.41943196700004],[13.479884998000045,52.39599663400003],[13.515165086000025,52.40143491300006],[13.528263238000022,52.39839621600004],[13.538379367000061,52.40067906500008],[13.535663613000054,52.38901045500006],[13.564905286000055,52.38828584100003],[13.592762117000063,52.394169688000034],[13.595228554000073,52.38682411500008],[13.606295661000047,52.37964332700005],[13.604438755000047,52.37420620200004],[13.627949924000063,52.38179067000004],[13.633391387000074,52.37628389000008],[13.643364633000033,52.37739092600003],[13.641696955000043,52.370953943000075],[13.64680609100003,52.37016052700005],[13.647105428000032,52.366875468000046],[13.638637533000065,52.36016167900004],[13.636291071000073,52.34703792500005],[13.642645204000075,52.34001231800005],[13.65172295800005,52.33945761600006],[13.651077889000021,52.34266639300006],[13.656975622000061,52.35157147900003],[13.665887636000036,52.35839110100005],[13.671080361000065,52.36635565700004],[13.680318766000028,52.369315914000026],[13.690564104000032,52.36737871100007],[13.699997283000073,52.37512134100007],[13.700507629000072,52.37795234200007],[13.696875512000076,52.377553996000074],[13.69863315300006,52.38158504100005],[13.688061986000037,52.38291036600003],[13.686711976000026,52.38581835000008],[13.690664760000061,52.385570494000035],[13.697771647000025,52.39190743900008],[13.698993340000072,52.390163218000055],[13.716436629000043,52.399527437000074],[13.723344804000021,52.39858611500006],[13.734537746000058,52.40197606900006],[13.735165969000036,52.40600103500003],[13.738749108000036,52.40732177700005],[13.72951353600007,52.41739346700007],[13.737906269000064,52.42687467800005],[13.741384526000047,52.426915964000045],[13.742053909000049,52.42966148900007],[13.737958595000066,52.434137759000066],[13.743118130000028,52.43399868900008],[13.744060180000076,52.438069116000065],[13.75053611800007,52.441458956000076],[13.754215103000035,52.44161149900003],[13.752296088000037,52.43708146100005],[13.759587219000025,52.436271883000074],[13.759028644000068,52.44257936500003],[13.75410721000003,52.44317174400004],[13.75321991100003,52.44759765900005],[13.729112161000046,52.45059682400006],[13.716447655000024,52.46219428900008],[13.701324133000071,52.46814548200007],[13.699191031000055,52.468202218000044],[13.704051924000055,52.46423824100003],[13.705365294000046,52.45576642800006],[13.698432701000058,52.45508021900008],[13.696824930000048,52.46416044600005],[13.682599380000056,52.46618485100004],[13.670661020000068,52.473061991000066],[13.648215010000058,52.47878196000005],[13.640613124000026,52.47948463300003],[13.62580803800006,52.473713356000076],[13.625508627000045,52.468356508000056],[13.611517293000077,52.47062733400003],[13.616397385000027,52.47489353000003],[13.613538252000069,52.47575062000004],[13.615010815000062,52.48082505600007],[13.630800435000026,52.49412005100004],[13.624670748000028,52.495184263000056],[13.633318830000064,52.51182618800004],[13.65857246400003,52.525811152000074],[13.656895568000039,52.52986951200006],[13.625906814000075,52.53014637500007],[13.626732385000025,52.537748572000055],[13.631941233000077,52.53814436000005],[13.635358749000034,52.54162879300003],[13.585387118000028,52.54847164300003],[13.587494309000022,52.55526701900004],[13.581539702000043,52.570881943000074],[13.567569499000058,52.573740128000054],[13.559860799000035,52.58177506000004],[13.54711210000005,52.58788476600006],[13.522430212000074,52.592852503000074],[13.508153615000026,52.592183257000045],[13.499003893000065,52.60516361400005],[13.49675228500007,52.60509353900005],[13.505351602000076,52.61955823200003],[13.505817351000076,52.625828382000066],[13.517698658000029,52.629635919000066],[13.523100123000063,52.645430195000074],[13.518873170000063,52.64747079400007],[13.512781529000051,52.64556195000006],[13.490831410000055,52.65472873400006],[13.485294839000062,52.65913131900004],[13.488219322000077,52.67055116600005],[13.475647695000077,52.66628065700007],[13.480055494000055,52.67464638200005]]]}},{"type":"Feature","id":null,"properties":{"shapeName":"Brandenburg","shapeISO":"DE-BB","shapeID":"10402087B40185768535592","shapeGroup":"DEU","shapeType":"ADM1","_puzzle_simplification_tolerance":0.0017192,"name_en":"Brandenburg","name_zh":"Brandenburg一级行政区"},"geometry":{"type":"MultiPolygon","coordinates":[[[[13.051025247000041,51.64767715500005],[13.077412853000055,51.62112006700005],[13.076182809000045,51.619660717000045],[13.080661975000055,51.61773283600007],[13.08630409500006,51.60813513900007],[13.093842106000068,51.60588332700007],[13.096922946000063,51.609216728000035],[13.104872627000077,51.60967557400005],[13.103378703000033,51.61231476200004],[13.099669137000035,51.61149992700007],[13.097098011000071,51.61630730600007],[13.10397271100004,51.61647385800006],[13.106747968000036,51.61163260200004],[13.11168084700006,51.61283534300003],[13.110444169000061,51.61483662900008],[13.114860491000059,51.617727538000054],[13.121025347000057,51.61888754900008],[13.134497432000046,51.60566886700008],[13.14383556000007,51.60045826900006],[13.14377685900007,51.59787311200006],[13.154954859000043,51.60019678500004],[13.16177226800005,51.59214829600006],[13.15490654100006,51.58939526800003],[13.153207832000021,51.58241280300007],[13.141043951000029,51.57116723400003],[13.143169245000024,51.56746112900004],[13.146715721000021,51.56345495200003],[13.158606161000023,51.56425874700005],[13.160826607000047,51.558969338000054],[13.185571760000073,51.558075237000025],[13.19005547100005,51.53959030400006],[13.200522825000064,51.52603590900003],[13.207957037000028,51.524352847000046],[13.207041558000071,51.50493725700005],[13.202045181000074,51.504115726000066],[13.203923234000058,51.49877907800004],[13.196534058000054,51.494470566000075],[13.201294464000057,51.491717480000034],[13.19207199300007,51.48804945100005],[13.182296591000068,51.491959294000026],[13.187046115000044,51.48575323400007],[13.182922444000042,51.471341281000036],[13.189715105000062,51.464897869000026],[13.203080426000042,51.45873193700004],[13.203121686000031,51.45101338300003],[13.192481611000062,51.44170339600004],[13.191840584000033,51.43691062100004],[13.184760974000028,51.438512898000056],[13.175078705000033,51.432782796000026],[13.174310971000068,51.42825391900004],[13.184649358000058,51.42378702800005],[13.188366232000021,51.42627687000004],[13.189423718000057,51.43425610500003],[13.193387374000054,51.43577687000004],[13.19975045700005,51.433225950000065],[13.203701756000044,51.42849027600005],[13.202189124000029,51.41637687600007],[13.213554671000054,51.397249455000065],[13.217308924000065,51.39505564900003],[13.250654593000036,51.39410858600007],[13.262639363000062,51.38830843900007],[13.263718290000043,51.38495189100007],[13.26854325000005,51.384793245000026],[13.270038189000047,51.39050202800007],[13.263664151000057,51.39099428000003],[13.26377160900006,51.39445796200005],[13.259089377000066,51.39533328500005],[13.259983530000056,51.40039904100007],[13.286354589000041,51.399288186000035],[13.286672470000042,51.41138323200005],[13.309000209000033,51.41771219600008],[13.313626118000059,51.423183608000045],[13.328343606000033,51.426642050000055],[13.325756730000023,51.43365058200004],[13.320322813000075,51.43750047600008],[13.333353584000065,51.43744118400008],[13.337948451000045,51.429164667000066],[13.358349601000043,51.43397124300003],[13.376647809000076,51.42461142500008],[13.383076043000074,51.42805680500004],[13.372938772000055,51.437795651000044],[13.382146484000032,51.43604638800008],[13.387601423000035,51.441124159000026],[13.38823046400006,51.44780889300006],[13.401050430000055,51.45417172500004],[13.409320227000023,51.44977411800005],[13.40563422200006,51.44594862900004],[13.41126681000003,51.44274806700008],[13.412191363000034,51.439374290000046],[13.419704986000056,51.43884492500007],[13.421765363000077,51.43456285600007],[13.428149657000063,51.431245011000044],[13.421424948000038,51.421505006000075],[13.428506815000048,51.42179249600008],[13.433405305000065,51.427616525000076],[13.44605750900007,51.425956521000046],[13.443493748000037,51.42876514500006],[13.445913131000054,51.43144971300006],[13.450052450000044,51.42300825900003],[13.460625090000065,51.422241417000066],[13.463307821000058,51.42626187600007],[13.47378606600006,51.417881159000046],[13.465533281000035,51.42177463500008],[13.46328191400005,51.411753590000046],[13.491353120000042,51.40768382200008],[13.494391515000075,51.40291794800004],[13.502735568000048,51.40470619900003],[13.521217776000071,51.40205739000004],[13.524855443000035,51.38427014500007],[13.523118418000024,51.38102642900003],[13.53776639800003,51.38104645800007],[13.542628170000057,51.36931550600008],[13.546135310000068,51.369167384000036],[13.550823539000021,51.37925212700003],[13.556267005000052,51.379035646000034],[13.56996177700006,51.385666025000035],[13.58985483300006,51.38423485800007],[13.587649571000043,51.38182555900005],[13.592010230000028,51.37776673500008],[13.591344224000068,51.37514456700006],[13.59575669000003,51.374527983000064],[13.594063134000066,51.369356210000035],[13.617225117000032,51.37105730900004],[13.632099546000063,51.36853507700005],[13.661451524000029,51.368974629000036],[13.668403738000052,51.37612642800008],[13.682764784000028,51.36761527400006],[13.691250600000046,51.37401280600005],[13.713393942000039,51.36350286600003],[13.727352068000073,51.364710251000076],[13.739111251000054,51.361202020000064],[13.75315554100007,51.36594682700007],[13.757691732000069,51.37149459800003],[13.768966956000043,51.36939804600007],[13.762684593000074,51.36541218500008],[13.763252568000041,51.35902035100003],[13.767735944000037,51.36300780400006],[13.77652435400006,51.361990785000046],[13.78062486400006,51.36884769200003],[13.78794066000006,51.37090727200007],[13.80785531500004,51.372867804000066],[13.818971917000056,51.36949891300003],[13.835313221000035,51.37679],[13.835825894000038,51.381278474000055],[13.833190694000052,51.383838980000064],[13.863248931000044,51.38175706800007],[13.868276711000021,51.37691168300006],[13.883068070000036,51.375117439000064],[13.909994333000043,51.378968146000034],[13.90820470400007,51.38323341700004],[13.93898852500007,51.38911315200005],[13.956223629000021,51.39707171300006],[13.972343684000066,51.39382237700005],[13.970209088000047,51.37584092600008],[14.000697255000034,51.372595974000035],[13.99631843900005,51.38260759600007],[14.008315099000072,51.391981212000076],[14.003606916000024,51.393179866000025],[14.003563735000057,51.39561192300005],[14.013325116000033,51.39832306400007],[14.028091220000022,51.39593580500008],[14.025793873000055,51.40055182400005],[14.01701597400006,51.40047199600008],[14.015903684000023,51.40513789600004],[14.027438865000022,51.40831990300006],[14.036849739000047,51.41679777100006],[14.044589875000042,51.41875373400006],[14.04363998100007,51.42454968100003],[14.038245091000022,51.428443885000036],[14.046241449000036,51.42913477600007],[14.038161638000076,51.43557838100003],[14.06283710200006,51.445505756000045],[14.052588241000024,51.45250807300005],[14.055291852000039,51.46094820800005],[14.033005724000077,51.47510218900004],[14.038741996000056,51.47991067900006],[14.072593723000068,51.472087258000045],[14.087258361000067,51.47739668300005],[14.088733653000077,51.47937944000006],[14.073821672000065,51.49266749000003],[14.087760579000076,51.49396380300004],[14.095669631000021,51.49871695000007],[14.100577877000035,51.51416500200003],[14.107796743000051,51.52176056800005],[14.142359250000027,51.52280445200006],[14.133394535000036,51.52802834200003],[14.129730077000033,51.53386106000005],[14.130824201000053,51.53783115400006],[14.139565193000067,51.543986379000046],[14.175136187000021,51.53911689200004],[14.213017887000035,51.53981184700007],[14.228926526000066,51.53283939800008],[14.242108160000043,51.533090283000035],[14.245300211000028,51.531186975000026],[14.242488151000032,51.52875947800004],[14.247044376000076,51.527842390000046],[14.255807541000024,51.53231536200008],[14.274005492000072,51.53213036400007],[14.29308440400007,51.52511014400005],[14.322918395000045,51.51942604200008],[14.327360020000071,51.50736306200008],[14.332350139000027,51.50501826300007],[14.338110219000043,51.505911611000045],[14.342118094000057,51.51084382300007],[14.343553234000069,51.51711215700004],[14.339344061000077,51.518231437000054],[14.339930674000072,51.520762156000046],[14.353687643000058,51.520789464000075],[14.375866520000045,51.53313396400006],[14.386688683000045,51.53402059800004],[14.38715846100007,51.54177088400007],[14.398877065000022,51.54178904300005],[14.409437874000048,51.53720890400007],[14.44131101000005,51.544613782000056],[14.447770787000024,51.54206888400006],[14.446735377000039,51.552727607000065],[14.454070342000023,51.55637197900006],[14.499856904000069,51.559403667000026],[14.515453721000029,51.554234835000045],[14.525076059000071,51.55863081000007],[14.545185107000066,51.561777422000034],[14.547487209000053,51.56361751700007],[14.544438335000052,51.57361516200007],[14.560581838000076,51.573461320000035],[14.569635102000063,51.58119047800005],[14.580484355000067,51.58041002600004],[14.583063972000048,51.57463525600008],[14.599026234000064,51.57174985800003],[14.601777888000072,51.56133560500007],[14.60636646100005,51.557227871000066],[14.603744826000025,51.55511637200004],[14.609886946000074,51.55014978100007],[14.631581456000049,51.55082495700003],[14.639604106000036,51.55429112400003],[14.663996491000034,51.55454737200006],[14.674012757000071,51.55064535400004],[14.691142422000041,51.562786103000064],[14.695753441000022,51.57460670100005],[14.692759232000071,51.57633522200007],[14.706451662000063,51.576460163000036],[14.696647725000048,51.59666082600006],[14.711163819000035,51.59576490500007],[14.720612105000043,51.586361913000076],[14.729865561000054,51.581776998000066],[14.741484203000027,51.59258764900005],[14.751400069000056,51.59529442500008],[14.753271363000067,51.59923700600007],[14.764909531000058,51.60704414700007],[14.76322986300005,51.619144092000056],[14.753313268000056,51.62800865300005],[14.756128472000057,51.633052606000035],[14.754099419000056,51.64081236900006],[14.755889082000067,51.64572207600003],[14.750978830000065,51.652260899000055],[14.757547874000068,51.66150403200004],[14.753315580000049,51.664134610000076],[14.746769710000024,51.67617473100006],[14.73701264400006,51.67942662100006],[14.739457121000044,51.68342994100004],[14.736843624000073,51.68822742800006],[14.728954241000054,51.68851183100003],[14.701441248000037,51.70477359400007],[14.69091482500005,51.708273923000036],[14.677716598000075,51.722689298000034],[14.668123664000063,51.72583001800007],[14.662036845000046,51.73655944300003],[14.656214616000057,51.74130531700007],[14.660029474000055,51.74875790800007],[14.657620136000048,51.75353692600004],[14.663971331000027,51.757269147000045],[14.650456645000077,51.76207773800007],[14.65473644900004,51.76809056500008],[14.653569578000031,51.784286706000046],[14.649078854000038,51.787138138000046],[14.645118010000033,51.79581834700008],[14.636061227000027,51.797693639000045],[14.634008076000043,51.801008883000065],[14.608232947000033,51.80348217100004],[14.597153056000025,51.81730823300006],[14.590144373000044,51.82100999000005],[14.58961722600003,51.826469950000046],[14.593133450000039,51.83064615300003],[14.590157566000073,51.838145678000046],[14.596137331000023,51.842209781000065],[14.60519923000004,51.840414629000065],[14.60414034400003,51.84788840500005],[14.611884911000061,51.84505240200008],[14.607137537000028,51.85224439400008],[14.61159198200005,51.85742374900008],[14.62446923300007,51.85822905500004],[14.634635456000069,51.86538025900006],[14.644166608000035,51.86744432300003],[14.646779522000031,51.87231742600005],[14.652627782000025,51.87435635000003],[14.654571472000043,51.88336120100007],[14.661233314000071,51.88661077100005],[14.663117458000045,51.89051289500003],[14.674373175000028,51.889559004000034],[14.674470074000055,51.89441869500007],[14.694259159000069,51.90198462300003],[14.69126872000004,51.908056644000055],[14.699597406000066,51.91418574000005],[14.705491283000072,51.92355485300004],[14.70336833500005,51.93084698900003],[14.70715731200005,51.93587560700007],[14.71879873100005,51.94131038300003],[14.721230977000062,51.95116209100007],[14.70796157500007,51.96452575400008],[14.704708298000071,51.97661883300003],[14.716203829000051,51.98243378900003],[14.721392882000032,51.99381844700008],[14.714049733000024,52.003692208000075],[14.725246476000052,52.008232597000074],[14.726712042000031,52.01392883800003],[14.74131043500006,52.02341057500007],[14.740365482000072,52.02907540900003],[14.748263133000023,52.03183024100008],[14.74978202400007,52.04303842200005],[14.74571267500005,52.046544217000076],[14.745243138000035,52.05384989700008],[14.757254251000063,52.06066524200003],[14.759100958000033,52.06568982300007],[14.74128412300007,52.085227588000066],[14.724303474000067,52.09351556400003],[14.700347376000025,52.09811867500008],[14.687800938000066,52.10733486400005],[14.681595448000053,52.116651776000026],[14.684210178000058,52.12419082300005],[14.679584852000062,52.14492951400007],[14.703086894000023,52.16428480400003],[14.705415466000034,52.16962629400007],[14.701205075000075,52.180278943000076],[14.688102143000037,52.189270341000054],[14.685177147000047,52.19408442200006],[14.688541547000057,52.19890339800003],[14.708388065000065,52.21174671000006],[14.715746889000059,52.23588355100003],[14.692153980000057,52.255946031000065],[14.641353067000068,52.26365996100003],[14.617122685000027,52.27146793400004],[14.596478449000074,52.272932670000046],[14.591593094000075,52.27589212600003],[14.587539869000068,52.28349797700008],[14.576039610000066,52.28836671100004],[14.574751632000073,52.295562575000076],[14.584247669000035,52.30242731200008],[14.584921860000065,52.30645775900007],[14.578226630000074,52.31317124100008],[14.576201404000074,52.32148200300003],[14.561027668000065,52.328608418000044],[14.562495313000056,52.33981785900005],[14.552131323000026,52.353733342000055],[14.552123283000071,52.37405367400004],[14.53435722200004,52.395007777000046],[14.536063368000043,52.40138132800007],[14.546638479000023,52.41285147800005],[14.544211438000048,52.42597505300006],[14.54952744600007,52.43362290600004],[14.559397270000034,52.438964224000074],[14.57923730300007,52.44175116800005],[14.608794362000026,52.46386558900008],[14.613391530000058,52.47717391300006],[14.626526843000022,52.483821599000066],[14.63454116400004,52.49233735100006],[14.63537066200007,52.49637102200006],[14.631680963000065,52.501811874000055],[14.61273465100004,52.51038674800003],[14.603921495000066,52.53133983100008],[14.613355900000045,52.54401461600003],[14.615711198000042,52.55421072900003],[14.637292769000055,52.566288255000075],[14.639110578000043,52.572998863000066],[14.613708745000054,52.586612399000046],[14.60822515500007,52.59956886500004],[14.596155324000051,52.61066206600003],[14.567321796000044,52.623687317000076],[14.509676310000032,52.64160962300008],[14.465104603000043,52.66132556100007],[14.457750157000078,52.673930443000074],[14.450041118000058,52.67838790800005],[14.433023179000031,52.68147320300005],[14.423988266000038,52.69617415000005],[14.41348871300005,52.70083656500003],[14.40489591000005,52.71138829400007],[14.383717257000058,52.72561236200005],[14.373494847000075,52.73666379600007],[14.360871958000075,52.740614651000044],[14.351042391000021,52.75150720400006],[14.278810273000033,52.77445445600006],[14.230078708000065,52.80502555600003],[14.21749012400005,52.81687246100006],[14.143261916000029,52.82385129800008],[14.130087892000063,52.82831517100004],[14.122926948000043,52.83765710700004],[14.122984979000023,52.844028628000046],[14.129849055000022,52.85271723500006],[14.157714474000045,52.874754307000046],[14.161595565000027,52.88809495900006],[14.15231342900006,52.90064361800006],[14.15020404300003,52.91627962900003],[14.142646023000054,52.93324891200007],[14.144123657000023,52.94489730400005],[14.138846627000078,52.951779188000046],[14.143657775000065,52.96136543700004],[14.162226393000026,52.96527256600007],[14.170470403000024,52.97463749900004],[14.20685994300004,52.98754078400003],[14.235602409000023,52.99318832000006],[14.291619106000041,53.020010342000035],[14.312330816000042,53.03552212500006],[14.345426,53.05171191300008],[14.366157186000066,53.07936704800005],[14.371224280000035,53.09456330800003],[14.370173399000066,53.10459745400004],[14.379024142000048,53.11290406900008],[14.383248286000025,53.13697493800004],[14.387737259000062,53.143025686000044],[14.371107730000062,53.15728916300003],[14.366254964000063,53.17198864000005],[14.374580396000056,53.18781905000003],[14.37727299200003,53.20174829700005],[14.405216792000033,53.21022967200008],[14.408495733000052,53.22320352300005],[14.430808398000067,53.239132049000034],[14.435973244000024,53.24958736500008],[14.450268471000072,53.26055847400005],[14.445297666000045,53.27444507400003],[14.42121658700006,53.276136731000065],[14.41498745900003,53.30186581100003],[14.406774512000027,53.30871101400004],[14.415497625000057,53.32429933600008],[14.412381009000057,53.32959336200008],[14.39536669000006,53.328883346000055],[14.381543153000052,53.32388693000007],[14.376636296000072,53.31628239500003],[14.361642649000032,53.31756161700008],[14.361933978000025,53.315212072000065],[14.350244777000057,53.313755978000074],[14.348660478000056,53.30996973100008],[14.316569422000043,53.31233554700003],[14.313015457000063,53.30203174900004],[14.301670245000025,53.28913626900004],[14.301854254000034,53.28622360900005],[14.262188670000057,53.27660236100007],[14.266048356000056,53.25959485200008],[14.211057786000026,53.25481373300005],[14.200159461000055,53.261772386000075],[14.175976627000068,53.262071691000074],[14.160239071000035,53.26781071400006],[14.124789098000065,53.260225164000076],[14.098817346000033,53.26167191500008],[14.10356661700007,53.27486251300007],[14.109653481000066,53.28263829000008],[14.138809199000036,53.30232606000004],[14.184022256000048,53.32762657900008],[14.223406622000027,53.358563229000026],[14.231060008000043,53.36809468900003],[14.243144164000057,53.39232073000005],[14.243271522000043,53.39875990200005],[14.237361005000025,53.41468665200006],[14.24179050500004,53.42243725700007],[14.237712313000031,53.42734197800007],[14.224661388000072,53.43424798500007],[14.20591111400006,53.42302691000003],[14.176961664000032,53.42286728900007],[14.136759841000071,53.441001149000044],[14.134010057000069,53.439038151000034],[14.121843780000063,53.44170762200008],[14.105426101000035,53.42242613900004],[14.093922426000063,53.422119972000075],[14.082285812000066,53.41557589300004],[14.08222394300003,53.41091170300007],[14.071200818000023,53.41499366800008],[14.056612808000068,53.412515219000056],[14.050577998000051,53.41398786600007],[14.045604131000061,53.42942541900004],[14.00659107100006,53.43041088100006],[14.001216932000034,53.43499156300004],[13.962079708000033,53.429896936000034],[13.946492797000076,53.43081063000005],[13.916373270000065,53.42226627100007],[13.90755370900007,53.42623977100004],[13.902893509000023,53.43202501500008],[13.911394254000072,53.43653970500003],[13.906287562000045,53.44388294700008],[13.917505496000047,53.44652703100007],[13.918213428000058,53.455998470000054],[13.875591803000077,53.47346619700005],[13.884590220000064,53.48533669500006],[13.87622813300004,53.487014473000045],[13.873924621000072,53.490594920000035],[13.879268139000033,53.504139956000074],[13.848404712000047,53.514310590000036],[13.821728497000038,53.51811033900003],[13.823875041000065,53.52113695700007],[13.798463285000025,53.545689605000064],[13.800570522000044,53.55825461900008],[13.791347175000055,53.558577928000034],[13.784241891000022,53.551836266000066],[13.77637607400004,53.53129006000006],[13.78043103500005,53.52155303300003],[13.777657389000069,53.51370533800008],[13.792463027000053,53.51094196100007],[13.792107308000027,53.50821694100006],[13.801459747000024,53.49795631100005],[13.808974707000061,53.50180077400006],[13.827102382000021,53.498713707000036],[13.812079406000066,53.483943984000064],[13.802029984000058,53.47802707000005],[13.778939257000047,53.47421523100007],[13.752976128000057,53.47827558300003],[13.74137283600004,53.48580699900003],[13.73578132700004,53.481413056000065],[13.71539978100003,53.482260877000044],[13.702992187000063,53.47364517200003],[13.68036277300007,53.46523558100006],[13.671956383000065,53.45951218300007],[13.662562318000028,53.457739651000054],[13.65429993600003,53.45140336600008],[13.655230024000048,53.44757469800004],[13.651289689000066,53.44369090300006],[13.640500227000075,53.44723875200003],[13.633898245000069,53.43986754700006],[13.638886398000068,53.438055459000054],[13.637299504000055,53.43258406700005],[13.628841215000023,53.43199978300004],[13.636017347000063,53.42351863500005],[13.625216954000052,53.409302567000054],[13.619049677000021,53.40894641800003],[13.617607213000042,53.41301274400007],[13.610508935000041,53.41375914300005],[13.593482041000073,53.40778422400007],[13.589311434000024,53.40969702700005],[13.573618650000071,53.40809337500008],[13.564063525000051,53.400759461000064],[13.550112204000072,53.399081272000046],[13.549643067000034,53.39557596700007],[13.54620652400007,53.39419501800006],[13.556587112000045,53.391562745000044],[13.554175835000024,53.383068585000046],[13.550206570000057,53.38093642700005],[13.556795678000071,53.37963936500006],[13.556369896000035,53.376092380000046],[13.547431004000032,53.37189932900003],[13.54342450200005,53.36403224400004],[13.525997361000066,53.366346957000076],[13.516854329000068,53.35209251500004],[13.525261424000064,53.35102041700003],[13.524825383000064,53.34307168600003],[13.51963399500005,53.33796728300007],[13.522985669000036,53.33469155900008],[13.523531386000059,53.32008458400003],[13.510114440000052,53.317449416000045],[13.508991888000025,53.32190254400007],[13.502842524000073,53.327333245000034],[13.501791178000076,53.32469642800004],[13.507267352000042,53.31623291200003],[13.496419039000045,53.30663297400008],[13.497327261000066,53.30223162900006],[13.48306387200006,53.29120339600007],[13.461282870000048,53.288693039000066],[13.456501243000048,53.29304508300004],[13.456185332000075,53.297954994000065],[13.43820812100006,53.29973323400003],[13.434949826000036,53.294723015000045],[13.438730754000062,53.29198796700007],[13.434135608000076,53.28993918900005],[13.442401330000052,53.28648496400007],[13.435129711000059,53.28278236400007],[13.431510177000064,53.284551013000055],[13.42092044900005,53.269643563000045],[13.413260238000078,53.26302015700003],[13.40768375600004,53.26263086000006],[13.408572869000068,53.25837308900003],[13.403363082000055,53.24919569800005],[13.405174674000023,53.24641823500008],[13.386533825000072,53.244054609000045],[13.386110006000024,53.25047581100006],[13.382205447000047,53.25039680900005],[13.37063243800003,53.26175920500003],[13.368601805000026,53.271037834000026],[13.360450599000046,53.27799893300005],[13.349203210000042,53.27825848600003],[13.337075713000047,53.27342781600004],[13.297801779000054,53.28089250200003],[13.288152123000032,53.275202988000046],[13.28441560300007,53.27567465700008],[13.275313892000042,53.26506079400008],[13.252714248000075,53.26230544200007],[13.253699652000023,53.26007070300005],[13.247858123000071,53.25683792700005],[13.243751248000024,53.24869111600003],[13.251243006000038,53.24738983900005],[13.24364246600004,53.23947428300005],[13.239651352000067,53.23894298500005],[13.241967861000035,53.237137242000074],[13.236919208000074,53.227293270000075],[13.238833469000042,53.22550966600005],[13.229391856000063,53.21658689600008],[13.202681010000049,53.22212072200006],[13.190547885000058,53.234958489000064],[13.190395743000067,53.24069616500003],[13.181914294000023,53.25073407200006],[13.17520391100004,53.24717577400003],[13.170915087000026,53.25003334100006],[13.163796458000036,53.249759950000055],[13.152550302000066,53.24603817700006],[13.152220904000046,53.25111397900008],[13.137411603000032,53.24461811500004],[13.132976754000026,53.23731754200003],[13.123020069000063,53.24058719400006],[13.109925574000044,53.24022827600004],[13.103262174000065,53.23554035600006],[13.108277658000077,53.22554937000007],[13.105362281000055,53.22018390900007],[13.10656403300004,53.21515262500003],[13.097477165000043,53.21298986200003],[13.093809081000074,53.21708813500004],[13.087270012000033,53.21540015800008],[13.084375962000024,53.21305989900003],[13.085747713000046,53.21031050300007],[13.082057345000067,53.21005088100003],[13.078431849000026,53.204667966000045],[13.079532891000042,53.20018375500007],[13.073087272000066,53.20035539600008],[13.069129516000032,53.20364037200005],[13.042414509000025,53.196499403000075],[13.02801118900004,53.18559141700007],[13.018727499000022,53.18524596700007],[13.02003720700003,53.17570997000007],[13.009133315000042,53.172850089000065],[13.005102196000053,53.169648808000034],[13.006203606000042,53.167284675000076],[12.991544408000038,53.16855505600006],[12.984416800000076,53.166872487000035],[12.984364133000042,53.164246450000064],[12.980466333000038,53.16252656800003],[12.968517510000027,53.16636630000005],[12.965153981000071,53.17591444200008],[12.961513638000042,53.177737671000045],[12.947271597000054,53.172501304000036],[12.941998415000057,53.17431547000007],[12.947226859000068,53.17844698200008],[12.961382393000065,53.181022994000045],[12.96233314400007,53.18518590100007],[12.97943353200003,53.19055157100007],[12.976880937000033,53.197366456000054],[12.964244872000052,53.200391513000056],[12.948866528000053,53.199274],[12.937114713000028,53.19431551200006],[12.94392732600005,53.190922639000064],[12.942431011000053,53.18592652400008],[12.934397870000055,53.18822705000008],[12.919965668000032,53.186376848000066],[12.919265304000021,53.18805049500003],[12.928831954000032,53.19076546700006],[12.929737504000059,53.19441722000005],[12.91284190400006,53.19517415200005],[12.892039930000067,53.187950270000044],[12.88949229800005,53.18040471300003],[12.880109598000047,53.17969011800005],[12.867365551000034,53.18681314500003],[12.858871614000066,53.18817731300004],[12.845979184000043,53.20140215400005],[12.837911674000054,53.19725783300004],[12.824692308000067,53.19705096700005],[12.82078748500004,53.19341995800005],[12.817167563000055,53.196060534000026],[12.814871837000055,53.191976202000035],[12.810259421000069,53.19539973800005],[12.812925384000039,53.19740877300006],[12.808879483000055,53.19764702800006],[12.799087274000044,53.19106868100005],[12.790276595000023,53.19123387500008],[12.784920434000071,53.18784475100006],[12.764381357000048,53.18893054700004],[12.759146611000062,53.19500350800007],[12.739492982000058,53.19960159200008],[12.749508545000026,53.206328119000034],[12.757410986000025,53.224352804000034],[12.746882628000037,53.225474304000045],[12.722738169000024,53.22166880600008],[12.715794300000027,53.22451931900008],[12.68261400700004,53.22646068000006],[12.671179075000055,53.229504646000066],[12.663967039000056,53.23495059800007],[12.669438777000039,53.237110854000036],[12.665540964000058,53.23861854200004],[12.66623981500004,53.241555591000065],[12.675657612000066,53.24771916200007],[12.668288589000042,53.24816448100006],[12.66569127300005,53.25329118900004],[12.660557174000076,53.254409578000036],[12.62841923600007,53.25455521500004],[12.617282169000077,53.251502051000045],[12.606046712000023,53.24439545700005],[12.549913353000022,53.26198050000005],[12.529768323000042,53.264788321000026],[12.50240059500004,53.262172289000034],[12.502785766000045,53.257778210000026],[12.497630934000028,53.255200871000056],[12.467090953000024,53.256234231000064],[12.445312164000029,53.24992826400006],[12.431579877000047,53.262580220000075],[12.432064053000033,53.27081302700003],[12.428008562000059,53.27498756300008],[12.40984276000006,53.27967994000005],[12.400425054000038,53.279186191000065],[12.391832331000046,53.28505686400007],[12.398232221000058,53.29465908000003],[12.394247808000046,53.301805355000056],[12.363312774000065,53.306711318000055],[12.342998588000057,53.31591520900008],[12.311021588000074,53.32321816100006],[12.310765272000026,53.32724170900008],[12.291303295000034,53.32867678900004],[12.260207483000045,53.32391218400005],[12.257467804000044,53.32501898900006],[12.26000736100002,53.32772280700004],[12.245293925000055,53.33301354100007],[12.236430164000069,53.34197901500005],[12.229435329000069,53.358160532000056],[12.212185135000027,53.35316106300007],[12.191119707000041,53.353951090000066],[12.186214747000065,53.350701729000036],[12.186848423000072,53.34333491600006],[12.16856047400006,53.33911698000003],[12.156507838000039,53.34971713700003],[12.151951147000034,53.36150523600003],[12.141261634000045,53.35905514900003],[12.139441255000065,53.36141672200006],[12.139196037000033,53.35468327500007],[12.134450322000077,53.348430378000046],[12.108576477000042,53.34966499700005],[12.109173054000053,53.343806106000045],[12.092089179000027,53.344856410000034],[12.08207756400003,53.34629866300003],[12.077546787000074,53.36938681400005],[12.06162346900004,53.371419407000076],[12.045284959000071,53.37098764500007],[12.051371611000036,53.36686881500003],[12.047403818000078,53.36123918800007],[12.05151846800004,53.36022091400008],[12.052881334000062,53.35328192700007],[12.05733934500006,53.34934209900007],[12.038711891000048,53.34508211700006],[12.014610854000068,53.33442360000004],[12.02207512900003,53.321288749000075],[12.018506051000031,53.31543469300004],[12.02363949200003,53.30414308600007],[12.018530148000025,53.29959472200005],[12.00282055200006,53.299644269000055],[11.99706674500004,53.29390563700008],[11.987695475000066,53.29566106900006],[11.986470175000022,53.299825422000026],[11.97385789200007,53.29915948900003],[11.965708627000026,53.28522627000007],[11.956217494000043,53.27879627900006],[11.95424878700004,53.273809035000056],[11.948063009000066,53.27176964900008],[11.945417853000038,53.27433594000007],[11.90470149400005,53.27459044100004],[11.892603005000069,53.278981130000034],[11.892739642000038,53.27275746400005],[11.88986116700005,53.26905112800006],[11.86685903700004,53.25655141800007],[11.86174684200006,53.24821692000006],[11.816670405000025,53.25418942700003],[11.796067194000045,53.25334819600005],[11.803565087000038,53.246864154000036],[11.817224964000047,53.24525139800005],[11.829610195000043,53.23650808300005],[11.832991271000026,53.23203560500008],[11.828733236000062,53.231225582000036],[11.828893642000025,53.22865502600007],[11.808470316000069,53.22644874000008],[11.769071032000056,53.22749111300004],[11.748356827000066,53.219911954000054],[11.729329797000048,53.21715177500005],[11.727526668000053,53.231664583000054],[11.714625445000024,53.230507654000064],[11.707371631000058,53.23423767500003],[11.708523591000073,53.23749637200007],[11.700017775000049,53.243977965000056],[11.690951935000044,53.24175642200004],[11.66701112100003,53.24421851200003],[11.653620229000069,53.23916771000006],[11.640199166000059,53.23864798300008],[11.629237266000075,53.24222453700003],[11.619700986000055,53.23768329400008],[11.616845770000054,53.23060384000007],[11.599042680000025,53.22498278300003],[11.588957117000064,53.21584109200006],[11.57607740700007,53.212025750000066],[11.561553999000068,53.21241649500007],[11.551586451000048,53.20840728500008],[11.560579867000058,53.20267318600003],[11.556709603000058,53.194243174000064],[11.559785657000077,53.187410354000065],[11.557823814000074,53.184858570000074],[11.567079706000072,53.18249488300006],[11.562553250000065,53.175827026000036],[11.568932413000027,53.17047659200006],[11.569364935000067,53.166094858000065],[11.555869293000057,53.154093990000035],[11.556524811000031,53.15041946400004],[11.550083332000042,53.151074331000075],[11.555961848000038,53.13877893700004],[11.546942806000061,53.13474634100004],[11.548510908000026,53.13082253400006],[11.536372313000072,53.12924201700008],[11.534572129000026,53.125318348000064],[11.510049323000032,53.12554328200008],[11.502223232000063,53.121386090000044],[11.500484064000034,53.12642114600004],[11.484081342000025,53.129033365000055],[11.47343008300004,53.127251493000074],[11.473707470000022,53.134609443000045],[11.46083519800004,53.14023122400005],[11.438672635000046,53.13669280900007],[11.42176424400003,53.14094835700007],[11.413903223000034,53.13669801300006],[11.39562750500005,53.14000024000006],[11.39180096900003,53.12965422600007],[11.400568233000058,53.11581842900006],[11.393767787000058,53.11030257200008],[11.386792658000047,53.11255116400008],[11.370908393000036,53.11155586000007],[11.368992277000075,53.11436304500006],[11.360716253000021,53.11622115500006],[11.336617515000057,53.11374620400005],[11.324723649000077,53.119301731000064],[11.300001277000035,53.11641859200006],[11.290417442000034,53.116903464000075],[11.282967055000029,53.12143720600005],[11.265731921000054,53.12197789600003],[11.268410889000052,53.11705280400008],[11.267754387000025,53.104192838000074],[11.273159371000077,53.09721873700005],[11.287694629000043,53.08675819200005],[11.30977406200003,53.07786066800003],[11.328500032000022,53.06084246800003],[11.338867152000034,53.05509894100004],[11.357579474000033,53.05593980400005],[11.402588918000049,53.07237272900005],[11.448379406000072,53.07838158200008],[11.46377473900003,53.07442225800003],[11.505903623000052,53.04904482900008],[11.523780872000032,53.04713588900006],[11.548103728000058,53.05239336200003],[11.562944271000049,53.042213651000054],[11.584661655000048,53.035306725000055],[11.62200400300003,53.04170273500006],[11.639365586000054,53.03871875200008],[11.641496738000058,53.03285488400007],[11.627029453000034,53.02166134500004],[11.626327036000077,53.01264737000008],[11.633267079000063,53.007892337000044],[11.645753077000052,53.005384039000035],[11.667740249000076,53.00967898200008],[11.67716506000005,53.008137230000045],[11.68405776000003,52.99974024000005],[11.683024795000051,52.98615581000007],[11.692083658000058,52.97840706300008],[11.702569302000029,52.97780947900003],[11.732019555000022,52.98856536100004],[11.743789794000065,52.98854467500007],[11.764192987000058,52.981411405000074],[11.786303885000052,52.96095827500005],[11.828901276000067,52.95727341700007],[11.844216635000066,52.95268081300003],[11.84938171300007,52.94725563900005],[11.847927457000026,52.94103150600006],[11.829515940000022,52.930596827000045],[11.82309213700006,52.92325763700006],[11.825011418000031,52.91577354100008],[11.833997503000035,52.910361117000036],[11.87150837300004,52.90887382500006],[11.897335380000072,52.89336244400005],[11.932252961000074,52.89157895000005],[11.948984159000076,52.88767578800008],[11.959444723000047,52.87992750700005],[11.981550252000034,52.876028785000074],[11.987251447000062,52.87673249200003],[11.990478383000038,52.881216161000054],[12.005318257000056,52.88179761400005],[12.006119543000068,52.88746193000003],[12.022614193000038,52.89037025700003],[12.029225197000073,52.88814592500006],[12.042999627000029,52.88885315400006],[12.048152623000021,52.88591360600003],[12.060866136000072,52.88816821200004],[12.067544847000022,52.88614075600003],[12.066279895000037,52.883730177000075],[12.076475092000067,52.886396424000054],[12.081150527000034,52.88248120600008],[12.081383322000022,52.87708188000005],[12.112623069000051,52.87572909100004],[12.114695751000056,52.88212579600008],[12.124601270000028,52.89358591000007],[12.128485434000027,52.89264882700007],[12.122621712000068,52.88850155000006],[12.120213079000052,52.875513915000056],[12.133116363000056,52.865776106000055],[12.123714704000065,52.85379583500003],[12.17218949900007,52.86470204300008],[12.196936529000027,52.87797799000003],[12.199950173000047,52.870876330000044],[12.20838715900004,52.866495257000054],[12.209955490000027,52.862416945000064],[12.21405629800006,52.86166701900004],[12.217391247000023,52.865984482000044],[12.234056796000061,52.85937765300008],[12.231875312000057,52.85066733500008],[12.239683487000036,52.843675835000056],[12.237256642000034,52.83928724500004],[12.243669638000028,52.82068541500007],[12.257536445000028,52.804908485000055],[12.252488903000028,52.803731396000046],[12.25558105400006,52.79859627900004],[12.247724129000062,52.79651529600005],[12.24920329300005,52.79186223000005],[12.244659900000045,52.78722398000008],[12.22017640200005,52.790127959000074],[12.223558487000048,52.787049083000056],[12.223507288000064,52.77569648900004],[12.213132486000063,52.773607420000076],[12.211847443000067,52.766016894000074],[12.214868624000076,52.76399556100006],[12.208377036000059,52.76367352900007],[12.205958399000053,52.76091054600005],[12.20916025300005,52.75318039700005],[12.219447051000031,52.75091493900004],[12.221290544000055,52.74522434200003],[12.218424184000071,52.74352921700006],[12.223168686000065,52.73974733600005],[12.220553305000067,52.736483745000044],[12.20943550800007,52.73520214500007],[12.209361768000065,52.73204412100006],[12.201294289000032,52.729003807000026],[12.20595688800006,52.726513956000076],[12.202771815000062,52.72598731200003],[12.204706223000073,52.72497034700007],[12.197548537000046,52.718375034000076],[12.204802979000021,52.71982484800003],[12.209843553000042,52.717622188000064],[12.210181761000058,52.71546574600006],[12.203919018000022,52.713352618000044],[12.224185488000046,52.70278539100008],[12.217541893000032,52.69982185500004],[12.220878966000043,52.69043918700004],[12.222773723000046,52.68845079500005],[12.232876671000042,52.68904403700003],[12.226812306000056,52.683797163000065],[12.235381460000042,52.68036464000005],[12.239352076000046,52.671736011000064],[12.239299319000054,52.66581847100008],[12.23457905500004,52.66436447600006],[12.237942403000034,52.66250106100006],[12.233794201000023,52.659673412000075],[12.235514385000045,52.65444995200005],[12.23252380200006,52.65361139400005],[12.237890105000076,52.64555626400005],[12.236677149000059,52.64097750500008],[12.231001580000054,52.63988964600003],[12.230845915000032,52.62975503000007],[12.236872557000027,52.62887701900007],[12.21264848100003,52.62509989700004],[12.203537040000072,52.618746126000076],[12.171970158000022,52.625946604000035],[12.169133258000045,52.61675393000007],[12.17556836600005,52.617330424000045],[12.170771062000028,52.61233298500008],[12.170287783000049,52.60769850600008],[12.176565310000058,52.60646920900007],[12.173397801000021,52.59959633500006],[12.173384733000034,52.58225489500006],[12.176727824000068,52.57649686900004],[12.181078091000074,52.575177085000064],[12.159309610000037,52.560990255000036],[12.149438533000023,52.54054656300008],[12.143487783000069,52.536867606000044],[12.144917253000074,52.53327827900006],[12.141811423000036,52.52839423900008],[12.154636380000056,52.52969639300005],[12.158198182000035,52.53421666500003],[12.173888412000053,52.53869239900007],[12.17960389700005,52.533663509000064],[12.188689499000077,52.53242278000005],[12.185466796000071,52.52702032700006],[12.16729483100005,52.51498540800003],[12.170367014000021,52.50697482100003],[12.184704165000028,52.49577607100008],[12.19058476300006,52.49886601700007],[12.203974412000036,52.49787678400003],[12.211499986000035,52.50313123400008],[12.221679470000026,52.50066541800004],[12.227764066000077,52.505948458000034],[12.223998206000033,52.511525455000026],[12.232182740000042,52.51692212700004],[12.231046923000065,52.52187679000008],[12.23611741600007,52.52371982500006],[12.246767472000045,52.51886145900005],[12.25821619800007,52.51788540100006],[12.259921744000053,52.50423264400007],[12.270083396000075,52.50099836000004],[12.262451997000028,52.49547016200006],[12.27000517600004,52.49367108700005],[12.271445311000036,52.48748083800007],[12.278450016000022,52.487149110000075],[12.286198440000021,52.492575206000026],[12.293906418000063,52.49226072000005],[12.297479052000028,52.49617739400003],[12.31012923000003,52.490761312000075],[12.32988928800006,52.49686037100008],[12.327666002000058,52.49141276800003],[12.313051599000062,52.48970861200007],[12.309361243000069,52.48626484200008],[12.308295310000062,52.48028980000004],[12.316429795000033,52.47486893400003],[12.330781529000035,52.478555665000044],[12.325258974000064,52.47209066800008],[12.325116194000032,52.46423058800008],[12.315081152000062,52.460460212000044],[12.316683686000033,52.452384848000065],[12.304342700000063,52.450501519000056],[12.303247388000045,52.445957100000044],[12.307568269000058,52.44430900500004],[12.302287678000027,52.438811764000036],[12.302675223000051,52.43449313900004],[12.289252414000032,52.43069493200005],[12.296989636000035,52.423778080000034],[12.274469664000037,52.41606189200007],[12.27484240900003,52.41226761000007],[12.292336440000042,52.40753710600006],[12.299401276000026,52.40911379500005],[12.30232598400005,52.40501281200005],[12.30329161000003,52.39754966600003],[12.295366167000054,52.392423672000064],[12.29180744100006,52.38614361000003],[12.294265474000042,52.38141999700008],[12.305989508000039,52.37743324300004],[12.300648290000026,52.37108683000008],[12.286094407000064,52.36887632200006],[12.283811381000021,52.36425454600004],[12.297977372000048,52.353278620000026],[12.297746123000024,52.350799134000056],[12.308127562000038,52.34469653200006],[12.290055733000031,52.323002323000026],[12.28153026800004,52.318416281000054],[12.272981507000054,52.30477498800008],[12.26276517100007,52.29507163200003],[12.250944382000057,52.272593957000026],[12.25126885800006,52.26416290800006],[12.254671783000049,52.26188514000006],[12.24464806900005,52.24843817400006],[12.261541515000033,52.246087577000026],[12.258007992000046,52.243153042000074],[12.27068074400006,52.24172249800006],[12.275263788000075,52.23627385800006],[12.261745499000028,52.236098526000035],[12.264532505000034,52.233547429000055],[12.283780377000028,52.23451276000003],[12.286883443000022,52.230102457000044],[12.297276877000058,52.22754538000004],[12.293020654000031,52.22403749100005],[12.288915683000027,52.22543942200008],[12.278827849000038,52.21704285100003],[12.267668206000053,52.21450870100006],[12.26026471800003,52.21645071300003],[12.248921059000054,52.21173724000005],[12.245249263000062,52.20738894200008],[12.25367519200006,52.20564634500005],[12.241800133000027,52.19427700700004],[12.248291792000032,52.184222874000056],[12.241560411000023,52.181981918000076],[12.228585191000036,52.18598478200005],[12.21678313700005,52.17006860100008],[12.23400384200005,52.16279355900008],[12.231304279000028,52.15495143600003],[12.245320008000022,52.13873301600006],[12.265110134000054,52.13065982400008],[12.271963650000032,52.11005387500006],[12.276724288000025,52.10401798000004],[12.292239007000035,52.101383800000065],[12.300142163000032,52.096217393000074],[12.31582350800005,52.09237191600005],[12.32903021800007,52.069631591000075],[12.34808507300005,52.05929658800005],[12.359777396000027,52.04650008600004],[12.389599427000064,52.043565769000054],[12.398216700000035,52.035647192000056],[12.40928853400004,52.02907103000007],[12.420203660000027,52.02652447000003],[12.430227854000066,52.01830613800007],[12.450002444000063,52.01621286400007],[12.453018880000059,52.02604833300006],[12.460757553000064,52.03472050000005],[12.48061535100004,52.033335116000046],[12.484955700000057,52.01714983000005],[12.498826522000059,52.008922889000075],[12.536306598000067,52.002880024000035],[12.54083889900005,51.98816625300003],[12.539394591000075,51.98488894400003],[12.603019491000055,51.98108668500004],[12.615160260000039,51.98228125700007],[12.61439705600003,51.99172329500004],[12.644748195000034,51.99437984900004],[12.648597032000055,52.00831105300006],[12.65650252100005,52.01293960700008],[12.669186684000067,52.01288074400003],[12.68252160000003,52.00332298700005],[12.711938186000054,51.99986576500004],[12.711672812000074,51.99727063000006],[12.729640934000031,51.98896386000007],[12.755476102000046,51.98639142800005],[12.75924616900005,51.982176880000054],[12.774325113000032,51.97835995100007],[12.776552541000058,51.97657148700006],[12.777612700000077,51.96459096500007],[12.811265511000045,51.962565131000076],[12.844153643000027,51.96773396900005],[12.845282,51.962711263000074],[12.850254884000037,51.95869847100005],[12.852730179000048,51.93500529000005],[12.888171517000046,51.934769180000046],[12.890424131000032,51.92838025000003],[12.917461899000045,51.932691387000034],[12.918371523000076,51.939359531000036],[12.960567963000074,51.93491054300006],[12.95597430500004,51.92265712200003],[12.976535928000033,51.91986343600007],[12.972664852000037,51.90088114100007],[12.986081352000042,51.904108773000075],[13.009859056000039,51.90278411400004],[13.021779435000042,51.89685164900004],[13.022773444000052,51.903230016000066],[13.045407862000047,51.90051510700005],[13.048537912000029,51.891860431000055],[13.037566139000035,51.89088104000007],[13.039438526000026,51.88247030300005],[13.037293433000059,51.88025695200008],[13.029163736000044,51.881042414000035],[13.039239290000069,51.87091214700007],[13.080548074000035,51.867478067000036],[13.08500523400005,51.87401641500003],[13.096239343000036,51.87288021200004],[13.11899345200004,51.87654083500007],[13.119075142000042,51.882829041000036],[13.132335236000074,51.88248822700007],[13.132026758000052,51.879551442000036],[13.138950996000062,51.87951209000005],[13.142228110000076,51.87255680900006],[13.149604230000023,51.87233145700003],[13.150913369000023,51.859610359000044],[13.123477553000043,51.85782061900005],[13.123535766000032,51.854592541000045],[13.135552091000022,51.83280346400005],[13.142163335000077,51.82858870900003],[13.139141408000057,51.82469282400007],[13.142089515000066,51.82065462400004],[13.148523437000051,51.820543591000046],[13.147529490000068,51.81793735300005],[13.15367918000004,51.81490629900003],[13.16301128400005,51.80201799400004],[13.159957131000056,51.79969213900006],[13.160696206000068,51.79718211000005],[13.158470924000028,51.797610106000036],[13.162691590000065,51.79306857300003],[13.15799461100005,51.78844815300005],[13.170103761000064,51.78702373700003],[13.16870808300007,51.78277037600003],[13.16003872300007,51.783928478000064],[13.159798632000047,51.77459014900006],[13.147481829000071,51.76663853300005],[13.155834024000058,51.76457021500005],[13.14985352900004,51.75926715000003],[13.163294686000029,51.75493602900008],[13.16270984700003,51.75054329000005],[13.158333697000046,51.75095755800004],[13.154010380000045,51.744247947000076],[13.160751933000029,51.73986955200007],[13.164127394000047,51.74188858600007],[13.168417419000036,51.73869668900005],[13.167154722000078,51.73538412600004],[13.179535239000074,51.73117069700004],[13.183252670000059,51.72324194600003],[13.186499526000034,51.72211077600008],[13.184265784000047,51.71991011800003],[13.18707161900005,51.71562451400007],[13.16547919900006,51.71755585900007],[13.170906049000052,51.71200307700008],[13.170109944000046,51.70808682000006],[13.161730164000062,51.71297463700006],[13.155100575000063,51.710786882000036],[13.161264645000074,51.69498595700003],[13.156144751000056,51.69472950000005],[13.162459540000043,51.691815133000034],[13.154528682000034,51.68670591700004],[13.051025247000041,51.64767715500005]],[[13.480055494000055,52.67464638200005],[13.475647695000077,52.66628065700007],[13.488219322000077,52.67055116600005],[13.485294839000062,52.65913131900004],[13.490831410000055,52.65472873400006],[13.512781529000051,52.64556195000006],[13.518873170000063,52.64747079400007],[13.523100123000063,52.645430195000074],[13.517698658000029,52.629635919000066],[13.505817351000076,52.625828382000066],[13.505351602000076,52.61955823200003],[13.49675228500007,52.60509353900005],[13.499003893000065,52.60516361400005],[13.508153615000026,52.592183257000045],[13.522430212000074,52.592852503000074],[13.54711210000005,52.58788476600006],[13.559860799000035,52.58177506000004],[13.567569499000058,52.573740128000054],[13.581539702000043,52.570881943000074],[13.587494309000022,52.55526701900004],[13.585387118000028,52.54847164300003],[13.635358749000034,52.54162879300003],[13.631941233000077,52.53814436000005],[13.626732385000025,52.537748572000055],[13.625906814000075,52.53014637500007],[13.656895568000039,52.52986951200006],[13.65857246400003,52.525811152000074],[13.633318830000064,52.51182618800004],[13.624670748000028,52.495184263000056],[13.630800435000026,52.49412005100004],[13.615010815000062,52.48082505600007],[13.613538252000069,52.47575062000004],[13.616397385000027,52.47489353000003],[13.611517293000077,52.47062733400003],[13.625508627000045,52.468356508000056],[13.62580803800006,52.473713356000076],[13.640613124000026,52.47948463300003],[13.648215010000058,52.47878196000005],[13.670661020000068,52.473061991000066],[13.682599380000056,52.46618485100004],[13.696824930000048,52.46416044600005],[13.698432701000058,52.45508021900008],[13.705365294000046,52.45576642800006],[13.704051924000055,52.46423824100003],[13.699191031000055,52.468202218000044],[13.701324133000071,52.46814548200007],[13.716447655000024,52.46219428900008],[13.729112161000046,52.45059682400006],[13.75321991100003,52.44759765900005],[13.75410721000003,52.44317174400004],[13.759028644000068,52.44257936500003],[13.759587219000025,52.436271883000074],[13.752296088000037,52.43708146100005],[13.754215103000035,52.44161149900003],[13.75053611800007,52.441458956000076],[13.744060180000076,52.438069116000065],[13.743118130000028,52.43399868900008],[13.737958595000066,52.434137759000066],[13.742053909000049,52.42966148900007],[13.741384526000047,52.426915964000045],[13.737906269000064,52.42687467800005],[13.72951353600007,52.41739346700007],[13.738749108000036,52.40732177700005],[13.735165969000036,52.40600103500003],[13.734537746000058,52.40197606900006],[13.723344804000021,52.39858611500006],[13.716436629000043,52.399527437000074],[13.698993340000072,52.390163218000055],[13.697771647000025,52.39190743900008],[13.690664760000061,52.385570494000035],[13.686711976000026,52.38581835000008],[13.688061986000037,52.38291036600003],[13.69863315300006,52.38158504100005],[13.696875512000076,52.377553996000074],[13.700507629000072,52.37795234200007],[13.699997283000073,52.37512134100007],[13.690564104000032,52.36737871100007],[13.680318766000028,52.369315914000026],[13.671080361000065,52.36635565700004],[13.665887636000036,52.35839110100005],[13.656975622000061,52.35157147900003],[13.651077889000021,52.34266639300006],[13.65172295800005,52.33945761600006],[13.642645204000075,52.34001231800005],[13.636291071000073,52.34703792500005],[13.638637533000065,52.36016167900004],[13.647105428000032,52.366875468000046],[13.64680609100003,52.37016052700005],[13.641696955000043,52.370953943000075],[13.643364633000033,52.37739092600003],[13.633391387000074,52.37628389000008],[13.627949924000063,52.38179067000004],[13.604438755000047,52.37420620200004],[13.606295661000047,52.37964332700005],[13.595228554000073,52.38682411500008],[13.592762117000063,52.394169688000034],[13.564905286000055,52.38828584100003],[13.535663613000054,52.38901045500006],[13.538379367000061,52.40067906500008],[13.528263238000022,52.39839621600004],[13.515165086000025,52.40143491300006],[13.479884998000045,52.39599663400003],[13.468337476000045,52.41943196700004],[13.462321603000078,52.42062443700007],[13.418772686000068,52.40991740700008],[13.427585365000027,52.386823993000064],[13.420984876000034,52.37624714200007],[13.388520782000057,52.37796846700007],[13.387216841000054,52.388584164000065],[13.370454231000053,52.38846390000003],[13.37213521600006,52.39382382500003],[13.343028478000065,52.407674170000064],[13.343248653000046,52.41161993900005],[13.311926097000025,52.399185473000045],[13.29613013200003,52.41645128600004],[13.274457570000038,52.40513699100006],[13.249844004000067,52.404964790000065],[13.245797292000077,52.42080114700008],[13.222287982000068,52.42035668200003],[13.195566840000026,52.415094828000065],[13.159345751000046,52.40287994900007],[13.157827476000023,52.396362158000045],[13.17135668900005,52.39776296300005],[13.171521556000073,52.39583346300003],[13.158888704000049,52.39390889900005],[13.142612288000066,52.396544789000075],[13.132249470000033,52.38940202800006],[13.133589439000048,52.38691590500008],[13.127094379000027,52.38928089900003],[13.127464902000042,52.39159455400005],[13.132411919000049,52.391423263000036],[13.138116669000055,52.395392712000046],[13.136390486000039,52.39818128600007],[13.124875684000074,52.39687959200006],[13.111635766000063,52.40422328000005],[13.10793181400004,52.40947752400007],[13.112596393000047,52.410019076000026],[13.11157057500003,52.413136620000046],[13.10322506500006,52.41022242300005],[13.097221507000029,52.41245465700007],[13.097294256000055,52.40938448300005],[13.09063599700005,52.411813884000026],[13.08833321800006,52.41961143600008],[13.09959688500004,52.425304753000034],[13.104618626000047,52.42405321800004],[13.123176543000056,52.43936454700008],[13.109223276000023,52.450619509000035],[13.112580018000074,52.459203384000034],[13.110798677000048,52.46606301300005],[13.116916841000034,52.47244512700007],[13.11779830000006,52.47896793700005],[13.125284573000044,52.480217682000045],[13.166457606000051,52.51012429000008],[13.143010193000066,52.51967552600007],[13.117392920000043,52.516995327000075],[13.119733094000026,52.531044886000075],[13.130617438000058,52.55635397000003],[13.13629581400005,52.55274763400007],[13.145664779000072,52.55291135900006],[13.145955110000045,52.56007663100007],[13.152953085000036,52.57278142700005],[13.149603266000042,52.58331095600005],[13.132092465000028,52.57969904300006],[13.128096954000057,52.58309743600006],[13.128987291000044,52.58744210400005],[13.143990863000056,52.589743147000036],[13.157099322000022,52.59760616800003],[13.16426315700005,52.59890033100004],[13.206626308000068,52.586742463000064],[13.217336442000033,52.58745559300007],[13.217819502000054,52.59322171000008],[13.201606489000028,52.606381329000044],[13.21698464900004,52.62011856200007],[13.22068327200003,52.62817872100004],[13.264274727000043,52.626927970000054],[13.265225956000052,52.634419887000035],[13.262156275000052,52.64075298900008],[13.28244070900007,52.641295358000036],[13.282884652000064,52.660784668000076],[13.310033892000035,52.657376009000075],[13.300377555000068,52.65346984200005],[13.30925742100004,52.64314039100003],[13.307860409000057,52.63762074400006],[13.303111836000028,52.63666918800004],[13.308309030000032,52.629691534000074],[13.302422603000025,52.627560602000074],[13.31312183800003,52.628382714000054],[13.336480521000055,52.62267108900005],[13.344613421000076,52.62476549500008],[13.357296057000042,52.62317467400004],[13.375992930000052,52.62929259500004],[13.374375348000058,52.63152160000004],[13.388682712000048,52.637613894000026],[13.396712093000076,52.64830139700007],[13.406997440000055,52.64242099900008],[13.412828153000078,52.64358542600007],[13.424365185000056,52.63563046100006],[13.433778784000026,52.637975968000035],[13.434104109000032,52.64428548800004],[13.439898546000052,52.645332523000036],[13.440932073000056,52.64912302000005],[13.459848420000071,52.64810317700005],[13.469996225000045,52.65207483900008],[13.473894061000067,52.65661361400004],[13.462333171000068,52.65746449900007],[13.45084091700005,52.662722174000066],[13.459511426000063,52.66893558800007],[13.465965381000046,52.667148559000054],[13.475393917000076,52.674917150000056],[13.480055494000055,52.67464638200005]]],[[[12.275204045000066,52.23105054900003],[12.264446159000045,52.23171338700007],[12.273664259000043,52.22877921700007],[12.275204045000066,52.23105054900003]]],[[[12.286255987000061,52.22745841900007],[12.279125023000063,52.22941792600005],[12.276546163000035,52.22829564800003],[12.286255987000061,52.22745841900007]]],[[[12.217115001000025,52.86199253900003],[12.222307577000038,52.862548547000074],[12.221316314000035,52.86381264900007],[12.217115001000025,52.86199253900003]]]]}},{"type":"Feature","id":null,"properties":{"shapeName":"Bremen","shapeISO":"DE-HB","shapeID":"10402087B44391416804171","shapeGroup":"DEU","shapeType":"ADM1","_puzzle_simplification_tolerance":0.0017192,"name_en":"Bremen","name_zh":"Bremen一级行政区"},"geometry":{"type":"MultiPolygon","coordinates":[[[[8.615217568000048,53.195910920000074],[8.613037882000071,53.19856578200006],[8.611903031000054,53.19744233700004],[8.615217568000048,53.195910920000074]]],[[[8.517333845000053,53.228496507000045],[8.481735119000064,53.22644954400005],[8.504711920000034,53.20078605400005],[8.515326324000057,53.19797929200007],[8.535954642000036,53.18652686100006],[8.58167992600005,53.17359377500003],[8.619465302000037,53.16752076000006],[8.623602817000062,53.16321230300008],[8.62692708700007,53.14588117100004],[8.631066568000051,53.13817561700006],[8.65159815800007,53.12205077100003],[8.650097178000067,53.118269456000064],[8.651966922000042,53.11644542000005],[8.657680503000051,53.11849192900007],[8.65489861900005,53.10886458700003],[8.669831092000038,53.102974704000076],[8.664919093000037,53.09462714300008],[8.666494272000023,53.091558801000076],[8.674082012000042,53.08669200700007],[8.700762705000045,53.08229426200006],[8.70915481000003,53.075908336000055],[8.710242304000076,53.06659803800005],[8.706861642000035,53.05259146900005],[8.709801138000046,53.046018221000054],[8.731491654000024,53.03493253400006],[8.73485762200005,53.034693547000074],[8.733754852000061,53.037285317000055],[8.742761634000033,53.040734017000034],[8.756270723000057,53.038780544000076],[8.754737151000029,53.04284127400007],[8.763153719000059,53.04626986100004],[8.762224722000042,53.05083167200007],[8.770704766000051,53.05340697300005],[8.772699447000036,53.04511763800008],[8.778297674000044,53.03966668600003],[8.80948416900003,53.030904116000045],[8.822005429000058,53.021266773000036],[8.838098311000067,53.018420924000054],[8.849840640000025,53.02337120800007],[8.847535183000048,53.017676977000065],[8.850792364000029,53.01660776300008],[8.854025742000033,53.020777089000035],[8.866756114000054,53.02211723700003],[8.868606499000066,53.02492050500007],[8.864989860000037,53.02714701000008],[8.861867115000052,53.03617788400004],[8.863378373000046,53.04049625700003],[8.86700616500002,53.040832616000046],[8.867234972000062,53.03300381400004],[8.88457995300007,53.02325387900004],[8.891157226000075,53.01538987600003],[8.91582704800004,53.011021380000045],[8.921475369000063,53.01233552900004],[8.921862030000057,53.01487622800005],[8.935915522000073,53.01366704000003],[8.93813043700004,53.024985643000036],[8.945935056000053,53.02483920200007],[8.94568549500002,53.030484020000074],[8.966785902000026,53.036849561000054],[8.98026713400003,53.04674705800005],[8.96977985600006,53.056848228000035],[8.963728920000051,53.057426218000046],[8.962676143000067,53.061146747000066],[8.967714074000071,53.06356439500007],[8.96357727800006,53.07174092200006],[8.965735402000064,53.08270146000007],[8.961377207000055,53.08521811400004],[8.96567649900004,53.090001587000074],[8.990913202000058,53.09667276300007],[8.988372047000041,53.09847552000008],[8.981523848000052,53.09649345400004],[8.970474094000053,53.10157042700007],[8.96298904200006,53.10029863800003],[8.959388733000026,53.110170468000035],[8.947017837000033,53.116100810000034],[8.984185253000021,53.12607093100007],[8.980214362000027,53.13157798800006],[8.97071007300002,53.13407579900007],[8.956631110000046,53.14724130500008],[8.945082912000032,53.15201299200004],[8.920907502000034,53.14465435800008],[8.921026201000075,53.139656924000064],[8.91214330400004,53.132618801000035],[8.903929660000074,53.138176187000056],[8.89791483700003,53.13416842600003],[8.864023195000073,53.13172351600008],[8.861770969000077,53.13763650700008],[8.841855465000037,53.14823366500008],[8.839826704000075,53.15741766800005],[8.83543180700002,53.156944345000056],[8.827221727000051,53.161237964000065],[8.829227339000056,53.16437627800008],[8.81509105400005,53.16393962800004],[8.807362698000077,53.16065008100003],[8.79893080200003,53.161288366000065],[8.797141844000066,53.16384393200008],[8.794750255000054,53.16185054600004],[8.79149701700004,53.16357640800004],[8.789137014000062,53.16077414400007],[8.782459373000052,53.16361168800006],[8.77625572900007,53.161564345000045],[8.77539574900004,53.15868402400008],[8.761738569000045,53.165135226000075],[8.741246364000062,53.16463552100004],[8.743081930000073,53.172277492000035],[8.739297157000067,53.170748520000075],[8.733555139000032,53.17289558300007],[8.728652284000077,53.18022449100005],[8.714396467000029,53.18300240000008],[8.706292568000038,53.17542112000007],[8.701196148000065,53.17819655200003],[8.702449321000074,53.18123604300007],[8.699357718000044,53.18547943200008],[8.677017357000068,53.17550096400004],[8.674706128000025,53.17891920400007],[8.663828357000057,53.176243845000045],[8.659029626000063,53.177281694000044],[8.652338930000042,53.188393156000075],[8.643666421000034,53.18922400900004],[8.627994030000025,53.19837235300008],[8.59325143600006,53.183633719000056],[8.588962219000052,53.189982591000046],[8.580352119000054,53.190027685000075],[8.580097637000051,53.193125793000036],[8.584653463000052,53.19609047700004],[8.581097702000022,53.19870724800006],[8.595812801000022,53.20643589400004],[8.599039076000054,53.21254623100003],[8.578477888000066,53.21726952400007],[8.57228180800007,53.21076907300005],[8.56640542200006,53.21355977600007],[8.553698911000026,53.20780580200005],[8.540782167000032,53.21537751900007],[8.530234736000068,53.216089503000035],[8.517333845000053,53.228496507000045]]],[[[8.557217174000073,53.52883872100006],[8.548105225000029,53.51994106700005],[8.552684234000026,53.51617564600008],[8.51612863300005,53.50214812100006],[8.50348776800007,53.492967098000065],[8.492651892000026,53.472419761000026],[8.505789853000067,53.47117823800005],[8.511604095000052,53.476664526000036],[8.51863411200003,53.47444590500004],[8.529713796000067,53.48034170200003],[8.573760278000066,53.48864307400004],[8.577306587000066,53.48545327900007],[8.605904617000022,53.48423378800004],[8.619532379000077,53.489288990000034],[8.63187586600003,53.49881043200003],[8.631272074000037,53.501580312000044],[8.637862526000049,53.50321967100007],[8.636637351000047,53.505439436000074],[8.650555157000042,53.51078166600007],[8.648232263000068,53.51430329300007],[8.652134242000045,53.516017127000055],[8.639775421000024,53.525289471000065],[8.63865579000003,53.53495355800004],[8.64152157600006,53.53639900200005],[8.642051825000067,53.541683384000066],[8.645226852000064,53.540472719000036],[8.64411063800003,53.54920373900006],[8.646354349000035,53.55554567300004],[8.636077861000047,53.55369209600008],[8.630860355000038,53.55568959000004],[8.625154485000053,53.56731524600008],[8.616802851000045,53.57437003800004],[8.618011085000035,53.57871604500008],[8.627125585000044,53.57912011500008],[8.628263885000024,53.58322711300008],[8.642715815000031,53.59255941400005],[8.637955731000034,53.59506742200006],[8.65063238700003,53.60256522100008],[8.623296266000068,53.60533333600006],[8.592283300000076,53.59293261300007],[8.558768776000022,53.60390696800005],[8.53365106800004,53.60761767900004],[8.532472258000041,53.60492932200003],[8.527392591000023,53.60597192800003],[8.52615886700005,53.60383991600003],[8.524171059000025,53.606693490000055],[8.483202469000048,53.60049898700004],[8.491970388000027,53.591571412000064],[8.503567175000057,53.57237960900005],[8.556376714000066,53.53492211100007],[8.557217174000073,53.52883872100006]]],[[[8.660884274000068,53.60708643700008],[8.642627983000068,53.60921330800005],[8.645062093000035,53.608126336000055],[8.643769177000024,53.605473388000064],[8.657717088000027,53.602985613000044],[8.660884274000068,53.60708643700008]]]]}},{"type":"Feature","id":null,"properties":{"shapeName":"Hamburg","shapeISO":"DE-HH","shapeID":"10402087B45896528657515","shapeGroup":"DEU","shapeType":"ADM1","_puzzle_simplification_tolerance":0.0017192,"name_en":"Hamburg","name_zh":"Hamburg一级行政区"},"geometry":{"type":"MultiPolygon","coordinates":[[[[10.260041406000028,53.418524423000065],[10.31819026100004,53.435330512000064],[10.318993062000061,53.437722164000036],[10.315487985000061,53.44108748600007],[10.325959158000046,53.44963954000008],[10.31164618300005,53.452323455000055],[10.307983819000071,53.44290878700008],[10.301645689000054,53.44319530200005],[10.295629323000071,53.44871226100008],[10.297844033000047,53.451591636000046],[10.269290109000053,53.464108863000035],[10.272551314000054,53.46794829600003],[10.265197815000022,53.46983934300005],[10.264325919000044,53.47513969100004],[10.259780746000047,53.474438959000054],[10.257892507000065,53.47814666200003],[10.252127736000034,53.477308452000045],[10.238366621000068,53.48326411100004],[10.235053640000046,53.49092324600008],[10.236678548000043,53.49635445500007],[10.226059606000035,53.49545965100003],[10.218607039000062,53.49905535600004],[10.223945169000046,53.50577115600004],[10.218609878000052,53.508005651000076],[10.219136307000042,53.51054095600006],[10.214608162000047,53.512892572000055],[10.210601309000026,53.52004653900008],[10.200276465000059,53.51422634800008],[10.18970898200007,53.51263100800003],[10.16464303600003,53.51993916500004],[10.161700336000024,53.52593843400007],[10.166903383000033,53.53731852100003],[10.155571691000034,53.53645752700004],[10.152582687000063,53.53979280100003],[10.152881081000032,53.550529131000076],[10.16053874000005,53.55768295900003],[10.148368142000038,53.56397487600003],[10.152557987000023,53.57790073600006],[10.161722831000077,53.58569873700003],[10.165305411000077,53.58234944800006],[10.195760377000056,53.58470674100005],[10.19832176400007,53.582199271000036],[10.201449729000046,53.58407587200003],[10.191658336000046,53.59567912300008],[10.19675434000004,53.600400181000055],[10.195185349000042,53.60758460200003],[10.188952193000034,53.61301421700006],[10.205803182000068,53.621582517000036],[10.20541890100003,53.62371862200007],[10.211430920000055,53.62303341900008],[10.217324273000031,53.62612245400004],[10.215893418000064,53.631341313000064],[10.221761274000073,53.63372253500006],[10.189664917000073,53.63838061000007],[10.198619191000034,53.64643618400004],[10.19605638400003,53.65470393000004],[10.187431442000047,53.65652722400006],[10.182902769000066,53.663737972000035],[10.173865453000076,53.66452313900004],[10.172485433000077,53.66900296700004],[10.16556262100005,53.66813089600004],[10.161757543000022,53.67105862000005],[10.155970535000051,53.66950241700005],[10.15552334900002,53.67138396100006],[10.160377262000054,53.67149510100006],[10.154124134000028,53.67583545200006],[10.143246259000023,53.67556200100006],[10.141212387000053,53.678152745000034],[10.140273002000072,53.68012668200004],[10.151782174000061,53.68257019300006],[10.152389696000057,53.68651352400008],[10.15945487700003,53.690818868000065],[10.160822706000033,53.70038167600006],[10.157523259000072,53.70502906300004],[10.173853574000077,53.71279697600005],[10.181587984000032,53.70919738300006],[10.19163750000007,53.72289717500007],[10.193670979000046,53.73101511700003],[10.185684201000072,53.73129161300005],[10.168237438000062,53.73823597300003],[10.162874103000036,53.73808674500003],[10.161501516000044,53.73335725000004],[10.151159968000059,53.72997150700007],[10.144984004000037,53.724767565000036],[10.139942914000073,53.72568234100004],[10.126388390000045,53.71963000100004],[10.121056101000022,53.71339516900008],[10.08184213800007,53.720419993000064],[10.076339391000033,53.71529728400003],[10.080016639000064,53.71406094400004],[10.069518985000059,53.71116783200006],[10.073566465000056,53.70922318000004],[10.069628136000063,53.70624463900003],[10.079097455000067,53.704156787000045],[10.07750478500003,53.69974887800004],[10.06938793300003,53.69625326700003],[10.065662823000025,53.68899448900004],[10.060669695000058,53.68839732500004],[10.061606244000075,53.686156045000075],[10.067134557000031,53.68597580000005],[10.069265382000026,53.67945056100007],[10.05045629600005,53.67694010000008],[10.04077872800002,53.68199004100006],[9.998695506000047,53.68146746100007],[9.992418631000021,53.675925144000075],[9.99127426800004,53.65851274900007],[9.987679506000063,53.65551854900008],[9.990516424000077,53.650902905000066],[9.985599002000072,53.64723457600007],[9.94537621400002,53.65292819300004],[9.925078635000034,53.65313310300007],[9.920810423000034,53.65546630800003],[9.905366421000053,53.652194336000036],[9.904691425000067,53.641795116000026],[9.900273824000067,53.63976106700005],[9.896241463000024,53.632076589000064],[9.892201275000048,53.63128991500008],[9.894490843000028,53.62984161600008],[9.885079826000037,53.623521691000064],[9.889685197000063,53.62232685500004],[9.87914721900006,53.61980798900004],[9.868023964000031,53.60934632900006],[9.86192045000007,53.60722132400008],[9.858104137000055,53.59959068300003],[9.839670070000068,53.59481137000006],[9.836707190000027,53.58753018700003],[9.828781928000069,53.58529056900005],[9.816157304000058,53.58621990600005],[9.797515592000025,53.59610090500007],[9.789554408000072,53.60397247000003],[9.798122740000053,53.60751630900006],[9.770633504000045,53.616229942000075],[9.770293990000027,53.62746241600007],[9.763672583000073,53.62749506100005],[9.753535448000036,53.61299431600003],[9.759101186000066,53.610925128000076],[9.755617617000041,53.60252945000008],[9.748433153000065,53.60389675400006],[9.743435992000059,53.597576176000075],[9.747260483000048,53.59177458800008],[9.736263387000065,53.581851577000066],[9.742487476000065,53.57820562300003],[9.736960313000054,53.57738982400008],[9.730104055000027,53.55758091300004],[9.774388785000042,53.55432306000006],[9.772307485000056,53.543531305000045],[9.765441705000057,53.541114563000065],[9.771522643000026,53.531067919000066],[9.769996065000043,53.52945033300006],[9.776262977000044,53.525071911000055],[9.77832012600004,53.51946144900006],[9.774086762000024,53.51923185900006],[9.771585438000045,53.52275585000007],[9.763793944000042,53.50810650500006],[9.784524771000065,53.50001170300004],[9.782231771000056,53.49146411000004],[9.802426170000047,53.493251540000074],[9.798559976000035,53.47521169800007],[9.800471515000027,53.47530816200003],[9.799804376000054,53.46963746900008],[9.805944460000035,53.46710196600003],[9.807465885000056,53.46282824800005],[9.813608232000036,53.46242678900006],[9.836649493000039,53.45090999100006],[9.862387477000027,53.429876593000074],[9.864568450000036,53.432177007000064],[9.86042145600004,53.43806205900006],[9.866652571000031,53.44006309900004],[9.869120381000073,53.44458409600003],[9.873373450000031,53.44237782700003],[9.895945433000065,53.45738500200008],[9.898793191000038,53.45511200300007],[9.899237224000046,53.45759656400003],[9.904411288000063,53.45679422400008],[9.913898935000077,53.44842908800007],[9.914557092000052,53.44264650800005],[9.921486178000066,53.43655015100006],[9.914080001000059,53.42999847800007],[9.916452760000027,53.42486567000003],[9.906566145000056,53.415790911000045],[9.916487328000073,53.41406788000006],[9.92455248400006,53.41962395100006],[9.942015790000028,53.42105242000008],[9.949211967000053,53.43094997500003],[9.963272627000038,53.42732103700007],[9.961040155000035,53.42409392900004],[9.964358566000044,53.422176199000035],[9.97092924900005,53.42375937400004],[9.97545546300006,53.42145110200005],[9.97755784100002,53.41924922900006],[9.97488882500005,53.414735344000064],[9.98443287200007,53.41541377900006],[9.988975934000052,53.42057332500008],[9.99298339400002,53.42008662300003],[9.99638954300002,53.42611291800006],[10.001580055000034,53.42483092900005],[10.009773511000049,53.42946516000006],[10.018640369000025,53.42930907300007],[10.029273488000058,53.43516433100007],[10.014613475000033,53.442200799000034],[10.020944605000068,53.44686279200005],[10.032431613000028,53.44392331500006],[10.035875720000035,53.44704577700003],[10.045738931000074,53.44674105200005],[10.049322123000024,53.44970122500007],[10.041097494000041,53.45154928200003],[10.044050542000036,53.45486531500006],[10.042038461000061,53.45680760000005],[10.051810704000047,53.46391894000004],[10.08460225400006,53.450401062000026],[10.108735530000047,53.426674028000036],[10.136395544000038,53.42223233500005],[10.15518690500005,53.40520825600004],[10.175688643000058,53.39658250000008],[10.198534730000063,53.39860816100003],[10.236567868000066,53.39575369100004],[10.243785957000057,53.39957346300008],[10.252957588000072,53.413325720000046],[10.260041406000028,53.418524423000065]]],[[[8.51690418000004,53.922805657000026],[8.497869723000065,53.93191845800004],[8.491131031000066,53.92867085600005],[8.486976415000072,53.913911547000055],[8.500588416000028,53.91266421100005],[8.514655343000072,53.91764946400008],[8.51690418000004,53.922805657000026]]],[[[8.458234723000032,53.95707344400006],[8.460019945000056,53.95964709400005],[8.442991996000046,53.964308181000035],[8.436453779000033,53.96357881300003],[8.43438814500007,53.96165107300004],[8.437631390000035,53.95886447100003],[8.437832983000021,53.95357180700006],[8.423000271000035,53.95220120100004],[8.419906902000037,53.94871752100005],[8.424158889000068,53.944764586000076],[8.43129185500004,53.944528167000044],[8.445366597000032,53.954435895000074],[8.458234723000032,53.95707344400006]]]]}},{"type":"Feature","id":null,"properties":{"shapeName":"Hessen","shapeISO":"DE-HE","shapeID":"10402087B85226028911536","shapeGroup":"DEU","shapeType":"ADM1","_puzzle_simplification_tolerance":0.0017192,"name_en":"Hessen","name_zh":"Hessen一级行政区"},"geometry":{"type":"MultiPolygon","coordinates":[[[[9.103006167000046,49.57745601400006],[9.091518418000021,49.588599318000036],[9.082989878000035,49.60198701200005],[9.06638137300007,49.60236512900008],[9.068486914000061,49.60933163200008],[9.06513848000003,49.617319156000065],[9.085871982000072,49.63605323300004],[9.091551108000033,49.63515225700007],[9.102012048000063,49.64221034500008],[9.099341555000024,49.64538961000005],[9.099543782000069,49.65313936600006],[9.103418917000056,49.66043060100003],[9.088859949000039,49.66902322400006],[9.089638351000076,49.69334572300005],[9.126109156000041,49.69997958400006],[9.128130068000075,49.70298717700007],[9.122543394000047,49.71484187000004],[9.13452823800003,49.71667981000007],[9.14445839800004,49.73779710400004],[9.150809170000059,49.742850743000076],[9.12783381500003,49.75522659000006],[9.106913989000077,49.758660975000055],[9.113576279000029,49.76789374700007],[9.113364625000031,49.773731016000056],[9.127235118000044,49.776482077000026],[9.134484322000048,49.78224714600003],[9.129080042000055,49.78768916300004],[9.129380084000047,49.79416252200008],[9.131665505000058,49.79492793600008],[9.108140122000066,49.797980436000046],[9.094160936000037,49.79012428400006],[9.090879621000056,49.79065501100007],[9.085933684000054,49.80710690900003],[9.076992818000065,49.81822328100003],[9.086665309000068,49.826438101000065],[9.08282415800005,49.832952601000045],[9.077532511000072,49.83461172800003],[9.081029427000033,49.83832996600006],[9.090087581000034,49.840968075000035],[9.084730871000033,49.84750638400004],[9.070213873000057,49.83325112000006],[9.06395686600007,49.83175947700005],[9.056227557000057,49.83461779600003],[9.05979732000003,49.84071999000008],[9.052839148000032,49.84000307600007],[9.060660661000043,49.84506256800006],[9.05951572600003,49.84702774200008],[9.049191737000058,49.84241519600005],[9.043227719000072,49.84405765300005],[9.041443248000064,49.84008440500003],[9.03765196200004,49.842564295000045],[9.03608074400006,49.846504122000056],[9.040770440000074,49.847477121000054],[9.043704577000028,49.85554306000006],[9.033787154000038,49.86044405400003],[9.033336125000062,49.86646665300003],[9.050452507000045,49.86757176400005],[9.038428785000065,49.87621767400003],[9.035550303000036,49.89932302200003],[9.03124301400004,49.90129605700008],[9.032513264000045,49.90446274800007],[9.029951050000022,49.90587930400005],[9.031878342000027,49.90936126300005],[9.023359881000033,49.91013679300005],[9.032264261000023,49.92468867200006],[9.029433586000039,49.927423770000075],[9.02535387000006,49.94564799700004],[9.019035579000047,49.94705039300004],[9.02637207600003,49.955091467000045],[9.018574857000033,49.97841714900005],[9.020113699000035,49.98589429400005],[9.015714271000036,49.989022860000034],[9.017299579000053,49.99411886300004],[9.02298707400007,49.99705398200007],[9.030190178000055,49.99060417000004],[9.046073980000074,49.990007793000075],[9.04882026000007,49.99226560300008],[9.035538162000023,50.00183680300006],[9.036115685000027,50.00815720600008],[9.039817471000049,50.010373377000064],[9.031024825000031,50.02013229600004],[9.031343853000067,50.03957408400004],[9.012308439000037,50.04595085100004],[8.985374830000069,50.04172711100006],[8.976480289000051,50.04717018700006],[8.976611545000026,50.052211431000046],[8.99055990100004,50.067119158000025],[8.999282564000055,50.06936687700005],[8.997391285000049,50.09157988000004],[9.018261040000027,50.11160420900006],[9.07132668600002,50.119437875000074],[9.07726870700003,50.11592633200007],[9.089306136000062,50.11680439600008],[9.098229912000022,50.12641698500005],[9.117457036000076,50.12662404300005],[9.144957730000044,50.11411191700006],[9.153609321000033,50.117930615000034],[9.156410343000061,50.111952392000035],[9.15437111700004,50.107393036000076],[9.143366555000057,50.09698303400006],[9.149210890000063,50.09063949400007],[9.162545660000035,50.098186482000074],[9.158746844000063,50.10012848500003],[9.174963072000025,50.11419917500007],[9.173052124000037,50.11631316100005],[9.174558728000022,50.11948018900006],[9.191593718000036,50.12748724200003],[9.183268722000037,50.137902205000046],[9.210222174000023,50.142978578000054],[9.21149562200003,50.14660139700004],[9.219023827000058,50.14681191200003],[9.221866091000038,50.14941731500005],[9.252559877000067,50.13947967300004],[9.265949318000025,50.139318943000035],[9.273927272000037,50.14266219900003],[9.285896752000042,50.14166503400003],[9.307611936000058,50.13340787000004],[9.327428418000068,50.14105954200005],[9.34158433400006,50.13128240900005],[9.373620660000029,50.130963500000064],[9.39446345600004,50.097486325000034],[9.404984733000049,50.087734553000075],[9.413110845000062,50.084059882000076],[9.435939530000041,50.08503058900004],[9.444989242000077,50.08997349900005],[9.459746129000052,50.08990182000008],[9.499968263000028,50.09725235700006],[9.512464155000032,50.09435565700005],[9.512679888000036,50.09943241700006],[9.519177442000057,50.105849970000065],[9.519259435000038,50.11403889800005],[9.510006995000026,50.13155940900003],[9.507571330000076,50.145557352000026],[9.521804351000071,50.14997201300008],[9.531201793000037,50.16084967000006],[9.528152385000055,50.16813927700008],[9.505055784000035,50.16926358400008],[9.498105015000021,50.17554393700004],[9.502702443000032,50.18849017800005],[9.501479086000074,50.19304827600007],[9.508122711000055,50.19533087100007],[9.513084635000041,50.193997015000036],[9.51620547300007,50.19961172300003],[9.503626373000031,50.208583876000034],[9.502065147000053,50.21230485900003],[9.505335639000066,50.21450883700004],[9.502591362000032,50.22027982700007],[9.494769673000064,50.22667220900007],[9.50150713000005,50.23837480800006],[9.498681298000065,50.23996984300004],[9.50117464400006,50.243473910000034],[9.514378236000027,50.23407706900008],[9.533490750000055,50.234491760000026],[9.54202998900007,50.224341536000054],[9.550481202000071,50.228206714000066],[9.57631873400004,50.232388944000036],[9.582898993000072,50.22152842600008],[9.594279674000063,50.22481865600008],[9.604406072000074,50.221903584000074],[9.613763108000057,50.22475672000007],[9.621591902000034,50.22311636400008],[9.623282614000061,50.22572074200008],[9.620401705000063,50.22752526900007],[9.635815886000046,50.23522785400007],[9.65372657100005,50.23232015600007],[9.663619150000045,50.23373346300008],[9.668175939000037,50.23943534500006],[9.639013127000055,50.24836203000007],[9.636823638000067,50.25144989000006],[9.643451001000074,50.25511679200008],[9.642139258000043,50.25729817200005],[9.645634328000028,50.25869556400005],[9.652396015000022,50.269670070000075],[9.664990318000036,50.271175121000056],[9.680958049000026,50.27815570300004],[9.703422445000058,50.28075231300005],[9.713152764000029,50.29173397800008],[9.720817238000052,50.29199322100004],[9.719656353000062,50.295089630000064],[9.730031699000051,50.29624845200004],[9.745881111000074,50.31040795600006],[9.74767967200006,50.31437934400003],[9.744200224000053,50.32104197100006],[9.748897227000043,50.32515432800005],[9.744292377000022,50.33123779500005],[9.747435795000058,50.341200299000036],[9.739900753000029,50.34969911700006],[9.733215101000042,50.35178722300003],[9.732914417000075,50.35614961700003],[9.746203926000021,50.36617994100004],[9.744441173000041,50.371702130000074],[9.754470542000035,50.38691120800007],[9.759292728000048,50.40241890000004],[9.751062366000042,50.41355912800003],[9.762063990000058,50.42586748200006],[9.771870957000033,50.42485970300004],[9.78018127100006,50.41843092100004],[9.789424929000063,50.42514485000004],[9.807467655000039,50.42255044700005],[9.811265390000074,50.41712948400004],[9.807988411000053,50.412430897000036],[9.81352322600003,50.41295893700004],[9.824486556000068,50.40527721300003],[9.838411853000025,50.405474508000054],[9.849782573000027,50.39872793500007],[9.860046301000068,50.397473956000056],[9.869996703000027,50.40926894200004],[9.87332322900005,50.408999177000055],[9.883100782000042,50.39889344300008],[9.91902204300004,50.41055268500003],[9.92669372100005,50.41650272800007],[9.943399398000054,50.42328810300006],[9.957836757000052,50.42320405600003],[9.962728004000041,50.42654717500005],[9.962092078000069,50.42918955400006],[9.966811329000052,50.434530840000036],[9.989984857000024,50.447123102000035],[9.997459910000032,50.460985537000056],[10.018307426000035,50.46645526300006],[10.022021857000027,50.47546849100007],[10.033485228000075,50.481121072000064],[10.032036553000069,50.48639687900004],[10.036356431000058,50.48743867200005],[10.034445264000055,50.49013301700006],[10.041188107000039,50.49518848500003],[10.037106158000029,50.50002195400003],[10.041855835000035,50.507698015000074],[10.039818327000035,50.51403331800003],[10.042479448000051,50.52187195400006],[10.039180147000025,50.524405185000035],[10.03969261800006,50.53258619600007],[10.047898989000032,50.53944794500006],[10.047219089000066,50.545518765000054],[10.061828605000073,50.55668738400004],[10.052467145000037,50.56110859700004],[10.046359123000059,50.57125494500008],[10.046260025000038,50.58148188400003],[10.04980776900004,50.58472313400006],[10.04879758900006,50.59862073600004],[10.040271740000037,50.60450765500008],[10.037191069000073,50.61292626900007],[10.047774987000025,50.619460624000055],[10.045470429000034,50.62121681900004],[10.057503889000031,50.62612006300003],[10.06722226200003,50.62414586400007],[10.072264748000066,50.61963237000003],[10.08104983800007,50.62002482400004],[10.082964842000024,50.633705347000046],[10.078584410000076,50.63468821200007],[10.069985062000057,50.65587779100008],[10.048934055000075,50.67393254500007],[10.031350166000038,50.675547805000065],[10.021409955000024,50.673043129000064],[10.001994968000076,50.67660256800008],[9.989540861000023,50.67459455300008],[9.974677152000027,50.66868954000006],[9.97360296900007,50.66594687800006],[9.960689873000035,50.668443945000035],[9.947575159000053,50.66230475800006],[9.950875801000052,50.66031804900007],[9.949710896000056,50.65587253700005],[9.96890154600004,50.64125944300008],[9.96025230400005,50.635505754000064],[9.960722013000066,50.62948365400007],[9.945927546000064,50.626825686000075],[9.929695560000027,50.62901690500007],[9.922096881000073,50.63450678100003],[9.910379717000069,50.63634776400005],[9.906105815000046,50.640382344000045],[9.886108750000062,50.63393596700007],[9.878551050000056,50.63478121000003],[9.877320475000033,50.63871517600006],[9.877974963000042,50.64431997200006],[9.884220259000074,50.65081341100006],[9.879554494000047,50.66645384100008],[9.881273200000066,50.673378626000044],[9.89467774700006,50.68371993800008],[9.906224715000064,50.68419094300003],[9.915539995000074,50.69369563500004],[9.923955435000039,50.69513052100007],[9.910651795000035,50.70069139800006],[9.908890736000046,50.704532451000034],[9.935162410000032,50.724117998000054],[9.93787797400006,50.732859114000064],[9.935794950000059,50.73400655000006],[9.941371631000038,50.741837856000075],[9.938634027000035,50.74368392500003],[9.939614276000043,50.755919978000065],[9.926649784000062,50.75655911700005],[9.920126452000034,50.75961203400004],[9.928921271000036,50.769634481000026],[9.925526017000038,50.774665791000075],[9.928430938000076,50.77659421300007],[9.937153677000026,50.77410166700008],[9.94874961000005,50.77869227000008],[9.943318114000022,50.77123412600008],[9.952133926000045,50.77329162500007],[9.95409208600006,50.77935638500003],[9.949779876000036,50.780379753000034],[9.955134946000044,50.78555029700004],[9.949431663000041,50.78823318800005],[9.943569871000022,50.79769790800003],[9.956677090000028,50.80961912300006],[9.954715749000059,50.81096859000007],[9.957436682000036,50.81235792500007],[9.95641742500004,50.816051326000036],[9.950233876000027,50.815180834000046],[9.952252803000022,50.821374509000066],[9.976816409000037,50.83327295300006],[9.98426461400004,50.831888494000054],[9.983849158000055,50.82961916700003],[9.987653107000028,50.82826475600007],[9.991876257000058,50.82962762900007],[9.994645978000051,50.825761689000046],[9.998018976000026,50.82650514100004],[10.006836287000056,50.83768212900003],[10.023054524000031,50.83163142600006],[10.028488149000054,50.83580828200007],[10.026806725000029,50.84128333400008],[10.037751703000026,50.84529540400007],[10.035884053000075,50.84731243900006],[10.038620257000048,50.85311491200008],[10.021928583000033,50.84785663400004],[10.018689020000068,50.855670830000065],[10.021893143000057,50.86448629900008],[10.05598100100002,50.879771625000046],[10.058849850000058,50.88279405500003],[10.057094225000071,50.88537036800005],[10.059803704000046,50.88539256400003],[10.056237513000042,50.88739661900007],[10.058444784000073,50.89017533500004],[10.052460867000036,50.89260881300004],[10.05345686000004,50.89007132900008],[10.049729322000076,50.89114964200007],[10.047868141000038,50.88884988500007],[10.041952475000073,50.89334041600006],[10.050909099000023,50.900088881000045],[10.040697144000035,50.901534378000065],[10.035030259000052,50.91002287200007],[10.024850711000056,50.91179925700004],[10.024666839000076,50.91447081200005],[10.016225143000042,50.917547306000074],[10.015635922000058,50.92062395100004],[10.00366394300005,50.921550996000065],[9.989140730000031,50.913217487000054],[9.984491572000024,50.90699344600006],[9.978219756000044,50.90529886400003],[9.971463749000065,50.907410938000055],[9.968441306000045,50.91093957000004],[9.969632277000073,50.91348754100005],[9.981892451000022,50.91994769000007],[9.988631498000075,50.93314429000003],[9.991996475000064,50.93451451100003],[9.974855570000045,50.93172111300004],[9.965560177000043,50.93358061500004],[9.963555245000066,50.93102885800005],[9.966067717000044,50.92875499500008],[9.95714401500004,50.92260019200006],[9.949685258000045,50.926507506000064],[9.953332296000042,50.92772454800007],[9.956555895000065,50.93366159200008],[9.950086587000044,50.94225025600008],[9.96831495400005,50.941335468000034],[9.975073802000054,50.943423024000026],[9.982086112000047,50.93905501800003],[9.991560889000027,50.940896562000034],[9.991005864000044,50.94356607100008],[9.999285362000023,50.936643881000066],[10.003379585000062,50.94063232700006],[10.013556755000025,50.93473513400005],[10.01756305500004,50.93713244700007],[10.016578322000043,50.93963192700005],[10.024294842000074,50.94108435100003],[10.024900854000066,50.94375136300005],[10.029439221000075,50.93811304600007],[10.053615661000038,50.93977888400008],[10.062345939000068,50.943783547000066],[10.063865032000024,50.94543293000004],[10.061191723000036,50.94797274700005],[10.047868770000036,50.94611886700005],[10.043049216000043,50.94848191300008],[10.045651426000063,50.95032050400005],[10.042036762000066,50.957234269000026],[10.03216132700004,50.95963537200004],[10.040949144000024,50.96752640500006],[10.019470217000048,50.98070807900007],[10.023815411000044,50.98536041500006],[10.021102370000051,50.99389095600003],[10.028279955000073,51.003031125000064],[10.027674672000046,51.00645675000004],[10.036400428000036,51.01237619600005],[10.053636938000068,51.01315428500004],[10.065666270000065,51.009415227000034],[10.073507813000049,51.01136619600004],[10.103483888000028,51.00336718500006],[10.108295654000074,51.009224595000035],[10.12084283400003,51.01170074100003],[10.133082409000053,51.00481911400004],[10.127376258000027,51.00147880700007],[10.131562780000024,50.996897567000076],[10.14688003200007,50.99382352400005],[10.165844440000058,50.99746046000007],[10.16908168200007,51.001929680000046],[10.173277073000065,51.000053765000075],[10.169571090000034,50.99852392200006],[10.171039886000074,50.996218905000035],[10.17437402400003,50.99857134600006],[10.178159480000033,50.996001543000034],[10.19078575900005,50.999067886000034],[10.192233496000028,51.001990798000065],[10.195673931000044,51.002056967000044],[10.196953178000058,51.00663296700003],[10.202904887000045,51.00810588000007],[10.201211728000033,51.01389803700005],[10.193816248000076,51.015992804000064],[10.192621926000072,51.01853212300006],[10.195368850000023,51.020938959000034],[10.208555508000074,51.01897107800005],[10.215185735000034,51.02641935100007],[10.202925522000044,51.03160727300008],[10.204746922000027,51.034789482000065],[10.198846624000055,51.040090389000056],[10.184765452000022,51.04569457000008],[10.184671379000065,51.04903236200005],[10.17107259200003,51.04918279800006],[10.140590157000076,51.05849138900004],[10.147021790000053,51.06140396300003],[10.144259386000044,51.06600225900007],[10.155188292000048,51.070419266000044],[10.151043795000021,51.07286369800005],[10.148051698000074,51.083711675000075],[10.144694665000031,51.084814049000045],[10.157114980000074,51.096317002000035],[10.165679543000067,51.09949991600007],[10.15910358900004,51.10522510800007],[10.160415360000059,51.108050225000056],[10.172096508000038,51.10542938000003],[10.17548755200005,51.10690542200007],[10.17326312800003,51.11132171300005],[10.174630972000045,51.11686746000004],[10.170304435000048,51.11894069500005],[10.153791597000065,51.11845872400005],[10.149245467000071,51.12036160000008],[10.146230382000056,51.12578691200008],[10.139985039000067,51.12470736600005],[10.13972486800003,51.12762048900004],[10.130822428000045,51.135191305000035],[10.118321564000041,51.13957300700008],[10.127827413000034,51.14376043300007],[10.125725420000038,51.14633573300006],[10.146597291000035,51.14455277700006],[10.168738649000034,51.15326772100008],[10.176262673000053,51.14729659600005],[10.177453643000035,51.141671074000044],[10.184904857000049,51.14112006800008],[10.185236022000026,51.13249386900003],[10.178483116000052,51.13076149200003],[10.179214909000052,51.12764725900007],[10.189621329000033,51.12197839500004],[10.189454815000033,51.116767217000074],[10.19995902200003,51.11297207700005],[10.20934604200005,51.11816927600006],[10.206190308000032,51.12211120900008],[10.210717394000028,51.122905272000025],[10.21071256600004,51.12596434800008],[10.205745730000046,51.127262503000054],[10.203787546000058,51.135655099000076],[10.210689708000075,51.14247222500006],[10.200378268000065,51.14993066200003],[10.207756863000043,51.15476634000004],[10.207323427000063,51.16491704800006],[10.229845756000032,51.17491232000003],[10.235776989000044,51.186695162000035],[10.230481862000033,51.188128720000066],[10.220191519000025,51.18574480800004],[10.21125310800005,51.19043652100004],[10.197013747000028,51.192057358000056],[10.197029799000063,51.19654230000003],[10.187748389000035,51.20423078300007],[10.168444936000071,51.21218991300003],[10.149790732000042,51.20618932700006],[10.143800396000074,51.21287513200008],[10.142836626000076,51.21721600800004],[10.145397771000034,51.21807903300004],[10.138401765000026,51.22013527300004],[10.113171818000069,51.215206067000054],[10.111127988000021,51.21948125600005],[10.106339004000063,51.221606594000036],[10.09351328200006,51.22145261700007],[10.090282690000038,51.22666898800003],[10.076433562000034,51.22373451700008],[10.068673434000061,51.22656282200006],[10.067094995000048,51.22779314700006],[10.070795869000051,51.23805426800004],[10.078995134000024,51.24278092800006],[10.06905884500003,51.24376114000006],[10.066492545000074,51.245637042000055],[10.069076883000037,51.24670352700008],[10.067599843000039,51.24889768400004],[10.061875405000023,51.25256145800006],[10.046969081000043,51.25342573700004],[10.050116537000065,51.25871576600008],[10.047104019000074,51.25950401500006],[10.046554100000037,51.264500971000075],[10.057451669000045,51.26765633600007],[10.059916187000056,51.27586548900007],[10.041409798000075,51.28039211400005],[10.029987333000065,51.27788164800006],[10.02393386700004,51.282031919000076],[10.01034694200007,51.28346050000005],[10.00433131400007,51.286983013000054],[9.997261114000025,51.28490765400005],[9.991331810000077,51.286555562000046],[9.983447832000024,51.28333608100007],[9.971981130000074,51.284895505000065],[9.976423861000058,51.29120400800008],[9.97053691900004,51.29470074200003],[9.969853098000044,51.30027113800003],[9.959743680000031,51.30491187600006],[9.946287570000038,51.30311101900003],[9.939356592000024,51.30740986400008],[9.949172505000035,51.31820623200008],[9.943447818000038,51.33450909000004],[9.92993655400005,51.33996850800003],[9.932820923000065,51.34603756200005],[9.925469058000033,51.35379334500004],[9.923293275000049,51.368043123000064],[9.92828871200004,51.37236379900003],[9.926596305000032,51.37632620100004],[9.932888320000075,51.38058447900005],[9.930313815000034,51.38574242700008],[9.931109065000044,51.392733229000044],[9.927859913000077,51.392654477000065],[9.927293795000026,51.39538682400007],[9.90704332100006,51.407711343000074],[9.905706159000033,51.40988187500005],[9.91339337900007,51.41063124600004],[9.906021117000023,51.42113874900008],[9.89927491800006,51.41652499500003],[9.883151811000062,51.41496600600004],[9.884625567000057,51.41020528900003],[9.878315341000075,51.404476944000066],[9.868535203000022,51.41379077700003],[9.850743074000036,51.41441364700006],[9.85384986500003,51.41039106800008],[9.85053876400002,51.401375718000054],[9.860749184000042,51.39428798000006],[9.855920267000045,51.38480562800004],[9.859420687000068,51.37918355100004],[9.867991158000052,51.37486634800007],[9.86527591500004,51.371612732000074],[9.853212599000074,51.372231535000026],[9.84010663600003,51.38359324100003],[9.840636601000028,51.40264157300004],[9.833808760000068,51.40246971700003],[9.821486007000033,51.409956831000045],[9.803510306000021,51.41040054500007],[9.794136665000053,51.40715964700007],[9.79278689900002,51.40138434600004],[9.796490065000057,51.398140590000025],[9.800127415000077,51.39918798300005],[9.80145010700005,51.38691468800005],[9.783985811000036,51.389247821000026],[9.765861309000059,51.38597796200003],[9.756603202000065,51.38228486400004],[9.752283766000062,51.374690746000056],[9.738458652000077,51.36921255300007],[9.723200389000056,51.370498231000056],[9.702143787000068,51.364571795000074],[9.70398324100006,51.358145869000055],[9.712912543000073,51.355116242000065],[9.720611311000027,51.34852753100006],[9.726961416000051,51.34084976100007],[9.727366646000064,51.33638972300008],[9.73684068800003,51.32895687600006],[9.735858273000076,51.32238237900003],[9.738247707000028,51.31942876900007],[9.745434332000059,51.318980347000036],[9.756506545000036,51.32865123300007],[9.768307141000037,51.33254927300004],[9.763107552000065,51.33616067100007],[9.772456280000029,51.33629096700008],[9.77060954500007,51.33045822300005],[9.763510414000052,51.325339376000045],[9.772365928000056,51.32928147500007],[9.770345267000039,51.32538207200008],[9.775201991000074,51.32519623200005],[9.768200360000037,51.30672614100007],[9.73230439300005,51.29523190100008],[9.678910862000066,51.310957795000036],[9.675237281000022,51.31568271000003],[9.669385916000067,51.317710858000055],[9.664290935000054,51.31655475700006],[9.662229738000065,51.31171261800006],[9.63577095100004,51.31707218500003],[9.634455322000065,51.31160368800005],[9.628524068000047,51.31190258700008],[9.629795001000048,51.32103193000006],[9.632933188000038,51.324429242000065],[9.638543097000024,51.32239212600007],[9.63336591500007,51.32585405000003],[9.617242033000025,51.32792927600008],[9.604434635000075,51.325555852000036],[9.606001252000056,51.32770922100008],[9.601837052000064,51.32767742600004],[9.594922660000066,51.33458843900007],[9.583960131000026,51.33835436600003],[9.581656973000065,51.34219633600003],[9.568024929000046,51.34000146000005],[9.55883264800002,51.347657076000075],[9.555818072000022,51.354534038000054],[9.548441127000046,51.35895530100004],[9.550133992000042,51.361884228000065],[9.567573775000028,51.361574103000066],[9.576969688000077,51.36962914900005],[9.575042705000044,51.37252919400004],[9.560317206000036,51.37558846300004],[9.559622524000076,51.380738500000064],[9.56402498400007,51.386963955000056],[9.574044968000067,51.39210893100005],[9.579345406000073,51.40176887900003],[9.588327009000068,51.402461119000066],[9.594077815000048,51.39798744600006],[9.609854657000028,51.40476608000006],[9.61001710000005,51.40782260300006],[9.630582160000074,51.40610600200006],[9.628852104000032,51.40886724300003],[9.631145478000064,51.41160142100006],[9.643581790000042,51.418260728000064],[9.634297057000026,51.426083412000025],[9.627620523000076,51.44420867500003],[9.630148643000041,51.45820917300006],[9.642965309000033,51.46599584200004],[9.643813808000061,51.469160043000045],[9.639921533000063,51.47315343100007],[9.628133069000057,51.47562193700003],[9.619586507000065,51.48102866000005],[9.597013206000042,51.50855120600005],[9.586112661000072,51.516537656000025],[9.586259150000046,51.51931892500005],[9.592452328000036,51.52337052300004],[9.608015126000055,51.52185184700005],[9.61883206500005,51.53010306900006],[9.62195014300005,51.541866895000055],[9.614323242000069,51.54770313000006],[9.609310282000024,51.55690536800006],[9.612899958000071,51.55786811400003],[9.622443388000022,51.54867253900005],[9.647755440000026,51.552510968000036],[9.645015614000044,51.55935585800006],[9.636377649000053,51.558933051000054],[9.62836849000007,51.56719638200008],[9.625198835000049,51.57366875800005],[9.626830884000071,51.58197606400006],[9.634003998000026,51.584485087000076],[9.644877251000025,51.58224315700005],[9.644800533000023,51.58016430600003],[9.660114178000072,51.572707861000026],[9.684003674000053,51.566532659000075],[9.690947953000034,51.576315141000066],[9.679808991000073,51.58796119900006],[9.672256982000022,51.58736924100003],[9.668637800000056,51.59167632900005],[9.661055938000061,51.59302960600007],[9.649528854000039,51.60627151800003],[9.637835474000042,51.60880481200007],[9.636620701000027,51.62341584300003],[9.63041252100004,51.62486015800005],[9.632235421000075,51.62600179300006],[9.627076387000045,51.628959734000034],[9.63161793200004,51.63416638100006],[9.625999284000045,51.63691397000008],[9.616081244000043,51.63464496300003],[9.609644970000033,51.62957638900008],[9.570707597000023,51.62471977700005],[9.559358847000055,51.629231694000055],[9.560617352000065,51.63060024600003],[9.553539215000058,51.637318451000056],[9.543630864000022,51.639866690000076],[9.523943903000031,51.62638925600004],[9.507071663000033,51.627184337000074],[9.491929532000029,51.634721582000054],[9.492582367000068,51.64118701700005],[9.498576551000042,51.651404573000036],[9.494612786000062,51.65736291300004],[9.468821036000065,51.65416272700003],[9.453276431000063,51.645748799000046],[9.440456998000059,51.650394024000036],[9.437007602000051,51.64821274600007],[9.444924396000033,51.644199007000054],[9.426669032000063,51.63081381000006],[9.39849943300004,51.62455737500005],[9.378266679000035,51.62673325500003],[9.371934851000049,51.625566295000056],[9.37126683100007,51.61924381700004],[9.358030937000024,51.62025924500006],[9.337098312000023,51.61470157000008],[9.336979275000033,51.611992186000066],[9.35626819600003,51.59767682700004],[9.370645165000042,51.59406333800007],[9.373522628000046,51.59101373400006],[9.369346449000034,51.59108177300004],[9.365309152000066,51.58496079500003],[9.352230905000056,51.58007469000006],[9.34606619400006,51.57026132000004],[9.331118931000049,51.55682484100004],[9.31703096900003,51.55236555000005],[9.320018195000046,51.546771989000035],[9.316000813000073,51.54363654700006],[9.314280130000043,51.53763584400008],[9.31108418100007,51.53734956800008],[9.309968656000024,51.53091061300006],[9.315850835000049,51.52301926800004],[9.31032637900006,51.51888725400005],[9.308324697000046,51.51264327500007],[9.286880290000056,51.515477202000056],[9.26943045300004,51.507125821000045],[9.26433303400006,51.49791064500005],[9.242088214000034,51.49768034400006],[9.236704692000046,51.492434797000044],[9.239803780000045,51.490857376000065],[9.225184633000026,51.489837273000035],[9.223333641000067,51.48499330000004],[9.216640648000066,51.48116523500005],[9.218961701000069,51.47273138700007],[9.216465954000057,51.45959399900005],[9.185100362000071,51.466333563000035],[9.174350380000021,51.46294668000007],[9.162641552000025,51.45000088100005],[9.161645013000054,51.444167744000026],[9.15840769600004,51.44309608400005],[9.149298761000068,51.442015009000045],[9.13574929300006,51.45018705900003],[9.13180423700004,51.446290015000045],[9.102594184000054,51.443202229000065],[9.094329852000044,51.44459823100004],[9.086415850000037,51.44908282400007],[9.084677063000072,51.45644054300004],[9.086937070000033,51.461164815000075],[9.077185433000068,51.46487161300007],[9.092084097000054,51.487330428000064],[9.092328869000028,51.49438795300006],[9.07652183700003,51.503475147000074],[9.060662592000028,51.498703473000035],[9.057476862000044,51.50251461700003],[9.039285948000042,51.50192152400007],[9.023958187000062,51.51133420900004],[9.020976431000065,51.51861067100003],[9.004932738000036,51.512405569000066],[8.974297436000029,51.507481572000074],[8.913334846000055,51.49155398200003],[8.890376608000054,51.481928278000055],[8.894091022000055,51.47123627700006],[8.91069967900006,51.461918970000056],[8.913996495000049,51.45261718200004],[8.921783452000057,51.44605382100008],[8.921447568000076,51.439903170000036],[8.918187886000055,51.43671881300003],[8.918786788000034,51.43028542900004],[8.934155619000023,51.431291041000065],[8.948108682000054,51.42821888800006],[8.945426547000068,51.41880288400006],[8.951529911000023,51.41349278400003],[8.940763338000068,51.41032194400003],[8.943078311000022,51.396871486000066],[8.938858259000028,51.393574089000026],[8.93950200300003,51.38949902300004],[8.915928443000041,51.39283713700007],[8.889580795000029,51.39272198700007],[8.85401977500004,51.377137850000054],[8.837994438000067,51.383292580000045],[8.836583684000061,51.38850109200007],[8.827252393000038,51.38524592500005],[8.823374915000045,51.389825210000026],[8.80399317000007,51.39079794300005],[8.772903671000051,51.38539378000007],[8.760322472000041,51.378271400000074],[8.732850996000025,51.372416703000056],[8.693811209000046,51.37678475300004],[8.677446064000037,51.37179503400006],[8.68347650000004,51.362177906000056],[8.666599017000067,51.35569685200005],[8.666970800000058,51.352610080000034],[8.662309650000054,51.35217100800003],[8.659662021000031,51.34838900900007],[8.655559599000071,51.349611149000054],[8.653654042000028,51.33978950100004],[8.637787568000022,51.34361349800008],[8.621098213000039,51.33652789700005],[8.617491761000053,51.32720984200006],[8.605048337000028,51.32369487100004],[8.603240801000027,51.31485685400003],[8.592638066000063,51.30385796100006],[8.566377620000026,51.28777345800006],[8.556347796000068,51.27749475200005],[8.567815099000029,51.27025925400005],[8.578218095000068,51.26747828200007],[8.584950511000045,51.25460137200008],[8.59356275600004,51.24749677800003],[8.609212360000072,51.24668844100006],[8.625391094000065,51.25331147600008],[8.628340520000052,51.26050460300007],[8.67995260300006,51.26807654000004],[8.685490438000045,51.270988343000056],[8.685451002000036,51.27381365600007],[8.692552010000043,51.27640730600007],[8.695833960000073,51.27430693800005],[8.721997745000067,51.27374380600003],[8.72182723800006,51.26774745200004],[8.73658531500007,51.26221970300003],[8.727597513000035,51.25010270000007],[8.731443485000057,51.24406190500008],[8.730817228000035,51.24009246400004],[8.738206920000039,51.232158292000065],[8.737418728000023,51.228050421000034],[8.741697463000037,51.218423262000044],[8.768194376000054,51.20887368400008],[8.765013147000047,51.20393076800008],[8.749501813000052,51.19773170000008],[8.750004463000039,51.18146388100007],[8.758214362000047,51.17718172900004],[8.748598106000031,51.17251125800004],[8.74840232500003,51.16861144000006],[8.736942760000034,51.16393033300005],[8.736035026000025,51.16052175300007],[8.717674572000021,51.15152804400003],[8.713313853000045,51.151699593000046],[8.692161804000023,51.132834142000036],[8.691944172000035,51.129070366000064],[8.697125692000043,51.126036456000065],[8.696308051000074,51.12353084700004],[8.700792870000043,51.123312009000074],[8.701741131000063,51.11657665100006],[8.718848165000054,51.115695790000075],[8.719655316000058,51.11032615500005],[8.706886114000042,51.10779080800006],[8.690534692000028,51.10915858700008],[8.656632492000028,51.09490320000003],[8.601460657000075,51.102034564000064],[8.558367429000043,51.10345368600008],[8.551019821000068,51.10276424400007],[8.540484037000056,51.096008555000026],[8.52812272400007,51.09695248500003],[8.522611027000039,51.09045987400003],[8.51759400900005,51.09113982500003],[8.501733298000033,51.07946559800007],[8.506934251000075,51.072165031000054],[8.52222665000005,51.069014021000044],[8.527572852000048,51.06289413500008],[8.522518737000041,51.05380798500005],[8.519728974000031,51.053499816000055],[8.520434698000031,51.05010938800007],[8.515933807000067,51.051175983000064],[8.505143530000055,51.04143322200008],[8.509803550000072,51.03764257200004],[8.514335323000068,51.03882691600006],[8.516602732000024,51.04322181200007],[8.520681140000022,51.04300309000007],[8.525110558000051,51.038901913000075],[8.522837913000046,51.03628922300004],[8.525633310000046,51.034338459000026],[8.524318514000072,51.03203003100003],[8.531342080000059,51.02932266100004],[8.53455105200004,51.02062823800003],[8.538782178000076,51.01944843100006],[8.530628247000038,51.018239865000055],[8.530760673000032,51.01377780100006],[8.524560595000025,51.009937602000036],[8.514075672000047,51.00923734100007],[8.516562233000059,51.00580543700005],[8.501414715000067,50.99845402600005],[8.49575736600002,50.988095979000036],[8.487369344000058,50.98553012200006],[8.473368209000057,50.97503536800008],[8.477891851000038,50.969047458000034],[8.459665449000056,50.966650249000054],[8.461527964000027,50.958969112000034],[8.459568441000044,50.952319111000065],[8.462277137000058,50.94969330300006],[8.449323892000052,50.941083227000036],[8.450462715000072,50.932951080000066],[8.455029653000054,50.93048418600006],[8.458675717000062,50.92108824400003],[8.456441092000034,50.91653052300006],[8.433426238000038,50.91823903900007],[8.39672405500005,50.89451604300007],[8.388029887000073,50.89192918600003],[8.385575976000041,50.875793256000065],[8.37191701200004,50.87426569200005],[8.366588167000032,50.86855115100008],[8.36920145800002,50.86460254200006],[8.358600176000039,50.86069003400007],[8.35267772700007,50.865441419000035],[8.336748641000042,50.86571294200007],[8.319780767000054,50.86143505200005],[8.305473258000063,50.86112059000004],[8.305130263000024,50.86447167700004],[8.291897450000022,50.87715612200003],[8.292017197000064,50.88213579300003],[8.269666509000047,50.88187564800006],[8.259570875000065,50.87132295200007],[8.233149515000036,50.855284608000034],[8.231313895000028,50.850639837000074],[8.208765931000073,50.83667625100003],[8.196171525000068,50.832925215000046],[8.182840845000044,50.82487312000006],[8.180550112000049,50.82007429300006],[8.173922740000023,50.81733103800008],[8.17082179700003,50.808302780000076],[8.165806965000058,50.80347589200005],[8.142472777000023,50.79464996400003],[8.138362192000045,50.79028128500005],[8.12551194100007,50.78835590800003],[8.129390009000076,50.78746346300005],[8.127658962000055,50.78641439200004],[8.131708873000036,50.77700234300005],[8.141662304000022,50.77165990300006],[8.135641285000077,50.76721618200003],[8.151833816000021,50.75985388500004],[8.148634412000035,50.75586770400008],[8.152576292000049,50.75452528400007],[8.15485263200003,50.74827113900005],[8.164314888000035,50.74450251600007],[8.159952573000055,50.74271065100004],[8.164890256000035,50.74213512800003],[8.166828990000056,50.73571067900008],[8.150894006000044,50.71330226600003],[8.150389303000054,50.70555414700004],[8.142606560000047,50.69544846100007],[8.137413944000059,50.693958182000074],[8.131278843000075,50.69691964500004],[8.126220912000065,50.692631609000046],[8.125517134000063,50.68283797000004],[8.119700186000046,50.67714601100005],[8.112583578000056,50.67556798500004],[8.110229725000067,50.670901177000076],[8.11009234100004,50.65725078100007],[8.12378569200007,50.64529887200007],[8.127491728000052,50.64508691800006],[8.12875574900005,50.638502980000055],[8.140884865000032,50.63022826800005],[8.138681637000047,50.620046753000054],[8.135558854000067,50.619520858000044],[8.137736045000054,50.61822203000003],[8.126018672000043,50.61009313800008],[8.151592167000047,50.599370803000056],[8.152160899000023,50.59367498300003],[8.147141933000057,50.58211302400008],[8.140185777000056,50.57201458000003],[8.13967159200007,50.566512706000026],[8.134670199000027,50.56395269400008],[8.132188962000043,50.55796032100005],[8.137912756000048,50.55094786600006],[8.118991995000044,50.548470389000045],[8.110809233000055,50.54186453800003],[8.116076255000053,50.53857964100007],[8.120880707000026,50.539660095000045],[8.117738251000048,50.53450892800004],[8.103427207000038,50.53262800700003],[8.090714655000056,50.53538793300004],[8.087303551000048,50.53853949300003],[8.070521467000049,50.53799815800005],[8.066421973000047,50.54893081300003],[8.049348906000034,50.552800604000026],[8.046103997000046,50.55701687000004],[8.041611266000075,50.55699325300003],[8.042908556000043,50.55381595500006],[8.040995701000043,50.55256885000006],[8.028374600000063,50.550558728000055],[8.028294119000066,50.544501111000045],[8.011075710000057,50.53059974400003],[8.004646508000064,50.53064985700007],[7.99285764800004,50.52211155600003],[7.99656408200002,50.517231554000034],[7.982937248000042,50.51146109200005],[7.989966932000073,50.49856929400005],[7.97890288900004,50.49538382900005],[7.981235176000041,50.49374229800003],[7.979198225000061,50.48464087200006],[7.98561591400005,50.482584433000056],[7.986513542000068,50.47505064900008],[7.98897481900002,50.47545544400003],[7.987667910000027,50.47272609800007],[7.99482107700004,50.47059520400006],[7.999617132000026,50.46312091500005],[8.01047486300007,50.460572514000035],[8.010766001000036,50.452692427000045],[8.008110241000054,50.44879981200006],[8.00011537000006,50.44748311700005],[8.001020849000042,50.44530610600003],[7.990632849000065,50.44393675400005],[7.989391520000027,50.43973238500007],[7.97518245200007,50.43762097700005],[7.978219894000063,50.43434751800004],[7.988095058000056,50.43550879000003],[7.989033130000053,50.43378271900008],[7.984375898000053,50.43231257600007],[7.987782203000052,50.42792160100004],[7.983861708000063,50.42586431900003],[7.981239428000038,50.418001495000055],[7.974933058000033,50.41421709000008],[7.96617202300007,50.415212816000064],[7.964191682000035,50.412225232000026],[7.971559408000076,50.406220467000026],[7.982418559000052,50.40809720100003],[7.989643041000022,50.401025881000066],[7.984299950000036,50.39900952700003],[7.987153910000075,50.398054613000056],[8.023757273000058,50.40076622600003],[8.021046887000068,50.39874525400006],[8.020303561000048,50.38614352900004],[8.014559715000075,50.38452504900005],[8.033615217000033,50.381748542000025],[8.04255573200004,50.38605418600008],[8.04849464800003,50.37828577000005],[8.046051336000062,50.374659629000064],[8.050936411000066,50.37951715100007],[8.053547384000069,50.37885255100008],[8.051002530000062,50.37591708100007],[8.058396167000069,50.37332009700003],[8.059756762000063,50.37531153200007],[8.065891015000034,50.36722237300006],[8.067323904000034,50.35775514800008],[8.069977462000054,50.35814439100005],[8.076769665000029,50.34840322100007],[8.076669787000071,50.33586979900008],[8.071944286000075,50.331772923000074],[8.074385206000045,50.329438878000076],[8.094069656000045,50.330348137000044],[8.093594601000063,50.328087606000054],[8.102677519000054,50.32701728500007],[8.10253891800005,50.323665549000054],[8.107159009000043,50.321574385000076],[8.102414396000029,50.30982647700006],[8.11860073400004,50.299679998000045],[8.122776944000066,50.29047226300003],[8.119780379000076,50.28303736300006],[8.121913617000075,50.27722503200005],[8.111064984000052,50.270724021000035],[8.10678516400003,50.26090964100007],[8.103120829000034,50.25978884300008],[8.092001154000059,50.26524527300006],[8.079031647000022,50.26100217100003],[8.082993208000062,50.26590197300004],[8.074710658000072,50.26719447600004],[8.072088310000026,50.27315254200005],[8.05294581000004,50.27413208200005],[8.035891845000037,50.27119223300008],[8.035774573000026,50.26457288700004],[8.021650501000067,50.258344814000054],[8.024943861000054,50.25419377600008],[8.031521171000065,50.25595603700003],[8.037874879000071,50.24910675400008],[8.03497991300003,50.245938685000056],[8.044089299000063,50.24247023700008],[8.049437307000062,50.244367185000044],[8.048395076000077,50.24065390900006],[8.058909586000027,50.23440564400005],[8.046672259000047,50.227635571000064],[8.039718347000075,50.22858476000005],[8.038050626000029,50.22692850000004],[8.040783346000069,50.225654828000074],[8.032869172000062,50.22082141200008],[8.036926301000051,50.21890117000004],[8.03544434500003,50.215661975000046],[8.011772716000053,50.218033485000035],[8.01152952800004,50.222376428000075],[8.002709510000045,50.224381135000044],[8.006368090000024,50.22870103200006],[7.993521188000045,50.23171567800006],[7.997072763000062,50.236195588000044],[7.991079728000045,50.23645165000005],[7.990203927000039,50.23866512800004],[7.986755023000057,50.23463737800006],[7.988869180000052,50.23104665800008],[7.986556798000038,50.228088101000026],[7.97381217700007,50.22524204500007],[7.971336245000032,50.222477610000055],[7.953052226000068,50.220398060000036],[7.948094843000035,50.21762290500004],[7.951559753000026,50.21426097900007],[7.947395101000041,50.21007197000006],[7.920799568000064,50.20796364500006],[7.911141963000034,50.20373042700004],[7.907826667000052,50.20075647800007],[7.912503256000036,50.196433271000046],[7.910215464000032,50.19349452300003],[7.882830211000055,50.18131748800005],[7.888663180000037,50.17370812200005],[7.884014221000029,50.169568592000076],[7.892376956000021,50.161800828000025],[7.908167190000029,50.15626271200006],[7.919643896000025,50.14779839000005],[7.932942308000065,50.143884316000026],[7.92248754700006,50.13445730500007],[7.923173380000037,50.12599212100008],[7.927761768000039,50.119136301000026],[7.924582527000041,50.11504047500006],[7.925326039000026,50.108845314000064],[7.930097218000071,50.103740112000025],[7.920363642000041,50.10368003700006],[7.919763384000021,50.108903061000035],[7.903223635000074,50.121552457000064],[7.897441791000062,50.12152900800004],[7.884716909000076,50.11437835100003],[7.878714815000023,50.11556429600006],[7.875278933000061,50.119446767000056],[7.865389466000067,50.12085110600003],[7.859979320000036,50.12762935300003],[7.85401610200006,50.12832878800003],[7.844918084000028,50.12349925800004],[7.84309083200003,50.11166097500006],[7.835231385000043,50.110021207000045],[7.837541545000022,50.10852650700008],[7.834570615000075,50.106098426000074],[7.838544008000042,50.10166245500005],[7.837254493000046,50.09970574100004],[7.830071079000049,50.09802558200005],[7.830064705000041,50.09318173100007],[7.836754041000063,50.09442724300004],[7.833335060000024,50.09226776600008],[7.839230250000071,50.08748051400005],[7.837194078000039,50.08412892400003],[7.827180286000043,50.08157222800003],[7.822089291000054,50.08400988300008],[7.816751340000053,50.08067947300003],[7.81463691600004,50.083420776000025],[7.80346109900006,50.08458000100006],[7.796208875000048,50.076575699000045],[7.787097270000061,50.072011012000075],[7.787575824000044,50.06927636800003],[7.773997185000042,50.06654010500006],[7.772490637000033,50.05846875600008],[7.779659194000033,50.05110661400005],[7.805884393000042,50.03934196700004],[7.829358338000077,50.02194160700003],[7.850557168000023,50.013937130000045],[7.857894596000051,50.007130077000056],[7.866057611000031,49.98045413800003],[7.878061593000041,49.97313236800005],[7.887255214000049,49.97184287300007],[7.967401579000068,49.977772909000066],[8.03635699800003,50.00231166000003],[8.079569941000045,50.00689871600008],[8.128452335000077,50.02397813400006],[8.180949141000042,50.035205982000036],[8.236403687000063,50.03013132600006],[8.244557721000035,50.027628382000046],[8.272350266000046,50.01029608300007],[8.290214664000075,49.99352141600008],[8.322339373000034,49.97359170500005],[8.340963698000053,49.95107573800004],[8.354723212000067,49.91321317300003],[8.343555977000051,49.89287277600005],[8.344010057000048,49.88010932000003],[8.357524456000021,49.86490149700006],[8.374561373000063,49.861620955000035],[8.383583802000032,49.85567786200005],[8.385099116000049,49.84821761500007],[8.37829554700005,49.83287093800004],[8.378448621000075,49.824820085000056],[8.406076883000026,49.79656903000006],[8.416297386000053,49.77386768700006],[8.429195652000033,49.766445445000045],[8.469554066000057,49.76917902400004],[8.479186194000022,49.76421191700007],[8.478632658000038,49.758228373000065],[8.455137211000022,49.74183895200008],[8.435958648000053,49.720989392000035],[8.381522439000037,49.70704300500006],[8.36335792400007,49.69863780900005],[8.357266999000046,49.69214161200006],[8.356488092000063,49.67798747900008],[8.36963086000003,49.65917305000005],[8.381985162000035,49.62728359000005],[8.392850516000067,49.615282480000076],[8.40904772600004,49.60504413800004],[8.422439263000058,49.583385415000066],[8.438266105000025,49.58390012500007],[8.440464790000021,49.589412018000075],[8.446002313000065,49.59037671200008],[8.46428465300005,49.58952836800006],[8.475795984000058,49.58445226300006],[8.474351715000068,49.580970559000036],[8.479947343000049,49.57858680100003],[8.479900128000054,49.57446416700003],[8.495032435000041,49.572996672000045],[8.526260279000041,49.54799710200007],[8.532395957000062,49.536360073000026],[8.560001947000046,49.51746243000008],[8.57305537600007,49.52149343600007],[8.591295096000067,49.521280395000076],[8.597912602000065,49.531461955000054],[8.608047673000044,49.52830397200006],[8.606927971000061,49.53353920700005],[8.610899175000043,49.53871712900008],[8.621299696000051,49.54500989100006],[8.610684175000074,49.564370721000046],[8.603231735000065,49.593294238000055],[8.594074036000052,49.59277130300006],[8.590976799000032,49.59594293200007],[8.589315310000075,49.60451524900003],[8.595297406000043,49.60547431900005],[8.593888979000042,49.61094664800004],[8.650423502000024,49.62088414900006],[8.653979511000045,49.61839033200005],[8.677933668000037,49.62594697600008],[8.686617351000052,49.622720825000044],[8.692313575000071,49.62373885900007],[8.693836950000048,49.61935368200005],[8.68692863900003,49.616345522000074],[8.688392836000048,49.61462317300004],[8.683176143000026,49.61632132500006],[8.678879168000037,49.613867507000066],[8.68437583800005,49.610052461000066],[8.686894233000032,49.61320717800004],[8.686368561000052,49.60848043500005],[8.677790712000046,49.608999518000076],[8.677340981000043,49.613527772000054],[8.672139781000055,49.61119410500004],[8.682127798000067,49.60347193000007],[8.691519448000065,49.60694291200008],[8.692178543000068,49.60346769800003],[8.69799751100004,49.59975733500005],[8.69633437300007,49.59209975300007],[8.683476958000028,49.58975209300007],[8.683840160000045,49.577366545000075],[8.680989341000043,49.57554792900004],[8.68466982700005,49.575562095000066],[8.68430683500003,49.57022247200007],[8.693103992000033,49.56072812000008],[8.690770782000072,49.55564319500007],[8.698615480000058,49.54900408000003],[8.703883107000024,49.550028404000045],[8.705794411000056,49.547965530000056],[8.702650222000045,49.53532790000003],[8.707008771000062,49.53635103100004],[8.712339598000028,49.53171121100007],[8.718692564000037,49.53300840400004],[8.722620579000022,49.531108576000065],[8.72122815800003,49.52914294800007],[8.724609343000054,49.525894436000044],[8.735949885000025,49.524845990000074],[8.735513149000042,49.521315464000054],[8.72489476000004,49.52263710400007],[8.727711250000027,49.51833855000007],[8.737227042000029,49.51928837500003],[8.740428517000055,49.52318969400005],[8.74870874800007,49.52242754900004],[8.76420362400006,49.515198034000036],[8.776780529000064,49.517871960000036],[8.79859060800004,49.511688752000055],[8.796617691000051,49.51534452300007],[8.79812871100006,49.51851],[8.809206135000068,49.52568010500005],[8.82187400500004,49.524636471000065],[8.818658605000053,49.52121740900003],[8.821020445000045,49.51393869700007],[8.81696286500005,49.505793062000066],[8.83385525500006,49.49068327100008],[8.839046435000057,49.493767812000044],[8.839448611000023,49.49878370600004],[8.844550102000028,49.49840153100007],[8.848501613000053,49.502173277000054],[8.856782345000056,49.501232336000044],[8.882661470000073,49.506096150000076],[8.892426988000068,49.50290633700007],[8.89957270800005,49.50365573200003],[8.89683231400005,49.49760613800004],[8.899758638000037,49.49437237500007],[8.899354818000063,49.48454980100007],[8.876495013000067,49.46668603400008],[8.868244751000077,49.46489335500007],[8.86292378500002,49.46667885200003],[8.866340213000058,49.47459268600005],[8.860038490000022,49.48079092900008],[8.851932272000056,49.483588215000054],[8.826602842000057,49.46934922200006],[8.823524968000072,49.46267839800004],[8.82873313500005,49.46092254600006],[8.834607505000065,49.450382682000054],[8.832617743000071,49.43671650200008],[8.836653492000039,49.43437834900004],[8.836452906000034,49.43021830300006],[8.830501936000076,49.42322883500003],[8.816640970000037,49.42317561800007],[8.806587634000039,49.419200826000065],[8.807415853000066,49.41068087200006],[8.801488952000057,49.41089086200003],[8.804291828000032,49.40689296200003],[8.808293519000074,49.40642223800006],[8.803540603000044,49.40357037800004],[8.814612220000072,49.39685237300006],[8.822420887000021,49.39555189300006],[8.830413501000066,49.408335858000044],[8.838182485000061,49.40539141900007],[8.84567435200006,49.39654342400007],[8.85464451300004,49.39662719700004],[8.872745614000053,49.41244638300003],[8.892389344000037,49.420907380000074],[8.900948949000053,49.44336867200008],[8.912567030000048,49.43761440500003],[8.924739492000072,49.441303291000054],[8.927449061000061,49.44914222400007],[8.940069179000034,49.45031731200004],[8.950348720000022,49.454992884000035],[8.941483068000025,49.46487097200003],[8.935691164000048,49.46554294400005],[8.931879784000046,49.47063680900004],[8.942795189000037,49.48568849500003],[8.954639722000024,49.482009230000074],[8.950599560000057,49.48779345000003],[8.957727435000038,49.49548529800006],[8.95122210300002,49.502711530000056],[8.951832484000022,49.50562623500008],[8.968002908000074,49.50159982500003],[8.977471626000067,49.50341518100004],[8.97917478000005,49.50918036500008],[8.98583381900005,49.510330328000066],[8.987576771000022,49.50569363100004],[8.992255705000048,49.50338505900004],[9.012180163000039,49.50266760200003],[9.01423595700004,49.498058428000036],[9.040756948000023,49.499069415000065],[9.042181768000034,49.50651414200007],[9.049575498000024,49.51364970700007],[9.049950722000062,49.51936809400007],[9.064950779000071,49.529606011000055],[9.078857559000028,49.524941084000034],[9.09955422400003,49.52618935300006],[9.101622620000057,49.51973669400007],[9.105806353000048,49.51654928700003],[9.106127381000022,49.509796066000035],[9.11953,49.51221011700005],[9.126413832000026,49.51694579700006],[9.123637692000045,49.51977321700008],[9.126459732000058,49.52160708800005],[9.117749538000055,49.52793091400008],[9.113767890000076,49.53463350800007],[9.084390615000075,49.543023954000034],[9.087445384000034,49.544933712000045],[9.087870907000024,49.55066158400007],[9.072205636000035,49.56524923000006],[9.073074327000029,49.57494100200006],[9.078042595000056,49.57480364200006],[9.082631683000045,49.56178920500008],[9.098930719000066,49.56055390700004],[9.103006167000046,49.57745601400006]]],[[[8.67186358400005,49.61587813600005],[8.685979754000073,49.618355087000054],[8.685867891000044,49.62166492700004],[8.675112579000029,49.621105028000045],[8.67186358400005,49.61587813600005]],[[8.68405272700005,49.620222967000075],[8.680067486000041,49.61866510300007],[8.680116544000043,49.62028571500008],[8.68405272700005,49.620222967000075]]]]}},{"type":"Feature","id":null,"properties":{"shapeName":"Mecklenburg-Vorpommern","shapeISO":"DE-MV","shapeID":"10402087B60782008682549","shapeGroup":"DEU","shapeType":"ADM1","_puzzle_simplification_tolerance":0.0017192,"name_en":"Mecklenburg-Vorpommern","name_zh":"Mecklenburg-Vorpommern一级行政区"},"geometry":{"type":"MultiPolygon","coordinates":[[[[11.426799919000075,53.93796751800005],[11.428396571000064,53.94339132600004],[11.423207731000048,53.94219047200005],[11.426799919000075,53.93796751800005]]],[[[11.476962152000056,53.963978008000026],[11.474799957000073,53.96389986100007],[11.477147437000042,53.961632070000064],[11.476962152000056,53.963978008000026]]],[[[11.467246062000072,53.96378725000005],[11.47064583100007,53.96846709000005],[11.467271768000046,53.967561627000066],[11.467246062000072,53.96378725000005]]],[[[13.958649183000034,53.940980180000054],[13.960766590000048,53.94204435300003],[13.959025320000023,53.94367253300004],[13.958649183000034,53.940980180000054]]],[[[11.473005883000042,54.02444752700006],[11.44226268500006,54.02019174000003],[11.404023132000077,54.008800637000036],[11.37685254400003,53.99642693100003],[11.374182131000055,53.99234735400006],[11.376282340000046,53.99255466200003],[11.376623083000027,53.97870824000006],[11.388106554000046,53.966135112000075],[11.40009126800004,53.96405273900007],[11.411139878000029,53.96657737800007],[11.387012321000043,53.96781610100004],[11.388434412000038,53.97269246800005],[11.393635023000058,53.97465173300003],[11.402146923000032,53.96831596700008],[11.409895988000073,53.96887291100006],[11.420526161000055,53.962135267000065],[11.425946064000073,53.96076416400007],[11.43176843200007,53.961633455000026],[11.434296778000032,53.965246182000044],[11.42844789700007,53.961658225000065],[11.426502052000046,53.96716769300008],[11.429620106000073,53.969711344000075],[11.427520130000062,53.97556417200008],[11.430336287000046,53.98504995600007],[11.42786848000003,53.98580985800004],[11.43972113600006,53.99532287900007],[11.446154083000067,53.99732769900004],[11.446521119000067,53.97572564200004],[11.441949347000048,53.97017022500006],[11.441474096000036,53.96462178200005],[11.446825,53.95862990200004],[11.455957342000033,53.95753345500003],[11.454957228000069,53.96189532600005],[11.463861376000068,53.966466214000036],[11.463420288000066,53.96983507700003],[11.47194653300005,53.970709328000055],[11.46753056700004,53.973377852000056],[11.472046999000042,53.97917995000006],[11.480364739000038,53.98183380900008],[11.478125337000051,53.985521015000074],[11.480233988000066,53.99031488800006],[11.47824515900004,53.99797388500008],[11.481796074000044,53.99944805100006],[11.483554183000024,54.00865562000007],[11.48561384900006,54.00696621600008],[11.482556377000037,54.00166662200007],[11.48740629200006,54.00347263200007],[11.48868679700007,54.00159919400005],[11.48646532400005,54.00041893500003],[11.488950446000047,53.99901129400007],[11.495327760000066,54.011110055000074],[11.494150748000038,54.02170968200005],[11.473005883000042,54.02444752700006]]],[[[14.032775008000044,53.944137598000054],[14.033396113000038,53.94652103800007],[14.03112432200004,53.94483188800007],[14.032775008000044,53.944137598000054]]],[[[14.028817914000058,53.947382291000054],[14.027327940000077,53.95107912200007],[14.024216636000062,53.951509808000026],[14.028817914000058,53.947382291000054]]],[[[11.496341339000026,54.03131270600005],[11.486354181000024,54.025472197000056],[11.494789052000044,54.024195286000065],[11.496226884000066,54.02914616700008],[11.499022085000036,54.02992237400008],[11.496341339000026,54.03131270600005]]],[[[11.515053795000028,54.03799558500003],[11.517029555000022,54.04843467100005],[11.515186500000027,54.05450101300005],[11.52300169800003,54.06848707200004],[11.511905170000034,54.053974366000034],[11.51229992900005,54.03993521800004],[11.515053795000028,54.03799558500003]]],[[[13.931957917000034,54.024693564000074],[13.934209409000061,54.02758582700005],[13.931975524000052,54.03057942400005],[13.926332353000078,54.03030029700005],[13.917514176000054,54.02507048900003],[13.917627820000064,54.01927991500003],[13.925955810000062,54.01603996300008],[13.924392433000037,54.02324793500003],[13.931957917000034,54.024693564000074]]],[[[13.785243712000067,54.05294661500005],[13.78231517100005,54.059407589000045],[13.780285007000032,54.05578612900007],[13.785243712000067,54.05294661500005]]],[[[13.804403499000045,54.084405702000026],[13.801789037000049,54.08159842100008],[13.803894009000032,54.07907125400004],[13.803824634000023,54.08330491800007],[13.806411326000045,54.08420988000006],[13.804403499000045,54.084405702000026]]],[[[13.79755564900006,54.17402461000006],[13.777064083000027,54.172869038000044],[13.758870417000026,54.16840129800005],[13.749296749000052,54.15847457400008],[13.751796456000022,54.156154978000075],[13.751005129000077,54.149825477000036],[13.757985743000063,54.15054278900004],[13.751499108000075,54.149075534000076],[13.755459066000071,54.13767947000008],[13.758700129000033,54.13425578400006],[13.77232611100004,54.133843099000046],[13.776410763000058,54.12682910600006],[13.774831550000044,54.12010601500003],[13.784164958000076,54.118890874000044],[13.785939900000074,54.11476270300005],[13.792500005000022,54.11089646700003],[13.813839361000078,54.10782325900004],[13.80817472700005,54.10648480300006],[13.81297371100004,54.098773202000075],[13.808165625000072,54.09052779000007],[13.80703625800004,54.07838374500005],[13.800798757000052,54.07480760200008],[13.797938702000067,54.061959357000035],[13.788091635000058,54.05601212400006],[13.790568133000022,54.04867718600008],[13.784565865000047,54.04622066500008],[13.781238663000067,54.03854949600003],[13.77288849100006,54.04083057400004],[13.764304803000073,54.02998066200007],[13.763798114000053,54.02565754900007],[13.769915621000052,54.019184120000034],[13.801286645000062,54.01874070700006],[13.809801080000057,54.030950690000054],[13.820855403000053,54.03751951800007],[13.838366947000054,54.040220684000076],[13.847498221000023,54.04355017100005],[13.845022748000076,54.044700644000045],[13.847420129000056,54.046740871000054],[13.858941103000063,54.04811080700006],[13.870283259000075,54.04346861100004],[13.87304879100003,54.03909984900008],[13.875893321000035,54.04176522100005],[13.868145731000027,54.04562375300003],[13.879676464000056,54.04025984200007],[13.879166842000075,54.03651098100005],[13.874106621000067,54.03228997900004],[13.869799457000056,54.03427354400003],[13.870352070000024,54.03647294000007],[13.865968028000054,54.03304117000005],[13.863675411000031,54.02213385500005],[13.853236518000074,54.01367774200003],[13.853346612000053,54.00438492200004],[13.861586553000052,53.99975171500006],[13.866967428000066,54.00746656600006],[13.89867517600004,54.012072584000066],[13.907234631000051,54.02023684300008],[13.909527550000064,54.02626432000005],[13.924067821000051,54.03580373300008],[13.915505705000044,54.046793929000046],[13.907348925000065,54.043114744000036],[13.91722420900004,54.06051802800005],[13.911190422000061,54.06399433100006],[13.951359788000048,54.05897990100004],[13.965955434000023,54.05946066300004],[13.973258916000077,54.06399662900003],[13.976990562000026,54.06212286700003],[13.96886500100004,54.059436978000065],[13.997693497000057,54.041504015000044],[13.999322678000055,54.031066655000075],[14.004632290000075,54.022981042000026],[14.004361176000032,54.01065535300006],[14.011972115000049,54.010070162000034],[14.017609415000038,54.015021714000056],[14.014743963000058,54.02032703100008],[14.016437449000023,54.02147839000003],[14.01856188000005,54.01779271400005],[14.032710450000025,54.01710739500004],[14.041380857000036,54.00872479600008],[14.043296761000022,54.00182941200006],[14.037375385000075,53.998580900000036],[14.047581112000046,53.99744244900006],[14.048869338000031,53.980646370000045],[14.042935068000077,53.967909991000056],[14.043253734000075,53.96233337100006],[14.035033492000025,53.95000412300004],[14.036929998000062,53.946552600000075],[14.043531510000037,53.94619364200008],[14.040180529000054,53.94072126400005],[14.011792624000066,53.94931961600008],[14.010138101000052,53.95399157300005],[14.02344768200004,53.95812696200005],[14.016582606000043,53.96003400500007],[14.024514061000048,53.960523668000064],[14.023295886000028,53.96221410000004],[14.004308508000065,53.95912359400006],[13.995213324000076,53.96280518100008],[13.984094494000033,53.959405006000054],[13.986060518000045,53.96157696300003],[13.98368182300004,53.96210030200007],[13.963523535000036,53.95703787800005],[13.971301697000058,53.95079722100007],[13.967471276000026,53.94950492600003],[13.958666707000077,53.938643514000034],[13.959602033000067,53.93399228800007],[13.95270911700004,53.93492593600007],[13.951361414000075,53.94595528500008],[13.958216450000066,53.95301696200005],[13.949969504000023,53.95887000500005],[13.972228479000023,53.96961466400006],[13.96309143700006,53.973437646000036],[13.965029899000058,53.989799815000026],[13.945111097000051,53.99457702600006],[13.930471349000072,53.99081252000008],[13.905954691000034,53.98954333700004],[13.899618404000023,53.98226514700008],[13.895136173000026,53.96648573300007],[13.897733455000036,53.96256083700007],[13.922692556000072,53.95062918100007],[13.924189643000034,53.942622603000075],[13.932171685000071,53.93586486700008],[13.933824836000042,53.92497006600007],[13.93200255000005,53.92028088600006],[13.938260161000073,53.91379840900004],[13.937972831000025,53.90895263800007],[13.933311994000064,53.90688287200004],[13.930779276000067,53.89870139000004],[13.923702002000027,53.893557240000064],[13.924503585000025,53.89085133100008],[13.921472669000025,53.88796537600007],[13.902957706000052,53.88544687400008],[13.893418387000054,53.87717067700004],[13.874289787000066,53.877862520000065],[13.859023829000023,53.87165202500006],[13.834142531000055,53.871008403000076],[13.82915231000004,53.861976843000036],[13.829721512000049,53.85764091300007],[13.821787,53.85703476500004],[13.826150251000058,53.84968518200003],[13.846572559000037,53.85102553000007],[13.856883293000067,53.84697863200006],[13.858628949000035,53.845528924000064],[13.855845291000037,53.84492899400004],[13.859050252000031,53.84314185300008],[13.898238400000025,53.839906143000064],[13.917839009000033,53.845222153000066],[13.923940621000042,53.858820757000046],[13.928776561000063,53.862062338000044],[13.92827813100007,53.869852448000074],[13.931506523000053,53.87037201100003],[13.955056461000027,53.860324055000035],[13.953690591000054,53.85328794600008],[13.949911076000035,53.84996075200007],[13.936446409000041,53.84770252000004],[13.92331325400005,53.85208823800008],[13.921753194000075,53.84702116100004],[13.939010887000052,53.843436696000026],[13.980123646000038,53.85021289000008],[13.990989290000073,53.848447054000076],[13.995955984000034,53.85415339000008],[14.008803541000077,53.859114774000034],[14.019709770000077,53.86930093900003],[14.027313893000041,53.86935576900004],[14.040923857000053,53.87450838800004],[14.06278519600005,53.86945788100007],[14.085551771000041,53.87483077700006],[14.114891803000035,53.86912670500004],[14.125798425000028,53.871864551000044],[14.179064046000065,53.870723189000046],[14.189392463000047,53.87255706800005],[14.198134502000073,53.87109971800004],[14.20834700100005,53.86508691000006],[14.213077509000072,53.86647963300004],[14.215371851000043,53.88117895000005],[14.212300980000066,53.900294719000044],[14.203947921000065,53.906632744000035],[14.205867778000027,53.91056652700007],[14.18531600600005,53.91197080900008],[14.18531431100007,53.91410242400008],[14.207646479000061,53.91586745200004],[14.226321978000044,53.92864344000003],[14.181793824000067,53.94842151600005],[14.142192812000076,53.976878277000026],[14.04998968800004,54.02940677700008],[14.016216602000043,54.05389185000007],[13.96727749300004,54.07033083600004],[13.926712552000026,54.07822505300004],[13.874714329000028,54.10028757600003],[13.857811276000064,54.11075081600006],[13.833253137000042,54.131941045000076],[13.820947317000048,54.14954637200003],[13.812452520000022,54.16942821200007],[13.808924109000031,54.16950688500003],[13.79755564900006,54.17402461000006]]],[[[13.812914917000057,54.17026303100005],[13.81226990600004,54.173368898000035],[13.806582860000049,54.17403031600003],[13.809294131000058,54.16994984100006],[13.812914917000057,54.17026303100005]]],[[[13.811228571000072,54.17796024800003],[13.804088404000026,54.17818530400007],[13.803328923000038,54.17688366400006],[13.81040519000004,54.17566724800008],[13.811228571000072,54.17796024800003]]],[[[13.774442466000039,54.20626076100007],[13.768876807000026,54.20892111400008],[13.768949762000034,54.20082204700003],[13.77072729200006,54.20074034000004],[13.774442466000039,54.20626076100007]]],[[[13.92041047400005,54.251460922000035],[13.908618927000077,54.24414007300004],[13.910020075000034,54.242645131000074],[13.906990114000052,54.24022405000005],[13.926762009000072,54.24867061800006],[13.92041047400005,54.251460922000035]]],[[[12.528019838000034,54.34622056200004],[12.529585853000071,54.35009267400005],[12.526920293000046,54.35222689500006],[12.528019838000034,54.34622056200004]]],[[[12.535520950000034,54.356009183000026],[12.529220834000057,54.35872497400004],[12.527863697000043,54.35411283600007],[12.530961209000054,54.34992789800003],[12.529273978000049,54.35468421000007],[12.535520950000034,54.356009183000026]]],[[[12.527914090000024,54.35777705600003],[12.527901316000055,54.36172238000006],[12.525126063000073,54.35938853200008],[12.527914090000024,54.35777705600003]]],[[[13.528117790000067,54.318457350000074],[13.54713124400007,54.326200768000035],[13.54220134600007,54.33240686400006],[13.530309382000041,54.32646468400003],[13.530352927000024,54.32246923400004],[13.524042484000063,54.31660580100004],[13.518528205000052,54.31626281800004],[13.519072223000023,54.31185113200007],[13.524755802000072,54.30940815500003],[13.524118506000036,54.31479696900004],[13.528117790000067,54.318457350000074]]],[[[12.52643772600004,54.36269087800008],[12.52817359200003,54.366702789000044],[12.524947755000028,54.365364200000045],[12.52643772600004,54.36269087800008]]],[[[12.528543537000076,54.36850288100004],[12.522948600000063,54.368093868000074],[12.526974928000072,54.36717360800003],[12.528543537000076,54.36850288100004]]],[[[12.524071651000042,54.37033337500003],[12.522531388000061,54.37392267900003],[12.518584844000031,54.37222750300003],[12.524071651000042,54.37033337500003]]],[[[12.584531152000068,54.375337829000046],[12.584889935000035,54.380712075000076],[12.580441213000029,54.37710558800006],[12.584531152000068,54.375337829000046]]],[[[12.665607821000037,54.406818599000076],[12.65865743300003,54.40827435500006],[12.65632322600004,54.40657480100003],[12.662395367000045,54.40484528500008],[12.665607821000037,54.406818599000076]]],[[[12.736578423000026,54.41234727900007],[12.724436019000052,54.41242209600006],[12.718130044000077,54.405268497000066],[12.729774999000028,54.404902856000035],[12.736215002000051,54.40801086400006],[12.736578423000026,54.41234727900007]]],[[[13.207394634000025,54.397663485000066],[13.217181631000074,54.39770394300007],[13.220257594000032,54.40053776900004],[13.209216093000066,54.401095430000055],[13.207394634000025,54.397663485000066]]],[[[12.67114366800007,54.41619666500003],[12.670447739000053,54.42096139800003],[12.668610393000051,54.41847407000006],[12.67114366800007,54.41619666500003]]],[[[12.643748725000023,54.41972388800008],[12.638030613000069,54.42354234600003],[12.635358722000035,54.42209910200006],[12.637304885000049,54.41609817700004],[12.640185969000072,54.41937094700006],[12.645030383000062,54.415581014000054],[12.643748725000023,54.41972388800008]]],[[[12.725525782000034,54.42716916300003],[12.723620915000026,54.42964578200008],[12.723097336000023,54.42786766900008],[12.725525782000034,54.42716916300003]]],[[[12.695731841000054,54.431032721000065],[12.686882471000047,54.42759258900003],[12.693589218000056,54.42883060400004],[12.690802191000046,54.424476982000044],[12.677982975000077,54.42249488700003],[12.67496495100005,54.41939592700004],[12.67728061300005,54.41595836800008],[12.683425620000037,54.41493888100007],[12.69961937200003,54.41886353600006],[12.720210346000044,54.41517552100004],[12.730906878000042,54.416364970000075],[12.72981913500007,54.42208764900005],[12.724080534000052,54.425373421000074],[12.710644702000025,54.42563350800003],[12.695731841000054,54.431032721000065]]],[[[12.929293206000068,54.42728750400005],[12.929686820000029,54.43015429700006],[12.923224697000023,54.43303882100008],[12.929293206000068,54.42728750400005]]],[[[13.125346077000074,54.42718346800007],[13.123002705000033,54.42885799800007],[13.116617763000022,54.43084460500006],[13.117881802000056,54.42671122300004],[13.125346077000074,54.42718346800007]]],[[[12.970146868000029,54.43642168700006],[12.971534230000032,54.44047778000004],[12.96778918700005,54.43846849400006],[12.970146868000029,54.43642168700006]]],[[[12.960196999000061,54.44099258000006],[12.930027254000038,54.44306053200006],[12.925810709000075,54.44031834900005],[12.923932429000047,54.434793279000075],[12.93153305900006,54.43228396200004],[12.93852983000005,54.43856152300003],[12.948367697000037,54.440338713000074],[12.960567523000066,54.437220799000045],[12.960196999000061,54.44099258000006]]],[[[12.984201126000073,54.44058965100004],[12.973554356000022,54.441356496000026],[12.981968408000057,54.43750144900008],[12.984201126000073,54.44058965100004]]],[[[12.988483091000035,54.44372793700006],[12.989248480000072,54.44511028900007],[12.986984440000072,54.444042696000054],[12.988483091000035,54.44372793700006]]],[[[13.050677148000034,54.46023989100007],[13.04725075500005,54.46021702300004],[13.045290953000062,54.45384060400005],[13.033047795000073,54.44680497200005],[13.025370870000074,54.448748384000055],[13.016882273000022,54.44652969500004],[12.998245452000049,54.44740629700004],[12.984373402000074,54.43579780300007],[12.973263387000031,54.440403745000026],[12.972371983000073,54.43744399500008],[12.976197763000073,54.43646699000004],[12.973190030000069,54.43455816800008],[12.988628866000056,54.43399199800007],[12.998492327000065,54.43999358500008],[13.01563795100003,54.443674016000045],[13.041558353000028,54.44243454800005],[13.058989312000051,54.45119964200006],[13.050813926000046,54.45722867600006],[13.050677148000034,54.46023989100007]]],[[[13.209728694000034,54.46353929700007],[13.199219675000052,54.46170417700006],[13.19866521800003,54.457295962000046],[13.203125811000064,54.46160903200007],[13.209728694000034,54.46353929700007]]],[[[13.211499781000043,54.465296902000034],[13.209070696000026,54.46438219200007],[13.210347675000037,54.46364110700006],[13.211499781000043,54.465296902000034]]],[[[13.207316260000027,54.465373543000055],[13.206325504000063,54.466673341000046],[13.203811457000029,54.46587270400005],[13.207316260000027,54.465373543000055]]],[[[13.226970968000046,54.469680391000054],[13.213227299000039,54.467059035000034],[13.213723127000037,54.464483924000035],[13.22282470600004,54.46500956400007],[13.226970968000046,54.469680391000054]]],[[[13.080708558000026,54.47451809300003],[13.082809620000035,54.47687552000008],[13.079930234000074,54.47571706600007],[13.080708558000026,54.47451809300003]]],[[[13.183614944000055,54.49396426200008],[13.161510263000025,54.48989743700008],[13.143480888000056,54.47798400700003],[13.131195708000064,54.45898930300007],[13.122169322000047,54.451531112000055],[13.120411481000076,54.44435430600004],[13.124210652000045,54.442145105000066],[13.147095063000052,54.44913100600007],[13.16067583000006,54.448981539000044],[13.16419875400004,54.45073612500005],[13.164329983000073,54.45461585800007],[13.169861423000043,54.45677706400005],[13.181680434000043,54.45610700900005],[13.187473622000027,54.45942724900004],[13.187379361000069,54.465613473000076],[13.193174601000067,54.46442338000003],[13.203850191000072,54.46867733000005],[13.211860260000037,54.467119136000065],[13.225492598000073,54.47067782800008],[13.224781504000077,54.481816639000044],[13.21854877100003,54.48320194400003],[13.227716703000056,54.48406348100008],[13.224841601000037,54.48660693700003],[13.20066999200003,54.48550067800005],[13.196694183000034,54.48683181200005],[13.197582725000075,54.491698676000055],[13.183614944000055,54.49396426200008]]],[[[13.166013336000049,54.51134676000004],[13.156748962000052,54.51237542900003],[13.155170991000034,54.50665559600003],[13.164879447000033,54.50212107200008],[13.163065733000053,54.503846630000055],[13.169002980000073,54.506628326000055],[13.166013336000049,54.51134676000004]]],[[[13.301308145000064,54.540624957000034],[13.298631158000035,54.53909864900004],[13.302844395000022,54.53754504900007],[13.301308145000064,54.540624957000034]]],[[[13.124703425000064,54.54358603600008],[13.122935626000071,54.54984673600006],[13.116957671000023,54.54685862000008],[13.118569020000052,54.53893293500005],[13.12108775400003,54.54311564900007],[13.124703425000064,54.54358603600008]]],[[[13.146787184000061,54.603354280000076],[13.11877062900004,54.60305291200007],[13.097973357000058,54.59062082400004],[13.101345172000038,54.58712964500006],[13.102518443000065,54.57738147600003],[13.098432827000067,54.55864442300003],[13.085605401000066,54.538032729000065],[13.07929503300005,54.517172508000044],[13.066705969000054,54.49527008100006],[13.060965314000043,54.47876005400008],[13.061237644000073,54.46085958400005],[13.064966655000035,54.45773218200003],[13.071366964000049,54.468125763000046],[13.06779384500004,54.47059418100008],[13.07313675000006,54.46922277400006],[13.071565319000058,54.47713393300006],[13.073805051000022,54.476917161000074],[13.071347846000037,54.479220284000064],[13.076699403000077,54.47862631600003],[13.072726547000059,54.48178745600006],[13.075780864000023,54.48289446100006],[13.074474776000045,54.48968016300006],[13.070682066000074,54.49178229600005],[13.073845379000034,54.491432659000054],[13.072973794000063,54.49974942000006],[13.079238857000064,54.50207423100005],[13.081698707000044,54.51360251400007],[13.088608567000051,54.51520073300003],[13.084632444000022,54.51916063300007],[13.092906292000066,54.51736555200006],[13.09249984400003,54.52764045300006],[13.103412478000052,54.52889904800003],[13.105531063000058,54.531479052000066],[13.100809523000066,54.53285961600005],[13.10614828000007,54.531951133000064],[13.116746715000033,54.537663904000055],[13.113629790000061,54.54283309600004],[13.117235830000027,54.55125676500006],[13.115742415000057,54.557660198000065],[13.112306259000036,54.56565898500003],[13.107648057000063,54.56845738800007],[13.11109181200004,54.56987604500006],[13.110133242000074,54.57266195300008],[13.119119687000023,54.574329814000066],[13.110207173000049,54.581535650000035],[13.111421835000044,54.584668504000035],[13.125240664000046,54.58367048800005],[13.129488170000059,54.59125322300008],[13.14135067500007,54.59884820800005],[13.139462877000028,54.59056081500006],[13.134423353000045,54.58847004800003],[13.140851577000035,54.58522775900008],[13.144994919000055,54.57364889300004],[13.146595739000077,54.59551630900006],[13.146665856000027,54.588727910000046],[13.151814991000037,54.583087858000056],[13.150799919000065,54.575438044000066],[13.155360780000024,54.580104765000044],[13.156138223000028,54.572873593000054],[13.157957930000066,54.57371941000008],[13.157314249000024,54.57915120600006],[13.14831814300004,54.593198966000045],[13.146787184000061,54.603354280000076]]],[[[14.412381009000057,53.32959336200008],[14.405479041000035,53.34708802700004],[14.390322323000078,53.35370943300006],[14.395310786000039,53.36936006900004],[14.394794065000042,53.37571935600005],[14.389229211000043,53.38782927500006],[14.373283271000048,53.40895073100006],[14.36862134300003,53.43261261500004],[14.371281485000054,53.45643954900004],[14.358030170000063,53.457314575000055],[14.354157291000035,53.488567094000075],[14.350647881000043,53.49600626700004],[14.32688289600003,53.503810490000035],[14.315746776000026,53.525148622000074],[14.319356753000022,53.52983283100008],[14.315852863000032,53.536932798000066],[14.305766652000045,53.54392093800004],[14.30728128000004,53.55133637400007],[14.302557318000026,53.55340466200005],[14.313961395000035,53.565225791000046],[14.311834345000022,53.57940978700003],[14.316948094000054,53.61806704600008],[14.311110476000067,53.61845418300004],[14.283849904000022,53.63444307100008],[14.284644201000049,53.658800376000045],[14.270896416000028,53.66529523300005],[14.281114521000063,53.67295222100006],[14.283681258000058,53.682503980000035],[14.272549139000034,53.68936248400007],[14.266808446000027,53.69870465400004],[14.26773004100005,53.70463218200007],[14.271929492000027,53.70585376900004],[14.26833268200005,53.70844626400003],[14.273533998000062,53.74435346300004],[14.266948570000068,53.75348675200007],[14.28359583300005,53.77230294700007],[14.270424931000036,53.78994875800004],[14.178515077000043,53.80680276500004],[14.073113858000056,53.811599399000045],[14.022973346000072,53.81021730400005],[13.986859914000036,53.81220820000004],[13.920310482000048,53.825669652000045],[13.904453526000054,53.82408189700004],[13.889602069000034,53.82718603400008],[13.851336510000067,53.84505875000008],[13.822463700000071,53.847704555000064],[13.818628812000043,53.85921832000008],[13.826648936000026,53.86562227500008],[13.829385194000054,53.87432547000003],[13.82615377600007,53.87762814100006],[13.847222144000057,53.877950465000026],[13.851308796000069,53.888327943000036],[13.864752439000029,53.90046066000008],[13.88736698200006,53.910155340000074],[13.903287113000033,53.910996142000045],[13.91040100600003,53.91532242400007],[13.914106243000049,53.92185745900008],[13.894151942000065,53.94268714800006],[13.884566373000041,53.94443490000003],[13.881314850000024,53.949795091000055],[13.869792916000051,53.95239243700007],[13.865757256000052,53.94987565900004],[13.856599699000071,53.950102711000056],[13.852625101000058,53.95275542300004],[13.85384980300006,53.96462893100005],[13.833821624000052,53.984428629000035],[13.820901310000067,53.988604861000056],[13.810881142000028,53.995302164000066],[13.795544269000061,53.99580861700008],[13.760405712000022,54.01540322900007],[13.757873119000067,54.027967069000056],[13.750334382000062,54.02619916400005],[13.743604332000075,54.02871742900004],[13.744317477000038,54.03262647400004],[13.761396575000049,54.035653652000065],[13.777909743000066,54.044300977000034],[13.779083373000049,54.04775723200004],[13.782645260000038,54.04754293700006],[13.785380770000074,54.05085077000007],[13.77380634800005,54.059802088000026],[13.78504038400007,54.065572727000074],[13.78721140700003,54.06327967100003],[13.79016878300007,54.064414932000034],[13.789491660000067,54.070926506000035],[13.795335359000035,54.077551663000065],[13.79336999700007,54.08552208800006],[13.808750797000073,54.10045250600007],[13.773558815000058,54.117897534000065],[13.768275247000076,54.12666024300006],[13.747314705000065,54.134595809000075],[13.751573912000026,54.13478964300003],[13.749066129000028,54.13978287400005],[13.733973341000024,54.135946681000064],[13.718690845000026,54.14458480600007],[13.69738920900005,54.14892290700004],[13.695619562000047,54.157936118000066],[13.718302120000033,54.163229569000066],[13.70625838500007,54.17118193200008],[13.69579393600003,54.17177322400005],[13.652950980000071,54.15369650900004],[13.644008772000063,54.156979198000045],[13.641126994000047,54.153852820000054],[13.645725981000055,54.15082476300006],[13.62347648900004,54.139660512000034],[13.575968482000064,54.13180816600004],[13.57424379300005,54.13512073100003],[13.572401855000066,54.131800835000035],[13.559720698000035,54.13045634800005],[13.529150016000074,54.131057456000065],[13.48598828300004,54.12277805200006],[13.477031126000043,54.11878726700007],[13.476949022000042,54.115754191000065],[13.483008762000054,54.11152991900008],[13.487143994000064,54.10038344600008],[13.501854179000077,54.08710929500006],[13.500067612000066,54.08466284300005],[13.489404454000066,54.08384578400006],[13.45884755000003,54.09066095000003],[13.460165600000039,54.09558253800003],[13.448100724000028,54.10184402500005],[13.451524419000066,54.10257408100006],[13.45119859600004,54.10517254500007],[13.43919003800005,54.11227381600003],[13.439969048000023,54.12302342900006],[13.43016504700006,54.13554778500003],[13.412089009000056,54.14634598100008],[13.406736829000067,54.14703561300007],[13.409563620000029,54.15019988500006],[13.408009510000056,54.15316311400005],[13.41421163800004,54.15761629900004],[13.414548489000026,54.16374703100007],[13.422170386000062,54.16741153000004],[13.41928378800003,54.17283972900003],[13.394404991000044,54.18121048900008],[13.400193123000065,54.17830883400006],[13.399804828000072,54.16964341200003],[13.379002870000022,54.17711409100008],[13.346995493000065,54.165290808000066],[13.337272729000063,54.16750416000008],[13.321728154000027,54.160028261000036],[13.316391961000022,54.16012549900006],[13.32969623200006,54.16735515400006],[13.335253029000057,54.17395131400008],[13.34066172300004,54.173828781000054],[13.336657401000025,54.17700111100004],[13.357489357000077,54.18336499900005],[13.37128361300006,54.18176564100003],[13.36533484000006,54.18530443600008],[13.344701586000042,54.18111130800003],[13.326608185000055,54.18382359800006],[13.318963643000075,54.19482362300005],[13.306337122000059,54.20432320800006],[13.297220616000061,54.22503085400007],[13.290710882000042,54.23109115400007],[13.29122909800003,54.23403459800005],[13.259698907000029,54.24110657700004],[13.215672970000071,54.24121221100006],[13.210483593000049,54.244662334000054],[13.216215868000063,54.24981629000007],[13.20232149700007,54.25741958800006],[13.190234668000073,54.25893445400004],[13.189771867000047,54.263223624000034],[13.18533694100006,54.26634254700008],[13.172681952000062,54.26309172400005],[13.167175032000046,54.266232794000075],[13.162559730000055,54.264105578000056],[13.162777344000062,54.26053497100003],[13.159483806000026,54.25849371500004],[13.142765861000044,54.25365470300005],[13.141921018000062,54.25735258200007],[13.160438544000044,54.26763093400007],[13.176645584000028,54.26648770500003],[13.178427337000073,54.26927398000004],[13.166598050000061,54.27893985600008],[13.154246903000058,54.26916854800004],[13.147670403000063,54.26792934300005],[13.132873048000022,54.279414934000044],[13.130945562000022,54.28775186800004],[13.139910550000025,54.30736592200003],[13.13492379400003,54.31222489800007],[13.135096084000054,54.317358641000055],[13.13893506200003,54.31929075600004],[13.149561965000032,54.31279152400003],[13.169624899000041,54.30982817700004],[13.185501312000042,54.30001904400007],[13.180669058000035,54.29637669700003],[13.169736538000052,54.30226728000008],[13.163972525000077,54.30108212700003],[13.164697434000061,54.30425223300006],[13.154112258000055,54.30464262900006],[13.155533633000061,54.30330514000008],[13.13970200600005,54.29636444500005],[13.138316108000026,54.28619381400006],[13.141667486000074,54.28092434600006],[13.165447853000046,54.28940802900007],[13.181069042000047,54.28743886800004],[13.192975340000032,54.29709023300006],[13.200855769000043,54.29417186300003],[13.203024716000073,54.29027400200005],[13.196188273000075,54.28448360200008],[13.198598954000033,54.27175820300005],[13.201950857000043,54.27047622400005],[13.19954189200007,54.26991824600003],[13.215349814000035,54.27137313000003],[13.214719440000067,54.27837618400008],[13.217800847000035,54.27930802800006],[13.217110968000043,54.27301820900004],[13.239844086000062,54.26630410300004],[13.250430976000075,54.25819946100006],[13.268173002000026,54.253729726000074],[13.287434673000064,54.25923766500006],[13.321518896000043,54.25807676100004],[13.31449488800007,54.25946124600006],[13.314587234000044,54.26385281800003],[13.30968821600004,54.26570288200003],[13.324274888000048,54.27036836500008],[13.332694394000043,54.278309758000034],[13.336708766000072,54.27856150700006],[13.334211455000059,54.27025859200006],[13.322781407000036,54.26617950000008],[13.323444443000028,54.260686788000044],[13.326856323000072,54.258470223000074],[13.326573736000057,54.25491027500004],[13.322071587000039,54.25238677200008],[13.321679408000023,54.24566235300006],[13.297026539000058,54.25228703200003],[13.295037628000046,54.25542210300006],[13.290848629000038,54.25128307500006],[13.308907533000024,54.24769458000003],[13.323668997000027,54.23754392400008],[13.32858354800004,54.23914005600005],[13.383515738000028,54.228869890000055],[13.393587180000054,54.22097130900005],[13.39929700600004,54.22683129200004],[13.417290242000036,54.23247463300004],[13.424720027000035,54.23854552600005],[13.42401162300007,54.24520772100004],[13.417371901000024,54.25582429800005],[13.40155423300007,54.26570604800003],[13.39159176100003,54.26396724400007],[13.389873269000077,54.25869999400004],[13.378793134000034,54.25333392700003],[13.370321570000044,54.26220140800007],[13.364478088000055,54.26410379200007],[13.360327221000034,54.26251511600003],[13.361740484000052,54.258117680000055],[13.359018898000045,54.25749495400004],[13.36336196800005,54.254656976000035],[13.365872550000063,54.257966346000046],[13.36937216900003,54.25417734600006],[13.35795928300007,54.24667726300004],[13.359623604000035,54.25046253600004],[13.352294493000045,54.253824793000035],[13.358671521000076,54.255933663000064],[13.355976719000068,54.258648383000036],[13.358019544000058,54.26005696200008],[13.354198581000048,54.26122806700005],[13.356708323000078,54.263795809000044],[13.35082142300007,54.26983544400008],[13.358008184000028,54.27015708500005],[13.361219058000074,54.27299407300006],[13.368525585000043,54.270716108000045],[13.372362813000052,54.27562125000003],[13.378623816000072,54.27738943800006],[13.37153382400004,54.277808529000026],[13.390755697000031,54.27945028600004],[13.383875852000074,54.26628455700006],[13.386721413000032,54.26656153500005],[13.410859688000073,54.28617572100006],[13.413229580000063,54.290098157000045],[13.412444524000023,54.29650721500008],[13.419602259000044,54.30278898300003],[13.44516961000005,54.31393964600005],[13.46190934200007,54.316406663000066],[13.466943740000033,54.32641627100003],[13.462301920000073,54.329027248000045],[13.452525982000054,54.32607367600008],[13.457176912000023,54.32918555100008],[13.45055349100005,54.331376685000066],[13.454625574000033,54.33609271900008],[13.46438456800007,54.32912711500006],[13.479465783000023,54.33031413600003],[13.483014680000053,54.33484716500004],[13.495966404000058,54.33679793600004],[13.50079603200004,54.34070083100005],[13.507952526000054,54.340263005000054],[13.504881190000049,54.34307869000003],[13.507070603000045,54.34420673200003],[13.51787684900006,54.340421295000056],[13.530829886000049,54.33991961000004],[13.53814608500005,54.34308359100004],[13.550763946000075,54.339687293000054],[13.565221781000048,54.344994479000036],[13.575317964000021,54.352998350000064],[13.587958707000041,54.352082221000046],[13.598319136000043,54.34785989300008],[13.614171848000069,54.33019748800007],[13.628859680000062,54.33133081400007],[13.623193747000073,54.33453893800004],[13.630510514000036,54.33723404300008],[13.629861629000061,54.338938373000076],[13.639096766000023,54.33946906600005],[13.63588710700003,54.34399546700007],[13.650380109000025,54.34905449000007],[13.65404908000005,54.346917706000056],[13.674806095000065,54.35094809900005],[13.682148615000074,54.349891967000076],[13.684603080000045,54.34630824100003],[13.67404889200003,54.337325502000056],[13.64238018900005,54.32549497100007],[13.612007360000064,54.32063902300007],[13.609803577000037,54.31660384400004],[13.617289210000024,54.31551486700005],[13.620899997000038,54.31862762000003],[13.637291814000037,54.31932096400004],[13.672228456000028,54.33030941000004],[13.682777343000055,54.32628439600006],[13.703623142000026,54.32630329300008],[13.703350123000064,54.32046071600007],[13.696791528000062,54.31746130600004],[13.700308264000057,54.31675738800004],[13.68599252100006,54.315123681000046],[13.685400757000025,54.31024662200008],[13.681725166000035,54.30989677000008],[13.681338592000031,54.31226888000003],[13.677761020000048,54.308390544000076],[13.656620542000041,54.30402500200006],[13.645403995000038,54.29756069000007],[13.65512919300005,54.288472762000026],[13.661703823000039,54.28752477000006],[13.669339316000048,54.29189790700008],[13.69174321500003,54.28971309800005],[13.693256430000076,54.293875015000026],[13.702217861000065,54.29562968500005],[13.708108993000053,54.28731335000003],[13.709469868000042,54.27991229400004],[13.698696299000062,54.28061521700005],[13.690814749000026,54.287435936000065],[13.684241265000026,54.284948986000074],[13.687040140000022,54.27994137200005],[13.697047652000037,54.27877384800007],[13.707661432000066,54.26874385700006],[13.724230548000037,54.27385546600004],[13.715406243000075,54.294085358000075],[13.719296411000073,54.31150637200005],[13.72422419700007,54.31734384900005],[13.730549021000058,54.31772360700006],[13.732686882000053,54.32788298000003],[13.740058042000044,54.33548112300008],[13.766450129000077,54.33964923700006],[13.76690940800006,54.341834489000064],[13.747528594000073,54.345161346000054],[13.721177839000063,54.35913564600003],[13.700389850000022,54.38357474800006],[13.703277028000059,54.38568879400003],[13.697638488000052,54.38406353100004],[13.672937238000031,54.40120108500008],[13.66452838300006,54.40321960500006],[13.656599550000067,54.39959065900007],[13.627096677000054,54.398749129000066],[13.613370272000054,54.403373481000074],[13.58743796500005,54.42602350200008],[13.578118092000068,54.43909750200004],[13.570090090000065,54.459868535000055],[13.57073106200005,54.47106655400006],[13.577997761000063,54.479614627000046],[13.59758566000005,54.476358592000054],[13.601918031000025,54.48343004800006],[13.597163946000023,54.48810214100007],[13.609409738000068,54.49886102500005],[13.628175848000069,54.50615680200008],[13.634324735000064,54.50464767400007],[13.653941013000065,54.51629617200007],[13.669397383000046,54.52107268200007],[13.678610371000048,54.53153882400005],[13.681642404000058,54.542616449000036],[13.676080031000026,54.55425241000006],[13.679808603000026,54.56248552100004],[13.661158812000053,54.575789471000064],[13.634857260000047,54.58546757800008],[13.588259269000048,54.584399391000034],[13.490820062000068,54.573056336000036],[13.469665356000064,54.57541580900005],[13.466874999000026,54.57182334600003],[13.46038565200007,54.57062773200005],[13.434986751000054,54.574587406000035],[13.418736462000027,54.580867245000036],[13.393314797000073,54.59861674700005],[13.383719141000029,54.61199034800006],[13.377238394000074,54.63555880800004],[13.385159981000072,54.64718521400005],[13.391083261000063,54.65131723700006],[13.415517936000072,54.65505662900006],[13.428539366000052,54.66014640700007],[13.43323117600005,54.665839376000065],[13.433893255000044,54.673666499000035],[13.439012698000056,54.67692178900006],[13.429096602000072,54.68488300900003],[13.407983984000055,54.682224775000066],[13.378259658000047,54.683993531000056],[13.336057422000067,54.67544224800008],[13.287621669000032,54.67379535100008],[13.250612882000041,54.66045915400008],[13.219878455000071,54.640779087000055],[13.218233620000035,54.63576694600005],[13.225740570000028,54.61231124400007],[13.214809044000049,54.59555191100003],[13.195748149000053,54.58261013500004],[13.167249238000068,54.57373207000006],[13.160280513000032,54.56430166700005],[13.160936900000024,54.559083361000035],[13.175894601000039,54.560906601000056],[13.174870154000075,54.56544361300007],[13.177190358000075,54.561354479000045],[13.18332169100006,54.56521706600006],[13.185678195000037,54.570823105000045],[13.194760607000035,54.57215090600005],[13.214099221000026,54.585521150000034],[13.22836004800007,54.58742990800005],[13.229095891000043,54.593062770000074],[13.232229258000075,54.59137797500006],[13.237939059000041,54.594187411000064],[13.230207653000036,54.60913625300003],[13.22709691800003,54.625154946000066],[13.263930223000045,54.64314538900004],[13.282402626000021,54.64570451900005],[13.288066960000037,54.63730065200008],[13.287504452000064,54.62531443900008],[13.282215767000025,54.62172113500003],[13.284010972000033,54.61923150900003],[13.280357072000072,54.61321614600007],[13.257083025000043,54.59008025300005],[13.24314796300007,54.56150811900005],[13.245451285000058,54.557832649000034],[13.256887344000063,54.56310231300006],[13.277842046000046,54.56440842900008],[13.288225286000056,54.57037698200003],[13.305958051000061,54.57300080200008],[13.315044473000057,54.57931206900008],[13.332396507000055,54.581940745000054],[13.334923654000022,54.58506051300003],[13.327577017000067,54.59340634900008],[13.348189005000052,54.60090104600005],[13.353291656000067,54.60530998000007],[13.353983329000073,54.61151865100004],[13.368071412000063,54.61469746100005],[13.371083498000075,54.61427628000007],[13.38410426200005,54.59602623400008],[13.385335252000061,54.58072564200006],[13.396437571000035,54.57257885000007],[13.407394753000062,54.57290503000007],[13.424791859000038,54.56887819200006],[13.432496891000028,54.55965126800004],[13.446130972000049,54.55160125900005],[13.483947588000035,54.55401944000005],[13.49040338900005,54.550818511000045],[13.49151749300006,54.55332714100007],[13.484938043000056,54.558713021000074],[13.489980930000058,54.55897893500003],[13.491637196000056,54.56291868500006],[13.511133452000024,54.566114027000026],[13.513319024000054,54.56108827200006],[13.510272918000055,54.55782361900003],[13.495319551000023,54.56109875900006],[13.493023562000076,54.56063971300006],[13.49596424300006,54.56005666500005],[13.494775212000036,54.558589177000044],[13.491254224000045,54.558827018000045],[13.497146888000032,54.55409229300005],[13.492992333000075,54.55152737000003],[13.502184357000033,54.548285985000064],[13.509856257000024,54.529867479000075],[13.514186368000026,54.52687127100006],[13.510795553000037,54.528836170000034],[13.507952940000052,54.52523787700005],[13.513606258000038,54.52508502100005],[13.508037536000074,54.52430031800003],[13.512726789000055,54.52081035800006],[13.514126763000036,54.51029],[13.509439751000059,54.50868518300007],[13.500073310000062,54.49256321300004],[13.500493522000056,54.48807474500006],[13.50460603700003,54.485238468000034],[13.50217721000007,54.48250590500004],[13.503314556000078,54.47933388700005],[13.508337606000055,54.47699120400006],[13.509044197000037,54.479973277000056],[13.526747969000041,54.48034494800004],[13.548100649000048,54.47490950100007],[13.546870261000038,54.456782513000064],[13.523993895000046,54.44803520500005],[13.531007146000036,54.445109184000046],[13.552038250000066,54.44673303900004],[13.557416425000042,54.44004500300008],[13.553905591000046,54.43542297300007],[13.544973540000058,54.43386079600003],[13.520060964000038,54.43391332400006],[13.520039774000054,54.42956336100008],[13.542169135000051,54.427676106000035],[13.54125054900004,54.41932997500004],[13.534732543000075,54.416515410000045],[13.529889983000032,54.41663194700004],[13.528049343000077,54.42000449000005],[13.510564597000041,54.41846273400006],[13.503640794000034,54.42568389000007],[13.494308140000044,54.42077528000004],[13.476252417000069,54.424579],[13.475280475000034,54.43197579300005],[13.482233492000034,54.438274679000074],[13.476825160000033,54.43775840100005],[13.48346766900005,54.44286518900003],[13.498524330000066,54.44619491800006],[13.484630792000075,54.44041675700004],[13.482732938000026,54.43559763600007],[13.503909436000072,54.43440628400003],[13.514034759000026,54.44319161000004],[13.500081888000068,54.44449210400006],[13.499803163000024,54.44649765400004],[13.507462687000043,54.450348923000035],[13.506171940000058,54.451639631000035],[13.473997449000024,54.451722991000054],[13.470800934000067,54.454042764000064],[13.483822661000033,54.47371486900005],[13.502053052000065,54.47896980500008],[13.500801200000069,54.48228979500004],[13.481262154000035,54.48380828300003],[13.448382098000025,54.47438155100008],[13.441668866000043,54.487342279000075],[13.412582536000059,54.49376865500005],[13.41178652900004,54.499081740000065],[13.406096514000069,54.50569402900004],[13.414627707000022,54.51650460700006],[13.414581682000062,54.519874954000045],[13.396323685000027,54.53778265900007],[13.38039388900006,54.546232607000036],[13.376176824000026,54.55983699900003],[13.364358356000025,54.557313771000054],[13.361127834000058,54.55276651500003],[13.354034869000031,54.54987864600008],[13.354363926000076,54.54736849300008],[13.378386955000053,54.54416059400006],[13.379983390000064,54.54018823900003],[13.387964813000053,54.53997760200008],[13.389997107000056,54.53593807200008],[13.387669796000068,54.53125660100005],[13.374642645000051,54.52496501500008],[13.373989745000074,54.52035926000008],[13.358824692000042,54.52307067400005],[13.349717422000026,54.51811394300006],[13.344493904000046,54.521397602000036],[13.344269286000042,54.524654146000046],[13.361301193000031,54.53736108800007],[13.361436903000026,54.54338239200007],[13.350711885000067,54.54733246500007],[13.336091572000043,54.54850165700003],[13.348171353000055,54.553379121000035],[13.35397781100005,54.55142284800007],[13.353427913000075,54.55494333000007],[13.359888280000064,54.562754676000054],[13.361452306000047,54.56925050900003],[13.37066718400007,54.57708447500005],[13.355024411000045,54.58103198100008],[13.346451169000034,54.57837316200005],[13.344375200000059,54.573742579000054],[13.337438400000053,54.57056152400003],[13.325090713000066,54.56867039100007],[13.297227363000047,54.552434454000036],[13.296851249000042,54.54999955100004],[13.303252916000076,54.54724340800004],[13.304845372000045,54.54036316600008],[13.307486252000047,54.53949645000006],[13.303087731000062,54.52790053400008],[13.312115825000035,54.52442382400005],[13.311251193000032,54.51997472000005],[13.306264892000058,54.519325009000056],[13.310668400000054,54.517340869000066],[13.30490476400007,54.51411689500003],[13.287938660000066,54.52210751600006],[13.291033769000023,54.53259190300008],[13.295274771000038,54.53682380400005],[13.28941708700006,54.54163532500007],[13.245174357000053,54.55276639700003],[13.243706167000028,54.55556790500003],[13.174393209000073,54.54570963300006],[13.144180806000065,54.54696566600006],[13.139203638000026,54.54051049700007],[13.149715737000065,54.54195414900005],[13.158279160000063,54.53768670100004],[13.16317119300004,54.52109025400006],[13.162137786000073,54.514193195000075],[13.16756509000004,54.511792806000074],[13.170685142000025,54.50783282800006],[13.200486322000074,54.50374766400006],[13.209620593000068,54.50791563900003],[13.231376325000042,54.51089802000007],[13.23277971500005,54.50447902600007],[13.229150702000027,54.50367335800007],[13.22613044700006,54.49299638700006],[13.228588371000058,54.48544219200005],[13.236642792000055,54.48270088900006],[13.249394842000072,54.48752915400007],[13.256251683000073,54.48598206100007],[13.257917655000028,54.47838735600004],[13.270112699000038,54.47988865600007],[13.26677428000005,54.476738874000034],[13.254031097000052,54.47378771800004],[13.25334250700007,54.47133081900006],[13.242167906000077,54.472715031000064],[13.231045619000042,54.467893582000045],[13.238299718000064,54.465834881000035],[13.248243106000075,54.46754394200008],[13.248168055000065,54.465739162000034],[13.254019242000027,54.46599187600003],[13.25325586300005,54.46427342000004],[13.241253253000025,54.46607973600004],[13.235660555000038,54.46220800700007],[13.224492330000032,54.46430362400008],[13.222912224000027,54.46062986000004],[13.217680750000056,54.45919771800004],[13.206040883000071,54.46027757100006],[13.203312155000049,54.457129612000074],[13.204715605000047,54.45286874800007],[13.199987704000023,54.44802557600008],[13.192636635000042,54.45020781000005],[13.192684437000025,54.45532060000005],[13.17058619100004,54.45372846300006],[13.161289228000044,54.43723969200005],[13.149423427000045,54.42813434000004],[13.150196537000056,54.422442139000054],[13.158302433000074,54.42064564900005],[13.171696917000077,54.42523980800007],[13.191694257000051,54.42353082000005],[13.211861745000022,54.42994407600003],[13.213712559000044,54.422088881000036],[13.220522476000042,54.41378431900006],[13.233899152000049,54.40958701800008],[13.229454116000056,54.41273545300004],[13.232639538000058,54.413607702000036],[13.237525239000036,54.40984266800007],[13.232403834000024,54.40377200300003],[13.249340035000046,54.40788186000003],[13.254837851000048,54.40571072500006],[13.25169058800003,54.401840400000026],[13.244358160000047,54.40568000500008],[13.230944184000066,54.40234891700004],[13.230236185000024,54.39737250100006],[13.238086457000065,54.386334170000055],[13.250004390000072,54.383865840000055],[13.251561447000029,54.38625915500006],[13.259838298000034,54.385622899000055],[13.262307086000021,54.38359654700008],[13.260337439000068,54.380453844000044],[13.238031841000065,54.37790672600005],[13.235543816000074,54.37638304400008],[13.237942708000048,54.370808682000074],[13.220442548000051,54.367729154000074],[13.21599315900005,54.36885685900006],[13.215900526000041,54.37149857900005],[13.202017385000033,54.37137256700004],[13.20161821000005,54.374111853000045],[13.196950058000027,54.37591105200005],[13.17165176900005,54.37127126000007],[13.157613086000026,54.37493428600004],[13.129931726000052,54.37209273800005],[13.12379102500006,54.36594562300007],[13.123159017000035,54.35480584800007],[13.115230646000043,54.34410307600007],[13.113686682000036,54.33477905400008],[13.115755862000071,54.331084840000074],[13.13500338700004,54.324116880000076],[13.12910357900006,54.32114076600004],[13.115015675000052,54.322997841000074],[13.110117341000034,54.329397594000056],[13.104709747000072,54.34745100100008],[13.094463446000077,54.34636003900005],[13.079840947000037,54.35294526900003],[13.093836244000045,54.36577614300006],[13.082578376000072,54.379430385000035],[13.072904548000054,54.383051038000076],[13.048460397000042,54.38012556100006],[13.038606788000038,54.39023506700005],[13.025666122000075,54.39650689500007],[13.020222249000028,54.41235907600003],[13.022499560000028,54.41290871000007],[13.024776726000027,54.42211840600004],[13.034138236000047,54.42422203700005],[13.034273547000055,54.43168896800006],[13.028011328000048,54.43692398300004],[13.015778022000063,54.43939322600005],[13.001450513000066,54.437025910000045],[12.995446224000034,54.42801848100004],[12.989452399000072,54.42588389800005],[12.958925817000022,54.42310709600008],[12.953808565000031,54.416590202000066],[12.92637267400005,54.41395570700007],[12.897716255000034,54.40167037100008],[12.896197832000041,54.39374220700006],[12.885283556000047,54.38445260800006],[12.883419536000076,54.369616962000066],[12.878088494000053,54.36499794000008],[12.865535645000023,54.36232536400007],[12.846313776000045,54.35107725100005],[12.817529698000044,54.350964488000045],[12.80966360900004,54.34360109200003],[12.80719943500003,54.34884417100005],[12.809064140000032,54.357986373000074],[12.805222427000047,54.36199929500003],[12.807117679000044,54.36242672900005],[12.804007440000078,54.37040120700004],[12.795708551000075,54.37779675500008],[12.785001241000032,54.37947451500003],[12.786491815000034,54.39644471000008],[12.782909188000076,54.39157596200005],[12.777085735000071,54.391424706000066],[12.774797050000075,54.38881382400007],[12.76890280300006,54.371609155000044],[12.755854630000044,54.370560272000034],[12.744056327000067,54.38406085400004],[12.740981460000057,54.372886479000044],[12.719540385000073,54.373110473000054],[12.719691649000026,54.377798891000054],[12.713607264000075,54.386632571000064],[12.715109918000053,54.398701294000034],[12.700087770000039,54.39848329500006],[12.696490016000041,54.38513563200007],[12.682587051000041,54.374405068000044],[12.686424884000076,54.37315141200003],[12.688406841000074,54.36813466000007],[12.682938470000067,54.37141954000003],[12.676439896000034,54.370578660000035],[12.681622936000053,54.38089737100006],[12.688203393000038,54.381681513000046],[12.69348491200003,54.38608120100008],[12.685111923000022,54.39652515500006],[12.688808018000032,54.40028436300008],[12.714610037000057,54.403968501000065],[12.707489422000037,54.41187866900003],[12.68403253100007,54.40632732200004],[12.66852523700004,54.40813344700007],[12.667457392000074,54.40441610800008],[12.658492654000042,54.40305860600006],[12.662320653000052,54.40239411500005],[12.660222264000026,54.39858031700004],[12.671437183000023,54.395165071000065],[12.671370199000023,54.39094565700003],[12.662521594000054,54.38990015500008],[12.65531549900004,54.38360725700005],[12.629097870000066,54.37675688100006],[12.622210711000037,54.37220973900003],[12.596852752000075,54.37181180500005],[12.600658898000063,54.36915346200004],[12.598816068000076,54.361805305000075],[12.594571143000053,54.35812238500006],[12.58580392500005,54.356233012000075],[12.57465798800007,54.35859882500006],[12.576146379000022,54.36665893800006],[12.581704477000073,54.37338405000003],[12.566506448000041,54.371581192000065],[12.555877644000077,54.37566911700003],[12.553757069000028,54.37958553900006],[12.554682421000052,54.372512579000045],[12.534333524000033,54.365175597000075],[12.535692590000053,54.36255503000007],[12.552579069000046,54.35955385900007],[12.553294778000065,54.356141508000064],[12.538895399000069,54.35249370200006],[12.539892490000057,54.350360135000074],[12.535464997000076,54.34500996500003],[12.53989434600004,54.34346245000006],[12.535702203000028,54.33842926500006],[12.526266028000066,54.33392966400004],[12.51486406600003,54.335460269000066],[12.49940201100003,54.33352539400005],[12.49968006000006,54.331243140000026],[12.495582150000075,54.33047408500005],[12.473091152000052,54.32960979300003],[12.47159647500007,54.322158107000064],[12.479550413000027,54.312257327000054],[12.479345202000047,54.30780105400004],[12.476478117000056,54.307493254000065],[12.478728044000036,54.30392873800008],[12.43455338800004,54.29659357200006],[12.429371230000072,54.293561209000075],[12.427035763000049,54.37400062700004],[12.436138350000022,54.37908880600003],[12.495643228000063,54.38238971800007],[12.503874475000032,54.380809457000055],[12.517720219000068,54.37269981500003],[12.525821047000022,54.380666173000066],[12.535395062000077,54.381676208000044],[12.537828747000049,54.38491621500003],[12.552502909000054,54.39012452600008],[12.587068205000037,54.389498556000035],[12.591831260000049,54.38788962800004],[12.592285114000049,54.383636902000035],[12.597820658000046,54.39156656700004],[12.577481770000077,54.396369296000046],[12.575851941000053,54.40222627300005],[12.577890986000057,54.404328984000074],[12.602664187000073,54.40943113600008],[12.617513313000075,54.40725290000006],[12.610652449000042,54.410910182000066],[12.617626313000073,54.41480397600003],[12.61719107500005,54.41795374700007],[12.628567458000077,54.420036294000056],[12.63808160900004,54.42551240600005],[12.647681033000026,54.41870260600007],[12.653147710000042,54.41050736200003],[12.666362237000044,54.40864687000004],[12.668039958000065,54.41013797100004],[12.667525903000069,54.418569484000045],[12.669319030000054,54.42143967100003],[12.693160015000046,54.43225405900006],[12.711464681000052,54.428243905000045],[12.721032708000052,54.432374597000035],[12.74047164600006,54.41511153700003],[12.763237889000038,54.41253520200007],[12.770632871000032,54.417150390000074],[12.786029449000068,54.417371083000035],[12.801847089000034,54.40869883500005],[12.812399378000066,54.41731516200008],[12.831864396000071,54.42305751300006],[12.857539154000051,54.420773233000034],[12.874948301000074,54.413712245000056],[12.900788448000071,54.42054816700005],[12.911515813000051,54.419982032000064],[12.926951676000044,54.42796397400008],[12.915394375000062,54.43882918800006],[12.920989457000076,54.44509465300007],[12.819364690000043,54.440072162000035],[12.676584981000076,54.442182467000066],[12.560918153000046,54.45472725900004],[12.543446948000053,54.459681121000074],[12.52607087000007,54.47120165900003],[12.527920081000048,54.47628946100008],[12.525524381000025,54.47954919000006],[12.530118138000034,54.48207539600003],[12.518488411000021,54.484282703000076],[12.52835402900007,54.48553596600004],[12.522122122000042,54.486566151000034],[12.510195682000074,54.482490418000054],[12.499472849000028,54.47334064800003],[12.480924875000028,54.446974675000035],[12.469075902000043,54.42349882100007],[12.453568998000037,54.40620381100007],[12.436295142000063,54.39169985400008],[12.405930868000041,54.376936027000056],[12.365890772000057,54.32597256300005],[12.340871765000031,54.30054807300007],[12.306529436000062,54.28215034800007],[12.223377718000052,54.25432804500008],[12.192888292000077,54.24099205500005],[12.174898728000073,54.22911346300003],[12.151297527000054,54.20386711500004],[12.127472193000074,54.186061050000035],[12.106867363000049,54.17833696900004],[12.102455580000026,54.17896330900004],[12.103976420000038,54.18070017600007],[12.100414325000031,54.18432500800003],[12.093694654000046,54.185417192000045],[12.100993421000055,54.16928820800007],[12.09748107300004,54.17006775500005],[12.086852018000059,54.185940292000055],[12.074708292000025,54.18019433400008],[12.061463651000054,54.178054813000074],[12.03599228400003,54.17644591900006],[12.011360171000035,54.17833633400005],[11.964983955000037,54.16669567400004],[11.849773748000075,54.14500207100008],[11.797592130000055,54.14680314900005],[11.761385158000053,54.154501921000076],[11.682936883000025,54.153271182000026],[11.608383321000076,54.10703224500003],[11.589332555000055,54.099530833000074],[11.567841713000064,54.09818837300003],[11.552519675000042,54.09268650300004],[11.525096768000026,54.07092635600003],[11.52620547600003,54.06828107200005],[11.530850986000075,54.074514297000064],[11.534542754000029,54.07402394400003],[11.536994621000076,54.057317658000045],[11.532182981000062,54.054122119000056],[11.531759690000058,54.04918266300007],[11.542182581000077,54.05496779600003],[11.542137772000046,54.05733478900004],[11.53872909000006,54.05745303900005],[11.548244969000052,54.06351478700003],[11.548263016000021,54.066360546000055],[11.558838019000063,54.069776372000035],[11.56914279800003,54.07867569700005],[11.563526176000039,54.07815442100008],[11.576837921000049,54.08082645200005],[11.57923683200005,54.087126596000076],[11.58748967200006,54.093136247000075],[11.602284374000021,54.09576272000004],[11.599832776000028,54.09955878200003],[11.604809509000063,54.102832094000064],[11.614716895000072,54.101583883000046],[11.626244382000039,54.09015710800003],[11.62446961300003,54.076782381000044],[11.613780464000058,54.07316338900006],[11.610400843000036,54.06814043500003],[11.594588246000058,54.06736119700008],[11.582608514000071,54.06368863400007],[11.58709089100006,54.04698526900006],[11.568796976000044,54.030945931000076],[11.543796589000067,54.02476913800007],[11.53291273700006,54.02820280800006],[11.529102439000042,54.033848713000054],[11.51852742400007,54.03028601800003],[11.518246625000074,54.02572018500007],[11.533409124000059,54.02539146300006],[11.534008696000058,54.01964439400007],[11.509775773000058,54.01190584400007],[11.49691258200005,53.99521654500006],[11.490512882000075,53.99378729000006],[11.491985933000024,53.990023989000065],[11.49862177700004,53.988567387000046],[11.499817375000077,53.98595464300007],[11.498898875000066,53.98180202300006],[11.491306670000029,53.97737082000003],[11.493927841000072,53.97084195800005],[11.487918702000059,53.96823029300003],[11.488146277000055,53.97554058400004],[11.483075909000036,53.97143840700005],[11.473250471000028,53.97110338900006],[11.470157111000049,53.96536211800003],[11.471721426000045,53.96322037200008],[11.47440391400005,53.96492971100008],[11.47809182800006,53.96402619300005],[11.478107477000037,53.96900772600003],[11.482969138000044,53.96810811000006],[11.482386099000053,53.96285159300004],[11.479779070000063,53.96163619400005],[11.482188496000049,53.947011951000036],[11.477756409000051,53.93449725900007],[11.482271036000043,53.93018264600005],[11.48165030000007,53.92739063000005],[11.478185799000073,53.92563161700008],[11.475854369000047,53.929015796000044],[11.472851684000034,53.92832790600005],[11.45817015700004,53.91667023900004],[11.444659176000073,53.914898495000045],[11.447296305000066,53.90490709000005],[11.463495564000027,53.90240365600005],[11.455625240000074,53.902070525000056],[11.463784963000023,53.89916906500008],[11.457068199000048,53.899467],[11.460437385000034,53.89549207200008],[11.453167711000049,53.899680379000074],[11.454722249000042,53.89512051000003],[11.452965580000068,53.89482222000004],[11.450469278000071,53.90007542200004],[11.436161322000032,53.90008538600006],[11.434550055000045,53.902673512000035],[11.436531157000047,53.90730235600006],[11.439960278000058,53.90831824500003],[11.43689407000005,53.91106474800006],[11.416352331000041,53.915424399000074],[11.403606831000047,53.921493213000076],[11.40116241100003,53.92733266600004],[11.40683655500004,53.93520241600004],[11.388598159000026,53.93913243800006],[11.365038223000056,53.93513886300008],[11.349528798000051,53.94377746600003],[11.346562403000064,53.94639908100004],[11.348675055000058,53.94859552600008],[11.34565262600006,53.94795083900004],[11.334459459000072,53.95897482100003],[11.326423581000029,53.95689443800006],[11.314834457000075,53.94207060400004],[11.288720974000057,53.93157107400003],[11.27320124800002,53.93126458100005],[11.253911321000032,53.937149085000044],[11.250914916000056,53.93907490600003],[11.254568475000042,53.94069631800005],[11.252873083000054,53.94216916700003],[11.24825830800006,53.94041346700004],[11.24555261200004,53.94279289600007],[11.241481071000067,53.954145065000034],[11.245890158000066,53.97315706000006],[11.254337967000026,53.97263530400005],[11.259721807000062,53.98353747500005],[11.253206673000022,53.98765602200007],[11.241183386000046,53.98241121700005],[11.228124563000051,53.98253039400004],[11.207202652000035,53.98837536600007],[11.193217493000077,54.000381323000056],[11.191356359000054,54.00942154000006],[11.179984661000049,54.015166313000066],[11.144461518000071,54.00964432300003],[11.08959472600003,54.013656809000054],[11.04223928600004,54.00663971700004],[10.984628352000072,53.988631550000036],[10.933514304000028,53.96493270500008],[10.903661739000029,53.95682190400004],[10.90946271100006,53.946269131000065],[10.896389017000047,53.935969972000066],[10.895097608000071,53.924548179000055],[10.898790227000063,53.92228175900004],[10.91300559900003,53.92404096200005],[10.929871939000066,53.91827987000005],[10.939332292000074,53.91933377500004],[10.94936997000002,53.91290222100008],[10.961601488000042,53.91420491000008],[10.967634004000047,53.91063418500005],[10.967064611000069,53.90720486500004],[10.958973168000057,53.91026217700005],[10.949889088000077,53.90426781900004],[10.943181121000066,53.90431882300004],[10.936785593000025,53.90064944800008],[10.911023571000044,53.89795245600004],[10.902433986000062,53.903298394000046],[10.902096619000076,53.90629077700004],[10.911293636000039,53.91522558500003],[10.896087353000041,53.91793376500004],[10.886303572000031,53.92483625600005],[10.882571899000027,53.92449744800007],[10.87598097600005,53.919100954000044],[10.874724245000039,53.914541513000074],[10.859162006000076,53.90941328900004],[10.85553370200006,53.90478857100004],[10.848295373000042,53.90511444400005],[10.84721081300006,53.89694307000008],[10.818926895000061,53.89353337500006],[10.815011441000024,53.88837815800008],[10.807301057000075,53.88611576000005],[10.808267340000043,53.88300525600005],[10.802402824000069,53.87708186300006],[10.771051213000021,53.87318592200006],[10.75945034700004,53.85826038300007],[10.747711196000068,53.85151096100003],[10.75365010400003,53.848574358000064],[10.749436597000056,53.84505751000006],[10.747850837000044,53.83336433200003],[10.755508021000026,53.830054447000066],[10.761591085000077,53.82260092000007],[10.763142807000065,53.81055066300007],[10.766911071000038,53.80623047100005],[10.765025987000058,53.80323395600004],[10.772348658000055,53.79717206600003],[10.77325182800007,53.79238742100006],[10.769094443000029,53.78874784700008],[10.765915440000072,53.779901119000044],[10.770256497000048,53.775480636000054],[10.757976798000072,53.76359398900007],[10.758032962000073,53.74751747100004],[10.771923908000076,53.749416964000034],[10.805916825000054,53.73920983100004],[10.80933737600003,53.735281486000076],[10.81008547700003,53.73086203100007],[10.806477622000045,53.72844522200006],[10.81087590900006,53.72007232000004],[10.824675419000073,53.71100376800007],[10.84334334500005,53.707855014000074],[10.846011016000034,53.704343605000076],[10.852170852000029,53.705844650000074],[10.85094371200006,53.70012493000007],[10.862982071000033,53.70394465700008],[10.880307946000073,53.70233034900008],[10.886416616000076,53.70566335800004],[10.905289034000077,53.70329428600007],[10.914588039000023,53.69935330700008],[10.92214199800003,53.69946897400007],[10.926053755000055,53.69204576700008],[10.918475967000063,53.69112819600008],[10.918971741000064,53.68915885600006],[10.927255525000021,53.689552846000026],[10.929102607000061,53.68650960100007],[10.937117496000042,53.68729919400005],[10.941766725000036,53.684542330000056],[10.944264482000051,53.67417382900004],[10.939801656000043,53.673127546000046],[10.941879424000035,53.66876973900003],[10.938627285000052,53.665821589000075],[10.94516343500004,53.659094295000045],[10.948568527000077,53.661352323000074],[10.949156858000038,53.65823592700008],[10.954703494000057,53.65858415900004],[10.954884038000046,53.65670542500004],[10.950750905000064,53.645829511000045],[10.944968911000046,53.646784894000064],[10.94764645500004,53.642444382000065],[10.929562994000037,53.62870715300005],[10.922263593000025,53.60227926300007],[10.91746530100005,53.59931596300004],[10.92355741700004,53.589245764000054],[10.923795348000056,53.58418603200005],[10.909484477000035,53.571450327000036],[10.894826360000025,53.572411],[10.863702017000037,53.56463232800007],[10.850144901000021,53.56527063300007],[10.842194048000067,53.57484228200008],[10.823260709000067,53.57518053600006],[10.82676626600005,53.56714426500008],[10.82440759800005,53.55627178700007],[10.83190563900007,53.54258247200005],[10.818690755000034,53.53392400700005],[10.81842047300006,53.52695712000008],[10.821614072000045,53.524009757000044],[10.814518483000029,53.52202490800005],[10.824605697000038,53.517856179000034],[10.824333999000032,53.513741234000065],[10.810642965000056,53.51618981900003],[10.786431193000055,53.51045659500005],[10.777781471000026,53.495181469000045],[10.765110393000043,53.491074379000054],[10.756012052000074,53.483393584000055],[10.73123832500005,53.47947954800003],[10.726819043000035,53.48134794300006],[10.720736302000034,53.47606599200003],[10.701661228000034,53.47825541700007],[10.692973050000035,53.45513809600004],[10.65204256100003,53.46147700800003],[10.64714447700004,53.45741795400005],[10.632308138000042,53.45480292900004],[10.633320471000047,53.452348047000044],[10.625834509000072,53.44336264400005],[10.629335389000062,53.44093925000004],[10.624495694000075,53.43910862800004],[10.625395825000055,53.433591361000026],[10.621405596000045,53.43048051000005],[10.622706547000064,53.425866374000066],[10.618366003000062,53.42537129400006],[10.620143410000026,53.42025737400007],[10.617745159000037,53.41652658400005],[10.618873447000055,53.40694300900003],[10.616679962000035,53.405090424000036],[10.620974569000055,53.40408759800005],[10.618612743000028,53.39881115900005],[10.621397011000056,53.398570661000065],[10.618727407000051,53.39707524200003],[10.616903899000022,53.38456959200005],[10.599104761000035,53.37782756900003],[10.593672881000032,53.36785603800007],[10.595046796000076,53.36392755500003],[10.611932918000036,53.36914391700003],[10.630703698000048,53.37077342900005],[10.67681051300002,53.36746305200006],[10.700692790000062,53.370022808000044],[10.72691784500006,53.35781822100006],[10.738086469000052,53.342343751000044],[10.763084739000021,53.33885055700006],[10.757657326000071,53.33260674100006],[10.759653773000025,53.32998715700006],[10.767568680000068,53.33046448700003],[10.77159059500002,53.32532374500005],[10.793262567000056,53.31556723800003],[10.82619752200003,53.31239238100005],[10.828647843000056,53.306912304000036],[10.835805651000044,53.30496954600005],[10.839716567000039,53.30816742400003],[10.850790504000031,53.30999674900005],[10.853413750000072,53.31586516200008],[10.870239973000025,53.31771645400005],[10.871702326000047,53.32159293600006],[10.866042710000045,53.32691203300004],[10.880534985000054,53.321098375000076],[10.888028505000023,53.32438191700004],[10.888503663000051,53.327193555000065],[10.880550371000027,53.33022981500005],[10.880321176000052,53.33552716200006],[10.892650507000042,53.33430756300004],[10.894713589000048,53.336655703000076],[10.899241034000056,53.33419644400004],[10.909678890000066,53.33769420600004],[10.91936134100007,53.34841964600008],[10.928245165000021,53.34811826400005],[10.933742632000076,53.34307605600003],[10.931693152000037,53.34082739200005],[10.934005662000061,53.33929135400007],[10.955539249000026,53.33346130500007],[10.959360782000033,53.338525093000044],[10.98800062500004,53.33342650900005],[10.982661493000023,53.32753642500006],[10.988502135000033,53.324499710000055],[10.991437931000064,53.32596917800004],[10.99566565200007,53.32114553100007],[10.999075976000029,53.32102386400004],[10.998503106000044,53.315693218000035],[11.003307999000072,53.310822415000075],[11.002257821000057,53.30520126400006],[11.00870229800006,53.30063582100007],[11.002965050000057,53.29354998200006],[11.008358820000069,53.291760887000066],[11.00945596400004,53.281479226000044],[11.027571986000055,53.27893991700006],[11.039450353000063,53.26245459300003],[11.047133540000061,53.25770229700004],[11.056818240000041,53.24599447600008],[11.062258289000056,53.23545317500003],[11.071853414000032,53.230213423000066],[11.080144558000029,53.22052073300006],[11.115520266000033,53.204510027000026],[11.13848682500003,53.20250479600003],[11.136510951000048,53.19940495900005],[11.144989789000022,53.19777855800004],[11.136703673000056,53.19184228000006],[11.179890860000057,53.186677204000034],[11.194111225000029,53.18118602900006],[11.19532805600005,53.17673854800006],[11.189082437000025,53.16561954500003],[11.179414288000032,53.158616057000074],[11.171861639000042,53.15664420300004],[11.177958012000033,53.15045298100006],[11.184573730000068,53.13642115600004],[11.193928415000073,53.13522677600008],[11.212636693000036,53.14414314000004],[11.226407147000032,53.143280048000065],[11.245697268000072,53.13642192400005],[11.265731921000054,53.12197789600003],[11.282967055000029,53.12143720600005],[11.290417442000034,53.116903464000075],[11.31024784300007,53.11623422200006],[11.317235509000056,53.120008271000074],[11.336617515000057,53.11374620400005],[11.360716253000021,53.11622115500006],[11.368992277000075,53.11436304500006],[11.370908393000036,53.11155586000007],[11.386792658000047,53.11255116400008],[11.393767787000058,53.11030257200008],[11.400568233000058,53.11581842900006],[11.39180096900003,53.12965422600007],[11.39562750500005,53.14000024000006],[11.413903223000034,53.13669801300006],[11.42176424400003,53.14094835700007],[11.438672635000046,53.13669280900007],[11.46083519800004,53.14023122400005],[11.473707470000022,53.134609443000045],[11.47343008300004,53.127251493000074],[11.484081342000025,53.129033365000055],[11.500484064000034,53.12642114600004],[11.502223232000063,53.121386090000044],[11.510049323000032,53.12554328200008],[11.534572129000026,53.125318348000064],[11.536372313000072,53.12924201700008],[11.548510908000026,53.13082253400006],[11.546942806000061,53.13474634100004],[11.555961848000038,53.13877893700004],[11.550083332000042,53.151074331000075],[11.556524811000031,53.15041946400004],[11.555869293000057,53.154093990000035],[11.569364935000067,53.166094858000065],[11.568932413000027,53.17047659200006],[11.562553250000065,53.175827026000036],[11.567079706000072,53.18249488300006],[11.557823814000074,53.184858570000074],[11.559785657000077,53.187410354000065],[11.556709603000058,53.194243174000064],[11.560579867000058,53.20267318600003],[11.551586451000048,53.20840728500008],[11.561553999000068,53.21241649500007],[11.57607740700007,53.212025750000066],[11.588957117000064,53.21584109200006],[11.599042680000025,53.22498278300003],[11.616845770000054,53.23060384000007],[11.619700986000055,53.23768329400008],[11.629237266000075,53.24222453700003],[11.640199166000059,53.23864798300008],[11.653620229000069,53.23916771000006],[11.66701112100003,53.24421851200003],[11.690951935000044,53.24175642200004],[11.700017775000049,53.243977965000056],[11.708523591000073,53.23749637200007],[11.707371631000058,53.23423767500003],[11.714625445000024,53.230507654000064],[11.727526668000053,53.231664583000054],[11.729329797000048,53.21715177500005],[11.748356827000066,53.219911954000054],[11.769071032000056,53.22749111300004],[11.808470316000069,53.22644874000008],[11.828893642000025,53.22865502600007],[11.828733236000062,53.231225582000036],[11.832991271000026,53.23203560500008],[11.829610195000043,53.23650808300005],[11.817224964000047,53.24525139800005],[11.803565087000038,53.246864154000036],[11.796067194000045,53.25334819600005],[11.816670405000025,53.25418942700003],[11.86174684200006,53.24821692000006],[11.86685903700004,53.25655141800007],[11.88986116700005,53.26905112800006],[11.892739642000038,53.27275746400005],[11.892603005000069,53.278981130000034],[11.918374868000058,53.273303214000066],[11.945417853000038,53.27433594000007],[11.948063009000066,53.27176964900008],[11.95424878700004,53.273809035000056],[11.956217494000043,53.27879627900006],[11.965708627000026,53.28522627000007],[11.973450613000068,53.29516696200005],[11.97385789200007,53.29915948900003],[11.986470175000022,53.299825422000026],[11.987695475000066,53.29566106900006],[11.99706674500004,53.29390563700008],[12.00282055200006,53.299644269000055],[12.018530148000025,53.29959472200005],[12.02363949200003,53.30414308600007],[12.018506051000031,53.31543469300004],[12.02207512900003,53.321288749000075],[12.014610854000068,53.33442360000004],[12.038711891000048,53.34508211700006],[12.05733934500006,53.34934209900007],[12.052881334000062,53.35328192700007],[12.05151846800004,53.36022091400008],[12.047403818000078,53.36123918800007],[12.051371611000036,53.36686881500003],[12.045284959000071,53.37098764500007],[12.077546787000074,53.36938681400005],[12.08207756400003,53.34629866300003],[12.092089179000027,53.344856410000034],[12.109173054000053,53.343806106000045],[12.108576477000042,53.34966499700005],[12.134450322000077,53.348430378000046],[12.139196037000033,53.35468327500007],[12.139441255000065,53.36141672200006],[12.141261634000045,53.35905514900003],[12.151951147000034,53.36150523600003],[12.156507838000039,53.34971713700003],[12.16856047400006,53.33911698000003],[12.186848423000072,53.34333491600006],[12.186214747000065,53.350701729000036],[12.191119707000041,53.353951090000066],[12.212185135000027,53.35316106300007],[12.229435329000069,53.358160532000056],[12.236430164000069,53.34197901500005],[12.245293925000055,53.33301354100007],[12.26000736100002,53.32772280700004],[12.257467804000044,53.32501898900006],[12.260207483000045,53.32391218400005],[12.291303295000034,53.32867678900004],[12.310765272000026,53.32724170900008],[12.311021588000074,53.32321816100006],[12.342998588000057,53.31591520900008],[12.363312774000065,53.306711318000055],[12.394247808000046,53.301805355000056],[12.398232221000058,53.29465908000003],[12.391832331000046,53.28505686400007],[12.400425054000038,53.279186191000065],[12.40984276000006,53.27967994000005],[12.428008562000059,53.27498756300008],[12.432064053000033,53.27081302700003],[12.431579877000047,53.262580220000075],[12.445312164000029,53.24992826400006],[12.467090953000024,53.256234231000064],[12.497630934000028,53.255200871000056],[12.502785766000045,53.257778210000026],[12.50240059500004,53.262172289000034],[12.529768323000042,53.264788321000026],[12.549913353000022,53.26198050000005],[12.606046712000023,53.24439545700005],[12.617282169000077,53.251502051000045],[12.62841923600007,53.25455521500004],[12.660557174000076,53.254409578000036],[12.66569127300005,53.25329118900004],[12.668288589000042,53.24816448100006],[12.675657612000066,53.24771916200007],[12.66623981500004,53.241555591000065],[12.665540964000058,53.23861854200004],[12.669438777000039,53.237110854000036],[12.663967039000056,53.23495059800007],[12.671179075000055,53.229504646000066],[12.68261400700004,53.22646068000006],[12.715794300000027,53.22451931900008],[12.722738169000024,53.22166880600008],[12.746882628000037,53.225474304000045],[12.757410986000025,53.224352804000034],[12.749508545000026,53.206328119000034],[12.739492982000058,53.19960159200008],[12.759146611000062,53.19500350800007],[12.764381357000048,53.18893054700004],[12.784920434000071,53.18784475100006],[12.790276595000023,53.19123387500008],[12.799087274000044,53.19106868100005],[12.808879483000055,53.19764702800006],[12.812925384000039,53.19740877300006],[12.810259421000069,53.19539973800005],[12.814871837000055,53.191976202000035],[12.817167563000055,53.196060534000026],[12.82078748500004,53.19341995800005],[12.824692308000067,53.19705096700005],[12.837911674000054,53.19725783300004],[12.845979184000043,53.20140215400005],[12.858871614000066,53.18817731300004],[12.867365551000034,53.18681314500003],[12.880109598000047,53.17969011800005],[12.88949229800005,53.18040471300003],[12.892039930000067,53.187950270000044],[12.91284190400006,53.19517415200005],[12.929737504000059,53.19441722000005],[12.928831954000032,53.19076546700006],[12.919265304000021,53.18805049500003],[12.919965668000032,53.186376848000066],[12.934397870000055,53.18822705000008],[12.942431011000053,53.18592652400008],[12.94392732600005,53.190922639000064],[12.937114713000028,53.19431551200006],[12.948866528000053,53.199274],[12.964244872000052,53.200391513000056],[12.976880937000033,53.197366456000054],[12.97943353200003,53.19055157100007],[12.96233314400007,53.18518590100007],[12.961382393000065,53.181022994000045],[12.947226859000068,53.17844698200008],[12.941998415000057,53.17431547000007],[12.947271597000054,53.172501304000036],[12.961513638000042,53.177737671000045],[12.965153981000071,53.17591444200008],[12.968517510000027,53.16636630000005],[12.980466333000038,53.16252656800003],[12.984364133000042,53.164246450000064],[12.984416800000076,53.166872487000035],[12.991544408000038,53.16855505600006],[13.006203606000042,53.167284675000076],[13.005102196000053,53.169648808000034],[13.009133315000042,53.172850089000065],[13.02003720700003,53.17570997000007],[13.018727499000022,53.18524596700007],[13.02801118900004,53.18559141700007],[13.042414509000025,53.196499403000075],[13.055603231000077,53.201054457000055],[13.069129516000032,53.20364037200005],[13.073087272000066,53.20035539600008],[13.079532891000042,53.20018375500007],[13.078431849000026,53.204667966000045],[13.082057345000067,53.21005088100003],[13.085747713000046,53.21031050300007],[13.084375962000024,53.21305989900003],[13.087270012000033,53.21540015800008],[13.093809081000074,53.21708813500004],[13.097477165000043,53.21298986200003],[13.10656403300004,53.21515262500003],[13.105362281000055,53.22018390900007],[13.108277658000077,53.22554937000007],[13.103262174000065,53.23554035600006],[13.109925574000044,53.24022827600004],[13.123020069000063,53.24058719400006],[13.132976754000026,53.23731754200003],[13.137411603000032,53.24461811500004],[13.152220904000046,53.25111397900008],[13.152550302000066,53.24603817700006],[13.163796458000036,53.249759950000055],[13.170915087000026,53.25003334100006],[13.17520391100004,53.24717577400003],[13.181914294000023,53.25073407200006],[13.190395743000067,53.24069616500003],[13.190547885000058,53.234958489000064],[13.202681010000049,53.22212072200006],[13.229391856000063,53.21658689600008],[13.238833469000042,53.22550966600005],[13.236919208000074,53.227293270000075],[13.241967861000035,53.237137242000074],[13.239651352000067,53.23894298500005],[13.24364246600004,53.23947428300005],[13.251243006000038,53.24738983900005],[13.243751248000024,53.24869111600003],[13.247858123000071,53.25683792700005],[13.253699652000023,53.26007070300005],[13.252714248000075,53.26230544200007],[13.275313892000042,53.26506079400008],[13.28441560300007,53.27567465700008],[13.288152123000032,53.275202988000046],[13.297801779000054,53.28089250200003],[13.337075713000047,53.27342781600004],[13.349203210000042,53.27825848600003],[13.360450599000046,53.27799893300005],[13.368601805000026,53.271037834000026],[13.37063243800003,53.26175920500003],[13.382205447000047,53.25039680900005],[13.386110006000024,53.25047581100006],[13.386533825000072,53.244054609000045],[13.405174674000023,53.24641823500008],[13.403363082000055,53.24919569800005],[13.408572869000068,53.25837308900003],[13.40768375600004,53.26263086000006],[13.413260238000078,53.26302015700003],[13.42092044900005,53.269643563000045],[13.431510177000064,53.284551013000055],[13.435129711000059,53.28278236400007],[13.442401330000052,53.28648496400007],[13.434135608000076,53.28993918900005],[13.438730754000062,53.29198796700007],[13.434949826000036,53.294723015000045],[13.43820812100006,53.29973323400003],[13.456185332000075,53.297954994000065],[13.456501243000048,53.29304508300004],[13.461282870000048,53.288693039000066],[13.48306387200006,53.29120339600007],[13.497327261000066,53.30223162900006],[13.496419039000045,53.30663297400008],[13.507267352000042,53.31623291200003],[13.501791178000076,53.32469642800004],[13.502842524000073,53.327333245000034],[13.508991888000025,53.32190254400007],[13.510114440000052,53.317449416000045],[13.523531386000059,53.32008458400003],[13.522985669000036,53.33469155900008],[13.51963399500005,53.33796728300007],[13.524825383000064,53.34307168600003],[13.525261424000064,53.35102041700003],[13.516854329000068,53.35209251500004],[13.525997361000066,53.366346957000076],[13.54342450200005,53.36403224400004],[13.547431004000032,53.37189932900003],[13.556369896000035,53.376092380000046],[13.556795678000071,53.37963936500006],[13.550206570000057,53.38093642700005],[13.554175835000024,53.383068585000046],[13.556587112000045,53.391562745000044],[13.54620652400007,53.39419501800006],[13.549643067000034,53.39557596700007],[13.550112204000072,53.399081272000046],[13.564063525000051,53.400759461000064],[13.573618650000071,53.40809337500008],[13.589311434000024,53.40969702700005],[13.593482041000073,53.40778422400007],[13.610508935000041,53.41375914300005],[13.617607213000042,53.41301274400007],[13.619049677000021,53.40894641800003],[13.625216954000052,53.409302567000054],[13.636017347000063,53.42351863500005],[13.628841215000023,53.43199978300004],[13.637299504000055,53.43258406700005],[13.638886398000068,53.438055459000054],[13.633898245000069,53.43986754700006],[13.640500227000075,53.44723875200003],[13.651289689000066,53.44369090300006],[13.655230024000048,53.44757469800004],[13.65429993600003,53.45140336600008],[13.662562318000028,53.457739651000054],[13.671956383000065,53.45951218300007],[13.68036277300007,53.46523558100006],[13.702992187000063,53.47364517200003],[13.71539978100003,53.482260877000044],[13.73578132700004,53.481413056000065],[13.74137283600004,53.48580699900003],[13.752976128000057,53.47827558300003],[13.778939257000047,53.47421523100007],[13.802029984000058,53.47802707000005],[13.812079406000066,53.483943984000064],[13.827102382000021,53.498713707000036],[13.808974707000061,53.50180077400006],[13.801459747000024,53.49795631100005],[13.792107308000027,53.50821694100006],[13.792463027000053,53.51094196100007],[13.777657389000069,53.51370533800008],[13.78043103500005,53.52155303300003],[13.77637607400004,53.53129006000006],[13.784241891000022,53.551836266000066],[13.791347175000055,53.558577928000034],[13.800570522000044,53.55825461900008],[13.798463285000025,53.545689605000064],[13.823875041000065,53.52113695700007],[13.821728497000038,53.51811033900003],[13.848404712000047,53.514310590000036],[13.879268139000033,53.504139956000074],[13.873924621000072,53.490594920000035],[13.87622813300004,53.487014473000045],[13.884590220000064,53.48533669500006],[13.875591803000077,53.47346619700005],[13.918213428000058,53.455998470000054],[13.917505496000047,53.44652703100007],[13.906287562000045,53.44388294700008],[13.911394254000072,53.43653970500003],[13.902893509000023,53.43202501500008],[13.90755370900007,53.42623977100004],[13.916373270000065,53.42226627100007],[13.946492797000076,53.43081063000005],[13.962079708000033,53.429896936000034],[14.001216932000034,53.43499156300004],[14.00659107100006,53.43041088100006],[14.045604131000061,53.42942541900004],[14.050577998000051,53.41398786600007],[14.056612808000068,53.412515219000056],[14.071200818000023,53.41499366800008],[14.08222394300003,53.41091170300007],[14.082285812000066,53.41557589300004],[14.093922426000063,53.422119972000075],[14.105426101000035,53.42242613900004],[14.121843780000063,53.44170762200008],[14.134010057000069,53.439038151000034],[14.136759841000071,53.441001149000044],[14.176961664000032,53.42286728900007],[14.20591111400006,53.42302691000003],[14.224661388000072,53.43424798500007],[14.237712313000031,53.42734197800007],[14.24179050500004,53.42243725700007],[14.237361005000025,53.41468665200006],[14.243271522000043,53.39875990200005],[14.243144164000057,53.39232073000005],[14.231060008000043,53.36809468900003],[14.223406622000027,53.358563229000026],[14.184022256000048,53.32762657900008],[14.138809199000036,53.30232606000004],[14.109653481000066,53.28263829000008],[14.10356661700007,53.27486251300007],[14.098817346000033,53.26167191500008],[14.124789098000065,53.260225164000076],[14.160239071000035,53.26781071400006],[14.175976627000068,53.262071691000074],[14.200159461000055,53.261772386000075],[14.211057786000026,53.25481373300005],[14.266048356000056,53.25959485200008],[14.262188670000057,53.27660236100007],[14.301854254000034,53.28622360900005],[14.301670245000025,53.28913626900004],[14.313015457000063,53.30203174900004],[14.316569422000043,53.31233554700003],[14.348660478000056,53.30996973100008],[14.350244777000057,53.313755978000074],[14.361933978000025,53.315212072000065],[14.361642649000032,53.31756161700008],[14.376636296000072,53.31628239500003],[14.381543153000052,53.32388693000007],[14.39536669000006,53.328883346000055],[14.412381009000057,53.32959336200008]]]]}},{"type":"Feature","id":null,"properties":{"shapeName":"Niedersachsen","shapeISO":"DE-NI","shapeID":"10402087B38053019909436","shapeGroup":"DEU","shapeType":"ADM1","_puzzle_simplification_tolerance":0.0017192,"name_en":"Niedersachsen","name_zh":"Niedersachsen一级行政区"},"geometry":{"type":"MultiPolygon","coordinates":[[[[6.868922264000048,53.59189273800007],[6.862536194000029,53.59167407100006],[6.863570872000025,53.588863538000055],[6.868922264000048,53.59189273800007]]],[[[6.790435206000041,53.61090907300007],[6.760059069000022,53.61768372000006],[6.656498905000035,53.60793327500005],[6.647466777000034,53.60468086800006],[6.639255128000059,53.59337343100003],[6.642677269000046,53.591085658000054],[6.64359780500007,53.595143173000054],[6.653968217000056,53.59848432200005],[6.656973736000054,53.58364837100004],[6.664620939000031,53.57792500900007],[6.697367556000074,53.56540184800008],[6.705430278000051,53.56587194700006],[6.717830908000053,53.55709656800008],[6.724827281000046,53.55607125100005],[6.721122945000047,53.56773392000008],[6.733127827000033,53.569565870000076],[6.741570434000039,53.56604823100008],[6.744106009000063,53.56153507500005],[6.740467041000045,53.55712864700007],[6.74738521300003,53.55739919200005],[6.758660921000057,53.56297487100005],[6.75729067900005,53.56797171900007],[6.741012276000049,53.57107024000004],[6.738571858000057,53.57544892200008],[6.717594664000046,53.58352082300007],[6.735569443000031,53.587093492000065],[6.742571114000043,53.59221063100006],[6.76092330900002,53.59762433900005],[6.783508180000069,53.59655948000005],[6.813217991000045,53.60233809300007],[6.790435206000041,53.61090907300007]]],[[[6.900066025000058,53.64781784100006],[6.905670646000033,53.65224129300003],[6.898485507000032,53.65386495000007],[6.878305373000046,53.64646836400004],[6.866240133000076,53.64511470600007],[6.865525644000058,53.63926221300005],[6.877562987000033,53.62838095600006],[6.888034486000038,53.62571216200007],[6.897920419000059,53.627214578000064],[6.891464335000023,53.631691422000074],[6.897009281000066,53.63437615300006],[6.89918396500002,53.640056693000076],[6.910214479000047,53.643757246000064],[6.900066025000058,53.64781784100006]]],[[[7.075789472000054,53.68702165700006],[6.977640663000045,53.68140437400007],[6.863330437000059,53.66880209400006],[6.853592539000033,53.66331717500003],[6.856964965000031,53.66171265200006],[6.874884954000038,53.66669703200006],[6.886932548000061,53.664079091000076],[6.918431745000021,53.66591636100003],[6.974797271000057,53.67300122700004],[6.975749366000059,53.66934756100005],[6.987891182000055,53.67337521200005],[6.987075615000037,53.67504181600003],[6.995977718000063,53.67023851600004],[6.995911609000075,53.67428589000008],[7.016866996000033,53.67400618500005],[7.051643248000062,53.67905489900005],[7.088523632000033,53.67992325900008],[7.096815420000041,53.677102010000056],[7.099752608000074,53.680949809000026],[7.098704933000022,53.683868035000046],[7.075789472000054,53.68702165700006]]],[[[7.346950825000022,53.72416648800004],[7.319485245000067,53.72703383700008],[7.234513767000067,53.722425110000074],[7.18714981100004,53.722801943000036],[7.143431005000025,53.71116352700005],[7.137296138000067,53.70697553800005],[7.142038017000061,53.700607794000064],[7.152755846000048,53.69687666400006],[7.16460814800007,53.69755319500007],[7.169451577000075,53.70120608800005],[7.165098447000048,53.706347151000045],[7.170355803000064,53.70785280800004],[7.177560063000044,53.703952009000034],[7.177801615000021,53.70133311300003],[7.193784462000053,53.69910449400004],[7.208766399000069,53.70659939800004],[7.215462468000055,53.70359024700008],[7.270238321000022,53.703690351000034],[7.294932628000026,53.708027824000055],[7.28876439000004,53.71153878200005],[7.297069402000034,53.70855590900004],[7.325326874000041,53.712595520000036],[7.340803965000021,53.71820127800004],[7.347221740000066,53.71665978500005],[7.346950825000022,53.72416648800004]]],[[[7.429936956000063,53.721281231000034],[7.435404721000054,53.72845957000004],[7.433935595000037,53.73136126400004],[7.39386034100005,53.736137341000074],[7.382553423000047,53.73493146100003],[7.359472285000038,53.72690739700005],[7.363651383000047,53.724586388000034],[7.364279332000024,53.72031958300005],[7.37297622400007,53.72251062400005],[7.426599601000021,53.720281646000046],[7.429936956000063,53.721281231000034]]],[[[7.574251209000067,53.759217695000075],[7.479802091000067,53.75436031900006],[7.469256590000043,53.74610934300006],[7.460545220000029,53.72480064800004],[7.472485887000062,53.72146723600008],[7.48032224800005,53.72254086100003],[7.482925900000055,53.725780318000034],[7.491830335000031,53.72260666500006],[7.505413664000059,53.72368327200007],[7.502005887000053,53.734463177000066],[7.511634226000069,53.74326024100003],[7.53887022300006,53.74316440000007],[7.569078455000067,53.74809299700007],[7.62554893600003,53.74715431100003],[7.642707838000035,53.75361088600005],[7.623216773000024,53.75773621600007],[7.574251209000067,53.759217695000075]]],[[[7.813396161000071,53.78151554300007],[7.70033006500006,53.781037997000055],[7.683397328000069,53.77644445800007],[7.666253635000032,53.76342282300004],[7.665430907000029,53.760026141000026],[7.669600252000066,53.75393649000006],[7.682719390000045,53.750928712000075],[7.691497523000066,53.757954924000046],[7.693718102000048,53.76312142900008],[7.737896547000048,53.760565032000045],[7.769349688000034,53.764068302000055],[7.795162037000068,53.76925022300003],[7.815279434000047,53.77702595400007],[7.813396161000071,53.78151554300007]]],[[[7.885377132000031,53.79455315600006],[7.866020989000049,53.79412602300005],[7.846417509000048,53.78797509700007],[7.858138263000058,53.781254499000056],[7.864772767000034,53.77306732000005],[7.86870471900005,53.77680955500006],[7.869768094000051,53.78398661500006],[7.875557601000025,53.78857649100007],[7.913324116000069,53.78047347300003],[7.935019274000069,53.77986016300008],[7.945264611000027,53.78239212400007],[7.968610313000056,53.77545240300003],[7.970666782000023,53.77617991000005],[7.969211156000028,53.77956302200005],[7.974228632000063,53.78030985300006],[7.977601277000076,53.77657526000007],[7.977712626000027,53.779349342000046],[7.972587103000023,53.782339180000065],[7.954792715000053,53.78697125600007],[7.885377132000031,53.79455315600006]]],[[[11.265731921000054,53.12197789600003],[11.245697268000072,53.13642192400005],[11.226407147000032,53.143280048000065],[11.212636693000036,53.14414314000004],[11.193928415000073,53.13522677600008],[11.184573730000068,53.13642115600004],[11.177958012000033,53.15045298100006],[11.171861639000042,53.15664420300004],[11.179414288000032,53.158616057000074],[11.189082437000025,53.16561954500003],[11.19532805600005,53.17673854800006],[11.194111225000029,53.18118602900006],[11.179890860000057,53.186677204000034],[11.136703673000056,53.19184228000006],[11.144989789000022,53.19777855800004],[11.136510951000048,53.19940495900005],[11.13848682500003,53.20250479600003],[11.115520266000033,53.204510027000026],[11.090079358000025,53.21425727400003],[11.062258289000056,53.23545317500003],[11.056818240000041,53.24599447600008],[11.047133540000061,53.25770229700004],[11.039450353000063,53.26245459300003],[11.027571986000055,53.27893991700006],[11.00945596400004,53.281479226000044],[11.008358820000069,53.291760887000066],[11.002965050000057,53.29354998200006],[11.00870229800006,53.30063582100007],[11.002257821000057,53.30520126400006],[11.003307999000072,53.310822415000075],[10.998503106000044,53.315693218000035],[10.999075976000029,53.32102386400004],[10.99566565200007,53.32114553100007],[10.991437931000064,53.32596917800004],[10.988502135000033,53.324499710000055],[10.982661493000023,53.32753642500006],[10.98800062500004,53.33342650900005],[10.959360782000033,53.338525093000044],[10.955539249000026,53.33346130500007],[10.934005662000061,53.33929135400007],[10.931693152000037,53.34082739200005],[10.933742632000076,53.34307605600003],[10.928245165000021,53.34811826400005],[10.91936134100007,53.34841964600008],[10.909678890000066,53.33769420600004],[10.899241034000056,53.33419644400004],[10.894713589000048,53.336655703000076],[10.892650507000042,53.33430756300004],[10.880321176000052,53.33552716200006],[10.880550371000027,53.33022981500005],[10.888503663000051,53.327193555000065],[10.888028505000023,53.32438191700004],[10.880534985000054,53.321098375000076],[10.866042710000045,53.32691203300004],[10.871702326000047,53.32159293600006],[10.870239973000025,53.31771645400005],[10.853413750000072,53.31586516200008],[10.850790504000031,53.30999674900005],[10.839716567000039,53.30816742400003],[10.835805651000044,53.30496954600005],[10.828647843000056,53.306912304000036],[10.82619752200003,53.31239238100005],[10.793262567000056,53.31556723800003],[10.77159059500002,53.32532374500005],[10.767568680000068,53.33046448700003],[10.759653773000025,53.32998715700006],[10.757657326000071,53.33260674100006],[10.763084739000021,53.33885055700006],[10.738086469000052,53.342343751000044],[10.72691784500006,53.35781822100006],[10.700692790000062,53.370022808000044],[10.67681051300002,53.36746305200006],[10.630703698000048,53.37077342900005],[10.611932918000036,53.36914391700003],[10.576908652000043,53.35990898300008],[10.556737579000071,53.36847890400003],[10.50223918200004,53.37354465800007],[10.419276818000071,53.40214202900006],[10.375433568000062,53.42483037900007],[10.364989035000065,53.42627524100004],[10.330768068000054,53.42496730000005],[10.307954146000043,53.433201104000034],[10.260041406000028,53.418524423000065],[10.252957588000072,53.413325720000046],[10.243785957000057,53.39957346300008],[10.236567868000066,53.39575369100004],[10.198534730000063,53.39860816100003],[10.175688643000058,53.39658250000008],[10.15518690500005,53.40520825600004],[10.136395544000038,53.42223233500005],[10.108735530000047,53.426674028000036],[10.08460225400006,53.450401062000026],[10.051810704000047,53.46391894000004],[10.042038461000061,53.45680760000005],[10.044050542000036,53.45486531500006],[10.041097494000041,53.45154928200003],[10.049322123000024,53.44970122500007],[10.045738931000074,53.44674105200005],[10.035875720000035,53.44704577700003],[10.032431613000028,53.44392331500006],[10.020944605000068,53.44686279200005],[10.014613475000033,53.442200799000034],[10.029273488000058,53.43516433100007],[10.018640369000025,53.42930907300007],[10.009773511000049,53.42946516000006],[10.001580055000034,53.42483092900005],[9.99638954300002,53.42611291800006],[9.99298339400002,53.42008662300003],[9.988975934000052,53.42057332500008],[9.98443287200007,53.41541377900006],[9.97488882500005,53.414735344000064],[9.97755784100002,53.41924922900006],[9.97545546300006,53.42145110200005],[9.97092924900005,53.42375937400004],[9.964358566000044,53.422176199000035],[9.961040155000035,53.42409392900004],[9.963272627000038,53.42732103700007],[9.949211967000053,53.43094997500003],[9.942015790000028,53.42105242000008],[9.92455248400006,53.41962395100006],[9.916487328000073,53.41406788000006],[9.906566145000056,53.415790911000045],[9.916452760000027,53.42486567000003],[9.914080001000059,53.42999847800007],[9.921486178000066,53.43655015100006],[9.914557092000052,53.44264650800005],[9.913898935000077,53.44842908800007],[9.904411288000063,53.45679422400008],[9.899237224000046,53.45759656400003],[9.898793191000038,53.45511200300007],[9.895945433000065,53.45738500200008],[9.873373450000031,53.44237782700003],[9.869120381000073,53.44458409600003],[9.866652571000031,53.44006309900004],[9.862844600000074,53.44008914400007],[9.86042145600004,53.43806205900006],[9.864568450000036,53.432177007000064],[9.862387477000027,53.429876593000074],[9.836649493000039,53.45090999100006],[9.813608232000036,53.46242678900006],[9.807465885000056,53.46282824800005],[9.805944460000035,53.46710196600003],[9.799804376000054,53.46963746900008],[9.800471515000027,53.47530816200003],[9.798559976000035,53.47521169800007],[9.802426170000047,53.493251540000074],[9.782231771000056,53.49146411000004],[9.784524771000065,53.50001170300004],[9.763793944000042,53.50810650500006],[9.771585438000045,53.52275585000007],[9.774086762000024,53.51923185900006],[9.77832012600004,53.51946144900006],[9.776262977000044,53.525071911000055],[9.769996065000043,53.52945033300006],[9.771522643000026,53.531067919000066],[9.765441705000057,53.541114563000065],[9.772307485000056,53.543531305000045],[9.774388785000042,53.55432306000006],[9.702788352000027,53.559327504000066],[9.675759963000075,53.56468869500003],[9.587861796000027,53.598509715000034],[9.550629934000028,53.61601357400008],[9.536833665000074,53.63057099000008],[9.53108302000004,53.64284546700003],[9.527800309000042,53.662936727000044],[9.502180848000023,53.69680511300004],[9.485889923000059,53.70766466200007],[9.433311108000055,53.73197795300007],[9.422587090000036,53.740667546000054],[9.367622174000076,53.808589305000055],[9.319524176000073,53.85083552700007],[9.289727751000044,53.86335074300007],[9.272732767000036,53.86766263100003],[9.275123379000036,53.857269303000066],[9.193717033000041,53.86581145300005],[9.101771150000047,53.863480637000066],[9.08156430300005,53.860327846000075],[9.013168475000043,53.84023938100006],[9.018512746000056,53.83484122600004],[8.978509468000027,53.839959703000034],[8.906159155000068,53.82878815400005],[8.859594447000063,53.82989195200008],[8.835101264000059,53.83351282900003],[8.824783725000032,53.831115587000056],[8.79888423500006,53.83257066700003],[8.774857737000048,53.83742243900008],[8.728850341000054,53.85670044200003],[8.731050107000044,53.85864022100003],[8.702246495000054,53.87871119300007],[8.69461390500004,53.876480050000055],[8.690274979000037,53.87806139200006],[8.683227744000021,53.88584810800006],[8.683729094000057,53.88913518000004],[8.688439680000045,53.89034501000003],[8.686460992000036,53.89208873500007],[8.669284524000034,53.89166608000005],[8.627108518000057,53.88218556500004],[8.614913870000066,53.88211822400007],[8.601142223000068,53.874288715000034],[8.604630151000038,53.870974198000056],[8.589730280000026,53.859961561000034],[8.574624249000067,53.843422829000076],[8.56606034400005,53.84595761300005],[8.54196717900004,53.807139945000074],[8.537742595000054,53.79214080200006],[8.54471624200005,53.78887435400003],[8.541012727000066,53.78600665100004],[8.539177676000065,53.78881077600005],[8.52898147600007,53.76850704700007],[8.532787378000023,53.76720139500003],[8.528541825000048,53.76765203000008],[8.518500603000064,53.751470984000036],[8.521953222000036,53.750573435000035],[8.510031170000047,53.73770143100006],[8.497576844000037,53.71375073300004],[8.483350548000033,53.69478407200006],[8.483953343000053,53.655912767000075],[8.520410363000053,53.606204880000064],[8.524171059000025,53.606693490000055],[8.52615886700005,53.60383991600003],[8.527392591000023,53.60597192800003],[8.532472258000041,53.60492932200003],[8.53365106800004,53.60761767900004],[8.558768776000022,53.60390696800005],[8.592283300000076,53.59293261300007],[8.623296266000068,53.60533333600006],[8.65063238700003,53.60256522100008],[8.637955731000034,53.59506742200006],[8.642715815000031,53.59255941400005],[8.628263885000024,53.58322711300008],[8.627125585000044,53.57912011500008],[8.618011085000035,53.57871604500008],[8.616802851000045,53.57437003800004],[8.625154485000053,53.56731524600008],[8.630860355000038,53.55568959000004],[8.636077861000047,53.55369209600008],[8.646354349000035,53.55554567300004],[8.64411063800003,53.54920373900006],[8.645226852000064,53.540472719000036],[8.642051825000067,53.541683384000066],[8.64152157600006,53.53639900200005],[8.63865579000003,53.53495355800004],[8.639775421000024,53.525289471000065],[8.652134242000045,53.516017127000055],[8.648232263000068,53.51430329300007],[8.650555157000042,53.51078166600007],[8.636637351000047,53.505439436000074],[8.637862526000049,53.50321967100007],[8.631272074000037,53.501580312000044],[8.63187586600003,53.49881043200003],[8.619532379000077,53.489288990000034],[8.605904617000022,53.48423378800004],[8.577306587000066,53.48545327900007],[8.573760278000066,53.48864307400004],[8.529713796000067,53.48034170200003],[8.51863411200003,53.47444590500004],[8.511604095000052,53.476664526000036],[8.505789853000067,53.47117823800005],[8.492651892000026,53.472419761000026],[8.50348776800007,53.492967098000065],[8.51612863300005,53.50214812100006],[8.552684234000026,53.51617564600008],[8.548105225000029,53.51994106700005],[8.554898250000065,53.52513102800003],[8.550145964000023,53.53801829400004],[8.534242834000054,53.54106602100006],[8.515700474000027,53.550661227000035],[8.518195474000038,53.558139244000074],[8.511982498000066,53.55250409300004],[8.504077507000034,53.55068789300003],[8.476436612000043,53.55397401000005],[8.462112559000047,53.552893452000035],[8.435683874000063,53.56212110800004],[8.38447061000005,53.57390633500006],[8.358219071000065,53.59794563200006],[8.353918416000056,53.596986822000076],[8.356504045000065,53.599600559000066],[8.34897868400003,53.60617886600005],[8.337981267000032,53.61155023400005],[8.311608,53.616282547000026],[8.291095860000041,53.612920718000055],[8.260692789000075,53.59884673200003],[8.242972666000071,53.58239792400008],[8.237204989000077,53.56099272100005],[8.234318135000024,53.53376249200005],[8.230826530000058,53.520775995000065],[8.226915998000038,53.520083713000076],[8.26554761500006,53.518541138000046],[8.300071055000046,53.525851284000055],[8.309414834000052,53.52282044700007],[8.316886669000041,53.514599417000056],[8.314562544000069,53.456512916000065],[8.308485964000056,53.44814126700004],[8.296343620000073,53.44157320000005],[8.294690112000069,53.434835372000066],[8.297649722000074,53.43063028900008],[8.28046855100007,53.41337354900003],[8.250797254000076,53.398551257000065],[8.210800344000063,53.401500670000075],[8.202859223000075,53.40339852300008],[8.195486814000049,53.40945361200005],[8.189775067000028,53.40959527000007],[8.196352799000067,53.412328606000074],[8.195070781000027,53.41475491400007],[8.147046658000022,53.450052277000054],[8.136145450000072,53.45267441500005],[8.117897446000029,53.45110950000003],[8.108940543000074,53.44565182600007],[8.107972929000027,53.44802426600006],[8.097738191000076,53.44610188200005],[8.075558916000034,53.46256986600008],[8.06225889600006,53.48252644400003],[8.060030611000059,53.497066535000044],[8.06234064900002,53.50566758900004],[8.075224043000048,53.50208805900007],[8.095471351000072,53.50219559300007],[8.154330152000057,53.51355472100005],[8.164022497000076,53.52207467200003],[8.17097482500003,53.54047017600004],[8.161818338000046,53.549797383000055],[8.156040733000054,53.560724933000074],[8.151339968000059,53.56082785000007],[8.154395890000046,53.56383355000003],[8.142359621000026,53.579668380000044],[8.154433007000023,53.58290009000007],[8.155599196000026,53.58575279900003],[8.148863794000022,53.60183230700005],[8.123346059000028,53.59860891800008],[8.115572778000057,53.61455314500006],[8.086670665000042,53.64363812900007],[8.071187332000022,53.647093246000054],[8.072870456000032,53.64634134900007],[8.060519913000064,53.64241158400006],[8.04469408400007,53.641408461000026],[8.031896628000027,53.657742],[8.027028588000064,53.67894781400008],[8.022061847000032,53.682905505000065],[8.025742946000037,53.68329491800006],[8.02305003400005,53.685013784000034],[8.023367834000055,53.69142083600008],[8.031651176000025,53.69947912500004],[8.03162293400004,53.705743116000065],[8.00872870400002,53.712134924000054],[7.913326657000027,53.71783893400004],[7.787804339000047,53.709420469000065],[7.764662412000064,53.70184333100008],[7.750000684000042,53.70040061600008],[7.717559924000057,53.699592573000075],[7.705828041000075,53.70344390300005],[7.704646402000037,53.70013761100006],[7.703838768000026,53.70351795500005],[7.630539060000046,53.68883613100007],[7.605921387000024,53.68655024100008],[7.588147530000072,53.68023339300004],[7.570601343000021,53.68042727400007],[7.574327878000076,53.67510076700006],[7.572302268000044,53.677359386000035],[7.544119531000035,53.67559257500005],[7.527114210000036,53.671499796000035],[7.515830243000039,53.672211023000045],[7.479449121000073,53.68327840000006],[7.398573187000068,53.68211125000005],[7.362229809000041,53.685497600000076],[7.360147919000042,53.68295837200003],[7.360491988000035,53.686809776000075],[7.342866804000039,53.685506289000045],[7.296326719000035,53.68009865300007],[7.27170066900004,53.67220153200003],[7.266384767000034,53.67326979500007],[7.24306473200005,53.66853916200006],[7.182598817000041,53.64087219900006],[7.170177253000077,53.62886843100006],[7.156217075000029,53.63017230400004],[7.145168352000042,53.61099523000007],[7.112405361000071,53.594822313000066],[7.09033570500003,53.57965224600008],[7.087254228000063,53.57109162900008],[7.104868339000063,53.56073101000004],[7.105786756000043,53.55559164400006],[7.113829158000044,53.55393239300008],[7.117311980000068,53.54817309200007],[7.131545316000029,53.539907854000035],[7.132909600000062,53.53451010300006],[7.129998988000068,53.53235998200006],[7.103966165000031,53.52755214000007],[7.096492757000021,53.521949222000046],[7.089522361000036,53.52491026300004],[7.085946356000022,53.52142583500006],[7.087411786000075,53.52536474500005],[7.076756059000047,53.53273971700003],[7.071491854000044,53.52724009600007],[7.064619199000049,53.52767070600004],[7.041316306000056,53.53721907500005],[7.034145451000029,53.54567023100003],[7.036769804000073,53.53630773200007],[7.032903751000049,53.532152816000064],[7.029007264000029,53.53198348600006],[7.048688447000075,53.50807189200003],[7.024107547000028,53.48237145100006],[7.025572044000057,53.476835],[7.010322349000035,53.42407633200003],[7.01217809000002,53.42384346100005],[7.012727919000042,53.40639163800006],[7.008077515000025,53.39379587600007],[7.011055097000053,53.38529934700006],[7.007831882000062,53.37776149500007],[6.997958942000025,53.37136721600007],[7.000003664000076,53.358879681000076],[7.019969698000068,53.33902283500004],[7.028705462000062,53.33633698500006],[7.04912917200005,53.33850536300008],[7.060495438000032,53.33464059800008],[7.225654841000051,53.33376805700004],[7.265760916000033,53.32719714900003],[7.249576555000033,53.32488570100003],[7.245060267000042,53.318297605000055],[7.191115728000057,53.317601567000054],[7.21259621300004,53.22818542200008],[7.21049729300006,53.228402817000074],[7.216926628000067,53.21446460300007],[7.217364691000057,53.19770766400006],[7.207959576000064,53.18848438100008],[7.227095145000021,53.18048924500005],[7.203742651000027,53.17649963700006],[7.190463815000044,53.16176176700003],[7.189631671000029,53.14802640900007],[7.178938346000052,53.138142584000036],[7.18091946100003,53.127704625000035],[7.185726584000065,53.124191275000044],[7.182865370000059,53.12170903400005],[7.202794359000052,53.11328165100008],[7.199254856000039,53.081018501000074],[7.212802470000042,53.01095825700003],[7.217281327000023,53.00698383500003],[7.209295072000032,53.00024458000007],[7.181569824000064,52.94130385100004],[7.104655853000054,52.86418212500007],[7.087323856000069,52.84992858800007],[7.092691941000055,52.83820107400004],[7.072044834000053,52.81087438900005],[7.055577137000057,52.64336989100008],[7.041866613000025,52.632680503000074],[7.012810745000024,52.636707655000066],[7.002191443000072,52.641831155000034],[6.992599680000069,52.64131482100004],[6.975803860000042,52.646256589000075],[6.968011624000042,52.64178924600003],[6.953044623000039,52.638944912000056],[6.919652199000041,52.63984135100003],[6.915805942000077,52.641725363000035],[6.913953220000053,52.64667497100004],[6.897121445000039,52.651332737000075],[6.879840778000073,52.65054664000007],[6.873112273000061,52.653116658000044],[6.851570062000064,52.64869515700008],[6.837327516000073,52.65198632000005],[6.818785035000076,52.64770660500005],[6.790124928000068,52.65268986700005],[6.777429308000023,52.65161324800005],[6.767955361000077,52.64686145300004],[6.758859956000038,52.64883842000006],[6.753517929000054,52.64584276800008],[6.752644481000061,52.64813256000008],[6.741992062000065,52.64532407400003],[6.726186860000041,52.63325511700003],[6.710086444000069,52.62731869800007],[6.714287986000045,52.62677474100008],[6.727139788000045,52.61505111500003],[6.718713,52.58868427800007],[6.766715125000076,52.56350225300008],[6.766621548000046,52.56151258300008],[6.752343290000056,52.55912545700005],[6.726180961000068,52.56321200900004],[6.716080523000073,52.54857101500005],[6.680868310000051,52.553336399000045],[6.705367224000042,52.520264319000034],[6.697720003000029,52.48634521400004],[6.753103465000038,52.46379697400005],[6.774632593000035,52.45961192000004],[6.854307604000041,52.45959874600004],[6.852613058000031,52.44994295600003],[6.86185772400006,52.45141446300005],[6.941683815000033,52.43548963300003],[6.962381471000072,52.44404650000007],[6.977563104000069,52.46547651900005],[6.987941693000039,52.46954097500003],[6.99180270200003,52.467452568000056],[7.005567535000068,52.444079971000065],[7.010888673000068,52.42907306700005],[7.022134785000048,52.42269159500006],[7.035834897000029,52.40252617200008],[7.058798136000064,52.39933158500003],[7.072191568000051,52.37341243900005],[7.072173799000041,52.35226636700003],[7.056425347000072,52.33805786100004],[7.055550853000057,52.33216211900003],[7.047099677000062,52.323913350000055],[7.046759373000043,52.316185216000065],[7.03879758100004,52.31235371000008],[7.041313987000024,52.31116852400004],[7.026687271000071,52.292200226000034],[7.026305100000059,52.287444125000036],[7.029461938000054,52.281151883000064],[7.028790450000031,52.273479129000066],[7.042444894000027,52.25610337100005],[7.065868436000073,52.241258981000044],[7.101885061000075,52.24348677000006],[7.109053936000066,52.24723954800004],[7.109853544000032,52.25279700500005],[7.119279644000073,52.25699806000006],[7.12124800600003,52.26107815600005],[7.153168307000044,52.266512540000065],[7.297889793000024,52.26397512500006],[7.317481059000045,52.28027224500005],[7.345594919000064,52.28269013100004],[7.361554536000028,52.28831239600004],[7.370752596000045,52.30023743700008],[7.386480326000026,52.30930415900008],[7.396963800000037,52.306184865000034],[7.403871787000071,52.31293469800005],[7.427224313000067,52.31401251700004],[7.426823130000059,52.31816994400003],[7.43777648400004,52.33335652000005],[7.479405082000028,52.34763949000006],[7.504727356000046,52.36084370000003],[7.511472907000041,52.361326864000034],[7.529922924000061,52.36987643100008],[7.539362630000028,52.37045250400007],[7.543056881000041,52.36797749700003],[7.563964486000032,52.370651957000064],[7.565236311000035,52.37262627900003],[7.560085934000028,52.37215185300005],[7.570443653000041,52.37859664300004],[7.575097146000076,52.37585241100004],[7.582104209000022,52.37640390400003],[7.58050479800005,52.37935253200004],[7.571322355000063,52.381235064000066],[7.583583469000075,52.39553896800004],[7.582761603000051,52.40366587400007],[7.601162506000037,52.413862374000075],[7.602719468000032,52.421030693000034],[7.564310993000049,52.432312214000035],[7.570965478000062,52.43233050400005],[7.577491463000058,52.44699760100008],[7.591712778000044,52.46485863200007],[7.604230451000035,52.47509025800008],[7.655827185000021,52.46247363400005],[7.656546757000058,52.45997612100007],[7.667706134000071,52.45847943200005],[7.667430904000071,52.45607004200008],[7.683545983000045,52.45656538600008],[7.688382443000023,52.45367265600004],[7.702342179000027,52.43437005900006],[7.713825102000044,52.40100238000008],[7.725450814000055,52.39989453700008],[7.807088759000067,52.37142703100005],[7.843035816000054,52.36902764800004],[7.870512190000056,52.377498725000066],[7.891770368000039,52.380512983000074],[7.921682203000046,52.36561766300008],[7.936669994000056,52.36497725800007],[7.943924292000077,52.35558899600005],[7.940716111000029,52.34990781500005],[7.942009972000051,52.347568669000054],[7.947781853000038,52.35009957500006],[7.95349705600006,52.34722099900006],[7.950014102000068,52.34528984600007],[7.951181937000058,52.34114328100003],[7.94771965800004,52.33887124200004],[7.948563556000067,52.33512761000003],[7.955668141000046,52.33192392900003],[7.959297480000032,52.32628648800005],[7.966583975000049,52.32345986200005],[7.978010145000042,52.31270391700008],[7.99060804800007,52.30953959200008],[7.987240444000065,52.30358374800005],[7.949574184000028,52.30587514500007],[7.931790149000051,52.30184607400008],[7.930761565000068,52.28642208600007],[7.935001624000051,52.28617993100005],[7.956465027000036,52.27249058000007],[7.945734981000044,52.26531057900007],[7.930214496000076,52.265387873000066],[7.925623714000039,52.26281446300004],[7.923071015000062,52.25281516800004],[7.923491916000046,52.24789025100006],[7.928629305000072,52.241226307000034],[7.926551191000044,52.226512383000056],[7.919821309000042,52.22169668500004],[7.914577731000065,52.222933468000065],[7.909513869000023,52.214139258000046],[7.906646671000033,52.21533711100005],[7.906361506000053,52.208059141000035],[7.899840167000036,52.20682861200004],[7.906342521000056,52.202523873000075],[7.902993338000044,52.198869288000026],[7.908852593000063,52.195027451000044],[7.908109127000046,52.18986344700005],[7.914245976000075,52.187875086000076],[7.91294864300005,52.18513533700008],[7.928353006000066,52.18125573000003],[7.933986825000034,52.17692188800004],[7.957451981000077,52.17794342000008],[7.974333253000054,52.17113031700006],[8.005911834000074,52.17604109100006],[8.016978013000028,52.172050701000046],[8.015161879000061,52.16861117000008],[8.02518863900002,52.163509515000044],[8.023015027000042,52.16017968500006],[8.017457143000058,52.15906542000005],[8.011819311000068,52.16180101900005],[8.012505075000036,52.15917843700004],[8.002046653000036,52.159957528000064],[8.000646663000055,52.15716710800007],[8.003146684000058,52.15455549700005],[7.997386120000044,52.15447999000003],[8.00062602600002,52.15330585600003],[7.99777623600005,52.15033934100006],[8.003504901000042,52.14965820900005],[8.002806708000037,52.13766512300003],[8.004943403000027,52.13684580800003],[8.007796129000042,52.11533314600007],[7.971769166000058,52.11598301600003],[7.958074550000049,52.10523992000003],[7.901743417000034,52.09203023100008],[7.885163361000025,52.08353476100007],[7.888735853000071,52.083487785000045],[7.911807064000072,52.06229016700007],[7.920704918000069,52.057997088000036],[7.916921271000035,52.05163721400004],[7.981101713000044,52.035510017000036],[7.993717081000057,52.04963608800006],[8.019098103000033,52.05860642000005],[8.019258009000055,52.06229908600005],[8.032748467000033,52.06844093600006],[8.035943413000041,52.067157018000046],[8.03585636400004,52.063938636000046],[8.042459911000037,52.06305258100008],[8.066703076000067,52.068121389000055],[8.069898623000029,52.065180818000044],[8.087008322000031,52.06453018600007],[8.09239851600006,52.06342474300004],[8.096448168000052,52.057145183000046],[8.12908292700007,52.06874793800006],[8.131401359000051,52.072008210000035],[8.151526689000036,52.07636442200004],[8.168668336000053,52.07446884500007],[8.172321675000035,52.07186741900006],[8.192494537000073,52.07261933800004],[8.208913879000022,52.09677429200008],[8.219370972000036,52.102085972000054],[8.22522555300003,52.10858690600003],[8.23612836500007,52.112384692000035],[8.245896154000036,52.12139730000007],[8.262539078000032,52.12037848600005],[8.266731884000023,52.13228120400004],[8.273432501000059,52.13072355700007],[8.28714952100006,52.135171798000044],[8.285250062000046,52.12548784000006],[8.311215341000036,52.11832908900004],[8.315096539000024,52.11968695500008],[8.314137662000064,52.12228797000006],[8.323918346000028,52.125922],[8.363705641000024,52.11835285900003],[8.37322823900007,52.109812470000065],[8.388116120000063,52.10802514200003],[8.404937059000076,52.11148888900004],[8.410627538000028,52.11577341700007],[8.403805014000056,52.124255453000046],[8.404652012000042,52.12995714900006],[8.412881586000026,52.137605645000065],[8.453533796000045,52.155386957000076],[8.462092142000074,52.15310378000004],[8.481537185000036,52.15988518100005],[8.485395749000077,52.16587978100006],[8.493095179000022,52.16680108400004],[8.505603295000071,52.17938218300003],[8.51743732400007,52.18495045100008],[8.460188309000046,52.195954638000046],[8.452261648000047,52.20317931500006],[8.449295885000026,52.209768678000046],[8.44239179400006,52.213306817000046],[8.450738495000053,52.21805642100003],[8.452774161000036,52.22530452500007],[8.461091779000071,52.229112615000076],[8.45984769200004,52.24280137900007],[8.468063211000072,52.247113668000054],[8.462702044000025,52.25222310100003],[8.463573784000062,52.25661966100006],[8.458796592000056,52.258184877000076],[8.46618637000006,52.26761383300004],[8.463140818000056,52.28211974900006],[8.45940693700004,52.28164236200007],[8.458750767000026,52.29451527400005],[8.461107670000047,52.29885605000004],[8.457971600000064,52.301996692000046],[8.459815836000075,52.30470025100004],[8.464937357000053,52.303743602000054],[8.47214914400007,52.31536409600005],[8.46064853100006,52.31873197600004],[8.459257014000059,52.32480554400007],[8.451568916000042,52.33436720700007],[8.442614889000026,52.35900989100003],[8.432412468000052,52.36645510000005],[8.400951045000056,52.37744668100004],[8.393053297000051,52.384637860000055],[8.362981857000023,52.389945831000034],[8.343028784000069,52.39817213400005],[8.322857611000074,52.400723923000044],[8.314038742000037,52.405728245000034],[8.314037466000059,52.40784472800004],[8.322902665000072,52.41072961000003],[8.315882071000033,52.41252344500003],[8.322037248000072,52.426162],[8.31721411600006,52.42789195800003],[8.318428185000073,52.42986635800003],[8.313360026000055,52.43178066200005],[8.311724041000048,52.43635741300005],[8.303992534000031,52.434309109000026],[8.30616800100006,52.44462347800004],[8.308312698000066,52.44472555100003],[8.297213681000073,52.456497908000074],[8.303432823000037,52.45900479900007],[8.306920303000027,52.456054417000075],[8.311374097000055,52.45895156100005],[8.32613101100003,52.451670626000066],[8.334304004000046,52.45411223000008],[8.34569070300006,52.45282315900005],[8.359687311000073,52.44403112500004],[8.385907190000069,52.44501658000007],[8.386366205000058,52.44777765400005],[8.40010404900005,52.45092684900004],[8.418134680000037,52.44442150400005],[8.41599919500004,52.44678870300004],[8.417777570000055,52.44927004800007],[8.425320749000036,52.45173047900005],[8.430292172000065,52.44772574600006],[8.454290060000062,52.46100706400006],[8.459312989000068,52.47363332300006],[8.458861053000021,52.49167228600004],[8.472523497000054,52.49884814700005],[8.481628950000072,52.49697693200005],[8.50884853100007,52.51469337700007],[8.516577169000072,52.50931530300005],[8.556857517000026,52.49909565400003],[8.652550124000072,52.531443429000035],[8.671481468000025,52.51739469600005],[8.69031362000004,52.518774568000026],[8.684122137000031,52.514394663000076],[8.698652821000053,52.50880737300008],[8.702061806000074,52.50347337900007],[8.698753398000065,52.501640171000076],[8.70300888600002,52.50043805400003],[8.698548986000048,52.48669827800006],[8.70932302500006,52.47703585100004],[8.710709153000039,52.46369801700007],[8.710311880000063,52.46029377200006],[8.704973923000068,52.45612118500003],[8.703326107000066,52.44319480100006],[8.718080685000075,52.429362912000045],[8.717068134000044,52.42511637900003],[8.709912622000047,52.42410126900006],[8.704833674000042,52.41869400600007],[8.705374758000062,52.41294209000006],[8.710902090000047,52.40821506300006],[8.707486373000052,52.395351266000034],[8.71523630400003,52.392568796000035],[8.72491388100002,52.40092922800005],[8.746086795000053,52.387872224000034],[8.786783987000035,52.39870647400005],[8.855101141000034,52.38923412500003],[8.858376797000062,52.393749712000044],[8.866949580000039,52.39625237100006],[8.869662535000032,52.39475792400003],[8.868558101000076,52.39266394800006],[8.889183038000056,52.39598121800003],[8.892460430000028,52.405709424000065],[8.896027035000031,52.406090273000075],[8.897715437000045,52.40158479200005],[8.903665581000041,52.40191259200003],[8.903104714000051,52.40458015300004],[8.937104972000043,52.40190619900005],[8.935209162000035,52.404642557000045],[8.944139225000072,52.40839255700007],[8.94606512100006,52.41352675500008],[8.941128430000049,52.41632332800003],[8.957962301000066,52.41616131300003],[8.957420515000024,52.418618672000036],[8.961451526000076,52.41912251200006],[8.962192505000075,52.42499603500005],[8.977986504000057,52.42699597400008],[8.987056167000048,52.43251642300004],[8.98339149700007,52.43339675900006],[8.982626435000043,52.43687717500006],[8.979175718000022,52.43626054500004],[8.986727120000069,52.445514424000066],[8.978418282000064,52.450721617000056],[8.992117983000071,52.45060847900004],[8.991021011000043,52.45265096800006],[8.99891974600007,52.45756300600004],[9.012089081000056,52.45731134300007],[9.013149189000046,52.45995582200004],[9.017038180000043,52.460170394000045],[9.016606932000059,52.46732850300003],[9.022520283000063,52.47018566200006],[9.022950189000028,52.477262],[9.028100008000024,52.48059013300008],[9.038287405000062,52.47990471000003],[9.044076448000055,52.48264624900003],[9.04128775700002,52.48748879400006],[9.04653488300005,52.48952983000004],[9.044171518000041,52.48970816100007],[9.046402962000059,52.49488471600006],[9.05229369500006,52.50011380500007],[9.065845344000024,52.496201393000035],[9.071337220000032,52.49864482800007],[9.08769039200007,52.49569634300008],[9.09942042800003,52.49747790200007],[9.112375503000067,52.485781932000066],[9.13197374300006,52.48398266500004],[9.136708747000057,52.475545630000056],[9.123288968000054,52.47461041400004],[9.125618081000027,52.46829591100004],[9.102923074000046,52.45692635700004],[9.094530001000066,52.44282393700007],[9.11052317900004,52.43542718600003],[9.112414945000069,52.42754266600008],[9.105215411000074,52.42738794700006],[9.109809323000036,52.42187286300003],[9.123766661000047,52.42154768900008],[9.125252412000066,52.41199335700003],[9.121595840000055,52.40166231900008],[9.117431993000025,52.39714749600006],[9.112374037000052,52.397660382000026],[9.112320921000048,52.39525200200006],[9.10207588000003,52.388421910000034],[9.095461469000043,52.38666204500004],[9.099133658000028,52.38247591100003],[9.096498406000023,52.38167406000008],[9.100721102000023,52.38062481400004],[9.098799448000022,52.372947658000044],[9.08892660600003,52.366283672000066],[9.083660408000071,52.354788874000064],[9.077542753000046,52.35405990700008],[9.072541175000026,52.34825261600008],[9.05917506000003,52.346860596000056],[9.057924826000033,52.33957740300008],[9.027357220000056,52.34561094800006],[9.025305507000041,52.33695021300008],[9.018907987000034,52.33098843700003],[9.00957670300005,52.33121473500006],[9.007703029000027,52.32572220700007],[8.998320816000046,52.32621485400006],[8.997772385000076,52.31841745400004],[8.991036328000064,52.31476036200007],[8.991560450000065,52.30709744600006],[8.985279912000067,52.29572875500003],[8.988077145000034,52.28756898900008],[8.978741508000041,52.28244837400007],[8.963536743000077,52.27902697600007],[8.972107488000063,52.27345275400006],[8.976304306000031,52.276171884000064],[8.978577319000067,52.27479177600003],[8.972366634000025,52.26461945900007],[8.974870267000028,52.26255532000005],[9.004221296000026,52.257492797000054],[9.006508409000048,52.252844346000074],[9.032970017000025,52.24952628400007],[9.056558339000048,52.23788451300004],[9.076449076000074,52.23257834100008],[9.069887598000037,52.22678783200007],[9.05174781900007,52.22021263700003],[9.046902770000031,52.22102651900008],[9.042428931000074,52.22621671200005],[9.035759915000028,52.22452507300005],[9.034064501000046,52.21764046200008],[9.045855734000043,52.21078548700007],[9.043404743000053,52.20414367700005],[9.048523791000036,52.19565973200008],[9.043085685000051,52.190429935000054],[9.04534921000004,52.18377344800007],[9.021111203000032,52.18383605000008],[9.01746939900005,52.189116643000034],[9.019637936000038,52.19217517000004],[9.013589637000052,52.195374736000076],[9.006990673000075,52.189517083000055],[8.999731540000028,52.190811660000065],[8.994035623000059,52.19613775300007],[8.985833623000076,52.19459859500006],[8.993836267000063,52.19184305700003],[8.992866315000072,52.189061079000055],[8.99627319900003,52.185649443000045],[9.001046493000047,52.18779645600006],[9.001332061000028,52.183158035000076],[9.012422702000038,52.17790781700006],[9.011815564000074,52.17297253600003],[9.021603182000035,52.17199904100005],[9.020053654000037,52.167863856000054],[9.016189808000036,52.16924635600003],[9.012669278000033,52.16241050000008],[9.01402113100005,52.15688565100004],[9.017309844000067,52.15606285400003],[9.017538681000076,52.14774418400003],[9.011015900000075,52.13577000600003],[9.017792062000069,52.132426673000055],[9.03625646100005,52.14007623200007],[9.044386490000022,52.13959979200007],[9.043989847000034,52.14147516700007],[9.054203334000022,52.14580939000007],[9.053365581000037,52.14822821400003],[9.071614899000053,52.14825880500007],[9.072318703000064,52.14495664400005],[9.067803093000066,52.14025160600005],[9.081783347000055,52.14110206000004],[9.083383683000022,52.138089352000065],[9.094024145000049,52.13489547000006],[9.097141927000052,52.13712716800006],[9.099140411000064,52.13302140600007],[9.107039403000044,52.13238508300003],[9.116078186000038,52.13844552000006],[9.129796432000035,52.139746116000026],[9.13134012100005,52.13898115500007],[9.127516266000043,52.13656632300007],[9.129082271000073,52.13532987500008],[9.144705221000038,52.13491035200008],[9.153344073000028,52.129146680000076],[9.159335104000036,52.119840228000044],[9.155844925000054,52.11434040100005],[9.146204408000074,52.11324193200005],[9.144517337000025,52.111513538000054],[9.146924269000067,52.10920185100008],[9.135863065000024,52.10583739100008],[9.136353962000044,52.099725619000026],[9.132977916000073,52.09662945400004],[9.134648347000052,52.09428143200006],[9.146515019000049,52.099922218000074],[9.155604698000047,52.097829872000034],[9.154688560000068,52.09179214000005],[9.176086965000025,52.08611699800008],[9.188054499000032,52.07235410000004],[9.193280775000062,52.070311341000036],[9.181347595000034,52.06786644300007],[9.179432731000077,52.062129268000035],[9.174432495000076,52.060427496000045],[9.172169130000043,52.047370553000064],[9.177258828000049,52.041228913000054],[9.173319512000035,52.04061432800006],[9.176892981000037,52.03371908300005],[9.189039344000037,52.02627757700003],[9.190130888000056,52.020548328000075],[9.197352970000054,52.01167140000007],[9.179261562000022,52.00269033100005],[9.196793757000023,51.996917102000054],[9.183704314000067,51.99094345300006],[9.183053126000061,51.98576327300003],[9.174689700000044,51.98325941500008],[9.176231466000047,51.98035269400003],[9.184091772000045,51.977578935000054],[9.187813208000023,51.97281586400004],[9.18582022000004,51.96618141300007],[9.198615845000063,51.962345533000075],[9.202721501000042,51.96493637700007],[9.201763006000022,51.962802743000054],[9.208896029000073,51.95985529300003],[9.211228216000052,51.96076605700006],[9.209427056000038,51.96720200500005],[9.214145806000033,51.968766964000054],[9.213300012000047,51.97087155300005],[9.217123377000064,51.96977026500008],[9.216921993000028,51.973624217000065],[9.257758112000033,51.977209834000064],[9.269997087000036,51.97390929900007],[9.26608380600004,51.971574728000064],[9.268408811000029,51.970168382000054],[9.274375359000032,51.97360359800007],[9.27730854500004,51.97016116900005],[9.27398346700005,51.96761698200004],[9.277426708000064,51.96577215700006],[9.277575694000063,51.96186026200007],[9.286323836000065,51.957109744000036],[9.271393771000021,51.95513026400005],[9.271728918000065,51.94973586400005],[9.26837124900004,51.94684927900005],[9.263912830000038,51.948053550000054],[9.263087721000034,51.94643357500007],[9.277070262000052,51.94385323200004],[9.278640692000067,51.94012683900007],[9.273372679000033,51.940081631000055],[9.275132341000074,51.936855319000074],[9.272069028000033,51.93230420900005],[9.279881773000056,51.92588914100003],[9.281409001000043,51.927542165000034],[9.283919314000059,51.92568506300006],[9.286738085000025,51.92104840800005],[9.28903944700005,51.92280950900005],[9.294269417000066,51.91944145900004],[9.303935969000065,51.922888869000076],[9.315183034000029,51.92266822100004],[9.31844770300006,51.918415682000045],[9.332153102000063,51.91695673300006],[9.340841883000053,51.90800232500004],[9.345152584000061,51.89633987900004],[9.343287838000037,51.892471242000056],[9.345218723000073,51.88915231800007],[9.342243119000045,51.88610053100007],[9.34432657800005,51.880201095000075],[9.340165313000057,51.87864012300008],[9.335757386000068,51.85605151200008],[9.323343736000027,51.855060964000074],[9.334699755000031,51.85361074200006],[9.348073546000023,51.86081389100008],[9.362865542000065,51.86487896600005],[9.392852289000075,51.86035817100003],[9.404902438000022,51.855592957000056],[9.437366927000028,51.85622165800004],[9.45964873500003,51.86279742900007],[9.46028480900003,51.85467024900004],[9.433314686000074,51.84066638100006],[9.442178495000064,51.82922116900005],[9.436722796000026,51.82781393100004],[9.440521309000076,51.82493302600005],[9.428053728000066,51.81427703800006],[9.427329971000063,51.810491916000046],[9.430547391000061,51.810691904000066],[9.430901363000032,51.804883275000066],[9.44081744500005,51.80345181800004],[9.436367412000038,51.79701538000006],[9.448156882000035,51.79479941100004],[9.40955076900002,51.771041127000046],[9.407322453000063,51.763571254000055],[9.402696727000034,51.75937197400003],[9.384336130000065,51.757850973000075],[9.383725124000023,51.75023385500003],[9.375365201000022,51.74361401800007],[9.378877584000065,51.73809621200007],[9.394415503000062,51.73197143800007],[9.387318167000046,51.71939018200004],[9.401664935000042,51.70165616400004],[9.399250958000039,51.69727917600005],[9.386923490000072,51.68982224500007],[9.394583599000043,51.68123257500008],[9.395687619000057,51.673988558000076],[9.379388531000075,51.66592673900004],[9.374661799000023,51.64984558400005],[9.386311841000065,51.64601844400005],[9.41731750100007,51.64726925400004],[9.434653446000027,51.65117858500008],[9.453276431000063,51.645748799000046],[9.468821036000065,51.65416272700003],[9.494612786000062,51.65736291300004],[9.498576551000042,51.651404573000036],[9.492582367000068,51.64118701700005],[9.491929532000029,51.634721582000054],[9.497615800000062,51.63056834400004],[9.515027493000048,51.62627026300004],[9.530633548000026,51.62926939600004],[9.543630864000022,51.639866690000076],[9.553539215000058,51.637318451000056],[9.560617352000065,51.63060024600003],[9.559358847000055,51.629231694000055],[9.570707597000023,51.62471977700005],[9.609644970000033,51.62957638900008],[9.616081244000043,51.63464496300003],[9.625999284000045,51.63691397000008],[9.63161793200004,51.63416638100006],[9.627076387000045,51.628959734000034],[9.632235421000075,51.62600179300006],[9.63041252100004,51.62486015800005],[9.636620701000027,51.62341584300003],[9.637835474000042,51.60880481200007],[9.649528854000039,51.60627151800003],[9.661055938000061,51.59302960600007],[9.668637800000056,51.59167632900005],[9.672256982000022,51.58736924100003],[9.679808991000073,51.58796119900006],[9.690947953000034,51.576315141000066],[9.684003674000053,51.566532659000075],[9.660114178000072,51.572707861000026],[9.644800533000023,51.58016430600003],[9.644877251000025,51.58224315700005],[9.634003998000026,51.584485087000076],[9.626830884000071,51.58197606400006],[9.625198835000049,51.57366875800005],[9.62836849000007,51.56719638200008],[9.636377649000053,51.558933051000054],[9.645015614000044,51.55935585800006],[9.647755440000026,51.552510968000036],[9.622443388000022,51.54867253900005],[9.612899958000071,51.55786811400003],[9.609310282000024,51.55690536800006],[9.614323242000069,51.54770313000006],[9.62195014300005,51.541866895000055],[9.61883206500005,51.53010306900006],[9.608015126000055,51.52185184700005],[9.592452328000036,51.52337052300004],[9.586259150000046,51.51931892500005],[9.586112661000072,51.516537656000025],[9.597013206000042,51.50855120600005],[9.619586507000065,51.48102866000005],[9.628133069000057,51.47562193700003],[9.639921533000063,51.47315343100007],[9.643813808000061,51.469160043000045],[9.642965309000033,51.46599584200004],[9.630148643000041,51.45820917300006],[9.627620523000076,51.44420867500003],[9.634297057000026,51.426083412000025],[9.643581790000042,51.418260728000064],[9.631145478000064,51.41160142100006],[9.628852104000032,51.40886724300003],[9.630582160000074,51.40610600200006],[9.61001710000005,51.40782260300006],[9.609854657000028,51.40476608000006],[9.594077815000048,51.39798744600006],[9.588327009000068,51.402461119000066],[9.579345406000073,51.40176887900003],[9.574044968000067,51.39210893100005],[9.56402498400007,51.386963955000056],[9.559622524000076,51.380738500000064],[9.560317206000036,51.37558846300004],[9.575042705000044,51.37252919400004],[9.576969688000077,51.36962914900005],[9.567573775000028,51.361574103000066],[9.550133992000042,51.361884228000065],[9.548441127000046,51.35895530100004],[9.555818072000022,51.354534038000054],[9.55883264800002,51.347657076000075],[9.568024929000046,51.34000146000005],[9.581656973000065,51.34219633600003],[9.583960131000026,51.33835436600003],[9.594922660000066,51.33458843900007],[9.601837052000064,51.32767742600004],[9.606001252000056,51.32770922100008],[9.604434635000075,51.325555852000036],[9.617242033000025,51.32792927600008],[9.63336591500007,51.32585405000003],[9.638543097000024,51.32239212600007],[9.632933188000038,51.324429242000065],[9.629795001000048,51.32103193000006],[9.628524068000047,51.31190258700008],[9.634455322000065,51.31160368800005],[9.63577095100004,51.31707218500003],[9.662229738000065,51.31171261800006],[9.664290935000054,51.31655475700006],[9.669385916000067,51.317710858000055],[9.675237281000022,51.31568271000003],[9.678910862000066,51.310957795000036],[9.73230439300005,51.29523190100008],[9.768200360000037,51.30672614100007],[9.775201991000074,51.32519623200005],[9.770345267000039,51.32538207200008],[9.772365928000056,51.32928147500007],[9.763510414000052,51.325339376000045],[9.77060954500007,51.33045822300005],[9.772456280000029,51.33629096700008],[9.763107552000065,51.33616067100007],[9.768307141000037,51.33254927300004],[9.756506545000036,51.32865123300007],[9.745434332000059,51.318980347000036],[9.738247707000028,51.31942876900007],[9.735858273000076,51.32238237900003],[9.73684068800003,51.32895687600006],[9.727366646000064,51.33638972300008],[9.726961416000051,51.34084976100007],[9.720611311000027,51.34852753100006],[9.712912543000073,51.355116242000065],[9.70398324100006,51.358145869000055],[9.702143787000068,51.364571795000074],[9.723200389000056,51.370498231000056],[9.738458652000077,51.36921255300007],[9.752283766000062,51.374690746000056],[9.756603202000065,51.38228486400004],[9.765861309000059,51.38597796200003],[9.783985811000036,51.389247821000026],[9.80145010700005,51.38691468800005],[9.800127415000077,51.39918798300005],[9.796490065000057,51.398140590000025],[9.79278689900002,51.40138434600004],[9.794136665000053,51.40715964700007],[9.803510306000021,51.41040054500007],[9.821486007000033,51.409956831000045],[9.833808760000068,51.40246971700003],[9.840636601000028,51.40264157300004],[9.84010663600003,51.38359324100003],[9.853212599000074,51.372231535000026],[9.86527591500004,51.371612732000074],[9.867991158000052,51.37486634800007],[9.859420687000068,51.37918355100004],[9.855920267000045,51.38480562800004],[9.860749184000042,51.39428798000006],[9.85053876400002,51.401375718000054],[9.85384986500003,51.41039106800008],[9.850743074000036,51.41441364700006],[9.868535203000022,51.41379077700003],[9.878315341000075,51.404476944000066],[9.884625567000057,51.41020528900003],[9.883151811000062,51.41496600600004],[9.89927491800006,51.41652499500003],[9.906021117000023,51.42113874900008],[9.91339337900007,51.41063124600004],[9.905706159000033,51.40988187500005],[9.90704332100006,51.407711343000074],[9.927293795000026,51.39538682400007],[9.927859913000077,51.392654477000065],[9.931109065000044,51.392733229000044],[9.930313815000034,51.38574242700008],[9.932888320000075,51.38058447900005],[9.926596305000032,51.37632620100004],[9.928338772000075,51.37529875400003],[9.94199842200004,51.37842853300003],[9.95361594600007,51.38906126200004],[9.965943386000049,51.39547685400004],[9.987396261000072,51.39792255800006],[9.994024725000031,51.403885082000045],[10.000375476000045,51.40365515500008],[10.000780211000063,51.407777863000035],[10.007607688000064,51.411000572000034],[10.009328775000029,51.420603553000035],[10.037843720000069,51.420004938000034],[10.042285866000043,51.42353583100004],[10.042839761000039,51.42756567500004],[10.05144247100003,51.43032135700008],[10.046802958000058,51.43667335500004],[10.058782046000033,51.43489253100006],[10.06102498000007,51.43246245300003],[10.059694011000033,51.42828697400006],[10.065619755000057,51.424995454000054],[10.064526483000066,51.41982112100004],[10.069108089000053,51.41843830500005],[10.075219914000058,51.41951745100005],[10.079582877000064,51.42530609100004],[10.08010799300007,51.43456023500005],[10.090837988000033,51.43565495000007],[10.116933377000066,51.43022978000005],[10.12110509400003,51.434156690000066],[10.130706772000053,51.433587361000036],[10.131754966000074,51.43553045300007],[10.140393810000035,51.429718251000054],[10.152939908000064,51.43025975900008],[10.15447034400006,51.43153281300005],[10.140460565000069,51.43774360300006],[10.142517920000046,51.43973816300007],[10.140004545000068,51.44261411700006],[10.152150065000058,51.44714439000006],[10.155819131000044,51.44361944900004],[10.158805836000056,51.44675490600008],[10.16761849900007,51.444445088000066],[10.174306043000058,51.44625609900004],[10.180194512000071,51.455788847000065],[10.177202022000074,51.45743607600008],[10.186011892000067,51.46217418900005],[10.185833965000029,51.46508299300007],[10.179132093000021,51.46723360400006],[10.178251590000059,51.47001635500004],[10.183883016000038,51.47224479700003],[10.190193535000049,51.48066446900003],[10.201975121000032,51.48651977000003],[10.205722179000077,51.48724330300007],[10.214368419000039,51.480066356000066],[10.212821835000057,51.478662936000035],[10.218201975000056,51.478539640000065],[10.215271448000067,51.47714710500003],[10.216946043000064,51.47007501300004],[10.224396100000035,51.470892495000044],[10.226711304000048,51.473811470000044],[10.235877850000065,51.47142827000005],[10.237759443000073,51.47746428000005],[10.243699938000077,51.47856280700006],[10.244677551000052,51.48373508600008],[10.272759015000076,51.48822097500005],[10.273233167000058,51.49139163900003],[10.284429336000073,51.494440474000044],[10.29966982600007,51.493896094000036],[10.301445662000049,51.495927160000065],[10.299100086000067,51.49860821900006],[10.299850418000062,51.50495074300005],[10.308817636000072,51.51513978300005],[10.318031301000076,51.513977914000066],[10.342275478000033,51.51949714700004],[10.343528279000054,51.526679527000056],[10.348125353000057,51.532173399000044],[10.36766403300004,51.54303646400007],[10.367556161000039,51.54866340400008],[10.37218497400005,51.55299273700007],[10.365365040000029,51.55589099400004],[10.378624329000047,51.56270666700004],[10.378791030000059,51.57938137000008],[10.370023394000043,51.58753647800006],[10.406303452000031,51.58650028900007],[10.42919998900004,51.592532980000044],[10.444382462000021,51.589656210000044],[10.450973715000032,51.58402631600006],[10.46703937500007,51.58338076600006],[10.49569585100005,51.57278824600007],[10.503487547000077,51.56239114300007],[10.507841064000047,51.56167684400003],[10.509581470000057,51.55679233700005],[10.51897376100004,51.55376345500008],[10.534052417000055,51.559358538000026],[10.545460228000024,51.55573416000004],[10.560269030000029,51.55706798800003],[10.569985101000043,51.56334159800008],[10.576491679000071,51.562680596000064],[10.577367956000046,51.56596483700008],[10.587912280000069,51.56758557400008],[10.599333510000065,51.57846082800006],[10.60426426400005,51.57957531100004],[10.621637070000077,51.57577402100003],[10.627954851000027,51.57206495500003],[10.626600309000025,51.567757149000045],[10.636525145000064,51.56222650500007],[10.645524042000034,51.562778311000045],[10.644767149000074,51.56001727700004],[10.65679616600005,51.558301647000064],[10.66074487700007,51.560752354000044],[10.658383767000032,51.56665718900007],[10.666306959000053,51.578098684000054],[10.658364257000073,51.58189707900004],[10.638674695000077,51.58411696600007],[10.633084445000065,51.59845455000004],[10.635172343000022,51.60598208000005],[10.633496085000047,51.60790292200005],[10.64900050700004,51.60651421500006],[10.638209992000043,51.61943703600008],[10.642074067000067,51.62257439700005],[10.66715014700003,51.62836845500004],[10.682480919000056,51.62891703300005],[10.675842715000044,51.63321156300003],[10.677282757000057,51.63837586000005],[10.69868531000003,51.63948433200005],[10.701371992000077,51.642187644000046],[10.691702454000051,51.64650390800006],[10.682880157000056,51.66062388200004],[10.670507134000047,51.66691268200003],[10.666300009000054,51.679603187000055],[10.667356553000047,51.68480836200007],[10.663060041000051,51.691212377000056],[10.667549207000036,51.69667595900006],[10.672617031000073,51.69696554300003],[10.66830728900004,51.709908031000055],[10.656561948000046,51.71810684400003],[10.649337053000067,51.71855164100003],[10.642022649000069,51.72528954100005],[10.642870748000064,51.73028134800006],[10.631713464000029,51.739533092000045],[10.631269624000026,51.75147112600007],[10.626096715000074,51.75901689600005],[10.605945562000045,51.76244442400008],[10.591200480000055,51.76898765200008],[10.58152014500007,51.780005549000066],[10.580437276000055,51.78274999800004],[10.58508755500003,51.787631445000045],[10.583918723000068,51.79882296400007],[10.574202936000063,51.81086567300008],[10.577838117000056,51.815771820000066],[10.578735940000058,51.828652326000054],[10.588429865000023,51.835785772000065],[10.585272641000074,51.84006702200003],[10.576971041000036,51.84298725900004],[10.579100529000073,51.84825725500008],[10.584468982000033,51.85305717500006],[10.602615383000057,51.854545133000045],[10.60572396200007,51.86075831000005],[10.616032827000026,51.86965422600008],[10.63232978600007,51.87216491700008],[10.649322126000072,51.889104935000034],[10.648214683000049,51.90824476700004],[10.638159354000038,51.91596588300007],[10.613313788000028,51.921515277000026],[10.61811139100007,51.931477382000026],[10.613260484000023,51.93946787400006],[10.621140680000053,51.94339303300006],[10.622477642000035,51.94754119000004],[10.63304701800007,51.94849859300007],[10.64754661400002,51.95362454800005],[10.651303746000053,51.957561078000026],[10.641704442000048,51.962627964000035],[10.635378441000057,51.95906530900004],[10.61994121500004,51.95767862100007],[10.619617076000054,51.96693615500004],[10.606237285000077,51.96866572300007],[10.606232853000051,51.97728740800005],[10.596406075000061,51.97497966600008],[10.585689560000048,51.97622972400006],[10.586778821000053,51.98273184100003],[10.561226988000044,52.00406594000003],[10.574741226000071,52.00636094500004],[10.572969629000056,52.01044576100003],[10.59159515600004,52.01134222600007],[10.592280206000055,52.01420352700006],[10.596599965000053,52.014365534000035],[10.595804087000033,52.01008231600008],[10.60047759400004,52.00973575800003],[10.600194240000064,52.007165677000046],[10.611902325000074,52.01004676500003],[10.626019658000075,52.008197848000066],[10.621436009000035,52.01033426400005],[10.638972151000075,52.01532529900004],[10.642216826000038,52.022916088000045],[10.655491985000026,52.02468661700004],[10.656864832000053,52.02852382000003],[10.654380454000034,52.03315360200003],[10.651739923000036,52.03278572700003],[10.647886656000026,52.041720816000065],[10.687385237000058,52.04813820700008],[10.74506387300005,52.048787944000026],[10.758284329000048,52.04804164700005],[10.759892655000044,52.045085088000064],[10.77537170200003,52.05014145000007],[10.828707491000046,52.04774865100006],[10.851441979000072,52.05033732000004],[10.878944232000038,52.05920304000006],[10.935961366000072,52.059709885000075],[10.96441459700003,52.05664316000008],[10.973049718000027,52.073123931000055],[10.970652820000055,52.08626494300006],[10.942004994000058,52.09436284900005],[10.942159787000037,52.103090284000075],[10.965668145000052,52.107115340000064],[10.97687750700004,52.10572885400006],[11.00916320500005,52.11992783900007],[11.017470083000035,52.12825973400004],[11.04413517200004,52.13366550400008],[11.046336785000051,52.13693508000006],[11.045039177000035,52.14355384300006],[11.060428364000074,52.15347401100007],[11.05461848400006,52.16025607600005],[11.061481095000033,52.16524303800003],[11.060336962000065,52.17238740800008],[11.035923513000057,52.17172844400005],[11.019244599000046,52.17808702000008],[11.013169195000046,52.185877693000066],[11.013646589000075,52.199556191000056],[11.01768632300002,52.19825258100008],[11.02457987400004,52.20109582400005],[11.021394558000054,52.20497925800004],[11.029448371000058,52.21144837400004],[11.034455569000045,52.21031238900008],[11.044883263000031,52.21505615700005],[11.077184889000023,52.21867656400008],[11.07885765800006,52.22464974700006],[11.086244119000071,52.228633838000064],[11.073267500000043,52.24323969100004],[11.058907194000028,52.240651771000046],[11.052367340000046,52.253736450000076],[11.056312566000031,52.25872796600004],[11.051129729000024,52.26279929700007],[11.052167702000077,52.267363551000074],[11.042943950000051,52.272010686000044],[11.029066818000047,52.27012102300006],[11.013800797000044,52.28664905000005],[11.012506508000058,52.29132000800007],[11.039222682000059,52.30167186500006],[11.035590317000072,52.30341498300004],[11.036015160000034,52.31039603900007],[11.020228833000033,52.31911791200008],[11.011616662000051,52.32824106500004],[11.001076691000037,52.32748052200003],[10.999982894000027,52.329712408000034],[11.004795268000066,52.33074881400006],[11.002083240000047,52.336585384000045],[10.98791249900006,52.335015948000034],[10.983673924000072,52.34168646200004],[11.022980602000075,52.34743293500003],[11.023596170000076,52.34423206500003],[11.037356481000074,52.34474236900007],[11.044049718000053,52.34688242700008],[11.043939507000061,52.34933868000007],[11.057474478000074,52.35033314600008],[11.061613905000058,52.357452969000065],[11.06380755400005,52.354154089000076],[11.068684252000025,52.355477636000046],[11.067000153000038,52.36987737700008],[11.073741183000038,52.37170144500004],[11.074479825000026,52.37440326600006],[11.068810227000029,52.376522124000076],[11.066544204000024,52.37319982500003],[11.06083105700003,52.38021465800006],[11.054499477000036,52.38138623700007],[11.046752836000053,52.38787017700008],[11.039004142000067,52.38890951900004],[11.041867311000033,52.38638383300008],[11.036299796000037,52.38520951300006],[11.034208160000048,52.38857413300008],[11.022946034000029,52.392635452000036],[11.015160053000045,52.38810680700004],[11.018904700000064,52.392165402000046],[11.016483831000073,52.39486209200004],[11.018695124000033,52.39704204700007],[11.005578878000051,52.40887152800008],[10.991645018000042,52.41333494200006],[10.994628376000037,52.41511332600004],[10.989408015000038,52.42030296900003],[10.962261127000033,52.43473785500004],[10.956394784000054,52.44475152000007],[10.948796393000066,52.448591703000034],[10.94782168300003,52.453949100000045],[10.933745728000076,52.46095212700004],[10.934584997000059,52.47617439600003],[10.940981083000054,52.47660079500008],[10.94355590500004,52.49234953000007],[10.949993653000035,52.49560565200005],[10.974840401000051,52.50136334900003],[10.982261613000048,52.49696464200008],[11.008781744000032,52.49674764500003],[10.958992317000025,52.53555397200006],[10.942337249000047,52.55594869600003],[10.943039128000066,52.56049324000003],[10.937575735000053,52.56739965300005],[10.94143788200006,52.57187485000003],[10.94168946800005,52.57974465600006],[10.947435541000061,52.582550068000046],[10.939817470000037,52.58957310000005],[10.953259830000036,52.59286752200006],[10.959519013000033,52.59989230700006],[10.975629190000063,52.60682491300008],[10.976967998000077,52.62414161800007],[10.964248328000053,52.62585473200005],[10.94517402200006,52.62021641700005],[10.943396820000032,52.61491320200008],[10.927160295000022,52.60926157000006],[10.921411939000052,52.61043708200003],[10.925026272000025,52.61459685500006],[10.91505285200003,52.61763496000003],[10.91310319400003,52.624098090000075],[10.904377968000063,52.627466782000056],[10.896868342000062,52.64270869000006],[10.87902680700006,52.65599645700007],[10.87775885000002,52.663832479000064],[10.85967750900005,52.67459028900004],[10.846091733000037,52.69013763700008],[10.837507475000052,52.695809593000035],[10.833128895000073,52.700938948000044],[10.836158917000034,52.70770144800008],[10.829703151000047,52.716135165000026],[10.824460067000075,52.717974637000054],[10.796696774000054,52.71432635700006],[10.793282401000056,52.72996828200007],[10.788176141000065,52.73317231600004],[10.791665848000036,52.74819658000007],[10.787645076000047,52.75296713100005],[10.776207966000072,52.75478884100005],[10.77548289300006,52.76236112300006],[10.75532124700004,52.78482963400006],[10.761743760000059,52.80272638900004],[10.756946307000021,52.81977474200005],[10.766654544000062,52.82619310300004],[10.763985773000059,52.83020803800008],[10.771728831000075,52.83394567500005],[10.76469723300005,52.84047926900007],[10.796147054000073,52.84364187800003],[10.80055300500004,52.85029181300007],[10.834774625000023,52.847475057000054],[10.841555871000025,52.852204863000054],[10.860370626000076,52.851651521000065],[10.859205403000033,52.853343951000056],[10.866102062000039,52.855725989000064],[10.874172386000055,52.85270405700004],[10.876841916000046,52.84774779900005],[10.884683581000047,52.84579634200003],[10.89287538800005,52.84798245400003],[10.895667014000026,52.856372761000046],[10.915024644000027,52.85317782000004],[10.93963351900004,52.85333551100007],[10.967895794000071,52.87571612700003],[10.968082323000033,52.879320721000056],[10.978814438000029,52.87815263600004],[10.985508337000056,52.88203321200007],[10.990097025000068,52.888187680000044],[10.989053822000074,52.899053010000046],[10.993561464000038,52.90352781400003],[10.99257250100004,52.90645741000003],[11.00207578800007,52.911476649000065],[11.013076374000036,52.90989024100003],[11.039049488000046,52.91339928900004],[11.065872827000021,52.90945107500005],[11.078747417000045,52.91296415200003],[11.098675785000069,52.91287668800004],[11.093187302000047,52.89947142400007],[11.106405529000028,52.89622347900007],[11.138906032000023,52.89834071200005],[11.154666716000065,52.90186534500003],[11.15525787300004,52.90621056800006],[11.220645293000075,52.89766635600006],[11.219169102000023,52.89268118800004],[11.235763577000057,52.88861393600007],[11.237943342000051,52.88060768300005],[11.241125626000041,52.87901825200004],[11.267238933000044,52.88014081300008],[11.276569533000043,52.887532253000074],[11.290662086000054,52.889125662000026],[11.294213479000064,52.88713278800003],[11.295410670000024,52.87490689700007],[11.314250103000063,52.87823631900005],[11.337184152000077,52.88835742400005],[11.354534898000054,52.89036301700003],[11.374693843000045,52.900235776000045],[11.386110623000036,52.90233795600005],[11.38477818900003,52.90357843000004],[11.392461714000035,52.901680112000065],[11.406577801000026,52.90410220000007],[11.426075470000058,52.919923502000074],[11.432890608000037,52.91974981800007],[11.454444418000037,52.93339690100004],[11.47006165700003,52.93892562900004],[11.505026760000021,52.94103266800005],[11.492342520000022,52.95966288400007],[11.506428195000069,52.99974518800008],[11.512490564000075,53.00744492700005],[11.526428491000047,53.00825854200008],[11.543380404000061,52.999452415000064],[11.556416553000076,52.99866580400004],[11.56044386700006,53.00379970800003],[11.552090030000045,53.00472847200007],[11.559249505000025,53.01308032700007],[11.563745870000048,53.01284338100004],[11.56913086700007,53.01855031100007],[11.596424029000048,53.032782903000054],[11.597784507000028,53.03592637000003],[11.584661655000048,53.035306725000055],[11.57023440200004,53.039240171000074],[11.548103728000058,53.05239336200003],[11.523780872000032,53.04713588900006],[11.505903623000052,53.04904482900008],[11.46377473900003,53.07442225800003],[11.448379406000072,53.07838158200008],[11.402588918000049,53.07237272900005],[11.357579474000033,53.05593980400005],[11.338867152000034,53.05509894100004],[11.328500032000022,53.06084246800003],[11.30977406200003,53.07786066800003],[11.287694629000043,53.08675819200005],[11.273159371000077,53.09721873700005],[11.267754387000025,53.104192838000074],[11.268410889000052,53.11705280400008],[11.265731921000054,53.12197789600003]],[[8.613037882000071,53.19856578200006],[8.615217568000048,53.195910920000074],[8.611903031000054,53.19744233700004],[8.613037882000071,53.19856578200006]],[[8.481735119000064,53.22644954400005],[8.517333845000053,53.228496507000045],[8.530234736000068,53.216089503000035],[8.540782167000032,53.21537751900007],[8.553698911000026,53.20780580200005],[8.56640542200006,53.21355977600007],[8.57228180800007,53.21076907300005],[8.578477888000066,53.21726952400007],[8.599039076000054,53.21254623100003],[8.595812801000022,53.20643589400004],[8.581097702000022,53.19870724800006],[8.584653463000052,53.19609047700004],[8.580097637000051,53.193125793000036],[8.580352119000054,53.190027685000075],[8.588962219000052,53.189982591000046],[8.59325143600006,53.183633719000056],[8.627994030000025,53.19837235300008],[8.643666421000034,53.18922400900004],[8.652338930000042,53.188393156000075],[8.659029626000063,53.177281694000044],[8.663828357000057,53.176243845000045],[8.674706128000025,53.17891920400007],[8.677017357000068,53.17550096400004],[8.699357718000044,53.18547943200008],[8.702449321000074,53.18123604300007],[8.701196148000065,53.17819655200003],[8.706292568000038,53.17542112000007],[8.714396467000029,53.18300240000008],[8.728652284000077,53.18022449100005],[8.733555139000032,53.17289558300007],[8.739297157000067,53.170748520000075],[8.743081930000073,53.172277492000035],[8.741246364000062,53.16463552100004],[8.761738569000045,53.165135226000075],[8.77539574900004,53.15868402400008],[8.77625572900007,53.161564345000045],[8.782459373000052,53.16361168800006],[8.789137014000062,53.16077414400007],[8.79149701700004,53.16357640800004],[8.794750255000054,53.16185054600004],[8.797141844000066,53.16384393200008],[8.79893080200003,53.161288366000065],[8.807362698000077,53.16065008100003],[8.81509105400005,53.16393962800004],[8.829227339000056,53.16437627800008],[8.827221727000051,53.161237964000065],[8.83543180700002,53.156944345000056],[8.839826704000075,53.15741766800005],[8.841855465000037,53.14823366500008],[8.861770969000077,53.13763650700008],[8.864023195000073,53.13172351600008],[8.89791483700003,53.13416842600003],[8.903929660000074,53.138176187000056],[8.91214330400004,53.132618801000035],[8.921026201000075,53.139656924000064],[8.920907502000034,53.14465435800008],[8.945082912000032,53.15201299200004],[8.956631110000046,53.14724130500008],[8.97071007300002,53.13407579900007],[8.980214362000027,53.13157798800006],[8.984185253000021,53.12607093100007],[8.947017837000033,53.116100810000034],[8.959388733000026,53.110170468000035],[8.96298904200006,53.10029863800003],[8.970474094000053,53.10157042700007],[8.981523848000052,53.09649345400004],[8.988372047000041,53.09847552000008],[8.990913202000058,53.09667276300007],[8.96567649900004,53.090001587000074],[8.961377207000055,53.08521811400004],[8.965735402000064,53.08270146000007],[8.96357727800006,53.07174092200006],[8.967714074000071,53.06356439500007],[8.962676143000067,53.061146747000066],[8.963728920000051,53.057426218000046],[8.96977985600006,53.056848228000035],[8.98026713400003,53.04674705800005],[8.966785902000026,53.036849561000054],[8.94568549500002,53.030484020000074],[8.945935056000053,53.02483920200007],[8.93813043700004,53.024985643000036],[8.935915522000073,53.01366704000003],[8.921862030000057,53.01487622800005],[8.921475369000063,53.01233552900004],[8.91582704800004,53.011021380000045],[8.891157226000075,53.01538987600003],[8.88457995300007,53.02325387900004],[8.867234972000062,53.03300381400004],[8.86700616500002,53.040832616000046],[8.863378373000046,53.04049625700003],[8.861867115000052,53.03617788400004],[8.864989860000037,53.02714701000008],[8.868606499000066,53.02492050500007],[8.866756114000054,53.02211723700003],[8.854025742000033,53.020777089000035],[8.850792364000029,53.01660776300008],[8.847535183000048,53.017676977000065],[8.849840640000025,53.02337120800007],[8.838098311000067,53.018420924000054],[8.822005429000058,53.021266773000036],[8.80948416900003,53.030904116000045],[8.778297674000044,53.03966668600003],[8.772699447000036,53.04511763800008],[8.770704766000051,53.05340697300005],[8.762224722000042,53.05083167200007],[8.763153719000059,53.04626986100004],[8.754737151000029,53.04284127400007],[8.756270723000057,53.038780544000076],[8.742761634000033,53.040734017000034],[8.733754852000061,53.037285317000055],[8.73485762200005,53.034693547000074],[8.731491654000024,53.03493253400006],[8.709801138000046,53.046018221000054],[8.706861642000035,53.05259146900005],[8.710242304000076,53.06659803800005],[8.70915481000003,53.075908336000055],[8.700762705000045,53.08229426200006],[8.674082012000042,53.08669200700007],[8.666494272000023,53.091558801000076],[8.664919093000037,53.09462714300008],[8.669831092000038,53.102974704000076],[8.65489861900005,53.10886458700003],[8.657680503000051,53.11849192900007],[8.651966922000042,53.11644542000005],[8.650097178000067,53.118269456000064],[8.65159815800007,53.12205077100003],[8.631066568000051,53.13817561700006],[8.62692708700007,53.14588117100004],[8.623602817000062,53.16321230300008],[8.619465302000037,53.16752076000006],[8.58167992600005,53.17359377500003],[8.535954642000036,53.18652686100006],[8.515326324000057,53.19797929200007],[8.504711920000034,53.20078605400005],[8.481735119000064,53.22644954400005]],[[8.642627983000068,53.60921330800005],[8.653535034000072,53.61005081900004],[8.660884274000068,53.60708643700008],[8.657717088000027,53.602985613000044],[8.643769177000024,53.605473388000064],[8.645062093000035,53.608126336000055],[8.642627983000068,53.60921330800005]]]]}},{"type":"Feature","id":null,"properties":{"shapeName":"Nordrhein-Westfalen","shapeISO":"DE-NW","shapeID":"10402087B86022102756745","shapeGroup":"DEU","shapeType":"ADM1","_puzzle_simplification_tolerance":0.0017192,"name_en":"Nordrhein-Westfalen","name_zh":"Nordrhein-Westfalen一级行政区"},"geometry":{"type":"MultiPolygon","coordinates":[[[[6.205108756000072,50.52196938800006],[6.195291313000041,50.53098147400004],[6.187262266000062,50.52708987500006],[6.192200701000047,50.52105561800005],[6.205108756000072,50.52196938800006]]],[[[9.440456998000059,51.650394024000036],[9.386311841000065,51.64601844400005],[9.374661799000023,51.64984558400005],[9.379388531000075,51.66592673900004],[9.395687619000057,51.673988558000076],[9.394583599000043,51.68123257500008],[9.386923490000072,51.68982224500007],[9.399250958000039,51.69727917600005],[9.401664935000042,51.70165616400004],[9.387318167000046,51.71939018200004],[9.394415503000062,51.73197143800007],[9.378877584000065,51.73809621200007],[9.375365201000022,51.74361401800007],[9.383725124000023,51.75023385500003],[9.384336130000065,51.757850973000075],[9.402696727000034,51.75937197400003],[9.407322453000063,51.763571254000055],[9.40955076900002,51.771041127000046],[9.448156882000035,51.79479941100004],[9.436367412000038,51.79701538000006],[9.44081744500005,51.80345181800004],[9.430901363000032,51.804883275000066],[9.430547391000061,51.810691904000066],[9.427329971000063,51.810491916000046],[9.428053728000066,51.81427703800006],[9.440521309000076,51.82493302600005],[9.436722796000026,51.82781393100004],[9.442178495000064,51.82922116900005],[9.433314686000074,51.84066638100006],[9.46028480900003,51.85467024900004],[9.45964873500003,51.86279742900007],[9.437366927000028,51.85622165800004],[9.404902438000022,51.855592957000056],[9.392852289000075,51.86035817100003],[9.362865542000065,51.86487896600005],[9.348073546000023,51.86081389100008],[9.334699755000031,51.85361074200006],[9.323343736000027,51.855060964000074],[9.335757386000068,51.85605151200008],[9.340165313000057,51.87864012300008],[9.34432657800005,51.880201095000075],[9.342243119000045,51.88610053100007],[9.345218723000073,51.88915231800007],[9.343287838000037,51.892471242000056],[9.345152584000061,51.89633987900004],[9.340841883000053,51.90800232500004],[9.332153102000063,51.91695673300006],[9.31844770300006,51.918415682000045],[9.315183034000029,51.92266822100004],[9.303935969000065,51.922888869000076],[9.294269417000066,51.91944145900004],[9.28903944700005,51.92280950900005],[9.286738085000025,51.92104840800005],[9.283919314000059,51.92568506300006],[9.281409001000043,51.927542165000034],[9.279881773000056,51.92588914100003],[9.272069028000033,51.93230420900005],[9.275132341000074,51.936855319000074],[9.273372679000033,51.940081631000055],[9.278640692000067,51.94012683900007],[9.277070262000052,51.94385323200004],[9.263087721000034,51.94643357500007],[9.263912830000038,51.948053550000054],[9.26837124900004,51.94684927900005],[9.271728918000065,51.94973586400005],[9.271393771000021,51.95513026400005],[9.286323836000065,51.957109744000036],[9.277575694000063,51.96186026200007],[9.277426708000064,51.96577215700006],[9.27398346700005,51.96761698200004],[9.27730854500004,51.97016116900005],[9.274375359000032,51.97360359800007],[9.268408811000029,51.970168382000054],[9.26608380600004,51.971574728000064],[9.269997087000036,51.97390929900007],[9.257758112000033,51.977209834000064],[9.216921993000028,51.973624217000065],[9.217123377000064,51.96977026500008],[9.213300012000047,51.97087155300005],[9.214145806000033,51.968766964000054],[9.209427056000038,51.96720200500005],[9.211228216000052,51.96076605700006],[9.208896029000073,51.95985529300003],[9.201763006000022,51.962802743000054],[9.202721501000042,51.96493637700007],[9.198615845000063,51.962345533000075],[9.18582022000004,51.96618141300007],[9.187813208000023,51.97281586400004],[9.184091772000045,51.977578935000054],[9.176231466000047,51.98035269400003],[9.174689700000044,51.98325941500008],[9.183053126000061,51.98576327300003],[9.183704314000067,51.99094345300006],[9.196793757000023,51.996917102000054],[9.179261562000022,52.00269033100005],[9.197352970000054,52.01167140000007],[9.190130888000056,52.020548328000075],[9.189039344000037,52.02627757700003],[9.176892981000037,52.03371908300005],[9.173319512000035,52.04061432800006],[9.177258828000049,52.041228913000054],[9.172169130000043,52.047370553000064],[9.174432495000076,52.060427496000045],[9.179432731000077,52.062129268000035],[9.181347595000034,52.06786644300007],[9.193280775000062,52.070311341000036],[9.188054499000032,52.07235410000004],[9.176086965000025,52.08611699800008],[9.154688560000068,52.09179214000005],[9.155604698000047,52.097829872000034],[9.146515019000049,52.099922218000074],[9.134648347000052,52.09428143200006],[9.132977916000073,52.09662945400004],[9.136353962000044,52.099725619000026],[9.135863065000024,52.10583739100008],[9.146924269000067,52.10920185100008],[9.144517337000025,52.111513538000054],[9.146204408000074,52.11324193200005],[9.155844925000054,52.11434040100005],[9.159335104000036,52.119840228000044],[9.153344073000028,52.129146680000076],[9.144705221000038,52.13491035200008],[9.129082271000073,52.13532987500008],[9.127516266000043,52.13656632300007],[9.13134012100005,52.13898115500007],[9.129796432000035,52.139746116000026],[9.116078186000038,52.13844552000006],[9.107039403000044,52.13238508300003],[9.099140411000064,52.13302140600007],[9.097141927000052,52.13712716800006],[9.090826892000052,52.135694441000055],[9.083383683000022,52.138089352000065],[9.081783347000055,52.14110206000004],[9.067803093000066,52.14025160600005],[9.072318703000064,52.14495664400005],[9.071614899000053,52.14825880500007],[9.063024032000044,52.148468620000074],[9.053365581000037,52.14822821400003],[9.054203334000022,52.14580939000007],[9.043989847000034,52.14147516700007],[9.044386490000022,52.13959979200007],[9.03625646100005,52.14007623200007],[9.017792062000069,52.132426673000055],[9.011015900000075,52.13577000600003],[9.017538681000076,52.14774418400003],[9.017309844000067,52.15606285400003],[9.01402113100005,52.15688565100004],[9.012669278000033,52.16241050000008],[9.016189808000036,52.16924635600003],[9.020053654000037,52.167863856000054],[9.021603182000035,52.17199904100005],[9.011815564000074,52.17297253600003],[9.012422702000038,52.17790781700006],[9.001332061000028,52.183158035000076],[9.001046493000047,52.18779645600006],[8.99627319900003,52.185649443000045],[8.992866315000072,52.189061079000055],[8.993836267000063,52.19184305700003],[8.985833623000076,52.19459859500006],[8.994035623000059,52.19613775300007],[8.999731540000028,52.190811660000065],[9.006990673000075,52.189517083000055],[9.013589637000052,52.195374736000076],[9.019637936000038,52.19217517000004],[9.01746939900005,52.189116643000034],[9.021111203000032,52.18383605000008],[9.04534921000004,52.18377344800007],[9.043085685000051,52.190429935000054],[9.048523791000036,52.19565973200008],[9.043404743000053,52.20414367700005],[9.045855734000043,52.21078548700007],[9.034064501000046,52.21764046200008],[9.035759915000028,52.22452507300005],[9.042428931000074,52.22621671200005],[9.046902770000031,52.22102651900008],[9.05174781900007,52.22021263700003],[9.069887598000037,52.22678783200007],[9.076449076000074,52.23257834100008],[9.056558339000048,52.23788451300004],[9.032970017000025,52.24952628400007],[9.006508409000048,52.252844346000074],[9.004221296000026,52.257492797000054],[8.974870267000028,52.26255532000005],[8.972366634000025,52.26461945900007],[8.978577319000067,52.27479177600003],[8.976304306000031,52.276171884000064],[8.972107488000063,52.27345275400006],[8.963536743000077,52.27902697600007],[8.978741508000041,52.28244837400007],[8.988077145000034,52.28756898900008],[8.985279912000067,52.29572875500003],[8.991560450000065,52.30709744600006],[8.991036328000064,52.31476036200007],[8.997772385000076,52.31841745400004],[8.998320816000046,52.32621485400006],[9.007703029000027,52.32572220700007],[9.00957670300005,52.33121473500006],[9.018907987000034,52.33098843700003],[9.025305507000041,52.33695021300008],[9.027357220000056,52.34561094800006],[9.057924826000033,52.33957740300008],[9.05917506000003,52.346860596000056],[9.072541175000026,52.34825261600008],[9.077542753000046,52.35405990700008],[9.083660408000071,52.354788874000064],[9.08892660600003,52.366283672000066],[9.098799448000022,52.372947658000044],[9.100721102000023,52.38062481400004],[9.096498406000023,52.38167406000008],[9.099133658000028,52.38247591100003],[9.095461469000043,52.38666204500004],[9.10207588000003,52.388421910000034],[9.112320921000048,52.39525200200006],[9.112374037000052,52.397660382000026],[9.117431993000025,52.39714749600006],[9.125252412000066,52.41199335700003],[9.123766661000047,52.42154768900008],[9.112037133000058,52.420803238000076],[9.105215411000074,52.42738794700006],[9.112414945000069,52.42754266600008],[9.11052317900004,52.43542718600003],[9.094530001000066,52.44282393700007],[9.102923074000046,52.45692635700004],[9.125618081000027,52.46829591100004],[9.123288968000054,52.47461041400004],[9.136708747000057,52.475545630000056],[9.13197374300006,52.48398266500004],[9.112375503000067,52.485781932000066],[9.09942042800003,52.49747790200007],[9.08769039200007,52.49569634300008],[9.071337220000032,52.49864482800007],[9.065845344000024,52.496201393000035],[9.05229369500006,52.50011380500007],[9.046402962000059,52.49488471600006],[9.044171518000041,52.48970816100007],[9.04653488300005,52.48952983000004],[9.04128775700002,52.48748879400006],[9.044076448000055,52.48264624900003],[9.038287405000062,52.47990471000003],[9.028100008000024,52.48059013300008],[9.022950189000028,52.477262],[9.022520283000063,52.47018566200006],[9.016606932000059,52.46732850300003],[9.017038180000043,52.460170394000045],[9.013149189000046,52.45995582200004],[9.012089081000056,52.45731134300007],[8.99891974600007,52.45756300600004],[8.991021011000043,52.45265096800006],[8.992117983000071,52.45060847900004],[8.978418282000064,52.450721617000056],[8.986727120000069,52.445514424000066],[8.979175718000022,52.43626054500004],[8.982626435000043,52.43687717500006],[8.98339149700007,52.43339675900006],[8.987056167000048,52.43251642300004],[8.977986504000057,52.42699597400008],[8.962192505000075,52.42499603500005],[8.961451526000076,52.41912251200006],[8.957420515000024,52.418618672000036],[8.957962301000066,52.41616131300003],[8.941128430000049,52.41632332800003],[8.94606512100006,52.41352675500008],[8.944139225000072,52.40839255700007],[8.935209162000035,52.404642557000045],[8.937104972000043,52.40190619900005],[8.903104714000051,52.40458015300004],[8.903665581000041,52.40191259200003],[8.897715437000045,52.40158479200005],[8.896027035000031,52.406090273000075],[8.892460430000028,52.405709424000065],[8.889183038000056,52.39598121800003],[8.868558101000076,52.39266394800006],[8.869662535000032,52.39475792400003],[8.866949580000039,52.39625237100006],[8.858376797000062,52.393749712000044],[8.855101141000034,52.38923412500003],[8.786783987000035,52.39870647400005],[8.746086795000053,52.387872224000034],[8.72491388100002,52.40092922800005],[8.71523630400003,52.392568796000035],[8.707486373000052,52.395351266000034],[8.710902090000047,52.40821506300006],[8.705374758000062,52.41294209000006],[8.704833674000042,52.41869400600007],[8.709912622000047,52.42410126900006],[8.717068134000044,52.42511637900003],[8.718080685000075,52.429362912000045],[8.703326107000066,52.44319480100006],[8.704973923000068,52.45612118500003],[8.710311880000063,52.46029377200006],[8.710709153000039,52.46369801700007],[8.70932302500006,52.47703585100004],[8.698548986000048,52.48669827800006],[8.70300888600002,52.50043805400003],[8.698753398000065,52.501640171000076],[8.702061806000074,52.50347337900007],[8.698652821000053,52.50880737300008],[8.684122137000031,52.514394663000076],[8.69031362000004,52.518774568000026],[8.671481468000025,52.51739469600005],[8.652550124000072,52.531443429000035],[8.556857517000026,52.49909565400003],[8.516577169000072,52.50931530300005],[8.50884853100007,52.51469337700007],[8.481628950000072,52.49697693200005],[8.472523497000054,52.49884814700005],[8.458861053000021,52.49167228600004],[8.459312989000068,52.47363332300006],[8.454290060000062,52.46100706400006],[8.430292172000065,52.44772574600006],[8.425320749000036,52.45173047900005],[8.417777570000055,52.44927004800007],[8.41599919500004,52.44678870300004],[8.418134680000037,52.44442150400005],[8.40010404900005,52.45092684900004],[8.386366205000058,52.44777765400005],[8.385907190000069,52.44501658000007],[8.359687311000073,52.44403112500004],[8.34569070300006,52.45282315900005],[8.334304004000046,52.45411223000008],[8.32613101100003,52.451670626000066],[8.311374097000055,52.45895156100005],[8.306920303000027,52.456054417000075],[8.303432823000037,52.45900479900007],[8.297213681000073,52.456497908000074],[8.308312698000066,52.44472555100003],[8.30616800100006,52.44462347800004],[8.303992534000031,52.434309109000026],[8.311724041000048,52.43635741300005],[8.313360026000055,52.43178066200005],[8.318428185000073,52.42986635800003],[8.31721411600006,52.42789195800003],[8.322037248000072,52.426162],[8.315882071000033,52.41252344500003],[8.322902665000072,52.41072961000003],[8.314037466000059,52.40784472800004],[8.314038742000037,52.405728245000034],[8.322857611000074,52.400723923000044],[8.343028784000069,52.39817213400005],[8.362981857000023,52.389945831000034],[8.393053297000051,52.384637860000055],[8.400951045000056,52.37744668100004],[8.432412468000052,52.36645510000005],[8.442614889000026,52.35900989100003],[8.451568916000042,52.33436720700007],[8.459257014000059,52.32480554400007],[8.46064853100006,52.31873197600004],[8.47214914400007,52.31536409600005],[8.464937357000053,52.303743602000054],[8.459815836000075,52.30470025100004],[8.457971600000064,52.301996692000046],[8.461107670000047,52.29885605000004],[8.458750767000026,52.29451527400005],[8.45940693700004,52.28164236200007],[8.463140818000056,52.28211974900006],[8.46618637000006,52.26761383300004],[8.458796592000056,52.258184877000076],[8.463573784000062,52.25661966100006],[8.462702044000025,52.25222310100003],[8.468063211000072,52.247113668000054],[8.45984769200004,52.24280137900007],[8.461091779000071,52.229112615000076],[8.452774161000036,52.22530452500007],[8.450738495000053,52.21805642100003],[8.44239179400006,52.213306817000046],[8.449295885000026,52.209768678000046],[8.452261648000047,52.20317931500006],[8.460188309000046,52.195954638000046],[8.51743732400007,52.18495045100008],[8.505603295000071,52.17938218300003],[8.493095179000022,52.16680108400004],[8.485395749000077,52.16587978100006],[8.481537185000036,52.15988518100005],[8.462092142000074,52.15310378000004],[8.453533796000045,52.155386957000076],[8.412881586000026,52.137605645000065],[8.404652012000042,52.12995714900006],[8.403805014000056,52.124255453000046],[8.410627538000028,52.11577341700007],[8.404937059000076,52.11148888900004],[8.388116120000063,52.10802514200003],[8.37322823900007,52.109812470000065],[8.363705641000024,52.11835285900003],[8.323918346000028,52.125922],[8.314137662000064,52.12228797000006],[8.315096539000024,52.11968695500008],[8.311215341000036,52.11832908900004],[8.285250062000046,52.12548784000006],[8.28714952100006,52.135171798000044],[8.273432501000059,52.13072355700007],[8.266731884000023,52.13228120400004],[8.262539078000032,52.12037848600005],[8.245896154000036,52.12139730000007],[8.23612836500007,52.112384692000035],[8.22522555300003,52.10858690600003],[8.219370972000036,52.102085972000054],[8.208913879000022,52.09677429200008],[8.192494537000073,52.07261933800004],[8.172321675000035,52.07186741900006],[8.168668336000053,52.07446884500007],[8.151526689000036,52.07636442200004],[8.131401359000051,52.072008210000035],[8.12908292700007,52.06874793800006],[8.096448168000052,52.057145183000046],[8.09239851600006,52.06342474300004],[8.087008322000031,52.06453018600007],[8.069898623000029,52.065180818000044],[8.066703076000067,52.068121389000055],[8.042459911000037,52.06305258100008],[8.03585636400004,52.063938636000046],[8.035943413000041,52.067157018000046],[8.032748467000033,52.06844093600006],[8.019258009000055,52.06229908600005],[8.019098103000033,52.05860642000005],[7.993717081000057,52.04963608800006],[7.981101713000044,52.035510017000036],[7.916921271000035,52.05163721400004],[7.920704918000069,52.057997088000036],[7.911807064000072,52.06229016700007],[7.888735853000071,52.083487785000045],[7.885163361000025,52.08353476100007],[7.901743417000034,52.09203023100008],[7.958074550000049,52.10523992000003],[7.971769166000058,52.11598301600003],[8.007796129000042,52.11533314600007],[8.004943403000027,52.13684580800003],[8.002806708000037,52.13766512300003],[8.003504901000042,52.14965820900005],[7.99777623600005,52.15033934100006],[8.00062602600002,52.15330585600003],[7.997386120000044,52.15447999000003],[8.003146684000058,52.15455549700005],[8.000646663000055,52.15716710800007],[8.002046653000036,52.159957528000064],[8.012505075000036,52.15917843700004],[8.011819311000068,52.16180101900005],[8.017457143000058,52.15906542000005],[8.023015027000042,52.16017968500006],[8.02518863900002,52.163509515000044],[8.015161879000061,52.16861117000008],[8.016978013000028,52.172050701000046],[8.005911834000074,52.17604109100006],[7.974333253000054,52.17113031700006],[7.957451981000077,52.17794342000008],[7.933986825000034,52.17692188800004],[7.928353006000066,52.18125573000003],[7.91294864300005,52.18513533700008],[7.914245976000075,52.187875086000076],[7.908109127000046,52.18986344700005],[7.908852593000063,52.195027451000044],[7.902993338000044,52.198869288000026],[7.906342521000056,52.202523873000075],[7.899840167000036,52.20682861200004],[7.906361506000053,52.208059141000035],[7.90575162500005,52.214084746000026],[7.912786483000048,52.217368958000066],[7.914577731000065,52.222933468000065],[7.919821309000042,52.22169668500004],[7.926551191000044,52.226512383000056],[7.928629305000072,52.241226307000034],[7.923491916000046,52.24789025100006],[7.923071015000062,52.25281516800004],[7.925623714000039,52.26281446300004],[7.930214496000076,52.265387873000066],[7.945734981000044,52.26531057900007],[7.956465027000036,52.27249058000007],[7.935001624000051,52.28617993100005],[7.930761565000068,52.28642208600007],[7.931790149000051,52.30184607400008],[7.949574184000028,52.30587514500007],[7.987240444000065,52.30358374800005],[7.99060804800007,52.30953959200008],[7.978010145000042,52.31270391700008],[7.966583975000049,52.32345986200005],[7.959297480000032,52.32628648800005],[7.955668141000046,52.33192392900003],[7.948563556000067,52.33512761000003],[7.94771965800004,52.33887124200004],[7.951181937000058,52.34114328100003],[7.950014102000068,52.34528984600007],[7.95349705600006,52.34722099900006],[7.947781853000038,52.35009957500006],[7.942009972000051,52.347568669000054],[7.940716111000029,52.34990781500005],[7.943924292000077,52.35558899600005],[7.936669994000056,52.36497725800007],[7.921682203000046,52.36561766300008],[7.891770368000039,52.380512983000074],[7.870512190000056,52.377498725000066],[7.843035816000054,52.36902764800004],[7.807088759000067,52.37142703100005],[7.725450814000055,52.39989453700008],[7.713825102000044,52.40100238000008],[7.702342179000027,52.43437005900006],[7.688382443000023,52.45367265600004],[7.683545983000045,52.45656538600008],[7.667430904000071,52.45607004200008],[7.667706134000071,52.45847943200005],[7.656546757000058,52.45997612100007],[7.655827185000021,52.46247363400005],[7.604230451000035,52.47509025800008],[7.591712778000044,52.46485863200007],[7.577491463000058,52.44699760100008],[7.570965478000062,52.43233050400005],[7.564310993000049,52.432312214000035],[7.602719468000032,52.421030693000034],[7.601162506000037,52.413862374000075],[7.582761603000051,52.40366587400007],[7.583583469000075,52.39553896800004],[7.571322355000063,52.381235064000066],[7.58050479800005,52.37935253200004],[7.582104209000022,52.37640390400003],[7.575097146000076,52.37585241100004],[7.570443653000041,52.37859664300004],[7.560085934000028,52.37215185300005],[7.565236311000035,52.37262627900003],[7.563964486000032,52.370651957000064],[7.543056881000041,52.36797749700003],[7.539362630000028,52.37045250400007],[7.529922924000061,52.36987643100008],[7.511472907000041,52.361326864000034],[7.504727356000046,52.36084370000003],[7.479405082000028,52.34763949000006],[7.43777648400004,52.33335652000005],[7.426823130000059,52.31816994400003],[7.427224313000067,52.31401251700004],[7.403871787000071,52.31293469800005],[7.396963800000037,52.306184865000034],[7.386480326000026,52.30930415900008],[7.370752596000045,52.30023743700008],[7.361554536000028,52.28831239600004],[7.345594919000064,52.28269013100004],[7.317481059000045,52.28027224500005],[7.297889793000024,52.26397512500006],[7.153168307000044,52.266512540000065],[7.12124800600003,52.26107815600005],[7.119279644000073,52.25699806000006],[7.109853544000032,52.25279700500005],[7.109053936000066,52.24723954800004],[7.101885061000075,52.24348677000006],[7.065868436000073,52.241258981000044],[7.060995490000039,52.23478240600008],[7.03897020200003,52.22764717600006],[7.019236779000039,52.22503970500003],[7.003461453000057,52.22851605000005],[6.985109800000032,52.22528623300008],[6.974188759000072,52.20517083000004],[6.951315878000059,52.18100676600005],[6.906802156000026,52.17517608700007],[6.905840094000041,52.16997692500007],[6.88044594400003,52.155995199000074],[6.873352203000024,52.13020103400004],[6.855393157000037,52.12043428800007],[6.760630183000046,52.118723017000036],[6.755072115000075,52.09489956400006],[6.750116124000044,52.09587298500003],[6.744523272000038,52.09308405300004],[6.751215832000071,52.08549339700005],[6.735590768000066,52.07467814900008],[6.69465294500003,52.06980283300004],[6.695983871000067,52.06435555000007],[6.686921558000051,52.05572756200007],[6.687725947000047,52.039899167000044],[6.71465876700006,52.03989335500006],[6.752642021000042,52.02864713200006],[6.766196772000058,52.01884143400008],[6.811478646000069,51.99814562000006],[6.807750805000069,51.99499893500007],[6.82657389000002,51.993532016000074],[6.832877162000045,51.97184182600006],[6.828513097000041,51.964066709000065],[6.813617532000023,51.96352530000007],[6.798644224000043,51.95881773100007],[6.797190432000036,51.94250654900003],[6.793965041000035,51.935065604000044],[6.78595195500003,51.931226637000066],[6.78889481300007,51.92965044600004],[6.769997767000064,51.91623906600006],[6.754662389000032,51.913073815000075],[6.751179257000047,51.90718489100004],[6.737085553000043,51.90457274200003],[6.732607205000022,51.89870714300008],[6.721664071000021,51.89617477400003],[6.703281255000036,51.906407278000074],[6.703671560000032,51.90939117100004],[6.697520274000055,51.90986928600006],[6.695464095000034,51.91575658800008],[6.690026703000058,51.91487927900005],[6.684230647000049,51.91761756300008],[6.63764214400004,51.90437358400004],[6.634252410000045,51.90104196100003],[6.625378183000066,51.90185454300007],[6.585623546000022,51.89391178900007],[6.560400525000034,51.88210104600006],[6.556111781000027,51.88181561700003],[6.552419131000022,51.886197638000056],[6.548450542000069,51.88532672000008],[6.549564348000047,51.88314715300004],[6.544463493000023,51.884669563000045],[6.524584741000069,51.873708631000056],[6.515440585000022,51.87347346900003],[6.501123684000049,51.868129398000065],[6.502168570000038,51.86456539900007],[6.499578529000075,51.86175618000004],[6.472575542000072,51.853808455000035],[6.462384859000053,51.85597457700004],[6.451067654000042,51.86531423400004],[6.432406619000062,51.85939423700006],[6.427853027000026,51.86573060500007],[6.411947978000057,51.87090463000004],[6.402246761000072,51.86916359200006],[6.390815829000076,51.87393384500007],[6.386704922000035,51.86474025900003],[6.388056793000032,51.86195241300004],[6.409190007000063,51.85233189600007],[6.402422192000074,51.84456916500005],[6.40814298600003,51.836590355000055],[6.40278098400006,51.83673891900003],[6.407779667000057,51.828091940000036],[6.401752482000063,51.827292286000045],[6.389543073000027,51.83327224700008],[6.370023658000036,51.83357896700005],[6.36294024700004,51.836230080000064],[6.360171322000042,51.845796016000065],[6.346811817000059,51.85064718600006],[6.320081431000062,51.85144960100007],[6.306560848000061,51.84921544000008],[6.298936168000068,51.86789541600007],[6.279517512000041,51.87408435300006],[6.269822420000025,51.87407628900007],[6.261766007000062,51.86812815600007],[6.234078052000029,51.87009832600006],[6.215439031000074,51.86779597000003],[6.195898275000047,51.874608254000066],[6.185242671000026,51.881502107000074],[6.181897889000027,51.885903950000056],[6.191374498000073,51.887350671000036],[6.189452767000034,51.888925948000065],[6.191121480000049,51.89164484200006],[6.169563979000031,51.901340979000054],[6.165483074000065,51.89877814000005],[6.157174461000068,51.90522204900003],[6.125523171000054,51.898309391000055],[6.118046671000059,51.901669637000055],[6.114945453000075,51.89770590400008],[6.112015061000022,51.89906756100004],[6.109744163000073,51.89493561000006],[6.103341257000068,51.89261697400008],[6.116347796000071,51.892296875000056],[6.137377108000067,51.88558513800007],[6.144510057000048,51.86985916500004],[6.166815206000024,51.860969743000055],[6.163662849000048,51.85350582600006],[6.16640764300007,51.84083471900004],[6.13629204800003,51.84720825800008],[6.099342202000059,51.84948573300005],[6.063382485000034,51.86544393500003],[6.059523624000065,51.85758346400007],[6.051808154000071,51.856631777000075],[6.055267492000041,51.852303918000075],[6.035009645000059,51.842865232000065],[6.029023715000051,51.845093879000046],[6.017353246000027,51.84124338200007],[6.010957762000032,51.83544544800003],[5.99368174500006,51.830830078000076],[5.970811727000068,51.83331739800008],[5.96289041600005,51.836791703000074],[5.945029570000031,51.82365634400003],[5.957807209000066,51.81715602300005],[5.945837811000047,51.815206224000065],[5.948134177000043,51.81129273000005],[5.961915525000052,51.80753130900007],[5.978174334000073,51.79723179000007],[5.974375164000037,51.79562898100005],[5.976715046000038,51.794216445000075],[5.972617638000031,51.78953669100008],[5.975031599000033,51.78877599100008],[5.974578557000029,51.78504589100004],[5.990531851000071,51.78318768200006],[5.983447132000038,51.778669137000065],[5.982323473000065,51.77366894700003],[5.991619968000066,51.77003651900003],[5.990529297000023,51.76624483300003],[5.952021667000054,51.74909912000004],[5.955123398000069,51.73806526200008],[5.99246310500007,51.73858491000004],[6.029083903000071,51.725679178000064],[6.034848364000027,51.72149420900007],[6.035431018000054,51.71771603800005],[6.037938711000038,51.71994489700006],[6.044985345000043,51.71697953100005],[6.042043070000034,51.71330369900005],[6.031367992000071,51.712948364000056],[6.026395647000072,51.709278072000075],[6.031771067000022,51.69272914100003],[6.028160929000023,51.68963088400005],[6.032482197000036,51.68402044100003],[6.03072258800006,51.677113244000054],[6.03686753300002,51.67283022400005],[6.075614635000022,51.664888],[6.079823505000036,51.66150475000006],[6.085077429000023,51.66288163300004],[6.088039069000047,51.65980898400005],[6.099646171000074,51.65811338900005],[6.103180151000061,51.66031309700003],[6.118240238000055,51.65608621900003],[6.115790746000073,51.653075356000045],[6.117105922000064,51.65084411000004],[6.109480075000022,51.64682970700005],[6.11136452300002,51.64500721300004],[6.100036272000068,51.62412291600003],[6.097244061000026,51.62089502600003],[6.093983594000065,51.62213249600006],[6.091235346000076,51.60590931100006],[6.121280185000046,51.59278015700005],[6.130597290000026,51.581072550000044],[6.157022338000047,51.56667833400007],[6.177020476000052,51.53866540000007],[6.199281563000056,51.52798124900005],[6.212084664000031,51.51337840700006],[6.214302312000029,51.50332289500005],[6.213019466000048,51.49110114600006],[6.223395717000074,51.47494232500003],[6.22317152100004,51.46893203900004],[6.220521129000076,51.44689058500006],[6.213933360000055,51.44633580000004],[6.214870834000067,51.43437541900005],[6.205219800000066,51.39951830700005],[6.226378866000061,51.39965693600004],[6.214416332000042,51.38962940500005],[6.226129918000026,51.36051764700005],[6.18984002600007,51.33934992600007],[6.193070745000057,51.33473186700007],[6.168622607000032,51.332949248000034],[6.169286141000043,51.329610943000034],[6.159294092000039,51.31948072800003],[6.154080231000023,51.307372755000074],[6.129827275000025,51.28657025200005],[6.124480767000023,51.274584891000075],[6.085043585000051,51.247404404000065],[6.072656925000047,51.24258730400004],[6.085775801000068,51.22260545100005],[6.067974200000037,51.22051409300008],[6.073337852000066,51.182966727000064],[6.082306252000024,51.171638425000026],[6.100093174000051,51.169970584000055],[6.122189191000075,51.18118168400008],[6.165018325000062,51.19436064300004],[6.18069893400002,51.18642547200005],[6.138811263000036,51.173333125000056],[6.175415267000062,51.15847977400006],[6.162734777000026,51.15279110300003],[6.163406556000041,51.14884137000007],[6.125950833000047,51.14512252800006],[6.115928255000028,51.139070410000045],[6.091868348000048,51.134973968000054],[6.086936192000053,51.12930727200006],[6.08864419400004,51.12788765600004],[6.084409602000051,51.12599697300004],[6.087061266000035,51.124628072000064],[6.080843533000063,51.12614141600005],[6.080446453000036,51.12220549600005],[6.07575450500002,51.119160203000035],[6.060305530000051,51.115931861000035],[6.056491332000064,51.10962303300005],[6.037468680000075,51.097034861000054],[6.020617772000037,51.092889772000035],[6.017655156000046,51.09454081500007],[5.997787242000072,51.084259314000064],[5.988523587000032,51.074689324000076],[5.98028787100003,51.07232902100003],[5.981383872000038,51.06924710000004],[5.969847317000074,51.06060592500006],[5.968971371000066,51.04665317400003],[5.957896923000021,51.04098204500008],[5.957887701000061,51.034709984000074],[5.946407339000075,51.036979795000036],[5.938114703000053,51.03514072300004],[5.926394687000027,51.04799131200008],[5.918959007000069,51.063781756000026],[5.913170487000059,51.06673113700003],[5.892345099000067,51.05322815300008],[5.866755375000025,51.051431380000054],[5.867096631000038,51.04667907900006],[5.878025523000076,51.03754494000003],[5.874594376000061,51.02932022400006],[5.879150797000023,51.017553382000074],[5.884325214000057,51.01335948000008],[5.895849689000045,51.01100745300005],[5.895738802000039,51.004358969000066],[5.905518057000052,51.002159678000055],[5.903812808000055,50.987495489000025],[5.892668412000035,50.98034745500007],[5.897198106000076,50.974845396000035],[5.918597685000066,50.977741526000045],[5.93364109700002,50.985262412000054],[5.955159322000043,50.98840600700004],[5.968203751000033,50.97946997200006],[5.980845819000024,50.983110073000034],[6.026435005000053,50.98327404500003],[6.015569404000075,50.96272256900005],[6.005263992000039,50.95683637800005],[6.016799121000076,50.95251183600004],[6.015086912000072,50.94778545400004],[6.018160184000067,50.93443677100004],[6.045643256000062,50.928031023000074],[6.050868140000034,50.92999515100007],[6.056004643000051,50.927144852000026],[6.05388849600007,50.92228815800007],[6.056661757000029,50.92177228400004],[6.068126587000052,50.92065893800003],[6.071736840000028,50.923148508000054],[6.088998090000075,50.91869582700008],[6.093924752000021,50.92132546500005],[6.080980443000044,50.90866742000003],[6.075313039000036,50.89340045000006],[6.079111176000026,50.88281305700008],[6.086186609000038,50.87966564300007],[6.085019774000045,50.87647321400004],[6.088189822000061,50.87243381500008],[6.083501945000023,50.86480114700004],[6.077294365000057,50.86073386400005],[6.073980156000061,50.84678026000006],[6.056764057000066,50.85106650600005],[6.057241308000073,50.85563098200004],[6.054839995000066,50.857353501000034],[6.042066628000043,50.85126190400007],[6.018875020000053,50.84627442800007],[6.016527832000065,50.83380181800004],[6.018802066000035,50.829256387000044],[6.024990814000034,50.82765648900005],[6.022780643000033,50.82651650300005],[6.026273390000028,50.81994474000004],[6.02214686800005,50.81683776800003],[6.025050641000064,50.81416449900007],[6.003484268000022,50.80131373300003],[5.98402696900007,50.81008548700004],[5.975804770000025,50.80240592400003],[5.97486142300005,50.797972953000055],[5.988652983000065,50.79380045500005],[6.001943145000041,50.78414456400003],[6.027798682000025,50.77373360100006],[6.018323664000036,50.76317216400008],[6.021394331000067,50.753113846000076],[6.040480906000028,50.74551257600007],[6.039791287000071,50.73756096400007],[6.033151439000051,50.730984971000055],[6.039029649000042,50.71837811200004],[6.04152803900007,50.718681755000034],[6.044563166000046,50.72836022300004],[6.073189035000041,50.72095226700003],[6.115293948000044,50.722114023000074],[6.124765554000021,50.71106146200003],[6.123242555000047,50.707099295000035],[6.143717006000031,50.68887370600004],[6.143642577000037,50.68166224500004],[6.162432263000028,50.67137654800007],[6.16528106100003,50.66278981600004],[6.188022601000057,50.665145316000064],[6.195538593000038,50.66293110500004],[6.197130958000059,50.65673728300004],[6.183974264000028,50.64711157100004],[6.187662378000027,50.641110111000046],[6.219733164000047,50.64120962700008],[6.224321674000066,50.64332723100006],[6.226456652000024,50.648770822000074],[6.231505208000044,50.64998255300003],[6.246411465000051,50.64151180500005],[6.262099932000069,50.64389940800004],[6.266895404000024,50.64152787300003],[6.273982673000035,50.628205594000065],[6.269399649000036,50.62546019700005],[6.269076978000044,50.619166654000026],[6.259966160000033,50.60981983000005],[6.247746049000057,50.60370896300003],[6.249604569000041,50.59822700700005],[6.241159201000073,50.58710038000004],[6.236760624000055,50.56625280700007],[6.22855081900002,50.56155415600006],[6.225794546000031,50.554461676000074],[6.211950553000065,50.553767985000036],[6.208158582000067,50.54593406400005],[6.200428836000071,50.54058726200003],[6.19699543400003,50.531031951000045],[6.207160032000047,50.524272832000065],[6.207151535000037,50.51891755200006],[6.212582607000058,50.51556665500004],[6.209111696000036,50.51470170700003],[6.222558522000043,50.50150233100004],[6.220042725000042,50.498723029000075],[6.226631720000057,50.494368663000046],[6.251731913000071,50.50348381200007],[6.25460563200005,50.49941675700006],[6.261816599000042,50.49884777600005],[6.269941266000046,50.50451177100007],[6.281514664000042,50.50320839900007],[6.285005317000071,50.49896520400006],[6.297503913000071,50.49761233500004],[6.309075385000028,50.50141183300008],[6.322870454000054,50.49391928000006],[6.332285131000049,50.49226877000007],[6.334818830000074,50.48903501400008],[6.351259021000033,50.488267792000045],[6.341621681000049,50.483531276000065],[6.341124544000024,50.477673554000035],[6.337486434000027,50.47474832700004],[6.343836482000029,50.46875053500003],[6.340231706000054,50.46259128000003],[6.350137209000025,50.45691095800004],[6.362852777000057,50.453908341000044],[6.371823937000045,50.45558235500005],[6.377623397000036,50.43938897400005],[6.376027613000076,50.431698839000035],[6.366705781000064,50.41916221100007],[6.369877124000027,50.40893069500004],[6.357584331000055,50.395781638000074],[6.356851875000075,50.39114117400004],[6.342218728000034,50.38000552700004],[6.360603494000031,50.37145044500005],[6.369430298000054,50.361125396000034],[6.368075245000057,50.35811178300003],[6.373381,50.35816742500003],[6.398321002000046,50.345660947000056],[6.400528909000059,50.33810708400006],[6.407870067000033,50.33513396200004],[6.405028255000047,50.32330869300006],[6.425294811000072,50.32301195400004],[6.422230027000069,50.330598749000046],[6.42406186200003,50.33382680500006],[6.414994991000071,50.33266054000006],[6.407908814000052,50.339379732000054],[6.403267068000048,50.34654845800003],[6.404667036000035,50.35058017700004],[6.397181221000039,50.357911933000025],[6.405977283000027,50.36382203200003],[6.395452201000069,50.36141870600005],[6.397299928000052,50.36768467500008],[6.389003441000057,50.371686510000075],[6.391868918000057,50.37984539300004],[6.38500583900003,50.38418665900008],[6.413042934000032,50.38948596200004],[6.418243992000043,50.38278619300007],[6.422030762000077,50.38194789800008],[6.414850020000074,50.37454620700004],[6.420842848000063,50.37320022700004],[6.420877816000029,50.368903042000056],[6.430023535000032,50.36318994000004],[6.433154166000065,50.36429209800008],[6.435386961000063,50.37031884400005],[6.448561199000039,50.37133836100003],[6.449474166000073,50.36378465300004],[6.458919343000048,50.36201172800003],[6.461162141000045,50.359026861000075],[6.457152474000054,50.35176696900004],[6.458667809000076,50.34397164900008],[6.449590633000071,50.33835314300006],[6.451615287000038,50.33642410300007],[6.46598205500004,50.342588919000036],[6.475221217000069,50.33845281200007],[6.484743817000037,50.33856107100007],[6.491782289000071,50.34699797400003],[6.504789402000029,50.352353263000055],[6.503494665000062,50.355489016000035],[6.507121786000027,50.35987731200004],[6.516404468000076,50.35538799100004],[6.516616695000039,50.362189440000066],[6.530450524000059,50.369345354000075],[6.542182705000073,50.37105677400007],[6.544690468000056,50.370052884000074],[6.543177865000075,50.36624406900006],[6.559015792000025,50.36940999700005],[6.566520597000022,50.37248751800007],[6.569188709000059,50.37663353200003],[6.581850141000075,50.37754363800008],[6.585170620000042,50.38250437800008],[6.603085713000041,50.38822220600008],[6.606759412000031,50.380967428000076],[6.601196695000056,50.37838207400006],[6.604088071000035,50.37511937700003],[6.616273171000046,50.377018657000065],[6.625353920000066,50.37488358200005],[6.627430004000075,50.37191721800008],[6.625475003000076,50.37170712900007],[6.625033082000073,50.362204672000075],[6.621806716000037,50.35999642300004],[6.623559011000054,50.35162698100004],[6.629840148000028,50.35123198700006],[6.636206238000057,50.34537215200004],[6.649958652000066,50.34816773500006],[6.657531020000022,50.35698974200005],[6.65601474500005,50.36743542900007],[6.667350811000063,50.371967760000075],[6.686767538000026,50.35837877000006],[6.696356363000064,50.346389240000065],[6.699244644000032,50.336097402000064],[6.706034431000035,50.342790567000065],[6.732403727000076,50.35249742600007],[6.753523026000039,50.35411639600005],[6.77088556700005,50.36121315300005],[6.776766458000054,50.35808862700003],[6.777686249000055,50.36443378700005],[6.783082585000045,50.36191485400008],[6.795203832000027,50.361973170000056],[6.795592455000076,50.35954428400004],[6.800711449000062,50.36178133700008],[6.802745410000057,50.36930462200007],[6.78468736800005,50.37475056400007],[6.769311744000049,50.39274798000008],[6.770480986000052,50.39772292500004],[6.779307456000026,50.40497300100003],[6.779232953000076,50.41360654700003],[6.785122975000036,50.420633303000045],[6.770693111000071,50.425045467000075],[6.769242187000032,50.43247599400007],[6.771200603000068,50.43605306100005],[6.760315480000031,50.43139329100006],[6.757818606000058,50.43405088000003],[6.745523503000072,50.435929558000055],[6.743698939000069,50.44092421000005],[6.764625179000063,50.450785945000064],[6.762935909000021,50.45569515700004],[6.766624285000034,50.45864375700006],[6.762736454000049,50.46262576000004],[6.757072980000032,50.46303066100006],[6.758145396000032,50.470931730000075],[6.75384839000003,50.47142126800003],[6.74773311000007,50.466155737000065],[6.743243953000047,50.46774810200003],[6.744603261000066,50.47263046000006],[6.759128635000025,50.47458991800005],[6.768281664000028,50.48428354200007],[6.77538507600002,50.48249548900003],[6.779861857000071,50.48657719300007],[6.800937205000025,50.49131916700003],[6.806193596000071,50.48823565400005],[6.807492506000074,50.479097213000045],[6.812069506000057,50.47224399800007],[6.840540213000054,50.46394563400003],[6.858573833000037,50.45326582300004],[6.863113175000024,50.45695875500007],[6.866737951000061,50.456253469000046],[6.876703865000025,50.46479242600003],[6.901481603000036,50.46909197900004],[6.899882253000044,50.47098777800005],[6.903208769000059,50.475280637000026],[6.899213774000032,50.478038438000056],[6.905593791000058,50.48504808600006],[6.900360242000033,50.48976714300005],[6.901749058000064,50.49190949000007],[6.897866544000067,50.49226556900004],[6.907069078000063,50.50264234600007],[6.888554082000041,50.507009020000055],[6.897818523000069,50.517694739000035],[6.884490582000069,50.519943848000025],[6.882098443000075,50.526949442000046],[6.900754711000047,50.530785568000056],[6.898732278000068,50.52712805300007],[6.909003669000072,50.52550272800005],[6.923167268000043,50.53285247200006],[6.929349707000029,50.533143231000054],[6.931369914000072,50.53556593600007],[6.928966457000058,50.54261700200004],[6.925862031000065,50.54402518300003],[6.92204618300002,50.55428087300004],[6.930971323000051,50.560452256000076],[6.951382133000038,50.563379077000036],[6.95613962300007,50.56087697100003],[6.956515510000031,50.55703307500005],[6.972098291000066,50.55590736000005],[6.976104597000074,50.55777571700003],[6.977294072000063,50.56344629700004],[6.983576972000037,50.56573420800004],[6.998096295000039,50.56504990600007],[7.049194476000025,50.60434023000005],[7.056131464000032,50.60624076100004],[7.05925275900006,50.60037088300004],[7.066347430000064,50.60069920900003],[7.06902567700007,50.592744236000044],[7.087431034000076,50.58601195000006],[7.095271316000037,50.58636961000008],[7.103796716000033,50.591322554000044],[7.105319920000056,50.59665458300003],[7.111898937000035,50.60194591100003],[7.111822069000027,50.60925746500004],[7.115121105000071,50.61178614600004],[7.119386719000033,50.61230741400004],[7.135429965000071,50.60216905800007],[7.147851587000048,50.60029328200005],[7.149216780000074,50.60948396900005],[7.154717367000046,50.61470533900007],[7.17301984900007,50.61255228500005],[7.173981969000067,50.618909520000045],[7.18983890800007,50.62389544500007],[7.190635543000042,50.63604131000005],[7.198485710000057,50.64820873700006],[7.203786635000029,50.64966041100007],[7.211464005000039,50.648160174000054],[7.212399645000062,50.62340492100003],[7.216466828000023,50.624890994000054],[7.217027616000053,50.628066852000075],[7.251955077000048,50.62783877100003],[7.25657992400005,50.62468025800007],[7.264698493000026,50.62751138900006],[7.270054733000052,50.62642740900003],[7.297323120000044,50.63181575600004],[7.305099529000074,50.63757881300006],[7.313097427000059,50.637007141000026],[7.322175248000065,50.64171541500008],[7.333480804000033,50.638396070000056],[7.358976516000041,50.64949362200008],[7.355657061000045,50.65535540500008],[7.35582099800007,50.665231059000064],[7.364317150000034,50.672702436000066],[7.369315911000058,50.67254969100003],[7.36998705700006,50.67797130800005],[7.366175166000062,50.680704897000055],[7.372062799000048,50.68210706600007],[7.365116163000039,50.68761064300003],[7.36712338600006,50.690654935000055],[7.364635415000066,50.69223558700003],[7.368307872000059,50.69709009700006],[7.357136449000052,50.69790389600007],[7.367191351000031,50.70670770500004],[7.374010755000029,50.71821864300006],[7.397282413000028,50.71426992100004],[7.407050971000047,50.71818762400005],[7.423396633000038,50.70995096000007],[7.443150861000049,50.71119678800005],[7.444976230000066,50.716114925000056],[7.448619767000025,50.71744476300006],[7.453890400000034,50.71580053000008],[7.461333344000025,50.718624559000034],[7.479816338000035,50.71825391200008],[7.501940672000046,50.73001331900008],[7.520123911000042,50.72899688100006],[7.519387883000036,50.73740659200007],[7.521534043000031,50.73365542300007],[7.551900377000038,50.74634314600007],[7.580246126000077,50.73813749200008],[7.592374858000028,50.74054539400004],[7.59529717700002,50.75096932800005],[7.591616718000068,50.756199769000034],[7.598454945000071,50.76044024000004],[7.601042634000066,50.766312955000046],[7.618168809000053,50.77017082900005],[7.645393592000062,50.77088137900006],[7.655450742000028,50.76786954500005],[7.654814123000051,50.76976163100005],[7.662161360000027,50.77315629700007],[7.658936374000064,50.784827875000076],[7.668455510000058,50.78618629400006],[7.675944870000023,50.779327686000045],[7.682222419000027,50.795368531000065],[7.675047644000074,50.80266927300005],[7.674991345000024,50.80653314700004],[7.679510539000034,50.810046707000026],[7.664109173000043,50.815352862000054],[7.661003633000064,50.820364305000055],[7.674628277000068,50.81919510400007],[7.69942710600003,50.82501145200007],[7.706502580000063,50.83057180000003],[7.706390792000036,50.833855580000034],[7.713613873000043,50.83361504100003],[7.714285525000037,50.84044718600006],[7.72168851400005,50.843163736000065],[7.729342105000057,50.85052279100006],[7.758043379000071,50.84348242600004],[7.76218749700007,50.845134408000035],[7.760335232000045,50.84857516900007],[7.753187095000044,50.85136851300007],[7.765973969000072,50.85681948000007],[7.748309881000068,50.86721679400006],[7.758767439000053,50.879772236000065],[7.753021566000029,50.88837918400003],[7.760427260000029,50.900393948000044],[7.750604339000063,50.90566329900008],[7.745064030000037,50.905198978000044],[7.746872127000074,50.91239200100006],[7.735459232000039,50.91776539300008],[7.754488958000024,50.92161973100008],[7.757281422000062,50.920164001000046],[7.776218913000037,50.929036576000044],[7.785898056000065,50.93991411800005],[7.792810759000076,50.942335093000054],[7.813265981000029,50.94002724600006],[7.818898600000068,50.933296581000036],[7.828198491000023,50.928994844000044],[7.837626802000045,50.92900569600005],[7.838306960000068,50.92628756900007],[7.846528597000031,50.930743032000066],[7.851495862000036,50.925832410000055],[7.838380528000073,50.91033527900004],[7.833709738000039,50.90834653600007],[7.834964820000039,50.90185685700004],[7.826699862000055,50.89083591700006],[7.829263584000046,50.88238662200007],[7.845269519000055,50.87838361900003],[7.882458170000064,50.87489113700008],[7.887103903000025,50.86539832300008],[7.893944296000029,50.86450027200004],[7.89299821000003,50.85948065000008],[7.905851427000073,50.848109445000034],[7.922851855000033,50.84466176500007],[7.938303447000067,50.848379873000056],[7.952896069000076,50.84600905900004],[7.957688481000048,50.84886899400004],[7.966981800000042,50.844039517000056],[7.968071053000074,50.836041726000076],[7.978313123000021,50.83331176400003],[7.974059772000032,50.82864582900004],[7.976649291000058,50.82492997400004],[7.971959957000024,50.81469969200003],[7.974654069000053,50.81087813600004],[7.973937842000055,50.80417341800006],[7.967312567000022,50.798249088000034],[7.968979053000055,50.785618406000026],[7.964248181000073,50.783822490000034],[7.968861798000034,50.773921089000055],[7.984027801000025,50.76099008600005],[8.000229496000031,50.755080777000046],[8.02381966200005,50.73512147900004],[8.040325987000074,50.72565709300005],[8.043045796000058,50.71171577900003],[8.039689942000052,50.69737534700005],[8.059656033000067,50.69504331300004],[8.079578597000022,50.70608462600006],[8.08247945200003,50.70290436600004],[8.099173321000023,50.70355792600003],[8.109820137000042,50.698007775000065],[8.121063881000055,50.68542017000004],[8.125776743000074,50.68581405100008],[8.126220912000065,50.692631609000046],[8.131278843000075,50.69691964500004],[8.137413944000059,50.693958182000074],[8.142606560000047,50.69544846100007],[8.150389303000054,50.70555414700004],[8.150894006000044,50.71330226600003],[8.166828990000056,50.73571067900008],[8.164890256000035,50.74213512800003],[8.159952573000055,50.74271065100004],[8.164314888000035,50.74450251600007],[8.15485263200003,50.74827113900005],[8.152576292000049,50.75452528400007],[8.148634412000035,50.75586770400008],[8.151833816000021,50.75985388500004],[8.135641285000077,50.76721618200003],[8.141662304000022,50.77165990300006],[8.131708873000036,50.77700234300005],[8.127658962000055,50.78641439200004],[8.129390009000076,50.78746346300005],[8.12551194100007,50.78835590800003],[8.138362192000045,50.79028128500005],[8.142472777000023,50.79464996400003],[8.165806965000058,50.80347589200005],[8.17082179700003,50.808302780000076],[8.173922740000023,50.81733103800008],[8.180550112000049,50.82007429300006],[8.182840845000044,50.82487312000006],[8.196171525000068,50.832925215000046],[8.208765931000073,50.83667625100003],[8.231313895000028,50.850639837000074],[8.233149515000036,50.855284608000034],[8.259570875000065,50.87132295200007],[8.269666509000047,50.88187564800006],[8.292017197000064,50.88213579300003],[8.291897450000022,50.87715612200003],[8.305130263000024,50.86447167700004],[8.305473258000063,50.86112059000004],[8.319780767000054,50.86143505200005],[8.336748641000042,50.86571294200007],[8.35267772700007,50.865441419000035],[8.358600176000039,50.86069003400007],[8.36920145800002,50.86460254200006],[8.366588167000032,50.86855115100008],[8.37191701200004,50.87426569200005],[8.385575976000041,50.875793256000065],[8.388029887000073,50.89192918600003],[8.39672405500005,50.89451604300007],[8.433426238000038,50.91823903900007],[8.456441092000034,50.91653052300006],[8.458675717000062,50.92108824400003],[8.455029653000054,50.93048418600006],[8.450462715000072,50.932951080000066],[8.449323892000052,50.941083227000036],[8.462277137000058,50.94969330300006],[8.459568441000044,50.952319111000065],[8.461527964000027,50.958969112000034],[8.459665449000056,50.966650249000054],[8.477891851000038,50.969047458000034],[8.473368209000057,50.97503536800008],[8.487369344000058,50.98553012200006],[8.49575736600002,50.988095979000036],[8.501414715000067,50.99845402600005],[8.516562233000059,51.00580543700005],[8.514075672000047,51.00923734100007],[8.524560595000025,51.009937602000036],[8.530760673000032,51.01377780100006],[8.530628247000038,51.018239865000055],[8.538782178000076,51.01944843100006],[8.53455105200004,51.02062823800003],[8.531342080000059,51.02932266100004],[8.524318514000072,51.03203003100003],[8.525633310000046,51.034338459000026],[8.522837913000046,51.03628922300004],[8.525110558000051,51.038901913000075],[8.520681140000022,51.04300309000007],[8.516602732000024,51.04322181200007],[8.514335323000068,51.03882691600006],[8.509803550000072,51.03764257200004],[8.505143530000055,51.04143322200008],[8.515933807000067,51.051175983000064],[8.520434698000031,51.05010938800007],[8.519728974000031,51.053499816000055],[8.522518737000041,51.05380798500005],[8.527572852000048,51.06289413500008],[8.52222665000005,51.069014021000044],[8.503230088000066,51.07457687500005],[8.501733298000033,51.07946559800007],[8.508022760000074,51.085387515000036],[8.513974853000036,51.08688403700006],[8.51759400900005,51.09113982500003],[8.522611027000039,51.09045987400003],[8.52812272400007,51.09695248500003],[8.545348936000039,51.09724217000007],[8.551019821000068,51.10276424400007],[8.601460657000075,51.102034564000064],[8.656632492000028,51.09490320000003],[8.690534692000028,51.10915858700008],[8.706886114000042,51.10779080800006],[8.719655316000058,51.11032615500005],[8.718848165000054,51.115695790000075],[8.701741131000063,51.11657665100006],[8.700792870000043,51.123312009000074],[8.696308051000074,51.12353084700004],[8.697125692000043,51.126036456000065],[8.691944172000035,51.129070366000064],[8.692161804000023,51.132834142000036],[8.713313853000045,51.151699593000046],[8.717674572000021,51.15152804400003],[8.736035026000025,51.16052175300007],[8.736942760000034,51.16393033300005],[8.74840232500003,51.16861144000006],[8.748598106000031,51.17251125800004],[8.758214362000047,51.17718172900004],[8.750004463000039,51.18146388100007],[8.749501813000052,51.19773170000008],[8.765013147000047,51.20393076800008],[8.768194376000054,51.20887368400008],[8.741697463000037,51.218423262000044],[8.737418728000023,51.228050421000034],[8.738206920000039,51.232158292000065],[8.730817228000035,51.24009246400004],[8.731443485000057,51.24406190500008],[8.727597513000035,51.25010270000007],[8.73658531500007,51.26221970300003],[8.72182723800006,51.26774745200004],[8.721997745000067,51.27374380600003],[8.695833960000073,51.27430693800005],[8.692552010000043,51.27640730600007],[8.685451002000036,51.27381365600007],[8.685490438000045,51.270988343000056],[8.67995260300006,51.26807654000004],[8.628340520000052,51.26050460300007],[8.625391094000065,51.25331147600008],[8.609212360000072,51.24668844100006],[8.59356275600004,51.24749677800003],[8.584950511000045,51.25460137200008],[8.578218095000068,51.26747828200007],[8.567815099000029,51.27025925400005],[8.556347796000068,51.27749475200005],[8.566377620000026,51.28777345800006],[8.592638066000063,51.30385796100006],[8.603240801000027,51.31485685400003],[8.605048337000028,51.32369487100004],[8.617491761000053,51.32720984200006],[8.621098213000039,51.33652789700005],[8.637787568000022,51.34361349800008],[8.653654042000028,51.33978950100004],[8.655559599000071,51.349611149000054],[8.659662021000031,51.34838900900007],[8.662309650000054,51.35217100800003],[8.666970800000058,51.352610080000034],[8.666599017000067,51.35569685200005],[8.68347650000004,51.362177906000056],[8.677446064000037,51.37179503400006],[8.693811209000046,51.37678475300004],[8.732850996000025,51.372416703000056],[8.760322472000041,51.378271400000074],[8.772903671000051,51.38539378000007],[8.80399317000007,51.39079794300005],[8.823374915000045,51.389825210000026],[8.827252393000038,51.38524592500005],[8.836583684000061,51.38850109200007],[8.837994438000067,51.383292580000045],[8.85401977500004,51.377137850000054],[8.889580795000029,51.39272198700007],[8.915928443000041,51.39283713700007],[8.93950200300003,51.38949902300004],[8.938858259000028,51.393574089000026],[8.943078311000022,51.396871486000066],[8.940763338000068,51.41032194400003],[8.951529911000023,51.41349278400003],[8.945426547000068,51.41880288400006],[8.948108682000054,51.42821888800006],[8.934155619000023,51.431291041000065],[8.918786788000034,51.43028542900004],[8.918187886000055,51.43671881300003],[8.921447568000076,51.439903170000036],[8.921783452000057,51.44605382100008],[8.913996495000049,51.45261718200004],[8.91069967900006,51.461918970000056],[8.894091022000055,51.47123627700006],[8.890376608000054,51.481928278000055],[8.94149539500006,51.499803573000065],[9.004932738000036,51.512405569000066],[9.01764946000003,51.51823896600007],[9.02289826200007,51.51723486100008],[9.023958187000062,51.51133420900004],[9.039285948000042,51.50192152400007],[9.057476862000044,51.50251461700003],[9.060662592000028,51.498703473000035],[9.07652183700003,51.503475147000074],[9.092328869000028,51.49438795300006],[9.092084097000054,51.487330428000064],[9.077185433000068,51.46487161300007],[9.086937070000033,51.461164815000075],[9.084677063000072,51.45644054300004],[9.086415850000037,51.44908282400007],[9.094329852000044,51.44459823100004],[9.102594184000054,51.443202229000065],[9.13180423700004,51.446290015000045],[9.13574929300006,51.45018705900003],[9.149298761000068,51.442015009000045],[9.15840769600004,51.44309608400005],[9.161645013000054,51.444167744000026],[9.162641552000025,51.45000088100005],[9.174350380000021,51.46294668000007],[9.185100362000071,51.466333563000035],[9.216465954000057,51.45959399900005],[9.218961701000069,51.47273138700007],[9.216640648000066,51.48116523500005],[9.223333641000067,51.48499330000004],[9.225184633000026,51.489837273000035],[9.239803780000045,51.490857376000065],[9.236704692000046,51.492434797000044],[9.242088214000034,51.49768034400006],[9.26433303400006,51.49791064500005],[9.26943045300004,51.507125821000045],[9.282285104000039,51.51437279400005],[9.308324697000046,51.51264327500007],[9.31032637900006,51.51888725400005],[9.315850835000049,51.52301926800004],[9.309968656000024,51.53091061300006],[9.31108418100007,51.53734956800008],[9.314280130000043,51.53763584400008],[9.316000813000073,51.54363654700006],[9.320018195000046,51.546771989000035],[9.31703096900003,51.55236555000005],[9.331118931000049,51.55682484100004],[9.34606619400006,51.57026132000004],[9.352230905000056,51.58007469000006],[9.365309152000066,51.58496079500003],[9.369346449000034,51.59108177300004],[9.373522628000046,51.59101373400006],[9.370645165000042,51.59406333800007],[9.35626819600003,51.59767682700004],[9.336979275000033,51.611992186000066],[9.337098312000023,51.61470157000008],[9.358030937000024,51.62025924500006],[9.37126683100007,51.61924381700004],[9.371934851000049,51.625566295000056],[9.378266679000035,51.62673325500003],[9.39849943300004,51.62455737500005],[9.426669032000063,51.63081381000006],[9.444924396000033,51.644199007000054],[9.437007602000051,51.64821274600007],[9.440456998000059,51.650394024000036]]],[[[6.234184141000071,50.56650357600006],[6.239548235000029,50.58745439200004],[6.225180521000027,50.59045702900005],[6.219074137000064,50.58137998500007],[6.206251911000038,50.57626123500006],[6.203098906000037,50.56929446200007],[6.189312571000073,50.56609406000007],[6.174412224000037,50.557514351000066],[6.178442395000047,50.55401516000006],[6.178032319000067,50.541606701000035],[6.18864650200004,50.540309781000076],[6.196654860000024,50.53616598100007],[6.197493631000043,50.540836924000075],[6.205757516000062,50.546503167000026],[6.209621225000035,50.55508817700007],[6.224700419000044,50.55666606300008],[6.225901502000056,50.56200966400007],[6.234184141000071,50.56650357600006]]],[[[6.235461083000075,50.62592613800007],[6.260837456000047,50.62856049800007],[6.267473933000076,50.62652823900004],[6.270916792000037,50.62901773700003],[6.264500622000071,50.64053646500008],[6.245495491000042,50.639769630000046],[6.231521954000073,50.648035529000026],[6.227951467000025,50.64711764900005],[6.224864335000063,50.640921294000066],[6.214650622000022,50.63921017300004],[6.188229186000058,50.63925783900004],[6.183932736000031,50.64134667400003],[6.182378585000038,50.64695001200005],[6.178530493000039,50.64435731800006],[6.166590343000053,50.643687285000055],[6.183289225000067,50.632286427000054],[6.17556221600006,50.627274413000066],[6.181838384000059,50.62375983800007],[6.194321001000048,50.63390603100004],[6.199583735000033,50.631449350000025],[6.216922170000032,50.63221755400008],[6.235461083000075,50.62592613800007]]],[[[6.192613883000035,50.662582927000074],[6.188728225000034,50.66332644600004],[6.166980126000055,50.661020551000036],[6.183353889000045,50.65198251400005],[6.181437334000066,50.64971168100004],[6.183854755000027,50.64886466300004],[6.194424405000063,50.65752487800006],[6.192613883000035,50.662582927000074]]]]}},{"type":"Feature","id":null,"properties":{"shapeName":"Rheinland-Pfalz","shapeISO":"DE-RP","shapeID":"10402087B42728698084544","shapeGroup":"DEU","shapeType":"ADM1","_puzzle_simplification_tolerance":0.0017192,"name_en":"Rheinland-Pfalz","name_zh":"Rheinland-Pfalz一级行政区"},"geometry":{"type":"Polygon","coordinates":[[[8.422439263000058,49.583385415000066],[8.40904772600004,49.60504413800004],[8.392850516000067,49.615282480000076],[8.381985162000035,49.62728359000005],[8.36963086000003,49.65917305000005],[8.356488092000063,49.67798747900008],[8.357266999000046,49.69214161200006],[8.36335792400007,49.69863780900005],[8.381522439000037,49.70704300500006],[8.435958648000053,49.720989392000035],[8.455137211000022,49.74183895200008],[8.478632658000038,49.758228373000065],[8.479186194000022,49.76421191700007],[8.469554066000057,49.76917902400004],[8.429195652000033,49.766445445000045],[8.416297386000053,49.77386768700006],[8.406076883000026,49.79656903000006],[8.378448621000075,49.824820085000056],[8.37829554700005,49.83287093800004],[8.385099116000049,49.84821761500007],[8.383583802000032,49.85567786200005],[8.374561373000063,49.861620955000035],[8.357524456000021,49.86490149700006],[8.344010057000048,49.88010932000003],[8.343555977000051,49.89287277600005],[8.354723212000067,49.91321317300003],[8.340963698000053,49.95107573800004],[8.322339373000034,49.97359170500005],[8.290214664000075,49.99352141600008],[8.272350266000046,50.01029608300007],[8.244557721000035,50.027628382000046],[8.236403687000063,50.03013132600006],[8.180949141000042,50.035205982000036],[8.128452335000077,50.02397813400006],[8.079569941000045,50.00689871600008],[8.03635699800003,50.00231166000003],[7.967401579000068,49.977772909000066],[7.887255214000049,49.97184287300007],[7.878061593000041,49.97313236800005],[7.866057611000031,49.98045413800003],[7.857894596000051,50.007130077000056],[7.850557168000023,50.013937130000045],[7.829358338000077,50.02194160700003],[7.805884393000042,50.03934196700004],[7.779659194000033,50.05110661400005],[7.772490637000033,50.05846875600008],[7.773997185000042,50.06654010500006],[7.787575824000044,50.06927636800003],[7.787097270000061,50.072011012000075],[7.796208875000048,50.076575699000045],[7.80346109900006,50.08458000100006],[7.81463691600004,50.083420776000025],[7.816751340000053,50.08067947300003],[7.822089291000054,50.08400988300008],[7.827180286000043,50.08157222800003],[7.837194078000039,50.08412892400003],[7.839230250000071,50.08748051400005],[7.833335060000024,50.09226776600008],[7.836754041000063,50.09442724300004],[7.830064705000041,50.09318173100007],[7.830071079000049,50.09802558200005],[7.837254493000046,50.09970574100004],[7.838544008000042,50.10166245500005],[7.834570615000075,50.106098426000074],[7.837541545000022,50.10852650700008],[7.835231385000043,50.110021207000045],[7.84309083200003,50.11166097500006],[7.844918084000028,50.12349925800004],[7.85401610200006,50.12832878800003],[7.859979320000036,50.12762935300003],[7.865389466000067,50.12085110600003],[7.875278933000061,50.119446767000056],[7.878714815000023,50.11556429600006],[7.884716909000076,50.11437835100003],[7.897441791000062,50.12152900800004],[7.903223635000074,50.121552457000064],[7.919763384000021,50.108903061000035],[7.920363642000041,50.10368003700006],[7.930097218000071,50.103740112000025],[7.925326039000026,50.108845314000064],[7.924582527000041,50.11504047500006],[7.927761768000039,50.119136301000026],[7.923173380000037,50.12599212100008],[7.92248754700006,50.13445730500007],[7.932942308000065,50.143884316000026],[7.919643896000025,50.14779839000005],[7.908167190000029,50.15626271200006],[7.892376956000021,50.161800828000025],[7.884014221000029,50.169568592000076],[7.888663180000037,50.17370812200005],[7.882830211000055,50.18131748800005],[7.910215464000032,50.19349452300003],[7.912503256000036,50.196433271000046],[7.907826667000052,50.20075647800007],[7.911141963000034,50.20373042700004],[7.920799568000064,50.20796364500006],[7.947395101000041,50.21007197000006],[7.951559753000026,50.21426097900007],[7.948094843000035,50.21762290500004],[7.953052226000068,50.220398060000036],[7.971336245000032,50.222477610000055],[7.97381217700007,50.22524204500007],[7.986556798000038,50.228088101000026],[7.988869180000052,50.23104665800008],[7.986755023000057,50.23463737800006],[7.990203927000039,50.23866512800004],[7.991079728000045,50.23645165000005],[7.997072763000062,50.236195588000044],[7.993521188000045,50.23171567800006],[8.006368090000024,50.22870103200006],[8.002709510000045,50.224381135000044],[8.01152952800004,50.222376428000075],[8.011772716000053,50.218033485000035],[8.03544434500003,50.215661975000046],[8.036926301000051,50.21890117000004],[8.032869172000062,50.22082141200008],[8.040783346000069,50.225654828000074],[8.038050626000029,50.22692850000004],[8.039718347000075,50.22858476000005],[8.046672259000047,50.227635571000064],[8.058909586000027,50.23440564400005],[8.048395076000077,50.24065390900006],[8.049437307000062,50.244367185000044],[8.044089299000063,50.24247023700008],[8.03497991300003,50.245938685000056],[8.037874879000071,50.24910675400008],[8.031521171000065,50.25595603700003],[8.024943861000054,50.25419377600008],[8.021650501000067,50.258344814000054],[8.035774573000026,50.26457288700004],[8.035891845000037,50.27119223300008],[8.05294581000004,50.27413208200005],[8.072088310000026,50.27315254200005],[8.074710658000072,50.26719447600004],[8.082993208000062,50.26590197300004],[8.079031647000022,50.26100217100003],[8.092001154000059,50.26524527300006],[8.103120829000034,50.25978884300008],[8.10678516400003,50.26090964100007],[8.111064984000052,50.270724021000035],[8.121913617000075,50.27722503200005],[8.119780379000076,50.28303736300006],[8.122776944000066,50.29047226300003],[8.11860073400004,50.299679998000045],[8.102414396000029,50.30982647700006],[8.107159009000043,50.321574385000076],[8.10253891800005,50.323665549000054],[8.102677519000054,50.32701728500007],[8.093594601000063,50.328087606000054],[8.094069656000045,50.330348137000044],[8.074385206000045,50.329438878000076],[8.071944286000075,50.331772923000074],[8.076669787000071,50.33586979900008],[8.076769665000029,50.34840322100007],[8.069977462000054,50.35814439100005],[8.067323904000034,50.35775514800008],[8.065891015000034,50.36722237300006],[8.059756762000063,50.37531153200007],[8.058396167000069,50.37332009700003],[8.051002530000062,50.37591708100007],[8.053547384000069,50.37885255100008],[8.050936411000066,50.37951715100007],[8.046051336000062,50.374659629000064],[8.04849464800003,50.37828577000005],[8.04255573200004,50.38605418600008],[8.033615217000033,50.381748542000025],[8.014559715000075,50.38452504900005],[8.020303561000048,50.38614352900004],[8.021046887000068,50.39874525400006],[8.023757273000058,50.40076622600003],[7.987153910000075,50.398054613000056],[7.984299950000036,50.39900952700003],[7.989643041000022,50.401025881000066],[7.982418559000052,50.40809720100003],[7.971559408000076,50.406220467000026],[7.964191682000035,50.412225232000026],[7.96617202300007,50.415212816000064],[7.974933058000033,50.41421709000008],[7.981239428000038,50.418001495000055],[7.983861708000063,50.42586431900003],[7.987782203000052,50.42792160100004],[7.984375898000053,50.43231257600007],[7.989033130000053,50.43378271900008],[7.988095058000056,50.43550879000003],[7.978219894000063,50.43434751800004],[7.97518245200007,50.43762097700005],[7.989391520000027,50.43973238500007],[7.990632849000065,50.44393675400005],[8.001020849000042,50.44530610600003],[8.00011537000006,50.44748311700005],[8.008110241000054,50.44879981200006],[8.010766001000036,50.452692427000045],[8.01047486300007,50.460572514000035],[7.999617132000026,50.46312091500005],[7.99482107700004,50.47059520400006],[7.987667910000027,50.47272609800007],[7.98897481900002,50.47545544400003],[7.986513542000068,50.47505064900008],[7.98561591400005,50.482584433000056],[7.979198225000061,50.48464087200006],[7.981235176000041,50.49374229800003],[7.97890288900004,50.49538382900005],[7.989966932000073,50.49856929400005],[7.982937248000042,50.51146109200005],[7.99656408200002,50.517231554000034],[7.99285764800004,50.52211155600003],[8.004646508000064,50.53064985700007],[8.011075710000057,50.53059974400003],[8.028294119000066,50.544501111000045],[8.028374600000063,50.550558728000055],[8.040995701000043,50.55256885000006],[8.042908556000043,50.55381595500006],[8.041611266000075,50.55699325300003],[8.066421973000047,50.54893081300003],[8.070521467000049,50.53799815800005],[8.087303551000048,50.53853949300003],[8.090714655000056,50.53538793300004],[8.103427207000038,50.53262800700003],[8.117738251000048,50.53450892800004],[8.120880707000026,50.539660095000045],[8.116076255000053,50.53857964100007],[8.111169551000046,50.543663466000055],[8.118991995000044,50.548470389000045],[8.137912756000048,50.55094786600006],[8.132188962000043,50.55796032100005],[8.134670199000027,50.56395269400008],[8.13967159200007,50.566512706000026],[8.140185777000056,50.57201458000003],[8.152160899000023,50.59367498300003],[8.151592167000047,50.599370803000056],[8.147507999000027,50.602114372000074],[8.126018672000043,50.61009313800008],[8.137736045000054,50.61822203000003],[8.135558854000067,50.619520858000044],[8.138681637000047,50.620046753000054],[8.140884865000032,50.63022826800005],[8.12875574900005,50.638502980000055],[8.127491728000052,50.64508691800006],[8.12378569200007,50.64529887200007],[8.11009234100004,50.65725078100007],[8.112583578000056,50.67556798500004],[8.119700186000046,50.67714601100005],[8.125776743000074,50.68581405100008],[8.121063881000055,50.68542017000004],[8.109820137000042,50.698007775000065],[8.099173321000023,50.70355792600003],[8.08247945200003,50.70290436600004],[8.079578597000022,50.70608462600006],[8.059656033000067,50.69504331300004],[8.039689942000052,50.69737534700005],[8.043045796000058,50.71171577900003],[8.040325987000074,50.72565709300005],[8.02381966200005,50.73512147900004],[8.000229496000031,50.755080777000046],[7.984027801000025,50.76099008600005],[7.968861798000034,50.773921089000055],[7.964248181000073,50.783822490000034],[7.968979053000055,50.785618406000026],[7.967312567000022,50.798249088000034],[7.973937842000055,50.80417341800006],[7.974654069000053,50.81087813600004],[7.971959957000024,50.81469969200003],[7.976649291000058,50.82492997400004],[7.974059772000032,50.82864582900004],[7.978313123000021,50.83331176400003],[7.968071053000074,50.836041726000076],[7.966981800000042,50.844039517000056],[7.957688481000048,50.84886899400004],[7.952896069000076,50.84600905900004],[7.938303447000067,50.848379873000056],[7.922851855000033,50.84466176500007],[7.905851427000073,50.848109445000034],[7.89299821000003,50.85948065000008],[7.893944296000029,50.86450027200004],[7.887103903000025,50.86539832300008],[7.882458170000064,50.87489113700008],[7.845269519000055,50.87838361900003],[7.829263584000046,50.88238662200007],[7.826699862000055,50.89083591700006],[7.834964820000039,50.90185685700004],[7.833709738000039,50.90834653600007],[7.838380528000073,50.91033527900004],[7.851495862000036,50.925832410000055],[7.846528597000031,50.930743032000066],[7.838306960000068,50.92628756900007],[7.837626802000045,50.92900569600005],[7.828198491000023,50.928994844000044],[7.818898600000068,50.933296581000036],[7.813265981000029,50.94002724600006],[7.792810759000076,50.942335093000054],[7.785898056000065,50.93991411800005],[7.776218913000037,50.929036576000044],[7.757281422000062,50.920164001000046],[7.754488958000024,50.92161973100008],[7.735459232000039,50.91776539300008],[7.746872127000074,50.91239200100006],[7.745064030000037,50.905198978000044],[7.750604339000063,50.90566329900008],[7.760427260000029,50.900393948000044],[7.753021566000029,50.88837918400003],[7.758767439000053,50.879772236000065],[7.748309881000068,50.86721679400006],[7.765973969000072,50.85681948000007],[7.753187095000044,50.85136851300007],[7.760335232000045,50.84857516900007],[7.76218749700007,50.845134408000035],[7.758043379000071,50.84348242600004],[7.729342105000057,50.85052279100006],[7.72168851400005,50.843163736000065],[7.714285525000037,50.84044718600006],[7.713613873000043,50.83361504100003],[7.706390792000036,50.833855580000034],[7.706502580000063,50.83057180000003],[7.69942710600003,50.82501145200007],[7.674628277000068,50.81919510400007],[7.661003633000064,50.820364305000055],[7.664109173000043,50.815352862000054],[7.679510539000034,50.810046707000026],[7.674991345000024,50.80653314700004],[7.675047644000074,50.80266927300005],[7.682222419000027,50.795368531000065],[7.675944870000023,50.779327686000045],[7.668455510000058,50.78618629400006],[7.658936374000064,50.784827875000076],[7.662161360000027,50.77315629700007],[7.654814123000051,50.76976163100005],[7.655450742000028,50.76786954500005],[7.645393592000062,50.77088137900006],[7.618168809000053,50.77017082900005],[7.601042634000066,50.766312955000046],[7.598454945000071,50.76044024000004],[7.591616718000068,50.756199769000034],[7.59529717700002,50.75096932800005],[7.592374858000028,50.74054539400004],[7.580246126000077,50.73813749200008],[7.551900377000038,50.74634314600007],[7.521534043000031,50.73365542300007],[7.519387883000036,50.73740659200007],[7.520123911000042,50.72899688100006],[7.501940672000046,50.73001331900008],[7.479816338000035,50.71825391200008],[7.461333344000025,50.718624559000034],[7.453890400000034,50.71580053000008],[7.448619767000025,50.71744476300006],[7.444976230000066,50.716114925000056],[7.443150861000049,50.71119678800005],[7.423396633000038,50.70995096000007],[7.407050971000047,50.71818762400005],[7.397282413000028,50.71426992100004],[7.374010755000029,50.71821864300006],[7.367191351000031,50.70670770500004],[7.357136449000052,50.69790389600007],[7.368307872000059,50.69709009700006],[7.364635415000066,50.69223558700003],[7.36712338600006,50.690654935000055],[7.365116163000039,50.68761064300003],[7.372062799000048,50.68210706600007],[7.366175166000062,50.680704897000055],[7.36998705700006,50.67797130800005],[7.369315911000058,50.67254969100003],[7.364317150000034,50.672702436000066],[7.35582099800007,50.665231059000064],[7.355657061000045,50.65535540500008],[7.358976516000041,50.64949362200008],[7.333480804000033,50.638396070000056],[7.322175248000065,50.64171541500008],[7.313097427000059,50.637007141000026],[7.305099529000074,50.63757881300006],[7.297323120000044,50.63181575600004],[7.270054733000052,50.62642740900003],[7.264698493000026,50.62751138900006],[7.25657992400005,50.62468025800007],[7.251955077000048,50.62783877100003],[7.217027616000053,50.628066852000075],[7.216466828000023,50.624890994000054],[7.212399645000062,50.62340492100003],[7.211464005000039,50.648160174000054],[7.203786635000029,50.64966041100007],[7.198485710000057,50.64820873700006],[7.190635543000042,50.63604131000005],[7.18983890800007,50.62389544500007],[7.173981969000067,50.618909520000045],[7.17301984900007,50.61255228500005],[7.154717367000046,50.61470533900007],[7.149216780000074,50.60948396900005],[7.147851587000048,50.60029328200005],[7.135429965000071,50.60216905800007],[7.119386719000033,50.61230741400004],[7.115121105000071,50.61178614600004],[7.111822069000027,50.60925746500004],[7.111898937000035,50.60194591100003],[7.105319920000056,50.59665458300003],[7.103796716000033,50.591322554000044],[7.095271316000037,50.58636961000008],[7.087431034000076,50.58601195000006],[7.06902567700007,50.592744236000044],[7.066347430000064,50.60069920900003],[7.05925275900006,50.60037088300004],[7.056131464000032,50.60624076100004],[7.049194476000025,50.60434023000005],[6.998096295000039,50.56504990600007],[6.983576972000037,50.56573420800004],[6.977294072000063,50.56344629700004],[6.976104597000074,50.55777571700003],[6.972098291000066,50.55590736000005],[6.956515510000031,50.55703307500005],[6.95613962300007,50.56087697100003],[6.951382133000038,50.563379077000036],[6.930971323000051,50.560452256000076],[6.92204618300002,50.55428087300004],[6.925862031000065,50.54402518300003],[6.928966457000058,50.54261700200004],[6.931369914000072,50.53556593600007],[6.929349707000029,50.533143231000054],[6.923167268000043,50.53285247200006],[6.909003669000072,50.52550272800005],[6.898732278000068,50.52712805300007],[6.900754711000047,50.530785568000056],[6.882098443000075,50.526949442000046],[6.884490582000069,50.519943848000025],[6.897818523000069,50.517694739000035],[6.888554082000041,50.507009020000055],[6.907069078000063,50.50264234600007],[6.897866544000067,50.49226556900004],[6.901749058000064,50.49190949000007],[6.900360242000033,50.48976714300005],[6.905593791000058,50.48504808600006],[6.899213774000032,50.478038438000056],[6.903208769000059,50.475280637000026],[6.899882253000044,50.47098777800005],[6.901481603000036,50.46909197900004],[6.876703865000025,50.46479242600003],[6.866737951000061,50.456253469000046],[6.863113175000024,50.45695875500007],[6.858573833000037,50.45326582300004],[6.840540213000054,50.46394563400003],[6.812069506000057,50.47224399800007],[6.807492506000074,50.479097213000045],[6.806193596000071,50.48823565400005],[6.800937205000025,50.49131916700003],[6.779861857000071,50.48657719300007],[6.77538507600002,50.48249548900003],[6.768281664000028,50.48428354200007],[6.759128635000025,50.47458991800005],[6.744603261000066,50.47263046000006],[6.743243953000047,50.46774810200003],[6.74773311000007,50.466155737000065],[6.75384839000003,50.47142126800003],[6.758145396000032,50.470931730000075],[6.757072980000032,50.46303066100006],[6.762736454000049,50.46262576000004],[6.766624285000034,50.45864375700006],[6.762935909000021,50.45569515700004],[6.764625179000063,50.450785945000064],[6.743698939000069,50.44092421000005],[6.745523503000072,50.435929558000055],[6.757818606000058,50.43405088000003],[6.760315480000031,50.43139329100006],[6.771200603000068,50.43605306100005],[6.769242187000032,50.43247599400007],[6.770693111000071,50.425045467000075],[6.785122975000036,50.420633303000045],[6.779232953000076,50.41360654700003],[6.779307456000026,50.40497300100003],[6.770480986000052,50.39772292500004],[6.769311744000049,50.39274798000008],[6.78468736800005,50.37475056400007],[6.802745410000057,50.36930462200007],[6.800711449000062,50.36178133700008],[6.795592455000076,50.35954428400004],[6.795203832000027,50.361973170000056],[6.783082585000045,50.36191485400008],[6.777686249000055,50.36443378700005],[6.776766458000054,50.35808862700003],[6.77088556700005,50.36121315300005],[6.753523026000039,50.35411639600005],[6.732403727000076,50.35249742600007],[6.706034431000035,50.342790567000065],[6.699244644000032,50.336097402000064],[6.696356363000064,50.346389240000065],[6.686767538000026,50.35837877000006],[6.667350811000063,50.371967760000075],[6.65601474500005,50.36743542900007],[6.657531020000022,50.35698974200005],[6.652266137000026,50.35231753700003],[6.654226468000047,50.351076790000036],[6.636206238000057,50.34537215200004],[6.629840148000028,50.35123198700006],[6.623559011000054,50.35162698100004],[6.621806716000037,50.35999642300004],[6.625033082000073,50.362204672000075],[6.625475003000076,50.37170712900007],[6.627430004000075,50.37191721800008],[6.625353920000066,50.37488358200005],[6.616273171000046,50.377018657000065],[6.604088071000035,50.37511937700003],[6.601196695000056,50.37838207400006],[6.606759412000031,50.380967428000076],[6.603085713000041,50.38822220600008],[6.585170620000042,50.38250437800008],[6.581850141000075,50.37754363800008],[6.569188709000059,50.37663353200003],[6.566520597000022,50.37248751800007],[6.559015792000025,50.36940999700005],[6.543177865000075,50.36624406900006],[6.544690468000056,50.370052884000074],[6.542182705000073,50.37105677400007],[6.530450524000059,50.369345354000075],[6.516616695000039,50.362189440000066],[6.516404468000076,50.35538799100004],[6.507121786000027,50.35987731200004],[6.503494665000062,50.355489016000035],[6.504789402000029,50.352353263000055],[6.491782289000071,50.34699797400003],[6.484743817000037,50.33856107100007],[6.475221217000069,50.33845281200007],[6.46598205500004,50.342588919000036],[6.451615287000038,50.33642410300007],[6.449590633000071,50.33835314300006],[6.458667809000076,50.34397164900008],[6.457152474000054,50.35176696900004],[6.461162141000045,50.359026861000075],[6.458919343000048,50.36201172800003],[6.449474166000073,50.36378465300004],[6.448561199000039,50.37133836100003],[6.435386961000063,50.37031884400005],[6.433154166000065,50.36429209800008],[6.430023535000032,50.36318994000004],[6.420877816000029,50.368903042000056],[6.420842848000063,50.37320022700004],[6.414850020000074,50.37454620700004],[6.422030762000077,50.38194789800008],[6.418243992000043,50.38278619300007],[6.413042934000032,50.38948596200004],[6.38500583900003,50.38418665900008],[6.391868918000057,50.37984539300004],[6.389003441000057,50.371686510000075],[6.397299928000052,50.36768467500008],[6.395452201000069,50.36141870600005],[6.405977283000027,50.36382203200003],[6.397181221000039,50.357911933000025],[6.404667036000035,50.35058017700004],[6.403267068000048,50.34654845800003],[6.407908814000052,50.339379732000054],[6.414994991000071,50.33266054000006],[6.42406186200003,50.33382680500006],[6.422230027000069,50.330598749000046],[6.425294811000072,50.32301195400004],[6.415182105000042,50.32454474900004],[6.382575157000076,50.32204551500007],[6.375914660000035,50.317512915000066],[6.375073367000027,50.31379527300004],[6.361558023000043,50.31471073900008],[6.357892949000075,50.31126212400005],[6.363317313000039,50.30542903700007],[6.351305559000025,50.310798754000075],[6.348377455000048,50.314955403000056],[6.340480403000072,50.315768766000076],[6.342918084000075,50.31844354000003],[6.334891356000071,50.31642209900008],[6.333323257000075,50.32316015600003],[6.32727498600002,50.32453545800007],[6.318005656000025,50.31907010600003],[6.312802382000029,50.32186330400003],[6.306466408000063,50.320144877000075],[6.305481753000038,50.31761251800003],[6.309231614000055,50.31170244900005],[6.296116168000026,50.309014509000065],[6.298094650000053,50.30214763600003],[6.294651109000029,50.30131845600005],[6.291501371000038,50.295633355000064],[6.28585954600004,50.294065286000034],[6.288611011000057,50.290516429000036],[6.285157922000053,50.284320302000026],[6.292089776000068,50.27882917000005],[6.27794272400007,50.266430728000046],[6.261544554000068,50.26506830800008],[6.25872765500003,50.26777595000004],[6.24547539100007,50.26194026100006],[6.236086363000027,50.262527601000045],[6.223625038000023,50.25865962100005],[6.218437775000041,50.25438083500006],[6.21576649900004,50.257011815000055],[6.205344851000063,50.25120491800004],[6.206658062000031,50.24928936200007],[6.197517525000023,50.23810394700007],[6.17568740300004,50.23541597900004],[6.173579892000021,50.232046627000045],[6.177080829000033,50.22681614500004],[6.168184967000059,50.22455110800007],[6.16640819600002,50.22004043800007],[6.177971513000045,50.21649389400005],[6.183078495000075,50.207664702000045],[6.188914088000047,50.20527996700008],[6.18529167500003,50.20297134000003],[6.186496571000021,50.19563523000005],[6.183888848000038,50.19206692700004],[6.190276672000039,50.18761206100004],[6.185830873000043,50.184037620000026],[6.192752035000069,50.18187401000006],[6.183407962000047,50.178150938000044],[6.165317257000027,50.17906200900006],[6.161396570000022,50.17758843200005],[6.160341730000027,50.171816127000056],[6.156016322000028,50.17185018400005],[6.152719991000026,50.17624948200006],[6.14689498000007,50.177776452000046],[6.144272020000074,50.17350350000004],[6.147584477000066,50.17045700500006],[6.139793750000024,50.169267898000044],[6.147522901000059,50.16063037500004],[6.143389720000073,50.15585822400004],[6.132532511000022,50.15554307000008],[6.13211347500004,50.15355316700004],[6.140554200000054,50.14798079700006],[6.148528333000058,50.15188799100008],[6.152871436000055,50.15009031200003],[6.154657554000039,50.141899720000026],[6.148418665000065,50.13625575200007],[6.138819022000064,50.13503482300007],[6.136800863000076,50.12460298600007],[6.129602540000064,50.12158060200005],[6.12883739800003,50.11494082000007],[6.134995505000063,50.11331624400003],[6.13100042800005,50.10695363600007],[6.135513480000043,50.10337742300004],[6.126733515000069,50.102097135000065],[6.125528717000066,50.09973301500003],[6.132980627000052,50.093236112000056],[6.120486676000041,50.09221377400007],[6.121986238000034,50.08131100700007],[6.116140603000076,50.074333007000064],[6.121019539000031,50.07254576500003],[6.124929276000046,50.07690240200003],[6.129285904000028,50.07354948200003],[6.121448904000033,50.06887066500008],[6.120575637000059,50.06485940600004],[6.113723828000047,50.065397473000075],[6.112354826000058,50.060508553000034],[6.11811622700003,50.056380224000065],[6.120532138000044,50.06005010500007],[6.12393812800002,50.05975155400006],[6.121507672000064,50.05287611600005],[6.134330146000025,50.04011817500003],[6.129668219000052,50.02998106000007],[6.145883525000045,50.02273204900007],[6.137420108000072,50.015769497000065],[6.129768553000076,50.018795873000045],[6.138241537000056,50.011193726000045],[6.149644162000072,50.00888242800005],[6.145278937000057,49.99841395200008],[6.139711222000074,50.000061060000064],[6.138016082000036,49.99822197700007],[6.141875348000042,49.99487850600008],[6.150728141000059,49.994186640000066],[6.157250816000044,49.98720549300003],[6.17237313000004,49.98480145800005],[6.169144850000066,49.98357000300007],[6.164932604000057,49.97054815600006],[6.169884754000066,49.96350654400004],[6.175586251000027,49.961791721000054],[6.177785500000027,49.954034903000036],[6.182041570000024,49.95308066000007],[6.18785525100003,49.95596221300008],[6.181771653000055,49.96382962500007],[6.185493312000062,49.96777649200004],[6.19099385800007,49.96875737800008],[6.197562131000041,49.94840531700004],[6.205202204000045,49.95518687100008],[6.211638032000053,49.95023125100005],[6.223907289000067,49.949939441000026],[6.216596708000054,49.94443285400007],[6.227317621000054,49.93658553200004],[6.223549097000046,49.93413102100004],[6.226167490000023,49.929389023000056],[6.217967266000073,49.923536640000066],[6.231751704000033,49.91852269200007],[6.234003177000034,49.91278907900005],[6.227022248000026,49.91076252300007],[6.231879595000066,49.90684364600003],[6.233642734000057,49.900376410000035],[6.24671982600006,49.89533444400007],[6.262069226000051,49.88093364000008],[6.273524429000076,49.87702062100004],[6.281966227000055,49.87876483500003],[6.29153008000003,49.87456527000006],[6.296540332000063,49.86648188100003],[6.31100073500005,49.869944503000056],[6.314335941000024,49.865965704000075],[6.314536093000072,49.85967858300006],[6.322510068000042,49.852046769000026],[6.319726653000032,49.84244548600003],[6.322636569000053,49.83803201000006],[6.328294695000068,49.83606556700005],[6.33544921500004,49.83821646800004],[6.342193320000035,49.849106719000076],[6.364172103000044,49.850767362000056],[6.397426920000044,49.82230528600007],[6.425524454000026,49.815907468000034],[6.429140217000054,49.810859048000054],[6.440698658000031,49.814248246000034],[6.443486362000044,49.81163011900003],[6.454502266000077,49.81153691800006],[6.470853873000067,49.822562093000045],[6.47999616200002,49.81902233900007],[6.487732314000027,49.81223000800003],[6.505755685000054,49.80923254700008],[6.511375083000075,49.80179215900006],[6.51642767900006,49.80531658700005],[6.519506356000022,49.81289090800004],[6.529314321000072,49.80938685500007],[6.530454810000037,49.804992767000044],[6.520995801000026,49.79698548700003],[6.506034241000066,49.79013302800007],[6.516818203000071,49.783246072000054],[6.509760673000073,49.77415864000005],[6.517546841000069,49.768739622000055],[6.518620190000036,49.762449710000055],[6.500498571000037,49.75213908600006],[6.502198342000042,49.73261360600003],[6.517162918000054,49.72359518700006],[6.511636614000054,49.721088475000045],[6.502574668000022,49.72670583400003],[6.495976813000027,49.72595576300006],[6.496177644000056,49.72309282300006],[6.506512410000028,49.71637301000004],[6.507018527000071,49.71264027400008],[6.496197969000036,49.70967820000004],[6.480366176000075,49.696814274000076],[6.459138629000051,49.690790340000035],[6.447306884000056,49.678249953000034],[6.428219855000066,49.666872941000065],[6.426600528000051,49.66123621600008],[6.437787738000054,49.65993386300005],[6.44080290100004,49.65592026000007],[6.421434456000043,49.62004862300006],[6.399835667000048,49.60271790300004],[6.38582193000002,49.59988424800008],[6.374925348000033,49.59189399200005],[6.374184639000021,49.58777600900004],[6.381886132000034,49.580835910000076],[6.38096249900002,49.577176208000026],[6.367681208000022,49.57864361500003],[6.357852034000075,49.57382073800005],[6.359015161000059,49.57029928900005],[6.381403654000053,49.55840729100004],[6.380052620000072,49.55110477200003],[6.393914489000053,49.54744749500003],[6.410905568000032,49.54708173300003],[6.414959673000055,49.545660774000055],[6.414320321000048,49.54325900600003],[6.430297761000077,49.54896277300003],[6.444061519000059,49.54293502100006],[6.449320519000025,49.54394374200007],[6.452071910000029,49.53827724200005],[6.467921554000043,49.54436640800003],[6.494120576000057,49.530622805000064],[6.499292045000061,49.530355781000026],[6.507560341000044,49.53527035600007],[6.514926786000046,49.535080221000044],[6.514861407000069,49.52922190100003],[6.517436954000061,49.52754701200007],[6.52521002800006,49.52944271000007],[6.538553918000048,49.53945252800003],[6.554750564000074,49.53596356000003],[6.563963086000058,49.54055759000005],[6.578288739000072,49.53012846000007],[6.579728725000052,49.52218767900007],[6.588431339000067,49.517471819000036],[6.604679366000028,49.51725918000005],[6.610318092000057,49.52108416600004],[6.607020555000076,49.52739825900005],[6.619658321000031,49.53056131900007],[6.616971897000042,49.53552241600005],[6.632775018000075,49.541903425000044],[6.64110426700006,49.54023887100004],[6.641348977000064,49.53775292800003],[6.645950747000029,49.53914295200008],[6.651484352000068,49.54396256700005],[6.650428330000068,49.54951177500004],[6.652819792000059,49.55093553700004],[6.658208591000061,49.54394727700003],[6.664114863000066,49.54273708100004],[6.68418254200003,49.548153694000064],[6.690446749000046,49.53520390300008],[6.693643709000071,49.539554569000074],[6.69996345900006,49.541199764000055],[6.708582332000049,49.553308095000034],[6.733988304000036,49.56020687500006],[6.747981784000046,49.55790797000003],[6.767500050000024,49.569043659000044],[6.778155803000061,49.57022395200005],[6.798208284000054,49.58634882600006],[6.813441977000025,49.591999119000036],[6.822300815000062,49.58636084300008],[6.824263166000037,49.58840632400006],[6.835420961000068,49.582931924000036],[6.841652762000024,49.58882283400004],[6.839124255000058,49.59263577400003],[6.846006330000023,49.589615854000044],[6.857205794000038,49.605181653000045],[6.866435191000051,49.60865975100006],[6.870613971000068,49.608387124000046],[6.872470650000025,49.604564614000026],[6.879560672000025,49.60117102900006],[6.882599488000039,49.608437983000044],[6.889807970000049,49.60628296400006],[6.88548098900003,49.610947906000035],[6.89145381000003,49.61342263500006],[6.89144525200004,49.61628661800006],[6.906315168000049,49.61413913100006],[6.921429474000035,49.616663051000046],[6.926206902000047,49.61219880500005],[6.929578001000039,49.61243520900007],[6.931020505000049,49.61446225800006],[6.927691850000031,49.61829409400008],[6.935012569000037,49.61597392300007],[6.937776298000074,49.61773760800003],[6.93452277800003,49.62009394100005],[6.934056329000043,49.622997456000064],[6.937045875000024,49.62510921200004],[6.932763026000032,49.63102683500006],[6.940917230000025,49.634922464000056],[6.948612308000065,49.635128277000035],[6.95139518700006,49.62511900900006],[6.958836207000047,49.63078328800003],[6.966810451000072,49.63039317300007],[6.975078712000027,49.63540664400006],[6.978399091000028,49.63588833400007],[6.977676574000043,49.63271351800006],[6.988892165000038,49.63293609900006],[6.991534824000041,49.635467875000074],[6.98596367600004,49.62073133400003],[7.00102363000002,49.63088023700004],[7.012397686000043,49.62835844300008],[7.02798012300002,49.639438288000065],[7.059079921000034,49.63047962200005],[7.079629762000025,49.61208415100003],[7.087674799000069,49.599583831000075],[7.092991730000051,49.60358910200006],[7.100635229000034,49.60243288800007],[7.100158923000038,49.60568292100004],[7.103278990000035,49.60442158500007],[7.104798796000068,49.59902772300006],[7.118403594000029,49.59598284500004],[7.138657458000068,49.59731983200004],[7.149309144000028,49.60367878400007],[7.16544387600004,49.59705048600006],[7.173713124000074,49.599068172000045],[7.175088747000075,49.59463295100005],[7.171098541000049,49.587878524000075],[7.173454037000056,49.58508416300003],[7.182141110000032,49.58265593200008],[7.188373828000067,49.57566152800007],[7.209999247000042,49.57714872400004],[7.214006639000047,49.574455725000064],[7.209758738000062,49.56817259200005],[7.213352545000021,49.565845814000056],[7.224401128000068,49.56483394800006],[7.240829449000046,49.56897410100004],[7.240775067000072,49.57322288100005],[7.252576323000028,49.57398589400003],[7.26134165600007,49.58317931400006],[7.268704012000057,49.584083425000074],[7.262100928000052,49.57361087100003],[7.267723021000052,49.56808078000006],[7.267481189000023,49.56387761700006],[7.274861976000068,49.560567699000046],[7.273305219000065,49.554770975000054],[7.276622619000022,49.54862364200005],[7.276111492000041,49.537423431000036],[7.302014891000056,49.534812137000074],[7.299706060000062,49.52955800700005],[7.309871873000077,49.52322051900006],[7.307831434000036,49.51995100800008],[7.301048506000029,49.51796833600008],[7.298816769000041,49.51913465200005],[7.30164534000005,49.521630393000066],[7.298821750000059,49.52062119500005],[7.297114424000029,49.52289321600006],[7.285688644000061,49.51690660700007],[7.288692643000047,49.51320906800004],[7.282771731000025,49.510511284000074],[7.280944441000031,49.50552484700006],[7.285433194000063,49.50465312700004],[7.282739122000066,49.50194701400005],[7.287066779000043,49.49906282000006],[7.283067976000041,49.49546416900006],[7.279769183000042,49.48711284600006],[7.281915228000059,49.48603052100003],[7.278135697000039,49.48427479600008],[7.296841237000024,49.48354965600004],[7.304825739000023,49.47244594400007],[7.301092943000072,49.466685376000044],[7.286269750000031,49.46007780300005],[7.286927387000048,49.45768941000006],[7.274811233000037,49.45566254100004],[7.273468080000043,49.45181521900008],[7.246437660000026,49.44551838400008],[7.255328278000036,49.44059740500006],[7.253828340000041,49.43614092100006],[7.250246332000074,49.43517793500007],[7.260958405000054,49.42362218400007],[7.272788930000047,49.42421314000006],[7.290070229000037,49.41470529000003],[7.29012883200005,49.411150287000055],[7.297219221000034,49.40458100700005],[7.294242900000029,49.40101169500008],[7.298941266000043,49.39851936500003],[7.28965604900003,49.39329375800003],[7.292144387000064,49.39284887000008],[7.289341252000042,49.388814350000075],[7.301983464000045,49.389309765000064],[7.316197610000074,49.384328872000026],[7.317753007000022,49.38139681700005],[7.33135826900002,49.37885010600007],[7.355817014000024,49.379770146000055],[7.354843746000029,49.37442172100003],[7.369106571000032,49.37398256900008],[7.36637958700004,49.363410361000035],[7.399838149000061,49.37173864400006],[7.402075305000039,49.36771865500003],[7.393351927000026,49.363479168000026],[7.402625116000024,49.35620933800004],[7.390887299000042,49.35343930200003],[7.389888861000031,49.349834602000044],[7.398667936000038,49.350493835000066],[7.39833800200006,49.34789806600003],[7.403773228000034,49.346115370000064],[7.392801075000023,49.32826178400006],[7.377726254000038,49.32039364800005],[7.380812873000025,49.316806248000034],[7.38553814100004,49.32045292500004],[7.392082972000026,49.320849149000026],[7.394449190000046,49.31465388500004],[7.390222249000033,49.31224469400007],[7.391883630000052,49.309597170000075],[7.384016032000034,49.30995240100003],[7.380675010000061,49.30673641700008],[7.379984279000041,49.29760131000006],[7.385427185000026,49.29412396600003],[7.371695485000032,49.28091265100005],[7.367012343000056,49.28308699200005],[7.365326614000026,49.27812411000008],[7.354958595000028,49.282209943000055],[7.355823222000026,49.28371971800004],[7.334463167000024,49.278284892000045],[7.34350586000005,49.27428073600004],[7.34401929400002,49.270441678000054],[7.339081374000045,49.26392833300008],[7.32485809700006,49.25746299300005],[7.327785354000071,49.254561238000065],[7.324554152000076,49.248141685000064],[7.315898347000029,49.25148763200008],[7.312188995000042,49.257027598000036],[7.306515069000056,49.25614038200007],[7.302929985000048,49.251003541000046],[7.303463869000041,49.245497982000074],[7.289132351000035,49.237821137000026],[7.294503601000031,49.234708040000044],[7.288958158000071,49.23059512300006],[7.304004309000049,49.22211313300005],[7.302651482000044,49.216492035000044],[7.298277379000069,49.21402320300007],[7.301284782000039,49.20947805800006],[7.295756776000076,49.20534679000008],[7.30353807900002,49.205768945000045],[7.305737543000021,49.201041229000054],[7.321208563000027,49.188517227000034],[7.338485202000072,49.18443212500006],[7.335322405000056,49.180579168000065],[7.335878083000068,49.175866625000026],[7.343122137000023,49.17300969400003],[7.350148373000025,49.16283818800008],[7.361174199000061,49.16129978600003],[7.36266786300007,49.15838864700004],[7.368755430000022,49.16145788100005],[7.365021965000039,49.16715854700004],[7.366565800000046,49.17226817100004],[7.445646679000049,49.184151030000066],[7.435884022000039,49.17966398600004],[7.441713242000048,49.172025732000066],[7.432881775000055,49.168122752000045],[7.43446110800005,49.16476775400008],[7.44818815800005,49.168751350000036],[7.45974635400006,49.162822282000036],[7.472211885000036,49.168516656000065],[7.49398431000003,49.16936408500004],[7.492523796000057,49.16428085700005],[7.496054561000051,49.15507302000003],[7.506408676000035,49.154707047000045],[7.505979073000049,49.15051544500005],[7.497658841000032,49.14619799700006],[7.495258007000075,49.14134444700005],[7.489861143000041,49.14227726100006],[7.489565927000058,49.136474443000054],[7.497573146000036,49.13457387100004],[7.50551968000002,49.122372719000055],[7.515510035000034,49.12095607500004],[7.521982990000026,49.10785952600003],[7.529456660000051,49.102053848000025],[7.52867776100004,49.09709186600003],[7.53779559700007,49.09641466900007],[7.535693226000035,49.09359544100005],[7.563619455000037,49.08022611400003],[7.600971702000038,49.08323457300003],[7.620139671000061,49.07410715300006],[7.629311382000026,49.07355078300003],[7.632548709000048,49.06379545500005],[7.631201346000068,49.05488570700004],[7.673367882000036,49.04508635800005],[7.680948196000031,49.04895323200003],[7.697621704000028,49.04970102100003],[7.692450612000073,49.054118033000066],[7.695948361000035,49.05779715400007],[7.705630842000062,49.05614933700008],[7.708239672000047,49.052479153000036],[7.717716278000069,49.05390345600006],[7.721168135000028,49.05127106000003],[7.731427212000028,49.05553086500004],[7.73227014400004,49.043960929000036],[7.74074564600005,49.04730682700006],[7.761087506000024,49.045515246000036],[7.769265702000041,49.047576107000054],[7.780016750000073,49.058315038000046],[7.789433386000042,49.05872227200007],[7.794402497000021,49.06568567200003],[7.810483318000024,49.06125828200004],[7.812631773000021,49.05710675300003],[7.82594165200004,49.05218762900006],[7.830512887000054,49.04727470800003],[7.842343324000069,49.04552249100004],[7.845708375000072,49.04258737300006],[7.849860801000034,49.04400890000005],[7.854653992000067,49.035482312000056],[7.866825986000038,49.03291668400004],[7.881280537000066,49.04604523200004],[7.889131640000073,49.04904077600003],[7.902541708000058,49.044543186000055],[7.910689600000069,49.04510641600007],[7.913112205000061,49.040114310000035],[7.916982913000027,49.04088245300005],[7.923445618000073,49.04406387800003],[7.932791982000026,49.05805758400004],[7.940709320000053,49.05420951000008],[7.945138574000055,49.055406137000034],[7.945315673000039,49.049659603000066],[7.949018204000026,49.04719718100006],[7.966525403000048,49.04154072000006],[7.966848995000021,49.03639801400004],[7.972018598000034,49.035890780000045],[7.974788941000043,49.026799538000034],[7.996330180000029,49.029052626000066],[8.011214815000073,49.025515624000036],[8.013169572000038,49.02130175500008],[8.01911038000003,49.02151950900003],[8.022805343000073,49.018087010000045],[8.031019401000037,49.018868815000076],[8.04897595400007,49.01429247600004],[8.063925598000026,49.00553343100006],[8.064943355000025,48.999984065000035],[8.070122491000063,48.996296769000026],[8.085517921000076,48.99320199600004],[8.087683835000064,48.989820199000064],[8.106345675000057,48.98907884700003],[8.108169702000055,48.98643222100003],[8.119530411000028,48.98478811200005],[8.123801236000077,48.98636589800003],[8.139902376000066,48.97845033200008],[8.194393516000048,48.97713167200004],[8.197452097000053,48.97260260200005],[8.195391566000069,48.96905226200005],[8.19948056000004,48.966897559000074],[8.215128899000035,48.97519231900003],[8.22259587600007,48.97592949400007],[8.232632820000049,48.966571447000035],[8.27734896100003,48.98993894000006],[8.28759666700006,48.99842746200005],[8.297374095000066,49.01350525000004],[8.304136846000063,49.04065170700005],[8.311686690000045,49.05430717400003],[8.320537716000047,49.064959800000054],[8.345907401000034,49.08461977200005],[8.358091294000076,49.09778419500003],[8.372708393000039,49.15198129200007],[8.367625062000059,49.164248677000046],[8.368431128000054,49.168052405000026],[8.381210559000067,49.18568633700005],[8.385015524000039,49.19830067300006],[8.398497917000043,49.20771875600008],[8.405251528000065,49.220560782000064],[8.403212177000057,49.22465594000005],[8.398535109000022,49.22575275500003],[8.384803778000048,49.21962764400007],[8.390815976000056,49.23609487400006],[8.400686476000033,49.24415939100004],[8.43980328300006,49.26234679800007],[8.458194880000065,49.27910869300007],[8.482255381000073,49.286544262000064],[8.489068840000073,49.29312437200008],[8.487739758000032,49.300455492000026],[8.483849839000072,49.30494811700004],[8.455803728000035,49.31420976000004],[8.450484521000021,49.32314148200004],[8.455523799000048,49.332090347000076],[8.483291437000048,49.34859153200006],[8.496811192000052,49.36418049700006],[8.500916692000033,49.376360985000076],[8.500397519000046,49.38901364900005],[8.493779263000022,49.387203690000035],[8.473231192000071,49.37336427300005],[8.464517077000039,49.376392689000056],[8.463528358000076,49.38442891700004],[8.496188845000063,49.40213636000004],[8.497315944000036,49.411346937000076],[8.508242487000075,49.43449342100007],[8.505686050000065,49.439076887000056],[8.498879478000049,49.44265448600004],[8.455527662000065,49.44376037200004],[8.442690860000027,49.45023919100004],[8.441570553000076,49.45479039300005],[8.444322354000064,49.45918726000008],[8.460875914000042,49.465022342000054],[8.463795388000051,49.47040266000005],[8.442963907000035,49.492695592000075],[8.423910170000056,49.54060089500007],[8.41472533700005,49.553896792000046],[8.41506651100002,49.56327923900005],[8.423488769000073,49.57611490200003],[8.422439263000058,49.583385415000066]]]}},{"type":"Feature","id":null,"properties":{"shapeName":"Saarland","shapeISO":"DE-SL","shapeID":"10402087B83775792336645","shapeGroup":"DEU","shapeType":"ADM1","_puzzle_simplification_tolerance":0.0017192,"name_en":"Saarland","name_zh":"Saarland一级行政区"},"geometry":{"type":"Polygon","coordinates":[[[6.380052620000072,49.55110477200003],[6.356994235000059,49.53129416500008],[6.367520107000075,49.502730317000044],[6.367083526000044,49.46951204900006],[6.37501334600006,49.46412624900006],[6.379906878000043,49.46621537200008],[6.393405394000069,49.46405012300005],[6.408417944000064,49.46776760500006],[6.420440524000071,49.47642027100005],[6.429131061000021,49.476240508000046],[6.440549723000061,49.466709749000074],[6.44314629400003,49.46817164500004],[6.455656708000049,49.46267944500005],[6.464606733000039,49.46636978600003],[6.486288045000038,49.45162109000006],[6.499367436000057,49.45038352800003],[6.524845866000021,49.43539766200007],[6.539413465000052,49.433723876000045],[6.550815843000066,49.42537952500004],[6.552547864000076,49.42128725200007],[6.557387786000049,49.41952896600003],[6.538675783000031,49.412204606000046],[6.537447835000023,49.40833384600006],[6.540819183000053,49.401250728000036],[6.552100051000025,49.39990307800008],[6.552250961000027,49.394214944000055],[6.560106396000037,49.39250834000006],[6.563587425000037,49.38810123900004],[6.576793270000053,49.389794204000054],[6.580281949000039,49.38549810500007],[6.586653315000035,49.38514689500005],[6.583148258000051,49.368422612000074],[6.594520046000071,49.37157452400004],[6.59959175900002,49.36654375200004],[6.60215886800006,49.36710876300003],[6.596640054000034,49.35925283100005],[6.591955596000048,49.35818032100008],[6.592757455000026,49.355467797000074],[6.588416578000022,49.34988332800003],[6.581600501000025,49.35629761200005],[6.574056386000052,49.35866492500003],[6.563621365000074,49.355912946000046],[6.565663992000054,49.347651703000054],[6.575694631000033,49.34166943100007],[6.578393298000037,49.33496239200008],[6.591163577000032,49.336244933000046],[6.589670346000048,49.33460756900007],[6.595595500000059,49.33005725700008],[6.58912127800005,49.32205817700003],[6.604808551000076,49.312144739000075],[6.615105684000071,49.30134949400008],[6.622358764000069,49.30313142300008],[6.63201454700004,49.295780697000055],[6.638798766000036,49.29568083200007],[6.644143894000024,49.28982933100008],[6.650389798000049,49.28853032000006],[6.653369677000057,49.28123722500004],[6.66011489400006,49.283665916000075],[6.670166015000063,49.28025366600008],[6.665925919000074,49.276928730000066],[6.667764306000038,49.27096552800003],[6.66042395900007,49.261184857000046],[6.661415408000039,49.25807518200003],[6.664305242000069,49.25445393200005],[6.675631286000055,49.25758781700006],[6.689998943000035,49.24955550200008],[6.685316732000047,49.24096091000007],[6.688920546000077,49.237923323000075],[6.690619139000034,49.23108896400004],[6.688635172000033,49.22214547900006],[6.695824979000065,49.215274312000076],[6.719738945000074,49.22110852800006],[6.723465469000075,49.218829235000044],[6.731444703000022,49.20595673200006],[6.711208356000043,49.18834183700005],[6.720324125000047,49.175319631000036],[6.738600536000035,49.16367513200004],[6.749814809000043,49.166718554000056],[6.761093120000055,49.16474483300004],[6.782724081000026,49.16815887200005],[6.834056611000051,49.15108044600004],[6.847517681000056,49.157157889000075],[6.844397281000056,49.17305714300005],[6.858995929000059,49.17461561600004],[6.86176751000005,49.178839322000044],[6.858358632000034,49.18686092400003],[6.85049682600004,49.19341308700007],[6.852169337000021,49.20000651400005],[6.836291470000049,49.21125976500008],[6.837990974000036,49.21349476000006],[6.85887333200003,49.22275744800004],[6.870432113000049,49.218809203000035],[6.873165701000062,49.21482695000003],[6.893345432000046,49.20914675100005],[6.900527132000036,49.21366413800007],[6.911530296000024,49.21506141000003],[6.918768754000041,49.21994870700007],[6.918713710000077,49.222720698000046],[6.925060579000046,49.22334642100003],[6.938108244000034,49.22243399900003],[6.939880058000028,49.21668534600008],[6.959603755000046,49.20309016500005],[6.975231047000022,49.20945394600005],[6.992573709000055,49.20082142100006],[6.999481067000033,49.19446355100007],[7.008901224000056,49.19397385100007],[7.010752729000046,49.18795310300004],[7.021464593000076,49.19314048200005],[7.023326273000066,49.18918992600004],[7.035012738000034,49.191416090000075],[7.033730417000072,49.18231754700008],[7.028473475000055,49.17577940000007],[7.027733019000038,49.170133228000054],[7.033033934000059,49.16362629300005],[7.032273307000025,49.156526675000066],[7.046502482000051,49.137337149000075],[7.044231766000053,49.120194404000074],[7.055031189000033,49.11209007600007],[7.066605204000041,49.114246595000054],[7.071819570000059,49.124330291000035],[7.090127912000071,49.130921648000026],[7.082077409000021,49.141854497000054],[7.084287981000045,49.143865996000045],[7.081311768000035,49.14834945300004],[7.083274862000053,49.153240925000034],[7.090253619000066,49.151938345000076],[7.099103773000024,49.15560947200004],[7.113235132000057,49.15196245700008],[7.103603519000046,49.145455138000045],[7.104057406000038,49.13838993100006],[7.125784822000071,49.14189550100008],[7.135600022000062,49.12840498700007],[7.159405821000064,49.12046706800004],[7.165057995000041,49.12859502200007],[7.176704112000039,49.12822999000008],[7.185470341000041,49.13123599200003],[7.196307755000021,49.12165217000006],[7.198041277000073,49.11516664100003],[7.205482222000057,49.12361261700005],[7.245054159000063,49.130110744000035],[7.265679566000074,49.12265136000008],[7.281587015000071,49.124370224000074],[7.283802543000036,49.12344353200007],[7.282359063000058,49.11691073000003],[7.293176905000053,49.11490733000005],[7.310210270000027,49.12943880300003],[7.313855904000036,49.137177233000045],[7.321358334000024,49.14138779400008],[7.32984969000006,49.14477052400008],[7.362726495000061,49.143148342000075],[7.361379422000027,49.15341903800004],[7.368755430000022,49.16145788100005],[7.36266786300007,49.15838864700004],[7.361174199000061,49.16129978600003],[7.350148373000025,49.16283818800008],[7.343122137000023,49.17300969400003],[7.335878083000068,49.175866625000026],[7.335322405000056,49.180579168000065],[7.338485202000072,49.18443212500006],[7.321208563000027,49.188517227000034],[7.305737543000021,49.201041229000054],[7.30353807900002,49.205768945000045],[7.295756776000076,49.20534679000008],[7.301284782000039,49.20947805800006],[7.298277379000069,49.21402320300007],[7.302651482000044,49.216492035000044],[7.304004309000049,49.22211313300005],[7.288958158000071,49.23059512300006],[7.294503601000031,49.234708040000044],[7.289132351000035,49.237821137000026],[7.303463869000041,49.245497982000074],[7.302929985000048,49.251003541000046],[7.306515069000056,49.25614038200007],[7.312188995000042,49.257027598000036],[7.315898347000029,49.25148763200008],[7.324554152000076,49.248141685000064],[7.327785354000071,49.254561238000065],[7.32485809700006,49.25746299300005],[7.339081374000045,49.26392833300008],[7.34401929400002,49.270441678000054],[7.34350586000005,49.27428073600004],[7.334463167000024,49.278284892000045],[7.355823222000026,49.28371971800004],[7.354958595000028,49.282209943000055],[7.365326614000026,49.27812411000008],[7.367012343000056,49.28308699200005],[7.371695485000032,49.28091265100005],[7.385427185000026,49.29412396600003],[7.379984279000041,49.29760131000006],[7.380675010000061,49.30673641700008],[7.384016032000034,49.30995240100003],[7.391883630000052,49.309597170000075],[7.390222249000033,49.31224469400007],[7.394494087000055,49.31635206200008],[7.392082972000026,49.320849149000026],[7.38553814100004,49.32045292500004],[7.380812873000025,49.316806248000034],[7.377726254000038,49.32039364800005],[7.392801075000023,49.32826178400006],[7.396446970000056,49.335970416000066],[7.400526107000076,49.33769788300003],[7.402590830000065,49.34310106700008],[7.400936009000077,49.34454720900004],[7.403773228000034,49.346115370000064],[7.39833800200006,49.34789806600003],[7.398667936000038,49.350493835000066],[7.389888861000031,49.349834602000044],[7.390887299000042,49.35343930200003],[7.402625116000024,49.35620933800004],[7.393351927000026,49.363479168000026],[7.402075305000039,49.36771865500003],[7.399838149000061,49.37173864400006],[7.395898693000049,49.37204605800008],[7.36637958700004,49.363410361000035],[7.369106571000032,49.37398256900008],[7.354843746000029,49.37442172100003],[7.355817014000024,49.379770146000055],[7.33135826900002,49.37885010600007],[7.317753007000022,49.38139681700005],[7.316197610000074,49.384328872000026],[7.301983464000045,49.389309765000064],[7.289341252000042,49.388814350000075],[7.292144387000064,49.39284887000008],[7.28965604900003,49.39329375800003],[7.298941266000043,49.39851936500003],[7.294242900000029,49.40101169500008],[7.297219221000034,49.40458100700005],[7.29012883200005,49.411150287000055],[7.290070229000037,49.41470529000003],[7.272788930000047,49.42421314000006],[7.260958405000054,49.42362218400007],[7.250246332000074,49.43517793500007],[7.253828340000041,49.43614092100006],[7.255328278000036,49.44059740500006],[7.246437660000026,49.44551838400008],[7.273468080000043,49.45181521900008],[7.274811233000037,49.45566254100004],[7.286927387000048,49.45768941000006],[7.286269750000031,49.46007780300005],[7.301092943000072,49.466685376000044],[7.304825739000023,49.47244594400007],[7.296841237000024,49.48354965600004],[7.278135697000039,49.48427479600008],[7.281915228000059,49.48603052100003],[7.279769183000042,49.48711284600006],[7.283067976000041,49.49546416900006],[7.287066779000043,49.49906282000006],[7.282739122000066,49.50194701400005],[7.285433194000063,49.50465312700004],[7.280944441000031,49.50552484700006],[7.282771731000025,49.510511284000074],[7.288692643000047,49.51320906800004],[7.285688644000061,49.51690660700007],[7.297114424000029,49.52289321600006],[7.298821750000059,49.52062119500005],[7.30164534000005,49.521630393000066],[7.298816769000041,49.51913465200005],[7.301048506000029,49.51796833600008],[7.307831434000036,49.51995100800008],[7.309871873000077,49.52322051900006],[7.299706060000062,49.52955800700005],[7.302014891000056,49.534812137000074],[7.276111492000041,49.537423431000036],[7.276622619000022,49.54862364200005],[7.273305219000065,49.554770975000054],[7.274861976000068,49.560567699000046],[7.267481189000023,49.56387761700006],[7.267723021000052,49.56808078000006],[7.262100928000052,49.57361087100003],[7.268704012000057,49.584083425000074],[7.26134165600007,49.58317931400006],[7.252576323000028,49.57398589400003],[7.240775067000072,49.57322288100005],[7.240829449000046,49.56897410100004],[7.224401128000068,49.56483394800006],[7.213352545000021,49.565845814000056],[7.209758738000062,49.56817259200005],[7.214006639000047,49.574455725000064],[7.209999247000042,49.57714872400004],[7.188373828000067,49.57566152800007],[7.182141110000032,49.58265593200008],[7.173454037000056,49.58508416300003],[7.171098541000049,49.587878524000075],[7.175088747000075,49.59463295100005],[7.173713124000074,49.599068172000045],[7.16544387600004,49.59705048600006],[7.149309144000028,49.60367878400007],[7.138657458000068,49.59731983200004],[7.118403594000029,49.59598284500004],[7.104798796000068,49.59902772300006],[7.103278990000035,49.60442158500007],[7.100158923000038,49.60568292100004],[7.100635229000034,49.60243288800007],[7.092991730000051,49.60358910200006],[7.087674799000069,49.599583831000075],[7.079629762000025,49.61208415100003],[7.059079921000034,49.63047962200005],[7.02798012300002,49.639438288000065],[7.012397686000043,49.62835844300008],[7.00102363000002,49.63088023700004],[6.98596367600004,49.62073133400003],[6.991534824000041,49.635467875000074],[6.988892165000038,49.63293609900006],[6.977676574000043,49.63271351800006],[6.978399091000028,49.63588833400007],[6.975078712000027,49.63540664400006],[6.966810451000072,49.63039317300007],[6.958836207000047,49.63078328800003],[6.95139518700006,49.62511900900006],[6.948612308000065,49.635128277000035],[6.940917230000025,49.634922464000056],[6.932763026000032,49.63102683500006],[6.937045875000024,49.62510921200004],[6.934056329000043,49.622997456000064],[6.93452277800003,49.62009394100005],[6.937776298000074,49.61773760800003],[6.935012569000037,49.61597392300007],[6.927691850000031,49.61829409400008],[6.931020505000049,49.61446225800006],[6.929578001000039,49.61243520900007],[6.926206902000047,49.61219880500005],[6.921429474000035,49.616663051000046],[6.906315168000049,49.61413913100006],[6.89144525200004,49.61628661800006],[6.89145381000003,49.61342263500006],[6.88548098900003,49.610947906000035],[6.889807970000049,49.60628296400006],[6.882599488000039,49.608437983000044],[6.879560672000025,49.60117102900006],[6.872470650000025,49.604564614000026],[6.870613971000068,49.608387124000046],[6.866435191000051,49.60865975100006],[6.857205794000038,49.605181653000045],[6.846006330000023,49.589615854000044],[6.839124255000058,49.59263577400003],[6.841652762000024,49.58882283400004],[6.835420961000068,49.582931924000036],[6.824263166000037,49.58840632400006],[6.822300815000062,49.58636084300008],[6.813441977000025,49.591999119000036],[6.798208284000054,49.58634882600006],[6.778155803000061,49.57022395200005],[6.767500050000024,49.569043659000044],[6.747981784000046,49.55790797000003],[6.733988304000036,49.56020687500006],[6.708582332000049,49.553308095000034],[6.69996345900006,49.541199764000055],[6.693643709000071,49.539554569000074],[6.690446749000046,49.53520390300008],[6.68418254200003,49.548153694000064],[6.664114863000066,49.54273708100004],[6.658208591000061,49.54394727700003],[6.652819792000059,49.55093553700004],[6.650428330000068,49.54951177500004],[6.651484352000068,49.54396256700005],[6.645950747000029,49.53914295200008],[6.641348977000064,49.53775292800003],[6.64110426700006,49.54023887100004],[6.632775018000075,49.541903425000044],[6.616971897000042,49.53552241600005],[6.619658321000031,49.53056131900007],[6.607020555000076,49.52739825900005],[6.610318092000057,49.52108416600004],[6.604679366000028,49.51725918000005],[6.588431339000067,49.517471819000036],[6.579728725000052,49.52218767900007],[6.578288739000072,49.53012846000007],[6.563963086000058,49.54055759000005],[6.554750564000074,49.53596356000003],[6.538553918000048,49.53945252800003],[6.52521002800006,49.52944271000007],[6.517436954000061,49.52754701200007],[6.514861407000069,49.52922190100003],[6.514926786000046,49.535080221000044],[6.507560341000044,49.53527035600007],[6.499292045000061,49.530355781000026],[6.494120576000057,49.530622805000064],[6.467921554000043,49.54436640800003],[6.452071910000029,49.53827724200005],[6.449320519000025,49.54394374200007],[6.444061519000059,49.54293502100006],[6.430297761000077,49.54896277300003],[6.414320321000048,49.54325900600003],[6.414959673000055,49.545660774000055],[6.410905568000032,49.54708173300003],[6.393914489000053,49.54744749500003],[6.380052620000072,49.55110477200003]]]}},{"type":"Feature","id":null,"properties":{"shapeName":"Sachsen","shapeISO":"DE-SN","shapeID":"10402087B89016843004490","shapeGroup":"DEU","shapeType":"ADM1","_puzzle_simplification_tolerance":0.0017192,"name_en":"Sachsen","name_zh":"Sachsen一级行政区"},"geometry":{"type":"Polygon","coordinates":[[[12.100900370000033,50.31802824400006],[12.106470860000059,50.32253318800008],[12.115481008000074,50.320471860000055],[12.114974549000067,50.316231333000076],[12.12468923800003,50.31540374000008],[12.130499774000043,50.31889312800007],[12.146816566000041,50.321803429000056],[12.18445310800007,50.32232471800006],[12.182583914000077,50.31761821100008],[12.186792283000045,50.311678518000065],[12.198275254000066,50.307353997000064],[12.201344719000076,50.30895158800007],[12.195618728000056,50.29317184100006],[12.202320813000028,50.28775369900006],[12.201456890000031,50.27278176100003],[12.247040661000028,50.268262572000026],[12.253703138000049,50.271085894000066],[12.266015955000057,50.25870157500003],[12.266036469000028,50.250214622000044],[12.255014404000065,50.25124786600003],[12.247539958000061,50.25779020500005],[12.245668952000074,50.25641376900006],[12.249597007000034,50.25429164900004],[12.241554870000073,50.25088018300005],[12.239627313000028,50.24616890800007],[12.251132695000024,50.24197425700004],[12.255121884000062,50.23673110200008],[12.265876943000023,50.23443468900007],[12.262767522000047,50.233684835000076],[12.26689642100007,50.231918661000066],[12.274576793000051,50.23328828400008],[12.286327836000055,50.22548294900008],[12.279401284000073,50.22461887900005],[12.279320520000056,50.222478128000034],[12.293877805000022,50.22127014500006],[12.28287318200006,50.213665881000054],[12.281823304000056,50.208202777000054],[12.28868172700004,50.21044516100005],[12.285127636000027,50.206025802000056],[12.288466623000033,50.20397566300005],[12.274669295000024,50.196686972000066],[12.277431536000051,50.191709453000044],[12.28220340300004,50.18851228800003],[12.28472183100007,50.18986806100003],[12.286237945000039,50.185479420000036],[12.290231917000028,50.18505281300003],[12.291934272000049,50.17840291200008],[12.289803627000026,50.176930078000055],[12.334553827000036,50.17174892300005],[12.337532512000053,50.17338149400007],[12.32764508400004,50.17598259600004],[12.327514462000067,50.179636118000076],[12.323662274000071,50.18203865700008],[12.327826510000023,50.182573011000045],[12.338219956000046,50.192477782000026],[12.332143604000066,50.20063029700003],[12.32600906500005,50.20189828400004],[12.323054691000038,50.207453428000065],[12.327926150000053,50.21243075400008],[12.326521081000067,50.21865423500003],[12.334514167000066,50.21688266100006],[12.334962103000066,50.22154658300008],[12.329048766000028,50.22533119900004],[12.332692394000048,50.23425517100003],[12.327895021000074,50.234655789000044],[12.332434589000059,50.23845338400008],[12.331084489000034,50.242714051000064],[12.349036032000072,50.23649686400006],[12.355164892000062,50.237655733000054],[12.351143940000043,50.23925078600007],[12.359299478000025,50.242317842000034],[12.350105254000027,50.25353397100008],[12.352117039000063,50.26174587300005],[12.36112644800005,50.26976799800008],[12.359496541000055,50.27347872400003],[12.370862761000069,50.28527337500003],[12.394256709000047,50.28959675400006],[12.40056617600004,50.29520771300008],[12.403036985000028,50.300720057000035],[12.398366077000048,50.30789877500007],[12.400752387000068,50.31583370800007],[12.398015033000036,50.32115327200006],[12.403427155000031,50.32395217700008],[12.431200365000052,50.322724049000044],[12.437149250000061,50.32755617300006],[12.435526180000068,50.33321791700007],[12.441802026000062,50.34115854200007],[12.469426672000054,50.35499038700004],[12.481583433000026,50.34701371300008],[12.489306910000039,50.34981661900008],[12.492500068000027,50.35627309600005],[12.487526187000071,50.36295110400005],[12.486528324000062,50.37084340900003],[12.50875317200007,50.39100614500006],[12.512047935000055,50.39725817000004],[12.52893553000007,50.39702447800005],[12.533939117000045,50.39973539600004],[12.542932278000023,50.398315858000046],[12.546029679000071,50.40088909100007],[12.558441612000024,50.39939846600004],[12.574848315000054,50.40324415400005],[12.580349227000056,50.40724930600004],[12.600186605000033,50.405808671000045],[12.616952124000022,50.415609748000065],[12.626676112000041,50.41631253300005],[12.649173104000056,50.410745674000054],[12.662268181000059,50.41216553400005],[12.673121539000022,50.41687581900004],[12.681529367000053,50.409839549000026],[12.695711785000071,50.403763705000074],[12.696585151000022,50.401055565000036],[12.70705670600006,50.397317463000036],[12.709168700000077,50.402101764000065],[12.707606946000055,50.40782975900004],[12.729800856000054,50.42166931400004],[12.734613356000068,50.43219795600004],[12.794929968000076,50.44944688800007],[12.81061870700006,50.43105705800008],[12.81112083000005,50.43581803200004],[12.806651844000044,50.443891319000045],[12.817138192000073,50.45010380600007],[12.819380928000044,50.459795317000044],[12.894704033000039,50.42975204900006],[12.902960693000068,50.42282816200003],[12.912391785000068,50.42372909200003],[12.936410713000043,50.41163677600008],[12.937308321000046,50.40632832700004],[12.947972824000033,50.40427966100003],[12.947453952000046,50.40719664900007],[12.940489279000076,50.40770624800007],[12.941897637000068,50.41149341600004],[12.983451159000026,50.41971505500004],[12.995983288000048,50.43377558100008],[13.019865411000069,50.446732352000026],[13.023863076000055,50.454079782000065],[13.019654282000033,50.46074631400006],[13.020174173000044,50.475427170000046],[13.02253935400006,50.48692339400003],[13.032437859000026,50.50096980100005],[13.031745820000026,50.50973180500006],[13.042811032000031,50.51138210900007],[13.055996593000032,50.501259179000044],[13.08534559900005,50.50027136500006],[13.10147190400005,50.502924515000075],[13.119860103000065,50.513933131000044],[13.132671092000066,50.51827797200008],[13.138644508000027,50.511758006000036],[13.136736576000033,50.50642449900005],[13.154119359000049,50.50851260300004],[13.178113363000023,50.50288298000004],[13.195270343000061,50.50326287100006],[13.197014791000072,50.50536492300006],[13.19468948900004,50.515260279000074],[13.207339477000062,50.52157256400005],[13.209609494000063,50.53005473700006],[13.22187043200006,50.54196604500004],[13.222089399000026,50.546219654000026],[13.229077044000064,50.54973708500006],[13.228450616000032,50.55547831300004],[13.223554208000053,50.55828613500006],[13.222861616000046,50.56290340600003],[13.235511348000045,50.57037450100006],[13.23363314200003,50.57912569400003],[13.237393848000067,50.58008101200005],[13.240045245000033,50.58479014000005],[13.247496417000036,50.58706987800008],[13.248438251000039,50.592053332000035],[13.25510391000006,50.59530113800008],[13.260459835000063,50.59219534500005],[13.278770586000064,50.592994900000065],[13.284520630000031,50.587597628000026],[13.290912694000042,50.57501764600005],[13.323678120000068,50.58164863500008],[13.322407559000055,50.59706030900003],[13.319399721000025,50.602166270000055],[13.32587290300006,50.60460868800004],[13.324732371000039,50.60803862500006],[13.334547857000075,50.60691189000005],[13.338653454000053,50.61089923700007],[13.337449443000025,50.612529789000064],[13.351832692000073,50.61409101100003],[13.358841871000038,50.61629063200007],[13.36041610600006,50.61925350900003],[13.366657602000032,50.618441242000074],[13.369881745000043,50.62456968400005],[13.37769991500005,50.62767509300005],[13.370982952000077,50.65054589700003],[13.382976507000024,50.64485209600008],[13.392107757000076,50.64631842400007],[13.392658457000039,50.64174589300006],[13.405378730000052,50.63457692600008],[13.415308907000053,50.61633177900006],[13.425471710000068,50.616446506000045],[13.425151613000025,50.61276649700005],[13.428889947000073,50.61075622200008],[13.441090012000075,50.61113235700003],[13.464767585000061,50.60189259600003],[13.477534250000076,50.615430668000045],[13.494155315000057,50.62446466400007],[13.497028544000045,50.63142358700003],[13.524193077000064,50.63926466400005],[13.52610969400007,50.64942170200004],[13.516976753000051,50.648350082000036],[13.512806844000067,50.653712521000045],[13.530621598000039,50.66822849400006],[13.540243683000028,50.66801061800004],[13.538491341000054,50.67287450200007],[13.544372940000073,50.677447603000076],[13.540426399000069,50.68975358300003],[13.52754542200006,50.699015571000075],[13.526820354000051,50.705016776000036],[13.538479409000047,50.70601422900006],[13.545216371000038,50.71131313500007],[13.556326776000049,50.71454617400008],[13.602253181000037,50.71005874400004],[13.626912968000056,50.71591524400003],[13.625036709000028,50.722846281000045],[13.64263433900004,50.729341299000055],[13.664308586000061,50.73192859900007],[13.688005796000027,50.71960724000007],[13.706467567000061,50.716923816000076],[13.712389784000038,50.71966383700004],[13.708217320000074,50.72531709800006],[13.713656412000034,50.72512186400007],[13.728175793000048,50.73365144100006],[13.740403595000032,50.72717377300006],[13.750751036000054,50.729534357000034],[13.758341667000025,50.73581460400004],[13.768977816000074,50.73297142700005],[13.777307954000037,50.73635731200005],[13.784811335000029,50.73359489400008],[13.790113896000037,50.73504094600003],[13.790877064000028,50.73255285300007],[13.807331647000069,50.733264414000075],[13.827069202000075,50.72422109300004],[13.834649795000075,50.72689545700007],[13.843974074000073,50.72524538400006],[13.855192645000045,50.72710970500003],[13.861572914000021,50.73531557800004],[13.861777864000032,50.74290935000005],[13.880231435000042,50.73781457700005],[13.898190316000068,50.74448565400007],[13.902751591000026,50.75290857200008],[13.889587611000024,50.76299848800005],[13.887530922000053,50.77046048600005],[13.899944121000033,50.784803734000036],[13.896420427000066,50.78865601700005],[13.901054929000054,50.79342943100005],[13.91837044700003,50.78911736100008],[13.939180496000063,50.789979008000046],[13.955840746000035,50.800589752000064],[13.953779261000022,50.807289694000076],[13.970880064000028,50.81109372000003],[13.990311032000022,50.82000502900007],[14.003390803000059,50.81435494800007],[14.003460349000022,50.810267139000075],[14.016446101000042,50.81111230300007],[14.030664840000043,50.80416180000003],[14.041137001000038,50.81080187900005],[14.05767981300005,50.81191624000007],[14.063585689000035,50.80994735100006],[14.07837820800006,50.81241992900004],[14.07904607200004,50.81866960600007],[14.08952561500007,50.825849633000075],[14.132872519000045,50.833995137000045],[14.161464804000047,50.847537216000035],[14.201027879000037,50.85133619800007],[14.21650455200006,50.86023310200005],[14.223292324000056,50.85923671000006],[14.236019930000055,50.87644962300004],[14.236271029000022,50.88256794700004],[14.233150164000051,50.88752402500006],[14.252253192000069,50.88791747000005],[14.26750461000006,50.89530453100008],[14.282200012000033,50.89255897600003],[14.289663727000061,50.88588984100005],[14.304845070000056,50.88398108600006],[14.319364690000043,50.888739075000046],[14.348213159000068,50.89257101800007],[14.349273389000075,50.90072582600004],[14.374146332000066,50.89623193700004],[14.387635007000029,50.89908797600003],[14.386082653000074,50.90284305400007],[14.388609253000027,50.90817357000003],[14.385642573000041,50.91648999200004],[14.394148568000048,50.91815145100003],[14.391800206000028,50.92082952900006],[14.402143728000055,50.924073245000045],[14.399412277000067,50.93076033400007],[14.400978131000045,50.93327568600006],[14.396728063000069,50.93649067300004],[14.387322405000077,50.94181380300006],[14.373175131000039,50.938241779000066],[14.369158342000048,50.93949275300008],[14.369475839000074,50.94217834300008],[14.360522391000075,50.94144664200007],[14.345796454000038,50.94856582800003],[14.325367535000055,50.94971712200004],[14.311707900000044,50.95376043600004],[14.310748509000064,50.95527844700007],[14.317242287000056,50.957921544000044],[14.316912151000054,50.96067128800007],[14.302559058000043,50.96533205900005],[14.312957135000033,50.97226113200003],[14.328423370000053,50.973506376000046],[14.326058809000074,50.97782244000007],[14.32972823700004,50.98219996700004],[14.323554183000056,50.98536364700004],[14.311407772000052,50.98466394800005],[14.285774945000071,50.97699571000004],[14.27612629400005,50.982759832000056],[14.258647344000053,50.98753751500004],[14.258543893000024,50.992131828000026],[14.268802209000057,51.00004056700004],[14.262241552000035,51.00407479900008],[14.260642523000058,51.00882924200005],[14.265157935000047,51.00816079800006],[14.280222182000045,51.01409636100004],[14.281972175000021,51.015589144000046],[14.277671568000073,51.01883931800006],[14.286314961000073,51.02696194600003],[14.28534370500006,51.03220989600004],[14.273591933000034,51.03777630400003],[14.273792350000065,51.03977211700004],[14.288390055000036,51.039119662000076],[14.292188858000031,51.04653736800003],[14.30185834100007,51.05504617100007],[14.316923897000038,51.05542388400005],[14.336630223000043,51.03901930300003],[14.345100430000059,51.03907331800008],[14.361987043000056,51.04542548000006],[14.374022488000037,51.03860640700003],[14.382565514000078,51.03856989700006],[14.384764037000025,51.026958353000055],[14.408442123000043,51.01877158900004],[14.421785809000028,51.01956939000007],[14.453819730000077,51.035893205000036],[14.465453116000049,51.03530710300004],[14.475291002000063,51.02949827700007],[14.47436536400005,51.02549997500006],[14.492658358000028,51.023403948000066],[14.494228607000025,51.03630910900006],[14.491220963000046,51.04353057800006],[14.49978571500003,51.04654381600005],[14.508211954000046,51.04315459700007],[14.498557611000024,51.02205888900005],[14.532145953000054,51.01652943700003],[14.539888906000044,51.010376775000054],[14.535058223000021,51.008934976000035],[14.532748753000021,51.00562949700003],[14.534698160000062,51.00371423800004],[14.560910310000054,51.00698577800006],[14.564531187000057,51.01013771000004],[14.568722867000076,51.00433042700007],[14.578704114000061,51.00030944700006],[14.581340461000025,50.99354118700006],[14.599177544000042,50.98711100200006],[14.598511555000073,50.98038491300008],[14.600675872000068,50.97951565300008],[14.59674138500003,50.96891265000005],[14.592153964000033,50.96676486400003],[14.596073843000056,50.96280839800005],[14.585618503000035,50.952164252000046],[14.580676263000043,50.94187564100008],[14.57238718900004,50.93794900600005],[14.560662008000065,50.92537401100003],[14.56481075000005,50.91835296100004],[14.583209775000057,50.91425699700005],[14.617110407000041,50.925541758000065],[14.628118344000029,50.92538557700004],[14.650215415000048,50.931534568000075],[14.652896345000045,50.905485998000074],[14.636233786000048,50.897448618000055],[14.624337148000052,50.86870129600004],[14.618729178000024,50.86455680500006],[14.61886845500004,50.85771029800003],[14.64825991500004,50.848723352000036],[14.664787637000074,50.84936819100005],[14.690198948000045,50.83799914100007],[14.708706569000071,50.84088894300004],[14.720066729000052,50.832345780000026],[14.717249203000051,50.83055695400003],[14.716374667000025,50.82436061100003],[14.722323034000055,50.822081550000064],[14.744951764000064,50.82945147500004],[14.749867417000075,50.824323425000046],[14.758729665000033,50.82471127600007],[14.766437624000048,50.819348698000056],[14.77925816100003,50.819992236000076],[14.790496222000058,50.824084775000074],[14.792876940000042,50.819947393000064],[14.796865191000052,50.821146998000074],[14.801809511000044,50.82486433400004],[14.802845860000048,50.83679907700008],[14.810246514000028,50.85080592300005],[14.818756482000026,50.85644968500003],[14.824748936000049,50.86696751200003],[14.817374968000024,50.87958090500007],[14.819551275000038,50.885061],[14.843407785000068,50.90065615000003],[14.851634368000077,50.91056924700007],[14.868091898000046,50.91790137100003],[14.876854837000053,50.93235361400008],[14.890823775000058,50.935236391000046],[14.896553477000054,50.94064167700003],[14.892963253000062,50.94958363600006],[14.897617460000049,50.95939470600007],[14.903870858000062,50.96122216600003],[14.899601833000077,50.96331265500004],[14.904037773000027,50.96748930800004],[14.90308307500004,50.97171677100005],[14.919431942000074,50.97534219800008],[14.920289234000052,50.987928804000035],[14.917485055000043,50.98997323700007],[14.917197958000031,50.995203047000075],[14.920364205000055,50.99785002600004],[14.92904706400003,50.99797961400003],[14.937980713000059,51.01146646900003],[14.939284754000028,51.01702333700007],[14.935208916000022,51.02017467400003],[14.940105563000031,51.02092857300005],[14.93912235700003,51.02348333400005],[14.942430280000053,51.02413173000008],[14.940293746000066,51.02609425900005],[14.945640680000054,51.026492106000035],[14.949060770000074,51.03060058900007],[14.94643555600004,51.03158604500004],[14.951727078000033,51.03780162400005],[14.94821790800006,51.039180498000064],[14.948963577000029,51.04283113400004],[14.964397267000038,51.04998627900005],[14.963009378000038,51.05789567900007],[14.97130512900003,51.06607018600005],[14.971331839000072,51.06952702600006],[14.967915736000066,51.07141995500007],[14.979275101000042,51.07707997500006],[14.976328761000048,51.08700963800004],[14.984007478000024,51.090749978000076],[14.980248655000025,51.09604597200007],[14.983927172000051,51.09742144300003],[14.98398689100003,51.10225586400003],[14.97825632100006,51.10785647800003],[14.98249566000004,51.113131373000044],[14.980914808000023,51.11605404800008],[14.983098889000075,51.11794489700003],[14.989200175000065,51.11662276800007],[14.997766980000051,51.12241749700007],[14.99490981200006,51.12390133700006],[14.995372982000049,51.13686870600003],[14.990427553000075,51.14215198100004],[14.995876162000059,51.14380728100008],[15.00080831300005,51.14994702600006],[14.994225658000062,51.15756439100005],[14.993293234000078,51.162833266000064],[15.005042954000032,51.16771181000007],[15.001541017000022,51.17238089800003],[15.008779125000046,51.182332777000056],[15.004737075000037,51.19088078000004],[15.014382573000034,51.19651199400005],[15.00765288100007,51.19982753700003],[15.007603037000024,51.20450772100003],[15.013054949000036,51.208949156000074],[15.009804723000059,51.213453395000045],[15.016875192000043,51.21492628000004],[15.016202497000052,51.22760222800008],[15.025542060000078,51.23173456100005],[15.026782523000065,51.23368996200003],[15.023513447000028,51.235218803000066],[15.028617299000075,51.23705335000005],[15.028330306000043,51.241557803000035],[15.033843833000049,51.24105806600005],[15.037618673000054,51.24420304400007],[15.029481364000048,51.25141576900006],[15.026375477000045,51.249046014000044],[15.023391885000024,51.25070686000004],[15.025176055000031,51.25401502400007],[15.038167333000047,51.25848336400003],[15.036760094000044,51.27045467100004],[15.041789402000063,51.274035225000034],[15.034368033000021,51.277442465000036],[15.035321316000022,51.28304764100005],[15.032048886000041,51.28726301200004],[15.03348145700005,51.29393323100004],[15.021744397000077,51.30061966000005],[15.012005601000055,51.30131065100005],[15.012631785000053,51.30857879800004],[15.006647383000029,51.31179272300005],[15.009246229000041,51.316298836000044],[14.993141802000025,51.32298366100008],[14.993546415000026,51.32825505000005],[14.98614667000004,51.32929078500007],[14.97777209800006,51.341698231000066],[14.976218462000077,51.35693640100004],[14.965243452000038,51.36108329700005],[14.977166519000036,51.36549013200005],[14.977786686000059,51.36963973300004],[14.983740931000057,51.37354956900003],[14.96930087000004,51.37907590200007],[14.96469464300003,51.386813493000034],[14.965885207000042,51.39135602500005],[14.958283107000057,51.39534469300003],[14.96892551700006,51.397729979000076],[14.967840224000042,51.40271964400006],[14.958724003000043,51.40975406800004],[14.96446684500006,51.412194817000056],[14.967070062000062,51.41732357500007],[14.964183304000073,51.423364106000065],[14.96608612500006,51.42677092200006],[14.958634072000052,51.431245164000075],[14.963290007000069,51.43419599200007],[14.970072265000056,51.432171538000034],[14.974216450000029,51.44167401300007],[14.966845436000028,51.44598548100004],[14.955859530000055,51.458516254000074],[14.956446439000047,51.46337013800007],[14.952464783000039,51.46843315600006],[14.946986021000043,51.47205645000008],[14.926111104000029,51.473483927000075],[14.924740254000028,51.48036730100006],[14.91578060300003,51.483766925000054],[14.89779476700005,51.48205384600004],[14.887540026000067,51.48787142200007],[14.871631046000061,51.48468746200007],[14.864473048000036,51.49046843600007],[14.851638905000073,51.489556400000026],[14.83507505600005,51.499414460000025],[14.832413475000067,51.50380227200003],[14.81941783700006,51.507641481000064],[14.811776918000078,51.50609221900004],[14.805404013000043,51.51419297100006],[14.795970693000072,51.51787202000003],[14.765265602000056,51.51899751700006],[14.760993596000048,51.52322997300007],[14.751817828000071,51.52179993300007],[14.735763418000033,51.525956155000074],[14.729118627000048,51.53143962300004],[14.72630543400004,51.53900200600003],[14.731441480000058,51.54438661700004],[14.72934914900003,51.549742398000035],[14.716394297000022,51.55518997100006],[14.711240953000072,51.56265530100006],[14.727189762000023,51.57535785200008],[14.729865561000054,51.581776998000066],[14.707558532000064,51.597308326000075],[14.696647725000048,51.59666082600006],[14.706451662000063,51.576460163000036],[14.692759232000071,51.57633522200007],[14.695753441000022,51.57460670100005],[14.691142422000041,51.562786103000064],[14.674012757000071,51.55064535400004],[14.663996491000034,51.55454737200006],[14.639604106000036,51.55429112400003],[14.631581456000049,51.55082495700003],[14.609886946000074,51.55014978100007],[14.603744826000025,51.55511637200004],[14.60636646100005,51.557227871000066],[14.601777888000072,51.56133560500007],[14.599026234000064,51.57174985800003],[14.583063972000048,51.57463525600008],[14.580484355000067,51.58041002600004],[14.569635102000063,51.58119047800005],[14.560581838000076,51.573461320000035],[14.544438335000052,51.57361516200007],[14.547487209000053,51.56361751700007],[14.545185107000066,51.561777422000034],[14.525076059000071,51.55863081000007],[14.515453721000029,51.554234835000045],[14.499856904000069,51.559403667000026],[14.454070342000023,51.55637197900006],[14.446735377000039,51.552727607000065],[14.447770787000024,51.54206888400006],[14.44131101000005,51.544613782000056],[14.409437874000048,51.53720890400007],[14.398877065000022,51.54178904300005],[14.38715846100007,51.54177088400007],[14.386688683000045,51.53402059800004],[14.375866520000045,51.53313396400006],[14.353687643000058,51.520789464000075],[14.339930674000072,51.520762156000046],[14.339344061000077,51.518231437000054],[14.343553234000069,51.51711215700004],[14.342118094000057,51.51084382300007],[14.338110219000043,51.505911611000045],[14.332350139000027,51.50501826300007],[14.327360020000071,51.50736306200008],[14.322918395000045,51.51942604200008],[14.29308440400007,51.52511014400005],[14.274005492000072,51.53213036400007],[14.255807541000024,51.53231536200008],[14.247044376000076,51.527842390000046],[14.242488151000032,51.52875947800004],[14.245300211000028,51.531186975000026],[14.242108160000043,51.533090283000035],[14.228926526000066,51.53283939800008],[14.213017887000035,51.53981184700007],[14.175136187000021,51.53911689200004],[14.139565193000067,51.543986379000046],[14.130824201000053,51.53783115400006],[14.129730077000033,51.53386106000005],[14.133394535000036,51.52802834200003],[14.142359250000027,51.52280445200006],[14.107796743000051,51.52176056800005],[14.100577877000035,51.51416500200003],[14.095669631000021,51.49871695000007],[14.087760579000076,51.49396380300004],[14.073821672000065,51.49266749000003],[14.088733653000077,51.47937944000006],[14.087258361000067,51.47739668300005],[14.072593723000068,51.472087258000045],[14.038741996000056,51.47991067900006],[14.033005724000077,51.47510218900004],[14.055291852000039,51.46094820800005],[14.052588241000024,51.45250807300005],[14.06283710200006,51.445505756000045],[14.038161638000076,51.43557838100003],[14.046241449000036,51.42913477600007],[14.038245091000022,51.428443885000036],[14.04363998100007,51.42454968100003],[14.044589875000042,51.41875373400006],[14.036849739000047,51.41679777100006],[14.027438865000022,51.40831990300006],[14.015903684000023,51.40513789600004],[14.01701597400006,51.40047199600008],[14.025793873000055,51.40055182400005],[14.028091220000022,51.39593580500008],[14.013325116000033,51.39832306400007],[14.003563735000057,51.39561192300005],[14.003606916000024,51.393179866000025],[14.008315099000072,51.391981212000076],[13.99631843900005,51.38260759600007],[14.000697255000034,51.372595974000035],[13.970209088000047,51.37584092600008],[13.972343684000066,51.39382237700005],[13.956223629000021,51.39707171300006],[13.93898852500007,51.38911315200005],[13.90820470400007,51.38323341700004],[13.909994333000043,51.378968146000034],[13.883068070000036,51.375117439000064],[13.868276711000021,51.37691168300006],[13.863248931000044,51.38175706800007],[13.833190694000052,51.383838980000064],[13.835825894000038,51.381278474000055],[13.835313221000035,51.37679],[13.818971917000056,51.36949891300003],[13.80785531500004,51.372867804000066],[13.78794066000006,51.37090727200007],[13.78062486400006,51.36884769200003],[13.77652435400006,51.361990785000046],[13.767735944000037,51.36300780400006],[13.763252568000041,51.35902035100003],[13.762684593000074,51.36541218500008],[13.768966956000043,51.36939804600007],[13.757691732000069,51.37149459800003],[13.75315554100007,51.36594682700007],[13.739111251000054,51.361202020000064],[13.727352068000073,51.364710251000076],[13.713393942000039,51.36350286600003],[13.691250600000046,51.37401280600005],[13.682764784000028,51.36761527400006],[13.668403738000052,51.37612642800008],[13.661451524000029,51.368974629000036],[13.632099546000063,51.36853507700005],[13.617225117000032,51.37105730900004],[13.594063134000066,51.369356210000035],[13.59575669000003,51.374527983000064],[13.591344224000068,51.37514456700006],[13.592010230000028,51.37776673500008],[13.587649571000043,51.38182555900005],[13.58985483300006,51.38423485800007],[13.56996177700006,51.385666025000035],[13.556267005000052,51.379035646000034],[13.550823539000021,51.37925212700003],[13.546135310000068,51.369167384000036],[13.542628170000057,51.36931550600008],[13.53776639800003,51.38104645800007],[13.523118418000024,51.38102642900003],[13.524855443000035,51.38427014500007],[13.521217776000071,51.40205739000004],[13.502735568000048,51.40470619900003],[13.494391515000075,51.40291794800004],[13.491353120000042,51.40768382200008],[13.46328191400005,51.411753590000046],[13.465533281000035,51.42177463500008],[13.47378606600006,51.417881159000046],[13.463307821000058,51.42626187600007],[13.460625090000065,51.422241417000066],[13.450052450000044,51.42300825900003],[13.445913131000054,51.43144971300006],[13.443493748000037,51.42876514500006],[13.44605750900007,51.425956521000046],[13.433405305000065,51.427616525000076],[13.428506815000048,51.42179249600008],[13.421424948000038,51.421505006000075],[13.428149657000063,51.431245011000044],[13.421765363000077,51.43456285600007],[13.419704986000056,51.43884492500007],[13.412191363000034,51.439374290000046],[13.41126681000003,51.44274806700008],[13.40563422200006,51.44594862900004],[13.409320227000023,51.44977411800005],[13.401050430000055,51.45417172500004],[13.38823046400006,51.44780889300006],[13.387601423000035,51.441124159000026],[13.382146484000032,51.43604638800008],[13.372938772000055,51.437795651000044],[13.383076043000074,51.42805680500004],[13.376647809000076,51.42461142500008],[13.358349601000043,51.43397124300003],[13.337948451000045,51.429164667000066],[13.333353584000065,51.43744118400008],[13.320322813000075,51.43750047600008],[13.325756730000023,51.43365058200004],[13.328343606000033,51.426642050000055],[13.313626118000059,51.423183608000045],[13.309000209000033,51.41771219600008],[13.286672470000042,51.41138323200005],[13.286354589000041,51.399288186000035],[13.259983530000056,51.40039904100007],[13.259089377000066,51.39533328500005],[13.26377160900006,51.39445796200005],[13.263664151000057,51.39099428000003],[13.270038189000047,51.39050202800007],[13.26854325000005,51.384793245000026],[13.263718290000043,51.38495189100007],[13.262639363000062,51.38830843900007],[13.250654593000036,51.39410858600007],[13.217308924000065,51.39505564900003],[13.213554671000054,51.397249455000065],[13.202189124000029,51.41637687600007],[13.203701756000044,51.42849027600005],[13.19975045700005,51.433225950000065],[13.193387374000054,51.43577687000004],[13.189423718000057,51.43425610500003],[13.188366232000021,51.42627687000004],[13.184649358000058,51.42378702800005],[13.174310971000068,51.42825391900004],[13.175078705000033,51.432782796000026],[13.184760974000028,51.438512898000056],[13.191840584000033,51.43691062100004],[13.192481611000062,51.44170339600004],[13.203121686000031,51.45101338300003],[13.203080426000042,51.45873193700004],[13.189715105000062,51.464897869000026],[13.182922444000042,51.471341281000036],[13.187046115000044,51.48575323400007],[13.182296591000068,51.491959294000026],[13.19207199300007,51.48804945100005],[13.201294464000057,51.491717480000034],[13.196534058000054,51.494470566000075],[13.203923234000058,51.49877907800004],[13.202045181000074,51.504115726000066],[13.207041558000071,51.50493725700005],[13.207957037000028,51.524352847000046],[13.200522825000064,51.52603590900003],[13.19005547100005,51.53959030400006],[13.185571760000073,51.558075237000025],[13.160826607000047,51.558969338000054],[13.158606161000023,51.56425874700005],[13.146715721000021,51.56345495200003],[13.143169245000024,51.56746112900004],[13.141043951000029,51.57116723400003],[13.153207832000021,51.58241280300007],[13.15490654100006,51.58939526800003],[13.16177226800005,51.59214829600006],[13.154954859000043,51.60019678500004],[13.14377685900007,51.59787311200006],[13.14383556000007,51.60045826900006],[13.134497432000046,51.60566886700008],[13.121025347000057,51.61888754900008],[13.114860491000059,51.617727538000054],[13.110444169000061,51.61483662900008],[13.11168084700006,51.61283534300003],[13.106747968000036,51.61163260200004],[13.10397271100004,51.61647385800006],[13.097098011000071,51.61630730600007],[13.099669137000035,51.61149992700007],[13.103378703000033,51.61231476200004],[13.104872627000077,51.60967557400005],[13.096922946000063,51.609216728000035],[13.093842106000068,51.60588332700007],[13.08630409500006,51.60813513900007],[13.080661975000055,51.61773283600007],[13.076182809000045,51.619660717000045],[13.077412853000055,51.62112006700005],[13.051025247000041,51.64767715500005],[13.023467076000031,51.63730338500005],[13.01785856600003,51.64434681000006],[13.02036634600006,51.65407499200006],[13.011572474000047,51.66454880900005],[13.005252374000065,51.661857766000026],[13.001428514000054,51.66755934500003],[12.996291835000022,51.66924715600004],[12.977001488000042,51.66781767600003],[12.981179134000058,51.66347802400003],[12.966821294000056,51.66566476400004],[12.971502577000024,51.65024867400007],[12.949527973000045,51.64943393100003],[12.952355280000063,51.64358867400006],[12.942163597000047,51.63800593600007],[12.935981050000066,51.645775540000045],[12.928109045000042,51.649565014000075],[12.915230948000044,51.648460802000045],[12.913414146000036,51.64411850300007],[12.897524744000066,51.64742626700007],[12.890810732000034,51.65396787700007],[12.895168609000052,51.66376570300008],[12.889194796000027,51.66688389500007],[12.880393947000073,51.65906020300008],[12.86579381100006,51.655026692000035],[12.867478547000076,51.65650756500003],[12.863864350000028,51.66151147800008],[12.866515124000045,51.66395722000004],[12.860871693000036,51.66470775300007],[12.862227439000037,51.67378173000003],[12.856780681000032,51.67269615300006],[12.85902956600006,51.676194887000065],[12.843862268000066,51.68497371700005],[12.841896771000052,51.68222246600004],[12.827882307000039,51.68224718100004],[12.831807,51.67602244500006],[12.817739901000039,51.670403684000064],[12.79253353100006,51.66550081500003],[12.772706246000041,51.64750905400007],[12.764607836000039,51.64656535000006],[12.760090289000061,51.64969423600007],[12.749936275000039,51.65005877300007],[12.740164506000042,51.65555462100008],[12.716843228000073,51.66131351800004],[12.686675620000074,51.66199282400004],[12.678685651000023,51.656235981000066],[12.677020964000064,51.64984059500006],[12.666523747000042,51.64222535300007],[12.665845260000026,51.63159937700004],[12.648732250000023,51.625053870000045],[12.649112656000057,51.62044632800007],[12.608332218000044,51.61060204300003],[12.611980179000057,51.61425630600007],[12.622360137000044,51.61644618300005],[12.623928349000039,51.621816369000044],[12.629228985000054,51.62523564800006],[12.624168776000033,51.627984240000046],[12.604530296000064,51.62624984200005],[12.595492827000044,51.61838104700007],[12.591856764000056,51.618358486000034],[12.591284500000029,51.62248544600004],[12.580262793000031,51.62606533500008],[12.574703163000038,51.61543349600004],[12.570270619000041,51.61688286900005],[12.562831478000021,51.61375558000003],[12.559979633000069,51.608519106000074],[12.541712291000067,51.607436291000056],[12.544638134000024,51.60371330500004],[12.537469566000027,51.60247093400005],[12.534479694000026,51.606086391000076],[12.515764083000022,51.60578646100004],[12.507006970000077,51.60845555600008],[12.503540352000073,51.604545607000034],[12.49502422300003,51.60413185700003],[12.497657914000058,51.602987357000075],[12.497458607000056,51.59656377700003],[12.490097469000034,51.59820253000004],[12.482988090000049,51.593184188000066],[12.477139907000037,51.59627915500005],[12.487185423000028,51.60100622600004],[12.486373585000024,51.60427773200007],[12.460575959000039,51.60326007200007],[12.444820329000038,51.60999127100007],[12.438386678000029,51.605174401000056],[12.433312817000058,51.60583356200004],[12.438158352000073,51.60246699600003],[12.436823185000037,51.59930545200007],[12.427328904000035,51.59929886400005],[12.423866923000048,51.588097108000056],[12.42541916500005,51.58213138100007],[12.411419588000058,51.58200881300007],[12.391780966000056,51.58776088500008],[12.392256312000029,51.58562942800006],[12.381600717000026,51.58541284300003],[12.366856399000028,51.58801381500007],[12.374514488000045,51.58451770400006],[12.367681180000034,51.58308718500007],[12.336977041000068,51.58622716800005],[12.34361840500003,51.58258062200008],[12.340912786000047,51.57980917700007],[12.319375024000067,51.57757849800004],[12.32055936300003,51.574671515000034],[12.313259552000034,51.56849602700004],[12.301203701000077,51.565358796000055],[12.297223659000053,51.56666744800003],[12.293213496000021,51.56490340400006],[12.293179328000065,51.560557430000074],[12.250477899000032,51.55894912500003],[12.244950478000021,51.56697978400007],[12.23290389400006,51.56112541300007],[12.23604553000007,51.552971196000044],[12.230049517000054,51.55282534300005],[12.231345874000056,51.54734570100004],[12.219018223000035,51.54651416200005],[12.22217076100003,51.54444571500005],[12.210126728000034,51.54192136200004],[12.210220959000026,51.53980525900005],[12.206926171000077,51.53968203100004],[12.207165230000044,51.53525112300008],[12.20146920600007,51.53456857300006],[12.201940623000041,51.53133117200008],[12.192765745000031,51.53129860700005],[12.191161428000044,51.52009306100007],[12.193810381000048,51.51865501200007],[12.193843727000058,51.50839734400006],[12.190395223000053,51.507767286000046],[12.196346191000032,51.50673275400004],[12.19734756300005,51.50286115800003],[12.207896626000036,51.502592433000075],[12.208334791000027,51.49809559300007],[12.204864782000072,51.49783078400003],[12.20701759000002,51.49206414200006],[12.200995314000068,51.490291728000045],[12.20308176900005,51.48514115000006],[12.175705,51.48222233000007],[12.175521038000056,51.469680433000065],[12.148913401000073,51.46310677400004],[12.148672567000062,51.45949484500005],[12.153039147000072,51.45754382000007],[12.153139176000025,51.452461232000076],[12.15825660400003,51.45124315000004],[12.15839100100004,51.44598233900007],[12.154219213000033,51.44438526000005],[12.157631749000075,51.44430476500003],[12.15721353300006,51.43271098500003],[12.169550936000064,51.430313743000056],[12.171032337000042,51.43423427500005],[12.182482341000025,51.432379223000055],[12.185858094000025,51.42079406800008],[12.189822026000058,51.42085370600006],[12.186680722000062,51.41444149000006],[12.18261409300004,51.41435219300007],[12.18320253500002,51.41077112800008],[12.173532762000036,51.41025697500004],[12.177752067000029,51.403964046000056],[12.174863302000063,51.400298305000035],[12.17813936400006,51.389146657000026],[12.18482790400003,51.38758407900008],[12.172143857000037,51.384157697000035],[12.177443613000037,51.38048203300008],[12.174710620000042,51.379406704000075],[12.177744542000028,51.37516761900008],[12.189963637000062,51.379450347000045],[12.189499481000041,51.37551402100007],[12.182767859000023,51.37451981700008],[12.181756294000024,51.36851059400004],[12.192879207000033,51.37147678200006],[12.193640449000043,51.36927451400004],[12.185632465000026,51.36596429200006],[12.186085325000022,51.36212907100003],[12.195756784000025,51.359728320000045],[12.195523739000066,51.35439777100004],[12.190532467000025,51.35392686300003],[12.190255660000048,51.35135930900003],[12.194347237000045,51.330567665000046],[12.166825672000073,51.32680761700004],[12.164778819000048,51.32083505600008],[12.147653576000039,51.31996709100008],[12.157626829000037,51.30208293100003],[12.15532595700006,51.30122651000005],[12.157403369000065,51.29227689800007],[12.168947867000043,51.29375687800007],[12.16974930400005,51.28568792500005],[12.172255093000047,51.28568078200004],[12.170675753000069,51.274737849000076],[12.166101471000047,51.26607361200007],[12.173311286000057,51.26631285900004],[12.173679004000064,51.25826217500003],[12.189389324000047,51.25762272800006],[12.193153824000035,51.241396390000034],[12.19949202500004,51.238418909000075],[12.19207636300007,51.23693234800004],[12.19247735600004,51.23507054800007],[12.198109074000058,51.216702045000034],[12.203432084000042,51.21672172800004],[12.204741890000037,51.21420247300006],[12.189590359000022,51.203983030000074],[12.191795201000048,51.19573461500005],[12.185597683000026,51.19428514600003],[12.187184697000077,51.19146342100004],[12.173737447000065,51.19008216200007],[12.174844208000025,51.18132731500003],[12.193403873000022,51.18530787700007],[12.213084091000042,51.18350039100005],[12.212316662000035,51.17902082400008],[12.208490889000075,51.176232896000045],[12.212131422000027,51.175180701000045],[12.211568925000051,51.17236305500006],[12.20626130900007,51.171297666000044],[12.201673509000045,51.16139295900007],[12.197153577000051,51.15991072700007],[12.196192449000023,51.14190746500003],[12.230142988000068,51.13619893900005],[12.241637641000068,51.13070468900003],[12.229073593000066,51.12022819100008],[12.220555541000067,51.12303893500007],[12.224590417000059,51.11932294200005],[12.223819581000043,51.11081920500004],[12.221198540000046,51.10991491400006],[12.230358899000066,51.10360749700004],[12.241182953000077,51.10298940700005],[12.243938422000042,51.10023371200003],[12.252536861000067,51.099590626000065],[12.253084246000071,51.09726787000005],[12.261371157000042,51.097948160000044],[12.262774724000053,51.100293746000034],[12.278574707000075,51.099282618000075],[12.278635787000042,51.09496689300005],[12.290750421000041,51.09098485000004],[12.304828431000033,51.09748448500005],[12.307434948000036,51.09451103200007],[12.318470379000075,51.09382665700008],[12.331598674000077,51.10378250500003],[12.356580071000053,51.094342821000055],[12.353617564000047,51.08460672900003],[12.361026051000067,51.07979973600004],[12.375320058000057,51.07711386300008],[12.384721918000025,51.08029249500004],[12.385582748000047,51.083491912000056],[12.392957993000039,51.08411550200003],[12.398082104000025,51.07851711200004],[12.410448216000077,51.07285482000003],[12.420975531000067,51.078142514000035],[12.450744659000065,51.07730576800003],[12.453097610000043,51.083461449000026],[12.458382880000045,51.084550712000066],[12.462914729000033,51.06689980300007],[12.467989081000042,51.06784308400006],[12.469467689000055,51.06421745600005],[12.496357871000043,51.06624660800003],[12.504459791000045,51.06079102100006],[12.50857594200005,51.053062827000076],[12.501925594000056,51.051725859000044],[12.504742939000039,51.044890946000066],[12.50289394500004,51.03489968100007],[12.512451518000034,51.026419074000046],[12.509325713000067,51.025451521000036],[12.507388166000055,51.017275890000064],[12.51633278600002,51.01821992300006],[12.514368602000047,51.026876608000066],[12.518156394000073,51.02734923100007],[12.518903840000064,51.02286481400006],[12.538852058000032,51.02425203800004],[12.539240364000023,51.02040942100007],[12.534771484000032,51.01562932000007],[12.540180376000023,51.005732583000054],[12.526451554000062,51.00148548100003],[12.528349485000035,50.998280331000046],[12.555758809000054,50.99748550600003],[12.57278019100005,50.99023938400006],[12.577197032000072,50.98418938400005],[12.583807026000045,50.98183293800008],[12.579293133000021,50.98514208900008],[12.581021526000029,50.989235078000036],[12.591598733000069,50.99284653600006],[12.60119363800004,50.99273100200003],[12.60168771800005,50.99535237500004],[12.607533974000035,50.99673176500005],[12.607310702000063,50.99082004400003],[12.616431423000051,50.98528187800008],[12.621288784000058,50.97577059500003],[12.622132930000078,50.963429673000064],[12.630112749000034,50.94250303200005],[12.625540880000074,50.94222974400003],[12.624357315000054,50.93970986800008],[12.631443610000076,50.94014733900008],[12.637630069000068,50.93310286700006],[12.64223282200004,50.93316777800004],[12.641662611000072,50.928807094000035],[12.652865740000038,50.923677903000055],[12.654115090000062,50.919062739000026],[12.64127441100004,50.911423752000076],[12.640121045000058,50.90307378300008],[12.625420698000028,50.90575456600004],[12.620061669000052,50.90938146600007],[12.614800868000032,50.90480507600006],[12.584735255000055,50.904020786000046],[12.573426149000056,50.90107806200007],[12.560227496000039,50.906137270000045],[12.538191159000064,50.90068640800007],[12.525261426000043,50.902655639000045],[12.521322395000027,50.90759852700006],[12.507862731000046,50.90372903700006],[12.513029158000052,50.89610902600003],[12.511120450000021,50.89409887100004],[12.486666046000039,50.89389698000008],[12.480235571000037,50.890510049000056],[12.482190589000027,50.888676341000064],[12.459254289000057,50.88044858400008],[12.464197736000074,50.87339102200008],[12.461122286000034,50.87177639500004],[12.46402553300004,50.87012522300006],[12.448356980000028,50.86744833500006],[12.449319528000046,50.86575556400004],[12.44415211300003,50.862583924000035],[12.448249614000076,50.85616979300005],[12.441127220000055,50.849394551000046],[12.442501815000071,50.84402739500007],[12.437452920000055,50.84241740500005],[12.42932759200005,50.84416132000007],[12.420206496000048,50.83958970800006],[12.411585513000034,50.84738245600005],[12.418055649000053,50.85540733700003],[12.412985022000044,50.856873008000036],[12.407283234000033,50.85697638800008],[12.406117146000042,50.850517222000065],[12.402949551000063,50.84922606500004],[12.377031701000021,50.849047787000075],[12.378388545000064,50.85371150200007],[12.374132737000025,50.85324923200005],[12.374856030000046,50.848825746000045],[12.364891920000048,50.84653967100007],[12.362305346000028,50.842296987000054],[12.348316870000076,50.83753494100006],[12.347576712000034,50.82363150900005],[12.306948010000042,50.81876300300007],[12.29858355600004,50.82990022100006],[12.29590816800004,50.828330605000076],[12.302356116000055,50.817197184000065],[12.295668693000039,50.81690079500004],[12.292707172000064,50.823807980000026],[12.289715312000055,50.82396523700004],[12.291132902000072,50.82211452300004],[12.28574046600005,50.820311625000045],[12.286074760000076,50.81187393400006],[12.279862919000038,50.80970437800005],[12.276981908000039,50.81785963300007],[12.272659461000046,50.81638980300005],[12.27503549100004,50.81363880400005],[12.268565394000063,50.812316304000035],[12.267335106000075,50.814363910000054],[12.259758066000074,50.81145106300005],[12.250495312000055,50.81853755600008],[12.250942654000028,50.815013459000056],[12.242835374000038,50.809060457000044],[12.253483552000034,50.79950899600004],[12.250176664000037,50.79910172900003],[12.254849014000058,50.79505915800007],[12.253153657000041,50.78883476500005],[12.267571983000039,50.787327848000075],[12.287644353000076,50.78964332700008],[12.287951536000037,50.78358740400006],[12.290160812000067,50.78342709200007],[12.284049706000076,50.77346767100005],[12.26392092900005,50.76045602700003],[12.240689735000046,50.767240127000036],[12.228688049000027,50.757452787000034],[12.226704316000053,50.74159453400006],[12.230243106000046,50.74351343200004],[12.226984634000075,50.73821847800008],[12.231442325000046,50.738209092000034],[12.237913784000057,50.73302578100004],[12.264756658000067,50.73754688900004],[12.273430219000034,50.72820205900007],[12.253382117000058,50.71570452800006],[12.264900657000055,50.703699234000055],[12.26595844600007,50.70110486100003],[12.26199176800003,50.70039129300005],[12.262762318000057,50.695276464000074],[12.274761805000026,50.68611728500008],[12.296887841000057,50.686543448000066],[12.299387745000047,50.68376851700003],[12.308537018000038,50.68260884500006],[12.314810650000027,50.685244468000064],[12.318896253000048,50.68400317900006],[12.322048412000072,50.68143383700004],[12.314233563000073,50.66958722600003],[12.317717793000043,50.663364201000036],[12.303543697000066,50.66225610500004],[12.298894859000029,50.65168210200005],[12.28962486200004,50.64788246900008],[12.279692681000029,50.64777834100005],[12.281318077000037,50.64455306900004],[12.264286262000041,50.64338544100008],[12.265518391000057,50.63079334400004],[12.24464174700006,50.633304474000056],[12.23281227800004,50.627067029000045],[12.230825129000038,50.63263186000006],[12.226448313000049,50.62983529100006],[12.21675880500004,50.631464624000046],[12.21723871200004,50.633743508000066],[12.207550321000042,50.63659603900004],[12.207544906000066,50.63993512700006],[12.198197471000071,50.64131481100003],[12.199690157000077,50.63293187700003],[12.188191104000055,50.62311895400006],[12.192122401000063,50.61932694200004],[12.190751569000042,50.61442330500006],[12.18276647500005,50.612110603000076],[12.174721625000075,50.61451388200004],[12.178135353000073,50.61864891600004],[12.173505285000033,50.62129904100004],[12.175968865000073,50.62451231400007],[12.17044187600004,50.629234702000076],[12.149889651000024,50.62880250200004],[12.145710757000074,50.62142820400004],[12.15082609700005,50.61560216700008],[12.145226950000051,50.60973703900004],[12.147222145000057,50.60609792100007],[12.114901490000022,50.59698174700003],[12.110150855000029,50.58872004300008],[12.124724023000056,50.58442452500003],[12.132649087000061,50.58774168100007],[12.126369927000042,50.58400131500008],[12.135191116000044,50.58213369100008],[12.144832259000054,50.58574002200004],[12.151598610000065,50.583445776000076],[12.156092178000051,50.58557908600005],[12.16067385100007,50.580052745000046],[12.156024277000029,50.573491527000044],[12.127654066000048,50.57412899600007],[12.122792037000067,50.56753566500004],[12.115772821000064,50.56694834800004],[12.10151776400005,50.578940388000035],[12.083594331000029,50.57856674000004],[12.078117392000024,50.57658969700003],[12.07914078400006,50.56925903300004],[12.074673282000049,50.56683055800005],[12.076643574000059,50.55800753500006],[12.07268971600007,50.555118598000035],[12.06549437600006,50.55581940700006],[12.052068203000033,50.55096098400003],[12.04121617800007,50.55353817800005],[12.030271920000075,50.54939778800008],[12.033651851000059,50.553214120000064],[12.028347435000057,50.55386046500007],[12.032204222000075,50.55500114600005],[12.030989895000062,50.55777623600005],[12.01753547800007,50.56784079200003],[12.035634272000038,50.581365359000074],[12.031110193000075,50.58190342800003],[12.031068848000075,50.584230724000065],[12.036137609000036,50.59394988200006],[12.031294676000073,50.59820714300008],[12.020970314000067,50.59855293800007],[12.004761034000069,50.61382341800004],[12.020066952000036,50.62386007600003],[12.021360113000071,50.627231667000046],[12.010397048000073,50.63546120900003],[12.003938001000051,50.63482546100005],[12.000886492000063,50.63321821800008],[12.003378558000065,50.63018900900005],[11.998724671000048,50.627135631000044],[11.979268787000024,50.621410179000065],[11.988779760000057,50.61073218700005],[11.967731504000028,50.60012744800008],[11.962309570000059,50.60096393400005],[11.959965122000028,50.604454677000035],[11.95714367200003,50.598995357000035],[11.949715470000058,50.59389746100004],[11.935961140000074,50.58744037800005],[11.923565976000077,50.58570803400005],[11.933676233000028,50.568524970000055],[11.923149416000058,50.56077627600007],[11.922446511000032,50.557635195000046],[11.92601067000004,50.556844271000045],[11.92046212200006,50.55555380700008],[11.919943526000054,50.560347799000056],[11.917706766000038,50.560663272000056],[11.913927193000063,50.55506544100007],[11.885209239000062,50.55194169100008],[11.871462575000066,50.53982274100008],[11.888217853000071,50.516678642000045],[11.91846047000007,50.51698060000007],[11.915851091000036,50.52451804300006],[11.91833805500005,50.525508271000035],[11.918915883000068,50.52238673900007],[11.92525127500005,50.52631910300005],[11.93293170000004,50.52125632700006],[11.930228597000053,50.512936497000055],[11.933976413000039,50.50603453800005],[11.939936731000046,50.502990476000036],[11.943813274000036,50.505614784000045],[11.951033533000043,50.49588584900005],[11.960352836000027,50.49172917200008],[11.964228503000072,50.48696260200006],[11.964654704000054,50.48389740400006],[11.959231113000044,50.47867460200007],[11.94648944200003,50.479360514000064],[11.942949617000068,50.47346174900008],[11.937693008000053,50.47169194500003],[11.943996427000059,50.47110566100008],[11.941057497000031,50.46829317100003],[11.943664397000077,50.46444812400006],[11.948392802000058,50.46536023900006],[11.942791293000028,50.459577341000056],[11.951801217000025,50.45551422500006],[11.950797996000063,50.454068979000056],[11.936293143000057,50.45908288000004],[11.931895132000022,50.46422276800007],[11.92765965500007,50.45924737100006],[11.920343521000063,50.460052146000066],[11.919033658000046,50.45432079200003],[11.904939531000025,50.45437661500006],[11.894996787000025,50.44945794900008],[11.894706067000072,50.44405482800005],[11.88850946100007,50.443605914000045],[11.899640957000031,50.435247539000045],[11.903838154000027,50.43671499900006],[11.906008499000052,50.434255620000044],[11.90815516300006,50.43658190800005],[11.916207427000074,50.43306342200003],[11.927800470000022,50.43251523600003],[11.924237216000051,50.42634970900008],[11.919322860000023,50.42472776500006],[11.929779765000035,50.421169614000064],[11.934729681000022,50.42366379600003],[11.939146234000077,50.41838907500005],[11.945645081000066,50.41628277400008],[11.944162376000065,50.411576773000036],[11.954374087000076,50.40707448200004],[11.948070279000035,50.40037754700006],[11.94937688500005,50.39480853600003],[11.957232760000068,50.39707807500008],[11.96025004300003,50.39541794000007],[11.964572062000059,50.39993463600007],[11.974696373000029,50.39054496000006],[11.98394319700003,50.38870713500006],[11.97859876800004,50.380004479000036],[11.984691655000063,50.37541442700007],[11.978960913000037,50.36949473700008],[11.984773226000073,50.36469550500004],[11.979558884000028,50.36479839000003],[11.976512284000023,50.361944634000054],[11.980682143000024,50.361598162000064],[11.982554633000063,50.35666657300004],[11.976043698000069,50.352292688000034],[11.982282317000056,50.34987840400004],[11.996971075000033,50.35401666700005],[11.997250746000077,50.34689452600003],[12.01477557100003,50.34756012300005],[12.014640474000032,50.34360679500003],[12.01941200500005,50.34041274800006],[12.030884272000037,50.33931474100007],[12.029499035000072,50.33649837100006],[12.032156905000022,50.330071383000075],[12.04182809300005,50.33097060000006],[12.037209215000075,50.335783485000036],[12.038908487000072,50.33657968300008],[12.045847254000023,50.329934895000065],[12.04685190500004,50.32499865700004],[12.04906339300004,50.32855064000006],[12.046435516000031,50.33115090500007],[12.051854411000022,50.330906825000056],[12.05777467400003,50.32627293200005],[12.055871960000047,50.33165342600006],[12.061624638000069,50.32893158100006],[12.064216204000047,50.33303947600007],[12.079892806000032,50.32683473700007],[12.082511426000053,50.33016008300007],[12.091343377000044,50.33260968800005],[12.090346650000072,50.32425138500008],[12.097982066000043,50.32303101200006],[12.100900370000033,50.31802824400006]]]}},{"type":"Feature","id":null,"properties":{"shapeName":"Sachsen-Anhalt","shapeISO":"DE-ST","shapeID":"10402087B23625801106445","shapeGroup":"DEU","shapeType":"ADM1","_puzzle_simplification_tolerance":0.0017192,"name_en":"Sachsen-Anhalt","name_zh":"Sachsen-Anhalt一级行政区"},"geometry":{"type":"MultiPolygon","coordinates":[[[[11.597784507000028,53.03592637000003],[11.596424029000048,53.032782903000054],[11.56913086700007,53.01855031100007],[11.563745870000048,53.01284338100004],[11.559249505000025,53.01308032700007],[11.552090030000045,53.00472847200007],[11.56044386700006,53.00379970800003],[11.556416553000076,52.99866580400004],[11.543380404000061,52.999452415000064],[11.526428491000047,53.00825854200008],[11.512490564000075,53.00744492700005],[11.506428195000069,52.99974518800008],[11.492342520000022,52.95966288400007],[11.505026760000021,52.94103266800005],[11.47006165700003,52.93892562900004],[11.454444418000037,52.93339690100004],[11.432890608000037,52.91974981800007],[11.426075470000058,52.919923502000074],[11.406577801000026,52.90410220000007],[11.392461714000035,52.901680112000065],[11.38477818900003,52.90357843000004],[11.386110623000036,52.90233795600005],[11.374693843000045,52.900235776000045],[11.354534898000054,52.89036301700003],[11.337184152000077,52.88835742400005],[11.314250103000063,52.87823631900005],[11.295410670000024,52.87490689700007],[11.294213479000064,52.88713278800003],[11.290662086000054,52.889125662000026],[11.276569533000043,52.887532253000074],[11.267238933000044,52.88014081300008],[11.241125626000041,52.87901825200004],[11.237943342000051,52.88060768300005],[11.235763577000057,52.88861393600007],[11.219169102000023,52.89268118800004],[11.220645293000075,52.89766635600006],[11.15525787300004,52.90621056800006],[11.154666716000065,52.90186534500003],[11.138906032000023,52.89834071200005],[11.106405529000028,52.89622347900007],[11.093187302000047,52.89947142400007],[11.098675785000069,52.91287668800004],[11.078747417000045,52.91296415200003],[11.065872827000021,52.90945107500005],[11.039049488000046,52.91339928900004],[11.013076374000036,52.90989024100003],[11.00207578800007,52.911476649000065],[10.99257250100004,52.90645741000003],[10.993561464000038,52.90352781400003],[10.989053822000074,52.899053010000046],[10.990097025000068,52.888187680000044],[10.985508337000056,52.88203321200007],[10.978814438000029,52.87815263600004],[10.968082323000033,52.879320721000056],[10.967895794000071,52.87571612700003],[10.93963351900004,52.85333551100007],[10.915024644000027,52.85317782000004],[10.895667014000026,52.856372761000046],[10.89287538800005,52.84798245400003],[10.884683581000047,52.84579634200003],[10.876841916000046,52.84774779900005],[10.874172386000055,52.85270405700004],[10.866102062000039,52.855725989000064],[10.859205403000033,52.853343951000056],[10.860370626000076,52.851651521000065],[10.841555871000025,52.852204863000054],[10.834774625000023,52.847475057000054],[10.80055300500004,52.85029181300007],[10.796147054000073,52.84364187800003],[10.76469723300005,52.84047926900007],[10.771728831000075,52.83394567500005],[10.763985773000059,52.83020803800008],[10.766654544000062,52.82619310300004],[10.756946307000021,52.81977474200005],[10.761743760000059,52.80272638900004],[10.75532124700004,52.78482963400006],[10.77548289300006,52.76236112300006],[10.776207966000072,52.75478884100005],[10.787645076000047,52.75296713100005],[10.791665848000036,52.74819658000007],[10.788176141000065,52.73317231600004],[10.793282401000056,52.72996828200007],[10.796696774000054,52.71432635700006],[10.824460067000075,52.717974637000054],[10.829703151000047,52.716135165000026],[10.836158917000034,52.70770144800008],[10.833128895000073,52.700938948000044],[10.837507475000052,52.695809593000035],[10.846091733000037,52.69013763700008],[10.85967750900005,52.67459028900004],[10.87775885000002,52.663832479000064],[10.87902680700006,52.65599645700007],[10.896868342000062,52.64270869000006],[10.904377968000063,52.627466782000056],[10.91310319400003,52.624098090000075],[10.91505285200003,52.61763496000003],[10.925026272000025,52.61459685500006],[10.921411939000052,52.61043708200003],[10.927160295000022,52.60926157000006],[10.943396820000032,52.61491320200008],[10.94517402200006,52.62021641700005],[10.964248328000053,52.62585473200005],[10.976967998000077,52.62414161800007],[10.975629190000063,52.60682491300008],[10.959519013000033,52.59989230700006],[10.953259830000036,52.59286752200006],[10.939817470000037,52.58957310000005],[10.947435541000061,52.582550068000046],[10.94168946800005,52.57974465600006],[10.94143788200006,52.57187485000003],[10.937575735000053,52.56739965300005],[10.943039128000066,52.56049324000003],[10.942337249000047,52.55594869600003],[10.958992317000025,52.53555397200006],[11.008781744000032,52.49674764500003],[10.982261613000048,52.49696464200008],[10.974840401000051,52.50136334900003],[10.949993653000035,52.49560565200005],[10.94355590500004,52.49234953000007],[10.940981083000054,52.47660079500008],[10.934584997000059,52.47617439600003],[10.933745728000076,52.46095212700004],[10.94782168300003,52.453949100000045],[10.948796393000066,52.448591703000034],[10.956394784000054,52.44475152000007],[10.962261127000033,52.43473785500004],[10.989408015000038,52.42030296900003],[10.994628376000037,52.41511332600004],[10.991645018000042,52.41333494200006],[11.005578878000051,52.40887152800008],[11.018695124000033,52.39704204700007],[11.016483831000073,52.39486209200004],[11.018904700000064,52.392165402000046],[11.015160053000045,52.38810680700004],[11.022946034000029,52.392635452000036],[11.034208160000048,52.38857413300008],[11.036299796000037,52.38520951300006],[11.041867311000033,52.38638383300008],[11.039004142000067,52.38890951900004],[11.046752836000053,52.38787017700008],[11.054499477000036,52.38138623700007],[11.06083105700003,52.38021465800006],[11.066544204000024,52.37319982500003],[11.068810227000029,52.376522124000076],[11.074479825000026,52.37440326600006],[11.073741183000038,52.37170144500004],[11.067000153000038,52.36987737700008],[11.068684252000025,52.355477636000046],[11.06380755400005,52.354154089000076],[11.061613905000058,52.357452969000065],[11.057474478000074,52.35033314600008],[11.043939507000061,52.34933868000007],[11.044049718000053,52.34688242700008],[11.037356481000074,52.34474236900007],[11.023596170000076,52.34423206500003],[11.022980602000075,52.34743293500003],[10.983673924000072,52.34168646200004],[10.98791249900006,52.335015948000034],[11.002083240000047,52.336585384000045],[11.004795268000066,52.33074881400006],[10.999982894000027,52.329712408000034],[11.001076691000037,52.32748052200003],[11.011616662000051,52.32824106500004],[11.020228833000033,52.31911791200008],[11.036015160000034,52.31039603900007],[11.035590317000072,52.30341498300004],[11.039222682000059,52.30167186500006],[11.012506508000058,52.29132000800007],[11.013800797000044,52.28664905000005],[11.029066818000047,52.27012102300006],[11.042943950000051,52.272010686000044],[11.052167702000077,52.267363551000074],[11.051129729000024,52.26279929700007],[11.056312566000031,52.25872796600004],[11.052367340000046,52.253736450000076],[11.058907194000028,52.240651771000046],[11.073267500000043,52.24323969100004],[11.086244119000071,52.228633838000064],[11.07885765800006,52.22464974700006],[11.077184889000023,52.21867656400008],[11.044883263000031,52.21505615700005],[11.034455569000045,52.21031238900008],[11.029448371000058,52.21144837400004],[11.021394558000054,52.20497925800004],[11.02457987400004,52.20109582400005],[11.01768632300002,52.19825258100008],[11.013646589000075,52.199556191000056],[11.013169195000046,52.185877693000066],[11.019244599000046,52.17808702000008],[11.035923513000057,52.17172844400005],[11.060336962000065,52.17238740800008],[11.061481095000033,52.16524303800003],[11.05461848400006,52.16025607600005],[11.060428364000074,52.15347401100007],[11.045039177000035,52.14355384300006],[11.046336785000051,52.13693508000006],[11.04413517200004,52.13366550400008],[11.017470083000035,52.12825973400004],[11.00916320500005,52.11992783900007],[10.97687750700004,52.10572885400006],[10.965668145000052,52.107115340000064],[10.942159787000037,52.103090284000075],[10.942004994000058,52.09436284900005],[10.970652820000055,52.08626494300006],[10.973049718000027,52.073123931000055],[10.96441459700003,52.05664316000008],[10.935961366000072,52.059709885000075],[10.878944232000038,52.05920304000006],[10.851441979000072,52.05033732000004],[10.828707491000046,52.04774865100006],[10.77537170200003,52.05014145000007],[10.759892655000044,52.045085088000064],[10.758284329000048,52.04804164700005],[10.74506387300005,52.048787944000026],[10.687385237000058,52.04813820700008],[10.647886656000026,52.041720816000065],[10.651739923000036,52.03278572700003],[10.654380454000034,52.03315360200003],[10.656864832000053,52.02852382000003],[10.655491985000026,52.02468661700004],[10.642216826000038,52.022916088000045],[10.638972151000075,52.01532529900004],[10.621436009000035,52.01033426400005],[10.626019658000075,52.008197848000066],[10.611902325000074,52.01004676500003],[10.600194240000064,52.007165677000046],[10.60047759400004,52.00973575800003],[10.595804087000033,52.01008231600008],[10.596599965000053,52.014365534000035],[10.592280206000055,52.01420352700006],[10.59159515600004,52.01134222600007],[10.572969629000056,52.01044576100003],[10.574741226000071,52.00636094500004],[10.561226988000044,52.00406594000003],[10.586778821000053,51.98273184100003],[10.585689560000048,51.97622972400006],[10.596406075000061,51.97497966600008],[10.606232853000051,51.97728740800005],[10.606237285000077,51.96866572300007],[10.619617076000054,51.96693615500004],[10.61994121500004,51.95767862100007],[10.635378441000057,51.95906530900004],[10.641704442000048,51.962627964000035],[10.651303746000053,51.957561078000026],[10.64754661400002,51.95362454800005],[10.63304701800007,51.94849859300007],[10.622477642000035,51.94754119000004],[10.621140680000053,51.94339303300006],[10.613260484000023,51.93946787400006],[10.61811139100007,51.931477382000026],[10.613313788000028,51.921515277000026],[10.638159354000038,51.91596588300007],[10.648214683000049,51.90824476700004],[10.649322126000072,51.889104935000034],[10.63232978600007,51.87216491700008],[10.616032827000026,51.86965422600008],[10.60572396200007,51.86075831000005],[10.602615383000057,51.854545133000045],[10.584468982000033,51.85305717500006],[10.579100529000073,51.84825725500008],[10.576971041000036,51.84298725900004],[10.585272641000074,51.84006702200003],[10.588429865000023,51.835785772000065],[10.578735940000058,51.828652326000054],[10.577838117000056,51.815771820000066],[10.574202936000063,51.81086567300008],[10.583918723000068,51.79882296400007],[10.58508755500003,51.787631445000045],[10.580437276000055,51.78274999800004],[10.591200480000055,51.76898765200008],[10.605945562000045,51.76244442400008],[10.626096715000074,51.75901689600005],[10.631269624000026,51.75147112600007],[10.631713464000029,51.739533092000045],[10.642870748000064,51.73028134800006],[10.642022649000069,51.72528954100005],[10.649337053000067,51.71855164100003],[10.656561948000046,51.71810684400003],[10.66830728900004,51.709908031000055],[10.672617031000073,51.69696554300003],[10.667549207000036,51.69667595900006],[10.663060041000051,51.691212377000056],[10.667356553000047,51.68480836200007],[10.666300009000054,51.679603187000055],[10.670507134000047,51.66691268200003],[10.682880157000056,51.66062388200004],[10.696011081000051,51.642988323000054],[10.709115289000067,51.64069881700004],[10.737087376000034,51.64507247600005],[10.749365655000076,51.64033430200004],[10.756121767000025,51.64174800700005],[10.755681214000049,51.64506227700008],[10.764511214000038,51.64900827500003],[10.771296376000066,51.64460274000004],[10.785421223000071,51.64187959600008],[10.818215835000046,51.639026433000026],[10.821756983000057,51.63341845000008],[10.822567512000035,51.62353957400006],[10.833734255000024,51.63068760800007],[10.85861525100006,51.63289977000005],[10.883233800000028,51.61769415100008],[10.881498634000025,51.61717446400007],[10.886600561000023,51.61211090900008],[10.901525108000044,51.61187218600003],[10.922012575000053,51.618447435000064],[10.92095901500005,51.613652510000065],[10.914091359000054,51.61016346200006],[10.937063688000023,51.60348729100008],[10.930538151000064,51.59168093400007],[10.903331296000033,51.59382821600008],[10.89642421600007,51.59683842800007],[10.894476282000028,51.60183290300006],[10.893852500000037,51.598635853000076],[10.888834230000043,51.59639595500005],[10.887849467000024,51.588968041000044],[10.883697961000053,51.58613321100006],[10.882051629000046,51.580508087000055],[10.893071899000063,51.57651765300005],[10.892765969000038,51.57114777000004],[10.90024971400004,51.56442340800004],[10.895150138000076,51.55767092900004],[10.900496028000077,51.55065470000005],[10.904473143000075,51.54964138300005],[10.91116190200006,51.555431146000046],[10.912631687000044,51.55001301900006],[10.916548649000049,51.54745703900005],[10.939997853000023,51.54191611200008],[10.947971842000072,51.53757287900004],[10.947838951000051,51.53334586200003],[10.939754083000025,51.53560431400007],[10.935151294000036,51.53322199000007],[10.932850378000069,51.52151732200008],[10.927335260000063,51.52085370200007],[10.933751617000041,51.519219863000046],[10.931345343000032,51.51812542400006],[10.934660777000033,51.517768053000054],[10.936240609000038,51.511515201000066],[10.945086716000048,51.50618958300004],[10.94523868400006,51.50372972900004],[10.939721084000041,51.50072556500004],[10.946634321000033,51.499010173000045],[10.948649094000075,51.50162955600007],[10.953760833000047,51.498146244000054],[10.952076348000048,51.495417718000056],[10.97294365700003,51.48196093200005],[10.960817206000058,51.47122492700004],[10.963311065000028,51.46907277500003],[10.961192676000053,51.46314695900003],[10.964074234000066,51.46312827000003],[10.962994035000065,51.46038686300005],[10.969701831000066,51.45893546600007],[10.968290790000026,51.45441900900005],[10.97270295800007,51.45366602900003],[10.967122260000053,51.44571471100005],[10.970928628000024,51.442028822000054],[10.966733926000074,51.43235320700006],[10.979680170000051,51.43192371200007],[10.978113226000062,51.42688508100008],[10.98946772100004,51.425776502000076],[11.007920436000063,51.42926892100007],[11.010663972000032,51.42531503200007],[10.99999488800006,51.423218475000056],[10.992033080000056,51.41785321300006],[11.018749640000067,51.41705282200007],[11.025240692000068,51.42139451300005],[11.04022967000003,51.42459186100007],[11.049852428000065,51.420196530000055],[11.046041149000075,51.42627015800008],[11.051844974000062,51.429531248000046],[11.056930774000023,51.42747597600004],[11.061390455000037,51.42979197400007],[11.071476060000066,51.42863452000006],[11.095204219000038,51.41897594100004],[11.103465973000027,51.419255056000054],[11.101996259000032,51.41690536700003],[11.116555711000046,51.41568730400007],[11.116392161000022,51.41100069600003],[11.127572764000035,51.41325379700004],[11.128468050000038,51.410333964000074],[11.125661259000026,51.40811765900003],[11.13110744000005,51.40853363200006],[11.132284832000039,51.40447096100007],[11.135050987000056,51.40634139500003],[11.141754602000049,51.40263265400006],[11.14862855900003,51.40398199800006],[11.152934181000035,51.40164432500006],[11.176887946000022,51.40630791700005],[11.183413273000042,51.405898808000074],[11.183596616000045,51.40286974600008],[11.192411165000067,51.402875290000054],[11.196856632000049,51.40803211900004],[11.20772362200006,51.40666908700007],[11.210117892000028,51.407911556000045],[11.209537548000071,51.41174291200008],[11.223882996000043,51.41318615300003],[11.23090707800003,51.40832690600007],[11.230167351000034,51.405742607000036],[11.247897158000058,51.405420562000074],[11.244122912000023,51.39695478400006],[11.24850616200007,51.395132827000054],[11.25276886100005,51.400653153000064],[11.274318773000061,51.400754524000035],[11.275246030000062,51.40484346100004],[11.28497513800005,51.40220792400004],[11.321259842000075,51.41037234700008],[11.32905378700002,51.400019917000066],[11.330795693000027,51.39026639000008],[11.340542092000021,51.39241765100007],[11.347668132000024,51.384557028000074],[11.350393810000071,51.38810937300008],[11.357425840000076,51.389774603000035],[11.361739452000052,51.38305688400004],[11.36536151000007,51.38307519700004],[11.368404611000074,51.387779641000066],[11.370121419000043,51.385084463000055],[11.378316571000028,51.387238108000076],[11.39685227900003,51.381330726000044],[11.395941108000045,51.37293402800003],[11.391146566000032,51.37254761400004],[11.389836467000066,51.367986821000045],[11.39283077600004,51.365255852000075],[11.392966719000071,51.35410157100006],[11.39693982500006,51.34961480100003],[11.400975060000064,51.349437185000056],[11.39943721800006,51.34483615600004],[11.408992133000027,51.340082702000075],[11.412042133000057,51.342488392000064],[11.428814556000077,51.34282857800008],[11.426296569000044,51.33622242200005],[11.413594723000074,51.333127825000076],[11.42805392300005,51.32791273300006],[11.425763930000073,51.32729360700006],[11.434235478000062,51.32042263300008],[11.447413766000068,51.31606106600003],[11.445994290000044,51.311960578000026],[11.449778953000077,51.31378352400003],[11.475225978000026,51.29805427700006],[11.472579224000071,51.297876280000025],[11.473859409000056,51.29456710200003],[11.46778506000004,51.28838686200004],[11.459877390000031,51.29405030400005],[11.452325168000073,51.27998541800008],[11.456112364000035,51.27720127600003],[11.446777526000062,51.27112257300007],[11.441744507000067,51.27331358200007],[11.437030881000055,51.26865453200003],[11.441280275000054,51.26696411700004],[11.439522338000074,51.26337866000006],[11.429290882000032,51.25467966100007],[11.42180587300004,51.253236161000075],[11.418353591000027,51.24760556500007],[11.419967523000025,51.24636447900008],[11.412632300000041,51.24106203300005],[11.397795324000072,51.23673771600005],[11.400613031000034,51.24290962200007],[11.384567127000025,51.24564122700008],[11.376377418000061,51.23939538700006],[11.37819898400005,51.23765761900006],[11.376447063000057,51.23407119700005],[11.369101132000026,51.23061210100008],[11.364832643000057,51.221359162000056],[11.38982494000004,51.21751519400004],[11.391064922000055,51.21056767300007],[11.387975665000056,51.20887313500003],[11.391420064000044,51.20353330000006],[11.399198874000035,51.206380540000055],[11.40588754600003,51.20270284600008],[11.408067062000043,51.20369100600004],[11.405330237000044,51.207397728000046],[11.43094860900004,51.21247579900006],[11.446045122000044,51.20814376700008],[11.445053589000054,51.204489643000045],[11.447721113000057,51.20366230900004],[11.452402961000075,51.192477490000044],[11.45583663800005,51.195377187000076],[11.468567729000029,51.19265410600008],[11.470316135000076,51.18385763100008],[11.467238357000042,51.180454902000065],[11.470104936000041,51.18030986700006],[11.471396233000064,51.17687092300008],[11.470817624000063,51.16983847700004],[11.48554832800005,51.168017348000035],[11.485260144000051,51.16559279300003],[11.47494769900004,51.16582634000008],[11.472560400000077,51.16091996000006],[11.47928467500003,51.158778323000035],[11.47192917600006,51.148183576000065],[11.451004307000062,51.146670132000054],[11.459041702000036,51.13594079300003],[11.45987540300007,51.13016306700007],[11.462825055000053,51.13022312700008],[11.462586290000047,51.12687432400003],[11.465453882000077,51.12738206600005],[11.46336178200005,51.11276038200003],[11.478251467000064,51.10761435500007],[11.483823598000072,51.108179419000066],[11.48521893700007,51.10253352700005],[11.510594122000043,51.10297378200005],[11.512077531000045,51.107973997000045],[11.545642779000048,51.10245036800006],[11.547819652000044,51.11170217500006],[11.556505667000067,51.111260816000026],[11.555208704000052,51.10932154000005],[11.558240956000077,51.10895127400005],[11.571659895000039,51.11936512500006],[11.607503406000035,51.111607235000065],[11.620043674000044,51.10466693300003],[11.616151625000043,51.097964457000046],[11.62021201400006,51.09744866300008],[11.624355611000055,51.10448152600003],[11.634987851000062,51.10733013500004],[11.638240031000066,51.11112278300004],[11.647079650000023,51.10730198300007],[11.66695005400004,51.11078547800008],[11.666539645000057,51.10746472100004],[11.672439706000034,51.10290187900006],[11.675308124000026,51.104138282000065],[11.689165572000036,51.09859346600007],[11.689215951000051,51.10055461700006],[11.692382465000037,51.09985159900003],[11.693398985000044,51.09262028300003],[11.70158187100003,51.08582347500004],[11.697597752000036,51.08424468800007],[11.701832502000059,51.07841512500005],[11.699706099000025,51.07660200500004],[11.700810414000046,51.069402566000065],[11.70984661500006,51.068137843000045],[11.721168154000054,51.07101981300008],[11.723523387000057,51.06799511600008],[11.732299863000037,51.068417156000066],[11.737146865000057,51.06313744900007],[11.753250387000037,51.05698852300003],[11.745531157000073,51.05416143000008],[11.746197108000047,51.05195437200007],[11.759753677000049,51.04777583900005],[11.759689951000041,51.04285785600007],[11.772094097000036,51.045007542000064],[11.770406817000037,51.04918031400007],[11.774634278000065,51.05315736700004],[11.786865663000071,51.052628405000064],[11.787399355000048,51.05011059800006],[11.797101471000076,51.05040805500005],[11.803893556000048,51.04721079700005],[11.833888858000023,51.052260870000055],[11.852255822000075,51.051860118000036],[11.860261347000062,51.05476396300003],[11.863095834000035,51.05114563300003],[11.87473792700007,51.05706189600005],[11.888807362000023,51.05584043500005],[11.896663052000065,51.05047293500007],[11.894667507000065,51.047136658000056],[11.897452763000047,51.04529540100003],[11.910866916000032,51.04501989900007],[11.910734597000044,51.04161087600005],[11.915390047000074,51.03793685900007],[11.911895627000035,51.02817928800005],[11.921462605000045,51.026293922000036],[11.943066187000056,51.03244116400003],[11.958312808000073,51.02103862700005],[11.962743180000075,51.02218315600004],[11.965226962000031,51.01834207300004],[11.977137233000064,51.01645489900005],[11.980310205000023,51.01234535400005],[11.97470429200007,51.00982584900004],[11.978643929000043,51.003696124000044],[11.975773857000036,50.99916670400006],[11.968528754000033,50.99915925700003],[11.969873133000021,50.994327733000034],[11.972911022000062,50.99434335900003],[11.97423776900007,50.99032192700008],[11.996501891000037,50.99316077700007],[11.999335898000027,50.98863369600008],[12.006571244000042,50.991024147000076],[12.008665205000057,50.983941591000075],[12.014309772000047,50.98390433700007],[12.01718818200004,50.97906123400003],[12.01706445700006,50.97657228300005],[12.010659468000028,50.97469144100006],[12.01096284600004,50.969998857000064],[12.01412639800003,50.968670856000074],[12.037484825000035,50.97293644400003],[12.055356754000059,50.968613349000066],[12.072650432000046,50.974120467000034],[12.09215763900005,50.97653048800004],[12.134986527000024,50.96497545700004],[12.132133920000058,50.96126262900003],[12.150049823000074,50.96415095700007],[12.158352669000067,50.96313122000004],[12.163529547000053,50.95859978000004],[12.166078962000029,50.95903955600005],[12.163207827000065,50.966485230000046],[12.182508063000057,50.97586604600008],[12.19797939700004,50.95678387500004],[12.213818569000068,50.95843608900003],[12.215346989000068,50.95327012800004],[12.211073996000039,50.94957104400004],[12.21458012100004,50.93803207800005],[12.238717456000074,50.95152809900003],[12.241670526000064,50.96151375000005],[12.232348815000023,50.961353392000035],[12.236371525000038,50.96450643800006],[12.239891998000076,50.97567999300003],[12.262185232000036,50.98916120000007],[12.277894761000027,51.005797406000056],[12.283517938000045,51.006435975000045],[12.282508514000028,51.011697420000075],[12.291747857000075,51.01869953700003],[12.293914550000068,51.03132995400006],[12.289483103000066,51.03045015200007],[12.28704538900007,51.037639041000034],[12.282467626000027,51.03775411100003],[12.280580446000045,51.04047835700004],[12.250268436000056,51.03787289100006],[12.250460368000063,51.044466939000074],[12.256789285000025,51.04533476100005],[12.25628086200004,51.04924838100004],[12.262206675000073,51.04961074900007],[12.260548590000042,51.053719998000076],[12.263047895000057,51.05410524400003],[12.259565133000024,51.057599347000064],[12.258492624000041,51.06614388000003],[12.269307430000026,51.07181233100005],[12.26559684600005,51.076984320000065],[12.27320779300004,51.075059639000074],[12.288279375000059,51.08824243400005],[12.278635787000042,51.09496689300005],[12.278574707000075,51.099282618000075],[12.262774724000053,51.100293746000034],[12.261371157000042,51.097948160000044],[12.253084246000071,51.09726787000005],[12.252536861000067,51.099590626000065],[12.243938422000042,51.10023371200003],[12.241182953000077,51.10298940700005],[12.230358899000066,51.10360749700004],[12.221198540000046,51.10991491400006],[12.223819581000043,51.11081920500004],[12.224590417000059,51.11932294200005],[12.220555541000067,51.12303893500007],[12.229073593000066,51.12022819100008],[12.241637641000068,51.13070468900003],[12.230142988000068,51.13619893900005],[12.196192449000023,51.14190746500003],[12.197153577000051,51.15991072700007],[12.201673509000045,51.16139295900007],[12.20626130900007,51.171297666000044],[12.211568925000051,51.17236305500006],[12.212131422000027,51.175180701000045],[12.208490889000075,51.176232896000045],[12.212316662000035,51.17902082400008],[12.213084091000042,51.18350039100005],[12.193403873000022,51.18530787700007],[12.174844208000025,51.18132731500003],[12.173737447000065,51.19008216200007],[12.187184697000077,51.19146342100004],[12.185597683000026,51.19428514600003],[12.191795201000048,51.19573461500005],[12.189590359000022,51.203983030000074],[12.204741890000037,51.21420247300006],[12.203432084000042,51.21672172800004],[12.198109074000058,51.216702045000034],[12.19207636300007,51.23693234800004],[12.19949202500004,51.238418909000075],[12.193153824000035,51.241396390000034],[12.189389324000047,51.25762272800006],[12.173679004000064,51.25826217500003],[12.173311286000057,51.26631285900004],[12.166101471000047,51.26607361200007],[12.170675753000069,51.274737849000076],[12.172255093000047,51.28568078200004],[12.16974930400005,51.28568792500005],[12.168947867000043,51.29375687800007],[12.157403369000065,51.29227689800007],[12.15532595700006,51.30122651000005],[12.157626829000037,51.30208293100003],[12.147653576000039,51.31996709100008],[12.164778819000048,51.32083505600008],[12.166825672000073,51.32680761700004],[12.194347237000045,51.330567665000046],[12.190255660000048,51.35135930900003],[12.190532467000025,51.35392686300003],[12.195523739000066,51.35439777100004],[12.195756784000025,51.359728320000045],[12.186085325000022,51.36212907100003],[12.185632465000026,51.36596429200006],[12.193640449000043,51.36927451400004],[12.192879207000033,51.37147678200006],[12.181756294000024,51.36851059400004],[12.182767859000023,51.37451981700008],[12.189499481000041,51.37551402100007],[12.189963637000062,51.379450347000045],[12.177744542000028,51.37516761900008],[12.174710620000042,51.379406704000075],[12.177443613000037,51.38048203300008],[12.172143857000037,51.384157697000035],[12.18482790400003,51.38758407900008],[12.17813936400006,51.389146657000026],[12.174863302000063,51.400298305000035],[12.177752067000029,51.403964046000056],[12.173532762000036,51.41025697500004],[12.18320253500002,51.41077112800008],[12.18261409300004,51.41435219300007],[12.186680722000062,51.41444149000006],[12.189822026000058,51.42085370600006],[12.185858094000025,51.42079406800008],[12.182482341000025,51.432379223000055],[12.171032337000042,51.43423427500005],[12.169550936000064,51.430313743000056],[12.15721353300006,51.43271098500003],[12.157631749000075,51.44430476500003],[12.154219213000033,51.44438526000005],[12.15839100100004,51.44598233900007],[12.15825660400003,51.45124315000004],[12.153139176000025,51.452461232000076],[12.153039147000072,51.45754382000007],[12.148672567000062,51.45949484500005],[12.148913401000073,51.46310677400004],[12.175521038000056,51.469680433000065],[12.175705,51.48222233000007],[12.20308176900005,51.48514115000006],[12.200995314000068,51.490291728000045],[12.20701759000002,51.49206414200006],[12.204864782000072,51.49783078400003],[12.208334791000027,51.49809559300007],[12.207896626000036,51.502592433000075],[12.19734756300005,51.50286115800003],[12.196346191000032,51.50673275400004],[12.190395223000053,51.507767286000046],[12.193843727000058,51.50839734400006],[12.193810381000048,51.51865501200007],[12.191161428000044,51.52009306100007],[12.192765745000031,51.53129860700005],[12.201940623000041,51.53133117200008],[12.20146920600007,51.53456857300006],[12.207165230000044,51.53525112300008],[12.206926171000077,51.53968203100004],[12.210220959000026,51.53980525900005],[12.210126728000034,51.54192136200004],[12.22217076100003,51.54444571500005],[12.219018223000035,51.54651416200005],[12.231345874000056,51.54734570100004],[12.230049517000054,51.55282534300005],[12.23604553000007,51.552971196000044],[12.23290389400006,51.56112541300007],[12.244950478000021,51.56697978400007],[12.250477899000032,51.55894912500003],[12.293179328000065,51.560557430000074],[12.293213496000021,51.56490340400006],[12.297223659000053,51.56666744800003],[12.301203701000077,51.565358796000055],[12.313259552000034,51.56849602700004],[12.32055936300003,51.574671515000034],[12.319375024000067,51.57757849800004],[12.340912786000047,51.57980917700007],[12.34361840500003,51.58258062200008],[12.336977041000068,51.58622716800005],[12.367681180000034,51.58308718500007],[12.374514488000045,51.58451770400006],[12.366856399000028,51.58801381500007],[12.381600717000026,51.58541284300003],[12.392256312000029,51.58562942800006],[12.391780966000056,51.58776088500008],[12.411419588000058,51.58200881300007],[12.42541916500005,51.58213138100007],[12.423866923000048,51.588097108000056],[12.427328904000035,51.59929886400005],[12.436823185000037,51.59930545200007],[12.438158352000073,51.60246699600003],[12.433312817000058,51.60583356200004],[12.438386678000029,51.605174401000056],[12.444820329000038,51.60999127100007],[12.460575959000039,51.60326007200007],[12.486373585000024,51.60427773200007],[12.487185423000028,51.60100622600004],[12.477139907000037,51.59627915500005],[12.482988090000049,51.593184188000066],[12.490097469000034,51.59820253000004],[12.497458607000056,51.59656377700003],[12.497657914000058,51.602987357000075],[12.49502422300003,51.60413185700003],[12.503540352000073,51.604545607000034],[12.507006970000077,51.60845555600008],[12.515764083000022,51.60578646100004],[12.534479694000026,51.606086391000076],[12.537469566000027,51.60247093400005],[12.544638134000024,51.60371330500004],[12.541712291000067,51.607436291000056],[12.559979633000069,51.608519106000074],[12.562831478000021,51.61375558000003],[12.570270619000041,51.61688286900005],[12.574703163000038,51.61543349600004],[12.580262793000031,51.62606533500008],[12.591284500000029,51.62248544600004],[12.591856764000056,51.618358486000034],[12.595492827000044,51.61838104700007],[12.604530296000064,51.62624984200005],[12.624168776000033,51.627984240000046],[12.629228985000054,51.62523564800006],[12.623928349000039,51.621816369000044],[12.622360137000044,51.61644618300005],[12.611980179000057,51.61425630600007],[12.608332218000044,51.61060204300003],[12.649112656000057,51.62044632800007],[12.648732250000023,51.625053870000045],[12.665845260000026,51.63159937700004],[12.666523747000042,51.64222535300007],[12.677020964000064,51.64984059500006],[12.678685651000023,51.656235981000066],[12.686675620000074,51.66199282400004],[12.716843228000073,51.66131351800004],[12.740164506000042,51.65555462100008],[12.749936275000039,51.65005877300007],[12.760090289000061,51.64969423600007],[12.764607836000039,51.64656535000006],[12.772706246000041,51.64750905400007],[12.79253353100006,51.66550081500003],[12.817739901000039,51.670403684000064],[12.831807,51.67602244500006],[12.827882307000039,51.68224718100004],[12.841896771000052,51.68222246600004],[12.843862268000066,51.68497371700005],[12.85902956600006,51.676194887000065],[12.856780681000032,51.67269615300006],[12.862227439000037,51.67378173000003],[12.860871693000036,51.66470775300007],[12.866515124000045,51.66395722000004],[12.863864350000028,51.66151147800008],[12.867478547000076,51.65650756500003],[12.86579381100006,51.655026692000035],[12.880393947000073,51.65906020300008],[12.889194796000027,51.66688389500007],[12.895168609000052,51.66376570300008],[12.890810732000034,51.65396787700007],[12.897524744000066,51.64742626700007],[12.913414146000036,51.64411850300007],[12.915230948000044,51.648460802000045],[12.928109045000042,51.649565014000075],[12.935981050000066,51.645775540000045],[12.942163597000047,51.63800593600007],[12.952355280000063,51.64358867400006],[12.949527973000045,51.64943393100003],[12.971502577000024,51.65024867400007],[12.966821294000056,51.66566476400004],[12.981179134000058,51.66347802400003],[12.977001488000042,51.66781767600003],[12.996291835000022,51.66924715600004],[13.001428514000054,51.66755934500003],[13.005252374000065,51.661857766000026],[13.011572474000047,51.66454880900005],[13.02036634600006,51.65407499200006],[13.01785856600003,51.64434681000006],[13.023467076000031,51.63730338500005],[13.154528682000034,51.68670591700004],[13.162459540000043,51.691815133000034],[13.156144751000056,51.69472950000005],[13.161264645000074,51.69498595700003],[13.155100575000063,51.710786882000036],[13.161730164000062,51.71297463700006],[13.170109944000046,51.70808682000006],[13.170906049000052,51.71200307700008],[13.16547919900006,51.71755585900007],[13.16868541100007,51.718669187000046],[13.18707161900005,51.71562451400007],[13.184265784000047,51.71991011800003],[13.186499526000034,51.72211077600008],[13.183252670000059,51.72324194600003],[13.179535239000074,51.73117069700004],[13.167154722000078,51.73538412600004],[13.168417419000036,51.73869668900005],[13.164127394000047,51.74188858600007],[13.160751933000029,51.73986955200007],[13.154010380000045,51.744247947000076],[13.158333697000046,51.75095755800004],[13.16270984700003,51.75054329000005],[13.163294686000029,51.75493602900008],[13.14985352900004,51.75926715000003],[13.155834024000058,51.76457021500005],[13.147481829000071,51.76663853300005],[13.159798632000047,51.77459014900006],[13.16003872300007,51.783928478000064],[13.16870808300007,51.78277037600003],[13.170103761000064,51.78702373700003],[13.15799461100005,51.78844815300005],[13.162691590000065,51.79306857300003],[13.158470924000028,51.797610106000036],[13.160696206000068,51.79718211000005],[13.159957131000056,51.79969213900006],[13.16301128400005,51.80201799400004],[13.15367918000004,51.81490629900003],[13.147529490000068,51.81793735300005],[13.148523437000051,51.820543591000046],[13.142089515000066,51.82065462400004],[13.139141408000057,51.82469282400007],[13.142163335000077,51.82858870900003],[13.135552091000022,51.83280346400005],[13.123535766000032,51.854592541000045],[13.123477553000043,51.85782061900005],[13.150913369000023,51.859610359000044],[13.149604230000023,51.87233145700003],[13.142228110000076,51.87255680900006],[13.138950996000062,51.87951209000005],[13.132026758000052,51.879551442000036],[13.132335236000074,51.88248822700007],[13.119075142000042,51.882829041000036],[13.11899345200004,51.87654083500007],[13.096239343000036,51.87288021200004],[13.08500523400005,51.87401641500003],[13.080548074000035,51.867478067000036],[13.039239290000069,51.87091214700007],[13.029163736000044,51.881042414000035],[13.037293433000059,51.88025695200008],[13.039438526000026,51.88247030300005],[13.037566139000035,51.89088104000007],[13.048537912000029,51.891860431000055],[13.045407862000047,51.90051510700005],[13.022773444000052,51.903230016000066],[13.021779435000042,51.89685164900004],[13.009859056000039,51.90278411400004],[12.986081352000042,51.904108773000075],[12.972664852000037,51.90088114100007],[12.976535928000033,51.91986343600007],[12.95597430500004,51.92265712200003],[12.960567963000074,51.93491054300006],[12.918371523000076,51.939359531000036],[12.917461899000045,51.932691387000034],[12.890424131000032,51.92838025000003],[12.888171517000046,51.934769180000046],[12.852730179000048,51.93500529000005],[12.850254884000037,51.95869847100005],[12.845282,51.962711263000074],[12.844153643000027,51.96773396900005],[12.811265511000045,51.962565131000076],[12.777612700000077,51.96459096500007],[12.776552541000058,51.97657148700006],[12.774325113000032,51.97835995100007],[12.75924616900005,51.982176880000054],[12.755476102000046,51.98639142800005],[12.729640934000031,51.98896386000007],[12.711672812000074,51.99727063000006],[12.711938186000054,51.99986576500004],[12.68252160000003,52.00332298700005],[12.669186684000067,52.01288074400003],[12.65650252100005,52.01293960700008],[12.648597032000055,52.00831105300006],[12.644748195000034,51.99437984900004],[12.61439705600003,51.99172329500004],[12.615160260000039,51.98228125700007],[12.539394591000075,51.98488894400003],[12.54083889900005,51.98816625300003],[12.536306598000067,52.002880024000035],[12.498826522000059,52.008922889000075],[12.484955700000057,52.01714983000005],[12.48061535100004,52.033335116000046],[12.460757553000064,52.03472050000005],[12.453018880000059,52.02604833300006],[12.450002444000063,52.01621286400007],[12.430227854000066,52.01830613800007],[12.420203660000027,52.02652447000003],[12.40928853400004,52.02907103000007],[12.398216700000035,52.035647192000056],[12.389599427000064,52.043565769000054],[12.359777396000027,52.04650008600004],[12.34808507300005,52.05929658800005],[12.32903021800007,52.069631591000075],[12.31582350800005,52.09237191600005],[12.300142163000032,52.096217393000074],[12.292239007000035,52.101383800000065],[12.276724288000025,52.10401798000004],[12.271963650000032,52.11005387500006],[12.265110134000054,52.13065982400008],[12.245320008000022,52.13873301600006],[12.231304279000028,52.15495143600003],[12.23400384200005,52.16279355900008],[12.21678313700005,52.17006860100008],[12.228585191000036,52.18598478200005],[12.241560411000023,52.181981918000076],[12.248291792000032,52.184222874000056],[12.241800133000027,52.19427700700004],[12.25367519200006,52.20564634500005],[12.245249263000062,52.20738894200008],[12.248921059000054,52.21173724000005],[12.26026471800003,52.21645071300003],[12.267668206000053,52.21450870100006],[12.278827849000038,52.21704285100003],[12.288915683000027,52.22543942200008],[12.293020654000031,52.22403749100005],[12.297276877000058,52.22754538000004],[12.286883443000022,52.230102457000044],[12.283780377000028,52.23451276000003],[12.264532505000034,52.233547429000055],[12.261745499000028,52.236098526000035],[12.275263788000075,52.23627385800006],[12.27068074400006,52.24172249800006],[12.258007992000046,52.243153042000074],[12.261541515000033,52.246087577000026],[12.24464806900005,52.24843817400006],[12.254671783000049,52.26188514000006],[12.25126885800006,52.26416290800006],[12.250944382000057,52.272593957000026],[12.26276517100007,52.29507163200003],[12.272981507000054,52.30477498800008],[12.28153026800004,52.318416281000054],[12.290055733000031,52.323002323000026],[12.308127562000038,52.34469653200006],[12.297746123000024,52.350799134000056],[12.297977372000048,52.353278620000026],[12.283811381000021,52.36425454600004],[12.286094407000064,52.36887632200006],[12.300648290000026,52.37108683000008],[12.305989508000039,52.37743324300004],[12.294265474000042,52.38141999700008],[12.29180744100006,52.38614361000003],[12.295366167000054,52.392423672000064],[12.30329161000003,52.39754966600003],[12.30232598400005,52.40501281200005],[12.299401276000026,52.40911379500005],[12.292336440000042,52.40753710600006],[12.27484240900003,52.41226761000007],[12.274469664000037,52.41606189200007],[12.296989636000035,52.423778080000034],[12.289252414000032,52.43069493200005],[12.302675223000051,52.43449313900004],[12.302287678000027,52.438811764000036],[12.307568269000058,52.44430900500004],[12.303247388000045,52.445957100000044],[12.304342700000063,52.450501519000056],[12.316683686000033,52.452384848000065],[12.315081152000062,52.460460212000044],[12.325116194000032,52.46423058800008],[12.325258974000064,52.47209066800008],[12.330781529000035,52.478555665000044],[12.316429795000033,52.47486893400003],[12.308295310000062,52.48028980000004],[12.309361243000069,52.48626484200008],[12.313051599000062,52.48970861200007],[12.327666002000058,52.49141276800003],[12.32988928800006,52.49686037100008],[12.31012923000003,52.490761312000075],[12.297479052000028,52.49617739400003],[12.293906418000063,52.49226072000005],[12.286198440000021,52.492575206000026],[12.278450016000022,52.487149110000075],[12.271445311000036,52.48748083800007],[12.27000517600004,52.49367108700005],[12.262451997000028,52.49547016200006],[12.270083396000075,52.50099836000004],[12.259921744000053,52.50423264400007],[12.25821619800007,52.51788540100006],[12.246767472000045,52.51886145900005],[12.23611741600007,52.52371982500006],[12.231046923000065,52.52187679000008],[12.232182740000042,52.51692212700004],[12.223998206000033,52.511525455000026],[12.227764066000077,52.505948458000034],[12.221679470000026,52.50066541800004],[12.211499986000035,52.50313123400008],[12.203974412000036,52.49787678400003],[12.19058476300006,52.49886601700007],[12.184704165000028,52.49577607100008],[12.170367014000021,52.50697482100003],[12.16729483100005,52.51498540800003],[12.185466796000071,52.52702032700006],[12.188689499000077,52.53242278000005],[12.17960389700005,52.533663509000064],[12.173888412000053,52.53869239900007],[12.158198182000035,52.53421666500003],[12.154636380000056,52.52969639300005],[12.141811423000036,52.52839423900008],[12.144917253000074,52.53327827900006],[12.143487783000069,52.536867606000044],[12.149438533000023,52.54054656300008],[12.159309610000037,52.560990255000036],[12.181078091000074,52.575177085000064],[12.176727824000068,52.57649686900004],[12.173384733000034,52.58225489500006],[12.173397801000021,52.59959633500006],[12.176565310000058,52.60646920900007],[12.170287783000049,52.60769850600008],[12.170771062000028,52.61233298500008],[12.17556836600005,52.617330424000045],[12.169133258000045,52.61675393000007],[12.171970158000022,52.625946604000035],[12.203537040000072,52.618746126000076],[12.21264848100003,52.62509989700004],[12.236872557000027,52.62887701900007],[12.230845915000032,52.62975503000007],[12.231001580000054,52.63988964600003],[12.236677149000059,52.64097750500008],[12.237890105000076,52.64555626400005],[12.23252380200006,52.65361139400005],[12.235514385000045,52.65444995200005],[12.233794201000023,52.659673412000075],[12.237942403000034,52.66250106100006],[12.23457905500004,52.66436447600006],[12.239299319000054,52.66581847100008],[12.239352076000046,52.671736011000064],[12.235381460000042,52.68036464000005],[12.226812306000056,52.683797163000065],[12.232876671000042,52.68904403700003],[12.222773723000046,52.68845079500005],[12.220878966000043,52.69043918700004],[12.217541893000032,52.69982185500004],[12.224185488000046,52.70278539100008],[12.203919018000022,52.713352618000044],[12.210181761000058,52.71546574600006],[12.209843553000042,52.717622188000064],[12.204802979000021,52.71982484800003],[12.197548537000046,52.718375034000076],[12.204706223000073,52.72497034700007],[12.202771815000062,52.72598731200003],[12.20595688800006,52.726513956000076],[12.201294289000032,52.729003807000026],[12.209361768000065,52.73204412100006],[12.20943550800007,52.73520214500007],[12.220553305000067,52.736483745000044],[12.223168686000065,52.73974733600005],[12.218424184000071,52.74352921700006],[12.221290544000055,52.74522434200003],[12.219447051000031,52.75091493900004],[12.20916025300005,52.75318039700005],[12.205958399000053,52.76091054600005],[12.208377036000059,52.76367352900007],[12.214868624000076,52.76399556100006],[12.211847443000067,52.766016894000074],[12.213132486000063,52.773607420000076],[12.223507288000064,52.77569648900004],[12.223558487000048,52.787049083000056],[12.22017640200005,52.790127959000074],[12.244659900000045,52.78722398000008],[12.24920329300005,52.79186223000005],[12.247724129000062,52.79651529600005],[12.25558105400006,52.79859627900004],[12.252488903000028,52.803731396000046],[12.257536445000028,52.804908485000055],[12.243669638000028,52.82068541500007],[12.237256642000034,52.83928724500004],[12.239683487000036,52.843675835000056],[12.231875312000057,52.85066733500008],[12.234056796000061,52.85937765300008],[12.217391247000023,52.865984482000044],[12.21405629800006,52.86166701900004],[12.209955490000027,52.862416945000064],[12.20838715900004,52.866495257000054],[12.199950173000047,52.870876330000044],[12.196936529000027,52.87797799000003],[12.17218949900007,52.86470204300008],[12.123714704000065,52.85379583500003],[12.133116363000056,52.865776106000055],[12.120213079000052,52.875513915000056],[12.122621712000068,52.88850155000006],[12.128485434000027,52.89264882700007],[12.124601270000028,52.89358591000007],[12.114695751000056,52.88212579600008],[12.112623069000051,52.87572909100004],[12.081383322000022,52.87708188000005],[12.081150527000034,52.88248120600008],[12.076475092000067,52.886396424000054],[12.066279895000037,52.883730177000075],[12.067544847000022,52.88614075600003],[12.060866136000072,52.88816821200004],[12.048152623000021,52.88591360600003],[12.042999627000029,52.88885315400006],[12.029225197000073,52.88814592500006],[12.022614193000038,52.89037025700003],[12.006119543000068,52.88746193000003],[12.005318257000056,52.88179761400005],[11.990478383000038,52.881216161000054],[11.987251447000062,52.87673249200003],[11.981550252000034,52.876028785000074],[11.959444723000047,52.87992750700005],[11.948984159000076,52.88767578800008],[11.932252961000074,52.89157895000005],[11.897335380000072,52.89336244400005],[11.87150837300004,52.90887382500006],[11.833997503000035,52.910361117000036],[11.825011418000031,52.91577354100008],[11.82309213700006,52.92325763700006],[11.829515940000022,52.930596827000045],[11.847927457000026,52.94103150600006],[11.84938171300007,52.94725563900005],[11.844216635000066,52.95268081300003],[11.828901276000067,52.95727341700007],[11.786303885000052,52.96095827500005],[11.764192987000058,52.981411405000074],[11.743789794000065,52.98854467500007],[11.732019555000022,52.98856536100004],[11.702569302000029,52.97780947900003],[11.692083658000058,52.97840706300008],[11.683024795000051,52.98615581000007],[11.68405776000003,52.99974024000005],[11.67716506000005,53.008137230000045],[11.667740249000076,53.00967898200008],[11.645753077000052,53.005384039000035],[11.633267079000063,53.007892337000044],[11.626327036000077,53.01264737000008],[11.627029453000034,53.02166134500004],[11.641496738000058,53.03285488400007],[11.639365586000054,53.03871875200008],[11.62200400300003,53.04170273500006],[11.597784507000028,53.03592637000003]],[[12.264446159000045,52.23171338700007],[12.275204045000066,52.23105054900003],[12.273664259000043,52.22877921700007],[12.264446159000045,52.23171338700007]],[[12.286255987000061,52.22745841900007],[12.276546163000035,52.22829564800003],[12.279125023000063,52.22941792600005],[12.286255987000061,52.22745841900007]],[[12.222307577000038,52.862548547000074],[12.217115001000025,52.86199253900003],[12.221316314000035,52.86381264900007],[12.222307577000038,52.862548547000074]]],[[[11.446768081000073,51.19449713400007],[11.446614450000027,51.198880348000046],[11.43938578500007,51.19976640100003],[11.439672491000067,51.19766759400005],[11.446768081000073,51.19449713400007]]]]}},{"type":"Feature","id":null,"properties":{"shapeName":"Schleswig-Holstein","shapeISO":"DE-SH","shapeID":"10402087B46069870964378","shapeGroup":"DEU","shapeType":"ADM1","_puzzle_simplification_tolerance":0.0017192,"name_en":"Schleswig-Holstein","name_zh":"Schleswig-Holstein一级行政区"},"geometry":{"type":"MultiPolygon","coordinates":[[[[8.700154179000037,54.05768775800004],[8.690707042000042,54.061492600000065],[8.692315866000058,54.063872324000045],[8.70004792900005,54.06776114100006],[8.691700283000046,54.068937316000074],[8.685813245000077,54.06592353600007],[8.678888173000075,54.056105538000054],[8.682201299000042,54.04879445300003],[8.693724377000024,54.045664775000034],[8.702261189000069,54.04820998000008],[8.69171738500006,54.04796887700007],[8.684254633000023,54.05222824700007],[8.691021424000041,54.052706733000036],[8.692545580000058,54.05567631100007],[8.700154179000037,54.05768775800004]]],[[[7.902819396000041,54.18719050300007],[7.89141591300006,54.19301121800004],[7.882276574000059,54.18832782900006],[7.869099861000052,54.18782725700004],[7.887541473000056,54.176540568000064],[7.890842287000055,54.16983404300004],[7.899523639000051,54.171901699000045],[7.907684732000064,54.16888077900006],[7.908619999000052,54.180471484000066],[7.906634244000031,54.18227472800004],[7.918168073000061,54.18131198100008],[7.919787116000066,54.18872337600004],[7.902819396000041,54.18719050300007]]],[[[11.082480424000039,54.43890965200006],[11.088575916000025,54.43590693800007],[11.09134780100004,54.43812045100003],[11.082480424000039,54.43890965200006]]],[[[8.735937941000032,54.46762368700007],[8.718479772000023,54.46644233500007],[8.727232762000028,54.46232314300005],[8.735937941000032,54.46762368700007]]],[[[8.552751327000067,54.45973035700007],[8.559346723000033,54.46186393800008],[8.56197240900002,54.46478956100003],[8.54770936600005,54.46862982500005],[8.544983989000059,54.46543849200003],[8.552751327000067,54.45973035700007]]],[[[8.510381401000075,54.52731902800008],[8.516689793000069,54.52901479700006],[8.507215489000032,54.52760112200008],[8.510381401000075,54.52731902800008]]],[[[11.165482891000067,54.52248259300006],[11.074315270000056,54.53230302600008],[11.068239840000047,54.536106853000035],[11.064243733000069,54.53505596400004],[11.031162978000054,54.511804322000046],[11.010317918000055,54.48255705000008],[11.004256859000066,54.449002439000026],[11.008926289000044,54.44166761000008],[11.038218167000025,54.42985929800005],[11.047145005000061,54.42828164300005],[11.037456329000065,54.43148729900008],[11.032930849000024,54.43715035000008],[11.022078992000047,54.43745226900006],[11.022860903000037,54.44393069900008],[11.030950293000046,54.44305904500004],[11.047884117000024,54.44786081400008],[11.053301734000058,54.44561095200004],[11.053355148000037,54.44974734400006],[11.063190355000074,54.45281430300008],[11.07387790100006,54.449559470000054],[11.074811552000028,54.445322383000075],[11.076411592000056,54.44974032200008],[11.09511647000005,54.445452706000026],[11.096532008000054,54.43646718600007],[11.100766202000045,54.43635088700006],[11.101799257000039,54.431567897000036],[11.094908669000063,54.42255747000007],[11.097313050000025,54.41751141600008],[11.09514484600004,54.40953360100008],[11.120965639000076,54.40207527100006],[11.172950805000028,54.40148217800004],[11.18686791700003,54.40882440000007],[11.197467362000054,54.40670066500007],[11.212370854000028,54.41126897800007],[11.22988566400005,54.412225387000035],[11.254996198000072,54.41133990600008],[11.279903036000064,54.405351661000054],[11.312662827000054,54.40225842500007],[11.311969504000047,54.40918990900008],[11.301773075000028,54.41958143900007],[11.298076904000027,54.43076480000008],[11.279430870000056,54.445921362000036],[11.275490843000057,54.45689844700007],[11.268619329000046,54.46313207600008],[11.252615715000047,54.47175512900003],[11.241832903000045,54.49444815900006],[11.233893288000047,54.49973905300004],[11.232678195000062,54.506862683000065],[11.216730750000067,54.50437784400003],[11.196784227000023,54.50905872300007],[11.190720784000064,54.511373949000074],[11.188515646000042,54.515126879000036],[11.165482891000067,54.52248259300006]]],[[[8.828267984000036,54.549780826000074],[8.80457292400007,54.55573224900007],[8.789375360000065,54.55190447200005],[8.824326944000063,54.54314736600003],[8.827786719000073,54.545838236000066],[8.828267984000036,54.549780826000074]]],[[[8.705040588000031,54.55756110800007],[8.686379041000066,54.55712861200004],[8.668393898000033,54.54950481700007],[8.641712459000075,54.545623239000065],[8.634100812000042,54.53838390000004],[8.62605011200003,54.53562771900005],[8.59787695700004,54.534327905000055],[8.590559950000056,54.53167547500004],[8.587296839000032,54.52243167100005],[8.59223974200006,54.508678874000054],[8.606171764000067,54.50109560700008],[8.609796939000034,54.49573286600008],[8.62650553800006,54.48887789500003],[8.669849211000042,54.494526611000026],[8.683119189000024,54.502583419000075],[8.687278668000033,54.50902146900006],[8.698493918000054,54.50097733700005],[8.703218598000035,54.50132037700007],[8.688708054000074,54.51078809100005],[8.697091306000061,54.51534769500006],[8.696813864000035,54.517496926000035],[8.686992152000073,54.520879051000065],[8.696694235000052,54.523849950000056],[8.706042354000033,54.537595889000045],[8.71087383400004,54.55296372300006],[8.705040588000031,54.55756110800007]]],[[[8.560016750000045,54.57598558500007],[8.549936511000055,54.57943125000003],[8.532726830000058,54.57518713800005],[8.515367867000066,54.57915297100004],[8.50854496900007,54.57669450800006],[8.515428309000072,54.57059800400003],[8.536322601000052,54.56531092800003],[8.54348255800005,54.55895027500003],[8.550936886000045,54.55684163600006],[8.575569922000057,54.56045579500005],[8.575502818000075,54.56537534700004],[8.561487237000051,54.57253322200006],[8.560016750000045,54.57598558500007]]],[[[8.833228491000057,54.60340871000005],[8.814715015000047,54.60187262800008],[8.808498615000076,54.604507659000035],[8.81316991600005,54.59709568900007],[8.818064626000023,54.594971359000056],[8.824119175000021,54.60043517500003],[8.833228491000057,54.60340871000005]]],[[[8.771499038000059,54.63698501300007],[8.766412090000074,54.63784958400004],[8.76119339500002,54.63574515500005],[8.771499038000059,54.63698501300007]]],[[[8.740339064000068,54.64361024100003],[8.713805060000027,54.63915358200006],[8.71032774500003,54.63159433800007],[8.71913227300007,54.62730930400005],[8.728685798000072,54.62888262400003],[8.73996524000006,54.63628374900003],[8.740339064000068,54.64361024100003]]],[[[8.64681802900003,54.63931011900007],[8.660556156000041,54.64666504300004],[8.663465466000048,54.65587923900006],[8.651870162000023,54.65763771600007],[8.636997984000061,54.64922854000008],[8.602667059000055,54.641935027000045],[8.553667593000057,54.63545916000004],[8.540466065000032,54.63641023500003],[8.528868124000041,54.62730578000003],[8.547565637000048,54.61776127700006],[8.561972444000048,54.62711785500005],[8.569275593000043,54.626852099000075],[8.584645354000031,54.63412109400008],[8.596648032000076,54.63597119500008],[8.607286850000037,54.63308175800006],[8.64681802900003,54.63931011900007]]],[[[8.699023285000067,54.68087335100006],[8.690774130000023,54.67628632200007],[8.681175549000045,54.67577861800004],[8.686626315000069,54.67165235200008],[8.709706829000027,54.672386783000036],[8.708670505000043,54.67474493600008],[8.713080503000072,54.68007177000004],[8.699023285000067,54.68087335100006]]],[[[8.342427443000076,54.69355125100003],[8.33996057500002,54.69497],[8.342762182000058,54.69880481700005],[8.360455777000027,54.710422419000054],[8.34954213900005,54.709077051000065],[8.328068545000065,54.69337050100006],[8.314111784000033,54.687546173000044],[8.296408472000053,54.67376997400004],[8.294096232000072,54.66617513700004],[8.305585127000029,54.653189359000066],[8.365543831000025,54.609267576000036],[8.376537519000067,54.60750456300008],[8.39715340400005,54.61408128800008],[8.403447142000061,54.62239094600005],[8.396661739000024,54.61789594900006],[8.390431073000059,54.62426872900005],[8.401877624000065,54.62640598100006],[8.398052191000033,54.62936139300007],[8.384793283000022,54.62855597500004],[8.379382217000057,54.63278199700005],[8.379942295000035,54.63801506900006],[8.383314788000064,54.63961789400008],[8.361101376000022,54.64978598500005],[8.359156304000066,54.65849558000008],[8.34970732000005,54.67570865700003],[8.340786119000029,54.68672245800008],[8.342427443000076,54.69355125100003]]],[[[8.565906549000033,54.75186129400004],[8.534184466000056,54.75586371300005],[8.517297953000025,54.75102695900006],[8.514686619000031,54.75111187400006],[8.517262532000075,54.75282187000005],[8.51423150000005,54.75441344800004],[8.485569812000051,54.749580077000076],[8.470349661000057,54.752295110000034],[8.427282048000052,54.74618430800007],[8.41097660400004,54.73708100300007],[8.404360749000034,54.73013095600004],[8.394980669000063,54.71402098100003],[8.39650727000003,54.70418659300003],[8.402843937000057,54.700175443000035],[8.425087200000064,54.695231843000045],[8.452154204000067,54.69267841200008],[8.465231128000028,54.684194579000064],[8.484872379000024,54.680304197000055],[8.566453100000047,54.67997493100006],[8.573162725000032,54.69050557600008],[8.578684643000031,54.69262616300006],[8.575555269000063,54.70198508000004],[8.581767968000065,54.71020265900006],[8.596999617000051,54.71909062200007],[8.587259675000041,54.72492902000005],[8.584335172000067,54.73022589000004],[8.586572895000074,54.73061923700004],[8.588692969000022,54.74098331000005],[8.58632958100003,54.74355152000004],[8.565906549000033,54.75186129400004]]],[[[8.367108615000063,54.86854618500007],[8.360345561000031,54.86963566000003],[8.362064062000059,54.86729483200003],[8.367108615000063,54.86854618500007]]],[[[10.307954146000043,53.433201104000034],[10.330768068000054,53.42496730000005],[10.375433568000062,53.42483037900007],[10.419276818000071,53.40214202900006],[10.50223918200004,53.37354465800007],[10.556737579000071,53.36847890400003],[10.567452063000076,53.36238754200008],[10.584372484000028,53.36043030700006],[10.595046796000076,53.36392755500003],[10.593672881000032,53.36785603800007],[10.599104761000035,53.37782756900003],[10.616903899000022,53.38456959200005],[10.618727407000051,53.39707524200003],[10.621397011000056,53.398570661000065],[10.618612743000028,53.39881115900005],[10.620974569000055,53.40408759800005],[10.616679962000035,53.405090424000036],[10.618873447000055,53.40694300900003],[10.617745159000037,53.41652658400005],[10.620143410000026,53.42025737400007],[10.618366003000062,53.42537129400006],[10.622706547000064,53.425866374000066],[10.621405596000045,53.43048051000005],[10.625395825000055,53.433591361000026],[10.624495694000075,53.43910862800004],[10.629335389000062,53.44093925000004],[10.625834509000072,53.44336264400005],[10.633320471000047,53.452348047000044],[10.632308138000042,53.45480292900004],[10.64714447700004,53.45741795400005],[10.65204256100003,53.46147700800003],[10.692973050000035,53.45513809600004],[10.701661228000034,53.47825541700007],[10.720736302000034,53.47606599200003],[10.726819043000035,53.48134794300006],[10.73123832500005,53.47947954800003],[10.756012052000074,53.483393584000055],[10.765110393000043,53.491074379000054],[10.777781471000026,53.495181469000045],[10.786431193000055,53.51045659500005],[10.810642965000056,53.51618981900003],[10.824333999000032,53.513741234000065],[10.824605697000038,53.517856179000034],[10.814518483000029,53.52202490800005],[10.821614072000045,53.524009757000044],[10.81842047300006,53.52695712000008],[10.818690755000034,53.53392400700005],[10.83190563900007,53.54258247200005],[10.82440759800005,53.55627178700007],[10.82676626600005,53.56714426500008],[10.823260709000067,53.57518053600006],[10.842194048000067,53.57484228200008],[10.850144901000021,53.56527063300007],[10.863702017000037,53.56463232800007],[10.894826360000025,53.572411],[10.909484477000035,53.571450327000036],[10.923795348000056,53.58418603200005],[10.92355741700004,53.589245764000054],[10.91746530100005,53.59931596300004],[10.922263593000025,53.60227926300007],[10.929562994000037,53.62870715300005],[10.94764645500004,53.642444382000065],[10.944968911000046,53.646784894000064],[10.950750905000064,53.645829511000045],[10.954884038000046,53.65670542500004],[10.954703494000057,53.65858415900004],[10.949156858000038,53.65823592700008],[10.948568527000077,53.661352323000074],[10.94516343500004,53.659094295000045],[10.938627285000052,53.665821589000075],[10.941879424000035,53.66876973900003],[10.939801656000043,53.673127546000046],[10.944264482000051,53.67417382900004],[10.941766725000036,53.684542330000056],[10.937117496000042,53.68729919400005],[10.929102607000061,53.68650960100007],[10.927255525000021,53.689552846000026],[10.918971741000064,53.68915885600006],[10.918475967000063,53.69112819600008],[10.926053755000055,53.69204576700008],[10.92214199800003,53.69946897400007],[10.914588039000023,53.69935330700008],[10.905289034000077,53.70329428600007],[10.886416616000076,53.70566335800004],[10.880307946000073,53.70233034900008],[10.862982071000033,53.70394465700008],[10.85094371200006,53.70012493000007],[10.852170852000029,53.705844650000074],[10.846011016000034,53.704343605000076],[10.84334334500005,53.707855014000074],[10.824675419000073,53.71100376800007],[10.81087590900006,53.72007232000004],[10.806477622000045,53.72844522200006],[10.81008547700003,53.73086203100007],[10.80933737600003,53.735281486000076],[10.805916825000054,53.73920983100004],[10.771923908000076,53.749416964000034],[10.758032962000073,53.74751747100004],[10.757976798000072,53.76359398900007],[10.770256497000048,53.775480636000054],[10.765915440000072,53.779901119000044],[10.769094443000029,53.78874784700008],[10.77325182800007,53.79238742100006],[10.772348658000055,53.79717206600003],[10.765025987000058,53.80323395600004],[10.766911071000038,53.80623047100005],[10.763142807000065,53.81055066300007],[10.761591085000077,53.82260092000007],[10.755508021000026,53.830054447000066],[10.747850837000044,53.83336433200003],[10.749436597000056,53.84505751000006],[10.75365010400003,53.848574358000064],[10.747711196000068,53.85151096100003],[10.75945034700004,53.85826038300007],[10.771051213000021,53.87318592200006],[10.802402824000069,53.87708186300006],[10.808267340000043,53.88300525600005],[10.807301057000075,53.88611576000005],[10.815011441000024,53.88837815800008],[10.818926895000061,53.89353337500006],[10.84721081300006,53.89694307000008],[10.848295373000042,53.90511444400005],[10.85553370200006,53.90478857100004],[10.859162006000076,53.90941328900004],[10.874724245000039,53.914541513000074],[10.87598097600005,53.919100954000044],[10.882571899000027,53.92449744800007],[10.886303572000031,53.92483625600005],[10.896087353000041,53.91793376500004],[10.911293636000039,53.91522558500003],[10.902096619000076,53.90629077700004],[10.902433986000062,53.903298394000046],[10.911023571000044,53.89795245600004],[10.936785593000025,53.90064944800008],[10.943181121000066,53.90431882300004],[10.949889088000077,53.90426781900004],[10.958973168000057,53.91026217700005],[10.967064611000069,53.90720486500004],[10.967634004000047,53.91063418500005],[10.961601488000042,53.91420491000008],[10.94936997000002,53.91290222100008],[10.939332292000074,53.91933377500004],[10.929871939000066,53.91827987000005],[10.91300559900003,53.92404096200005],[10.898790227000063,53.92228175900004],[10.895097608000071,53.924548179000055],[10.896389017000047,53.935969972000066],[10.90946271100006,53.946269131000065],[10.903661739000029,53.95682190400004],[10.882767844000057,53.95879206200004],[10.886586855000076,53.96176241500007],[10.882104525000045,53.96758586800007],[10.884222727000065,53.97941813600005],[10.878836861000025,53.985947475000046],[10.868270887000051,53.991754024000045],[10.855785407000042,53.994062453000026],[10.839312053000072,53.99175560600003],[10.809126732000038,53.99575013900005],[10.813193682000076,53.993430054000044],[10.80164179600007,53.99211104500006],[10.787249185000064,53.997438619000036],[10.772676807000039,54.00937380000005],[10.760186530000055,54.02460718600008],[10.751846595000075,54.03707925600003],[10.752501222000035,54.048891885000046],[10.76128882200004,54.05965284500007],[10.791935614000067,54.07595295900006],[10.802784657000075,54.09109651000006],[10.814664923000066,54.09302188600003],[10.826123300000063,54.08877252700006],[10.853994430000057,54.08913890100007],[10.86586301400007,54.084813051000026],[10.877515196000047,54.088017817000036],[10.891073603000052,54.094426095000074],[10.907933523000054,54.108189465000066],[10.926231898000026,54.118441192000034],[10.955098331000045,54.141083740000056],[11.04691667800006,54.176531630000056],[11.07049500900007,54.19285677900007],[11.091935758000034,54.19731978300007],[11.093783108000025,54.19905029500006],[11.091205923000075,54.218564591000074],[11.081905800000072,54.25183417200003],[11.083767658000056,54.279279419000034],[11.07630742300006,54.30428311900005],[11.071918095000058,54.34224630600005],[11.078935069000067,54.34208019600004],[11.08676188800007,54.35418654600005],[11.085075019000044,54.35499853700003],[11.089169810000044,54.35764396600007],[11.125609498000074,54.37361350500004],[11.130810240000073,54.38579580800007],[11.127936929000043,54.39045890300008],[11.118558230000076,54.39442094000003],[11.118493157000046,54.39233378200004],[11.109706838000022,54.38915907200004],[11.107297606000031,54.39081741800004],[11.108545767000066,54.39272129300008],[11.113452989000052,54.39114918200005],[11.107674317000033,54.397506864000036],[11.091000015000077,54.39189236800007],[11.073367391000033,54.37659621800003],[11.02374125800003,54.367711675000066],[11.018815448000055,54.37641789000003],[11.026210707000075,54.37824686600004],[11.02207052700004,54.38044956300007],[10.985244550000061,54.38077717400006],[10.980483209000056,54.38175978000004],[10.980451610000046,54.38500845500005],[10.976379226000063,54.38504373000006],[10.975546930000064,54.38136530600008],[10.949450671000022,54.38478378100007],[10.931205242000033,54.38193996900003],[10.906994165000071,54.36768201900003],[10.871762906000072,54.358269860000064],[10.82922958100005,54.33002397300004],[10.789502880000043,54.31213340900007],[10.758652299000062,54.30598592900003],[10.73980664800007,54.309586772000046],[10.70697446500003,54.30503646000005],[10.684633959000053,54.310318935000055],[10.67898712400006,54.31530406400003],[10.68107216200002,54.31833713200007],[10.678208071000029,54.32144853300008],[10.649243861000059,54.33335137500006],[10.63880308000006,54.347844741000074],[10.599607976000073,54.363731305000044],[10.539874621000024,54.379813064000075],[10.473699193000073,54.39247291800007],[10.387982309000051,54.42644587400008],[10.321948338000027,54.43574765300008],[10.302108498000052,54.43315276000004],[10.276060517000076,54.42147961000006],[10.280026042000031,54.42026091400004],[10.293978609000021,54.42581426400005],[10.29287285600003,54.42196441400006],[10.282878803000074,54.42085560000004],[10.279877760000034,54.41817486900004],[10.275137896000047,54.41956445200003],[10.226061066000057,54.41390558900008],[10.227878687000043,54.41242729500004],[10.208853875000045,54.399955971000054],[10.211904953000044,54.39688521700003],[10.209165377000033,54.39663908300008],[10.208061245000067,54.38741265200008],[10.201217806000045,54.38121092600005],[10.193662464000056,54.37925439800006],[10.196687949000022,54.37521970000006],[10.19595227000002,54.366019736000055],[10.178220818000057,54.361143119000076],[10.179467253000041,54.357640021000066],[10.174162085000034,54.34574538600003],[10.152083022000056,54.363326520000044],[10.154140028000029,54.36887915500006],[10.192261717000065,54.39021223100008],[10.189047088000052,54.39604367000004],[10.192787887000065,54.40320402400005],[10.188773122000043,54.41108285000007],[10.171840604000067,54.42691809200005],[10.173464181000043,54.430387289000066],[10.168851706000055,54.43413127900004],[10.175029953000035,54.43611886000008],[10.184605975000068,54.447140784000055],[10.195632256000067,54.44982817200008],[10.199382745000037,54.455561544000034],[10.190362669000024,54.45705989600003],[10.162145889000044,54.47330535000003],[10.13402744700005,54.48433790300004],[10.117778335000025,54.48525801100004],[10.020984833000057,54.47541737500006],[9.997511005000035,54.46862794900005],[9.924255119000065,54.462293758000044],[9.918372624000028,54.45410763000007],[9.90190698500004,54.45093086900005],[9.866103527000064,54.448121462000074],[9.864218094000023,54.44852494700007],[9.867316283000036,54.452579953000054],[9.85537006900006,54.45628316900007],[9.862454379000042,54.469649153000034],[9.876720918000046,54.47326287700008],[9.875705837000055,54.47584700600004],[9.93805599500007,54.49302031600007],[9.964664115000062,54.50247765100005],[9.976071443000023,54.510762484000054],[9.984867682000072,54.51248024100005],[9.998328891000028,54.52165482800007],[10.01481943300007,54.54508980700007],[10.024681224000062,54.54874678500005],[10.027329337000026,54.55311722300007],[10.02536959500003,54.57947197800007],[10.02852800200003,54.58179697600008],[10.025744854000038,54.58750430300006],[10.02609504000003,54.597729196000046],[10.033553725000047,54.62073950300004],[10.031249194000054,54.64723334000007],[10.034485216000064,54.657645036000076],[10.043211288000066,54.65956155100008],[10.033501435000062,54.66346503700004],[10.036023455000077,54.68841701800005],[9.988994157000036,54.71831522300005],[9.981406132000075,54.73303383200005],[9.976905807000037,54.75683564900004],[9.960563813000022,54.77317432500007],[9.957233880000047,54.77985581100006],[9.913090891000024,54.79548337300008],[9.909510391000026,54.79991989000007],[9.90162375500006,54.787964044000034],[9.904257776000065,54.78177939700004],[9.899697563000075,54.772790013000076],[9.903550319000033,54.773354244000075],[9.906688144000043,54.76923751100003],[9.905374299000073,54.76334288800007],[9.903261507000025,54.76298286400004],[9.90216166600004,54.766960647000076],[9.89305901800003,54.76771532300006],[9.894488602000024,54.77114124900004],[9.882344836000073,54.763899706000075],[9.877859770000043,54.75774203600008],[9.872019719000036,54.758919381000055],[9.877556869000045,54.75537402500004],[9.874558998000055,54.75235482900007],[9.845578708000062,54.75603640600008],[9.832827543000064,54.76065846300003],[9.807767839000064,54.77908327200004],[9.792237544000045,54.79763254300008],[9.746717702000069,54.82412545100004],[9.739943922000066,54.82330923200004],[9.604633057000058,54.85459380600008],[9.628016845000047,54.87974825800006],[9.591910925000036,54.886970217000055],[9.584412758000042,54.88613705700004],[9.497587475000046,54.84107826700006],[9.463040675000059,54.831644124000036],[9.449432702000024,54.83281036300008],[9.435200658000042,54.82708983400005],[9.42872032400004,54.82711004200007],[9.416479104000075,54.83343881500008],[9.41804445200006,54.83818895400003],[9.411130804000038,54.84229701600003],[9.403557078000063,54.83885960100008],[9.382680669000024,54.839201451000065],[9.37875480100007,54.83307983900005],[9.374630309000054,54.83325884100003],[9.376247460000059,54.82913608500007],[9.373848407000025,54.82112792700008],[9.363512421000053,54.81534643600003],[9.356214357000056,54.81513749100003],[9.346531065000022,54.80663219500008],[9.34313325900007,54.807065641000065],[9.342099880000035,54.80362979100005],[9.345396483000059,54.80217685400004],[9.343610062000039,54.80024799300003],[9.329345760000024,54.805568882000046],[9.293485270000076,54.808983898000065],[9.29204211900003,54.80614469100004],[9.294776513000045,54.80187260200006],[9.286091042000066,54.80447326500007],[9.284050184000023,54.809613521000074],[9.269911166000043,54.81216551400007],[9.25008113900003,54.809715280000034],[9.235755296000036,54.83110351200003],[9.235319891000074,54.83528121300003],[9.244829836000065,54.843864877000044],[9.24013846400004,54.84998379500007],[9.143330469000034,54.873022638000066],[9.110216985000022,54.87391336500008],[9.090454977000036,54.87018470400005],[9.048239957000021,54.87187655300005],[9.029081716000064,54.87820816300007],[9.029474700000037,54.88033958500006],[9.014755683000033,54.88640606100006],[8.947938648000047,54.90256336600004],[8.913619549000032,54.90215559900008],[8.892035849000024,54.90491258700007],[8.859445639000057,54.89663825100007],[8.848693929000035,54.89727825300008],[8.83700516700003,54.905463670000074],[8.824017552000043,54.90683304500004],[8.818795765000061,54.90395065100006],[8.811303972000076,54.905915838000055],[8.79895986400004,54.904576199000076],[8.798949667000045,54.90250294600003],[8.776343432000033,54.895498977000045],[8.77691171400005,54.89266905300008],[8.75505722400004,54.896847896000054],[8.727995926000062,54.89270671400004],[8.68034601100004,54.91049092800006],[8.66852437800003,54.911278569000046],[8.660034451000058,54.90867587000008],[8.638003413000035,54.911251856000035],[8.637663345000021,54.897589065000034],[8.635144637000053,54.89415174100003],[8.610285661000034,54.888390521000076],[8.51149203500006,54.884211683000046],[8.487370157000043,54.87928958800006],[8.486490275000051,54.87674306800005],[8.427409498000031,54.87739915000003],[8.38063885300005,54.89201972500007],[8.366894682000066,54.90317228300006],[8.362088464000067,54.91020932400005],[8.363373116000048,54.91452695600003],[8.360920134000025,54.91791632300004],[8.366786280000042,54.92410594100005],[8.361940995000054,54.92415310600006],[8.359855222000022,54.93347963300005],[8.362866670000074,54.94330820600004],[8.358265388000063,54.95169471200006],[8.361671815000022,54.95781823300007],[8.352821841000036,54.96785703200004],[8.370566260000032,54.98950432200007],[8.37990226200003,54.996776100000034],[8.39548740500004,55.004053888000044],[8.417119552000031,55.00758155200003],[8.440028994000045,55.015870223000036],[8.440400672000067,55.02312061300006],[8.430333562000044,55.02930500400004],[8.43376098300007,55.02483326000004],[8.431298341000058,55.02535884400004],[8.427298179000047,55.03089066100006],[8.436685969000052,55.037485272000026],[8.436703587000068,55.039408801000036],[8.42716514500006,55.03701089900005],[8.426277442000071,55.03280689300004],[8.41882778300004,55.035176722000074],[8.40053982400002,55.034813934000056],[8.396235406000073,55.046154657000045],[8.432442066000021,55.04892415300003],[8.448226120000072,55.042350645000056],[8.464195700000062,55.04571479500004],[8.422428042000035,55.058301192000044],[8.409955339000021,55.05769437300006],[8.397556234000035,55.05326030500004],[8.383113016000038,55.03731565700008],[8.346228548000056,54.98133867700005],[8.318182808000074,54.94476465200006],[8.297902986000054,54.910656592000066],[8.287844336000035,54.876730147000046],[8.279429968000045,54.75138968300007],[8.290957176000063,54.741873826000074],[8.297863341000038,54.740165802000035],[8.294479571000068,54.75318190000007],[8.297069625000063,54.75762927900007],[8.293745669000032,54.75757162500008],[8.300966751000033,54.76375757500006],[8.299361618000034,54.769053014000065],[8.301762262000068,54.77303882700005],[8.30057707100002,54.778790419000075],[8.299655029000064,54.77624116800007],[8.296966458000043,54.776739760000055],[8.292048072000057,54.785985964000076],[8.294448364000061,54.798533563000035],[8.299920246000056,54.80420357300005],[8.296903882000038,54.81111390600006],[8.300545803000034,54.81797478900006],[8.293482104000077,54.82567647900004],[8.296847392000075,54.83573900500005],[8.29605725500005,54.84239476000005],[8.302301556000032,54.854847318000054],[8.306950139000037,54.858454419000054],[8.332827444000031,54.86325774800008],[8.333228204000022,54.87281928700003],[8.34056137400006,54.88057457200006],[8.346110138000029,54.87643622200005],[8.345524669000042,54.87425657000006],[8.36426338900003,54.87590802700004],[8.377918477000037,54.85859799200006],[8.402025827000045,54.84876922300003],[8.41438101700004,54.84724071000005],[8.428358441000057,54.85343238300004],[8.454619767000054,54.85738347700004],[8.454229282000028,54.859717715000045],[8.481743940000058,54.87210580700008],[8.489898039000025,54.87288529700004],[8.488261948000059,54.87455870400004],[8.510181788000068,54.88139503800005],[8.60336908000005,54.88570780900005],[8.612614359000077,54.87846776100008],[8.607761589000063,54.84105469500008],[8.644228959000031,54.81908284700006],[8.659149623000076,54.79540663200004],[8.681218699000055,54.79048050100005],[8.68470994200004,54.792811535000055],[8.701673877000076,54.77368829100004],[8.697388645000046,54.76035581700006],[8.708262682000054,54.75109775900006],[8.708765486000061,54.74358241900006],[8.715450891000046,54.737715954000066],[8.686209753000071,54.73034082300006],[8.691784166000048,54.729212569000026],[8.692588201000035,54.72524522100008],[8.695739744000036,54.72448758100006],[8.710050005000028,54.723486394000076],[8.71947448800006,54.72572554900006],[8.741094062000059,54.71636768400003],[8.747240782000063,54.702718007000044],[8.751576814000032,54.699001260000045],[8.749474806000023,54.69027904100005],[8.752831639000021,54.68125403700003],[8.780381513000066,54.66613006800003],[8.831946659000039,54.652591063000045],[8.832335863000026,54.64620426600004],[8.84653060900007,54.62546359400005],[8.86533961200007,54.615497461000075],[8.885821819000057,54.60893968500005],[8.892967770000041,54.596776876000035],[8.868609356000036,54.56180937700003],[8.877890404000027,54.54546322500005],[8.875959667000075,54.53605495100004],[8.869135739000058,54.52967177800008],[8.871453105000057,54.528293018000056],[8.835693843000058,54.50774837400007],[8.813671868000029,54.50399764200006],[8.80830058600003,54.49736598000004],[8.80643703000004,54.49834154400003],[8.809259927000028,54.49017420300004],[8.81924676500006,54.48651580500007],[8.80691790800006,54.473863926000035],[8.807015454000066,54.47015896100004],[8.828218014000072,54.46243031500006],[8.84177223000006,54.46061572000008],[8.893399380000062,54.460575590000076],[8.915990931000067,54.470573270000045],[8.917145804000029,54.475790688000075],[8.924593840000057,54.478470472000026],[8.931127415000049,54.491775035000046],[8.948146275000056,54.50006239700008],[8.945454494000046,54.51242554500004],[8.983598917000052,54.524046302000045],[8.990937909000024,54.52287774000007],[8.99277472600005,54.51658205100006],[8.989393699000061,54.51434209200005],[8.990720950000025,54.51082970400006],[8.99389072100007,54.51124762000006],[8.997547931000042,54.50432265300003],[9.003567940000039,54.50243102700006],[9.010543767000058,54.493137001000036],[9.01245966700003,54.48435770600008],[9.015607438000075,54.48431464300006],[9.003379980000034,54.47924210000008],[9.01896341400004,54.47474566100004],[9.004987691000053,54.473735290000036],[8.999306352000076,54.465326778000076],[9.002396125000075,54.463668452000036],[8.958947426000066,54.45386011100004],[8.953199907000055,54.449355068000045],[8.94758562000004,54.438903881000044],[8.931519465000065,54.43308120100005],[8.911435658000073,54.41773572000005],[8.871238878000042,54.404807117000075],[8.855788417000042,54.40253076400006],[8.832181835000029,54.40867514400003],[8.809687413000063,54.40946128300004],[8.74162153800006,54.398750964000044],[8.699245744000052,54.396655715000065],[8.672551198000065,54.39964915000007],[8.652767804000064,54.38951149300004],[8.649061677000077,54.379753993000065],[8.65777952700006,54.37428107100004],[8.691042180000068,54.373076223000055],[8.69292381400004,54.36801819400006],[8.69149027900005,54.35562992100006],[8.659083765000048,54.34696743300003],[8.653717680000057,54.34898896900006],[8.646437346000027,54.345198690000075],[8.652766172000042,54.34290170200006],[8.644000456000072,54.33792542400005],[8.634164154000075,54.337340305000055],[8.622157058000028,54.34296655600008],[8.601383149000071,54.33907126400004],[8.606375203000027,54.32903066800003],[8.60592973000007,54.32588939000004],[8.599952581000025,54.32899971100005],[8.599642320000044,54.32152662100003],[8.608311385000036,54.30878820100003],[8.629706303000034,54.30221581700005],[8.651141577000033,54.28683630100005],[8.674358497000071,54.27875980600004],[8.689111656000023,54.27861869600008],[8.705243064000058,54.28687741200008],[8.706469570000024,54.29314536800007],[8.72272341400003,54.28872127500006],[8.74100954000005,54.29356412700008],[8.748387769000033,54.28912249800004],[8.768692846000022,54.28856750300008],[8.77031824100004,54.28240056200008],[8.781259930000033,54.28082077100004],[8.82134850400007,54.29127724300008],[8.827712464000058,54.290577909000035],[8.841787401000033,54.27845511800007],[8.843857555000056,54.26781606700007],[8.840522003000046,54.266775093000035],[8.844811521000054,54.26564885800008],[8.84256760900007,54.26346097900006],[8.843889625000031,54.25661650200004],[8.83659293200003,54.25248554700005],[8.83117114700002,54.23672275900003],[8.838255453000045,54.235910612000055],[8.83738575700005,54.23321845600003],[8.839978681000048,54.23288205600005],[8.833730337000077,54.214462301000026],[8.819725246000075,54.20656894900003],[8.81630969400004,54.19706152100008],[8.813965148000023,54.19731520200003],[8.811837642000057,54.190784258000065],[8.809688951000055,54.19101197500004],[8.808867636000059,54.17103733700003],[8.81677331000003,54.16774994600007],[8.827089917000023,54.143617593000045],[8.838163209000072,54.13236131300005],[8.855582642000059,54.12762431200008],[8.857865501000049,54.11919257900007],[8.892973765000022,54.13323559200006],[8.908587586000067,54.13514216500005],[8.925278418000062,54.13247746600007],[8.92920009900007,54.12924694600008],[8.947703949000072,54.09297739400006],[8.950095760000067,54.09307312800007],[8.947816156000044,54.09114569700006],[8.976614874000063,54.07122838600003],[8.976357938000035,54.068886500000076],[8.958706163000045,54.066188702000034],[8.95866034200003,54.06339300900004],[8.971386341000027,54.06411974300005],[8.985125080000046,54.06098666400004],[8.979020424000055,54.04282146400004],[8.958582680000063,54.03400004900004],[8.957457274000035,54.03710890200006],[8.94018546600006,54.03456503600006],[8.927045547000034,54.04164557900003],[8.881443237000042,54.04605222500004],[8.847711338000067,54.03982375700008],[8.840802757000063,54.03565791400007],[8.836404790000074,54.02834028500007],[8.804773174000047,54.023438801000054],[8.832591824000076,54.02392941000005],[8.856099942000071,53.994701758000076],[8.859720739000068,53.99571969600004],[8.858133019000036,53.99416252800006],[8.860680652000042,53.99211170700005],[8.866032182000026,53.99089717800007],[8.870146981000062,53.98335599300003],[8.878041783000072,53.98362529600007],[8.875944864000076,53.980388961000074],[8.880517933000021,53.973997342000075],[8.877715563000038,53.97321903400007],[8.898659790000067,53.942978700000026],[8.914904897000042,53.92489909600005],[8.917587464000064,53.925765041000034],[8.921671892000063,53.92102547600007],[8.93841307300005,53.91334519700007],[8.936561674000075,53.91189690400006],[8.970260419000056,53.89219622000007],[9.019934025000055,53.88994309600008],[9.022420177000072,53.87951753800007],[9.052357136000069,53.88122210200004],[9.142556440000021,53.877508238000075],[9.199751243000037,53.88010436800005],[9.249961151000036,53.87513097800007],[9.289727751000044,53.86335074300007],[9.319524176000073,53.85083552700007],[9.367622174000076,53.808589305000055],[9.422587090000036,53.740667546000054],[9.433311108000055,53.73197795300007],[9.485889923000059,53.70766466200007],[9.502180848000023,53.69680511300004],[9.527800309000042,53.662936727000044],[9.53108302000004,53.64284546700003],[9.536833665000074,53.63057099000008],[9.550629934000028,53.61601357400008],[9.587861796000027,53.598509715000034],[9.675759963000075,53.56468869500003],[9.702788352000027,53.559327504000066],[9.730104055000027,53.55758091300004],[9.736960313000054,53.57738982400008],[9.742487476000065,53.57820562300003],[9.736263387000065,53.581851577000066],[9.747260483000048,53.59177458800008],[9.743435992000059,53.597576176000075],[9.748433153000065,53.60389675400006],[9.755617617000041,53.60252945000008],[9.759101186000066,53.610925128000076],[9.753535448000036,53.61299431600003],[9.763672583000073,53.62749506100005],[9.770293990000027,53.62746241600007],[9.770633504000045,53.616229942000075],[9.798122740000053,53.60751630900006],[9.789554408000072,53.60397247000003],[9.797515592000025,53.59610090500007],[9.816157304000058,53.58621990600005],[9.828781928000069,53.58529056900005],[9.836707190000027,53.58753018700003],[9.839670070000068,53.59481137000006],[9.858104137000055,53.59959068300003],[9.86192045000007,53.60722132400008],[9.868023964000031,53.60934632900006],[9.87914721900006,53.61980798900004],[9.889685197000063,53.62232685500004],[9.885079826000037,53.623521691000064],[9.894490843000028,53.62984161600008],[9.892201275000048,53.63128991500008],[9.896241463000024,53.632076589000064],[9.900273824000067,53.63976106700005],[9.904691425000067,53.641795116000026],[9.905366421000053,53.652194336000036],[9.920810423000034,53.65546630800003],[9.925078635000034,53.65313310300007],[9.94537621400002,53.65292819300004],[9.985599002000072,53.64723457600007],[9.990516424000077,53.650902905000066],[9.987679506000063,53.65551854900008],[9.99127426800004,53.65851274900007],[9.992418631000021,53.675925144000075],[9.998695506000047,53.68146746100007],[10.04077872800002,53.68199004100006],[10.05045629600005,53.67694010000008],[10.069265382000026,53.67945056100007],[10.067134557000031,53.68597580000005],[10.061606244000075,53.686156045000075],[10.060669695000058,53.68839732500004],[10.065662823000025,53.68899448900004],[10.06938793300003,53.69625326700003],[10.07750478500003,53.69974887800004],[10.079097455000067,53.704156787000045],[10.069628136000063,53.70624463900003],[10.073566465000056,53.70922318000004],[10.069518985000059,53.71116783200006],[10.080016639000064,53.71406094400004],[10.076339391000033,53.71529728400003],[10.08184213800007,53.720419993000064],[10.121056101000022,53.71339516900008],[10.126388390000045,53.71963000100004],[10.139942914000073,53.72568234100004],[10.144984004000037,53.724767565000036],[10.151159968000059,53.72997150700007],[10.161501516000044,53.73335725000004],[10.162874103000036,53.73808674500003],[10.193670979000046,53.73101511700003],[10.19163750000007,53.72289717500007],[10.181587984000032,53.70919738300006],[10.173853574000077,53.71279697600005],[10.157523259000072,53.70502906300004],[10.160822706000033,53.70038167600006],[10.15945487700003,53.690818868000065],[10.152389696000057,53.68651352400008],[10.151782174000061,53.68257019300006],[10.140273002000072,53.68012668200004],[10.143246259000023,53.67556200100006],[10.154124134000028,53.67583545200006],[10.160377262000054,53.67149510100006],[10.15552334900002,53.67138396100006],[10.155970535000051,53.66950241700005],[10.161757543000022,53.67105862000005],[10.16556262100005,53.66813089600004],[10.172485433000077,53.66900296700004],[10.173865453000076,53.66452313900004],[10.182902769000066,53.663737972000035],[10.187431442000047,53.65652722400006],[10.19605638400003,53.65470393000004],[10.198619191000034,53.64643618400004],[10.189664917000073,53.63838061000007],[10.221761274000073,53.63372253500006],[10.215893418000064,53.631341313000064],[10.217324273000031,53.62612245400004],[10.211430920000055,53.62303341900008],[10.20541890100003,53.62371862200007],[10.205803182000068,53.621582517000036],[10.188952193000034,53.61301421700006],[10.195185349000042,53.60758460200003],[10.19675434000004,53.600400181000055],[10.191658336000046,53.59567912300008],[10.201449729000046,53.58407587200003],[10.19832176400007,53.582199271000036],[10.195760377000056,53.58470674100005],[10.165305411000077,53.58234944800006],[10.161722831000077,53.58569873700003],[10.152557987000023,53.57790073600006],[10.148368142000038,53.56397487600003],[10.16053874000005,53.55768295900003],[10.152881081000032,53.550529131000076],[10.152582687000063,53.53979280100003],[10.155571691000034,53.53645752700004],[10.166903383000033,53.53731852100003],[10.161700336000024,53.52593843400007],[10.16464303600003,53.51993916500004],[10.18970898200007,53.51263100800003],[10.200276465000059,53.51422634800008],[10.210601309000026,53.52004653900008],[10.214608162000047,53.512892572000055],[10.219136307000042,53.51054095600006],[10.218609878000052,53.508005651000076],[10.223945169000046,53.50577115600004],[10.218607039000062,53.49905535600004],[10.226059606000035,53.49545965100003],[10.236678548000043,53.49635445500007],[10.235053640000046,53.49092324600008],[10.238366621000068,53.48326411100004],[10.252127736000034,53.477308452000045],[10.257892507000065,53.47814666200003],[10.259780746000047,53.474438959000054],[10.264325919000044,53.47513969100004],[10.265197815000022,53.46983934300005],[10.272551314000054,53.46794829600003],[10.269290109000053,53.464108863000035],[10.297844033000047,53.451591636000046],[10.295629323000071,53.44871226100008],[10.301645689000054,53.44319530200005],[10.307983819000071,53.44290878700008],[10.31164618300005,53.452323455000055],[10.325959158000046,53.44963954000008],[10.315487985000061,53.44108748600007],[10.318993062000061,53.437722164000036],[10.31819026100004,53.435330512000064],[10.307954146000043,53.433201104000034]]]]}},{"type":"Feature","id":null,"properties":{"shapeName":"Thüringen","shapeISO":"DE-TH","shapeID":"10402087B67217417145666","shapeGroup":"DEU","shapeType":"ADM1","_puzzle_simplification_tolerance":0.0017192,"name_en":"Thüringen","name_zh":"Thüringen一级行政区"},"geometry":{"type":"Polygon","coordinates":[[[11.905833724000047,50.41969001400008],[11.924237216000051,50.42634970900008],[11.927800470000022,50.43251523600003],[11.916207427000074,50.43306342200003],[11.90815516300006,50.43658190800005],[11.906008499000052,50.434255620000044],[11.903838154000027,50.43671499900006],[11.899640957000031,50.435247539000045],[11.88850946100007,50.443605914000045],[11.894706067000072,50.44405482800005],[11.894996787000025,50.44945794900008],[11.904939531000025,50.45437661500006],[11.919033658000046,50.45432079200003],[11.920343521000063,50.460052146000066],[11.92765965500007,50.45924737100006],[11.931895132000022,50.46422276800007],[11.936293143000057,50.45908288000004],[11.950797996000063,50.454068979000056],[11.951801217000025,50.45551422500006],[11.942791293000028,50.459577341000056],[11.948392802000058,50.46536023900006],[11.943664397000077,50.46444812400006],[11.941057497000031,50.46829317100003],[11.943996427000059,50.47110566100008],[11.937693008000053,50.47169194500003],[11.942949617000068,50.47346174900008],[11.94648944200003,50.479360514000064],[11.959231113000044,50.47867460200007],[11.964654704000054,50.48389740400006],[11.964228503000072,50.48696260200006],[11.960352836000027,50.49172917200008],[11.951033533000043,50.49588584900005],[11.943813274000036,50.505614784000045],[11.939936731000046,50.502990476000036],[11.933976413000039,50.50603453800005],[11.930228597000053,50.512936497000055],[11.93293170000004,50.52125632700006],[11.92525127500005,50.52631910300005],[11.918915883000068,50.52238673900007],[11.91833805500005,50.525508271000035],[11.915851091000036,50.52451804300006],[11.91846047000007,50.51698060000007],[11.888217853000071,50.516678642000045],[11.871462575000066,50.53982274100008],[11.885209239000062,50.55194169100008],[11.913927193000063,50.55506544100007],[11.917706766000038,50.560663272000056],[11.919943526000054,50.560347799000056],[11.92046212200006,50.55555380700008],[11.92601067000004,50.556844271000045],[11.922446511000032,50.557635195000046],[11.923149416000058,50.56077627600007],[11.933676233000028,50.568524970000055],[11.923565976000077,50.58570803400005],[11.935961140000074,50.58744037800005],[11.949715470000058,50.59389746100004],[11.95714367200003,50.598995357000035],[11.959965122000028,50.604454677000035],[11.962309570000059,50.60096393400005],[11.967731504000028,50.60012744800008],[11.988779760000057,50.61073218700005],[11.979268787000024,50.621410179000065],[11.998724671000048,50.627135631000044],[12.003378558000065,50.63018900900005],[12.000886492000063,50.63321821800008],[12.010397048000073,50.63546120900003],[12.021360113000071,50.627231667000046],[12.020066952000036,50.62386007600003],[12.004761034000069,50.61382341800004],[12.020970314000067,50.59855293800007],[12.031294676000073,50.59820714300008],[12.036137609000036,50.59394988200006],[12.031068848000075,50.584230724000065],[12.031110193000075,50.58190342800003],[12.035634272000038,50.581365359000074],[12.01753547800007,50.56784079200003],[12.030989895000062,50.55777623600005],[12.032204222000075,50.55500114600005],[12.028347435000057,50.55386046500007],[12.033651851000059,50.553214120000064],[12.030271920000075,50.54939778800008],[12.04121617800007,50.55353817800005],[12.052068203000033,50.55096098400003],[12.076643574000059,50.55800753500006],[12.074673282000049,50.56683055800005],[12.07914078400006,50.56925903300004],[12.078117392000024,50.57658969700003],[12.083594331000029,50.57856674000004],[12.10151776400005,50.578940388000035],[12.115772821000064,50.56694834800004],[12.122792037000067,50.56753566500004],[12.127654066000048,50.57412899600007],[12.156024277000029,50.573491527000044],[12.16067385100007,50.580052745000046],[12.156092178000051,50.58557908600005],[12.151598610000065,50.583445776000076],[12.144832259000054,50.58574002200004],[12.135191116000044,50.58213369100008],[12.126369927000042,50.58400131500008],[12.132649087000061,50.58774168100007],[12.124724023000056,50.58442452500003],[12.110150855000029,50.58872004300008],[12.114901490000022,50.59698174700003],[12.147222145000057,50.60609792100007],[12.145226950000051,50.60973703900004],[12.15082609700005,50.61560216700008],[12.145710757000074,50.62142820400004],[12.146427260000053,50.62597887800007],[12.153639990000045,50.63050499600007],[12.17044187600004,50.629234702000076],[12.175968865000073,50.62451231400007],[12.173505285000033,50.62129904100004],[12.178135353000073,50.61864891600004],[12.174721625000075,50.61451388200004],[12.18276647500005,50.612110603000076],[12.190751569000042,50.61442330500006],[12.192122401000063,50.61932694200004],[12.188191104000055,50.62311895400006],[12.199690157000077,50.63293187700003],[12.198197471000071,50.64131481100003],[12.207544906000066,50.63993512700006],[12.207550321000042,50.63659603900004],[12.21723871200004,50.633743508000066],[12.21675880500004,50.631464624000046],[12.226448313000049,50.62983529100006],[12.230825129000038,50.63263186000006],[12.23281227800004,50.627067029000045],[12.24464174700006,50.633304474000056],[12.265518391000057,50.63079334400004],[12.264286262000041,50.64338544100008],[12.281318077000037,50.64455306900004],[12.279692681000029,50.64777834100005],[12.28962486200004,50.64788246900008],[12.298894859000029,50.65168210200005],[12.303543697000066,50.66225610500004],[12.317717793000043,50.663364201000036],[12.314233563000073,50.66958722600003],[12.322048412000072,50.68143383700004],[12.314810650000027,50.685244468000064],[12.308537018000038,50.68260884500006],[12.299387745000047,50.68376851700003],[12.296887841000057,50.686543448000066],[12.274761805000026,50.68611728500008],[12.262762318000057,50.695276464000074],[12.26199176800003,50.70039129300005],[12.26595844600007,50.70110486100003],[12.264900657000055,50.703699234000055],[12.253382117000058,50.71570452800006],[12.270712076000052,50.72517975900007],[12.27335318200005,50.729573938000044],[12.268700674000058,50.73084460800004],[12.264756658000067,50.73754688900004],[12.237913784000057,50.73302578100004],[12.231442325000046,50.738209092000034],[12.226984634000075,50.73821847800008],[12.230243106000046,50.74351343200004],[12.226704316000053,50.74159453400006],[12.228688049000027,50.757452787000034],[12.240689735000046,50.767240127000036],[12.26392092900005,50.76045602700003],[12.284049706000076,50.77346767100005],[12.290160812000067,50.78342709200007],[12.287951536000037,50.78358740400006],[12.287644353000076,50.78964332700008],[12.267571983000039,50.787327848000075],[12.253153657000041,50.78883476500005],[12.254849014000058,50.79505915800007],[12.250176664000037,50.79910172900003],[12.253483552000034,50.79950899600004],[12.242835374000038,50.809060457000044],[12.250942654000028,50.815013459000056],[12.250495312000055,50.81853755600008],[12.259758066000074,50.81145106300005],[12.267335106000075,50.814363910000054],[12.268565394000063,50.812316304000035],[12.27503549100004,50.81363880400005],[12.272659461000046,50.81638980300005],[12.276981908000039,50.81785963300007],[12.279862919000038,50.80970437800005],[12.286074760000076,50.81187393400006],[12.28574046600005,50.820311625000045],[12.291132902000072,50.82211452300004],[12.289715312000055,50.82396523700004],[12.292707172000064,50.823807980000026],[12.295668693000039,50.81690079500004],[12.302356116000055,50.817197184000065],[12.29590816800004,50.828330605000076],[12.29858355600004,50.82990022100006],[12.306948010000042,50.81876300300007],[12.347576712000034,50.82363150900005],[12.348316870000076,50.83753494100006],[12.362305346000028,50.842296987000054],[12.364891920000048,50.84653967100007],[12.374856030000046,50.848825746000045],[12.374132737000025,50.85324923200005],[12.378388545000064,50.85371150200007],[12.377031701000021,50.849047787000075],[12.402949551000063,50.84922606500004],[12.406117146000042,50.850517222000065],[12.407283234000033,50.85697638800008],[12.412985022000044,50.856873008000036],[12.418055649000053,50.85540733700003],[12.411585513000034,50.84738245600005],[12.420206496000048,50.83958970800006],[12.42932759200005,50.84416132000007],[12.442501815000071,50.84402739500007],[12.441127220000055,50.849394551000046],[12.448249614000076,50.85616979300005],[12.44415211300003,50.862583924000035],[12.449319528000046,50.86575556400004],[12.448356980000028,50.86744833500006],[12.46402553300004,50.87012522300006],[12.461122286000034,50.87177639500004],[12.464197736000074,50.87339102200008],[12.459254289000057,50.88044858400008],[12.482190589000027,50.888676341000064],[12.480235571000037,50.890510049000056],[12.486666046000039,50.89389698000008],[12.511120450000021,50.89409887100004],[12.513029158000052,50.89610902600003],[12.507862731000046,50.90372903700006],[12.521322395000027,50.90759852700006],[12.525261426000043,50.902655639000045],[12.538191159000064,50.90068640800007],[12.560227496000039,50.906137270000045],[12.573426149000056,50.90107806200007],[12.584735255000055,50.904020786000046],[12.614800868000032,50.90480507600006],[12.620061669000052,50.90938146600007],[12.625420698000028,50.90575456600004],[12.640121045000058,50.90307378300008],[12.64127441100004,50.911423752000076],[12.654115090000062,50.919062739000026],[12.652865740000038,50.923677903000055],[12.641662611000072,50.928807094000035],[12.64223282200004,50.93316777800004],[12.637630069000068,50.93310286700006],[12.631443610000076,50.94014733900008],[12.624357315000054,50.93970986800008],[12.625540880000074,50.94222974400003],[12.630112749000034,50.94250303200005],[12.622132930000078,50.963429673000064],[12.621288784000058,50.97577059500003],[12.616431423000051,50.98528187800008],[12.607310702000063,50.99082004400003],[12.607533974000035,50.99673176500005],[12.60168771800005,50.99535237500004],[12.60119363800004,50.99273100200003],[12.591598733000069,50.99284653600006],[12.581021526000029,50.989235078000036],[12.579293133000021,50.98514208900008],[12.583807026000045,50.98183293800008],[12.577197032000072,50.98418938400005],[12.57278019100005,50.99023938400006],[12.555758809000054,50.99748550600003],[12.528349485000035,50.998280331000046],[12.526451554000062,51.00148548100003],[12.540180376000023,51.005732583000054],[12.534771484000032,51.01562932000007],[12.539240364000023,51.02040942100007],[12.538852058000032,51.02425203800004],[12.518903840000064,51.02286481400006],[12.518156394000073,51.02734923100007],[12.514368602000047,51.026876608000066],[12.51633278600002,51.01821992300006],[12.507388166000055,51.017275890000064],[12.509325713000067,51.025451521000036],[12.512451518000034,51.026419074000046],[12.50289394500004,51.03489968100007],[12.504742939000039,51.044890946000066],[12.501925594000056,51.051725859000044],[12.50857594200005,51.053062827000076],[12.504459791000045,51.06079102100006],[12.496357871000043,51.06624660800003],[12.469467689000055,51.06421745600005],[12.467989081000042,51.06784308400006],[12.462914729000033,51.06689980300007],[12.458382880000045,51.084550712000066],[12.453097610000043,51.083461449000026],[12.450744659000065,51.07730576800003],[12.420975531000067,51.078142514000035],[12.410448216000077,51.07285482000003],[12.398082104000025,51.07851711200004],[12.392957993000039,51.08411550200003],[12.372409340000047,51.07747447400004],[12.361026051000067,51.07979973600004],[12.353617564000047,51.08460672900003],[12.356580071000053,51.094342821000055],[12.331598674000077,51.10378250500003],[12.318470379000075,51.09382665700008],[12.307434948000036,51.09451103200007],[12.304828431000033,51.09748448500005],[12.290750421000041,51.09098485000004],[12.283547042000066,51.091923992000034],[12.288279375000059,51.08824243400005],[12.27320779300004,51.075059639000074],[12.26559684600005,51.076984320000065],[12.269307430000026,51.07181233100005],[12.258492624000041,51.06614388000003],[12.259565133000024,51.057599347000064],[12.263047895000057,51.05410524400003],[12.260548590000042,51.053719998000076],[12.262206675000073,51.04961074900007],[12.25628086200004,51.04924838100004],[12.256789285000025,51.04533476100005],[12.250460368000063,51.044466939000074],[12.250268436000056,51.03787289100006],[12.264557978000028,51.03751352100005],[12.273056530000076,51.04063358900004],[12.28704538900007,51.037639041000034],[12.289483103000066,51.03045015200007],[12.293914550000068,51.03132995400006],[12.291747857000075,51.01869953700003],[12.282508514000028,51.011697420000075],[12.283517938000045,51.006435975000045],[12.277894761000027,51.005797406000056],[12.262185232000036,50.98916120000007],[12.239891998000076,50.97567999300003],[12.236371525000038,50.96450643800006],[12.232348815000023,50.961353392000035],[12.241670526000064,50.96151375000005],[12.238717456000074,50.95152809900003],[12.21458012100004,50.93803207800005],[12.211073996000039,50.94957104400004],[12.215346989000068,50.95327012800004],[12.213818569000068,50.95843608900003],[12.19797939700004,50.95678387500004],[12.182508063000057,50.97586604600008],[12.163207827000065,50.966485230000046],[12.166078962000029,50.95903955600005],[12.163529547000053,50.95859978000004],[12.158352669000067,50.96313122000004],[12.150049823000074,50.96415095700007],[12.132133920000058,50.96126262900003],[12.134986527000024,50.96497545700004],[12.09215763900005,50.97653048800004],[12.072650432000046,50.974120467000034],[12.055356754000059,50.968613349000066],[12.037484825000035,50.97293644400003],[12.01412639800003,50.968670856000074],[12.01096284600004,50.969998857000064],[12.010659468000028,50.97469144100006],[12.01706445700006,50.97657228300005],[12.01718818200004,50.97906123400003],[12.014309772000047,50.98390433700007],[12.008665205000057,50.983941591000075],[12.006571244000042,50.991024147000076],[11.999335898000027,50.98863369600008],[11.996501891000037,50.99316077700007],[11.97423776900007,50.99032192700008],[11.972911022000062,50.99434335900003],[11.969873133000021,50.994327733000034],[11.968528754000033,50.99915925700003],[11.975773857000036,50.99916670400006],[11.978643929000043,51.003696124000044],[11.97470429200007,51.00982584900004],[11.980310205000023,51.01234535400005],[11.977137233000064,51.01645489900005],[11.965226962000031,51.01834207300004],[11.962743180000075,51.02218315600004],[11.958312808000073,51.02103862700005],[11.943066187000056,51.03244116400003],[11.921462605000045,51.026293922000036],[11.911895627000035,51.02817928800005],[11.915390047000074,51.03793685900007],[11.910734597000044,51.04161087600005],[11.910866916000032,51.04501989900007],[11.897452763000047,51.04529540100003],[11.894667507000065,51.047136658000056],[11.896663052000065,51.05047293500007],[11.888807362000023,51.05584043500005],[11.87473792700007,51.05706189600005],[11.863095834000035,51.05114563300003],[11.860261347000062,51.05476396300003],[11.852255822000075,51.051860118000036],[11.833888858000023,51.052260870000055],[11.803893556000048,51.04721079700005],[11.797101471000076,51.05040805500005],[11.787399355000048,51.05011059800006],[11.786865663000071,51.052628405000064],[11.774634278000065,51.05315736700004],[11.770406817000037,51.04918031400007],[11.772094097000036,51.045007542000064],[11.759689951000041,51.04285785600007],[11.759753677000049,51.04777583900005],[11.746197108000047,51.05195437200007],[11.745531157000073,51.05416143000008],[11.753250387000037,51.05698852300003],[11.737146865000057,51.06313744900007],[11.732299863000037,51.068417156000066],[11.723523387000057,51.06799511600008],[11.721168154000054,51.07101981300008],[11.70984661500006,51.068137843000045],[11.700810414000046,51.069402566000065],[11.699706099000025,51.07660200500004],[11.701832502000059,51.07841512500005],[11.697597752000036,51.08424468800007],[11.70158187100003,51.08582347500004],[11.693398985000044,51.09262028300003],[11.692382465000037,51.09985159900003],[11.689215951000051,51.10055461700006],[11.689165572000036,51.09859346600007],[11.675308124000026,51.104138282000065],[11.672439706000034,51.10290187900006],[11.666539645000057,51.10746472100004],[11.66695005400004,51.11078547800008],[11.647079650000023,51.10730198300007],[11.638240031000066,51.11112278300004],[11.634987851000062,51.10733013500004],[11.624355611000055,51.10448152600003],[11.62021201400006,51.09744866300008],[11.616151625000043,51.097964457000046],[11.620043674000044,51.10466693300003],[11.607503406000035,51.111607235000065],[11.571659895000039,51.11936512500006],[11.558240956000077,51.10895127400005],[11.555208704000052,51.10932154000005],[11.556505667000067,51.111260816000026],[11.547819652000044,51.11170217500006],[11.545642779000048,51.10245036800006],[11.512077531000045,51.107973997000045],[11.510594122000043,51.10297378200005],[11.48521893700007,51.10253352700005],[11.483823598000072,51.108179419000066],[11.478251467000064,51.10761435500007],[11.46336178200005,51.11276038200003],[11.465453882000077,51.12738206600005],[11.462586290000047,51.12687432400003],[11.462825055000053,51.13022312700008],[11.45987540300007,51.13016306700007],[11.459041702000036,51.13594079300003],[11.451004307000062,51.146670132000054],[11.47192917600006,51.148183576000065],[11.47928467500003,51.158778323000035],[11.472560400000077,51.16091996000006],[11.47494769900004,51.16582634000008],[11.485260144000051,51.16559279300003],[11.48554832800005,51.168017348000035],[11.470817624000063,51.16983847700004],[11.471396233000064,51.17687092300008],[11.470104936000041,51.18030986700006],[11.467238357000042,51.180454902000065],[11.470316135000076,51.18385763100008],[11.468567729000029,51.19265410600008],[11.45583663800005,51.195377187000076],[11.452402961000075,51.192477490000044],[11.447721113000057,51.20366230900004],[11.445053589000054,51.204489643000045],[11.446045122000044,51.20814376700008],[11.43094860900004,51.21247579900006],[11.405330237000044,51.207397728000046],[11.408067062000043,51.20369100600004],[11.40588754600003,51.20270284600008],[11.399198874000035,51.206380540000055],[11.391420064000044,51.20353330000006],[11.387975665000056,51.20887313500003],[11.391064922000055,51.21056767300007],[11.38982494000004,51.21751519400004],[11.364832643000057,51.221359162000056],[11.369101132000026,51.23061210100008],[11.376447063000057,51.23407119700005],[11.37819898400005,51.23765761900006],[11.376377418000061,51.23939538700006],[11.384567127000025,51.24564122700008],[11.400613031000034,51.24290962200007],[11.397795324000072,51.23673771600005],[11.412632300000041,51.24106203300005],[11.419967523000025,51.24636447900008],[11.418353591000027,51.24760556500007],[11.42180587300004,51.253236161000075],[11.429290882000032,51.25467966100007],[11.439522338000074,51.26337866000006],[11.441280275000054,51.26696411700004],[11.437030881000055,51.26865453200003],[11.441744507000067,51.27331358200007],[11.446777526000062,51.27112257300007],[11.456112364000035,51.27720127600003],[11.452325168000073,51.27998541800008],[11.459877390000031,51.29405030400005],[11.46778506000004,51.28838686200004],[11.473859409000056,51.29456710200003],[11.472579224000071,51.297876280000025],[11.475225978000026,51.29805427700006],[11.449778953000077,51.31378352400003],[11.445994290000044,51.311960578000026],[11.447413766000068,51.31606106600003],[11.434235478000062,51.32042263300008],[11.425763930000073,51.32729360700006],[11.42805392300005,51.32791273300006],[11.413594723000074,51.333127825000076],[11.426296569000044,51.33622242200005],[11.428814556000077,51.34282857800008],[11.412042133000057,51.342488392000064],[11.408992133000027,51.340082702000075],[11.39943721800006,51.34483615600004],[11.400975060000064,51.349437185000056],[11.39693982500006,51.34961480100003],[11.392966719000071,51.35410157100006],[11.39283077600004,51.365255852000075],[11.389836467000066,51.367986821000045],[11.391146566000032,51.37254761400004],[11.395941108000045,51.37293402800003],[11.39685227900003,51.381330726000044],[11.378316571000028,51.387238108000076],[11.370121419000043,51.385084463000055],[11.368404611000074,51.387779641000066],[11.36536151000007,51.38307519700004],[11.361739452000052,51.38305688400004],[11.357425840000076,51.389774603000035],[11.350393810000071,51.38810937300008],[11.347668132000024,51.384557028000074],[11.340542092000021,51.39241765100007],[11.330795693000027,51.39026639000008],[11.32905378700002,51.400019917000066],[11.321259842000075,51.41037234700008],[11.28497513800005,51.40220792400004],[11.275246030000062,51.40484346100004],[11.274318773000061,51.400754524000035],[11.25276886100005,51.400653153000064],[11.24850616200007,51.395132827000054],[11.244122912000023,51.39695478400006],[11.247897158000058,51.405420562000074],[11.230167351000034,51.405742607000036],[11.23090707800003,51.40832690600007],[11.223882996000043,51.41318615300003],[11.209537548000071,51.41174291200008],[11.210117892000028,51.407911556000045],[11.20772362200006,51.40666908700007],[11.196856632000049,51.40803211900004],[11.192411165000067,51.402875290000054],[11.183596616000045,51.40286974600008],[11.183413273000042,51.405898808000074],[11.176887946000022,51.40630791700005],[11.152934181000035,51.40164432500006],[11.14862855900003,51.40398199800006],[11.141754602000049,51.40263265400006],[11.135050987000056,51.40634139500003],[11.132284832000039,51.40447096100007],[11.13110744000005,51.40853363200006],[11.125661259000026,51.40811765900003],[11.128468050000038,51.410333964000074],[11.127572764000035,51.41325379700004],[11.116392161000022,51.41100069600003],[11.116555711000046,51.41568730400007],[11.101996259000032,51.41690536700003],[11.103465973000027,51.419255056000054],[11.095204219000038,51.41897594100004],[11.071476060000066,51.42863452000006],[11.061390455000037,51.42979197400007],[11.056930774000023,51.42747597600004],[11.051844974000062,51.429531248000046],[11.046041149000075,51.42627015800008],[11.049852428000065,51.420196530000055],[11.04022967000003,51.42459186100007],[11.025240692000068,51.42139451300005],[11.018749640000067,51.41705282200007],[10.992033080000056,51.41785321300006],[10.99999488800006,51.423218475000056],[11.010663972000032,51.42531503200007],[11.007920436000063,51.42926892100007],[10.98946772100004,51.425776502000076],[10.978113226000062,51.42688508100008],[10.979680170000051,51.43192371200007],[10.966733926000074,51.43235320700006],[10.970928628000024,51.442028822000054],[10.967122260000053,51.44571471100005],[10.97270295800007,51.45366602900003],[10.968290790000026,51.45441900900005],[10.969701831000066,51.45893546600007],[10.962994035000065,51.46038686300005],[10.964074234000066,51.46312827000003],[10.961192676000053,51.46314695900003],[10.963311065000028,51.46907277500003],[10.960817206000058,51.47122492700004],[10.97294365700003,51.48196093200005],[10.952076348000048,51.495417718000056],[10.953760833000047,51.498146244000054],[10.948649094000075,51.50162955600007],[10.946634321000033,51.499010173000045],[10.939721084000041,51.50072556500004],[10.94523868400006,51.50372972900004],[10.945086716000048,51.50618958300004],[10.936240609000038,51.511515201000066],[10.934660777000033,51.517768053000054],[10.931345343000032,51.51812542400006],[10.933751617000041,51.519219863000046],[10.927335260000063,51.52085370200007],[10.932850378000069,51.52151732200008],[10.935151294000036,51.53322199000007],[10.939754083000025,51.53560431400007],[10.947838951000051,51.53334586200003],[10.947971842000072,51.53757287900004],[10.939997853000023,51.54191611200008],[10.916548649000049,51.54745703900005],[10.912631687000044,51.55001301900006],[10.91116190200006,51.555431146000046],[10.904473143000075,51.54964138300005],[10.900496028000077,51.55065470000005],[10.895150138000076,51.55767092900004],[10.90024971400004,51.56442340800004],[10.892765969000038,51.57114777000004],[10.893071899000063,51.57651765300005],[10.882051629000046,51.580508087000055],[10.883697961000053,51.58613321100006],[10.887849467000024,51.588968041000044],[10.888834230000043,51.59639595500005],[10.893852500000037,51.598635853000076],[10.894476282000028,51.60183290300006],[10.89642421600007,51.59683842800007],[10.903331296000033,51.59382821600008],[10.930538151000064,51.59168093400007],[10.937063688000023,51.60348729100008],[10.914091359000054,51.61016346200006],[10.92095901500005,51.613652510000065],[10.922012575000053,51.618447435000064],[10.901525108000044,51.61187218600003],[10.886600561000023,51.61211090900008],[10.881498634000025,51.61717446400007],[10.883233800000028,51.61769415100008],[10.85861525100006,51.63289977000005],[10.833734255000024,51.63068760800007],[10.822567512000035,51.62353957400006],[10.821756983000057,51.63341845000008],[10.818215835000046,51.639026433000026],[10.785421223000071,51.64187959600008],[10.771296376000066,51.64460274000004],[10.764511214000038,51.64900827500003],[10.755681214000049,51.64506227700008],[10.756121767000025,51.64174800700005],[10.749365655000076,51.64033430200004],[10.737087376000034,51.64507247600005],[10.726251538000042,51.64489377600006],[10.709115289000067,51.64069881700004],[10.701371992000077,51.642187644000046],[10.69868531000003,51.63948433200005],[10.677282757000057,51.63837586000005],[10.675842715000044,51.63321156300003],[10.682480919000056,51.62891703300005],[10.66715014700003,51.62836845500004],[10.642074067000067,51.62257439700005],[10.638209992000043,51.61943703600008],[10.64900050700004,51.60651421500006],[10.633496085000047,51.60790292200005],[10.635172343000022,51.60598208000005],[10.633084445000065,51.59845455000004],[10.638674695000077,51.58411696600007],[10.658364257000073,51.58189707900004],[10.666306959000053,51.578098684000054],[10.658383767000032,51.56665718900007],[10.66074487700007,51.560752354000044],[10.65679616600005,51.558301647000064],[10.644767149000074,51.56001727700004],[10.645524042000034,51.562778311000045],[10.636525145000064,51.56222650500007],[10.626600309000025,51.567757149000045],[10.627954851000027,51.57206495500003],[10.621637070000077,51.57577402100003],[10.60426426400005,51.57957531100004],[10.599333510000065,51.57846082800006],[10.587912280000069,51.56758557400008],[10.577367956000046,51.56596483700008],[10.576491679000071,51.562680596000064],[10.569985101000043,51.56334159800008],[10.560269030000029,51.55706798800003],[10.545460228000024,51.55573416000004],[10.534052417000055,51.559358538000026],[10.51897376100004,51.55376345500008],[10.509581470000057,51.55679233700005],[10.507841064000047,51.56167684400003],[10.503487547000077,51.56239114300007],[10.49569585100005,51.57278824600007],[10.46703937500007,51.58338076600006],[10.450973715000032,51.58402631600006],[10.444382462000021,51.589656210000044],[10.42919998900004,51.592532980000044],[10.406303452000031,51.58650028900007],[10.370023394000043,51.58753647800006],[10.378791030000059,51.57938137000008],[10.37899856000007,51.568572698000025],[10.378624329000047,51.56270666700004],[10.365365040000029,51.55589099400004],[10.37218497400005,51.55299273700007],[10.367556161000039,51.54866340400008],[10.36766403300004,51.54303646400007],[10.348125353000057,51.532173399000044],[10.343528279000054,51.526679527000056],[10.342275478000033,51.51949714700004],[10.318031301000076,51.513977914000066],[10.308817636000072,51.51513978300005],[10.299850418000062,51.50495074300005],[10.299100086000067,51.49860821900006],[10.301445662000049,51.495927160000065],[10.29966982600007,51.493896094000036],[10.284429336000073,51.494440474000044],[10.273233167000058,51.49139163900003],[10.272759015000076,51.48822097500005],[10.244677551000052,51.48373508600008],[10.243699938000077,51.47856280700006],[10.237759443000073,51.47746428000005],[10.235877850000065,51.47142827000005],[10.233173013000055,51.470846384000026],[10.226711304000048,51.473811470000044],[10.224396100000035,51.470892495000044],[10.216946043000064,51.47007501300004],[10.215271448000067,51.47714710500003],[10.218201975000056,51.478539640000065],[10.212821835000057,51.478662936000035],[10.214368419000039,51.480066356000066],[10.205722179000077,51.48724330300007],[10.201975121000032,51.48651977000003],[10.190193535000049,51.48066446900003],[10.183883016000038,51.47224479700003],[10.178251590000059,51.47001635500004],[10.179132093000021,51.46723360400006],[10.185833965000029,51.46508299300007],[10.186011892000067,51.46217418900005],[10.177202022000074,51.45743607600008],[10.180194512000071,51.455788847000065],[10.174306043000058,51.44625609900004],[10.16761849900007,51.444445088000066],[10.158805836000056,51.44675490600008],[10.155819131000044,51.44361944900004],[10.152150065000058,51.44714439000006],[10.140004545000068,51.44261411700006],[10.142517920000046,51.43973816300007],[10.140460565000069,51.43774360300006],[10.15447034400006,51.43153281300005],[10.152939908000064,51.43025975900008],[10.140393810000035,51.429718251000054],[10.131754966000074,51.43553045300007],[10.130706772000053,51.433587361000036],[10.12110509400003,51.434156690000066],[10.116933377000066,51.43022978000005],[10.090837988000033,51.43565495000007],[10.08010799300007,51.43456023500005],[10.079582877000064,51.42530609100004],[10.075219914000058,51.41951745100005],[10.069108089000053,51.41843830500005],[10.064526483000066,51.41982112100004],[10.065619755000057,51.424995454000054],[10.059694011000033,51.42828697400006],[10.06102498000007,51.43246245300003],[10.058782046000033,51.43489253100006],[10.046802958000058,51.43667335500004],[10.05144247100003,51.43032135700008],[10.042839761000039,51.42756567500004],[10.042285866000043,51.42353583100004],[10.037843720000069,51.420004938000034],[10.009328775000029,51.420603553000035],[10.007607688000064,51.411000572000034],[10.000780211000063,51.407777863000035],[10.000375476000045,51.40365515500008],[9.994024725000031,51.403885082000045],[9.987396261000072,51.39792255800006],[9.965943386000049,51.39547685400004],[9.95361594600007,51.38906126200004],[9.94199842200004,51.37842853300003],[9.928338772000075,51.37529875400003],[9.923293275000049,51.368043123000064],[9.925469058000033,51.35379334500004],[9.932820923000065,51.34603756200005],[9.92993655400005,51.33996850800003],[9.943447818000038,51.33450909000004],[9.949172505000035,51.31820623200008],[9.939356592000024,51.30740986400008],[9.946287570000038,51.30311101900003],[9.959743680000031,51.30491187600006],[9.969853098000044,51.30027113800003],[9.97053691900004,51.29470074200003],[9.976423861000058,51.29120400800008],[9.971981130000074,51.284895505000065],[9.983447832000024,51.28333608100007],[9.991331810000077,51.286555562000046],[9.997261114000025,51.28490765400005],[10.00433131400007,51.286983013000054],[10.01034694200007,51.28346050000005],[10.02393386700004,51.282031919000076],[10.029987333000065,51.27788164800006],[10.041409798000075,51.28039211400005],[10.059916187000056,51.27586548900007],[10.057451669000045,51.26765633600007],[10.046554100000037,51.264500971000075],[10.047104019000074,51.25950401500006],[10.050116537000065,51.25871576600008],[10.046969081000043,51.25342573700004],[10.061875405000023,51.25256145800006],[10.067599843000039,51.24889768400004],[10.069076883000037,51.24670352700008],[10.066492545000074,51.245637042000055],[10.06905884500003,51.24376114000006],[10.078995134000024,51.24278092800006],[10.070795869000051,51.23805426800004],[10.067094995000048,51.22779314700006],[10.068673434000061,51.22656282200006],[10.076433562000034,51.22373451700008],[10.090282690000038,51.22666898800003],[10.09351328200006,51.22145261700007],[10.106339004000063,51.221606594000036],[10.111127988000021,51.21948125600005],[10.113171818000069,51.215206067000054],[10.138401765000026,51.22013527300004],[10.145397771000034,51.21807903300004],[10.142836626000076,51.21721600800004],[10.143800396000074,51.21287513200008],[10.149790732000042,51.20618932700006],[10.168444936000071,51.21218991300003],[10.187748389000035,51.20423078300007],[10.197029799000063,51.19654230000003],[10.197013747000028,51.192057358000056],[10.21125310800005,51.19043652100004],[10.220191519000025,51.18574480800004],[10.230481862000033,51.188128720000066],[10.235776989000044,51.186695162000035],[10.229845756000032,51.17491232000003],[10.207323427000063,51.16491704800006],[10.207756863000043,51.15476634000004],[10.200378268000065,51.14993066200003],[10.210689708000075,51.14247222500006],[10.203787546000058,51.135655099000076],[10.205745730000046,51.127262503000054],[10.21071256600004,51.12596434800008],[10.210717394000028,51.122905272000025],[10.206190308000032,51.12211120900008],[10.20934604200005,51.11816927600006],[10.19995902200003,51.11297207700005],[10.189454815000033,51.116767217000074],[10.189621329000033,51.12197839500004],[10.179214909000052,51.12764725900007],[10.178483116000052,51.13076149200003],[10.185236022000026,51.13249386900003],[10.184904857000049,51.14112006800008],[10.177453643000035,51.141671074000044],[10.176262673000053,51.14729659600005],[10.168738649000034,51.15326772100008],[10.146597291000035,51.14455277700006],[10.125725420000038,51.14633573300006],[10.127827413000034,51.14376043300007],[10.118321564000041,51.13957300700008],[10.130822428000045,51.135191305000035],[10.13972486800003,51.12762048900004],[10.139985039000067,51.12470736600005],[10.146230382000056,51.12578691200008],[10.149245467000071,51.12036160000008],[10.153791597000065,51.11845872400005],[10.170304435000048,51.11894069500005],[10.174630972000045,51.11686746000004],[10.17326312800003,51.11132171300005],[10.17548755200005,51.10690542200007],[10.172096508000038,51.10542938000003],[10.160415360000059,51.108050225000056],[10.15910358900004,51.10522510800007],[10.165679543000067,51.09949991600007],[10.157114980000074,51.096317002000035],[10.144694665000031,51.084814049000045],[10.148051698000074,51.083711675000075],[10.151043795000021,51.07286369800005],[10.155188292000048,51.070419266000044],[10.144259386000044,51.06600225900007],[10.147021790000053,51.06140396300003],[10.140590157000076,51.05849138900004],[10.17107259200003,51.04918279800006],[10.184671379000065,51.04903236200005],[10.184765452000022,51.04569457000008],[10.198846624000055,51.040090389000056],[10.204746922000027,51.034789482000065],[10.202925522000044,51.03160727300008],[10.215185735000034,51.02641935100007],[10.208555508000074,51.01897107800005],[10.195368850000023,51.020938959000034],[10.192621926000072,51.01853212300006],[10.201211728000033,51.01389803700005],[10.202904887000045,51.00810588000007],[10.196953178000058,51.00663296700003],[10.195673931000044,51.002056967000044],[10.192233496000028,51.001990798000065],[10.19078575900005,50.999067886000034],[10.178159480000033,50.996001543000034],[10.17437402400003,50.99857134600006],[10.171039886000074,50.996218905000035],[10.169571090000034,50.99852392200006],[10.173277073000065,51.000053765000075],[10.16908168200007,51.001929680000046],[10.165844440000058,50.99746046000007],[10.14688003200007,50.99382352400005],[10.131562780000024,50.996897567000076],[10.127376258000027,51.00147880700007],[10.133082409000053,51.00481911400004],[10.12084283400003,51.01170074100003],[10.108295654000074,51.009224595000035],[10.103483888000028,51.00336718500006],[10.073507813000049,51.01136619600004],[10.065666270000065,51.009415227000034],[10.053636938000068,51.01315428500004],[10.036400428000036,51.01237619600005],[10.027674672000046,51.00645675000004],[10.028279955000073,51.003031125000064],[10.021102370000051,50.99389095600003],[10.023815411000044,50.98536041500006],[10.019470217000048,50.98070807900007],[10.040949144000024,50.96752640500006],[10.03216132700004,50.95963537200004],[10.042036762000066,50.957234269000026],[10.045651426000063,50.95032050400005],[10.043049216000043,50.94848191300008],[10.047868770000036,50.94611886700005],[10.061191723000036,50.94797274700005],[10.063865032000024,50.94543293000004],[10.062345939000068,50.943783547000066],[10.053615661000038,50.93977888400008],[10.029439221000075,50.93811304600007],[10.024900854000066,50.94375136300005],[10.024294842000074,50.94108435100003],[10.016578322000043,50.93963192700005],[10.01756305500004,50.93713244700007],[10.013556755000025,50.93473513400005],[10.003379585000062,50.94063232700006],[9.999285362000023,50.936643881000066],[9.991005864000044,50.94356607100008],[9.991560889000027,50.940896562000034],[9.982086112000047,50.93905501800003],[9.975073802000054,50.943423024000026],[9.96831495400005,50.941335468000034],[9.950086587000044,50.94225025600008],[9.956555895000065,50.93366159200008],[9.953332296000042,50.92772454800007],[9.949685258000045,50.926507506000064],[9.95714401500004,50.92260019200006],[9.966067717000044,50.92875499500008],[9.963555245000066,50.93102885800005],[9.965560177000043,50.93358061500004],[9.974855570000045,50.93172111300004],[9.991996475000064,50.93451451100003],[9.988631498000075,50.93314429000003],[9.981892451000022,50.91994769000007],[9.969632277000073,50.91348754100005],[9.968441306000045,50.91093957000004],[9.971463749000065,50.907410938000055],[9.978219756000044,50.90529886400003],[9.984491572000024,50.90699344600006],[9.989140730000031,50.913217487000054],[10.00366394300005,50.921550996000065],[10.015635922000058,50.92062395100004],[10.016225143000042,50.917547306000074],[10.024666839000076,50.91447081200005],[10.024850711000056,50.91179925700004],[10.035030259000052,50.91002287200007],[10.040697144000035,50.901534378000065],[10.050909099000023,50.900088881000045],[10.041952475000073,50.89334041600006],[10.047868141000038,50.88884988500007],[10.049729322000076,50.89114964200007],[10.05345686000004,50.89007132900008],[10.052460867000036,50.89260881300004],[10.058444784000073,50.89017533500004],[10.056237513000042,50.88739661900007],[10.059803704000046,50.88539256400003],[10.057094225000071,50.88537036800005],[10.058849850000058,50.88279405500003],[10.05598100100002,50.879771625000046],[10.021893143000057,50.86448629900008],[10.018689020000068,50.855670830000065],[10.021928583000033,50.84785663400004],[10.038620257000048,50.85311491200008],[10.035884053000075,50.84731243900006],[10.037751703000026,50.84529540400007],[10.026806725000029,50.84128333400008],[10.028488149000054,50.83580828200007],[10.023054524000031,50.83163142600006],[10.006836287000056,50.83768212900003],[9.998018976000026,50.82650514100004],[9.994645978000051,50.825761689000046],[9.991876257000058,50.82962762900007],[9.987653107000028,50.82826475600007],[9.983849158000055,50.82961916700003],[9.98426461400004,50.831888494000054],[9.976816409000037,50.83327295300006],[9.952252803000022,50.821374509000066],[9.950233876000027,50.815180834000046],[9.95641742500004,50.816051326000036],[9.957436682000036,50.81235792500007],[9.954715749000059,50.81096859000007],[9.956677090000028,50.80961912300006],[9.943569871000022,50.79769790800003],[9.949431663000041,50.78823318800005],[9.955134946000044,50.78555029700004],[9.949779876000036,50.780379753000034],[9.95409208600006,50.77935638500003],[9.952133926000045,50.77329162500007],[9.943318114000022,50.77123412600008],[9.94874961000005,50.77869227000008],[9.937153677000026,50.77410166700008],[9.928430938000076,50.77659421300007],[9.925526017000038,50.774665791000075],[9.928921271000036,50.769634481000026],[9.920126452000034,50.75961203400004],[9.926649784000062,50.75655911700005],[9.939614276000043,50.755919978000065],[9.938634027000035,50.74368392500003],[9.94101973200003,50.74342167900005],[9.941503200000056,50.73913914000008],[9.935794950000059,50.73400655000006],[9.93787797400006,50.732859114000064],[9.935162410000032,50.724117998000054],[9.908890736000046,50.704532451000034],[9.910651795000035,50.70069139800006],[9.923955435000039,50.69513052100007],[9.915539995000074,50.69369563500004],[9.906224715000064,50.68419094300003],[9.89467774700006,50.68371993800008],[9.881273200000066,50.673378626000044],[9.879554494000047,50.66645384100008],[9.884602707000056,50.65508945300007],[9.884220259000074,50.65081341100006],[9.877974963000042,50.64431997200006],[9.878551050000056,50.63478121000003],[9.886108750000062,50.63393596700007],[9.906105815000046,50.640382344000045],[9.910379717000069,50.63634776400005],[9.922096881000073,50.63450678100003],[9.929695560000027,50.62901690500007],[9.945927546000064,50.626825686000075],[9.960722013000066,50.62948365400007],[9.96025230400005,50.635505754000064],[9.96890154600004,50.64125944300008],[9.949710896000056,50.65587253700005],[9.950875801000052,50.66031804900007],[9.947575159000053,50.66230475800006],[9.951484133000065,50.66592744600007],[9.960689873000035,50.668443945000035],[9.97360296900007,50.66594687800006],[9.974677152000027,50.66868954000006],[9.989540861000023,50.67459455300008],[10.001994968000076,50.67660256800008],[10.021409955000024,50.673043129000064],[10.031350166000038,50.675547805000065],[10.048934055000075,50.67393254500007],[10.05402966400004,50.67116299200006],[10.057631789000027,50.66483010300004],[10.069985062000057,50.65587779100008],[10.078584410000076,50.63468821200007],[10.082964842000024,50.633705347000046],[10.08104983800007,50.62002482400004],[10.072264748000066,50.61963237000003],[10.06722226200003,50.62414586400007],[10.057503889000031,50.62612006300003],[10.045470429000034,50.62121681900004],[10.047774987000025,50.619460624000055],[10.037191069000073,50.61292626900007],[10.040271740000037,50.60450765500008],[10.04879758900006,50.59862073600004],[10.04980776900004,50.58472313400006],[10.046260025000038,50.58148188400003],[10.046359123000059,50.57125494500008],[10.052467145000037,50.56110859700004],[10.061828605000073,50.55668738400004],[10.047219089000066,50.545518765000054],[10.047898989000032,50.53944794500006],[10.03969261800006,50.53258619600007],[10.038330365000036,50.52899964300008],[10.042479448000051,50.52187195400006],[10.041338408000058,50.51646958200007],[10.05196069300007,50.51925483900004],[10.066520170000047,50.52896505600006],[10.071825447000037,50.52767120100003],[10.068487379000032,50.52994418800006],[10.070046384000022,50.53542063400005],[10.076265269000032,50.54088727300007],[10.089842056000066,50.54481435400004],[10.094272329000034,50.54849209100007],[10.09404446800005,50.553601997000044],[10.098505661000047,50.55215997200003],[10.099739448000037,50.55817473600007],[10.107094136000057,50.56373360300006],[10.119408294000038,50.56422474400006],[10.126217971000074,50.561350667000056],[10.12664488200005,50.558426859000065],[10.120712415000071,50.55585721600005],[10.140366563000043,50.54285042600003],[10.146859506000055,50.54314940900008],[10.150267822000046,50.55188754900007],[10.175441103000026,50.542917540000076],[10.177893248000032,50.551680031000046],[10.203873884000075,50.554700851000064],[10.204182764000052,50.54604589300004],[10.208325658000035,50.54063085100006],[10.221641927000064,50.53872453400004],[10.224834809000072,50.53037809300008],[10.231973530000062,50.53108771900003],[10.225792339000066,50.51871942400004],[10.230827931000022,50.51180310400008],[10.243665084000042,50.51501751700005],[10.251390310000033,50.51118344400004],[10.256221693000043,50.512813333000054],[10.267694211000048,50.50419029900007],[10.274599189000071,50.50586856500007],[10.291614381000045,50.49633611100006],[10.30657006000007,50.49207931600006],[10.330582236000055,50.49427653500004],[10.332667238000056,50.48709050100007],[10.34141087200004,50.482999962000065],[10.33615420500007,50.46589718800004],[10.348189500000046,50.46255757900008],[10.35226481500007,50.45643024200007],[10.356725792000077,50.455190499000025],[10.363033779000034,50.44755023600004],[10.361095058000046,50.445568448000074],[10.367559874000051,50.44155415200004],[10.367271857000048,50.43877357200006],[10.376246614000024,50.44066076800004],[10.38133203500007,50.438851905000035],[10.372377357000062,50.437140105000026],[10.370714811000028,50.43175807200004],[10.392463618000022,50.43033569100004],[10.39282915900003,50.42693652400004],[10.403834693000022,50.42477513000006],[10.404553545000056,50.423118826000064],[10.400039332000063,50.42211513900003],[10.40094014500005,50.41903065200006],[10.39485521100005,50.417658251000034],[10.394424148000041,50.413682778000066],[10.390064188000053,50.40994243400007],[10.383918035000022,50.408621476000064],[10.384481054000048,50.40284623100007],[10.39449369700003,50.39365203400007],[10.39649920900007,50.39692896000008],[10.42374340400005,50.39253245800006],[10.437898634000021,50.39548316400004],[10.437975571000038,50.40117864400003],[10.44950284600003,50.40304677100005],[10.453263199000048,50.40146479400005],[10.45556258800002,50.396409092000056],[10.45303242600005,50.392917046000036],[10.459585037000068,50.38772793800007],[10.458502030000034,50.38319282400005],[10.463657887000068,50.37601454900005],[10.467091700000026,50.377593207000075],[10.47348280400007,50.37250990300004],[10.487284514000066,50.375283273000036],[10.490560663000053,50.36878590300006],[10.494443233000027,50.36944297500003],[10.492854683000076,50.36215490400008],[10.485990411000046,50.363054024000064],[10.492405731000076,50.35505584500004],[10.499040397000044,50.357710947000044],[10.503276655000036,50.353175571000065],[10.512475550000033,50.35980610000007],[10.514624396000045,50.349896674000036],[10.518408739000051,50.35420885600007],[10.523626465000063,50.354756749000046],[10.526720960000034,50.36145436700008],[10.530382573000054,50.36096781600003],[10.53101050400005,50.36510988500004],[10.534985769000059,50.365680087000044],[10.537305796000055,50.362679806000074],[10.544408273000045,50.36450557900008],[10.554861101000029,50.354656109000075],[10.549758531000066,50.34927287700003],[10.552290302000074,50.34451712400005],[10.561785334000035,50.33709847500006],[10.574690030000056,50.33669492100006],[10.583398346000024,50.33238812800005],[10.600550296000051,50.33368802900003],[10.595432776000052,50.31945836800003],[10.592322640000077,50.31718454700007],[10.594689427000048,50.313307234000035],[10.592359352000074,50.30808136300004],[10.596348148000061,50.30667218700006],[10.605324195000037,50.293536998000036],[10.597534202000077,50.28918911100004],[10.598169810000059,50.28419498100004],[10.601550726000028,50.28267147000008],[10.593281492000074,50.277972384000066],[10.591040414000076,50.27178438200008],[10.593478704000063,50.26955105600007],[10.607295940000029,50.27125747700006],[10.603025481000032,50.269992752000064],[10.597829215000047,50.262620980000065],[10.60501372400006,50.25904591600005],[10.60639900800004,50.253281438000045],[10.611314700000037,50.24907497500004],[10.603505612000049,50.245717255000045],[10.597108477000063,50.24617272200004],[10.604348212000048,50.23971521500005],[10.612047270000062,50.224138442000026],[10.637661361000028,50.22326877900008],[10.658961146000024,50.23070906700008],[10.66229026700006,50.22664509800006],[10.657478914000023,50.22367513800003],[10.663670269000022,50.221543075000056],[10.68671445800004,50.22590758500007],[10.687640987000066,50.219077034000065],[10.69575278000002,50.211799435000046],[10.708973024000045,50.210276640000075],[10.716645150000033,50.20481895900008],[10.724403610000024,50.206099651000045],[10.731220988000075,50.21265420800006],[10.726238673000069,50.24088909800008],[10.729807565000044,50.24487686800006],[10.726495208000074,50.247564700000055],[10.732167774000061,50.25183794600008],[10.748203270000033,50.24782568100005],[10.746133911000072,50.24378295200006],[10.74981662600004,50.24247768600003],[10.769631615000037,50.24084024800004],[10.784366730000045,50.24850648700004],[10.781843580000043,50.251283940000064],[10.80056410700007,50.25144334400005],[10.807268589000046,50.240196712000056],[10.824047415000052,50.23753300200008],[10.84466635800004,50.24315772500006],[10.851953018000074,50.25160305700007],[10.851279580000039,50.26480448900003],[10.845404553000037,50.26950104500003],[10.846358138000028,50.27509463700005],[10.83592565400005,50.27306492400004],[10.826331418000052,50.27794903900008],[10.803919859000075,50.27975318800003],[10.801708339000072,50.28332749900005],[10.804378470000074,50.28863636800003],[10.80255027000004,50.291980901000045],[10.794209683000076,50.295376178000026],[10.770728870000028,50.29267220300005],[10.741845438000041,50.315914286000066],[10.73693247600005,50.314152017000026],[10.71539585100004,50.32117650400005],[10.715001982000047,50.333031971000025],[10.728148128000043,50.33812014600005],[10.72697372700003,50.34696811800006],[10.728872533000072,50.34794160700005],[10.720194358000072,50.349563602000046],[10.714303880000045,50.34634559600005],[10.71245514100002,50.354643785000064],[10.717929965000053,50.35554228500007],[10.715266573000065,50.363591109000026],[10.738718422000034,50.362866489000055],[10.754509496000026,50.358171911000056],[10.760509659000036,50.36241922500005],[10.76473994500003,50.36911129300006],[10.762942666000072,50.369718255000066],[10.773774016000061,50.37196935800006],[10.785881505000077,50.38538423400007],[10.804250650000029,50.37910881500005],[10.810894363000045,50.38411950300008],[10.819969595000032,50.38489449900004],[10.830443013000036,50.39261550100008],[10.861837963000028,50.387669722000055],[10.87274682800006,50.396794483000065],[10.876235601000076,50.396531191000065],[10.87798265500004,50.39323232500004],[10.887187525000058,50.39257248800004],[10.884868873000073,50.38850371900003],[10.89311800400003,50.38032394700008],[10.89885408300006,50.38471304400008],[10.909415958000068,50.38718627500003],[10.911918206000053,50.38526083700003],[10.930218426000067,50.39203206800005],[10.937634647000039,50.39190511400005],[10.949953767000068,50.38347173200003],[10.948440830000038,50.38175135600005],[10.959681308000029,50.37530779900004],[10.96178698400007,50.37758531800006],[10.96304837100007,50.37246608300006],[10.956661342000075,50.36848213400003],[10.961619822000046,50.36772452000008],[10.98578072600003,50.34732052600003],[10.992954309000027,50.34903043600008],[10.99637008600007,50.34672303800005],[10.99951930800006,50.35197304900004],[10.994148976000076,50.35347189000004],[10.993487278000032,50.36546867700008],[11.008043600000065,50.36519831800007],[11.017888607000032,50.36120438200004],[11.033417377000035,50.36135823600006],[11.036227341000028,50.35868532000006],[11.031702753000047,50.355130820000056],[11.04349697200007,50.35223236200005],[11.032407061000072,50.35150147200005],[11.036863470000071,50.34520931700007],[11.041154826000025,50.34667381300005],[11.04298839300003,50.34472165100004],[11.073566958000072,50.35365182900006],[11.085753909000061,50.35203374300005],[11.081951468000057,50.353899272000035],[11.089737220000075,50.36588673500006],[11.115304910000077,50.36700690300006],[11.119291317000034,50.35929010600006],[11.114045434000047,50.35252818500004],[11.116797804000043,50.349333932000036],[11.121687076000057,50.349001659000066],[11.126678465000055,50.35617807800003],[11.139107812000077,50.35350569700006],[11.136108869000054,50.34966563100005],[11.159197358000029,50.330391993000035],[11.158177092000074,50.32377543200005],[11.138463589000025,50.31643203900006],[11.131754613000055,50.30808767700006],[11.133158695000077,50.30017761100004],[11.137657278000063,50.29972419000006],[11.139726212000028,50.29296322300007],[11.143197373000021,50.29337551000003],[11.141556937000075,50.28919192700005],[11.14592282700005,50.284956470000054],[11.15147900900007,50.28598680400006],[11.153767359000028,50.28354438200006],[11.158479682000063,50.28920361100006],[11.165504114000044,50.28234319100005],[11.183710073000043,50.28089548200006],[11.17397055500004,50.27127990900004],[11.187139425000055,50.26955572600008],[11.191344118000075,50.27406917400003],[11.18939377700002,50.27482368200003],[11.191527303000044,50.27743911600004],[11.190070287000026,50.281447435000075],[11.19784829300005,50.29185637100005],[11.216084592000072,50.28418018700006],[11.214449761000026,50.28092684300003],[11.235583782000049,50.27530818300005],[11.247547121000025,50.26775632200008],[11.252298162000045,50.26902096100008],[11.25977795700004,50.27494628000005],[11.25741411000007,50.284238764000065],[11.260240655000075,50.287090412000055],[11.251817692000031,50.29346244200008],[11.253896305000069,50.29783979700005],[11.25199460500005,50.29926494600005],[11.260501761000057,50.300086005000026],[11.270336658000076,50.30674659300007],[11.256465785000046,50.322273221000046],[11.26250354800004,50.32537966400008],[11.261328835000029,50.33791262700004],[11.277099067000051,50.33596244700004],[11.26622580000003,50.351997906000065],[11.262435241000048,50.352401033000035],[11.277804263000064,50.35566329200003],[11.284252880000054,50.36030743400005],[11.27914088600005,50.367644434000056],[11.280879245000051,50.371451953000076],[11.276083218000053,50.38092334900006],[11.272188801000027,50.38542158200005],[11.264334054000074,50.38703971000007],[11.264587088000042,50.39134807500005],[11.270869179000044,50.394203504000075],[11.258055654000032,50.400038394000035],[11.268842560000053,50.419177595000065],[11.266799283000068,50.42255649100008],[11.268013488000065,50.43221228700003],[11.263200078000068,50.44288897700005],[11.247092021000071,50.448924316000046],[11.25489290400003,50.45642279100008],[11.252450944000032,50.46323228500006],[11.24513194800005,50.47080298900005],[11.247115540000038,50.47730383000004],[11.257289938000042,50.48181752600004],[11.26642613000007,50.47910269600004],[11.272364948000074,50.482679715000074],[11.278800538000041,50.481251247000046],[11.27801787900006,50.483355912000036],[11.28911478200007,50.48556597700008],[11.290982390000067,50.475256528000045],[11.29616502500005,50.48236532100003],[11.301695276000032,50.48501781500005],[11.300936067000066,50.48840597900005],[11.323142336000046,50.491164913000034],[11.324905544000046,50.498386812000035],[11.321355016000041,50.50856741700005],[11.346991154000023,50.51161027100005],[11.343042712000056,50.51851947500006],[11.346569075000048,50.52153502600004],[11.357760794000058,50.51987290100004],[11.369787979000023,50.523239714000056],[11.387615011000037,50.51564726700008],[11.393085549000034,50.52055432100008],[11.405280319000042,50.51617606800005],[11.423893015000033,50.51606444300006],[11.429278748000058,50.51223288400007],[11.440946481000026,50.49995944800003],[11.436031953000054,50.492180123000026],[11.418814569000062,50.493461446000026],[11.42248955100007,50.48903237300004],[11.42147486500005,50.48638045900003],[11.426473637000072,50.484540724000055],[11.418090895000034,50.48186031900008],[11.42047539400005,50.47425877200004],[11.415499786000055,50.46784666100007],[11.423595024000065,50.46225710300007],[11.419335802000035,50.454237730000045],[11.420630678000066,50.44336648500007],[11.440544801000044,50.43861640500006],[11.451254293000034,50.43103282800007],[11.443441968000059,50.42082108100004],[11.44619003300005,50.424397835000036],[11.459657870000058,50.428641509000045],[11.463153413000043,50.432175646000076],[11.48156795400007,50.43162169200008],[11.480552673000034,50.42546895300006],[11.488121921000072,50.415835138000034],[11.479298724000046,50.40721300300004],[11.478737316000036,50.401215894000075],[11.489850281000031,50.396774605000076],[11.503023642000073,50.399649931000056],[11.505861836000065,50.396511031000045],[11.518909861000054,50.39566601100006],[11.519853242000067,50.37426848300004],[11.546187642000064,50.384128099000066],[11.560064187000023,50.38412699200006],[11.564918122000051,50.38716861700004],[11.56757475300003,50.39569253600007],[11.57315188800004,50.400121883000054],[11.58140422300005,50.39900077300007],[11.59431332400004,50.40260407800008],[11.624601485000028,50.386870402000056],[11.649490107000076,50.39223945500004],[11.683895018000044,50.39288929700007],[11.708264195000027,50.40393828900005],[11.71472116600006,50.39663528600005],[11.71832944700003,50.400061648000076],[11.727124443000037,50.40043609500003],[11.744046462000028,50.41050398500005],[11.761564496000062,50.405255873000044],[11.763006906000044,50.407057817000066],[11.751172550000035,50.414755154000034],[11.756031086000064,50.41580008100004],[11.772604693000062,50.41153248000006],[11.78025113700005,50.41875476000007],[11.787197647000028,50.415257677000056],[11.793310273000031,50.41833876000004],[11.797352621000073,50.41732137100007],[11.817376096000032,50.40058974200008],[11.825495292000028,50.40442003100003],[11.827908708000052,50.400135670000054],[11.818403991000025,50.39356776300008],[11.824265370000035,50.38975684500008],[11.852351975000033,50.40165970000004],[11.857482502000039,50.39941249600008],[11.865811749000045,50.40067275600006],[11.882398717000058,50.414594237000074],[11.906116976000021,50.41720074800003],[11.905833724000047,50.41969001400008]],[[11.446768081000073,51.19449713400007],[11.439672491000067,51.19766759400005],[11.43938578500007,51.19976640100003],[11.446614450000027,51.198880348000046],[11.446768081000073,51.19449713400007]]]}}]}