{"type":"FeatureCollection","features":[{"type":"Feature","id":"115106-156","properties":{"id":"115106-156","name":"Кирилловский муниципальный округ","name_ru":"Кирилловский муниципальный округ","subject_id":"115106","subject_name":"Вологодская область","source_gid":156,"source_fid":201,"names_rosstat":"Кирилловский муниципальный округ","population":13795,"area_km2":5742.992491304221,"density_km2":2.4020578158316876,"source":"Актуализированный объединённый GeoJSON, предоставленный преподавателем","name_en":"Kirillovskii Municipal Okrug","name_zh":"Kirillovskii市政专区","subject_name_en":"Vologda Oblast","subject_name_zh":"沃洛格达州"},"geometry":{"type":"Polygon","coordinates":[[[37.97901,59.759122],[37.99417,59.759179],[37.990253,59.726325],[38.042657,59.690414],[38.076216,59.692944],[38.082699,59.697922],[38.100458,59.696073],[38.107787,59.68953],[38.123573,59.689814],[38.15289,59.698207],[38.140769,59.71001],[38.145279,59.725219],[38.157964,59.731046],[38.177414,59.730761],[38.190099,59.74866],[38.200529,59.75221],[38.207013,59.745678],[38.210395,59.728275],[38.221671,59.726498],[38.21251,59.712284],[38.217795,59.705175],[38.174807,59.690597],[38.164588,59.674055],[38.18714,59.673877],[38.181149,59.66142],[38.143446,59.660174],[38.142389,59.65341],[38.169874,59.647713],[38.161353,59.627839],[38.284746,59.629273],[38.288972,59.624787],[38.302492,59.626282],[38.310217,59.62011],[38.320238,59.627991],[38.381822,59.627257],[38.381031,59.636804],[38.550702,59.632396],[38.516635,59.607693],[38.542401,59.598428],[38.542487,59.587576],[38.58426,59.586566],[38.572217,59.562241],[38.586772,59.561596],[38.606431,59.541333],[38.658996,59.532327],[38.652202,59.523368],[38.698707,59.508687],[38.720914,59.514864],[38.76373,59.511964],[38.75642,59.47112],[38.764581,59.477268],[38.783035,59.464127],[38.775083,59.446749],[38.827455,59.44898],[38.83106,59.463555],[38.89309,59.451897],[38.90461,59.465961],[38.899641,59.477519],[38.905786,59.491322],[38.882033,59.499054],[38.877023,59.54367],[38.920188,59.555932],[38.945011,59.551416],[38.98741,59.596561],[38.968773,59.621279],[38.966233,59.643773],[38.945567,59.644446],[38.944402,59.65164],[38.904767,59.65479],[38.910478,59.685002],[38.89345,59.691312],[38.903079,59.713067],[38.945745,59.711922],[38.951884,59.727819],[38.94131,59.733147],[38.953222,59.756797],[38.909633,59.775808],[38.874528,59.781362],[38.874479,59.790437],[38.896153,59.797993],[38.918993,59.816921],[38.955091,59.811895],[38.960917,59.842796],[39.010207,59.844351],[39.06674,59.859603],[39.05382,59.876026],[39.062907,59.894612],[39.027616,59.91903],[39.052157,59.963786],[39.064125,59.969031],[39.04592,60.006234],[39.077512,60.004515],[39.072354,60.031376],[39.01224,60.042],[39.016586,60.070907],[38.96764,60.07043],[38.961466,60.088337],[38.938466,60.107058],[38.935365,60.141713],[38.992696,60.189317],[38.9971,60.212519],[38.973756,60.219958],[38.904591,60.255404],[38.858427,60.262013],[38.850776,60.278541],[38.852521,60.36004],[38.886955,60.366754],[38.906094,60.379475],[38.947769,60.385795],[38.96006,60.39451],[38.991815,60.397982],[39.005962,60.389977],[39.016459,60.390604],[39.053038,60.406248],[39.125713,60.474694],[39.138926,60.496609],[39.137165,60.541046],[39.119546,60.607695],[39.184524,60.639528],[39.176288,60.648436],[39.161563,60.654976],[39.143225,60.679941],[39.09775,60.6975],[39.057265,60.700682],[39.052186,60.710128],[39.026688,60.7191],[39.006205,60.7191],[39.010511,60.724098],[39.001855,60.73601],[38.971465,60.759344],[38.95025,60.766],[38.927,60.76725],[38.906964,60.759515],[38.90925,60.765706],[38.906061,60.768853],[38.895915,60.769941],[38.899023,60.770595],[38.8955,60.773],[38.88775,60.7725],[38.884,60.771],[38.89625,60.7715],[38.874114,60.766583],[38.8485,60.7495],[38.832,60.7455],[38.813164,60.734725],[38.816,60.7255],[38.80825,60.71925],[38.807283,60.708491],[38.619959,60.716362],[38.616616,60.732529],[38.619888,60.735297],[38.610644,60.742633],[38.616201,60.745476],[38.609085,60.746238],[38.611267,60.747786],[38.603361,60.755618],[38.589033,60.761667],[38.58919,60.766414],[38.598313,60.774146],[38.578045,60.779987],[38.585787,60.785991],[38.58081,60.788362],[38.585905,60.791537],[38.586728,60.797676],[38.404946,60.806727],[38.411156,60.815029],[38.281083,60.820057],[38.270044,60.676045],[38.372746,60.670529],[38.366283,60.614217],[38.443158,60.611994],[38.44757,60.61514],[38.48108,60.613085],[38.511699,60.617291],[38.509468,60.611764],[38.448285,60.609633],[38.42759,60.600485],[38.426142,60.579174],[38.436557,60.575284],[38.436371,60.570346],[38.424979,60.574198],[38.4201,60.540752],[38.405118,60.541362],[38.393084,60.535475],[38.382977,60.536815],[38.371336,60.53054],[38.359336,60.529802],[38.347019,60.521068],[38.351757,60.513384],[38.340133,60.495864],[38.349237,60.484862],[38.357975,60.483989],[38.387454,60.465935],[38.432277,60.462113],[38.443799,60.465839],[38.434198,60.342656],[38.455812,60.328718],[38.478333,60.332105],[38.496779,60.328119],[38.502009,60.323815],[38.498893,60.321414],[38.501275,60.316485],[38.492024,60.3096],[38.504089,60.3096],[38.506361,60.305378],[38.468519,60.301356],[38.434613,60.304551],[38.428789,60.300223],[38.375538,60.303624],[38.39572,60.290365],[38.429034,60.255367],[38.413,60.253028],[38.394403,60.260164],[38.379833,60.257742],[38.389844,60.247232],[38.367309,60.248907],[38.329271,60.223236],[38.311584,60.222627],[38.310871,60.20284],[38.276834,60.203262],[38.279335,60.200834],[38.274352,60.197976],[38.276068,60.182922],[38.230287,60.182204],[38.236292,60.173776],[38.165895,60.172593],[38.166505,60.152462],[38.128528,60.152695],[38.131036,60.132017],[38.00025,60.131365],[37.993963,60.118646],[38.019038,60.078588],[38.04152,60.082323],[38.055832,60.069879],[38.069785,60.072877],[38.089077,60.062999],[38.089452,60.053195],[38.084301,60.047452],[38.091567,60.041514],[38.0852,60.037475],[38.108883,60.031794],[38.106918,60.004416],[38.113991,59.998768],[38.116912,59.987216],[38.11158,59.967674],[38.097632,59.957683],[38.099227,59.954944],[38.090499,59.944737],[38.083622,59.944567],[38.072726,59.968159],[38.068495,59.966553],[38.072051,59.959508],[38.066603,59.953863],[38.072127,59.949885],[38.067208,59.948975],[38.067572,59.941029],[38.070689,59.934421],[38.077114,59.932004],[38.052184,59.924547],[38.054755,59.898519],[38.04974,59.89721],[38.064248,59.889356],[38.058031,59.886286],[38.068467,59.881283],[38.063418,59.873709],[38.080953,59.859714],[38.077021,59.846968],[38.064646,59.841191],[38.077174,59.820785],[38.072083,59.816825],[38.046884,59.815096],[38.043216,59.811102],[38.04909,59.804552],[38.032441,59.802002],[37.97901,59.759122]]]}},{"type":"Feature","id":"115106-244","properties":{"id":"115106-244","name":"Никольский муниципальный округ","name_ru":"Никольский муниципальный округ","subject_id":"115106","subject_name":"Вологодская область","source_gid":244,"source_fid":304,"names_rosstat":"Никольский муниципальный округ","population":18390,"area_km2":7423.856694381243,"density_km2":2.477149109561678,"source":"Актуализированный объединённый GeoJSON, предоставленный преподавателем","name_en":"Nikol'skii Municipal Okrug","name_zh":"Nikol'skii市政专区","subject_name_en":"Vologda Oblast","subject_name_zh":"沃洛格达州"},"geometry":{"type":"Polygon","coordinates":[[[44.190221,59.17012],[44.215437,59.172803],[44.265267,59.170001],[44.273557,59.173997],[44.286491,59.173273],[44.293631,59.16983],[44.294623,59.151471],[44.333456,59.149681],[44.331382,59.141296],[44.352629,59.132541],[44.384484,59.152298],[44.39994,59.153033],[44.40025,59.158691],[44.587632,59.151573],[45.039644,59.121812],[45.056263,59.198298],[45.333896,59.183884],[45.340468,59.216042],[45.570329,59.201016],[45.573185,59.192411],[45.578705,59.191145],[45.579906,59.17945],[45.605968,59.177136],[45.609981,59.197834],[45.693487,59.191672],[45.692159,59.199331],[45.720052,59.190537],[45.979028,59.171649],[46.020292,59.323947],[46.163072,59.313612],[46.165765,59.353715],[46.368871,59.342484],[46.406308,59.496395],[46.372459,59.50016],[46.408911,59.618645],[46.308305,59.621296],[46.317995,59.661589],[46.189749,59.663306],[45.762399,59.689556],[45.75716,59.702784],[45.657314,59.712497],[45.585079,59.71494],[45.541474,59.735369],[45.497429,59.73426],[45.489061,59.741363],[45.470528,59.73756],[45.489501,59.757561],[45.473204,59.759779],[45.443694,59.742916],[45.419028,59.744692],[45.403365,59.763412],[45.394363,59.781732],[45.419909,59.78949],[45.434444,59.784836],[45.441491,59.789933],[45.436206,59.79636],[45.421231,59.796138],[45.411981,59.803228],[45.36265,59.806773],[45.341068,59.823825],[45.317284,59.818954],[45.319486,59.828695],[45.295082,59.836585],[45.293904,59.843237],[45.309355,59.847285],[45.347675,59.841089],[45.354722,59.850603],[45.356484,59.890841],[45.277643,59.911825],[45.222586,59.912267],[45.230955,59.92463],[45.098346,59.957733],[45.109904,59.987448],[45.117876,60.024002],[44.854486,60.041649],[44.844841,60.001787],[44.823919,59.994629],[44.837133,59.979483],[44.780618,59.936238],[44.761155,59.929588],[44.747941,59.905302],[44.755098,59.896743],[44.780853,59.898338],[44.790335,59.853913],[44.823919,59.831786],[44.809054,59.820994],[44.795273,59.803809],[44.789654,59.802476],[44.786102,59.791778],[44.771065,59.787211],[44.739683,59.796075],[44.728121,59.791366],[44.710502,59.795244],[44.704997,59.800229],[44.68848,59.793859],[44.679671,59.784994],[44.679671,59.77086],[44.658199,59.763375],[44.642783,59.766979],[44.63012,59.743685],[44.62076,59.739801],[44.594883,59.756166],[44.573411,59.750342],[44.590479,59.745627],[44.593232,59.736749],[44.566254,59.737304],[44.569007,59.741743],[44.563501,59.74951],[44.534872,59.750065],[44.531568,59.74313],[44.493028,59.744794],[44.486422,59.722872],[44.503489,59.714821],[44.501287,59.709268],[44.492478,59.710656],[44.490276,59.702047],[44.479264,59.69538],[44.480916,59.675371],[44.50404,59.674537],[44.505691,59.663138],[44.493028,59.640606],[44.477612,59.59661],[44.466617,59.524612],[44.434654,59.515102],[44.425548,59.495745],[44.423683,59.476895],[44.437455,59.464877],[44.415398,59.449729],[44.398331,59.37689],[44.267846,59.384742],[44.262891,59.360339],[44.279959,59.363145],[44.293172,59.36062],[44.30033,59.342096],[44.283813,59.3362],[44.265644,59.342938],[44.22325,59.238345],[44.216644,59.238908],[44.197831,59.208372],[44.19752,59.188689],[44.190221,59.17012]]]}},{"type":"Feature","id":"115106-1022","properties":{"id":"115106-1022","name":"городской округ Вологда","name_ru":"городской округ Вологда","subject_id":"115106","subject_name":"Вологодская область","source_gid":1022,"source_fid":1127,"names_rosstat":"Городской округ город Вологда","population":317822,"area_km2":116.669440713756,"density_km2":2724.1237984483364,"source":"Актуализированный объединённый GeoJSON, предоставленный преподавателем","name_en":"Vologda Urban Okrug","name_zh":"Vologda城市辖区","subject_name_en":"Vologda Oblast","subject_name_zh":"沃洛格达州"},"geometry":{"type":"MultiPolygon","coordinates":[[[[39.660373,59.291818],[39.663626,59.283533],[39.670248,59.28554],[39.671265,59.282267],[39.688479,59.280692],[39.69955,59.284233],[39.689404,59.28747],[39.683296,59.296315],[39.67875,59.293713],[39.669945,59.299369],[39.667083,59.293542],[39.660373,59.291818]]],[[[39.733255,59.230397],[39.739849,59.223197],[39.759586,59.22257],[39.762011,59.216619],[39.786344,59.222713],[39.790099,59.214257],[39.7934,59.214415],[39.787875,59.199417],[39.775486,59.196318],[39.778597,59.186948],[39.76714,59.186368],[39.764539,59.182353],[39.793639,59.181227],[39.815097,59.186812],[39.824045,59.184514],[39.81971,59.182569],[39.827864,59.176852],[39.854143,59.18638],[39.908588,59.170487],[39.907451,59.174873],[39.919719,59.18405],[39.942762,59.175033],[39.961629,59.180547],[39.998128,59.16892],[40.004117,59.171431],[39.974806,59.180645],[39.972031,59.186944],[39.998896,59.197182],[40.005511,59.215175],[40.001136,59.217444],[40.008684,59.221794],[40.008069,59.22931],[40.02283,59.233077],[40.023017,59.236463],[40.001262,59.240252],[40.001289,59.243426],[39.964228,59.243086],[39.960666,59.251402],[39.963198,59.256514],[40.002629,59.262942],[39.968684,59.285022],[39.954786,59.265968],[39.938736,59.258993],[39.930976,59.259015],[39.915218,59.273249],[39.910283,59.271561],[39.909039,59.26599],[39.901404,59.266759],[39.904652,59.275476],[39.887777,59.274074],[39.870097,59.271138],[39.868317,59.26465],[39.876035,59.264741],[39.874583,59.261938],[39.85893,59.25446],[39.838749,59.257035],[39.823896,59.254447],[39.827654,59.246136],[39.823555,59.242882],[39.782133,59.239127],[39.773196,59.233616],[39.742434,59.237282],[39.733255,59.230397]]]]}},{"type":"Feature","id":"115106-1222","properties":{"id":"115106-1222","name":"Нюксенский муниципальный округ","name_ru":"Нюксенский муниципальный округ","subject_id":"115106","subject_name":"Вологодская область","source_gid":1222,"source_fid":1331,"names_rosstat":"Нюксенский муниципальный округ","population":8316,"area_km2":5190.428819131565,"density_km2":1.602179760051384,"source":"Актуализированный объединённый GeoJSON, предоставленный преподавателем","name_en":"Niuksenskii Municipal Okrug","name_zh":"Niuksenskii市政专区","subject_name_en":"Vologda Oblast","subject_name_zh":"沃洛格达州"},"geometry":{"type":"Polygon","coordinates":[[[43.712022,60.160539],[43.75988,60.142614],[43.753029,60.109312],[43.906143,60.105719],[43.909336,60.132321],[43.945601,60.132559],[43.944834,60.121049],[44.011702,60.118503],[44.013123,60.103895],[44.06163,60.095691],[44.07152,60.13734],[44.150576,60.131733],[44.134152,60.113896],[44.151684,60.109354],[44.165593,60.089667],[44.172389,60.064781],[44.213797,60.03406],[44.33628,59.988412],[44.340048,59.992548],[44.337117,60.011949],[44.353008,60.017221],[44.363136,60.027599],[44.378932,60.033721],[44.585571,60.059602],[44.589901,60.064284],[44.626657,60.06216],[44.625006,60.067796],[44.652454,60.071151],[44.670278,60.0853],[44.727754,60.085205],[44.767599,60.099615],[44.800947,60.176556],[44.850874,60.249411],[44.89553,60.268135],[44.929043,60.272422],[45.009444,60.317078],[45.004651,60.323337],[44.984116,60.32961],[44.987274,60.344901],[44.974277,60.356645],[44.990206,60.373881],[45.095645,60.408223],[45.129824,60.441356],[45.159018,60.549225],[45.128822,60.556607],[45.137826,60.562218],[45.137992,60.570519],[45.154566,60.577218],[45.133252,60.587292],[45.135022,60.595895],[45.156905,60.596693],[45.155315,60.619317],[45.173351,60.627873],[45.246845,60.89212],[44.465626,60.941653],[44.424234,60.799438],[44.428947,60.789561],[44.185249,60.805354],[44.150743,60.781461],[44.15869,60.771987],[44.155871,60.767685],[44.1379,60.761662],[44.136139,60.758048],[44.141424,60.749784],[44.126977,60.747374],[44.124863,60.743586],[44.140367,60.732218],[44.118591,60.722992],[44.102663,60.668172],[44.112126,60.626646],[44.050003,60.594819],[44.037829,60.528471],[43.989055,60.480965],[43.981521,60.441701],[43.998006,60.421104],[44.041887,60.404717],[43.992502,60.35825],[43.995841,60.343951],[43.981451,60.328576],[44.019623,60.32259],[44.049963,60.299944],[44.023832,60.291836],[44.022115,60.282136],[43.986582,60.252594],[43.964781,60.251012],[43.946779,60.24461],[43.940336,60.23464],[43.924269,60.225838],[43.919462,60.215863],[43.906072,60.206397],[43.867449,60.196041],[43.841619,60.200733],[43.788134,60.181931],[43.747334,60.175793],[43.713099,60.164378],[43.712022,60.160539]]]}},{"type":"Feature","id":"115106-1233","properties":{"id":"115106-1233","name":"Кичменгско-Городецкий муниципальный округ","name_ru":"Кичменгско-Городецкий муниципальный округ","subject_id":"115106","subject_name":"Вологодская область","source_gid":1233,"source_fid":1342,"names_rosstat":"Кичменгско-Городецкий муниципальный округ","population":14079,"area_km2":7120.079428026458,"density_km2":1.9773655817070588,"source":"Актуализированный объединённый GeoJSON, предоставленный преподавателем","name_en":"Kichmengsko-Gorodetskii Municipal Okrug","name_zh":"Kichmengsko-Gorodetskii市政专区","subject_name_en":"Vologda Oblast","subject_name_zh":"沃洛格达州"},"geometry":{"type":"Polygon","coordinates":[[[44.625006,60.067796],[44.626657,60.06216],[44.854486,60.041649],[45.117876,60.024002],[45.109904,59.987448],[45.098346,59.957733],[45.230955,59.92463],[45.222586,59.912267],[45.277643,59.911825],[45.356484,59.890841],[45.354722,59.850603],[45.347675,59.841089],[45.309355,59.847285],[45.293904,59.843237],[45.295082,59.836585],[45.319486,59.828695],[45.317284,59.818954],[45.341068,59.823825],[45.36265,59.806773],[45.411981,59.803228],[45.421231,59.796138],[45.436206,59.79636],[45.441491,59.789933],[45.434444,59.784836],[45.419909,59.78949],[45.394363,59.781732],[45.403365,59.763412],[45.419028,59.744692],[45.443694,59.742916],[45.473204,59.759779],[45.489501,59.757561],[45.470528,59.73756],[45.489061,59.741363],[45.497429,59.73426],[45.541474,59.735369],[45.585079,59.71494],[45.657314,59.712497],[45.75716,59.702784],[45.762399,59.689556],[46.189749,59.663306],[46.317995,59.661589],[46.308305,59.621296],[46.408911,59.618645],[46.702943,59.598144],[46.69946,59.592032],[46.709525,59.590647],[46.718552,59.598273],[46.78983,59.593086],[46.79716,59.623604],[47.117822,59.598969],[47.138288,59.663505],[47.152878,59.752233],[46.922349,59.765497],[47.034772,60.126381],[46.920587,60.123228],[46.914949,60.111867],[46.908232,60.114935],[46.883355,60.101087],[46.893059,60.077371],[46.89082,60.075795],[46.823569,60.068912],[46.835014,60.054234],[46.83236,60.053405],[46.778625,60.057675],[46.784099,60.052534],[46.778419,60.049092],[46.782772,60.046149],[46.778834,60.041049],[46.774936,60.044366],[46.769671,60.043619],[46.769422,60.040178],[46.763576,60.045319],[46.752381,60.045319],[46.76088,60.061987],[46.741309,60.068372],[46.741227,60.063147],[46.679697,60.07177],[46.6758,60.06099],[46.664522,60.061902],[46.666843,60.077658],[46.651502,60.084665],[46.627248,60.071438],[46.624512,60.061943],[46.598308,60.064513],[46.590679,60.069572],[46.586946,60.081098],[46.551455,60.081512],[46.547889,60.088726],[46.525002,60.092623],[46.518783,60.090384],[46.506592,60.095028],[46.497885,60.106305],[46.443238,60.111694],[46.419605,60.107548],[46.413883,60.101992],[46.399289,60.101328],[46.393733,60.109206],[46.352685,60.110449],[46.352934,60.116834],[46.378059,60.12861],[46.377976,60.132092],[46.353181,60.147018],[46.360146,60.155808],[46.358653,60.161281],[46.326561,60.166173],[46.32996,60.178031],[46.336097,60.176953],[46.329711,60.18906],[46.3453,60.192709],[46.340821,60.207303],[46.3283,60.210537],[46.329626,60.214766],[46.290486,60.21717],[46.294466,60.228282],[46.264862,60.229691],[46.263784,60.237154],[46.277451,60.248947],[46.191666,60.297347],[45.806979,60.361928],[45.620909,60.316809],[45.602053,60.283965],[45.396311,60.29503],[45.37787,60.298216],[45.312411,60.336392],[45.282329,60.408371],[45.267401,60.411975],[45.22208,60.444162],[45.129824,60.441356],[45.095645,60.408223],[44.990206,60.373881],[44.974277,60.356645],[44.987274,60.344901],[44.984116,60.32961],[45.004651,60.323337],[45.009444,60.317078],[44.929043,60.272422],[44.89553,60.268135],[44.850874,60.249411],[44.800947,60.176556],[44.767599,60.099615],[44.727754,60.085205],[44.670278,60.0853],[44.652454,60.071151],[44.625006,60.067796]]]}},{"type":"Feature","id":"115106-1236","properties":{"id":"115106-1236","name":"Тотемский муниципальный округ","name_ru":"Тотемский муниципальный округ","subject_id":"115106","subject_name":"Вологодская область","source_gid":1236,"source_fid":1345,"names_rosstat":"Тотемский муниципальный округ","population":21802,"area_km2":8231.297531061731,"density_km2":2.6486711138465946,"source":"Актуализированный объединённый GeoJSON, предоставленный преподавателем","name_en":"Totemskii Municipal Okrug","name_zh":"Totemskii市政专区","subject_name_en":"Vologda Oblast","subject_name_zh":"沃洛格达州"},"geometry":{"type":"Polygon","coordinates":[[[41.736565,59.672213],[41.781477,59.67507],[41.781433,59.668566],[41.826232,59.663332],[41.82458,59.653622],[41.816347,59.652778],[41.812777,59.642323],[41.823863,59.643227],[41.840345,59.636538],[41.881986,59.639865],[41.910175,59.648769],[41.938012,59.646276],[41.938364,59.620981],[41.98244,59.603028],[41.982203,59.598236],[42.003835,59.607568],[42.024601,59.600734],[41.991552,59.592636],[41.992618,59.584288],[42.004597,59.583777],[42.017232,59.574689],[42.171961,59.570444],[42.172686,59.481164],[42.138506,59.481521],[42.127231,59.446432],[42.124956,59.411216],[42.216254,59.408483],[42.202767,59.327548],[42.231835,59.300691],[42.272523,59.291805],[42.271467,59.280815],[42.289094,59.276239],[42.29075,59.269509],[42.279223,59.261538],[42.306128,59.261643],[42.314178,59.257504],[42.312121,59.271917],[42.338712,59.284418],[42.348388,59.304629],[42.507236,59.319136],[42.512545,59.321258],[42.507684,59.338405],[42.549887,59.336868],[42.523102,59.331103],[42.536061,59.321994],[42.559258,59.320187],[42.557065,59.313456],[42.567289,59.315537],[42.573804,59.329918],[42.610205,59.331865],[42.636381,59.328185],[42.673475,59.315141],[42.65278,59.300512],[42.673167,59.298031],[42.683234,59.273741],[42.654928,59.264309],[42.692399,59.223503],[42.711966,59.229724],[42.757316,59.21692],[42.764528,59.209233],[42.764739,59.197224],[42.799691,59.170034],[42.81041,59.169917],[42.806535,59.172982],[42.823221,59.185086],[42.864552,59.177565],[42.858727,59.166718],[42.866532,59.161173],[42.872141,59.166712],[42.885856,59.166217],[42.887461,59.169993],[42.878378,59.174397],[42.901404,59.182414],[42.940564,59.368218],[43.087818,59.360194],[43.094308,59.397733],[43.170552,59.392953],[43.182126,59.430757],[43.252398,59.426195],[43.26319,59.464142],[43.269713,59.464243],[43.232059,59.492602],[43.24554,59.500932],[43.245964,59.508197],[43.242469,59.524974],[43.229938,59.537053],[43.236866,59.557462],[43.242874,59.563028],[43.26107,59.562419],[43.256435,59.575548],[43.241879,59.568468],[42.996672,59.57095],[42.996139,59.598098],[42.980724,59.608406],[42.957049,59.633743],[42.920712,59.676578],[42.915757,59.690196],[42.911903,59.774004],[42.939982,59.790629],[42.919611,59.803647],[42.935577,59.807524],[42.921813,59.820258],[42.895936,59.8269],[42.890981,59.836307],[42.870012,59.834916],[42.871853,59.852491],[42.857947,59.858431],[42.869057,59.943309],[42.987298,59.939157],[42.989953,59.9579],[43.012646,59.958521],[43.029799,59.968335],[43.02805,59.97425],[43.052297,59.974196],[43.072365,59.983464],[43.073499,59.988692],[43.039634,60.004051],[43.040185,60.017697],[43.122219,60.030221],[43.13268,60.022244],[43.184984,60.021419],[43.208108,60.009312],[43.222423,60.015366],[43.377199,60.002189],[43.373404,59.98409],[43.448763,59.979464],[43.442222,59.949761],[43.51881,59.94738],[43.52151,59.961388],[43.616453,59.955234],[43.641955,59.973791],[43.626539,59.98178],[43.636449,59.989767],[43.619932,59.996375],[43.637,60.014541],[43.650764,60.04287],[43.688203,60.042595],[43.693708,60.072549],[43.708574,60.072549],[43.720686,60.079141],[43.753029,60.109312],[43.75988,60.142614],[43.712022,60.160539],[43.713099,60.164378],[43.68411,60.169919],[43.68304,60.179695],[43.615465,60.179844],[43.606863,60.190277],[43.569213,60.182649],[43.563847,60.205943],[43.547158,60.209034],[43.556558,60.218306],[43.53051,60.24485],[43.495062,60.237606],[43.531873,60.206408],[43.51722,60.199458],[43.504101,60.156205],[43.484285,60.156101],[43.458639,60.166327],[43.4675,60.183911],[43.414013,60.19048],[43.382087,60.225752],[43.36963,60.256265],[43.401435,60.277485],[43.407612,60.298344],[43.292941,60.312322],[43.245706,60.322738],[43.235842,60.34785],[43.051196,60.357034],[43.031926,60.260988],[43.014308,60.275186],[42.997241,60.299473],[42.960903,60.294836],[42.955948,60.28474],[42.955948,60.273548],[42.965858,60.255525],[42.994694,60.237153],[43.026298,60.232734],[43.023729,60.220754],[42.717838,60.236196],[42.742745,60.352034],[42.566406,60.361234],[42.540462,60.368732],[42.479174,60.370075],[42.447668,60.374885],[42.445211,60.344086],[42.419086,60.348227],[42.422169,60.341471],[42.401027,60.340817],[42.381746,60.345176],[42.34509,60.331444],[42.22925,60.345612],[42.175515,60.37959],[42.159218,60.379808],[42.089627,60.395043],[42.086543,60.400917],[42.071568,60.400482],[42.072889,60.384379],[42.007262,60.383291],[41.990084,60.387644],[41.994929,60.366743],[41.944277,60.370881],[41.930623,60.385685],[41.916638,60.383563],[41.931504,60.3656],[41.923796,60.358521],[41.878649,60.35253],[41.878099,60.343814],[41.870469,60.331017],[41.886326,60.330363],[41.892052,60.323604],[41.87091,60.317061],[41.875314,60.310299],[41.891611,60.310081],[41.892052,60.303972],[41.903503,60.292187],[41.963405,60.293933],[42.011855,60.277559],[42.032116,60.286948],[42.058543,60.2828],[42.051496,60.271662],[42.052817,60.261614],[42.021545,60.255495],[41.991594,60.241507],[41.932133,60.197754],[41.926407,60.188121],[41.826864,60.162929],[41.815853,60.126751],[41.780617,60.12697],[41.77445,60.116658],[41.78414,60.108537],[41.825103,60.108098],[41.818496,60.091411],[41.777534,60.100195],[41.765201,60.08614],[41.812329,60.068343],[41.87083,60.063493],[41.868579,60.053008],[41.873773,60.04967],[41.870231,60.033959],[41.862963,60.033968],[41.841898,59.928342],[41.824606,59.929437],[41.824003,59.917595],[41.803194,59.922784],[41.796416,59.888873],[41.802729,59.886554],[41.80437,59.878481],[41.827847,59.866915],[41.820178,59.859626],[41.78767,59.863295],[41.802863,59.850909],[41.806004,59.843218],[41.797456,59.828607],[41.765651,59.819694],[41.778855,59.807549],[41.787994,59.787261],[41.772545,59.777945],[41.747628,59.777874],[41.736565,59.672213]]]}},{"type":"Feature","id":"115106-1237","properties":{"id":"115106-1237","name":"Вологодский муниципальный округ","name_ru":"Вологодский муниципальный округ","subject_id":"115106","subject_name":"Вологодская область","source_gid":1237,"source_fid":1346,"names_rosstat":"Вологодский муниципальный округ","population":51950,"area_km2":4813.617128137941,"density_km2":10.79229997257715,"source":"Актуализированный объединённый GeoJSON, предоставленный преподавателем","name_en":"Vologodskii Municipal Okrug","name_zh":"Vologodskii市政专区","subject_name_en":"Vologda Oblast","subject_name_zh":"沃洛格达州"},"geometry":{"type":"Polygon","coordinates":[[[38.770107,59.363474],[38.77699,59.367535],[38.77959,59.382896],[38.794899,59.392786],[38.804158,59.393365],[38.804222,59.399408],[38.816112,59.401111],[38.835311,59.393734],[38.832523,59.384796],[38.83754,59.377845],[38.852337,59.383773],[38.869986,59.380303],[38.888246,59.384192],[38.887463,59.391073],[38.870882,59.390816],[38.865466,59.399243],[38.871179,59.402021],[38.870946,59.416017],[38.843413,59.420634],[38.840247,59.428682],[38.865056,59.427312],[38.864777,59.457546],[38.89309,59.451897],[38.90461,59.465961],[38.899641,59.477519],[38.905786,59.491322],[38.882033,59.499054],[38.877023,59.54367],[38.920188,59.555932],[38.945011,59.551416],[38.98741,59.596561],[38.968773,59.621279],[38.966233,59.643773],[38.945567,59.644446],[38.944402,59.65164],[38.904767,59.65479],[38.910478,59.685002],[38.89345,59.691312],[38.903079,59.713067],[38.945745,59.711922],[38.951884,59.727819],[38.94131,59.733147],[38.953222,59.756797],[38.909633,59.775808],[38.874528,59.781362],[38.874479,59.790437],[38.896153,59.797993],[38.918993,59.816921],[38.955091,59.811895],[38.960917,59.842796],[39.010207,59.844351],[39.06674,59.859603],[39.25819,59.726591],[39.527308,59.628972],[39.575758,59.601347],[39.688073,59.520122],[39.760304,59.482671],[39.755022,59.47362],[39.825059,59.469032],[39.812869,59.422833],[39.855395,59.421396],[39.842797,59.412691],[39.866097,59.400296],[39.863694,59.395927],[39.889432,59.392979],[39.922171,59.399189],[39.954988,59.398814],[40.010554,59.371816],[40.016211,59.374514],[40.02458,59.371897],[40.020975,59.363365],[40.030302,59.35394],[40.084607,59.349239],[40.106504,59.356582],[40.089706,59.374115],[40.107488,59.376635],[40.130994,59.372859],[40.130857,59.382287],[40.179002,59.383871],[40.216618,59.391638],[40.229399,59.390036],[40.251383,59.376332],[40.266318,59.373971],[40.268879,59.371371],[40.264261,59.363022],[40.249456,59.355189],[40.262131,59.347296],[40.241369,59.341853],[40.252166,59.333639],[40.224467,59.336973],[40.232363,59.325841],[40.245815,59.325887],[40.228215,59.316198],[40.246457,59.31106],[40.22387,59.31048],[40.239941,59.299783],[40.229127,59.298232],[40.217287,59.301944],[40.216668,59.297524],[40.222351,59.296079],[40.221445,59.283019],[40.232109,59.283775],[40.217749,59.279081],[40.232044,59.275651],[40.240616,59.266262],[40.221154,59.26889],[40.218715,59.266706],[40.226249,59.262239],[40.20739,59.257413],[40.201643,59.258746],[40.203599,59.265682],[40.199374,59.266644],[40.18532,59.262757],[40.180562,59.255882],[40.19017,59.252521],[40.202301,59.234614],[40.223232,59.229883],[40.251892,59.212801],[40.242834,59.203484],[40.265573,59.213458],[40.277439,59.209657],[40.28056,59.201269],[40.294491,59.204768],[40.31158,59.19275],[40.29853,59.186994],[40.300066,59.177962],[40.312663,59.173796],[40.31338,59.169114],[40.302155,59.15758],[40.320565,59.15105],[40.307792,59.141563],[40.278849,59.152818],[40.274394,59.132783],[40.314185,59.123407],[40.292527,59.119615],[40.280647,59.101449],[40.260223,59.095838],[40.226748,59.096124],[40.222784,59.088431],[40.224546,59.077343],[40.212091,59.065762],[40.197595,59.066177],[40.196798,59.060229],[40.209387,59.052844],[40.21457,59.039474],[40.190037,59.044658],[40.183734,59.036064],[40.140993,59.031457],[40.127983,59.033579],[40.12086,59.031184],[40.121209,59.027234],[40.085935,59.023665],[40.082395,59.017812],[40.079365,59.020596],[40.068188,59.018307],[40.062164,59.023852],[40.050184,59.017483],[40.032102,59.017869],[40.034678,59.02083],[40.031627,59.021435],[40.013323,59.014516],[40.0004,59.022139],[39.990882,59.018858],[39.977811,59.030141],[39.978249,59.036065],[39.985728,59.035852],[39.986839,59.041759],[39.966074,59.055803],[39.971073,59.058101],[39.966459,59.064787],[39.957533,59.059966],[39.952089,59.063702],[39.940528,59.056436],[39.923955,59.033317],[39.891769,59.041016],[39.881188,59.03729],[39.867234,59.039554],[39.83141,59.018895],[39.824654,59.024854],[39.799068,59.012185],[39.767769,59.005642],[39.761696,59.00047],[39.752771,59.001841],[39.718477,58.993815],[39.720199,59.004803],[39.697801,59.011757],[39.691665,59.00501],[39.677217,59.005401],[39.678349,58.998632],[39.666736,58.998198],[39.643772,58.987657],[39.621049,58.998362],[39.604082,58.99372],[39.600928,58.992471],[39.608945,58.988992],[39.61399,58.975789],[39.574256,58.963222],[39.57388,58.956887],[39.58168,58.948365],[39.619961,58.945625],[39.625926,58.931365],[39.625158,58.923136],[39.63025,58.918809],[39.610436,58.910288],[39.604377,58.900614],[39.59949,58.902208],[39.587408,58.888026],[39.582445,58.889806],[39.570994,58.881077],[39.571404,58.875857],[39.483018,58.88263],[39.457569,58.874334],[39.453009,58.888428],[39.457595,58.888816],[39.457028,58.89323],[39.442532,58.899147],[39.435675,58.897082],[39.428523,58.905234],[39.425962,58.904502],[39.430661,58.895992],[39.414611,58.896427],[39.377833,58.883279],[39.374329,58.886303],[39.377002,58.890885],[39.363122,58.897599],[39.37225,58.904691],[39.370751,58.911081],[39.351998,58.912594],[39.349672,58.914351],[39.353481,58.91716],[39.349245,58.918747],[39.343762,58.91537],[39.329324,58.91709],[39.331473,58.919461],[39.32772,58.92141],[39.334266,58.926163],[39.290723,58.924279],[39.261188,58.918024],[39.258785,58.913076],[39.267398,58.905783],[39.258289,58.89928],[39.244836,58.898895],[39.24252,58.894933],[39.235101,58.906457],[39.234881,58.915334],[39.22535,58.921352],[39.216682,58.921571],[39.210407,58.926676],[39.175345,58.930193],[39.13827,58.943824],[39.152584,58.955405],[39.180461,58.953395],[39.195831,58.964124],[39.182343,58.971733],[39.181333,58.976667],[39.204803,58.976214],[39.212783,58.981298],[39.205527,58.984801],[39.206976,58.990587],[39.196247,58.99551],[39.205527,59.000663],[39.231772,58.997168],[39.233109,59.00961],[39.221828,59.010177],[39.221954,59.01559],[39.245446,59.020911],[39.258092,59.030874],[39.234443,59.031802],[39.232282,59.037635],[39.251625,59.041883],[39.244446,59.046888],[39.263641,59.061524],[39.210222,59.076502],[39.203899,59.063475],[39.174891,59.062283],[39.178316,59.072795],[39.161344,59.07109],[39.159241,59.060182],[39.13714,59.064364],[39.138964,59.094344],[39.155283,59.106493],[39.149251,59.108596],[39.152836,59.1154],[39.13772,59.123375],[39.135687,59.129725],[39.127701,59.128538],[39.127816,59.13241],[39.122699,59.132433],[39.118184,59.129772],[39.104418,59.137584],[39.113988,59.144763],[39.113083,59.149291],[39.107534,59.150542],[39.107434,59.156799],[39.116897,59.158963],[39.101602,59.168077],[39.093392,59.166964],[39.083899,59.175379],[39.095719,59.179474],[39.089115,59.191761],[39.07192,59.19615],[39.078784,59.204225],[39.10798,59.197145],[39.110489,59.202909],[39.120393,59.202027],[39.121176,59.215371],[39.082845,59.218063],[39.085478,59.229067],[39.04804,59.230513],[39.04907,59.219621],[39.024413,59.210003],[38.998055,59.191837],[38.968618,59.191364],[38.944134,59.203138],[38.898591,59.205258],[38.888924,59.212693],[38.883401,59.231671],[38.85451,59.262719],[38.809405,59.294864],[38.790062,59.327118],[38.78136,59.354339],[38.769382,59.356643],[38.770107,59.363474]],[[39.66227,59.285614],[39.688479,59.280692],[39.69955,59.284233],[39.689404,59.28747],[39.683296,59.296315],[39.67875,59.293713],[39.669945,59.299369],[39.667083,59.293542],[39.660373,59.291818],[39.66227,59.285614]],[[39.733514,59.229606],[39.739849,59.223197],[39.759586,59.22257],[39.762483,59.216553],[39.786344,59.222713],[39.790099,59.214257],[39.7934,59.214415],[39.787875,59.199417],[39.775486,59.196318],[39.778597,59.186948],[39.76714,59.186368],[39.764539,59.182353],[39.793639,59.181227],[39.815097,59.186812],[39.824045,59.184514],[39.81971,59.182569],[39.827864,59.176852],[39.854143,59.18638],[39.908588,59.170487],[39.907451,59.174873],[39.919719,59.18405],[39.942762,59.175033],[39.961629,59.180547],[39.998128,59.16892],[40.004117,59.171431],[39.974806,59.180645],[39.972031,59.186944],[39.998896,59.197182],[40.005511,59.215175],[40.001136,59.217444],[40.008684,59.221794],[40.008069,59.22931],[40.02283,59.233077],[40.023017,59.236463],[40.001262,59.240252],[40.001289,59.243426],[39.964228,59.243086],[39.960666,59.251402],[39.963198,59.256514],[40.002629,59.262942],[39.968684,59.285022],[39.954786,59.265968],[39.938736,59.258993],[39.930976,59.259015],[39.915218,59.273249],[39.910283,59.271561],[39.909039,59.26599],[39.901404,59.266759],[39.904652,59.275476],[39.887777,59.274074],[39.870097,59.271138],[39.868317,59.26465],[39.876035,59.264741],[39.874583,59.261938],[39.85893,59.25446],[39.838749,59.257035],[39.823896,59.254447],[39.827654,59.246136],[39.823555,59.242882],[39.782133,59.239127],[39.773196,59.233616],[39.742434,59.237282],[39.733514,59.229606]]]}},{"type":"Feature","id":"115106-1238","properties":{"id":"115106-1238","name":"Верховажский муниципальный округ","name_ru":"Верховажский муниципальный округ","subject_id":"115106","subject_name":"Вологодская область","source_gid":1238,"source_fid":1347,"names_rosstat":"Верховажский муниципальный округ","population":12287,"area_km2":4331.986314416222,"density_km2":2.8363432172236203,"source":"Актуализированный объединённый GeoJSON, предоставленный преподавателем","name_en":"Verkhovazhskii Municipal Okrug","name_zh":"Verkhovazhskii市政专区","subject_name_en":"Vologda Oblast","subject_name_zh":"沃洛格达州"},"geometry":{"type":"Polygon","coordinates":[[[41.342462,60.687545],[41.35982,60.673988],[41.369925,60.641519],[41.361756,60.641735],[41.373862,60.583455],[41.420109,60.543626],[41.4113,60.505699],[41.423633,60.480534],[41.444775,60.459259],[41.445719,60.410798],[41.432442,60.395786],[41.438168,60.378374],[41.468559,60.35725],[41.474061,60.362833],[41.489477,60.360655],[41.497845,60.353466],[41.495643,60.341263],[41.52163,60.337775],[41.551581,60.346057],[41.592543,60.334069],[41.597388,60.316189],[41.591222,60.299389],[41.648481,60.303753],[41.683276,60.299826],[41.698252,60.305935],[41.679753,60.315534],[41.689002,60.340827],[41.694728,60.345621],[41.740535,60.336249],[41.751106,60.341481],[41.750666,60.345621],[41.772248,60.346057],[41.777093,60.341045],[41.778414,60.319024],[41.848887,60.317934],[41.855053,60.331889],[41.870469,60.331017],[41.878099,60.343814],[41.878649,60.35253],[41.923796,60.358521],[41.931504,60.3656],[41.916638,60.383563],[41.930623,60.385685],[41.944277,60.370881],[41.994929,60.366743],[41.990084,60.387644],[42.007262,60.383291],[42.072889,60.384379],[42.071568,60.400482],[42.086543,60.400917],[42.089627,60.395043],[42.159218,60.379808],[42.175515,60.37959],[42.22925,60.345612],[42.34509,60.331444],[42.381746,60.345176],[42.401027,60.340817],[42.422169,60.341471],[42.419086,60.348227],[42.445211,60.344086],[42.447668,60.374885],[42.479174,60.370075],[42.540462,60.368732],[42.566406,60.361234],[42.720652,60.35302],[42.727844,60.365654],[42.746343,60.373276],[42.774866,60.370082],[42.783466,60.383642],[42.605398,60.448309],[42.608481,60.467637],[42.625659,60.46286],[42.669704,60.491944],[42.660455,60.50756],[42.68512,60.518184],[42.912394,60.58012],[42.933929,60.609038],[42.960409,60.608012],[42.973208,60.650163],[42.93244,60.661835],[42.95326,60.702007],[42.943439,60.72285],[42.994979,60.729891],[42.984028,60.760754],[42.966498,60.761531],[42.967793,60.77293],[42.947932,60.774138],[42.950004,60.783896],[42.911922,60.782082],[42.919606,60.814608],[42.908558,60.813499],[42.907077,60.820025],[42.888229,60.823567],[42.890282,60.831653],[42.829275,60.855033],[42.802602,60.85716],[42.800777,60.846389],[42.660699,60.889032],[42.646853,60.880116],[42.631381,60.876433],[42.626666,60.870325],[42.617099,60.870071],[42.614635,60.860542],[42.604886,60.8526],[42.619463,60.843675],[42.59405,60.848358],[42.585158,60.837516],[42.570133,60.838206],[42.566334,60.819468],[42.540171,60.80021],[42.542157,60.792957],[42.536545,60.787344],[42.549585,60.779227],[42.556579,60.781213],[42.549066,60.783113],[42.545611,60.799606],[42.563918,60.79952],[42.562019,60.785272],[42.567546,60.782509],[42.566164,60.778277],[42.570482,60.773183],[42.523075,60.766965],[42.524628,60.781126],[42.519447,60.786653],[42.533349,60.791921],[42.531881,60.795202],[42.537149,60.796411],[42.534299,60.79857],[42.508652,60.797188],[42.497945,60.791575],[42.497643,60.784191],[42.455244,60.785486],[42.429209,60.768388],[42.376092,60.768389],[42.356687,60.774329],[42.327173,60.775093],[42.224724,60.790318],[42.208144,60.784446],[42.173689,60.786259],[42.153136,60.801025],[42.164621,60.806033],[42.166002,60.811301],[42.128811,60.812703],[42.126796,60.839106],[42.135086,60.840919],[42.126623,60.844201],[42.113843,60.841265],[42.111598,60.835738],[42.074035,60.834615],[42.063499,60.839105],[41.983882,60.840054],[41.974728,60.845925],[41.963502,60.841349],[41.956421,60.846961],[41.947354,60.842298],[41.926889,60.84368],[41.93155,60.86829],[41.956679,60.870018],[41.956505,60.884266],[41.94381,60.905249],[41.952876,60.914835],[41.929302,60.916043],[41.923257,60.909739],[41.911932,60.907546],[41.913144,60.903283],[41.907329,60.900375],[41.911507,60.89846],[41.906495,60.897433],[41.886367,60.910431],[41.824642,60.916387],[41.793383,60.902311],[41.820843,60.902657],[41.821189,60.89713],[41.815489,60.899634],[41.796319,60.896266],[41.803487,60.892381],[41.812036,60.894799],[41.818513,60.887459],[41.813073,60.8853],[41.796233,60.893158],[41.785699,60.883054],[41.792953,60.876664],[41.778445,60.882277],[41.763593,60.879341],[41.768515,60.873382],[41.725166,60.870187],[41.732247,60.866214],[41.728535,60.858356],[41.696843,60.857579],[41.651594,60.8663],[41.651161,60.884434],[41.63933,60.889356],[41.626118,60.886678],[41.594599,60.89445],[41.579746,60.890045],[41.570334,60.89324],[41.572579,60.894881],[41.567656,60.898853],[41.509109,60.895225],[41.426039,60.870268],[41.399185,60.855588],[41.383986,60.854033],[41.377683,60.85032],[41.383383,60.838922],[41.424661,60.818025],[41.361197,60.732621],[41.346605,60.708183],[41.342462,60.687545]]]}},{"type":"Feature","id":"115106-1239","properties":{"id":"115106-1239","name":"Вожегодский муниципальный округ","name_ru":"Вожегодский муниципальный округ","subject_id":"115106","subject_name":"Вологодская область","source_gid":1239,"source_fid":1348,"names_rosstat":"Вожегодский муниципальный округ","population":13416,"area_km2":5817.827231032775,"density_km2":2.3060155393473942,"source":"Актуализированный объединённый GeoJSON, предоставленный преподавателем","name_en":"Vozhegodskii Municipal Okrug","name_zh":"Vozhegodskii市政专区","subject_name_en":"Vologda Oblast","subject_name_zh":"沃洛格达州"},"geometry":{"type":"Polygon","coordinates":[[[38.850776,60.278541],[38.858427,60.262013],[38.904591,60.255404],[39.232295,60.256048],[39.243746,60.263914],[39.269733,60.27156],[39.308493,60.269375],[39.310695,60.278767],[39.338444,60.267628],[39.380923,60.266932],[39.393004,60.298366],[39.411359,60.295433],[39.418001,60.297936],[39.420615,60.30281],[39.413293,60.303501],[39.410658,60.309302],[39.439618,60.304035],[39.442889,60.309959],[39.432992,60.315251],[39.452126,60.316741],[39.465488,60.312459],[39.467164,60.316101],[39.477711,60.31715],[39.48073,60.320305],[39.474632,60.329825],[39.4757,60.340579],[39.519267,60.351294],[39.515089,60.369403],[39.55401,60.365692],[39.579751,60.398255],[39.612601,60.399581],[39.629808,60.391398],[39.648494,60.390255],[39.668717,60.382227],[39.655463,60.353627],[39.664702,60.353204],[39.665683,60.345809],[39.699111,60.342817],[39.695234,60.325784],[39.841001,60.314508],[39.821438,60.25559],[39.834042,60.255729],[39.839165,60.26061],[39.857265,60.240983],[39.959517,60.235806],[39.97053,60.243546],[39.979002,60.280045],[39.97767,60.290197],[40.029472,60.291197],[40.038662,60.284721],[40.049845,60.29199],[40.069986,60.289904],[40.087625,60.300172],[40.102001,60.294453],[40.118468,60.299988],[40.137278,60.286754],[40.17799,60.284441],[40.196357,60.276901],[40.207434,60.278588],[40.226348,60.293506],[40.237128,60.294698],[40.243967,60.287805],[40.302331,60.284536],[40.354131,60.30256],[40.396855,60.27418],[40.359413,60.265416],[40.370994,60.254723],[40.322175,60.246657],[40.278238,60.254007],[40.214078,60.255797],[40.194626,60.239064],[40.192502,60.234765],[40.198309,60.230165],[40.186503,60.224083],[40.175519,60.224153],[40.167799,60.217417],[40.21658,60.216763],[40.217899,60.211654],[40.240476,60.2085],[40.247825,60.209155],[40.249348,60.21666],[40.256265,60.215925],[40.261936,60.211834],[40.276083,60.211906],[40.282247,60.197472],[40.399105,60.19059],[40.512809,60.193991],[40.513286,60.204793],[40.526027,60.204744],[40.535939,60.260852],[40.576583,60.26096],[40.580439,60.333339],[40.659834,60.333073],[40.659905,60.315624],[40.649952,60.31357],[40.634173,60.301384],[40.664369,60.297001],[40.674946,60.313249],[40.694633,60.30703],[40.729587,60.304068],[40.75063,60.313877],[40.771966,60.296786],[40.797041,60.298082],[40.844647,60.275893],[40.8472,60.28238],[40.785894,60.320032],[40.805044,60.319421],[40.814111,60.3227],[40.812595,60.327399],[40.826028,60.328564],[40.835743,60.323889],[40.837092,60.327095],[40.86572,60.321305],[40.88402,60.310529],[40.938177,60.338186],[40.962882,60.343002],[40.966302,60.337544],[40.992444,60.337263],[41.000161,60.326216],[40.997883,60.317329],[41.009606,60.32652],[41.027225,60.331316],[41.069068,60.328264],[41.069068,60.316488],[41.102102,60.31387],[41.143945,60.328264],[41.141302,60.335023],[41.155837,60.340908],[41.159361,60.348535],[41.149671,60.355072],[41.115756,60.352021],[41.117958,60.355725],[41.095055,60.365745],[41.145266,60.38164],[41.160242,60.390781],[41.181824,60.387081],[41.1783,60.378157],[41.223227,60.384469],[41.233797,60.380987],[41.241726,60.370536],[41.25582,60.363567],[41.217941,60.349407],[41.476928,60.338728],[41.468559,60.35725],[41.438168,60.378374],[41.43295,60.393879],[41.445719,60.410798],[41.447858,60.422321],[41.444775,60.459259],[41.423633,60.480534],[41.4113,60.505699],[41.420109,60.543626],[41.373862,60.583455],[41.361756,60.641735],[41.349546,60.640742],[41.326921,60.652658],[41.309994,60.668287],[41.270359,60.665696],[41.261206,60.655247],[41.198859,60.653347],[41.197219,60.643848],[41.140831,60.635816],[41.127878,60.640652],[41.093509,60.640306],[41.076152,60.6473],[41.085131,60.666039],[40.895154,60.684256],[40.903529,60.703858],[40.844895,60.709038],[40.839541,60.703425],[40.826243,60.701526],[40.822357,60.707052],[40.803618,60.711888],[40.79835,60.708951],[40.794723,60.710938],[40.801631,60.713787],[40.785138,60.715341],[40.793254,60.734339],[40.779524,60.732784],[40.779437,60.735807],[40.754481,60.738224],[40.771145,60.775442],[40.72106,60.780623],[40.714239,60.76957],[40.693601,60.764474],[40.667091,60.747722],[40.669509,60.743663],[40.650253,60.739345],[40.655866,60.736323],[40.656039,60.728983],[40.590757,60.718965],[40.574868,60.719656],[40.546717,60.73019],[40.533072,60.73563],[40.525991,60.743488],[40.49404,60.751605],[40.490413,60.756959],[40.47815,60.759981],[40.453539,60.777337],[40.428928,60.783295],[40.407167,60.777336],[40.410276,60.770947],[40.401555,60.764988],[40.407773,60.759634],[40.372628,60.749789],[40.353891,60.726042],[40.338002,60.720429],[40.333945,60.6991],[40.310803,60.694782],[40.28248,60.67967],[40.256747,60.682173],[40.251393,60.679324],[40.19319,60.694521],[40.185938,60.671378],[40.048809,60.674312],[40.023767,60.670167],[40.01047,60.652119],[40.01047,60.646765],[39.97282,60.6516],[39.965567,60.649009],[39.885604,60.65393],[39.879644,60.667487],[39.863669,60.672107],[39.865741,60.6769],[39.845491,60.686398],[39.84359,60.690845],[39.816648,60.696587],[39.812459,60.715412],[39.802355,60.716189],[39.804341,60.719902],[39.798642,60.723917],[39.787761,60.724997],[39.785645,60.728667],[39.788581,60.731344],[39.772908,60.733027],[39.760904,60.741058],[39.746397,60.738424],[39.731718,60.728061],[39.711511,60.7275],[39.681418,60.718389],[39.653353,60.725815],[39.655036,60.735659],[39.64545,60.74356],[39.647911,60.749821],[39.645104,60.750209],[39.589063,60.72141],[39.57339,60.723784],[39.52214,60.715796],[39.498825,60.709103],[39.501323,60.707173],[39.494767,60.701893],[39.484751,60.699302],[39.440728,60.699101],[39.418694,60.69161],[39.395032,60.691395],[39.38433,60.697441],[39.374561,60.695609],[39.371007,60.691256],[39.374916,60.686142],[39.335927,60.69087],[39.324934,60.708102],[39.304793,60.710213],[39.287748,60.720845],[39.27577,60.72057],[39.261671,60.710203],[39.234775,60.718864],[39.19359,60.722709],[39.188722,60.711376],[39.159233,60.695326],[39.170339,60.688244],[39.170138,60.68341],[39.18025,60.679521],[39.178321,60.675947],[39.185212,60.657352],[39.197299,60.656399],[39.194547,60.653017],[39.199957,60.648365],[39.119546,60.607695],[39.137165,60.541046],[39.138926,60.496609],[39.125713,60.474694],[39.092238,60.440163],[39.044596,60.400602],[39.016459,60.390604],[39.005962,60.389977],[38.991815,60.397982],[38.96006,60.39451],[38.947769,60.385795],[38.906094,60.379475],[38.886955,60.366754],[38.852521,60.36004],[38.850776,60.278541]]]}},{"type":"Feature","id":"115106-1240","properties":{"id":"115106-1240","name":"Усть-Кубинский муниципальный округ","name_ru":"Усть-Кубинский муниципальный округ","subject_id":"115106","subject_name":"Вологодская область","source_gid":1240,"source_fid":1349,"names_rosstat":"Усть-Кубинский муниципальный округ","population":7154,"area_km2":2570.068166964042,"density_km2":2.78358375546546,"source":"Актуализированный объединённый GeoJSON, предоставленный преподавателем","name_en":"Ust'-Kubinskii Municipal Okrug","name_zh":"Ust'-Kubinskii市政专区","subject_name_en":"Vologda Oblast","subject_name_zh":"沃洛格达州"},"geometry":{"type":"Polygon","coordinates":[[[38.904591,60.255404],[38.973756,60.219958],[38.9971,60.212519],[38.992696,60.189317],[38.935365,60.141713],[38.938466,60.107058],[38.961466,60.088337],[38.96764,60.07043],[39.016586,60.070907],[39.01224,60.042],[39.072354,60.031376],[39.077512,60.004515],[39.04592,60.006234],[39.064125,59.969031],[39.052157,59.963786],[39.027616,59.91903],[39.062907,59.894612],[39.05382,59.876026],[39.06674,59.859603],[39.25819,59.726591],[39.527308,59.628972],[39.575758,59.601347],[39.688073,59.520122],[39.760304,59.482671],[39.79367,59.516164],[39.800601,59.515257],[39.802146,59.509335],[39.824462,59.506025],[39.884028,59.519611],[39.919219,59.514735],[39.917971,59.532926],[39.911168,59.541983],[39.894847,59.546602],[39.853555,59.548555],[39.851903,59.554693],[39.831532,59.567245],[39.834285,59.588433],[39.823274,59.591777],[39.843645,59.617963],[39.860597,59.630148],[39.889342,59.638284],[39.896499,59.648023],[39.882995,59.683332],[39.873925,59.684759],[39.869039,59.693957],[39.859986,59.699577],[39.829602,59.70841],[39.815697,59.723127],[39.852948,59.744065],[39.875951,59.74787],[39.89627,59.757914],[39.901871,59.766891],[39.886937,59.767842],[39.882573,59.771896],[39.90441,59.783248],[39.911313,59.781841],[39.91234,59.774586],[39.920926,59.771558],[39.966284,59.774457],[39.973798,59.780113],[39.964871,59.788579],[39.965558,59.793503],[39.982724,59.808613],[40.000979,59.813362],[39.986211,59.813452],[39.98001,59.820355],[39.958918,59.819579],[39.93544,59.83712],[39.911929,59.83923],[39.905985,59.848097],[39.886023,59.849577],[39.889422,59.862381],[39.8508,59.872425],[39.849542,59.890536],[39.834197,59.891706],[39.808797,59.908355],[39.807298,59.914495],[39.811996,59.923304],[39.807082,59.931114],[39.812856,59.93957],[39.802862,59.962902],[39.788202,59.982613],[39.774271,59.979757],[39.769518,59.966644],[39.672141,59.973918],[39.676549,59.987438],[39.665611,59.998703],[39.669162,60.011193],[39.661682,60.011735],[39.631618,60.008719],[39.623128,60.012655],[39.608902,60.009716],[39.612825,60.005997],[39.608841,60.004479],[39.586653,60.009724],[39.564984,60.009262],[39.563489,59.99957],[39.550705,59.995106],[39.527498,59.99778],[39.529586,60.005349],[39.54189,60.010936],[39.543908,60.026734],[39.539481,60.027987],[39.5435,60.037097],[39.557616,60.032458],[39.566322,60.03358],[39.572298,60.040117],[39.573195,60.050969],[39.551685,60.056632],[39.562473,60.066271],[39.560037,60.06905],[39.577235,60.072237],[39.602668,60.067053],[39.617807,60.069484],[39.614675,60.073912],[39.557035,60.090417],[39.553886,60.09771],[39.519067,60.100982],[39.505923,60.097433],[39.478566,60.104147],[39.471777,60.114188],[39.471941,60.126894],[39.460121,60.130944],[39.464505,60.139983],[39.448785,60.144273],[39.454676,60.154706],[39.451453,60.160313],[39.417305,60.183745],[39.435276,60.190177],[39.406734,60.188443],[39.400636,60.1962],[39.416703,60.201026],[39.421268,60.206142],[39.419938,60.219478],[39.394516,60.222551],[39.394866,60.225406],[39.379658,60.228997],[39.391199,60.243811],[39.373829,60.253918],[39.391751,60.26074],[39.380923,60.266932],[39.338444,60.267628],[39.310695,60.278767],[39.308493,60.269375],[39.269733,60.27156],[39.243746,60.263914],[39.232295,60.256048],[38.904591,60.255404]]]}},{"type":"Feature","id":"115106-1241","properties":{"id":"115106-1241","name":"Белозерский муниципальный округ","name_ru":"Белозерский муниципальный округ","subject_id":"115106","subject_name":"Вологодская область","source_gid":1241,"source_fid":1350,"names_rosstat":"Белозерский муниципальный округ","population":12978,"area_km2":6028.064441115366,"density_km2":2.1529298710679834,"source":"Актуализированный объединённый GeoJSON, предоставленный преподавателем","name_en":"Belozerskii Municipal Okrug","name_zh":"Belozerskii市政专区","subject_name_en":"Vologda Oblast","subject_name_zh":"沃洛格达州"},"geometry":{"type":"Polygon","coordinates":[[[38.052153,59.620875],[37.717902,59.64347],[37.711508,59.646859],[37.642608,59.648094],[37.631901,59.658782],[37.632967,59.675917],[37.611925,59.682805],[37.609623,59.678286],[37.593148,59.684691],[37.572799,59.684641],[37.575955,59.681289],[37.553315,59.675293],[37.550593,59.661536],[37.528354,59.669159],[37.526399,59.661709],[37.502914,59.654784],[37.503689,59.645427],[37.476361,59.639903],[37.465548,59.631157],[37.438582,59.628579],[37.432486,59.634466],[37.410792,59.636822],[37.408334,59.632598],[37.359728,59.61952],[37.340773,59.630256],[37.313516,59.632658],[37.319769,59.648787],[37.293566,59.641942],[37.251388,59.663968],[37.246436,59.662113],[37.244582,59.654373],[36.981531,59.664199],[36.966099,59.651564],[36.939541,59.647415],[36.876534,59.647373],[36.85374,59.657361],[36.843103,59.675349],[36.804912,59.675467],[36.779255,59.687902],[36.777658,59.683798],[36.764852,59.686909],[36.75369,59.678682],[36.745918,59.678566],[36.757946,59.685386],[36.751077,59.686943],[36.751077,59.691319],[36.746528,59.691492],[36.748245,59.694221],[36.728834,59.702759],[36.72318,59.711845],[36.726774,59.719209],[36.720819,59.718933],[36.718855,59.71465],[36.704828,59.720072],[36.707804,59.722117],[36.705075,59.73052],[36.712229,59.736208],[36.707804,59.73907],[36.719654,59.74476],[36.712378,59.75214],[36.714019,59.758086],[36.695606,59.773744],[36.698544,59.777794],[36.69484,59.779659],[36.704997,59.784173],[36.70605,59.793074],[36.698118,59.79295],[36.696176,59.7997],[36.672303,59.807783],[36.673147,59.81175],[36.678758,59.812895],[36.6788,59.820573],[36.668715,59.835043],[36.656736,59.84248],[36.664553,59.85243],[36.665815,59.860728],[36.659229,59.864193],[36.656551,59.873546],[36.664532,59.879758],[36.662296,59.885156],[36.666962,59.886878],[36.667617,59.898909],[36.688478,59.914164],[36.700277,59.91772],[36.700354,59.926359],[36.706677,59.931732],[36.701698,59.934656],[36.706677,59.940246],[36.701527,59.94721],[36.704102,59.951164],[36.695347,59.951594],[36.690197,59.954173],[36.691055,59.957782],[36.681443,59.960102],[36.689339,59.974708],[36.665638,59.979084],[36.656903,59.991489],[36.596446,59.998212],[36.594741,60.060623],[36.557799,60.062144],[36.557772,60.132651],[36.580719,60.131749],[36.584386,60.207785],[36.482627,60.211962],[36.48712,60.22165],[36.526496,60.22782],[36.533037,60.243683],[36.490397,60.265646],[36.499254,60.273603],[36.492465,60.284359],[36.541902,60.284012],[36.539309,60.29254],[36.491231,60.296475],[36.481821,60.290839],[36.469192,60.289587],[36.464141,60.291554],[36.466667,60.297901],[36.462936,60.300463],[36.439966,60.305409],[36.480163,60.32368],[36.472313,60.328065],[36.426032,60.333095],[36.429707,60.343927],[36.444115,60.347348],[36.430676,60.346318],[36.447911,60.406397],[36.39377,60.407524],[36.406629,60.451272],[36.389589,60.456259],[36.405447,60.466348],[36.403044,60.471864],[36.395163,60.474546],[36.405019,60.484094],[36.416745,60.48715],[36.42166,60.496659],[36.441708,60.51133],[36.44257,60.525752],[36.461875,60.524731],[36.468163,60.530619],[36.537813,60.552397],[36.566556,60.552682],[36.572951,60.548157],[36.61215,60.543276],[36.651391,60.529801],[36.689248,60.527629],[36.738905,60.509682],[36.76031,60.506555],[36.769677,60.495004],[36.81737,60.494173],[36.829803,60.490596],[36.894246,60.498621],[36.904019,60.49181],[36.932093,60.489559],[36.934104,60.497236],[36.992304,60.549511],[36.987238,60.56011],[37.037679,60.545524],[37.099227,60.54846],[37.106272,60.54372],[37.096145,60.498432],[37.101626,60.483965],[37.089098,60.473304],[37.091704,60.45986],[37.08879,60.443848],[37.12093,60.416049],[37.125425,60.395718],[37.110556,60.377358],[37.13688,60.366034],[37.154621,60.337437],[37.177365,60.32882],[37.184846,60.314448],[37.181583,60.302384],[37.185127,60.286077],[37.224108,60.2581],[37.323344,60.251063],[37.459589,60.203172],[37.957261,60.084952],[37.993963,60.118646],[38.019038,60.078588],[38.04152,60.082323],[38.055832,60.069879],[38.069785,60.072877],[38.089077,60.062999],[38.089452,60.053195],[38.084301,60.047452],[38.091567,60.041514],[38.0852,60.037475],[38.108883,60.031794],[38.106918,60.004416],[38.113991,59.998768],[38.116912,59.987216],[38.11158,59.967674],[38.097632,59.957683],[38.099227,59.954944],[38.090499,59.944737],[38.083622,59.944567],[38.072726,59.968159],[38.068495,59.966553],[38.072051,59.959508],[38.066603,59.953863],[38.072127,59.949885],[38.067208,59.948975],[38.067572,59.941029],[38.070689,59.934421],[38.077114,59.932004],[38.052184,59.924547],[38.054755,59.898519],[38.04974,59.89721],[38.064248,59.889356],[38.058031,59.886286],[38.068467,59.881283],[38.063418,59.873709],[38.080953,59.859714],[38.077021,59.846968],[38.064646,59.841191],[38.077174,59.820785],[38.072083,59.816825],[38.046884,59.815096],[38.043216,59.811102],[38.04909,59.804552],[38.032441,59.802002],[37.97901,59.759122],[37.99417,59.759179],[37.990253,59.726325],[38.042657,59.690414],[38.060643,59.692707],[38.05274,59.679543],[38.024513,59.672758],[38.023713,59.660189],[38.026029,59.652866],[38.041227,59.642163],[38.045317,59.629474],[38.059051,59.626905],[38.052153,59.620875]]]}},{"type":"Feature","id":"115106-1243","properties":{"id":"115106-1243","name":"Кадуйский муниципальный округ","name_ru":"Кадуйский муниципальный округ","subject_id":"115106","subject_name":"Вологодская область","source_gid":1243,"source_fid":1352,"names_rosstat":"Кадуйский муниципальный округ","population":16316,"area_km2":3250.2144602550293,"density_km2":5.019976435253371,"source":"Актуализированный объединённый GeoJSON, предоставленный преподавателем","name_en":"Kaduiskii Municipal Okrug","name_zh":"Kaduiskii市政专区","subject_name_en":"Vologda Oblast","subject_name_zh":"沃洛格达州"},"geometry":{"type":"Polygon","coordinates":[[[36.276194,59.509948],[36.484153,59.35526],[36.470416,59.345193],[36.490918,59.344322],[36.517283,59.331517],[36.548302,59.330919],[36.567987,59.308869],[36.511579,59.28972],[36.506614,59.273223],[36.468431,59.266609],[36.464289,59.255703],[36.477269,59.246551],[36.462184,59.214015],[36.467563,59.213176],[36.48861,59.246208],[36.547696,59.251899],[36.560291,59.244045],[36.546449,59.196976],[36.732812,59.171677],[36.738336,59.161188],[36.890229,59.166229],[36.887726,59.159359],[36.872193,59.148013],[36.892312,59.123686],[36.884784,59.06908],[36.888007,59.058693],[36.926419,59.050905],[36.969882,59.061294],[36.991065,59.072415],[37.161395,59.077092],[37.15864,59.107672],[37.175206,59.117648],[37.363375,59.127088],[37.376202,59.126724],[37.383984,59.118934],[37.410642,59.118899],[37.431809,59.134738],[37.430079,59.150801],[37.445214,59.154821],[37.464283,59.149477],[37.468628,59.157151],[37.501405,59.158223],[37.483558,59.170544],[37.44695,59.167888],[37.380109,59.188034],[37.376529,59.197905],[37.383207,59.205735],[37.374519,59.211554],[37.387758,59.211477],[37.390934,59.215541],[37.388736,59.228895],[37.422708,59.250407],[37.433981,59.251806],[37.481826,59.278131],[37.480732,59.291929],[37.427103,59.310943],[37.424755,59.326508],[37.448861,59.335893],[37.443843,59.370169],[37.422455,59.3827],[37.393728,59.382242],[37.401952,59.413736],[37.41912,59.413635],[37.418723,59.421002],[37.403244,59.415831],[37.392328,59.417706],[37.394877,59.427908],[37.405518,59.431546],[37.395207,59.43747],[37.399496,59.45737],[37.405282,59.465645],[37.331823,59.471018],[37.311029,59.487066],[37.31147,59.497361],[37.303111,59.499698],[37.301669,59.507976],[37.312026,59.5144],[37.313992,59.521996],[37.335458,59.521597],[37.336237,59.529408],[37.318939,59.543389],[37.296137,59.543112],[37.297459,59.556176],[37.230644,59.557287],[37.23759,59.575347],[37.193985,59.59653],[37.196627,59.603662],[37.221293,59.62505],[37.252565,59.645534],[37.27453,59.653579],[37.258238,59.663152],[37.246436,59.662113],[37.244582,59.654373],[36.981531,59.664199],[36.966099,59.651564],[36.939541,59.647415],[36.876534,59.647373],[36.85374,59.657361],[36.843103,59.675349],[36.804912,59.675467],[36.779255,59.687902],[36.777658,59.683798],[36.764852,59.686909],[36.75369,59.678682],[36.745918,59.678566],[36.757946,59.685386],[36.751077,59.686943],[36.751077,59.691319],[36.746528,59.691492],[36.748245,59.694221],[36.728834,59.702759],[36.72318,59.711845],[36.726774,59.719209],[36.720819,59.718933],[36.718855,59.71465],[36.705476,59.718685],[36.707877,59.727583],[36.705075,59.73052],[36.712229,59.736208],[36.707804,59.73907],[36.712598,59.74052],[36.711725,59.745678],[36.611351,59.746316],[36.602153,59.731366],[36.611873,59.725892],[36.610539,59.719096],[36.586335,59.710695],[36.580901,59.701798],[36.564259,59.726613],[36.592101,59.730912],[36.594268,59.746224],[36.558734,59.744838],[36.556491,59.748884],[36.540402,59.753955],[36.431409,59.762861],[36.417687,59.726127],[36.445221,59.703708],[36.483299,59.664018],[36.499451,59.634044],[36.492173,59.633147],[36.505928,59.620813],[36.483491,59.605666],[36.459831,59.614567],[36.445796,59.626799],[36.454462,59.613118],[36.417993,59.603795],[36.422687,59.596605],[36.419704,59.594664],[36.431928,59.594373],[36.446154,59.586995],[36.364264,59.558095],[36.365452,59.544019],[36.276194,59.509948]]]}},{"type":"Feature","id":"115106-1244","properties":{"id":"115106-1244","name":"Череповецкий район","name_ru":"Череповецкий район","subject_id":"115106","subject_name":"Вологодская область","source_gid":1244,"source_fid":1353,"names_rosstat":"Череповецкий муниципальный район","population":39308,"area_km2":7664.120407719791,"density_km2":5.128833826828513,"source":"Актуализированный объединённый GeoJSON, предоставленный преподавателем","name_en":"Cherepovetskii District","name_zh":"Cherepovetskii区","subject_name_en":"Vologda Oblast","subject_name_zh":"沃洛格达州"},"geometry":{"type":"Polygon","coordinates":[[[37.833259,58.630544],[37.76473,58.623164],[37.747035,58.628428],[37.712146,58.625677],[37.708391,58.613696],[37.711067,58.608939],[37.697463,58.571405],[37.717712,58.564089],[37.719619,58.547293],[37.694258,58.523322],[37.64072,58.48482],[37.628047,58.483095],[37.613837,58.496492],[37.585092,58.512831],[37.53575,58.522261],[37.529896,58.539339],[37.512288,58.553923],[37.476755,58.559603],[37.413973,58.583469],[37.392495,58.600564],[37.367802,58.642418],[37.359809,58.649135],[37.330284,58.65239],[37.292556,58.645339],[37.284265,58.648064],[37.282481,58.656721],[37.285897,58.663322],[37.306579,58.671568],[37.307933,58.685759],[37.319697,58.695834],[37.304705,58.696169],[37.289378,58.682502],[37.276162,58.68144],[37.27515,58.696399],[37.251481,58.711869],[37.23392,58.714688],[37.230317,58.721044],[37.239151,58.730095],[37.238677,58.736563],[37.198825,58.751593],[37.199527,58.768799],[37.189615,58.782302],[37.188408,58.792383],[37.195761,58.807511],[37.191746,58.820068],[37.173835,58.829383],[37.143269,58.832313],[37.128916,58.838662],[37.12305,58.846018],[37.121328,58.859693],[37.106106,58.87163],[37.088347,58.87622],[37.080047,58.883],[37.088842,58.882884],[37.059526,58.894419],[37.052561,58.908224],[37.065814,58.914497],[37.058117,58.920581],[37.069575,58.930735],[37.048744,58.939298],[37.030038,58.952682],[37.025262,58.962598],[37.010096,58.972103],[37.00946,58.989497],[37.001044,58.995491],[37.009897,59.004853],[36.991756,59.018984],[36.961166,59.02825],[36.926419,59.050905],[36.969882,59.061294],[36.991065,59.072415],[37.161395,59.077092],[37.15864,59.107672],[37.175206,59.117648],[37.363375,59.127088],[37.376202,59.126724],[37.383984,59.118934],[37.410642,59.118899],[37.431809,59.134738],[37.430079,59.150801],[37.445214,59.154821],[37.464283,59.149477],[37.468628,59.157151],[37.501405,59.158223],[37.483558,59.170544],[37.44695,59.167888],[37.380109,59.188034],[37.376529,59.197905],[37.383207,59.205735],[37.374519,59.211554],[37.387758,59.211477],[37.390934,59.215541],[37.388736,59.228895],[37.422708,59.250407],[37.433981,59.251806],[37.481826,59.278131],[37.480732,59.291929],[37.427103,59.310943],[37.424755,59.326508],[37.448861,59.335893],[37.443843,59.370169],[37.422455,59.3827],[37.393728,59.382242],[37.401952,59.413736],[37.41912,59.413635],[37.418723,59.421002],[37.403244,59.415831],[37.392328,59.417706],[37.394877,59.427908],[37.405518,59.431546],[37.395207,59.43747],[37.399496,59.45737],[37.405282,59.465645],[37.331823,59.471018],[37.311029,59.487066],[37.31147,59.497361],[37.303111,59.499698],[37.301669,59.507976],[37.312026,59.5144],[37.313992,59.521996],[37.335458,59.521597],[37.336237,59.529408],[37.318939,59.543389],[37.296137,59.543112],[37.297459,59.556176],[37.230644,59.557287],[37.23759,59.575347],[37.193985,59.59653],[37.196627,59.603662],[37.221293,59.62505],[37.252565,59.645534],[37.27453,59.653579],[37.293566,59.641942],[37.319769,59.648787],[37.313516,59.632658],[37.340773,59.630256],[37.359728,59.61952],[37.408334,59.632598],[37.410792,59.636822],[37.432486,59.634466],[37.438582,59.628579],[37.465548,59.631157],[37.476361,59.639903],[37.503689,59.645427],[37.502914,59.654784],[37.526399,59.661709],[37.528354,59.669159],[37.550593,59.661536],[37.553315,59.675293],[37.575955,59.681289],[37.572799,59.684641],[37.593148,59.684691],[37.609623,59.678286],[37.611925,59.682805],[37.632967,59.675917],[37.631901,59.658782],[37.642608,59.648094],[37.711508,59.646859],[37.717902,59.64347],[38.052153,59.620875],[38.059051,59.626905],[38.045317,59.629474],[38.041227,59.642163],[38.026029,59.652866],[38.024513,59.672758],[38.05274,59.679543],[38.060643,59.692707],[38.076216,59.692944],[38.082699,59.697922],[38.100458,59.696073],[38.107787,59.68953],[38.123573,59.689814],[38.15289,59.698207],[38.140769,59.71001],[38.145279,59.725219],[38.157964,59.731046],[38.177414,59.730761],[38.190099,59.74866],[38.200529,59.75221],[38.207013,59.745678],[38.210395,59.728275],[38.221671,59.726498],[38.21251,59.712284],[38.217795,59.705175],[38.174807,59.690597],[38.164588,59.674055],[38.18714,59.673877],[38.181149,59.66142],[38.143446,59.660174],[38.142389,59.65341],[38.169874,59.647713],[38.161353,59.627839],[38.266427,59.627695],[38.26354,59.546217],[38.254747,59.541572],[38.280008,59.532565],[38.255219,59.517976],[38.224355,59.525953],[38.21757,59.518447],[38.229981,59.511849],[38.232131,59.505685],[38.244764,59.500546],[38.269292,59.503184],[38.285309,59.486056],[38.274535,59.465541],[38.279506,59.461075],[38.275688,59.457305],[38.289088,59.449249],[38.28162,59.444285],[38.293088,59.441374],[38.297181,59.4356],[38.33232,59.429239],[38.31928,59.415994],[38.300248,59.412932],[38.302918,59.401848],[38.275596,59.38944],[38.276504,59.383569],[38.259682,59.379413],[38.250743,59.381219],[38.223749,59.371859],[38.226317,59.366575],[38.215806,59.362434],[38.219354,59.353619],[38.239642,59.35479],[38.242974,59.349154],[38.240946,59.330829],[38.251844,59.329959],[38.253358,59.322123],[38.264175,59.320357],[38.265012,59.327525],[38.288699,59.328943],[38.297113,59.323985],[38.282327,59.322051],[38.293396,59.315919],[38.253712,59.306846],[38.261136,59.292769],[38.254007,59.288663],[38.258901,59.281333],[38.239513,59.276507],[38.217723,59.278633],[38.197898,59.263549],[38.171748,59.267006],[38.164206,59.260564],[38.18158,59.254884],[38.185943,59.239919],[38.183151,59.233685],[38.19856,59.234336],[38.204871,59.229464],[38.202694,59.224703],[38.168787,59.218633],[38.171385,59.207616],[38.176515,59.205255],[38.182031,59.204829],[38.184088,59.208943],[38.190411,59.204712],[38.195135,59.208456],[38.197268,59.206662],[38.190183,59.19888],[38.197344,59.185535],[38.190602,59.1813],[38.197001,59.170682],[38.21402,59.167763],[38.211096,59.163878],[38.220181,59.159802],[38.230069,59.161029],[38.256989,59.151843],[38.251648,59.14819],[38.316611,59.114103],[38.336252,59.115084],[38.335333,59.11114],[38.348916,59.104342],[38.342757,59.100199],[38.354705,59.099948],[38.341727,59.091448],[38.332972,59.091316],[38.363687,59.088214],[38.363421,59.08199],[38.35555,59.080743],[38.38516,59.075541],[38.39015,59.083975],[38.410568,59.081198],[38.391252,59.060109],[38.394202,59.040248],[38.368484,59.038495],[38.391989,59.010456],[38.451445,59.01531],[38.467072,59.027387],[38.491075,59.022598],[38.513909,59.009952],[38.518367,58.993437],[38.532605,58.98947],[38.533789,58.984983],[38.566813,58.990411],[38.560493,58.994749],[38.581081,59.01083],[38.679324,59.015679],[38.814344,59.001605],[38.813143,58.997446],[38.833703,58.992312],[38.844424,58.998498],[38.866186,59.001005],[38.858684,58.963533],[38.888248,58.970118],[38.899185,58.960271],[38.929913,58.961273],[38.948762,58.943357],[38.944178,58.907422],[38.924665,58.906484],[38.926217,58.896967],[38.957458,58.891373],[38.992454,58.865706],[38.992275,58.861815],[39.001897,58.85837],[39.0255,58.859998],[39.036062,58.855655],[39.017627,58.849197],[39.021951,58.845528],[39.000323,58.837786],[39.005826,58.832894],[38.941013,58.805571],[38.920088,58.807158],[38.938282,58.79538],[38.932015,58.787224],[38.915831,58.779062],[38.921668,58.770098],[38.923263,58.733331],[38.847842,58.734774],[38.842299,58.746996],[38.747805,58.745461],[38.738759,58.749681],[38.728755,58.74568],[38.719124,58.753602],[38.706999,58.749205],[38.700301,58.752858],[38.690658,58.747472],[38.701999,58.732646],[38.68719,58.727962],[38.676623,58.729964],[38.673881,58.745592],[38.662892,58.757303],[38.649014,58.750949],[38.635604,58.761153],[38.614343,58.759152],[38.611118,58.766887],[38.589172,58.764781],[38.589887,58.770693],[38.557291,58.772827],[38.556218,58.764671],[38.550057,58.763613],[38.564338,58.759516],[38.565221,58.751712],[38.547215,58.748055],[38.548146,58.744237],[38.541004,58.740741],[38.539141,58.726815],[38.527362,58.715578],[38.515552,58.719661],[38.512107,58.71384],[38.486223,58.699614],[38.412961,58.726816],[38.064554,58.730111],[38.018375,58.713666],[37.983482,58.707115],[37.996133,58.696985],[38.022971,58.689446],[38.014159,58.682653],[37.954816,58.677497],[37.956636,58.666616],[37.966591,58.66312],[37.945299,58.657428],[37.927378,58.647451],[37.926647,58.633766],[37.919871,58.633909],[37.896818,58.611319],[37.86559,58.610613],[37.833259,58.630544]],[[37.873213,59.168596],[37.817879,59.164661],[37.819154,59.170756],[37.767935,59.183198],[37.74948,59.175],[37.722597,59.174565],[37.708468,59.181697],[37.686321,59.180756],[37.686706,59.17661],[37.678382,59.176403],[37.678682,59.172826],[37.689741,59.173151],[37.688547,59.16222],[37.709631,59.147005],[37.768061,59.141756],[37.769287,59.133014],[37.780964,59.124985],[37.785335,59.110737],[37.802834,59.121102],[37.823134,59.113869],[37.825796,59.118417],[37.883161,59.115661],[37.89446,59.086317],[37.899802,59.086414],[37.913836,59.071136],[37.956008,59.066473],[37.995343,59.074237],[38.017437,59.09807],[38.032759,59.103169],[38.04461,59.117273],[38.035831,59.120219],[38.044133,59.123859],[38.032664,59.136151],[38.033829,59.140532],[38.024013,59.14245],[38.029288,59.146218],[37.99439,59.148333],[37.998762,59.148738],[38.007303,59.164789],[37.98814,59.167653],[37.990122,59.160334],[37.98007,59.157881],[37.984143,59.152474],[37.963462,59.1494],[37.956961,59.152866],[37.957853,59.160733],[37.941743,59.167274],[37.924377,59.163534],[37.921934,59.160815],[37.926025,59.159811],[37.921334,59.15522],[37.916745,59.158645],[37.913366,59.154993],[37.916284,59.153811],[37.909011,59.15021],[37.902126,59.154342],[37.906731,59.157861],[37.901725,59.166348],[37.873213,59.168596]]]}},{"type":"Feature","id":"115106-1247","properties":{"id":"115106-1247","name":"Вашкинский муниципальный округ","name_ru":"Вашкинский муниципальный округ","subject_id":"115106","subject_name":"Вологодская область","source_gid":1247,"source_fid":1356,"names_rosstat":"Вашкинский муниципальный округ","population":5872,"area_km2":3614.4072693685857,"density_km2":1.6246093930155805,"source":"Актуализированный объединённый GeoJSON, предоставленный преподавателем","name_en":"Vashkinskii Municipal Okrug","name_zh":"Vashkinskii市政专区","subject_name_en":"Vologda Oblast","subject_name_zh":"沃洛格达州"},"geometry":{"type":"Polygon","coordinates":[[[37.459589,60.203172],[37.323344,60.251063],[37.226376,60.257049],[37.187996,60.282731],[37.181863,60.29734],[37.184846,60.314448],[37.179333,60.32662],[37.152416,60.339196],[37.13688,60.366034],[37.110556,60.377358],[37.125425,60.395718],[37.12093,60.416049],[37.089097,60.442475],[37.091704,60.45986],[37.089098,60.473304],[37.101626,60.483965],[37.096145,60.498432],[37.106272,60.54372],[37.142493,60.566689],[37.165279,60.572038],[37.173352,60.584959],[37.246963,60.614968],[37.495873,60.612365],[37.497372,60.592913],[37.638666,60.59198],[37.651499,60.58797],[37.685019,60.58734],[37.68418,60.579845],[37.722644,60.587271],[37.726397,60.59422],[37.750902,60.594656],[37.76242,60.591083],[37.768546,60.582965],[37.80252,60.578247],[37.812488,60.598982],[37.832721,60.602886],[37.845586,60.616037],[37.879255,60.632086],[37.879506,60.637892],[37.864596,60.655498],[37.864905,60.663181],[37.875033,60.672399],[37.863979,60.691004],[37.879618,60.694193],[37.914034,60.710916],[37.929901,60.704112],[38.100279,60.699243],[38.106961,60.694883],[38.118059,60.698916],[38.27027,60.695577],[38.270044,60.676045],[38.372746,60.670529],[38.366283,60.614217],[38.443158,60.611994],[38.44757,60.61514],[38.48108,60.613085],[38.511699,60.617291],[38.509468,60.611764],[38.448285,60.609633],[38.42759,60.600485],[38.426142,60.579174],[38.436557,60.575284],[38.436371,60.570346],[38.424979,60.574198],[38.4201,60.540752],[38.405118,60.541362],[38.393084,60.535475],[38.382977,60.536815],[38.371336,60.53054],[38.359336,60.529802],[38.347019,60.521068],[38.351757,60.513384],[38.340133,60.495864],[38.349237,60.484862],[38.357975,60.483989],[38.387454,60.465935],[38.432277,60.462113],[38.443799,60.465839],[38.434198,60.342656],[38.455812,60.328718],[38.478333,60.332105],[38.496779,60.328119],[38.502009,60.323815],[38.498893,60.321414],[38.501275,60.316485],[38.492024,60.3096],[38.504089,60.3096],[38.506361,60.305378],[38.468519,60.301356],[38.434613,60.304551],[38.428789,60.300223],[38.375538,60.303624],[38.39572,60.290365],[38.429034,60.255367],[38.413,60.253028],[38.394403,60.260164],[38.379833,60.257742],[38.389844,60.247232],[38.367309,60.248907],[38.329271,60.223236],[38.311584,60.222627],[38.310871,60.20284],[38.276834,60.203262],[38.279335,60.200834],[38.274352,60.197976],[38.276068,60.182922],[38.230287,60.182204],[38.236292,60.173776],[38.165895,60.172593],[38.166505,60.152462],[38.128528,60.152695],[38.131036,60.132017],[38.00025,60.131365],[37.993963,60.118646],[37.957261,60.084952],[37.459589,60.203172]]]}},{"type":"Feature","id":"115106-1248","properties":{"id":"115106-1248","name":"Грязовецкий муниципальный округ","name_ru":"Грязовецкий муниципальный округ","subject_id":"115106","subject_name":"Вологодская область","source_gid":1248,"source_fid":1357,"names_rosstat":"Грязовецкий муниципальный округ","population":31398,"area_km2":5053.511892418339,"density_km2":6.213104998744666,"source":"Актуализированный объединённый GeoJSON, предоставленный преподавателем","name_en":"Griazovetskii Municipal Okrug","name_zh":"Griazovetskii市政专区","subject_name_en":"Vologda Oblast","subject_name_zh":"沃洛格达州"},"geometry":{"type":"Polygon","coordinates":[[[39.57388,58.956887],[39.58168,58.948365],[39.619961,58.945625],[39.625926,58.931365],[39.625158,58.923136],[39.63025,58.918809],[39.610436,58.910288],[39.604377,58.900614],[39.625137,58.892117],[39.636325,58.87966],[39.656798,58.872232],[39.688569,58.854252],[39.688585,58.849984],[39.696343,58.844573],[39.712795,58.837611],[39.71973,58.820439],[39.73947,58.834314],[39.793261,58.837057],[39.79191,58.828428],[39.80682,58.823478],[39.803492,58.819389],[39.812688,58.809344],[39.829761,58.800472],[39.839367,58.786235],[39.834266,58.782418],[39.853778,58.77945],[39.851428,58.774687],[39.862677,58.765811],[39.870958,58.752406],[39.887569,58.748857],[39.914668,58.758523],[39.954285,58.75844],[39.977019,58.743798],[39.973327,58.739351],[39.989963,58.738958],[40.0037,58.744409],[40.020075,58.741223],[40.013501,58.73088],[40.02056,58.711554],[40.019028,58.703836],[40.025711,58.696554],[40.025633,58.690227],[40.038657,58.6829],[40.035743,58.677308],[40.054276,58.679393],[40.046329,58.662336],[40.048492,58.656204],[40.078438,58.650657],[40.077763,58.654128],[40.100659,58.660864],[40.115111,58.649934],[40.12569,58.649296],[40.130228,58.642746],[40.135936,58.626926],[40.123609,58.620308],[40.09108,58.623194],[40.076797,58.608179],[40.09086,58.597557],[40.088303,58.595198],[40.111291,58.589229],[40.111181,58.585765],[40.130086,58.578874],[40.141495,58.577943],[40.141528,58.581552],[40.162469,58.578585],[40.185873,58.555134],[40.204002,58.549259],[40.229404,58.547819],[40.264165,58.55235],[40.274416,58.549451],[40.272527,58.546356],[40.284762,58.539711],[40.317463,58.534338],[40.324511,58.539307],[40.327573,58.536621],[40.343029,58.554867],[40.368509,58.552355],[40.36973,58.548401],[40.392445,58.54185],[40.411398,58.546265],[40.432253,58.542839],[40.43008,58.53736],[40.45483,58.541974],[40.469409,58.538229],[40.46812,58.543795],[40.457932,58.547559],[40.489245,58.549234],[40.496216,58.543333],[40.512763,58.546907],[40.524974,58.559099],[40.53571,58.561001],[40.53503,58.567128],[40.569449,58.56794],[40.605465,58.58505],[40.622231,58.5787],[40.627444,58.581337],[40.626443,58.588075],[40.682284,58.593829],[40.69444,58.594323],[40.711103,58.584275],[40.72971,58.58953],[40.763943,58.587026],[40.765339,58.591136],[40.782557,58.594103],[40.803419,58.587905],[40.813721,58.590818],[40.831687,58.583429],[40.834739,58.574619],[40.856679,58.576996],[40.87997,58.591207],[40.890291,58.591265],[40.889446,58.577944],[40.89986,58.574113],[40.918093,58.578702],[40.930072,58.576336],[40.932482,58.588871],[40.956901,58.583303],[40.958024,58.578124],[41.000217,58.585143],[40.999837,58.588394],[40.990882,58.58986],[40.989051,58.59741],[41.052204,58.606772],[41.065057,58.621431],[41.065726,58.632777],[41.09156,58.648583],[41.10521,58.654407],[41.124018,58.651886],[41.14209,58.655864],[41.14356,58.652152],[41.153437,58.651692],[41.165365,58.656949],[41.159917,58.661706],[41.170735,58.664793],[41.167803,58.688416],[41.194096,58.701097],[41.189411,58.712239],[41.220664,58.713326],[41.230057,58.741045],[41.187574,58.779975],[41.168234,58.781917],[41.155885,58.803086],[41.185973,58.811921],[41.199277,58.810151],[41.221765,58.8195],[41.199548,58.848404],[41.229765,58.846648],[41.24291,58.851877],[41.246922,58.839123],[41.25881,58.838178],[41.259359,58.859702],[41.263663,58.860217],[41.255276,58.875703],[41.260324,58.878859],[41.256769,58.881134],[41.271108,58.88693],[41.26242,58.889147],[41.263616,58.898713],[41.253015,58.897866],[41.25282,58.890495],[41.225923,58.884324],[41.181711,58.895404],[41.179347,58.904734],[41.18421,58.909518],[41.177359,58.913911],[41.187261,58.921708],[41.171624,58.931558],[41.183545,58.951949],[41.190006,58.956026],[41.224992,58.961303],[41.228542,58.969231],[41.25676,58.980299],[41.258936,58.987341],[41.268229,58.992002],[41.305487,58.99124],[41.321773,58.982689],[41.334083,58.983058],[41.333071,58.972309],[41.349027,58.951944],[41.39821,58.988965],[41.515481,59.013879],[41.521382,59.020255],[41.528194,59.019532],[41.531057,59.023458],[41.525212,59.041272],[41.573568,59.044894],[41.61607,59.069266],[41.666098,59.075326],[41.683712,59.084404],[41.705558,59.081589],[41.71442,59.084944],[41.71329,59.096031],[41.727935,59.103542],[41.72852,59.110905],[41.770671,59.110749],[41.808496,59.103298],[41.826127,59.10498],[41.861284,59.096686],[41.878227,59.083329],[41.906841,59.07355],[41.916598,59.082914],[41.948905,59.078643],[41.927085,59.101708],[41.958691,59.122382],[42.001337,59.104732],[42.023517,59.109085],[42.040148,59.118728],[42.057448,59.122895],[42.05887,59.125959],[42.038264,59.136328],[42.047829,59.150266],[42.052518,59.148091],[42.075482,59.155651],[41.679961,59.184832],[41.35614,59.202336],[41.36213,59.191329],[41.36213,59.170388],[41.350854,59.123947],[41.310333,59.118884],[41.269106,59.122682],[41.275096,59.094279],[41.255012,59.087582],[41.24726,59.093736],[41.186301,59.076357],[41.175025,59.07853],[41.184539,59.084324],[41.184891,59.092107],[41.165864,59.093736],[41.153531,59.109659],[41.139084,59.116895],[41.126047,59.115267],[41.092572,59.127383],[41.064031,59.125032],[41.05346,59.107488],[41.039365,59.102603],[41.042889,59.09446],[41.057336,59.087039],[41.068259,59.087763],[41.073545,59.095365],[41.10561,59.09446],[41.113714,59.081427],[41.097153,59.075089],[41.105257,59.067845],[41.12957,59.059875],[41.121466,59.05607],[41.134503,59.04556],[41.131332,59.036316],[41.141551,59.028157],[41.134856,59.021265],[41.066497,59.036316],[41.057336,59.04556],[41.031613,59.046285],[41.012233,59.060056],[41.032318,59.062773],[41.016109,59.078711],[40.996377,59.075995],[40.999901,59.087401],[40.97735,59.10586],[40.964664,59.098803],[40.951603,59.097344],[40.84627,59.098079],[40.829709,59.092831],[40.819139,59.096994],[40.818081,59.112011],[40.806453,59.111106],[40.80152,59.121597],[40.788483,59.128649],[40.773331,59.129733],[40.74338,59.119788],[40.723648,59.131903],[40.720124,59.12666],[40.721886,59.119065],[40.646481,59.10984],[40.639433,59.098079],[40.616882,59.106765],[40.615296,59.095365],[40.524122,59.09921],[40.517956,59.107353],[40.475232,59.136513],[40.43471,59.140128],[40.422818,59.144646],[40.403879,59.135383],[40.377451,59.155035],[40.367321,59.152326],[40.365119,59.129281],[40.339077,59.136789],[40.325397,59.126024],[40.3188,59.127927],[40.314185,59.123407],[40.292527,59.119615],[40.280647,59.101449],[40.260223,59.095838],[40.226748,59.096124],[40.222784,59.088431],[40.224546,59.077343],[40.212091,59.065762],[40.197595,59.066177],[40.196798,59.060229],[40.209387,59.052844],[40.21457,59.039474],[40.190037,59.044658],[40.183734,59.036064],[40.140993,59.031457],[40.127983,59.033579],[40.12086,59.031184],[40.121209,59.027234],[40.085935,59.023665],[40.082395,59.017812],[40.079365,59.020596],[40.068188,59.018307],[40.062164,59.023852],[40.050184,59.017483],[40.032102,59.017869],[40.034678,59.02083],[40.031627,59.021435],[40.013323,59.014516],[40.0004,59.022139],[39.990882,59.018858],[39.977811,59.030141],[39.978249,59.036065],[39.985728,59.035852],[39.986839,59.041759],[39.966074,59.055803],[39.971073,59.058101],[39.965923,59.061687],[39.967403,59.064334],[39.957533,59.059966],[39.952089,59.063702],[39.93399,59.050955],[39.923955,59.033317],[39.891769,59.041016],[39.881188,59.03729],[39.867234,59.039554],[39.83141,59.018895],[39.824654,59.024854],[39.799068,59.012185],[39.767769,59.005642],[39.761696,59.00047],[39.752771,59.001841],[39.718477,58.993815],[39.720199,59.004803],[39.697801,59.011757],[39.691665,59.00501],[39.677217,59.005401],[39.678349,58.998632],[39.666736,58.998198],[39.643772,58.987657],[39.621049,58.998362],[39.604082,58.99372],[39.600928,58.992471],[39.608945,58.988992],[39.61399,58.975789],[39.574256,58.963222],[39.57388,58.956887]]]}},{"type":"Feature","id":"115106-1249","properties":{"id":"115106-1249","name":"Шекснинский район","name_ru":"Шекснинский район","subject_id":"115106","subject_name":"Вологодская область","source_gid":1249,"source_fid":1358,"names_rosstat":"Шекснинский муниципальный район","population":28791,"area_km2":2549.8233087264352,"density_km2":11.291370622217855,"source":"Актуализированный объединённый GeoJSON, предоставленный преподавателем","name_en":"Sheksninskii District","name_zh":"Sheksninskii区","subject_name_en":"Vologda Oblast","subject_name_zh":"沃洛格达州"},"geometry":{"type":"Polygon","coordinates":[[[38.164206,59.260564],[38.18158,59.254884],[38.185943,59.239919],[38.183151,59.233685],[38.19856,59.234336],[38.204871,59.229464],[38.202694,59.224703],[38.168787,59.218633],[38.171385,59.207616],[38.176515,59.205255],[38.182031,59.204829],[38.184088,59.208943],[38.190411,59.204712],[38.195135,59.208456],[38.197268,59.206662],[38.190183,59.19888],[38.197344,59.185535],[38.190602,59.1813],[38.197001,59.170682],[38.21402,59.167763],[38.211096,59.163878],[38.220181,59.159802],[38.230069,59.161029],[38.256989,59.151843],[38.251648,59.14819],[38.316611,59.114103],[38.336252,59.115084],[38.335333,59.11114],[38.348916,59.104342],[38.342757,59.100199],[38.354705,59.099948],[38.341727,59.091448],[38.332972,59.091316],[38.363687,59.088214],[38.363421,59.08199],[38.35555,59.080743],[38.38516,59.075541],[38.39015,59.083975],[38.410568,59.081198],[38.391252,59.060109],[38.394202,59.040248],[38.368484,59.038495],[38.391989,59.010456],[38.451445,59.01531],[38.467072,59.027387],[38.491075,59.022598],[38.513909,59.009952],[38.518367,58.993437],[38.532605,58.98947],[38.533789,58.984983],[38.566813,58.990411],[38.560493,58.994749],[38.581081,59.01083],[38.679324,59.015679],[38.814344,59.001605],[38.813143,58.997446],[38.833703,58.992312],[38.844424,58.998498],[38.866186,59.001005],[38.858684,58.963533],[38.888248,58.970118],[38.899185,58.960271],[38.929913,58.961273],[38.948762,58.943357],[38.989808,58.956012],[38.998374,58.949041],[39.014758,58.951176],[39.006115,58.944268],[39.023818,58.928068],[39.10996,58.937947],[39.114977,58.948039],[39.124125,58.95099],[39.13827,58.943824],[39.152584,58.955405],[39.180461,58.953395],[39.195831,58.964124],[39.182343,58.971733],[39.181333,58.976667],[39.204803,58.976214],[39.212783,58.981298],[39.205527,58.984801],[39.206976,58.990587],[39.196247,58.99551],[39.205527,59.000663],[39.231772,58.997168],[39.233109,59.00961],[39.221828,59.010177],[39.221954,59.01559],[39.245446,59.020911],[39.258092,59.030874],[39.234443,59.031802],[39.232282,59.037635],[39.251625,59.041883],[39.244446,59.046888],[39.263641,59.061524],[39.210222,59.076502],[39.203899,59.063475],[39.174891,59.062283],[39.178316,59.072795],[39.161344,59.07109],[39.159241,59.060182],[39.13714,59.064364],[39.138964,59.094344],[39.155283,59.106493],[39.149251,59.108596],[39.152836,59.1154],[39.13772,59.123375],[39.135687,59.129725],[39.127701,59.128538],[39.127816,59.13241],[39.122699,59.132433],[39.118184,59.129772],[39.104418,59.137584],[39.113988,59.144763],[39.113083,59.149291],[39.107534,59.150542],[39.107434,59.156799],[39.116897,59.158963],[39.101602,59.168077],[39.093392,59.166964],[39.083899,59.175379],[39.095719,59.179474],[39.089115,59.191761],[39.07192,59.19615],[39.078784,59.204225],[39.10798,59.197145],[39.110489,59.202909],[39.120393,59.202027],[39.121176,59.215371],[39.082845,59.218063],[39.085478,59.229067],[39.04804,59.230513],[39.04907,59.219621],[39.024413,59.210003],[38.998055,59.191837],[38.968618,59.191364],[38.944134,59.203138],[38.898591,59.205258],[38.888924,59.212693],[38.883401,59.231671],[38.868418,59.248698],[38.809405,59.294864],[38.790062,59.327118],[38.78136,59.354339],[38.769382,59.356643],[38.770107,59.363474],[38.77699,59.367535],[38.77959,59.382896],[38.794899,59.392786],[38.804158,59.393365],[38.804222,59.399408],[38.816112,59.401111],[38.835311,59.393734],[38.832523,59.384796],[38.83754,59.377845],[38.852337,59.383773],[38.869986,59.380303],[38.888246,59.384192],[38.887463,59.391073],[38.870882,59.390816],[38.865466,59.399243],[38.871179,59.402021],[38.870946,59.416017],[38.843413,59.420634],[38.840247,59.428682],[38.865056,59.427312],[38.864777,59.457546],[38.83106,59.463555],[38.827455,59.44898],[38.775083,59.446749],[38.783035,59.464127],[38.764581,59.477268],[38.75642,59.47112],[38.76373,59.511964],[38.720914,59.514864],[38.698707,59.508687],[38.652202,59.523368],[38.658996,59.532327],[38.606431,59.541333],[38.586772,59.561596],[38.572217,59.562241],[38.58426,59.586566],[38.542487,59.587576],[38.542401,59.598428],[38.516635,59.607693],[38.550702,59.632396],[38.381031,59.636804],[38.381822,59.627257],[38.320238,59.627991],[38.310217,59.62011],[38.302492,59.626282],[38.266427,59.627695],[38.26354,59.546217],[38.254747,59.541572],[38.280008,59.532565],[38.255219,59.517976],[38.224355,59.525953],[38.21757,59.518447],[38.229981,59.511849],[38.232131,59.505685],[38.244764,59.500546],[38.269292,59.503184],[38.285309,59.486056],[38.274535,59.465541],[38.279506,59.461075],[38.275688,59.457305],[38.289088,59.449249],[38.28162,59.444285],[38.293088,59.441374],[38.297181,59.4356],[38.33232,59.429239],[38.31928,59.415994],[38.300248,59.412932],[38.302918,59.401848],[38.275596,59.38944],[38.276504,59.383569],[38.259682,59.379413],[38.250743,59.381219],[38.223749,59.371859],[38.226317,59.366575],[38.215806,59.362434],[38.219354,59.353619],[38.239642,59.35479],[38.242974,59.349154],[38.240946,59.330829],[38.251844,59.329959],[38.253358,59.322123],[38.264175,59.320357],[38.265012,59.327525],[38.288699,59.328943],[38.297113,59.323985],[38.282327,59.322051],[38.293396,59.315919],[38.253712,59.306846],[38.261136,59.292769],[38.254007,59.288663],[38.258901,59.281333],[38.239513,59.276507],[38.217723,59.278633],[38.197898,59.263549],[38.171748,59.267006],[38.164206,59.260564]]]}},{"type":"Feature","id":"115106-1255","properties":{"id":"115106-1255","name":"Сямженский муниципальный округ","name_ru":"Сямженский муниципальный округ","subject_id":"115106","subject_name":"Вологодская область","source_gid":1255,"source_fid":1364,"names_rosstat":"Сямженский муниципальный округ","population":7880,"area_km2":3967.087721283985,"density_km2":1.9863437749870487,"source":"Актуализированный объединённый GeoJSON, предоставленный преподавателем","name_en":"Siamzhenskii Municipal Okrug","name_zh":"Siamzhenskii市政专区","subject_name_en":"Vologda Oblast","subject_name_zh":"沃洛格达州"},"geometry":{"type":"Polygon","coordinates":[[[40.579801,59.86167],[40.69421,59.852924],[40.688332,59.835152],[40.762159,59.828894],[40.757672,59.812782],[40.747885,59.807723],[40.744677,59.781401],[40.862651,59.775609],[41.139366,59.771147],[41.135567,59.721901],[41.251661,59.741959],[41.321159,59.733434],[41.35618,59.749991],[41.477486,59.764423],[41.603715,59.733285],[41.665683,59.744253],[41.671113,59.75476],[41.736544,59.777609],[41.772545,59.777945],[41.787994,59.787261],[41.778855,59.807549],[41.765651,59.819694],[41.797456,59.828607],[41.806004,59.843218],[41.802863,59.850909],[41.78767,59.863295],[41.820178,59.859626],[41.827847,59.866915],[41.80437,59.878481],[41.802729,59.886554],[41.796416,59.888873],[41.803194,59.922784],[41.824003,59.917595],[41.824606,59.929437],[41.841898,59.928342],[41.862963,60.033968],[41.870231,60.033959],[41.873773,60.04967],[41.868579,60.053008],[41.87083,60.063493],[41.812329,60.068343],[41.765201,60.08614],[41.777534,60.100195],[41.818496,60.091411],[41.825103,60.108098],[41.78414,60.108537],[41.77445,60.116658],[41.780617,60.12697],[41.815853,60.126751],[41.826864,60.162929],[41.926407,60.188121],[41.932133,60.197754],[41.991594,60.241507],[42.021545,60.255495],[42.052817,60.261614],[42.051496,60.271662],[42.058543,60.2828],[42.032116,60.286948],[42.011855,60.277559],[41.963405,60.293933],[41.903503,60.292187],[41.892052,60.303972],[41.891611,60.310081],[41.875314,60.310299],[41.87091,60.317061],[41.892052,60.323604],[41.886326,60.330363],[41.855053,60.331889],[41.848887,60.317934],[41.778414,60.319024],[41.777093,60.341045],[41.772248,60.346057],[41.759915,60.347365],[41.750666,60.345621],[41.751106,60.341481],[41.740535,60.336249],[41.694728,60.345621],[41.689002,60.340827],[41.679753,60.315534],[41.698252,60.305935],[41.695609,60.302881],[41.683276,60.299826],[41.648481,60.303753],[41.591222,60.299389],[41.597388,60.316189],[41.592543,60.334069],[41.551581,60.346057],[41.52163,60.337775],[41.495643,60.341263],[41.497845,60.353466],[41.489477,60.360655],[41.474061,60.362833],[41.468559,60.35725],[41.476928,60.338728],[41.231155,60.347446],[41.217941,60.349407],[41.25582,60.363567],[41.241726,60.370536],[41.233797,60.380987],[41.203847,60.384252],[41.1783,60.378157],[41.181824,60.387081],[41.160242,60.390781],[41.145266,60.38164],[41.095055,60.365745],[41.117958,60.355725],[41.115756,60.352021],[41.149671,60.355072],[41.159361,60.348535],[41.155837,60.340908],[41.141302,60.335023],[41.143945,60.328264],[41.102102,60.31387],[41.069068,60.316488],[41.069068,60.328264],[41.027225,60.331316],[41.009606,60.32652],[40.997883,60.317329],[40.994789,60.309471],[40.979146,60.30847],[40.968116,60.302692],[40.971595,60.294874],[40.945819,60.28552],[40.941569,60.270096],[40.918565,60.263659],[40.905219,60.271768],[40.877243,60.273352],[40.872269,60.263009],[40.87992,60.262212],[40.875133,60.240358],[40.856338,60.240276],[40.848617,60.215532],[40.825621,60.209312],[40.837152,60.2083],[40.854382,60.197345],[40.838809,60.184061],[40.827079,60.16217],[40.809377,60.161771],[40.809806,60.158077],[40.792823,60.151402],[40.762995,60.15674],[40.747191,60.162338],[40.747334,60.168664],[40.739087,60.167913],[40.744698,60.155161],[40.732474,60.144186],[40.744718,60.130208],[40.733962,60.124818],[40.731055,60.118656],[40.737339,60.117651],[40.736119,60.104735],[40.670562,60.088043],[40.669115,60.082903],[40.672141,60.078805],[40.696145,60.073882],[40.744056,60.044732],[40.747783,60.031603],[40.69855,60.033002],[40.679132,60.026958],[40.667416,60.034911],[40.657674,60.034461],[40.65203,60.024769],[40.629717,60.022973],[40.638205,60.016931],[40.640471,60.005336],[40.627562,59.998535],[40.613558,59.99916],[40.605095,59.991551],[40.610492,59.983234],[40.608308,59.972232],[40.633563,59.965024],[40.637026,59.955097],[40.675377,59.955755],[40.684329,59.947164],[40.687825,59.942602],[40.682019,59.940349],[40.685637,59.933883],[40.669328,59.928674],[40.649449,59.9293],[40.658864,59.915063],[40.673903,59.913505],[40.680727,59.908877],[40.676338,59.902396],[40.679119,59.895543],[40.669672,59.890298],[40.66744,59.882682],[40.590453,59.891135],[40.579801,59.86167]]]}},{"type":"Feature","id":"115106-1256","properties":{"id":"115106-1256","name":"Харовский муниципальный округ","name_ru":"Харовский муниципальный округ","subject_id":"115106","subject_name":"Вологодская область","source_gid":1256,"source_fid":1365,"names_rosstat":"Харовский муниципальный округ","population":12618,"area_km2":3613.93945291861,"density_km2":3.491480741275211,"source":"Актуализированный объединённый GeoJSON, предоставленный преподавателем","name_en":"Kharovskii Municipal Okrug","name_zh":"Kharovskii市政专区","subject_name_en":"Vologda Oblast","subject_name_zh":"沃洛格达州"},"geometry":{"type":"Polygon","coordinates":[[[39.373829,60.253918],[39.391199,60.243811],[39.379658,60.228997],[39.394866,60.225406],[39.394516,60.222551],[39.419938,60.219478],[39.421268,60.206142],[39.416703,60.201026],[39.400636,60.1962],[39.406734,60.188443],[39.435276,60.190177],[39.417305,60.183745],[39.451453,60.160313],[39.454676,60.154706],[39.448785,60.144273],[39.464505,60.139983],[39.460121,60.130944],[39.471941,60.126894],[39.471777,60.114188],[39.478566,60.104147],[39.505923,60.097433],[39.519067,60.100982],[39.553886,60.09771],[39.557035,60.090417],[39.614675,60.073912],[39.617807,60.069484],[39.602668,60.067053],[39.577235,60.072237],[39.560037,60.06905],[39.562473,60.066271],[39.551685,60.056632],[39.573195,60.050969],[39.572298,60.040117],[39.566322,60.03358],[39.557616,60.032458],[39.5435,60.037097],[39.539481,60.027987],[39.543908,60.026734],[39.54189,60.010936],[39.529586,60.005349],[39.527498,59.99778],[39.550705,59.995106],[39.563489,59.99957],[39.564984,60.009262],[39.586653,60.009724],[39.608841,60.004479],[39.612825,60.005997],[39.608902,60.009716],[39.623128,60.012655],[39.631618,60.008719],[39.661682,60.011735],[39.669162,60.011193],[39.665611,59.998703],[39.676549,59.987438],[39.672141,59.973918],[39.769518,59.966644],[39.774271,59.979757],[39.788202,59.982613],[39.802862,59.962902],[39.812856,59.93957],[39.807082,59.931114],[39.811996,59.923304],[39.807298,59.914495],[39.808797,59.908355],[39.834197,59.891706],[39.849542,59.890536],[39.8508,59.872425],[39.889422,59.862381],[39.886023,59.849577],[39.905985,59.848097],[39.911929,59.83923],[39.93544,59.83712],[39.958918,59.819579],[39.98001,59.820355],[39.986211,59.813452],[40.000979,59.813362],[39.982724,59.808613],[39.98287,59.804772],[40.007593,59.797938],[40.012518,59.791373],[40.060861,59.783064],[40.067062,59.782968],[40.070958,59.788021],[40.088605,59.778183],[40.106758,59.774693],[40.099913,59.749444],[40.11194,59.739176],[40.120849,59.749051],[40.146797,59.744058],[40.148913,59.731992],[40.161617,59.732428],[40.16546,59.725575],[40.179203,59.724413],[40.192963,59.7146],[40.217713,59.714068],[40.234213,59.723108],[40.2671,59.729662],[40.280246,59.723391],[40.292342,59.726579],[40.296831,59.723528],[40.371327,59.724624],[40.391446,59.736273],[40.415528,59.725312],[40.42344,59.767415],[40.523961,59.765636],[40.588474,59.759959],[40.58818,59.764957],[40.742888,59.76451],[40.747885,59.807723],[40.757672,59.812782],[40.762159,59.828894],[40.688332,59.835152],[40.69421,59.852924],[40.579801,59.86167],[40.590453,59.891135],[40.66744,59.882682],[40.669672,59.890298],[40.679119,59.895543],[40.676338,59.902396],[40.680727,59.908877],[40.673903,59.913505],[40.658864,59.915063],[40.649449,59.9293],[40.669328,59.928674],[40.685637,59.933883],[40.682019,59.940349],[40.687825,59.942602],[40.684329,59.947164],[40.675377,59.955755],[40.637026,59.955097],[40.633563,59.965024],[40.608308,59.972232],[40.610492,59.983234],[40.605095,59.991551],[40.613558,59.99916],[40.627562,59.998535],[40.640471,60.005336],[40.638205,60.016931],[40.629717,60.022973],[40.65203,60.024769],[40.657674,60.034461],[40.667416,60.034911],[40.679132,60.026958],[40.69855,60.033002],[40.747783,60.031603],[40.744056,60.044732],[40.696145,60.073882],[40.672141,60.078805],[40.670562,60.088043],[40.736119,60.104735],[40.737339,60.117651],[40.731055,60.118656],[40.733962,60.124818],[40.744718,60.130208],[40.732474,60.144186],[40.744698,60.155161],[40.739087,60.167913],[40.747334,60.168664],[40.747191,60.162338],[40.762995,60.15674],[40.792823,60.151402],[40.809806,60.158077],[40.809377,60.161771],[40.828474,60.163138],[40.838809,60.184061],[40.854382,60.197345],[40.837152,60.2083],[40.825621,60.209312],[40.848617,60.215532],[40.856338,60.240276],[40.875133,60.240358],[40.87992,60.262212],[40.872269,60.263009],[40.877243,60.273352],[40.905219,60.271768],[40.918565,60.263659],[40.941569,60.270096],[40.945819,60.28552],[40.971595,60.294874],[40.968116,60.302692],[40.979146,60.30847],[40.994789,60.309471],[41.000161,60.326216],[40.992444,60.337263],[40.966302,60.337544],[40.962882,60.343002],[40.938177,60.338186],[40.88402,60.310529],[40.86572,60.321305],[40.837092,60.327095],[40.835743,60.323889],[40.826028,60.328564],[40.812595,60.327399],[40.814111,60.3227],[40.805044,60.319421],[40.785894,60.320032],[40.8472,60.28238],[40.844647,60.275893],[40.797041,60.298082],[40.771966,60.296786],[40.75063,60.313877],[40.729587,60.304068],[40.694633,60.30703],[40.674946,60.313249],[40.664369,60.297001],[40.634173,60.301384],[40.649952,60.31357],[40.659905,60.315624],[40.659834,60.333073],[40.580439,60.333339],[40.576583,60.26096],[40.535939,60.260852],[40.526027,60.204744],[40.513286,60.204793],[40.512809,60.193991],[40.399105,60.19059],[40.282247,60.197472],[40.276083,60.211906],[40.261936,60.211834],[40.256265,60.215925],[40.249348,60.21666],[40.247825,60.209155],[40.240476,60.2085],[40.217899,60.211654],[40.21658,60.216763],[40.167799,60.217417],[40.175519,60.224153],[40.186503,60.224083],[40.198309,60.230165],[40.192502,60.234765],[40.194626,60.239064],[40.214078,60.255797],[40.278238,60.254007],[40.322175,60.246657],[40.370994,60.254723],[40.359413,60.265416],[40.396855,60.27418],[40.354131,60.30256],[40.302331,60.284536],[40.243967,60.287805],[40.237128,60.294698],[40.226348,60.293506],[40.207434,60.278588],[40.196357,60.276901],[40.17799,60.284441],[40.137278,60.286754],[40.118468,60.299988],[40.102001,60.294453],[40.087625,60.300172],[40.069986,60.289904],[40.049845,60.29199],[40.038662,60.284721],[40.029472,60.291197],[39.97767,60.290197],[39.979002,60.280045],[39.97053,60.243546],[39.959517,60.235806],[39.857265,60.240983],[39.839165,60.26061],[39.834042,60.255729],[39.821438,60.25559],[39.841001,60.314508],[39.695234,60.325784],[39.699111,60.342817],[39.665683,60.345809],[39.664702,60.353204],[39.655463,60.353627],[39.668717,60.382227],[39.648494,60.390255],[39.629808,60.391398],[39.612601,60.399581],[39.587674,60.400297],[39.579751,60.398255],[39.55401,60.365692],[39.515089,60.369403],[39.519267,60.351294],[39.4757,60.340579],[39.474632,60.329825],[39.48073,60.320305],[39.477711,60.31715],[39.467164,60.316101],[39.465488,60.312459],[39.452126,60.316741],[39.434766,60.316033],[39.433659,60.313246],[39.442889,60.309959],[39.439618,60.304035],[39.410658,60.309302],[39.413293,60.303501],[39.420615,60.30281],[39.418001,60.297936],[39.411359,60.295433],[39.393004,60.298366],[39.380923,60.266932],[39.391751,60.26074],[39.373829,60.253918]]]}},{"type":"Feature","id":"115106-1258","properties":{"id":"115106-1258","name":"Великоустюгский муниципальный округ","name_ru":"Великоустюгский муниципальный округ","subject_id":"115106","subject_name":"Вологодская область","source_gid":1258,"source_fid":1367,"names_rosstat":"Великоустюгский муниципальный округ","population":48563,"area_km2":7779.123892306395,"density_km2":6.242733844106677,"source":"Актуализированный объединённый GeoJSON, предоставленный преподавателем","name_en":"Velikoustiugskii Municipal Okrug","name_zh":"Velikoustiugskii市政专区","subject_name_en":"Vologda Oblast","subject_name_zh":"沃洛格达州"},"geometry":{"type":"Polygon","coordinates":[[[45.128822,60.556607],[45.159018,60.549225],[45.129824,60.441356],[45.22208,60.444162],[45.267401,60.411975],[45.282329,60.408371],[45.312411,60.336392],[45.37787,60.298216],[45.602053,60.283965],[45.620909,60.316809],[45.806979,60.361928],[46.191666,60.297347],[46.277451,60.248947],[46.283104,60.253822],[46.317269,60.241923],[46.35048,60.240307],[46.384976,60.246195],[46.390614,60.263111],[46.415822,60.268916],[46.47586,60.246362],[46.477851,60.242548],[46.497669,60.245533],[46.510605,60.243046],[46.521551,60.255153],[46.551983,60.260709],[46.635985,60.2627],[46.749426,60.234011],[46.763025,60.233679],[46.816341,60.297448],[46.794365,60.324729],[46.843537,60.358231],[46.781012,60.364117],[46.762769,60.36022],[46.758457,60.364781],[46.779351,60.396043],[46.79121,60.395297],[46.871727,60.414204],[46.859496,60.424031],[46.835654,60.432903],[46.863183,60.453227],[46.888754,60.454133],[46.890008,60.484233],[46.89548,60.489292],[46.883207,60.493769],[46.873836,60.513505],[46.936193,60.533324],[46.952446,60.531252],[46.952612,60.535232],[46.974586,60.5451],[46.97929,60.551955],[47.038023,60.544604],[47.038685,60.555632],[47.001618,60.557705],[47.01787,60.567158],[47.014388,60.575119],[47.004934,60.570392],[46.997222,60.574372],[46.999378,60.581504],[46.995895,60.584738],[46.99722,60.604888],[47.011815,60.610859],[47.007668,60.617078],[47.013141,60.624541],[46.999043,60.630594],[47.004682,60.635321],[46.993382,60.639225],[46.962752,60.639727],[46.96029,60.651887],[46.964362,60.657176],[46.996993,60.659389],[47.006089,60.669941],[46.976484,60.69233],[47.015613,60.708681],[46.982951,60.721814],[47.03308,60.725683],[47.067775,60.816416],[47.063853,60.822964],[47.073709,60.850334],[46.918638,60.859941],[46.923969,60.872366],[46.89963,60.881966],[46.816324,60.885489],[46.787605,60.925143],[46.78854,60.950693],[46.805996,60.965375],[46.582513,60.977647],[46.583576,60.983018],[46.542116,60.979338],[46.552399,61.023029],[46.52476,61.043915],[46.509044,61.045253],[46.504036,61.041194],[46.495228,61.044389],[46.484347,61.040503],[46.480581,61.014035],[46.464529,61.003994],[46.460486,61.009395],[46.463413,61.012065],[46.456289,61.012772],[46.454143,61.016973],[46.422515,61.015517],[46.416768,61.020449],[46.350996,60.997185],[46.31635,61.001971],[46.307677,60.974448],[45.760615,61.011219],[45.788077,61.104998],[45.809008,61.161534],[45.770547,61.164097],[45.764923,61.144975],[45.725269,61.147792],[45.730559,61.166771],[45.338127,61.195206],[45.326396,61.157483],[45.361133,61.154821],[45.350747,61.117501],[45.315298,61.119482],[45.246845,60.89212],[45.173351,60.627873],[45.155315,60.619317],[45.156905,60.596693],[45.135022,60.595895],[45.133252,60.587292],[45.154566,60.577218],[45.137992,60.570519],[45.137826,60.562218],[45.128822,60.556607]]]}},{"type":"Feature","id":"115106-1259","properties":{"id":"115106-1259","name":"Междуреченский муниципальный округ","name_ru":"Междуреченский муниципальный округ","subject_id":"115106","subject_name":"Вологодская область","source_gid":1259,"source_fid":1368,"names_rosstat":"Междуреченский муниципальный округ","population":4740,"area_km2":3672.664735641904,"density_km2":1.2906160352726965,"source":"Актуализированный объединённый GeoJSON, предоставленный преподавателем","name_en":"Mezhdurechenskii Municipal Okrug","name_zh":"Mezhdurechenskii市政专区","subject_name_en":"Vologda Oblast","subject_name_zh":"沃洛格达州"},"geometry":{"type":"Polygon","coordinates":[[[40.180394,59.258018],[40.191535,59.251137],[40.202301,59.234614],[40.223232,59.229883],[40.251892,59.212801],[40.242834,59.203484],[40.265573,59.213458],[40.277439,59.209657],[40.28056,59.201269],[40.294491,59.204768],[40.31158,59.19275],[40.29853,59.186994],[40.300066,59.177962],[40.312663,59.173796],[40.31338,59.169114],[40.302155,59.15758],[40.320565,59.15105],[40.307792,59.141563],[40.278849,59.152818],[40.274394,59.132783],[40.293786,59.12765],[40.314185,59.123407],[40.3188,59.127927],[40.325397,59.126024],[40.339077,59.136789],[40.365119,59.129281],[40.367321,59.152326],[40.377451,59.155035],[40.403879,59.135383],[40.422818,59.144646],[40.43471,59.140128],[40.475232,59.136513],[40.517956,59.107353],[40.524122,59.09921],[40.615296,59.095365],[40.616882,59.106765],[40.639433,59.098079],[40.646481,59.10984],[40.721886,59.119065],[40.720124,59.12666],[40.723648,59.131903],[40.74338,59.119788],[40.773331,59.129733],[40.788483,59.128649],[40.80152,59.121597],[40.806453,59.111106],[40.818081,59.112011],[40.819139,59.096994],[40.829709,59.092831],[40.84627,59.098079],[40.951603,59.097344],[40.964664,59.098803],[40.97735,59.10586],[40.999901,59.087401],[40.996377,59.075995],[41.016109,59.078711],[41.032318,59.062773],[41.012233,59.060056],[41.031613,59.046285],[41.057336,59.04556],[41.066497,59.036316],[41.134856,59.021265],[41.141551,59.028157],[41.131332,59.036316],[41.134503,59.04556],[41.121466,59.05607],[41.12957,59.059875],[41.105257,59.067845],[41.097153,59.075089],[41.113714,59.081427],[41.10561,59.09446],[41.073545,59.095365],[41.068259,59.087763],[41.057336,59.087039],[41.042889,59.09446],[41.039365,59.102603],[41.05346,59.107488],[41.064031,59.125032],[41.092572,59.127383],[41.126047,59.115267],[41.139084,59.116895],[41.153531,59.109659],[41.165864,59.093736],[41.184891,59.092107],[41.184539,59.084324],[41.175025,59.07853],[41.186301,59.076357],[41.24726,59.093736],[41.255012,59.087582],[41.275096,59.094279],[41.269106,59.122682],[41.310333,59.118884],[41.350854,59.123947],[41.36213,59.170388],[41.36213,59.191329],[41.35614,59.202336],[41.457973,59.198908],[42.090339,59.15592],[42.098663,59.24982],[42.066766,59.245886],[42.031676,59.254315],[42.0292,59.241964],[41.948345,59.261517],[41.933234,59.276758],[41.893943,59.293006],[41.902117,59.29383],[41.938463,59.27723],[41.9622,59.281708],[41.986462,59.3929],[41.998126,59.398337],[42.034863,59.429549],[42.058992,59.427412],[42.089084,59.431424],[42.126811,59.420086],[42.127231,59.446432],[42.138506,59.481521],[42.172686,59.481164],[42.171961,59.570444],[42.017232,59.574689],[42.004597,59.583777],[41.992618,59.584288],[41.991552,59.592636],[42.024601,59.600734],[42.003835,59.607568],[41.982203,59.598236],[41.98244,59.603028],[41.938364,59.620981],[41.938012,59.646276],[41.910175,59.648769],[41.856263,59.63559],[41.856263,59.631315],[41.848864,59.628287],[41.870358,59.615813],[41.870006,59.609575],[41.838293,59.599591],[41.891852,59.575154],[41.886567,59.569979],[41.866482,59.563732],[41.839702,59.564624],[41.829484,59.560697],[41.833008,59.55552],[41.825608,59.553377],[41.782972,59.567837],[41.770287,59.576046],[41.757602,59.577117],[41.757249,59.567659],[41.735755,59.574797],[41.727299,59.582826],[41.732584,59.590496],[41.717785,59.590853],[41.702281,59.567659],[41.677615,59.565338],[41.681139,59.561411],[41.70369,59.558198],[41.694529,59.52015],[41.701576,59.515324],[41.6977,59.508709],[41.681844,59.50853],[41.67233,59.482058],[41.665987,59.478658],[41.613485,59.477943],[41.592696,59.467741],[41.56944,59.46595],[41.55746,59.448581],[41.515176,59.455745],[41.481349,59.432099],[41.458446,59.440162],[41.46655,59.460042],[41.431314,59.464339],[41.424266,59.459147],[41.352384,59.460042],[41.358727,59.508172],[41.33829,59.510139],[41.336176,59.501735],[41.288959,59.486889],[41.268874,59.489036],[41.255837,59.495118],[41.230819,59.485637],[41.205801,59.49315],[41.20122,59.471679],[41.153299,59.474005],[41.12652,59.470605],[41.10714,59.473647],[41.009263,59.502409],[41.006011,59.485816],[40.979232,59.471858],[40.727494,59.470025],[40.739394,59.459084],[40.772087,59.458609],[40.786025,59.454176],[40.790695,59.446646],[40.78717,59.439345],[40.791919,59.435057],[40.819282,59.428272],[40.875288,59.425963],[40.879622,59.417618],[40.871024,59.413083],[40.848043,59.414872],[40.830793,59.40883],[40.795383,59.404574],[40.778603,59.398588],[40.779075,59.391446],[40.719413,59.3856],[40.716115,59.381899],[40.717947,59.373282],[40.70091,59.369611],[40.688757,59.37238],[40.67746,59.361925],[40.672227,59.364758],[40.665542,59.360073],[40.66846,59.350273],[40.656758,59.343398],[40.659143,59.348962],[40.655039,59.358151],[40.657853,59.359675],[40.644318,59.362977],[40.590745,59.340218],[40.578829,59.33095],[40.519119,59.331519],[40.507239,59.323966],[40.51329,59.321027],[40.480834,59.306489],[40.46808,59.311376],[40.462674,59.306425],[40.442201,59.30903],[40.429679,59.319192],[40.40144,59.317721],[40.400668,59.324185],[40.392944,59.326024],[40.386706,59.321373],[40.35647,59.32534],[40.355793,59.321102],[40.374576,59.3149],[40.377786,59.308855],[40.348806,59.308332],[40.345737,59.306314],[40.34711,59.299688],[40.337154,59.289311],[40.327775,59.28824],[40.318614,59.294044],[40.311089,59.287473],[40.291391,59.290225],[40.282503,59.28645],[40.282088,59.281746],[40.257419,59.273476],[40.235234,59.282086],[40.220148,59.281792],[40.217918,59.278439],[40.232044,59.275651],[40.240616,59.266262],[40.221154,59.26889],[40.218715,59.266706],[40.226249,59.262239],[40.20739,59.257413],[40.201643,59.258746],[40.203744,59.264892],[40.200677,59.26683],[40.180394,59.258018]]]}},{"type":"Feature","id":"115106-1261","properties":{"id":"115106-1261","name":"Вытегорский район","name_ru":"Вытегорский район","subject_id":"115106","subject_name":"Вологодская область","source_gid":1261,"source_fid":1370,"names_rosstat":"Вытегорский муниципальный район","population":21686,"area_km2":14561.774794277417,"density_km2":1.4892415455101193,"source":"Актуализированный объединённый GeoJSON, предоставленный преподавателем","name_en":"Vytegorskii District","name_zh":"Vytegorskii区","subject_name_en":"Vologda Oblast","subject_name_zh":"沃洛格达州"},"geometry":{"type":"Polygon","coordinates":[[[37.861153,60.624923],[37.832721,60.602886],[37.811137,60.598021],[37.80252,60.578247],[37.768546,60.582965],[37.76242,60.591083],[37.750902,60.594656],[37.726397,60.59422],[37.722644,60.587271],[37.68418,60.579845],[37.685019,60.58734],[37.651499,60.58797],[37.638666,60.59198],[37.497372,60.592913],[37.495873,60.612365],[37.246963,60.614968],[37.173352,60.584959],[37.165279,60.572038],[37.142493,60.566689],[37.106272,60.54372],[37.099227,60.54846],[37.037679,60.545524],[36.987238,60.56011],[36.992304,60.549511],[36.934104,60.497236],[36.932093,60.489559],[36.904019,60.49181],[36.894246,60.498621],[36.829803,60.490596],[36.81737,60.494173],[36.769677,60.495004],[36.76031,60.506555],[36.738905,60.509682],[36.689248,60.527629],[36.651391,60.529801],[36.61215,60.543276],[36.572951,60.548157],[36.566556,60.552682],[36.537813,60.552397],[36.468163,60.530619],[36.461875,60.524731],[36.44257,60.525752],[36.441708,60.51133],[36.42166,60.496659],[36.416745,60.48715],[36.398623,60.480053],[36.395163,60.474546],[36.403044,60.471864],[36.405447,60.466348],[36.389589,60.456259],[36.38457,60.474216],[36.337577,60.46707],[36.324591,60.458964],[36.276555,60.452495],[36.279912,60.439597],[36.241897,60.45007],[36.228255,60.445541],[36.162006,60.467845],[36.117331,60.466531],[36.073009,60.445051],[35.960791,60.457645],[35.920037,60.451688],[35.858679,60.41828],[35.84746,60.429978],[35.704431,60.429172],[35.697442,60.413969],[35.566025,60.407621],[35.561762,60.421289],[35.542903,60.426649],[35.549292,60.46186],[35.530285,60.455394],[35.490279,60.456515],[35.471509,60.469036],[35.405316,60.472042],[35.349646,60.459198],[35.351963,60.479725],[35.278109,60.478981],[35.298761,60.601439],[35.272549,60.610176],[35.280057,60.617002],[35.281694,60.637821],[35.261077,60.669493],[35.268107,60.677753],[35.257049,60.683077],[35.258414,60.689493],[35.20872,60.698093],[35.208583,60.703144],[35.237252,60.714475],[35.237523,60.731336],[35.220458,60.733519],[35.184143,60.751096],[35.175541,60.770072],[35.181548,60.778536],[35.195062,60.785772],[35.200044,60.799253],[35.223662,60.800618],[35.241953,60.834339],[35.259018,60.83393],[35.253966,60.841984],[35.261611,60.846421],[35.286867,60.844237],[35.328845,60.856934],[35.363521,60.860621],[35.409392,60.853796],[35.412804,60.856799],[35.461678,60.856936],[35.469732,60.860486],[35.468503,60.864991],[35.476149,60.864718],[35.484339,60.872022],[35.480926,60.875298],[35.487478,60.882671],[35.51874,60.893593],[35.519217,60.911579],[35.526167,60.920633],[35.696684,61.003459],[35.701312,61.214345],[36.499441,61.416318],[36.516838,61.427001],[36.495489,61.44098],[36.576504,61.515389],[36.584329,61.53946],[36.695913,61.560066],[36.721623,61.550363],[36.873933,61.539284],[36.883783,61.56252],[37.029972,61.614232],[37.032279,61.599364],[37.057142,61.599671],[37.170795,61.557221],[37.29236,61.550556],[37.291399,61.528535],[37.304611,61.510119],[37.467148,61.511015],[37.52285,61.529969],[37.569782,61.524226],[37.705644,61.539714],[37.758623,61.531392],[37.81674,61.529811],[37.836488,61.501609],[37.807225,61.452017],[37.849785,61.432417],[37.832716,61.406257],[37.823888,61.400439],[37.843131,61.375653],[37.88074,61.366033],[37.872908,61.290487],[37.952744,61.266925],[37.953559,61.229406],[38.018173,61.224792],[38.007959,61.141705],[38.061167,61.140756],[38.123649,61.160508],[38.177177,61.131388],[38.19894,61.109455],[38.176661,61.09892],[38.211378,61.063861],[38.269752,61.068007],[38.276315,61.058335],[38.206026,61.038128],[38.188411,61.025866],[38.189276,61.003932],[38.220363,60.990807],[38.217256,60.975781],[38.181332,60.985107],[38.21795,60.931051],[38.252837,60.914644],[38.308276,60.9162],[38.325893,60.904801],[38.367169,60.914128],[38.367515,60.901002],[38.392299,60.892972],[38.388273,60.884511],[38.40943,60.876998],[38.406667,60.873285],[38.410639,60.866636],[38.404595,60.859987],[38.407618,60.850315],[38.400537,60.846947],[38.400451,60.843234],[38.404683,60.836067],[38.403475,60.827691],[38.411809,60.821008],[38.411156,60.815029],[38.281083,60.820057],[38.27027,60.695577],[38.118059,60.698916],[38.106961,60.694883],[38.100279,60.699243],[37.929901,60.704112],[37.914034,60.710916],[37.879618,60.694193],[37.863979,60.691004],[37.875033,60.672399],[37.864905,60.663181],[37.864596,60.655498],[37.879857,60.637252],[37.878051,60.631151],[37.861153,60.624923]]]}},{"type":"Feature","id":"115106-1266","properties":{"id":"115106-1266","name":"Бабушкинский муниципальный округ","name_ru":"Бабушкинский муниципальный округ","subject_id":"115106","subject_name":"Вологодская область","source_gid":1266,"source_fid":1375,"names_rosstat":"Бабушкинский муниципальный округ","population":9307,"area_km2":7770.568737030562,"density_km2":1.1977244285411943,"source":"Актуализированный объединённый GeoJSON, предоставленный преподавателем","name_en":"Babushkinskii Municipal Okrug","name_zh":"Babushkinskii市政专区","subject_name_en":"Vologda Oblast","subject_name_zh":"沃洛格达州"},"geometry":{"type":"Polygon","coordinates":[[[42.857947,59.858431],[42.871853,59.852491],[42.870012,59.834916],[42.890981,59.836307],[42.895936,59.8269],[42.921813,59.820258],[42.935577,59.807524],[42.919611,59.803647],[42.939982,59.790629],[42.911903,59.774004],[42.915757,59.690196],[42.920712,59.676578],[42.957049,59.633743],[42.980724,59.608406],[42.996139,59.598098],[42.996672,59.57095],[43.241879,59.568468],[43.256435,59.575548],[43.26107,59.562419],[43.242874,59.563028],[43.236866,59.557462],[43.229938,59.537053],[43.242469,59.524974],[43.245964,59.508197],[43.24554,59.500932],[43.232059,59.492602],[43.269713,59.464243],[43.26319,59.464142],[43.252398,59.426195],[43.182126,59.430757],[43.170552,59.392953],[43.094308,59.397733],[43.087818,59.360194],[42.940564,59.368218],[42.906151,59.198457],[42.912083,59.200504],[42.915087,59.191274],[42.928633,59.19473],[42.961616,59.191366],[42.959777,59.195358],[42.979717,59.197296],[42.992592,59.202921],[42.98933,59.212061],[43.006994,59.212692],[43.028181,59.202897],[43.052189,59.211202],[43.049735,59.216396],[43.065669,59.227707],[43.076663,59.228861],[43.0725,59.236084],[43.08541,59.232988],[43.085947,59.236714],[43.075623,59.242122],[43.084482,59.250143],[43.122755,59.255232],[43.140847,59.249146],[43.151491,59.254514],[43.149096,59.263251],[43.136745,59.266006],[43.132497,59.281689],[43.135939,59.291027],[43.143818,59.292548],[43.14679,59.288517],[43.14121,59.286923],[43.140064,59.280662],[43.143517,59.267955],[43.175206,59.263005],[43.211067,59.239016],[43.21068,59.23588],[43.231649,59.234608],[43.235867,59.228369],[43.240482,59.228415],[43.238291,59.232423],[43.263919,59.246937],[43.284226,59.243021],[43.284388,59.238587],[43.29795,59.233415],[43.29415,59.227636],[43.327444,59.211571],[43.334569,59.198145],[43.382571,59.204406],[43.369449,59.230832],[43.34376,59.24626],[43.33743,59.266158],[43.361899,59.279903],[43.420694,59.291302],[43.453088,59.288263],[43.505078,59.305362],[43.513902,59.297745],[43.508454,59.259547],[43.544296,59.257314],[43.543277,59.249671],[43.530879,59.240261],[43.557065,59.217689],[43.525388,59.207577],[43.52541,59.196158],[43.520612,59.191797],[43.531316,59.185715],[43.534962,59.1785],[43.553505,59.182378],[43.566936,59.179544],[43.594674,59.188998],[43.610897,59.189801],[43.616033,59.207928],[43.63605,59.211152],[43.636929,59.217617],[43.609263,59.23455],[43.625249,59.2391],[43.638518,59.23213],[43.650682,59.236813],[43.674542,59.233587],[43.671234,59.244139],[43.693485,59.259948],[43.741679,59.258542],[43.756971,59.269301],[43.775239,59.268426],[43.806349,59.242564],[43.844462,59.237603],[43.900833,59.239426],[43.927293,59.228381],[43.94817,59.208092],[43.981004,59.208149],[43.988093,59.213258],[44.090678,59.234088],[44.171108,59.237329],[44.207774,59.225699],[44.216644,59.238908],[44.22325,59.238345],[44.265644,59.342938],[44.283813,59.3362],[44.30033,59.342096],[44.293172,59.36062],[44.279959,59.363145],[44.262891,59.360339],[44.267846,59.384742],[44.398331,59.37689],[44.415398,59.449729],[44.437455,59.464877],[44.423683,59.476895],[44.425548,59.495745],[44.434654,59.515102],[44.466617,59.524612],[44.477612,59.59661],[44.493028,59.640606],[44.505691,59.663138],[44.50404,59.674537],[44.480916,59.675371],[44.479264,59.69538],[44.490276,59.702047],[44.492478,59.710656],[44.501287,59.709268],[44.503489,59.714821],[44.486422,59.722872],[44.493028,59.744794],[44.531568,59.74313],[44.534872,59.750065],[44.563501,59.74951],[44.569007,59.741743],[44.566254,59.737304],[44.593232,59.736749],[44.590479,59.745627],[44.573411,59.750342],[44.594883,59.756166],[44.62076,59.739801],[44.63012,59.743685],[44.642783,59.766979],[44.658199,59.763375],[44.679671,59.77086],[44.679671,59.784994],[44.68848,59.793859],[44.704997,59.800229],[44.710502,59.795244],[44.728121,59.791366],[44.739683,59.796075],[44.771065,59.787211],[44.786102,59.791778],[44.789654,59.802476],[44.795273,59.803809],[44.809054,59.820994],[44.823919,59.831786],[44.790335,59.853913],[44.780853,59.898338],[44.755098,59.896743],[44.747941,59.905302],[44.761155,59.929588],[44.780618,59.936238],[44.837133,59.979483],[44.823919,59.994629],[44.844841,60.001787],[44.854486,60.041649],[44.589901,60.064284],[44.585571,60.059602],[44.378932,60.033721],[44.363136,60.027599],[44.353008,60.017221],[44.337117,60.011949],[44.340048,59.992548],[44.33628,59.988412],[44.329018,59.988983],[44.213797,60.03406],[44.172389,60.064781],[44.165593,60.089667],[44.151684,60.109354],[44.134152,60.113896],[44.150576,60.131733],[44.07152,60.13734],[44.06163,60.095691],[44.013123,60.103895],[44.011702,60.118503],[43.944834,60.121049],[43.945601,60.132559],[43.909336,60.132321],[43.906143,60.105719],[43.753029,60.109312],[43.720686,60.079141],[43.708574,60.072549],[43.693708,60.072549],[43.688203,60.042595],[43.650764,60.04287],[43.637,60.014541],[43.619932,59.996375],[43.636449,59.989767],[43.626539,59.98178],[43.641955,59.973791],[43.616453,59.955234],[43.52151,59.961388],[43.51881,59.94738],[43.442222,59.949761],[43.448763,59.979464],[43.373404,59.98409],[43.377199,60.002189],[43.222423,60.015366],[43.208108,60.009312],[43.184984,60.021419],[43.13268,60.022244],[43.122219,60.030221],[43.040185,60.017697],[43.039634,60.004051],[43.073499,59.988692],[43.072365,59.983464],[43.052297,59.974196],[43.02805,59.97425],[43.029799,59.968335],[43.012646,59.958521],[42.989953,59.9579],[42.987298,59.939157],[42.869057,59.943309],[42.857947,59.858431]]]}},{"type":"Feature","id":"115106-1267","properties":{"id":"115106-1267","name":"Устюженский муниципальный округ","name_ru":"Устюженский муниципальный округ","subject_id":"115106","subject_name":"Вологодская область","source_gid":1267,"source_fid":1376,"names_rosstat":"Устюженский муниципальный округ","population":15048,"area_km2":3609.082366594936,"density_km2":4.169480901650175,"source":"Актуализированный объединённый GeoJSON, предоставленный преподавателем","name_en":"Ustiuzhenskii Municipal Okrug","name_zh":"Ustiuzhenskii市政专区","subject_name_en":"Vologda Oblast","subject_name_zh":"沃洛格达州"},"geometry":{"type":"Polygon","coordinates":[[[35.68513,59.025282],[35.714775,59.005746],[35.708341,59.002017],[35.69034,59.00283],[35.695488,58.98972],[35.749513,58.959392],[35.750703,58.945781],[35.731065,58.934506],[35.738199,58.930662],[35.749072,58.933149],[35.748741,58.926089],[35.738793,58.923268],[35.734902,58.911355],[35.727121,58.912671],[35.739806,58.844468],[35.75633,58.842318],[35.769218,58.833541],[35.776388,58.833228],[35.775798,58.829755],[35.795175,58.827091],[35.805497,58.819387],[35.828776,58.812663],[35.824363,58.807005],[35.796712,58.812426],[35.790648,58.821448],[35.778555,58.825666],[35.776892,58.82179],[35.759546,58.819649],[35.744993,58.82213],[35.750499,58.781599],[35.76222,58.773719],[35.775429,58.772214],[35.778578,58.768802],[35.776391,58.761506],[35.783203,58.753698],[35.83502,58.75555],[35.858508,58.744873],[35.875279,58.746012],[35.899606,58.755415],[35.915402,58.753967],[35.925393,58.747785],[35.973443,58.749257],[35.977771,58.740494],[35.963902,58.734935],[35.916477,58.739376],[35.922548,58.733983],[35.945904,58.730122],[35.944691,58.72529],[35.962348,58.727803],[35.967051,58.733536],[35.995889,58.735022],[35.99865,58.730896],[35.979481,58.729842],[35.970911,58.722584],[35.992851,58.719759],[35.995229,58.704059],[36.010762,58.703056],[36.019766,58.728373],[36.033312,58.725155],[36.045221,58.714719],[36.069364,58.71009],[36.066152,58.721897],[36.111139,58.722437],[36.106949,58.716485],[36.119013,58.699482],[36.121768,58.680991],[36.12216,58.676553],[36.116421,58.674069],[36.153557,58.632827],[36.127689,58.623972],[36.1498,58.613111],[36.160481,58.617877],[36.19928,58.61869],[36.2003,58.610647],[36.212521,58.606008],[36.219745,58.607657],[36.228919,58.600179],[36.224261,58.597093],[36.22529,58.584107],[36.228686,58.582474],[36.212666,58.568267],[36.212545,58.559521],[36.190315,58.546669],[36.199664,58.541968],[36.196001,58.53677],[36.199784,58.53536],[36.187793,58.532326],[36.178425,58.539327],[36.173405,58.535538],[36.188865,58.524032],[36.177252,58.521432],[36.181682,58.51165],[36.208506,58.509586],[36.218577,58.506437],[36.219251,58.502198],[36.231571,58.502161],[36.243809,58.521414],[36.273149,58.519213],[36.287792,58.515481],[36.327985,58.490076],[36.330624,58.482719],[36.339877,58.483135],[36.34979,58.477315],[36.359827,58.47943],[36.352442,58.490263],[36.362232,58.495328],[36.364447,58.502959],[36.380508,58.508409],[36.381354,58.512344],[36.392277,58.512465],[36.384477,58.518064],[36.406988,58.518201],[36.413103,58.51352],[36.434238,58.51164],[36.443356,58.518802],[36.452523,58.516482],[36.455388,58.527473],[36.464137,58.52907],[36.478407,58.526315],[36.476754,58.51935],[36.503051,58.515479],[36.520438,58.525277],[36.522387,58.543852],[36.537297,58.55169],[36.540669,58.560647],[36.543755,58.559709],[36.543732,58.569482],[36.513124,58.573859],[36.506743,58.576879],[36.507854,58.580589],[36.539135,58.603816],[36.551017,58.599867],[36.56789,58.603485],[36.579527,58.599135],[36.58518,58.601252],[36.594985,58.614128],[36.58449,58.61961],[36.587092,58.626687],[36.630504,58.619255],[36.632528,58.634531],[36.638635,58.642348],[36.629739,58.650605],[36.66368,58.701749],[36.687498,58.694438],[36.689716,58.701467],[36.685747,58.709504],[36.699908,58.714881],[36.707297,58.712223],[36.721537,58.715532],[36.735745,58.710613],[36.742759,58.716042],[36.761996,58.71331],[36.786289,58.723385],[36.810425,58.723997],[36.809179,58.735744],[36.829193,58.742107],[36.821025,58.752279],[36.821566,58.760337],[36.805186,58.762126],[36.802234,58.767423],[36.779681,58.774926],[36.769579,58.787638],[36.774721,58.792076],[36.76215,58.796655],[36.765447,58.800944],[36.781957,58.800159],[36.783811,58.810323],[36.800934,58.808617],[36.847864,58.836168],[36.883815,58.835535],[36.901667,58.831341],[36.908873,58.835002],[36.911194,58.831195],[36.925525,58.829042],[36.959319,58.828296],[36.969572,58.8354],[36.978069,58.830159],[36.980912,58.837021],[36.993324,58.831133],[36.997589,58.838681],[37.017525,58.834943],[37.031405,58.836855],[37.032297,58.846149],[37.05573,58.860718],[37.070959,58.863139],[37.121601,58.853441],[37.121328,58.859693],[37.106106,58.87163],[37.088347,58.87622],[37.080047,58.883],[37.088842,58.882884],[37.059526,58.894419],[37.052561,58.908224],[37.065814,58.914497],[37.058117,58.920581],[37.069575,58.930735],[37.048744,58.939298],[37.030038,58.952682],[37.025262,58.962598],[37.010096,58.972103],[37.00946,58.989497],[37.001044,58.995491],[37.009897,59.004853],[36.991756,59.018984],[36.961166,59.02825],[36.926419,59.050905],[36.888007,59.058693],[36.884784,59.06908],[36.892312,59.123686],[36.872193,59.148013],[36.887726,59.159359],[36.890229,59.166229],[36.738336,59.161188],[36.732812,59.171677],[36.400101,59.213203],[36.328339,59.147994],[36.343642,59.140952],[36.34416,59.137392],[36.322616,59.139079],[36.293705,59.123122],[36.301148,59.10468],[36.279423,59.070745],[36.245399,59.051457],[36.203714,59.039215],[36.188065,59.039846],[36.139832,59.025946],[36.125833,59.030148],[36.111939,59.026096],[36.110909,59.057495],[36.04101,59.058273],[36.042368,59.090432],[36.019596,59.08913],[35.998984,59.096997],[35.96328,59.088637],[35.967598,59.083521],[35.957217,59.076535],[35.946599,59.085408],[35.928294,59.075797],[35.928731,59.070459],[35.914366,59.075364],[35.916056,59.068046],[35.904751,59.064193],[35.894795,59.067134],[35.882222,59.061876],[35.876022,59.070472],[35.852378,59.070589],[35.849216,59.063272],[35.858714,59.055856],[35.82412,59.051278],[35.843123,59.048983],[35.864658,59.038893],[35.810031,59.010476],[35.746752,59.026467],[35.707345,59.03076],[35.685889,59.028898],[35.68513,59.025282]]]}},{"type":"Feature","id":"115106-1268","properties":{"id":"115106-1268","name":"Чагодощенский муниципальный округ","name_ru":"Чагодощенский муниципальный округ","subject_id":"115106","subject_name":"Вологодская область","source_gid":1268,"source_fid":1377,"names_rosstat":"Чагодощенский муниципальный округ","population":10732,"area_km2":2426.008302247297,"density_km2":4.423727647617104,"source":"Актуализированный объединённый GeoJSON, предоставленный преподавателем","name_en":"Chagodoshchenskii Municipal Okrug","name_zh":"Chagodoshchenskii市政专区","subject_name_en":"Vologda Oblast","subject_name_zh":"沃洛格达州"},"geometry":{"type":"Polygon","coordinates":[[[34.719093,59.077804],[34.787139,59.059266],[34.864922,59.055515],[34.897115,59.049106],[34.880476,59.037994],[34.886035,59.021586],[34.854364,59.005326],[34.868292,58.990595],[34.964019,58.97239],[34.962141,58.959056],[34.952621,58.954057],[34.962271,58.94827],[34.982039,58.946547],[34.998257,58.939983],[35.012299,58.951467],[35.037478,58.954021],[35.050143,58.949693],[35.047105,58.93273],[35.010426,58.93434],[35.004141,58.931586],[35.007472,58.926568],[35.038081,58.923528],[35.043721,58.927115],[35.071264,58.926817],[35.099591,58.939054],[35.098077,58.942707],[35.110562,58.947874],[35.11757,58.94557],[35.126324,58.950953],[35.154012,58.949504],[35.154644,58.943834],[35.17886,58.948819],[35.184974,58.94331],[35.176636,58.939082],[35.181839,58.933241],[35.180022,58.928373],[35.199426,58.918847],[35.186885,58.91089],[35.185089,58.905083],[35.161184,58.907339],[35.156063,58.898592],[35.138309,58.885517],[35.131941,58.868317],[35.143263,58.84902],[35.130238,58.827614],[35.128426,58.81525],[35.152763,58.815226],[35.168358,58.820218],[35.175289,58.816589],[35.209615,58.829118],[35.226771,58.829927],[35.222325,58.823233],[35.245632,58.815665],[35.226725,58.808002],[35.224482,58.791376],[35.238276,58.79753],[35.253609,58.792572],[35.247236,58.78074],[35.27866,58.786333],[35.286575,58.782539],[35.28038,58.777662],[35.289017,58.767488],[35.297361,58.772269],[35.291854,58.776714],[35.29844,58.780724],[35.289967,58.79078],[35.296766,58.79382],[35.293246,58.795994],[35.299956,58.799885],[35.317402,58.799765],[35.317384,58.804672],[35.329161,58.809572],[35.335362,58.807154],[35.341606,58.816833],[35.366683,58.827381],[35.360917,58.830063],[35.3644,58.838694],[35.342993,58.838799],[35.344805,58.842407],[35.358572,58.842476],[35.360265,58.846879],[35.3872,58.841041],[35.409386,58.84934],[35.43756,58.847561],[35.461428,58.861123],[35.468928,58.84862],[35.491686,58.843629],[35.498963,58.837899],[35.507006,58.841272],[35.503116,58.844356],[35.515035,58.848494],[35.515087,58.844847],[35.552567,58.847333],[35.557281,58.828387],[35.575546,58.829182],[35.57926,58.810316],[35.726526,58.8181],[35.711735,58.821923],[35.724038,58.838771],[35.707124,58.838201],[35.70997,58.841811],[35.74312,58.838753],[35.75633,58.842318],[35.739806,58.844468],[35.727121,58.912671],[35.734902,58.911355],[35.738793,58.923268],[35.748741,58.926089],[35.749072,58.933149],[35.738199,58.930662],[35.731065,58.934506],[35.750703,58.945781],[35.749513,58.959392],[35.695488,58.98972],[35.69034,59.00283],[35.708341,59.002017],[35.714775,59.005746],[35.68513,59.025282],[35.685889,59.028898],[35.707345,59.03076],[35.746752,59.026467],[35.810031,59.010476],[35.864658,59.038893],[35.843123,59.048983],[35.82412,59.051278],[35.858714,59.055856],[35.849216,59.063272],[35.855232,59.071494],[35.876022,59.070472],[35.882222,59.061876],[35.894795,59.067134],[35.888797,59.070831],[35.888666,59.082262],[35.87052,59.094358],[35.875208,59.102583],[35.850243,59.115134],[35.845661,59.127117],[35.894083,59.135233],[35.895151,59.150367],[35.910861,59.182956],[35.901308,59.18653],[35.906997,59.207525],[35.833126,59.245073],[35.806284,59.248896],[35.78786,59.239309],[35.782804,59.247808],[35.776593,59.249288],[35.725295,59.24775],[35.544237,59.264146],[35.536643,59.269667],[35.511279,59.2661],[35.507867,59.256762],[35.495679,59.254251],[35.495878,59.250993],[35.456422,59.232788],[35.393398,59.253938],[35.386452,59.253122],[35.387257,59.249976],[35.376953,59.253271],[35.396223,59.317561],[35.35703,59.307346],[35.24689,59.30188],[35.188167,59.286016],[35.195082,59.277462],[35.176958,59.261219],[35.178207,59.25783],[35.148201,59.256286],[35.130766,59.248955],[35.100451,59.246096],[35.027462,59.252607],[35.002118,59.247009],[34.976873,59.224249],[34.968672,59.227697],[34.938965,59.221926],[34.919595,59.229148],[34.921868,59.236392],[34.916011,59.240395],[34.915228,59.229375],[34.927517,59.213321],[34.914507,59.211521],[34.896945,59.218702],[34.863305,59.215629],[34.862588,59.211173],[34.84926,59.201096],[34.849982,59.171878],[34.842542,59.173004],[34.837286,59.169113],[34.834489,59.14768],[34.843431,59.146946],[34.834593,59.127254],[34.803671,59.127321],[34.784901,59.114522],[34.783195,59.100666],[34.76224,59.089266],[34.752138,59.09343],[34.730978,59.088395],[34.722363,59.084852],[34.719093,59.077804]]]}},{"type":"Feature","id":"115106-1269","properties":{"id":"115106-1269","name":"Бабаевский муниципальный округ","name_ru":"Бабаевский муниципальный округ","subject_id":"115106","subject_name":"Вологодская область","source_gid":1269,"source_fid":1378,"names_rosstat":"Бабаевский муниципальный округ","population":18541,"area_km2":9330.340651407796,"density_km2":1.987172890327693,"source":"Актуализированный объединённый GeoJSON, предоставленный преподавателем","name_en":"Babaevskii Municipal Okrug","name_zh":"Babaevskii市政专区","subject_name_en":"Vologda Oblast","subject_name_zh":"沃洛格达州"},"geometry":{"type":"Polygon","coordinates":[[[35.140138,60.042845],[35.145555,60.02078],[35.282711,60.014191],[35.286651,60.000382],[35.322887,59.995253],[35.321387,59.980802],[35.446386,59.977593],[35.447103,59.916773],[35.4222,59.905566],[35.375027,59.8579],[35.407351,59.719425],[35.442658,59.705428],[35.565239,59.710899],[35.584817,59.720882],[35.615236,59.712406],[35.605574,59.614382],[35.49466,59.651901],[35.493687,59.535702],[35.474872,59.546529],[35.466135,59.5467],[35.441465,59.534755],[35.434463,59.538645],[35.40948,59.530044],[35.425454,59.518303],[35.45303,59.518304],[35.46514,59.523802],[35.476921,59.516666],[35.489071,59.521308],[35.497331,59.509056],[35.511666,59.5081],[35.512622,59.503459],[35.495148,59.50147],[35.417065,59.517033],[35.316317,59.520275],[35.31825,59.486473],[35.373058,59.472722],[35.4071,59.44137],[35.390374,59.429054],[35.411944,59.428918],[35.418907,59.421136],[35.428736,59.42728],[35.440613,59.425505],[35.426143,59.40885],[35.446621,59.411853],[35.442389,59.404345],[35.413721,59.398474],[35.395701,59.389634],[35.392971,59.380897],[35.347921,59.365879],[35.325941,59.365606],[35.323893,59.372568],[35.314337,59.372432],[35.311812,59.363217],[35.297205,59.35093],[35.299507,59.340983],[35.354194,59.322604],[35.357548,59.327313],[35.36806,59.328542],[35.373384,59.32704],[35.372156,59.323218],[35.390586,59.32745],[35.392361,59.320624],[35.382531,59.321102],[35.396223,59.317561],[35.376953,59.253271],[35.387257,59.249976],[35.386452,59.253122],[35.393398,59.253938],[35.456422,59.232788],[35.495878,59.250993],[35.495679,59.254251],[35.507867,59.256762],[35.511279,59.2661],[35.536643,59.269667],[35.544237,59.264146],[35.725295,59.24775],[35.776593,59.249288],[35.782804,59.247808],[35.78786,59.239309],[35.806284,59.248896],[35.833126,59.245073],[35.906997,59.207525],[35.901308,59.18653],[35.910861,59.182956],[35.895151,59.150367],[35.894083,59.135233],[35.845661,59.127117],[35.850243,59.115134],[35.875208,59.102583],[35.87052,59.094358],[35.888666,59.082262],[35.888797,59.070831],[35.906646,59.064593],[35.916056,59.068046],[35.914366,59.075364],[35.928731,59.070459],[35.928294,59.075797],[35.946599,59.085408],[35.957217,59.076535],[35.967598,59.083521],[35.96328,59.088637],[35.987237,59.09602],[35.995759,59.094009],[35.998984,59.096997],[36.019596,59.08913],[36.042368,59.090432],[36.04101,59.058273],[36.110909,59.057495],[36.111939,59.026096],[36.125833,59.030148],[36.139832,59.025946],[36.188065,59.039846],[36.203714,59.039215],[36.245399,59.051457],[36.279423,59.070745],[36.301148,59.10468],[36.293705,59.123122],[36.322616,59.139079],[36.34416,59.137392],[36.343642,59.140952],[36.328339,59.147994],[36.400101,59.213203],[36.546449,59.196976],[36.560291,59.244045],[36.547696,59.251899],[36.48861,59.246208],[36.467563,59.213176],[36.462184,59.214015],[36.477269,59.246551],[36.464289,59.255703],[36.468431,59.266609],[36.506614,59.273223],[36.511579,59.28972],[36.567987,59.308869],[36.548302,59.330919],[36.517283,59.331517],[36.490918,59.344322],[36.470416,59.345193],[36.484153,59.35526],[36.276194,59.509948],[36.365452,59.544019],[36.364264,59.558095],[36.446154,59.586995],[36.431928,59.594373],[36.419704,59.594664],[36.422687,59.596605],[36.417993,59.603795],[36.454462,59.613118],[36.445796,59.626799],[36.459831,59.614567],[36.483491,59.605666],[36.505928,59.620813],[36.492173,59.633147],[36.499451,59.634044],[36.483299,59.664018],[36.445221,59.703708],[36.417687,59.726127],[36.431409,59.762861],[36.540402,59.753955],[36.556491,59.748884],[36.558734,59.744838],[36.594268,59.746224],[36.592101,59.730912],[36.564259,59.726613],[36.580901,59.701798],[36.586335,59.710695],[36.610539,59.719096],[36.611873,59.725892],[36.602153,59.731366],[36.611351,59.746316],[36.719654,59.74476],[36.712378,59.75214],[36.714019,59.758086],[36.695606,59.773744],[36.698544,59.777794],[36.69484,59.779659],[36.704997,59.784173],[36.70605,59.793074],[36.698118,59.79295],[36.696176,59.7997],[36.672303,59.807783],[36.673147,59.81175],[36.678758,59.812895],[36.6788,59.820573],[36.668715,59.835043],[36.656736,59.84248],[36.664553,59.85243],[36.665815,59.860728],[36.659229,59.864193],[36.656551,59.873546],[36.664532,59.879758],[36.662296,59.885156],[36.666962,59.886878],[36.667617,59.898909],[36.688478,59.914164],[36.699737,59.917024],[36.700354,59.926359],[36.706677,59.931732],[36.701698,59.934656],[36.706677,59.940676],[36.701527,59.94721],[36.704102,59.951164],[36.695347,59.951594],[36.690197,59.954173],[36.691055,59.957782],[36.681443,59.960102],[36.687279,59.966805],[36.687189,59.976049],[36.665638,59.979084],[36.656903,59.991489],[36.596446,59.998212],[36.594741,60.060623],[36.557799,60.062144],[36.557772,60.132651],[36.580719,60.131749],[36.584386,60.207785],[36.482627,60.211962],[36.48712,60.22165],[36.526496,60.22782],[36.533037,60.243683],[36.490397,60.265646],[36.499254,60.273603],[36.492465,60.284359],[36.541902,60.284012],[36.539309,60.29254],[36.491231,60.296475],[36.481821,60.290839],[36.469192,60.289587],[36.464141,60.291554],[36.466667,60.297901],[36.462936,60.300463],[36.439966,60.305409],[36.480163,60.32368],[36.472313,60.328065],[36.426032,60.333095],[36.429707,60.343927],[36.444115,60.347348],[36.430676,60.346318],[36.447911,60.406397],[36.39377,60.407524],[36.406629,60.451272],[36.389589,60.456259],[36.38457,60.474216],[36.337577,60.46707],[36.324591,60.458964],[36.276555,60.452495],[36.279912,60.439597],[36.241897,60.45007],[36.228255,60.445541],[36.162006,60.467845],[36.117331,60.466531],[36.073009,60.445051],[35.960791,60.457645],[35.920037,60.451688],[35.858679,60.41828],[35.84746,60.429978],[35.704431,60.429172],[35.697442,60.413969],[35.566025,60.407621],[35.561762,60.421289],[35.542903,60.426649],[35.549292,60.46186],[35.530285,60.455394],[35.490279,60.456515],[35.471509,60.469036],[35.405316,60.472042],[35.349646,60.459198],[35.351963,60.479725],[35.278109,60.478981],[35.260854,60.359121],[35.274425,60.336266],[35.253705,60.332802],[35.252712,60.313907],[35.237984,60.291391],[35.162628,60.256032],[35.185005,60.245507],[35.174712,60.211912],[35.181838,60.201357],[35.155502,60.151927],[35.175518,60.128019],[35.207347,60.11418],[35.213954,60.074013],[35.140138,60.042845]]]}},{"type":"Feature","id":"115106-1276","properties":{"id":"115106-1276","name":"Тарногский муниципальный округ","name_ru":"Тарногский муниципальный округ","subject_id":"115106","subject_name":"Вологодская область","source_gid":1276,"source_fid":1385,"names_rosstat":"Тарногский муниципальный округ","population":10250,"area_km2":5111.932925241479,"density_km2":2.0051123811480385,"source":"Актуализированный объединённый GeoJSON, предоставленный преподавателем","name_en":"Tarnogskii Municipal Okrug","name_zh":"Tarnogskii市政专区","subject_name_en":"Vologda Oblast","subject_name_zh":"沃洛格达州"},"geometry":{"type":"Polygon","coordinates":[[[42.605398,60.448309],[42.783466,60.383642],[42.774866,60.370082],[42.746343,60.373276],[42.727844,60.365654],[42.720652,60.35302],[42.742745,60.352034],[42.717838,60.236196],[43.023729,60.220754],[43.026298,60.232734],[42.994694,60.237153],[42.965858,60.255525],[42.955948,60.273548],[42.955948,60.28474],[42.960903,60.294836],[42.997241,60.299473],[43.014308,60.275186],[43.031926,60.260988],[43.051196,60.357034],[43.235842,60.34785],[43.245706,60.322738],[43.292941,60.312322],[43.407612,60.298344],[43.401435,60.277485],[43.36963,60.256265],[43.382087,60.225752],[43.414013,60.19048],[43.4675,60.183911],[43.458639,60.166327],[43.484285,60.156101],[43.504101,60.156205],[43.51722,60.199458],[43.531873,60.206408],[43.495062,60.237606],[43.53051,60.24485],[43.556558,60.218306],[43.547158,60.209034],[43.563847,60.205943],[43.569213,60.182649],[43.606863,60.190277],[43.615465,60.179844],[43.68304,60.179695],[43.68411,60.169919],[43.713099,60.164378],[43.747334,60.175793],[43.788134,60.181931],[43.841619,60.200733],[43.871912,60.196672],[43.913797,60.210406],[43.924269,60.225838],[43.937978,60.232663],[43.94956,60.246183],[43.986582,60.252594],[44.022115,60.282136],[44.023832,60.291836],[44.049963,60.299944],[44.019623,60.32259],[43.981451,60.328576],[43.995841,60.343951],[43.992502,60.35825],[44.041887,60.404717],[43.998006,60.421104],[43.981521,60.441701],[43.989055,60.480965],[44.037829,60.528471],[44.050003,60.594819],[44.112126,60.626646],[44.102663,60.668172],[44.118591,60.722992],[44.140367,60.732218],[44.124863,60.743586],[44.126977,60.747374],[44.141424,60.749784],[44.136139,60.758048],[44.1379,60.761662],[44.155871,60.767685],[44.15869,60.771987],[44.150743,60.781461],[44.185249,60.805354],[44.428947,60.789561],[44.424234,60.799438],[44.465626,60.941653],[44.160317,60.963035],[44.180954,61.061493],[44.041731,61.054098],[43.953761,61.05781],[43.94269,61.055804],[43.938471,61.044179],[43.901924,61.045307],[43.898307,61.036061],[43.866034,61.041276],[43.871785,61.046224],[43.837847,61.046541],[43.783979,61.038927],[43.75325,60.940294],[43.767071,60.935184],[43.748433,60.926829],[43.74047,60.928549],[43.73081,60.913869],[43.733401,60.909255],[43.76346,60.897339],[43.732887,60.881807],[43.712149,60.884336],[43.705759,60.893144],[43.681752,60.895044],[43.657748,60.870865],[43.544626,60.85791],[43.523735,60.766376],[43.250684,60.79245],[43.246539,60.79694],[43.214416,60.800912],[43.204743,60.808166],[43.178666,60.795558],[43.156732,60.796852],[43.161395,60.799443],[43.153104,60.811964],[43.135143,60.809201],[43.13048,60.799356],[43.118737,60.789339],[43.100776,60.78623],[43.096976,60.781912],[43.099222,60.776731],[43.09076,60.774313],[43.077678,60.744464],[42.943439,60.72285],[42.95326,60.702007],[42.93244,60.661835],[42.973208,60.650163],[42.960409,60.608012],[42.933929,60.609038],[42.912394,60.58012],[42.68512,60.518184],[42.660455,60.50756],[42.669704,60.491944],[42.625659,60.46286],[42.608481,60.467637],[42.605398,60.448309]]]}},{"type":"Feature","id":"115106-1277","properties":{"id":"115106-1277","name":"Сокольский муниципальный округ","name_ru":"Сокольский муниципальный округ","subject_id":"115106","subject_name":"Вологодская область","source_gid":1277,"source_fid":1386,"names_rosstat":"Сокольский муниципальный округ","population":44172,"area_km2":4145.241612434425,"density_km2":10.656073669505258,"source":"Актуализированный объединённый GeoJSON, предоставленный преподавателем","name_en":"Sokol'skii Municipal Okrug","name_zh":"Sokol'skii市政专区","subject_name_en":"Vologda Oblast","subject_name_zh":"沃洛格达州"},"geometry":{"type":"Polygon","coordinates":[[[39.755022,59.47362],[39.825059,59.469032],[39.812869,59.422833],[39.855395,59.421396],[39.842797,59.412691],[39.866097,59.400296],[39.863694,59.395927],[39.889432,59.392979],[39.922171,59.399189],[39.954988,59.398814],[40.010554,59.371816],[40.016211,59.374514],[40.02458,59.371897],[40.020975,59.363365],[40.030302,59.35394],[40.084607,59.349239],[40.106504,59.356582],[40.089706,59.374115],[40.107488,59.376635],[40.130994,59.372859],[40.130857,59.382287],[40.179002,59.383871],[40.216618,59.391638],[40.229399,59.390036],[40.251383,59.376332],[40.268879,59.371371],[40.262138,59.361088],[40.249456,59.355189],[40.262131,59.347296],[40.241369,59.341853],[40.252166,59.333639],[40.224467,59.336973],[40.232363,59.325841],[40.245815,59.325887],[40.242444,59.32137],[40.227621,59.317478],[40.246457,59.31106],[40.223342,59.309274],[40.239941,59.299783],[40.215657,59.300022],[40.222351,59.296079],[40.221445,59.283019],[40.232109,59.283775],[40.254917,59.273117],[40.282088,59.281746],[40.282503,59.28645],[40.291391,59.290225],[40.311089,59.287473],[40.318614,59.294044],[40.327775,59.28824],[40.337154,59.289311],[40.34711,59.299688],[40.345737,59.306314],[40.348806,59.308332],[40.377786,59.308855],[40.374576,59.3149],[40.355793,59.321102],[40.35647,59.32534],[40.386706,59.321373],[40.392944,59.326024],[40.400668,59.324185],[40.40144,59.317721],[40.429679,59.319192],[40.442201,59.30903],[40.462674,59.306425],[40.46808,59.311376],[40.480834,59.306489],[40.51329,59.321027],[40.507239,59.323966],[40.519119,59.331519],[40.578829,59.33095],[40.590745,59.340218],[40.644318,59.362977],[40.657853,59.359675],[40.655039,59.358151],[40.659143,59.348962],[40.656758,59.343398],[40.66846,59.350273],[40.665542,59.360073],[40.672227,59.364758],[40.67746,59.361925],[40.688757,59.37238],[40.70091,59.369611],[40.717947,59.373282],[40.716115,59.381899],[40.719413,59.3856],[40.779075,59.391446],[40.778603,59.398588],[40.795383,59.404574],[40.830793,59.40883],[40.848043,59.414872],[40.871024,59.413083],[40.879622,59.417618],[40.875288,59.425963],[40.819282,59.428272],[40.791919,59.435057],[40.78717,59.439345],[40.790695,59.446646],[40.786025,59.454176],[40.772087,59.458609],[40.739394,59.459084],[40.727494,59.470025],[40.979232,59.471858],[41.006011,59.485816],[41.009263,59.502409],[41.10714,59.473647],[41.12652,59.470605],[41.153299,59.474005],[41.20122,59.471679],[41.205801,59.49315],[41.230819,59.485637],[41.255837,59.495118],[41.268874,59.489036],[41.288959,59.486889],[41.336176,59.501735],[41.33829,59.510139],[41.358727,59.508172],[41.352384,59.460042],[41.424266,59.459147],[41.431314,59.464339],[41.46655,59.460042],[41.458446,59.440162],[41.481349,59.432099],[41.515176,59.455745],[41.55746,59.448581],[41.56944,59.46595],[41.592696,59.467741],[41.613485,59.477943],[41.665987,59.478658],[41.67233,59.482058],[41.681844,59.50853],[41.6977,59.508709],[41.701576,59.515324],[41.694529,59.52015],[41.70369,59.558198],[41.681139,59.561411],[41.677615,59.565338],[41.702281,59.567659],[41.717785,59.590853],[41.732584,59.590496],[41.727299,59.582826],[41.735755,59.574797],[41.757249,59.567659],[41.757602,59.577117],[41.770287,59.576046],[41.782972,59.567837],[41.825608,59.553377],[41.833008,59.55552],[41.829484,59.560697],[41.839702,59.564624],[41.877758,59.565695],[41.891852,59.575154],[41.838293,59.599591],[41.870006,59.609575],[41.870358,59.615813],[41.848864,59.628287],[41.856263,59.631315],[41.856263,59.63559],[41.840345,59.636538],[41.823863,59.643227],[41.812777,59.642323],[41.816347,59.652778],[41.82458,59.653622],[41.826232,59.663332],[41.781433,59.668566],[41.781477,59.67507],[41.736565,59.672213],[41.747628,59.777874],[41.736544,59.777609],[41.671113,59.75476],[41.665683,59.744253],[41.603715,59.733285],[41.477486,59.764423],[41.35618,59.749991],[41.321159,59.733434],[41.251661,59.741959],[41.135567,59.721901],[41.139366,59.771147],[40.862651,59.775609],[40.744677,59.781401],[40.742888,59.76451],[40.58818,59.764957],[40.588474,59.759959],[40.523961,59.765636],[40.42344,59.767415],[40.415528,59.725312],[40.391446,59.736273],[40.371327,59.724624],[40.296831,59.723528],[40.292342,59.726579],[40.280246,59.723391],[40.2671,59.729662],[40.234213,59.723108],[40.217713,59.714068],[40.192963,59.7146],[40.179203,59.724413],[40.16546,59.725575],[40.161617,59.732428],[40.148913,59.731992],[40.146797,59.744058],[40.120849,59.749051],[40.11194,59.739176],[40.099913,59.749444],[40.106758,59.774693],[40.088605,59.778183],[40.070958,59.788021],[40.067062,59.782968],[40.060861,59.783064],[40.012518,59.791373],[40.007593,59.797938],[39.98287,59.804772],[39.982724,59.808613],[39.964185,59.791948],[39.973798,59.780113],[39.966284,59.774457],[39.920926,59.771558],[39.91234,59.774586],[39.911313,59.781841],[39.90441,59.783248],[39.882573,59.771896],[39.886937,59.767842],[39.901871,59.766891],[39.89627,59.757914],[39.875951,59.74787],[39.852948,59.744065],[39.815697,59.723127],[39.829602,59.70841],[39.859986,59.699577],[39.869039,59.693957],[39.873925,59.684759],[39.882995,59.683332],[39.896499,59.648023],[39.889342,59.638284],[39.860597,59.630148],[39.843645,59.617963],[39.823274,59.591777],[39.834285,59.588433],[39.831532,59.567245],[39.851903,59.554693],[39.853555,59.548555],[39.894847,59.546602],[39.911168,59.541983],[39.917971,59.532926],[39.919219,59.514735],[39.884028,59.519611],[39.824462,59.506025],[39.802146,59.509335],[39.800601,59.515257],[39.79367,59.516164],[39.755022,59.47362]]]}},{"type":"Feature","id":"115106-1278","properties":{"id":"115106-1278","name":"городской округ Череповец","name_ru":"городской округ Череповец","subject_id":"115106","subject_name":"Вологодская область","source_gid":1278,"source_fid":1387,"names_rosstat":"Городской округ город Череповец","population":298160,"area_km2":131.11499774704936,"density_km2":2274.0342838217366,"source":"Актуализированный объединённый GeoJSON, предоставленный преподавателем","name_en":"Cherepovets Urban Okrug","name_zh":"Cherepovets城市辖区","subject_name_en":"Vologda Oblast","subject_name_zh":"沃洛格达州"},"geometry":{"type":"Polygon","coordinates":[[[37.883161,59.115661],[37.825796,59.118417],[37.823066,59.113873],[37.802834,59.121102],[37.785335,59.110737],[37.780964,59.124985],[37.769287,59.133014],[37.768061,59.141756],[37.709631,59.147005],[37.688547,59.16222],[37.689741,59.173151],[37.678682,59.172826],[37.678382,59.176403],[37.686706,59.17661],[37.686321,59.180756],[37.708468,59.181697],[37.722597,59.174565],[37.74948,59.175],[37.767935,59.183198],[37.819154,59.170756],[37.817879,59.164661],[37.873213,59.168596],[37.901725,59.166348],[37.906731,59.157861],[37.902126,59.154342],[37.909011,59.15021],[37.916284,59.153811],[37.913366,59.154993],[37.916745,59.158645],[37.921334,59.15522],[37.926025,59.159811],[37.921934,59.160815],[37.924377,59.163534],[37.932123,59.166586],[37.941743,59.167274],[37.957853,59.160733],[37.956961,59.152866],[37.963462,59.1494],[37.984143,59.152474],[37.98007,59.157881],[37.990122,59.160334],[37.98814,59.167653],[38.007303,59.164789],[37.998762,59.148738],[37.99439,59.148333],[38.029288,59.146218],[38.024013,59.14245],[38.033829,59.140532],[38.032664,59.136151],[38.044133,59.123859],[38.035831,59.120219],[38.04461,59.117273],[38.032759,59.103169],[38.017437,59.09807],[37.995343,59.074237],[37.956008,59.066473],[37.908752,59.073395],[37.899802,59.086414],[37.89446,59.086317],[37.883161,59.115661]]]}}],"metadata":{"source_en":"Updated consolidated GeoJSON supplied by the instructor","source_zh":"教师提供的更新版合并GeoJSON","license_en":"Source-dataset terms were not specified; use within the author-created educational platform","license_zh":"原始数据集未注明许可条款；仅用于本作者教育平台"}}