{"type":"FeatureCollection","features":[{"type":"Feature","id":"115135-135","properties":{"id":"115135-135","name":"Большесосновский муниципальный округ","name_ru":"Большесосновский муниципальный округ","subject_id":"115135","subject_name":"Пермский край","source_gid":135,"source_fid":173,"names_rosstat":"Большесосновский муниципальный округ","population":11584,"area_km2":2215.909949108567,"density_km2":5.227649257434896,"source":"Актуализированный объединённый GeoJSON, предоставленный преподавателем","name_en":"Bol'shesosnovskii Municipal Okrug","name_zh":"Bol'shesosnovskii市政专区","subject_name_en":"Perm Krai","subject_name_zh":"彼尔姆边疆区"},"geometry":{"type":"Polygon","coordinates":[[[53.98605,57.586975],[54.00002,57.581376],[54.002046,57.576916],[53.995318,57.576043],[53.991837,57.559337],[54.005491,57.559119],[54.008927,57.562684],[54.02448,57.556596],[54.033703,57.562272],[54.030855,57.563969],[54.043913,57.570364],[54.044636,57.566411],[54.05656,57.560659],[54.058109,57.544873],[54.044727,57.544242],[54.054357,57.531574],[54.051644,57.528055],[54.039437,57.531647],[54.033107,57.530118],[54.031841,57.52388],[54.059918,57.514508],[54.063941,57.529366],[54.079133,57.531162],[54.088492,57.526817],[54.107028,57.528856],[54.113675,57.535628],[54.12656,57.531186],[54.142203,57.532376],[54.173095,57.521944],[54.169017,57.512821],[54.171953,57.504818],[54.17044,57.50163],[54.143876,57.483947],[54.174891,57.479743],[54.183843,57.474322],[54.179639,57.471964],[54.18859,57.468123],[54.273825,57.461267],[54.273655,57.455034],[54.277216,57.450839],[54.273253,57.440659],[54.278459,57.4384],[54.287162,57.440043],[54.292475,57.43253],[54.281172,57.426353],[54.236695,57.413937],[54.2322,57.416174],[54.218424,57.410733],[54.206791,57.399698],[54.154916,57.401067],[54.145026,57.394444],[54.146439,57.391056],[54.142765,57.38683],[54.119877,57.377806],[54.149179,57.371825],[54.123338,57.345783],[54.127582,57.329141],[54.140046,57.324024],[54.142273,57.316531],[54.184208,57.316398],[54.18547,57.311631],[54.192882,57.309299],[54.204668,57.299752],[54.216834,57.30637],[54.311169,57.306043],[54.305091,57.284045],[54.32497,57.28119],[54.326831,57.266745],[54.29906,57.247407],[54.297993,57.240007],[54.321798,57.228861],[54.316713,57.226838],[54.321345,57.222672],[54.340702,57.223288],[54.338684,57.216066],[54.345769,57.215679],[54.348411,57.218463],[54.351063,57.217069],[54.35009,57.214257],[54.354007,57.213574],[54.356533,57.216857],[54.362056,57.215566],[54.388804,57.221002],[54.411442,57.252809],[54.422825,57.251381],[54.421401,57.246016],[54.464384,57.24283],[54.455932,57.236864],[54.447915,57.238886],[54.441374,57.236247],[54.440633,57.233883],[54.44461,57.231929],[54.453621,57.231636],[54.455759,57.225912],[54.427226,57.220929],[54.428466,57.218563],[54.418588,57.214373],[54.425991,57.210872],[54.444227,57.214978],[54.443697,57.207575],[54.45736,57.209846],[54.468617,57.22131],[54.468565,57.225552],[54.483496,57.234086],[54.51509,57.234393],[54.516724,57.236075],[54.513388,57.242331],[54.52185,57.251672],[54.545124,57.247657],[54.551409,57.242595],[54.549582,57.239195],[54.644158,57.2354],[54.645581,57.231871],[54.685671,57.230628],[54.673933,57.242973],[54.651781,57.240803],[54.645485,57.247963],[54.661235,57.253114],[54.658739,57.274575],[54.650415,57.284984],[54.635211,57.287573],[54.638383,57.297924],[54.643303,57.300915],[54.646792,57.308509],[54.681244,57.307918],[54.685881,57.309713],[54.687045,57.318791],[54.689711,57.320229],[54.646242,57.342401],[54.637292,57.344198],[54.641068,57.354894],[54.628934,57.357374],[54.630863,57.376937],[54.657297,57.390074],[54.681633,57.413733],[54.66974,57.42164],[54.668439,57.428336],[54.664101,57.432201],[54.666426,57.438114],[54.662003,57.441635],[54.680526,57.481604],[54.695282,57.48657],[54.694773,57.494035],[54.702204,57.509932],[54.73476,57.508419],[54.738741,57.501335],[54.751838,57.499902],[54.764375,57.503189],[54.778198,57.499014],[54.777062,57.493056],[54.804709,57.482833],[54.800693,57.474949],[54.828327,57.481577],[54.845023,57.478519],[54.861475,57.496064],[54.876503,57.492038],[54.90419,57.505266],[54.891878,57.518907],[54.855123,57.525078],[54.926554,57.587885],[54.921313,57.589917],[54.924398,57.594425],[54.915377,57.592377],[54.910226,57.594856],[54.923773,57.601849],[54.92042,57.615071],[54.914426,57.617687],[54.914017,57.62642],[54.910063,57.626319],[54.908712,57.640342],[54.913221,57.640024],[54.913096,57.642055],[54.909392,57.645094],[54.896498,57.644244],[54.864405,57.657082],[54.842112,57.657727],[54.834249,57.672244],[54.846986,57.669299],[54.851525,57.674475],[54.827418,57.67912],[54.82301,57.682487],[54.846638,57.684995],[54.842934,57.695863],[54.866073,57.704419],[54.868439,57.708226],[54.858938,57.717376],[54.844411,57.711904],[54.838779,57.718567],[54.829662,57.71699],[54.816973,57.724274],[54.741687,57.726195],[54.751473,57.74551],[54.718833,57.747893],[54.718179,57.751161],[54.710119,57.751897],[54.710633,57.757675],[54.705602,57.762825],[54.681196,57.75694],[54.676252,57.765459],[54.677853,57.767189],[54.668438,57.772207],[54.662315,57.769522],[54.660434,57.765022],[54.612593,57.767439],[54.580658,57.759616],[54.547376,57.764573],[54.511417,57.763486],[54.49628,57.747845],[54.502742,57.741626],[54.499017,57.740568],[54.484,57.741561],[54.401065,57.761317],[54.382411,57.778253],[54.362673,57.778448],[54.358674,57.773039],[54.348618,57.769467],[54.335079,57.78036],[54.314608,57.788631],[54.309878,57.796682],[54.294115,57.792288],[54.281778,57.799744],[54.25469,57.796571],[54.248312,57.801392],[54.230694,57.801811],[54.221995,57.807945],[54.223652,57.812048],[54.218967,57.813685],[54.205311,57.813487],[54.202373,57.815028],[54.202872,57.821843],[54.196218,57.824555],[54.198532,57.827821],[54.192785,57.839684],[54.196112,57.843061],[54.193193,57.848598],[54.164883,57.854296],[54.160431,57.868286],[54.148162,57.873824],[54.138268,57.873826],[54.129084,57.862892],[54.141852,57.855673],[54.132491,57.842951],[54.141675,57.839309],[54.142297,57.834341],[54.131573,57.830871],[54.130862,57.82759],[54.13652,57.826739],[54.131513,57.819971],[54.137142,57.815237],[54.119574,57.809495],[54.143186,57.790944],[54.150177,57.789934],[54.152073,57.780901],[54.14997,57.780695],[54.155539,57.774661],[54.138683,57.756679],[54.139246,57.752269],[54.134506,57.747511],[54.135365,57.739321],[54.124759,57.739337],[54.124522,57.744887],[54.111653,57.74115],[54.125826,57.733897],[54.137527,57.723521],[54.132784,57.71801],[54.155006,57.71436],[54.153525,57.711084],[54.148548,57.710689],[54.14835,57.707161],[54.155339,57.70543],[54.153117,57.701943],[54.142147,57.700286],[54.129232,57.700979],[54.12001,57.706049],[54.110244,57.704488],[54.104366,57.700358],[54.111309,57.695707],[54.084137,57.689869],[54.088111,57.686243],[54.056055,57.680584],[54.063679,57.645237],[54.055648,57.647585],[54.050789,57.646666],[54.050386,57.643421],[54.098266,57.635629],[54.126741,57.615644],[54.103149,57.606745],[54.088364,57.612969],[54.075931,57.606987],[54.051878,57.6058],[54.051924,57.600859],[54.059279,57.594556],[54.040194,57.586715],[54.022129,57.588065],[54.01381,57.596813],[53.98605,57.586975]]]}},{"type":"Feature","id":"115135-159","properties":{"id":"115135-159","name":"ЗАТО Звёздный","name_ru":"ЗАТО Звёздный","subject_id":"115135","subject_name":"Пермский край","source_gid":159,"source_fid":206,"names_rosstat":"Городской округ ЗАТО Звёздный","population":7532,"area_km2":91.23569505567315,"density_km2":82.55540767682956,"source":"Актуализированный объединённый GeoJSON, предоставленный преподавателем","name_en":"ZATO Zviozdnyi Municipality","name_zh":"ZATO Zviozdnyi市政实体","subject_name_en":"Perm Krai","subject_name_zh":"彼尔姆边疆区"},"geometry":{"type":"Polygon","coordinates":[[[56.128612,57.702032],[56.159762,57.678743],[56.16446,57.667635],[56.167734,57.666935],[56.178868,57.669527],[56.249596,57.664133],[56.254311,57.681783],[56.38474,57.67339],[56.387536,57.677441],[56.385448,57.678992],[56.38874,57.680317],[56.39281,57.674621],[56.396562,57.674715],[56.389519,57.680715],[56.384641,57.681725],[56.385124,57.685901],[56.389687,57.689079],[56.383514,57.695688],[56.379643,57.695451],[56.382242,57.701776],[56.376325,57.706593],[56.363881,57.704997],[56.364379,57.710227],[56.35741,57.711822],[56.360422,57.717857],[56.355337,57.723978],[56.357548,57.727091],[56.352739,57.729611],[56.354443,57.739613],[56.34104,57.740733],[56.335841,57.745899],[56.338751,57.751371],[56.336995,57.752452],[56.322807,57.752092],[56.314092,57.746973],[56.310512,57.754327],[56.281327,57.757787],[56.274909,57.751515],[56.273503,57.754599],[56.25082,57.751796],[56.237507,57.763497],[56.212807,57.776502],[56.211779,57.779664],[56.20792,57.778989],[56.207647,57.771465],[56.183721,57.77093],[56.175857,57.761292],[56.186454,57.760132],[56.190035,57.752139],[56.201691,57.752884],[56.205706,57.744729],[56.210503,57.742258],[56.219984,57.743925],[56.217809,57.737019],[56.231306,57.736662],[56.234373,57.741484],[56.252843,57.743114],[56.274003,57.751404],[56.272632,57.744745],[56.26298,57.739914],[56.272689,57.739654],[56.267892,57.736301],[56.268406,57.732353],[56.236852,57.729624],[56.223424,57.693948],[56.206205,57.695364],[56.19268,57.700654],[56.155731,57.698084],[56.144786,57.703857],[56.128612,57.702032]]]}},{"type":"Feature","id":"115135-168","properties":{"id":"115135-168","name":"Красновишерский муниципальный округ","name_ru":"Красновишерский муниципальный округ","subject_id":"115135","subject_name":"Пермский край","source_gid":168,"source_fid":215,"names_rosstat":"Красновишерский муниципальный округ","population":16907,"area_km2":15372.868025795731,"density_km2":1.0997947794536445,"source":"Актуализированный объединённый GeoJSON, предоставленный преподавателем","name_en":"Krasnovisherskii Municipal Okrug","name_zh":"Krasnovisherskii市政专区","subject_name_en":"Perm Krai","subject_name_zh":"彼尔姆边疆区"},"geometry":{"type":"Polygon","coordinates":[[[56.495397,60.297477],[56.50046,60.273673],[56.51475,60.251643],[56.561312,60.229017],[56.565003,60.223182],[56.528051,60.193501],[56.508673,60.183227],[56.510582,60.17281],[56.507579,60.165828],[56.515206,60.153925],[56.552731,60.149861],[56.569579,60.152401],[56.581049,60.162363],[56.605419,60.161781],[56.604964,60.1461],[56.628865,60.133446],[56.658166,60.130407],[56.654516,60.121933],[57.041402,60.078676],[56.986752,59.966048],[57.299135,59.93199],[57.399072,59.955761],[57.518829,59.970499],[57.613695,59.96209],[57.62877,60.000025],[57.670239,59.995457],[57.677163,59.999967],[57.674737,60.005295],[57.677537,60.009304],[57.695511,60.009212],[57.734362,60.022165],[57.734044,60.018175],[57.754267,60.012966],[57.927022,59.993668],[57.89896,59.933961],[57.856756,59.821677],[57.931843,59.809376],[57.951071,59.846045],[58.330168,59.805169],[58.350224,59.844426],[58.426889,59.836316],[58.449648,59.879175],[58.694722,59.85716],[58.800544,59.842819],[58.840048,59.93274],[58.990063,59.906935],[58.979794,59.956019],[58.98104,59.967168],[58.964056,59.977876],[58.970914,59.984046],[58.986034,59.984354],[59.00232,59.998693],[59.010075,60.00104],[59.01275,60.006508],[59.028408,60.014716],[59.033624,60.02907],[59.076009,60.105278],[59.063908,60.117591],[59.087665,60.128427],[59.088401,60.149084],[59.101247,60.16261],[59.102063,60.178693],[59.118988,60.194263],[59.140489,60.208069],[59.14693,60.219664],[59.15284,60.233842],[59.147601,60.243491],[59.157747,60.249048],[59.149705,60.261216],[59.162306,60.280212],[59.157261,60.28954],[59.160959,60.294968],[59.176999,60.303632],[59.181821,60.31191],[59.179676,60.316868],[59.144892,60.325995],[59.139711,60.331446],[59.15213,60.344247],[59.174636,60.350409],[59.180097,60.358113],[59.18594,60.36095],[59.18201,60.371516],[59.198662,60.380646],[59.20164,60.384407],[59.199618,60.386646],[59.210673,60.398517],[59.207228,60.409364],[59.222292,60.419398],[59.225588,60.430482],[59.21843,60.444327],[59.228725,60.449094],[59.232937,60.45688],[59.241633,60.461979],[59.241798,60.46696],[59.247203,60.4742],[59.267106,60.483262],[59.286692,60.500598],[59.358965,60.523986],[59.364332,60.545751],[59.375642,60.55611],[59.384023,60.581122],[59.398703,60.598671],[59.408767,60.601635],[59.414727,60.625035],[59.429224,60.638993],[59.428098,60.65849],[59.420865,60.666191],[59.417169,60.686094],[59.430334,60.72143],[59.44487,60.734973],[59.425414,60.750586],[59.436196,60.760739],[59.438117,60.767884],[59.449133,60.775297],[59.464727,60.805898],[59.482098,60.827009],[59.478424,60.841925],[59.469907,60.849711],[59.472755,60.864924],[59.470322,60.876522],[59.476661,60.889349],[59.473997,60.897722],[59.4776,60.912067],[59.47128,60.924993],[59.476526,60.93123],[59.477843,60.940034],[59.436026,60.94841],[59.411217,60.947115],[59.398525,60.943256],[59.387437,60.944683],[59.383976,60.959085],[59.363358,60.974624],[59.363553,60.977779],[59.370713,60.981935],[59.374613,60.996888],[59.371333,61.025729],[59.35936,61.035966],[59.362595,61.044015],[59.352237,61.050519],[59.343891,61.051842],[59.343091,61.058763],[59.359914,61.066095],[59.349464,61.075357],[59.339819,61.079028],[59.347513,61.083533],[59.345283,61.089573],[59.346773,61.099751],[59.338898,61.115627],[59.325654,61.127657],[59.318297,61.148944],[59.313797,61.155149],[59.294352,61.160868],[59.284978,61.170224],[59.292922,61.177927],[59.28449,61.193071],[59.288571,61.225349],[59.282311,61.22994],[59.270473,61.230665],[59.264455,61.237453],[59.26248,61.250256],[59.255923,61.252167],[59.251629,61.260962],[59.261588,61.280449],[59.258916,61.290913],[59.261207,61.299444],[59.253265,61.312213],[59.288234,61.318216],[59.315613,61.330151],[59.321472,61.335995],[59.314301,61.34506],[59.314454,61.356901],[59.335368,61.372473],[59.360002,61.384097],[59.367924,61.39385],[59.425262,61.398225],[59.444644,61.41574],[59.439972,61.431552],[59.429505,61.444258],[59.405641,61.457398],[59.400312,61.463897],[59.42312,61.474585],[59.438258,61.487376],[59.446575,61.514169],[59.440586,61.518681],[59.413855,61.523629],[59.402947,61.536391],[59.413559,61.554066],[59.401238,61.580208],[59.404158,61.585438],[59.402528,61.591939],[59.413026,61.598962],[59.409187,61.614677],[59.402622,61.62146],[59.379917,61.624947],[59.35563,61.636239],[59.356347,61.649298],[59.349433,61.65675],[59.348927,61.663234],[59.332913,61.661843],[59.294842,61.65446],[59.280248,61.64092],[59.266749,61.638305],[59.239947,61.626507],[59.206699,61.639798],[59.198354,61.63781],[59.191045,61.62765],[59.169032,61.631832],[59.148321,61.629707],[59.12526,61.609704],[59.119408,61.593025],[59.098335,61.580869],[59.090423,61.574337],[59.082409,61.560381],[59.075292,61.558691],[59.058334,61.541578],[59.048309,61.536394],[59.023314,61.538406],[58.997164,61.535161],[58.984156,61.532422],[58.973993,61.522035],[58.920975,61.532128],[58.846249,61.518965],[58.845858,61.495859],[58.700249,61.496242],[58.699453,61.418967],[58.658986,61.418993],[58.659144,61.336142],[58.619268,61.336809],[58.618752,61.164547],[58.653746,61.162012],[58.664719,61.142473],[58.672509,61.141708],[58.702124,61.118803],[58.711389,61.096116],[58.666981,61.083655],[58.657465,61.064926],[58.658323,61.027215],[58.670933,60.965038],[58.6753,60.965109],[58.679739,60.956669],[58.693846,60.955075],[58.668039,60.865618],[58.632209,60.869124],[58.608277,60.813788],[58.588775,60.815373],[58.571038,60.798204],[58.588082,60.796235],[58.552804,60.781951],[58.543755,60.800625],[58.488429,60.805562],[58.46624,60.751229],[58.392459,60.75929],[58.354607,60.669543],[58.26119,60.655611],[58.238908,60.640695],[57.828721,60.720062],[57.814229,60.687871],[57.738772,60.694752],[57.730164,60.675673],[57.539968,60.698158],[57.547568,60.716057],[57.509366,60.719032],[57.517024,60.738127],[57.481255,60.741483],[57.488703,60.75843],[57.297567,60.778132],[57.269695,60.701249],[57.226277,60.706548],[57.201717,60.655794],[57.172591,60.660238],[57.145256,60.602121],[57.068722,60.60946],[57.060583,60.591531],[57.025751,60.595159],[57.016829,60.577229],[56.976919,60.582476],[56.953913,60.54452],[56.905731,60.54956],[56.885666,60.544131],[56.885891,60.540535],[56.870329,60.530597],[56.865726,60.543382],[56.828442,60.535195],[56.814474,60.526674],[56.828095,60.523462],[56.834195,60.515745],[56.827949,60.512522],[56.828279,60.506298],[56.837092,60.498392],[56.859899,60.487661],[56.91034,60.472732],[56.896102,60.434273],[56.852713,60.397605],[56.82354,60.402838],[56.834773,60.405108],[56.832247,60.407567],[56.808814,60.404637],[56.786287,60.413501],[56.766112,60.406951],[56.705861,60.415731],[56.680926,60.412215],[56.674517,60.408028],[56.674124,60.403384],[56.663148,60.397428],[56.662881,60.389581],[56.654614,60.386237],[56.633778,60.388601],[56.62364,60.382588],[56.636558,60.369438],[56.680568,60.363574],[56.696967,60.354613],[56.668568,60.347522],[56.67939,60.338706],[56.675883,60.335798],[56.681705,60.326891],[56.624943,60.314709],[56.60007,60.322563],[56.596458,60.31765],[56.587794,60.314118],[56.581032,60.314958],[56.572105,60.308086],[56.505277,60.294118],[56.495397,60.297477]]]}},{"type":"Feature","id":"115135-257","properties":{"id":"115135-257","name":"Октябрьский муниципальный округ","name_ru":"Октябрьский муниципальный округ","subject_id":"115135","subject_name":"Пермский край","source_gid":257,"source_fid":319,"names_rosstat":"Октябрьский муниципальный округ","population":23596,"area_km2":3443.0050264393876,"density_km2":6.8533155829871095,"source":"Актуализированный объединённый GeoJSON, предоставленный преподавателем","name_en":"Oktiabr'skii Municipal Okrug","name_zh":"Oktiabr'skii市政专区","subject_name_en":"Perm Krai","subject_name_zh":"彼尔姆边疆区"},"geometry":{"type":"Polygon","coordinates":[[[56.374169,56.648471],[56.393267,56.618542],[56.385736,56.619109],[56.377392,56.606945],[56.39584,56.601637],[56.39221,56.598878],[56.410089,56.587558],[56.417186,56.592107],[56.415479,56.599594],[56.440618,56.602487],[56.44032,56.606184],[56.409818,56.607556],[56.409168,56.613087],[56.419028,56.615606],[56.435119,56.611074],[56.444275,56.612043],[56.451535,56.608152],[56.474587,56.611581],[56.481143,56.607288],[56.491653,56.610389],[56.501649,56.607988],[56.507826,56.615666],[56.525135,56.611104],[56.528793,56.606781],[56.543095,56.60769],[56.553254,56.590914],[56.550382,56.583157],[56.542337,56.581277],[56.524431,56.568758],[56.480141,56.56637],[56.465052,56.558787],[56.473856,56.548411],[56.472854,56.54641],[56.425963,56.551397],[56.430595,56.539331],[56.43688,56.534461],[56.433521,56.531743],[56.39928,56.536179],[56.39286,56.525438],[56.448122,56.507683],[56.475319,56.520148],[56.470199,56.531593],[56.478055,56.539913],[56.488863,56.544304],[56.573218,56.559743],[56.593535,56.568161],[56.605048,56.561116],[56.600497,56.552218],[56.626177,56.548306],[56.622385,56.539555],[56.584,56.541377],[56.568613,56.527276],[56.572216,56.518549],[56.567557,56.508162],[56.538274,56.510195],[56.538869,56.500463],[56.513325,56.503273],[56.481983,56.495633],[56.447715,56.492388],[56.451237,56.487468],[56.444308,56.484108],[56.440358,56.476836],[56.434144,56.476832],[56.437191,56.474039],[56.43126,56.471467],[56.449639,56.461839],[56.480845,56.46772],[56.489514,56.486421],[56.519853,56.496112],[56.545506,56.492104],[56.563602,56.478418],[56.546346,56.453217],[56.504006,56.448232],[56.501189,56.436837],[56.495121,56.439802],[56.464754,56.437496],[56.466786,56.426187],[56.463129,56.413257],[56.516007,56.405509],[56.521126,56.425079],[56.553741,56.414651],[56.532578,56.397138],[56.572176,56.389131],[56.532557,56.361586],[56.532085,56.358137],[56.535477,56.358461],[56.535109,56.349976],[56.506022,56.344053],[56.52118,56.327109],[56.538182,56.313285],[56.578321,56.290703],[56.596934,56.27393],[56.594802,56.263695],[56.622417,56.265844],[56.630032,56.260355],[56.63465,56.262011],[56.638483,56.261137],[56.637423,56.25849],[56.645195,56.258124],[56.646599,56.261738],[56.651685,56.263238],[56.653763,56.256081],[56.643506,56.253095],[56.643122,56.250198],[56.637975,56.251187],[56.641038,56.247725],[56.646109,56.249739],[56.658096,56.245023],[56.656056,56.240064],[56.648525,56.242047],[56.656776,56.235446],[56.653556,56.232709],[56.724977,56.230894],[56.731345,56.222206],[56.741964,56.22501],[56.751781,56.217461],[56.75816,56.21905],[56.758994,56.213982],[56.746974,56.209609],[56.769336,56.193751],[56.768779,56.184692],[56.782406,56.164636],[56.796939,56.169615],[56.8038,56.164712],[56.82276,56.164673],[56.833894,56.16895],[56.849958,56.166302],[56.86575,56.149778],[56.868928,56.131774],[56.877683,56.115716],[56.883323,56.110898],[56.912095,56.110735],[56.924098,56.105243],[56.969594,56.124746],[56.985361,56.125423],[57.007387,56.136584],[57.046416,56.126748],[57.046785,56.130761],[57.039835,56.139982],[57.045605,56.144701],[57.045136,56.150902],[57.063864,56.158978],[57.091504,56.161755],[57.113432,56.158758],[57.144848,56.165951],[57.161477,56.160507],[57.186625,56.17181],[57.204135,56.16956],[57.208841,56.172711],[57.210132,56.177927],[57.200498,56.181238],[57.203537,56.188575],[57.235706,56.193594],[57.231566,56.193899],[57.227491,56.199588],[57.210657,56.193448],[57.200295,56.196618],[57.216504,56.208671],[57.206515,56.214956],[57.206766,56.219752],[57.227693,56.229841],[57.224082,56.231826],[57.211044,56.225982],[57.205662,56.227577],[57.205328,56.237698],[57.196815,56.241135],[57.195553,56.250926],[57.219707,56.249178],[57.220082,56.252547],[57.236691,56.261165],[57.247081,56.271199],[57.298254,56.272285],[57.293375,56.279789],[57.297868,56.282293],[57.287198,56.288654],[57.294116,56.293408],[57.284841,56.30509],[57.306357,56.310473],[57.298863,56.320826],[57.324021,56.314124],[57.341188,56.314052],[57.353176,56.320814],[57.348204,56.330566],[57.377369,56.333602],[57.393266,56.330969],[57.392517,56.333409],[57.398497,56.338111],[57.408395,56.339924],[57.404843,56.342934],[57.415076,56.346423],[57.39223,56.372729],[57.374498,56.379682],[57.330573,56.373877],[57.316128,56.390373],[57.325808,56.394726],[57.360863,56.441242],[57.358814,56.466102],[57.353848,56.467649],[57.373325,56.527388],[57.391905,56.531084],[57.412135,56.581907],[57.420848,56.580973],[57.421941,56.609933],[57.399207,56.604112],[57.390928,56.597885],[57.377906,56.605686],[57.340446,56.609815],[57.349374,56.622198],[57.375089,56.63007],[57.381983,56.63762],[57.40077,56.640834],[57.441313,56.676934],[57.436761,56.67957],[57.398585,56.683576],[57.395031,56.687554],[57.362403,56.680639],[57.362456,56.683487],[57.344259,56.685264],[57.351015,56.698446],[57.342066,56.708781],[57.343296,56.71181],[57.337886,56.713898],[57.326637,56.712046],[57.313196,56.720608],[57.343386,56.744302],[57.320129,56.767164],[57.29968,56.773472],[57.267411,56.802985],[57.273283,56.814432],[57.262971,56.824266],[57.267794,56.836575],[57.258894,56.840657],[57.249563,56.83803],[57.226554,56.851958],[57.228682,56.855727],[57.186377,56.871528],[57.160113,56.865245],[57.153761,56.866693],[57.15041,56.870421],[57.1402,56.870633],[57.110428,56.89069],[57.052031,56.848322],[57.014581,56.827532],[57.013448,56.820312],[57.005919,56.814406],[57.004882,56.804757],[56.955312,56.798512],[56.931425,56.787111],[56.895773,56.787439],[56.878026,56.77197],[56.839224,56.78473],[56.819643,56.778525],[56.772721,56.780185],[56.763201,56.786267],[56.745667,56.783988],[56.743906,56.785316],[56.751945,56.792459],[56.747236,56.79742],[56.749889,56.798421],[56.745293,56.798824],[56.746599,56.805951],[56.73727,56.807161],[56.731298,56.801432],[56.722671,56.798749],[56.715525,56.802452],[56.71162,56.800943],[56.715933,56.796597],[56.708713,56.794387],[56.712354,56.778612],[56.6814,56.775772],[56.682282,56.769487],[56.667136,56.762093],[56.65063,56.763644],[56.647762,56.75905],[56.634233,56.760702],[56.635557,56.755805],[56.607176,56.749275],[56.595375,56.752843],[56.602029,56.759554],[56.5935,56.766828],[56.585229,56.758163],[56.596585,56.757797],[56.587965,56.748345],[56.592081,56.743372],[56.644388,56.752843],[56.652023,56.753059],[56.6531,56.748526],[56.690221,56.754671],[56.690313,56.748224],[56.675831,56.749403],[56.673245,56.740683],[56.668876,56.737559],[56.652266,56.737082],[56.660273,56.730732],[56.65476,56.720314],[56.64936,56.716799],[56.660159,56.716146],[56.652701,56.710307],[56.671873,56.709742],[56.671575,56.706829],[56.665352,56.704329],[56.661509,56.697258],[56.663659,56.695637],[56.674183,56.697082],[56.678462,56.690348],[56.705618,56.68928],[56.708707,56.693351],[56.713831,56.692484],[56.705641,56.681125],[56.696124,56.681201],[56.673611,56.671887],[56.668555,56.674627],[56.656064,56.670743],[56.637509,56.672591],[56.618337,56.670014],[56.6209,56.680484],[56.626459,56.680761],[56.629479,56.691366],[56.609895,56.69276],[56.608866,56.689871],[56.575578,56.687961],[56.578346,56.695838],[56.567319,56.696391],[56.556795,56.678071],[56.53474,56.671535],[56.525229,56.65113],[56.491802,56.651719],[56.488621,56.661491],[56.43714,56.669508],[56.428899,56.663361],[56.434918,56.657322],[56.428834,56.656113],[56.411448,56.663709],[56.392362,56.658073],[56.388911,56.653534],[56.376158,56.653895],[56.374169,56.648471]]]}},{"type":"Feature","id":"115135-336","properties":{"id":"115135-336","name":"Суксунский муниципальный округ","name_ru":"Суксунский муниципальный округ","subject_id":"115135","subject_name":"Пермский край","source_gid":336,"source_fid":410,"names_rosstat":"Суксунский муниципальный округ","population":17958,"area_km2":1677.4620564512584,"density_km2":10.705458243264772,"source":"Актуализированный объединённый GeoJSON, предоставленный преподавателем","name_en":"Suksunskii Municipal Okrug","name_zh":"Suksunskii市政专区","subject_name_en":"Perm Krai","subject_name_zh":"彼尔姆边疆区"},"geometry":{"type":"Polygon","coordinates":[[[57.000326,57.207809],[57.006616,57.201442],[57.023022,57.198634],[57.022866,57.189683],[57.036466,57.182841],[57.042077,57.163173],[57.047533,57.155777],[57.06277,57.151275],[57.04839,57.139394],[57.058054,57.130301],[57.054313,57.115536],[57.070096,57.102542],[57.112376,57.083637],[57.116078,57.095473],[57.129172,57.102077],[57.134394,57.111939],[57.132601,57.118032],[57.10505,57.126557],[57.103492,57.131887],[57.123015,57.138696],[57.129406,57.134594],[57.143629,57.135567],[57.151033,57.128672],[57.148461,57.1244],[57.150721,57.121607],[57.166464,57.115578],[57.172972,57.10104],[57.159489,57.092107],[57.157852,57.087533],[57.165295,57.086051],[57.16171,57.076924],[57.168569,57.07184],[57.17305,57.063345],[57.183533,57.061565],[57.204069,57.050079],[57.215409,57.03524],[57.196509,57.036703],[57.192885,57.029854],[57.167634,57.020437],[57.158788,57.025442],[57.146863,57.020458],[57.141213,56.996629],[57.131237,56.987713],[57.128782,56.979539],[57.129523,56.976757],[57.14963,56.974229],[57.144525,56.9679],[57.127535,56.960486],[57.116195,56.951327],[57.128003,56.943464],[57.133965,56.942847],[57.132055,56.934174],[57.099712,56.938468],[57.092503,56.934067],[57.095737,56.931452],[57.078162,56.923775],[57.072122,56.914481],[57.110155,56.923074],[57.113467,56.903502],[57.119157,56.899949],[57.110428,56.89069],[57.1402,56.870633],[57.15041,56.870421],[57.160113,56.865245],[57.186377,56.871528],[57.227117,56.855761],[57.249712,56.885561],[57.26437,56.890026],[57.262308,56.893512],[57.268195,56.902201],[57.299402,56.911205],[57.303728,56.919169],[57.312951,56.920407],[57.31408,56.927657],[57.331483,56.933768],[57.342799,56.930603],[57.350699,56.937585],[57.358537,56.936142],[57.366838,56.948753],[57.362833,56.949737],[57.368702,56.956181],[57.372669,56.956652],[57.380028,56.94126],[57.388336,56.937811],[57.411757,56.949606],[57.419619,56.946471],[57.417583,56.948608],[57.428776,56.956194],[57.44008,56.953577],[57.439546,56.947579],[57.466508,56.913866],[57.575049,56.894163],[57.579687,56.910016],[57.600075,56.916345],[57.637665,56.917294],[57.640764,56.911154],[57.645306,56.909423],[57.661178,56.908784],[57.677392,56.920263],[57.673621,56.929656],[57.666489,56.931686],[57.665758,56.94066],[57.661833,56.945004],[57.689247,56.9527],[57.693715,56.958084],[57.708529,56.957746],[57.751577,56.944697],[57.775665,56.96308],[57.769186,56.97195],[57.776868,56.980135],[57.787489,56.979335],[57.780336,56.990242],[57.806635,56.986795],[57.817091,56.977906],[57.811675,56.97328],[57.811203,56.968138],[57.827395,56.962572],[57.840579,56.984981],[57.832958,56.987348],[57.824063,57.007843],[57.841925,57.005648],[57.843302,57.008159],[57.839434,57.013246],[57.849755,57.01794],[57.844141,57.022592],[57.84732,57.029738],[57.843244,57.030997],[57.846718,57.039841],[57.856122,57.038302],[57.872769,57.056251],[57.892073,57.052254],[57.90933,57.061671],[57.92315,57.064312],[57.922429,57.058535],[57.945316,57.056145],[57.951314,57.062422],[57.942381,57.073516],[57.953566,57.079222],[57.964096,57.07106],[57.972013,57.076975],[57.979593,57.078401],[58.006197,57.075393],[58.009657,57.078506],[58.022038,57.078837],[58.025135,57.075853],[58.013207,57.068129],[58.017517,57.064409],[58.017378,57.057161],[57.967566,57.051045],[57.962738,57.046723],[57.965131,57.040901],[57.983831,57.039053],[57.981445,57.048116],[57.989998,57.049699],[57.992863,57.046095],[58.005863,57.050482],[58.006345,57.045433],[58.009289,57.044368],[58.005934,57.042484],[58.025525,57.035768],[58.028783,57.040025],[58.035366,57.039397],[58.035514,57.053062],[58.041665,57.053293],[58.05145,57.059134],[58.058059,57.057864],[58.057802,57.045172],[58.068642,57.048634],[58.086321,57.09901],[58.077103,57.101541],[58.067335,57.099133],[58.063417,57.102565],[58.054514,57.103302],[58.050532,57.108931],[58.03231,57.111364],[58.034791,57.116775],[58.050546,57.118818],[58.052611,57.125836],[58.094326,57.12831],[58.094858,57.123828],[58.113537,57.121945],[58.120835,57.141781],[57.906309,57.163792],[57.90883,57.168439],[57.917243,57.170011],[57.914382,57.171466],[57.893845,57.167264],[57.870108,57.168934],[57.859955,57.174894],[57.862665,57.181186],[57.831714,57.188212],[57.815753,57.198388],[57.819325,57.209139],[57.797861,57.207478],[57.757215,57.198018],[57.746461,57.199668],[57.755407,57.207169],[57.752409,57.213791],[57.755621,57.218419],[57.726829,57.220464],[57.695415,57.230667],[57.66034,57.223427],[57.646387,57.214662],[57.639526,57.220839],[57.609963,57.229999],[57.618366,57.237905],[57.605299,57.242014],[57.581402,57.239345],[57.560665,57.231835],[57.523278,57.242932],[57.505291,57.237553],[57.502483,57.230022],[57.493617,57.229525],[57.489985,57.214602],[57.478889,57.217427],[57.468622,57.213794],[57.458044,57.218544],[57.445582,57.208676],[57.428833,57.208943],[57.420594,57.21235],[57.427328,57.221245],[57.388081,57.231474],[57.35431,57.228577],[57.342766,57.22202],[57.326633,57.22417],[57.324018,57.231888],[57.301323,57.232569],[57.280725,57.240726],[57.26738,57.237976],[57.25586,57.242528],[57.246042,57.238456],[57.22949,57.238069],[57.221842,57.242915],[57.190415,57.237869],[57.142383,57.2593],[57.12276,57.254103],[57.108436,57.238761],[57.095077,57.231726],[57.111197,57.226172],[57.094156,57.218454],[57.096604,57.21077],[57.063038,57.208849],[57.050263,57.203742],[57.012926,57.212156],[57.000326,57.207809]]]}},{"type":"Feature","id":"115135-356","properties":{"id":"115135-356","name":"Чусовской муниципальный округ","name_ru":"Чусовской муниципальный округ","subject_id":"115135","subject_name":"Пермский край","source_gid":356,"source_fid":434,"names_rosstat":"Чусовской муниципальный округ","population":63074,"area_km2":3511.953986283243,"density_km2":17.959802504916137,"source":"Актуализированный объединённый GeoJSON, предоставленный преподавателем","name_en":"Chusovskoi Municipal Okrug","name_zh":"Chusovskoi市政专区","subject_name_en":"Perm Krai","subject_name_zh":"彼尔姆边疆区"},"geometry":{"type":"Polygon","coordinates":[[[56.642191,58.216052],[56.638953,58.205045],[56.69563,58.16718],[56.822815,58.155159],[56.787005,58.053022],[56.796529,58.051689],[56.802464,58.05485],[56.81053,58.052292],[56.805641,58.048254],[56.811807,58.044501],[56.824668,58.0448],[56.824977,58.042361],[56.831451,58.041996],[56.816291,58.03918],[56.824386,58.030319],[56.824834,58.021766],[56.829534,58.018041],[56.816264,58.011443],[56.819041,57.998959],[56.825004,57.989945],[56.822002,57.979967],[56.827744,57.975014],[56.8438,57.973551],[56.847871,57.978132],[56.850153,57.975113],[56.8969,57.974894],[56.908304,57.972169],[56.914241,57.981833],[56.914151,57.97955],[56.928395,57.977208],[56.937638,57.979879],[56.938201,57.984962],[56.934482,57.988755],[56.941193,57.994764],[56.956666,57.990789],[56.957441,57.994678],[56.976859,57.999106],[56.978769,57.998539],[56.976319,57.9967],[56.98185,57.997436],[56.981158,57.994788],[57.00283,57.99035],[57.034595,58.002844],[57.045983,58.01346],[57.05831,58.011912],[57.065402,58.030146],[57.186554,58.017035],[57.186256,58.011164],[57.192057,58.012174],[57.189982,58.01637],[57.27507,58.007566],[57.278636,58.01673],[57.244078,58.020314],[57.247103,58.028942],[57.248967,58.033958],[57.261477,58.036336],[57.279284,58.031208],[57.282769,58.034677],[57.309854,58.101366],[57.368178,58.095279],[57.412566,58.116209],[57.424781,58.128683],[57.458637,58.125102],[57.454674,58.113824],[57.514937,58.107259],[57.516758,58.110741],[57.511846,58.116455],[57.501741,58.115019],[57.478599,58.135948],[57.483899,58.165561],[57.548462,58.194043],[57.571308,58.183231],[57.579899,58.192332],[57.713924,58.207525],[57.705955,58.213534],[57.716299,58.216462],[57.719621,58.215393],[57.71773,58.212872],[57.725949,58.214199],[57.719805,58.211604],[57.725607,58.211135],[57.723948,58.20744],[57.730346,58.207536],[57.730671,58.205082],[57.74244,58.201317],[57.745778,58.196339],[57.948417,58.256982],[57.978049,58.21],[57.979891,58.192853],[57.991773,58.187994],[58.005685,58.168456],[58.009167,58.150797],[58.078934,58.185242],[58.126318,58.202611],[58.143397,58.203032],[58.154876,58.214006],[58.188801,58.225404],[58.192788,58.236725],[58.205335,58.232333],[58.209464,58.237482],[58.208392,58.243763],[58.19643,58.248943],[58.20418,58.259016],[58.202438,58.26368],[58.198329,58.266184],[58.18228,58.26568],[58.175232,58.292044],[58.208507,58.296118],[58.191587,58.331886],[58.2178,58.386162],[58.11236,58.401912],[58.133556,58.437664],[58.120575,58.434933],[58.116856,58.430614],[58.096515,58.424078],[58.089308,58.426992],[58.087858,58.432331],[58.099857,58.439712],[58.095675,58.443005],[58.102563,58.450379],[58.093442,58.454389],[58.073386,58.449047],[58.062577,58.470717],[57.973364,58.483384],[57.963803,58.464442],[57.753268,58.488826],[57.74455,58.496148],[57.735058,58.511202],[57.73926,58.510902],[57.740769,58.513752],[57.735827,58.518016],[57.737666,58.52304],[57.754794,58.524431],[57.751057,58.534866],[57.752755,58.541671],[57.758333,58.545951],[57.756297,58.551038],[57.758292,58.55498],[57.739207,58.562405],[57.740158,58.566509],[57.753541,58.568436],[57.752979,58.570893],[57.745298,58.573178],[57.735918,58.569353],[57.70392,58.57328],[57.707699,58.588801],[57.704249,58.596851],[57.689532,58.611002],[57.677541,58.615446],[57.665851,58.615327],[57.661286,58.620346],[57.665147,58.62571],[57.663507,58.632551],[57.640753,58.646176],[57.346356,58.706389],[57.32187,58.694484],[57.317661,58.67485],[57.288728,58.659417],[57.266801,58.609375],[57.29907,58.601866],[57.301977,58.582432],[57.276573,58.54824],[57.263297,58.543914],[57.234006,58.490029],[57.243349,58.450223],[57.322283,58.446928],[57.337101,58.440109],[57.323869,58.408199],[57.277679,58.416247],[57.260431,58.416017],[57.238804,58.409927],[57.233812,58.402167],[57.222983,58.39971],[57.204518,58.4056],[57.155314,58.399363],[57.149172,58.389076],[57.128383,58.380897],[57.11053,58.386485],[57.104158,58.393591],[57.070672,58.400787],[57.028272,58.404028],[57.016464,58.400901],[56.921007,58.426045],[56.899566,58.37942],[56.875274,58.375497],[56.87099,58.370341],[56.870325,58.364064],[56.874758,58.352949],[56.871776,58.350328],[56.873347,58.346838],[56.882704,58.34462],[56.881893,58.341461],[56.893723,58.337293],[56.894947,58.339634],[56.907254,58.338093],[56.900672,58.314918],[56.890039,58.303164],[56.89062,58.299638],[56.882705,58.297502],[56.879958,58.291457],[56.856467,58.286135],[56.832434,58.282802],[56.826713,58.287523],[56.817329,58.286951],[56.776224,58.261212],[56.731583,58.250875],[56.727509,58.247139],[56.728869,58.235395],[56.733482,58.227716],[56.773415,58.207228],[56.775122,58.204304],[56.77173,58.200357],[56.748812,58.191722],[56.724341,58.192195],[56.662855,58.22238],[56.642191,58.216052]]]}},{"type":"Feature","id":"115135-394","properties":{"id":"115135-394","name":"Губахинский муниципальный округ","name_ru":"Губахинский муниципальный округ","subject_id":"115135","subject_name":"Пермский край","source_gid":394,"source_fid":483,"names_rosstat":"Губахинский муниципальный округ","population":42995,"area_km2":2349.5848989544106,"density_km2":18.298976989141025,"source":"Актуализированный объединённый GeoJSON, предоставленный преподавателем","name_en":"Gubakhinskii Municipal Okrug","name_zh":"Gubakhinskii市政专区","subject_name_en":"Perm Krai","subject_name_zh":"彼尔姆边疆区"},"geometry":{"type":"Polygon","coordinates":[[[57.157582,58.836549],[57.162864,58.827607],[57.174151,58.826299],[57.168879,58.821131],[57.168966,58.81687],[57.177797,58.815865],[57.184043,58.808855],[57.195451,58.804895],[57.205456,58.811798],[57.216973,58.810555],[57.208517,58.802338],[57.238201,58.79946],[57.211652,58.724411],[57.353337,58.710119],[57.346356,58.706389],[57.640753,58.646176],[57.663507,58.632551],[57.665147,58.62571],[57.661286,58.620346],[57.665851,58.615327],[57.677541,58.615446],[57.689532,58.611002],[57.704249,58.596851],[57.707699,58.588801],[57.70392,58.57328],[57.735918,58.569353],[57.745298,58.573178],[57.752979,58.570893],[57.753541,58.568436],[57.740158,58.566509],[57.739207,58.562405],[57.758292,58.55498],[57.756297,58.551038],[57.758333,58.545951],[57.752755,58.541671],[57.751057,58.534866],[57.754794,58.524431],[57.737666,58.52304],[57.735827,58.518016],[57.740769,58.513752],[57.73926,58.510902],[57.735058,58.511202],[57.74455,58.496148],[57.753268,58.488826],[57.882987,58.474012],[57.902673,58.486377],[57.90009,58.494638],[57.915309,58.502493],[57.904787,58.508353],[57.906186,58.514883],[57.904083,58.516247],[57.893022,58.515966],[57.886214,58.50824],[57.879513,58.510357],[57.877437,58.515314],[57.883083,58.518964],[57.900958,58.520657],[57.916683,58.528579],[57.928238,58.549572],[57.910737,58.551969],[57.911163,58.557659],[57.899143,58.558235],[57.905334,58.581054],[57.957286,58.702635],[57.99269,58.697639],[58.007269,58.732535],[58.26914,58.807527],[58.435926,58.79361],[58.533586,59.015481],[58.544461,59.031568],[58.528393,59.05267],[58.460508,59.049769],[58.419074,59.043611],[58.39841,59.035288],[58.337668,59.03375],[58.266065,59.019346],[58.215436,58.999684],[58.149243,58.945995],[58.105079,58.934311],[58.075867,58.91496],[58.063207,58.916477],[58.069236,58.9182],[57.885898,58.934237],[57.802258,58.9448],[57.799709,58.938629],[57.720794,58.946517],[57.720816,58.962241],[57.723583,58.964894],[57.720444,58.968285],[57.600776,58.978192],[57.610266,58.996583],[57.331581,59.023832],[57.321724,58.973433],[57.304391,58.969752],[57.297002,58.950531],[57.302492,58.948147],[57.301783,58.943851],[57.290966,58.938678],[57.289166,58.931051],[57.277938,58.923986],[57.287272,58.920412],[57.266908,58.870807],[57.272381,58.868785],[57.258274,58.869674],[57.242409,58.861505],[57.248948,58.857132],[57.251832,58.858471],[57.255533,58.851585],[57.240578,58.8531],[57.23394,58.8577],[57.211007,58.863802],[57.189006,58.86259],[57.174985,58.850027],[57.163742,58.846847],[57.157582,58.836549]]]}},{"type":"Feature","id":"115135-404","properties":{"id":"115135-404","name":"муниципальный округ Березники","name_ru":"муниципальный округ Березники","subject_id":"115135","subject_name":"Пермский край","source_gid":404,"source_fid":493,"names_rosstat":"Муниципальный округ город Березники","population":145976,"area_km2":5002.839077387739,"density_km2":29.178631921181484,"source":"Актуализированный объединённый GeoJSON, предоставленный преподавателем","name_en":"Berezniki Municipal Okrug","name_zh":"Berezniki市政专区","subject_name_en":"Perm Krai","subject_name_zh":"彼尔姆边疆区"},"geometry":{"type":"Polygon","coordinates":[[[55.373266,59.627957],[55.449217,59.621457],[55.409573,59.537627],[55.396596,59.530483],[55.581653,59.49469],[55.525199,59.371822],[55.562345,59.366703],[55.554171,59.352395],[55.586109,59.34556],[55.578033,59.331682],[55.632274,59.324168],[55.624838,59.30772],[55.659037,59.303483],[55.651882,59.286332],[55.71333,59.278216],[55.69037,59.26002],[55.69256,59.239328],[55.714511,59.23877],[55.793215,59.227795],[55.83112,59.226333],[55.858842,59.279787],[55.967728,59.266654],[55.974395,59.281182],[56.040179,59.272092],[56.073982,59.271666],[56.081719,59.283696],[56.117515,59.279618],[56.120795,59.289156],[56.124383,59.287386],[56.124558,59.275182],[56.199686,59.259663],[56.211986,59.248304],[56.234431,59.242548],[56.215606,59.220063],[56.235369,59.158872],[56.193159,59.095627],[56.186375,59.017562],[56.380276,59.040599],[56.397474,59.046918],[56.426175,59.066213],[56.432318,59.074536],[56.465709,59.085554],[56.486928,59.080218],[56.486593,59.077865],[56.529701,59.071437],[56.537407,59.067189],[56.535731,59.064089],[56.55829,59.059783],[56.569905,59.059897],[56.609215,59.069485],[56.61882,59.068452],[56.641044,59.055821],[56.641602,59.046861],[56.646851,59.041863],[56.618261,59.0229],[56.630769,59.023877],[56.654668,59.016577],[56.722166,59.005594],[56.730881,58.998198],[56.740862,58.996035],[56.771331,58.99266],[56.859071,59.004692],[56.870047,58.999322],[56.893771,58.996219],[56.905943,59.002546],[56.91576,59.017277],[56.921347,59.020265],[56.936596,59.020095],[56.922772,59.025437],[56.934367,59.047537],[56.938733,59.047689],[56.938785,59.052217],[56.953938,59.064114],[56.957385,59.071829],[56.955823,59.086041],[56.960814,59.096803],[56.972102,59.106892],[57.013366,59.104162],[57.029589,59.113297],[57.031065,59.116865],[57.050657,59.114726],[57.053588,59.118248],[57.038546,59.126456],[57.037696,59.137084],[57.055082,59.151461],[57.08591,59.155857],[57.111862,59.153702],[57.126578,59.155997],[57.128897,59.16064],[57.125482,59.163494],[57.107726,59.171164],[57.074458,59.173752],[57.071392,59.178542],[57.083455,59.201617],[57.09912,59.203228],[57.104603,59.206119],[57.102655,59.211636],[57.117825,59.212117],[57.141864,59.220789],[57.140607,59.233258],[57.166413,59.239097],[57.178632,59.246775],[57.171447,59.249817],[57.170157,59.253417],[57.184355,59.257225],[57.178142,59.262227],[57.165124,59.262821],[57.164309,59.265839],[57.169738,59.269354],[57.147783,59.266941],[57.138878,59.26138],[57.088795,59.277405],[57.086131,59.28433],[57.101961,59.287134],[57.124227,59.301647],[57.13093,59.321],[57.123215,59.325831],[57.123551,59.333722],[57.148544,59.336042],[57.147741,59.343516],[57.162889,59.351938],[57.187541,59.351772],[57.189783,59.363449],[57.199491,59.36943],[57.208343,59.365955],[57.212623,59.358965],[57.226287,59.363626],[57.169614,59.38998],[57.16366,59.403331],[57.183075,59.41428],[57.181768,59.437244],[57.187013,59.443175],[57.199808,59.447349],[57.215652,59.471342],[57.210977,59.478882],[57.194716,59.486606],[57.198981,59.488948],[57.194803,59.491676],[57.179876,59.49204],[57.176972,59.49946],[57.182241,59.500428],[57.179068,59.503238],[57.133533,59.495581],[57.106865,59.498175],[57.080322,59.495615],[57.077331,59.501458],[57.044649,59.498596],[56.997486,59.500768],[56.957076,59.492117],[56.954408,59.492425],[56.956887,59.493234],[56.958007,59.508609],[56.946584,59.509385],[56.915279,59.493629],[56.91812,59.498429],[56.90222,59.510963],[56.886816,59.507491],[56.88455,59.500626],[56.704176,59.518803],[56.700374,59.527255],[56.703029,59.538059],[56.684343,59.526739],[56.684306,59.531646],[56.664792,59.536265],[56.670968,59.539762],[56.682516,59.565084],[56.671303,59.562496],[56.658814,59.565367],[56.663499,59.584217],[56.662338,59.592683],[56.649595,59.594419],[56.643024,59.602979],[56.603335,59.595705],[56.574141,59.59962],[56.525174,59.578228],[56.488741,59.584665],[56.49569,59.601673],[56.546597,59.602386],[56.54441,59.604895],[56.548173,59.618592],[56.535687,59.614952],[56.490211,59.618612],[56.48564,59.602759],[56.433175,59.607088],[56.426615,59.592984],[56.375549,59.597891],[56.381978,59.617238],[56.366094,59.621025],[56.374772,59.624768],[56.372721,59.626035],[56.341904,59.617391],[56.340151,59.604119],[56.32691,59.600083],[56.329979,59.607307],[56.322565,59.613804],[56.304681,59.616291],[56.30487,59.620274],[56.288745,59.620134],[56.267996,59.627099],[56.262932,59.623449],[56.236617,59.633505],[56.22148,59.64319],[56.226813,59.647965],[56.226936,59.657512],[56.268485,59.650884],[56.271233,59.6651],[56.18894,59.668085],[56.180474,59.681185],[56.154096,59.676753],[56.143037,59.684638],[56.149903,59.69658],[56.161716,59.695369],[56.172443,59.70761],[56.168317,59.709524],[56.174575,59.713495],[56.185818,59.708739],[56.200049,59.717631],[56.196667,59.72366],[56.168801,59.741309],[56.14315,59.742812],[56.118088,59.729012],[56.114164,59.714175],[56.088064,59.7146],[56.08655,59.710766],[56.074836,59.714925],[56.053497,59.714071],[56.048497,59.70702],[56.024308,59.700639],[56.021729,59.702847],[56.032382,59.708918],[56.008226,59.711662],[56.00411,59.731444],[55.988742,59.737841],[55.965506,59.734229],[55.947555,59.744218],[55.937696,59.739377],[55.944571,59.727728],[55.904479,59.728551],[55.901454,59.722177],[55.90561,59.703476],[55.84284,59.714096],[55.829976,59.711306],[55.800097,59.719618],[55.709112,59.730371],[55.677928,59.685151],[55.489064,59.709708],[55.414375,59.722828],[55.373266,59.627957]]]}},{"type":"Feature","id":"115135-1513","properties":{"id":"115135-1513","name":"Пермский городской округ","name_ru":"Пермский городской округ","subject_id":"115135","subject_name":"Пермский край","source_gid":1513,"source_fid":1623,"names_rosstat":"Пермский городской округ","population":1027521,"area_km2":801.9526724809926,"density_km2":1281.2738647296592,"source":"Актуализированный объединённый GeoJSON, предоставленный преподавателем","name_en":"Permskii Urban Okrug","name_zh":"Permskii城市辖区","subject_name_en":"Perm Krai","subject_name_zh":"彼尔姆边疆区"},"geometry":{"type":"MultiPolygon","coordinates":[[[[55.798917,57.991656],[55.802414,57.975684],[55.830352,57.950813],[55.860715,57.940917],[55.885606,57.940939],[55.901399,57.943696],[55.922513,57.95843],[55.94362,57.988256],[55.992165,58.010633],[56.014502,58.017066],[56.035016,58.018907],[56.081729,58.017691],[56.071072,58.010645],[56.062537,58.010305],[56.063965,58.008131],[56.070702,58.009429],[56.069894,58.005485],[56.095637,58.002151],[56.100107,57.997535],[56.113421,58.000816],[56.119998,57.992495],[56.130237,57.992806],[56.126305,57.991027],[56.128325,57.986203],[56.124076,57.979743],[56.117072,57.978572],[56.120968,57.976765],[56.118187,57.972796],[56.125375,57.972022],[56.119372,57.970766],[56.122347,57.968315],[56.117815,57.965856],[56.124215,57.957234],[56.045101,57.938443],[56.062802,57.935782],[56.069956,57.939491],[56.084262,57.934767],[56.092071,57.939088],[56.104927,57.936291],[56.095126,57.923566],[56.09919,57.918111],[56.109089,57.914632],[56.110386,57.910025],[56.124134,57.903733],[56.121863,57.902611],[56.125397,57.900501],[56.14589,57.89887],[56.163116,57.888145],[56.15338,57.882631],[56.155503,57.875857],[56.16297,57.870599],[56.170095,57.873664],[56.179581,57.867673],[56.188327,57.871656],[56.178725,57.877895],[56.181053,57.878931],[56.193894,57.87471],[56.196531,57.87834],[56.201679,57.875546],[56.205124,57.877217],[56.212514,57.873475],[56.185211,57.891514],[56.187839,57.893828],[56.20654,57.881809],[56.208947,57.884677],[56.197917,57.889021],[56.180242,57.906098],[56.183253,57.910179],[56.179538,57.914377],[56.183092,57.921006],[56.187153,57.921057],[56.197682,57.930001],[56.2012,57.940292],[56.21885,57.938233],[56.226428,57.944019],[56.237158,57.942989],[56.243199,57.949068],[56.250871,57.951327],[56.264169,57.941813],[56.282239,57.942929],[56.293296,57.937759],[56.313049,57.950167],[56.327782,57.952922],[56.344681,57.949377],[56.347551,57.95463],[56.356213,57.953798],[56.365288,57.958231],[56.411489,57.946549],[56.403335,57.932604],[56.403239,57.926734],[56.40669,57.922841],[56.441817,57.920751],[56.453574,57.968448],[56.507233,57.96499],[56.531886,57.967256],[56.526368,57.978054],[56.534784,58.001724],[56.639995,57.994953],[56.65193,58.042511],[56.656644,58.044038],[56.654067,58.048048],[56.654767,58.055669],[56.641669,58.058922],[56.633994,58.065088],[56.619162,58.061874],[56.588503,58.074632],[56.570761,58.070928],[56.549687,58.072318],[56.560164,58.119504],[56.538274,58.13223],[56.515372,58.152089],[56.505171,58.155456],[56.450736,58.1583],[56.392814,58.15247],[56.390821,58.155668],[56.389525,58.155247],[56.391716,58.152159],[56.31559,58.177154],[56.305487,58.17472],[56.29689,58.16767],[56.29222,58.157272],[56.299546,58.154585],[56.293645,58.152853],[56.263883,58.164195],[56.252812,58.163654],[56.249574,58.155127],[56.231459,58.156865],[56.211382,58.095261],[56.203047,58.090209],[56.193047,58.091696],[56.166572,58.08548],[56.16288,58.086525],[56.163622,58.094265],[56.15788,58.094671],[56.161314,58.105254],[56.106761,58.110846],[56.125092,58.094393],[56.027603,58.102918],[56.022735,58.077993],[55.983017,58.075625],[55.97717,58.078595],[55.978525,58.075292],[55.975605,58.074719],[55.978958,58.072742],[55.974917,58.070816],[55.979074,58.067013],[55.974786,58.064032],[55.976447,58.061909],[55.970284,58.062002],[55.97281,58.060135],[55.969014,58.059823],[55.970315,58.057422],[55.962605,58.056899],[55.96353,58.054723],[55.957623,58.054632],[55.959039,58.05248],[55.954887,58.049721],[55.945995,58.04947],[55.939819,58.045055],[55.928301,58.04508],[55.921198,58.038902],[55.889503,58.044486],[55.883004,58.039107],[55.87213,58.043548],[55.863533,58.042466],[55.858834,58.047969],[55.855976,58.045807],[55.856949,58.047921],[55.842543,58.048483],[55.838593,58.05089],[55.841002,58.052235],[55.834976,58.054097],[55.820724,58.053819],[55.818354,58.049679],[55.809861,58.04623],[55.816383,58.038824],[55.818229,58.028419],[55.803809,58.005233],[55.798917,57.991656]]],[[[56.501956,57.916865],[56.516933,57.912659],[56.519208,57.914392],[56.511311,57.917139],[56.526096,57.925617],[56.535709,57.924945],[56.54058,57.941782],[56.536374,57.942181],[56.534593,57.935233],[56.530366,57.935597],[56.528242,57.92801],[56.522609,57.925896],[56.520517,57.926084],[56.522405,57.935187],[56.518049,57.935426],[56.516204,57.925925],[56.519337,57.92572],[56.501956,57.916865]]]]}},{"type":"Feature","id":"115135-1516","properties":{"id":"115135-1516","name":"Краснокамский муниципальный округ","name_ru":"Краснокамский муниципальный округ","subject_id":"115135","subject_name":"Пермский край","source_gid":1516,"source_fid":1626,"names_rosstat":"Краснокамский муниципальный округ","population":66129,"area_km2":951.2738370923581,"density_km2":69.51626064070929,"source":"Актуализированный объединённый GeoJSON, предоставленный преподавателем","name_en":"Krasnokamskii Municipal Okrug","name_zh":"Krasnokamskii市政专区","subject_name_en":"Perm Krai","subject_name_zh":"彼尔姆边疆区"},"geometry":{"type":"Polygon","coordinates":[[[55.421806,58.02931],[55.436021,58.039605],[55.450817,58.03884],[55.448609,58.048643],[55.459246,58.061449],[55.447269,58.063067],[55.453553,58.069494],[55.463678,58.06833],[55.495081,58.083747],[55.496097,58.087196],[55.490275,58.091239],[55.492038,58.094893],[55.521416,58.094532],[55.53111,58.099805],[55.552832,58.099672],[55.560417,58.10869],[55.580285,58.11165],[55.58467,58.110974],[55.585962,58.107009],[55.581842,58.105627],[55.586313,58.104262],[55.585405,58.100946],[55.572249,58.096072],[55.578354,58.092356],[55.592492,58.099297],[55.596277,58.094325],[55.596805,58.103923],[55.606797,58.11949],[55.607396,58.12627],[55.621828,58.12962],[55.624144,58.131364],[55.620203,58.133079],[55.621361,58.135369],[55.631477,58.136598],[55.637744,58.143143],[55.652297,58.148024],[55.637379,58.15999],[55.658905,58.166942],[55.677054,58.168787],[55.686398,58.175002],[55.680876,58.178365],[55.675012,58.192538],[55.679739,58.196586],[55.681709,58.212463],[55.71562,58.211982],[55.717076,58.206521],[55.721678,58.205926],[55.720251,58.203433],[55.742136,58.205958],[55.746368,58.224645],[55.738988,58.240577],[55.740747,58.243583],[55.763603,58.252357],[55.769942,58.250576],[55.776469,58.253316],[55.78026,58.259361],[55.759791,58.262559],[55.740355,58.270224],[55.725563,58.263261],[55.720118,58.265321],[55.714383,58.279475],[55.723595,58.283517],[55.719918,58.286022],[55.721434,58.291681],[55.701329,58.299243],[55.700799,58.303153],[55.704762,58.303312],[55.700231,58.308491],[55.700697,58.313199],[55.694115,58.317875],[55.694292,58.322095],[55.727177,58.325711],[55.781954,58.309778],[55.830684,58.304096],[55.834863,58.301829],[55.832291,58.298777],[55.839735,58.290379],[55.864967,58.282206],[55.888299,58.283327],[55.910465,58.278943],[55.932098,58.279589],[55.932336,58.282481],[55.955649,58.277983],[55.957486,58.285612],[55.967836,58.299407],[55.980887,58.306921],[55.961852,58.316612],[55.963489,58.333627],[55.984064,58.340739],[56.007718,58.340829],[56.002223,58.323261],[56.028648,58.316982],[56.047257,58.326009],[56.044541,58.329379],[56.196134,58.315049],[56.187242,58.292273],[56.168589,58.291209],[56.178627,58.278165],[56.17238,58.258907],[56.185002,58.238369],[56.198528,58.237031],[56.200294,58.232609],[56.233206,58.224693],[56.234609,58.220447],[56.230707,58.216163],[56.241003,58.201639],[56.255563,58.207563],[56.247809,58.214507],[56.24936,58.217048],[56.239107,58.225011],[56.243501,58.226689],[56.24768,58.226213],[56.250566,58.220315],[56.256855,58.216685],[56.290843,58.211058],[56.281688,58.195221],[56.257743,58.195853],[56.257509,58.189562],[56.266848,58.188709],[56.276224,58.183767],[56.284425,58.184966],[56.296273,58.17928],[56.252812,58.163654],[56.249574,58.155127],[56.231459,58.156865],[56.211382,58.095261],[56.203047,58.090209],[56.193047,58.091696],[56.166572,58.08548],[56.16288,58.086525],[56.163622,58.094265],[56.15788,58.094671],[56.161314,58.105254],[56.106761,58.110846],[56.125092,58.094393],[56.027603,58.102918],[56.022735,58.077993],[55.983017,58.075625],[55.97717,58.078595],[55.978525,58.075292],[55.975605,58.074719],[55.978958,58.072742],[55.974917,58.070816],[55.979074,58.067013],[55.974786,58.064032],[55.976447,58.061909],[55.970284,58.062002],[55.97281,58.060135],[55.969014,58.059823],[55.970315,58.057422],[55.962605,58.056899],[55.96353,58.054723],[55.957623,58.054632],[55.959039,58.05248],[55.954887,58.049721],[55.945995,58.04947],[55.939819,58.045055],[55.928301,58.04508],[55.921198,58.038902],[55.889503,58.044486],[55.883004,58.039107],[55.87213,58.043548],[55.86473,58.042028],[55.858834,58.047969],[55.855976,58.045807],[55.856949,58.047921],[55.842543,58.048483],[55.838593,58.05089],[55.840359,58.052599],[55.827163,58.053794],[55.828345,58.055475],[55.819905,58.053471],[55.818354,58.049679],[55.809861,58.04623],[55.791839,58.057011],[55.757397,58.066539],[55.720682,58.071499],[55.684419,58.070052],[55.660257,58.063373],[55.642919,58.046229],[55.645675,58.032414],[55.661432,58.017181],[55.661086,58.010098],[55.655043,58.003121],[55.632709,58.006482],[55.619931,58.013599],[55.605494,58.010584],[55.606124,58.003671],[55.58917,58.00206],[55.588446,58.004247],[55.567041,58.000197],[55.570209,58.005996],[55.558599,58.00711],[55.558363,58.004444],[55.548858,58.002371],[55.546889,58.006016],[55.537304,58.003063],[55.537963,57.999503],[55.527055,57.994067],[55.520852,57.993174],[55.524742,58.00213],[55.51989,58.006962],[55.520067,58.01337],[55.511914,58.009429],[55.502448,58.014314],[55.499991,58.019392],[55.463256,58.01892],[55.443089,58.027462],[55.435218,58.025866],[55.431686,58.028863],[55.421806,58.02931]],[[55.541281,58.080409],[55.562889,58.077901],[55.564176,58.070769],[55.557764,58.051169],[55.570105,58.050111],[55.56756,58.051255],[55.571384,58.053623],[55.569601,58.061918],[55.576182,58.06695],[55.573513,58.072611],[55.56666,58.072713],[55.569521,58.075624],[55.564064,58.076123],[55.569418,58.078968],[55.566767,58.081933],[55.571099,58.082447],[55.565253,58.084333],[55.568442,58.087489],[55.56429,58.090686],[55.541281,58.080409]]]}},{"type":"Feature","id":"115135-1517","properties":{"id":"115135-1517","name":"Пермский муниципальный округ","name_ru":"Пермский муниципальный округ","subject_id":"115135","subject_name":"Пермский край","source_gid":1517,"source_fid":1627,"names_rosstat":"Пермский муниципальный округ","population":129127,"area_km2":3876.9185966130904,"density_km2":33.30660595061409,"source":"Актуализированный объединённый GeoJSON, предоставленный преподавателем","name_en":"Permskii Municipal Okrug","name_zh":"Permskii市政专区","subject_name_en":"Perm Krai","subject_name_zh":"彼尔姆边疆区"},"geometry":{"type":"MultiPolygon","coordinates":[[[[55.401552,57.649294],[55.420382,57.670047],[55.431667,57.696691],[55.430918,57.703367],[55.470335,57.701413],[55.477944,57.706459],[55.493206,57.697963],[55.502552,57.69752],[55.529375,57.772258],[55.534652,57.772348],[55.554895,57.814259],[55.540023,57.81024],[55.532966,57.800414],[55.483749,57.801822],[55.482101,57.797503],[55.445452,57.800194],[55.422504,57.806549],[55.421147,57.810399],[55.445595,57.815047],[55.466881,57.829856],[55.481257,57.853384],[55.498595,57.891452],[55.50705,57.901419],[55.54327,57.920409],[55.616284,57.982071],[55.651202,58.000435],[55.659421,58.007689],[55.661432,58.017181],[55.645675,58.032414],[55.642919,58.046229],[55.651417,58.056812],[55.665462,58.065734],[55.684419,58.070052],[55.720682,58.071499],[55.770893,58.063623],[55.805569,58.0495],[55.816383,58.038824],[55.818663,58.030626],[55.80162,58.000912],[55.798917,57.991656],[55.802414,57.975684],[55.830352,57.950813],[55.864663,57.940302],[55.894318,57.941782],[55.903619,57.944851],[55.928435,57.963871],[55.941052,57.986469],[55.999095,58.013111],[56.035016,58.018907],[56.081729,58.017691],[56.071072,58.010645],[56.062537,58.010305],[56.063965,58.008131],[56.070702,58.009429],[56.069894,58.005485],[56.095637,58.002151],[56.100107,57.997535],[56.113421,58.000816],[56.119998,57.992495],[56.130237,57.992806],[56.126305,57.991027],[56.128325,57.986203],[56.124076,57.979743],[56.117072,57.978572],[56.120968,57.976765],[56.118187,57.972796],[56.125375,57.972022],[56.119372,57.970766],[56.122347,57.968315],[56.117815,57.965856],[56.124215,57.957234],[56.045101,57.938443],[56.062802,57.935782],[56.069956,57.939491],[56.084262,57.934767],[56.092071,57.939088],[56.104927,57.936291],[56.095126,57.923566],[56.09919,57.918111],[56.109089,57.914632],[56.110386,57.910025],[56.124134,57.903733],[56.121863,57.902611],[56.125397,57.900501],[56.14589,57.89887],[56.163116,57.888145],[56.15338,57.882631],[56.155503,57.875857],[56.16297,57.870599],[56.170095,57.873664],[56.179581,57.867673],[56.188327,57.871656],[56.178725,57.877895],[56.181053,57.878931],[56.193894,57.87471],[56.196531,57.87834],[56.201679,57.875546],[56.205124,57.877217],[56.212514,57.873475],[56.185211,57.891514],[56.187839,57.893828],[56.20654,57.881809],[56.208947,57.884677],[56.197917,57.889021],[56.180242,57.906098],[56.183253,57.910179],[56.179538,57.914377],[56.183092,57.921006],[56.187153,57.921057],[56.197682,57.930001],[56.2012,57.940292],[56.21885,57.938233],[56.226428,57.944019],[56.237158,57.942989],[56.243199,57.949068],[56.250871,57.951327],[56.264169,57.941813],[56.282239,57.942929],[56.293296,57.937759],[56.313049,57.950167],[56.327782,57.952922],[56.344681,57.949377],[56.347551,57.95463],[56.356213,57.953798],[56.365288,57.958231],[56.411489,57.946549],[56.403335,57.932604],[56.403239,57.926734],[56.40669,57.922841],[56.441817,57.920751],[56.453574,57.968448],[56.507233,57.96499],[56.531886,57.967256],[56.526368,57.978054],[56.534784,58.001724],[56.639995,57.994953],[56.65193,58.042511],[56.656644,58.044038],[56.654067,58.048048],[56.654767,58.055669],[56.641669,58.058922],[56.633994,58.065088],[56.619162,58.061874],[56.588503,58.074632],[56.570761,58.070928],[56.549687,58.072318],[56.556883,58.105431],[56.560164,58.119504],[56.577428,58.114498],[56.587134,58.119035],[56.608838,58.110778],[56.628766,58.108399],[56.656747,58.114399],[56.66856,58.121467],[56.669551,58.126146],[56.658172,58.133854],[56.602952,58.143774],[56.586617,58.154051],[56.589302,58.160914],[56.604997,58.16537],[56.623954,58.165577],[56.652762,58.156764],[56.671327,58.155489],[56.687868,58.159912],[56.69563,58.16718],[56.822815,58.155159],[56.787005,58.053022],[56.796529,58.051689],[56.802464,58.05485],[56.81053,58.052292],[56.805641,58.048254],[56.811807,58.044501],[56.824668,58.0448],[56.824977,58.042361],[56.831451,58.041996],[56.816291,58.03918],[56.824386,58.030319],[56.824834,58.021766],[56.829534,58.018041],[56.816264,58.011443],[56.819041,57.998959],[56.825004,57.989945],[56.822002,57.979967],[56.824143,57.977044],[56.798334,57.975774],[56.770845,57.981386],[56.720121,57.962393],[56.728139,57.957988],[56.737271,57.962193],[56.740476,57.958134],[56.749126,57.96009],[56.750746,57.957384],[56.734893,57.949979],[56.734755,57.946193],[56.743991,57.943065],[56.746497,57.929909],[56.75333,57.932235],[56.784311,57.913746],[56.784051,57.911317],[56.806783,57.904604],[56.815557,57.89436],[56.807144,57.877773],[56.755662,57.876416],[56.747734,57.867222],[56.791007,57.85862],[56.815727,57.849601],[56.827573,57.843309],[56.829504,57.83621],[56.826082,57.830931],[56.810363,57.823854],[56.767146,57.818454],[56.756599,57.81132],[56.758304,57.803559],[56.720452,57.791704],[56.709272,57.785413],[56.69379,57.79068],[56.683333,57.789109],[56.690978,57.784847],[56.675429,57.77917],[56.67116,57.773492],[56.682577,57.765946],[56.675993,57.76556],[56.680454,57.760181],[56.673983,57.757783],[56.680657,57.752427],[56.665706,57.750806],[56.657541,57.773335],[56.646926,57.777767],[56.614359,57.774263],[56.6453,57.747739],[56.601677,57.726171],[56.615454,57.723765],[56.620129,57.71932],[56.647513,57.716226],[56.664791,57.706231],[56.701257,57.699818],[56.682339,57.690915],[56.677326,57.6729],[56.694423,57.671288],[56.687116,57.658411],[56.693451,57.648266],[56.683548,57.637067],[56.682882,57.630206],[56.690786,57.622599],[56.691024,57.618469],[56.6681,57.612149],[56.662092,57.607382],[56.63359,57.604218],[56.620158,57.61551],[56.583451,57.605234],[56.568229,57.603746],[56.560096,57.592615],[56.540892,57.588147],[56.538384,57.583469],[56.525527,57.58105],[56.506539,57.570013],[56.498559,57.58099],[56.484213,57.578709],[56.456561,57.580396],[56.453054,57.576771],[56.434908,57.580569],[56.397136,57.580159],[56.382777,57.574682],[56.376792,57.566667],[56.36245,57.560022],[56.355658,57.551518],[56.348243,57.550351],[56.323181,57.553146],[56.333947,57.565779],[56.348148,57.566575],[56.351615,57.575318],[56.340357,57.582349],[56.34146,57.585914],[56.353243,57.588351],[56.349431,57.59416],[56.339393,57.59524],[56.33692,57.590037],[56.302522,57.586301],[56.298397,57.591585],[56.303685,57.595145],[56.304697,57.601665],[56.299007,57.606427],[56.281164,57.61074],[56.275562,57.608968],[56.269166,57.60163],[56.258072,57.6002],[56.254565,57.591962],[56.232796,57.591607],[56.224437,57.580813],[56.214467,57.590082],[56.196933,57.591063],[56.198896,57.595031],[56.192772,57.596472],[56.190901,57.593076],[56.18569,57.593342],[56.18557,57.589304],[56.17152,57.585421],[56.173394,57.584328],[56.168763,57.578682],[56.164407,57.578209],[56.164572,57.575918],[56.173008,57.575548],[56.180645,57.57812],[56.174883,57.57203],[56.182079,57.557361],[56.176592,57.551104],[56.18456,57.548057],[56.180094,57.538499],[56.184725,57.538277],[56.193244,57.531188],[56.191149,57.528332],[56.200385,57.505234],[56.207967,57.497413],[56.205596,57.490761],[56.198124,57.485411],[56.195478,57.476978],[56.172043,57.477823],[56.160161,57.474058],[56.173615,57.46546],[56.174387,57.458979],[56.148885,57.460181],[56.146183,57.45103],[56.127968,57.452745],[56.118567,57.457046],[56.115093,57.455059],[56.11876,57.46495],[56.10977,57.469959],[56.114534,57.472331],[56.126532,57.494584],[56.099117,57.491242],[56.084847,57.484603],[56.066783,57.485587],[56.061997,57.477714],[56.045367,57.476434],[56.047727,57.475177],[56.042919,57.472022],[56.021194,57.463886],[55.99958,57.442349],[56.00463,57.433482],[55.999866,57.417404],[55.997639,57.417368],[55.998962,57.40929],[56.017577,57.400332],[56.016254,57.390955],[55.997683,57.382777],[55.986942,57.383514],[55.972451,57.378521],[55.947616,57.360574],[55.941106,57.361276],[55.956557,57.37489],[55.946235,57.392187],[55.945529,57.399235],[55.952212,57.411009],[55.980066,57.420248],[55.993967,57.419384],[55.997407,57.431881],[55.990205,57.441697],[56.017051,57.468712],[56.012508,57.475684],[56.026403,57.478084],[56.030504,57.482106],[56.027162,57.489161],[55.857314,57.505764],[55.87669,57.482372],[55.878155,57.477039],[55.843321,57.477571],[55.843357,57.479954],[55.804964,57.480535],[55.805747,57.500284],[55.649077,57.504163],[55.649824,57.499224],[55.621371,57.4995],[55.623637,57.507698],[55.62946,57.507148],[55.633566,57.517936],[55.607108,57.515189],[55.596537,57.512127],[55.594845,57.50782],[55.566491,57.51125],[55.545064,57.505595],[55.548577,57.516694],[55.546034,57.548373],[55.540723,57.560427],[55.531543,57.570537],[55.511312,57.57985],[55.49756,57.581894],[55.431606,57.575207],[55.403448,57.577991],[55.378792,57.5844],[55.366584,57.59062],[55.359746,57.601558],[55.359665,57.610504],[55.36619,57.620814],[55.401552,57.649294]],[[56.139139,57.69637],[56.140812,57.692085],[56.159762,57.678743],[56.16446,57.667635],[56.167734,57.666935],[56.178868,57.669527],[56.249596,57.664133],[56.254311,57.681783],[56.38474,57.67339],[56.387536,57.677441],[56.385448,57.678992],[56.38874,57.680317],[56.39281,57.674621],[56.396562,57.674715],[56.389519,57.680715],[56.384641,57.681725],[56.385124,57.685901],[56.389687,57.689079],[56.383514,57.695688],[56.379643,57.695451],[56.382242,57.701776],[56.376325,57.706593],[56.363881,57.704997],[56.364379,57.710227],[56.35741,57.711822],[56.360422,57.717857],[56.355337,57.723978],[56.357548,57.727091],[56.352739,57.729611],[56.354443,57.739613],[56.34104,57.740733],[56.335841,57.745899],[56.338751,57.751371],[56.336995,57.752452],[56.322807,57.752092],[56.314092,57.746973],[56.310512,57.754327],[56.281327,57.757787],[56.274909,57.751515],[56.273503,57.754599],[56.25082,57.751796],[56.237507,57.763497],[56.212807,57.776502],[56.211779,57.779664],[56.20792,57.778989],[56.207647,57.771465],[56.183721,57.77093],[56.175857,57.761292],[56.186454,57.760132],[56.190035,57.752139],[56.201691,57.752884],[56.205706,57.744729],[56.210503,57.742258],[56.219984,57.743925],[56.217809,57.737019],[56.231306,57.736662],[56.234373,57.741484],[56.252843,57.743114],[56.274003,57.751404],[56.272632,57.744745],[56.26298,57.739914],[56.272689,57.739654],[56.267892,57.736301],[56.268406,57.732353],[56.236852,57.729624],[56.223424,57.693948],[56.206205,57.695364],[56.19268,57.700654],[56.155731,57.698084],[56.144786,57.703857],[56.128612,57.702032],[56.139139,57.69637]],[[56.501956,57.916865],[56.516933,57.912659],[56.519208,57.914392],[56.511311,57.917139],[56.526096,57.925617],[56.535709,57.924945],[56.54058,57.941782],[56.536374,57.942181],[56.534593,57.935233],[56.530366,57.935597],[56.528242,57.92801],[56.522609,57.925896],[56.520517,57.926084],[56.522405,57.935187],[56.518049,57.935426],[56.516204,57.925925],[56.519337,57.92572],[56.501956,57.916865]]],[[[56.187242,58.292273],[56.196134,58.315049],[56.216793,58.313094],[56.217388,58.30522],[56.222371,58.296414],[56.247323,58.276906],[56.356385,58.259799],[56.377519,58.248482],[56.381312,58.239498],[56.379897,58.232068],[56.339229,58.169343],[56.31559,58.177154],[56.305487,58.17472],[56.294043,58.163028],[56.292414,58.156793],[56.299546,58.154585],[56.293645,58.152853],[56.269484,58.163306],[56.259812,58.16433],[56.296273,58.17928],[56.284425,58.184966],[56.276224,58.183767],[56.266848,58.188709],[56.257509,58.189562],[56.257743,58.195853],[56.281688,58.195221],[56.290843,58.211058],[56.256855,58.216685],[56.250566,58.220315],[56.24768,58.226213],[56.243501,58.226689],[56.239107,58.225011],[56.24936,58.217048],[56.247809,58.214507],[56.255563,58.207563],[56.241003,58.201639],[56.230707,58.216163],[56.234609,58.220447],[56.233206,58.224693],[56.200294,58.232609],[56.198528,58.237031],[56.185002,58.238369],[56.17238,58.258907],[56.178627,58.278165],[56.168589,58.291209],[56.187242,58.292273]]]]}},{"type":"Feature","id":"115135-1518","properties":{"id":"115135-1518","name":"Бардымский муниципальный округ","name_ru":"Бардымский муниципальный округ","subject_id":"115135","subject_name":"Пермский край","source_gid":1518,"source_fid":1628,"names_rosstat":"Бардымский муниципальный округ","population":26050,"area_km2":2403.223720748505,"density_km2":10.839606722875763,"source":"Актуализированный объединённый GeoJSON, предоставленный преподавателем","name_en":"Bardymskii Municipal Okrug","name_zh":"Bardymskii市政专区","subject_name_en":"Perm Krai","subject_name_zh":"彼尔姆边疆区"},"geometry":{"type":"Polygon","coordinates":[[[55.149227,56.981048],[55.166713,56.978294],[55.173674,56.973495],[55.186563,56.954386],[55.190731,56.954132],[55.189752,56.949839],[55.172313,56.93359],[55.169571,56.914525],[55.2268,56.907811],[55.231079,56.898954],[55.244613,56.891754],[55.252118,56.897932],[55.268039,56.903966],[55.302013,56.901021],[55.299454,56.877891],[55.285152,56.858411],[55.291986,56.827077],[55.291837,56.823192],[55.288354,56.821325],[55.289757,56.810734],[55.284971,56.804638],[55.274363,56.804212],[55.262552,56.783737],[55.261347,56.770175],[55.251421,56.757452],[55.274886,56.745764],[55.282054,56.747266],[55.271622,56.736542],[55.268387,56.728534],[55.294673,56.719819],[55.326613,56.720875],[55.337162,56.726759],[55.341563,56.73699],[55.358116,56.732338],[55.365867,56.736095],[55.414972,56.736287],[55.440763,56.743271],[55.451079,56.74121],[55.453411,56.736127],[55.467603,56.732051],[55.454839,56.726135],[55.461133,56.718412],[55.486749,56.7056],[55.441637,56.698721],[55.408473,56.697633],[55.404335,56.694145],[55.438315,56.677835],[55.441725,56.669109],[55.45003,56.662943],[55.456471,56.664897],[55.467428,56.662671],[55.46839,56.659484],[55.477191,56.659516],[55.498261,56.650081],[55.509859,56.658507],[55.555827,56.657111],[55.557565,56.664609],[55.567795,56.670421],[55.59545,56.666451],[55.590962,56.654678],[55.597665,56.65471],[55.613547,56.64545],[55.609322,56.643592],[55.615354,56.637726],[55.613372,56.629552],[55.605183,56.620398],[55.596353,56.616085],[55.634024,56.596693],[55.660568,56.600011],[55.655898,56.617913],[55.662179,56.62164],[55.681591,56.623224],[55.704405,56.63057],[55.705614,56.61389],[55.713681,56.605142],[55.70147,56.589358],[55.727145,56.574893],[55.751598,56.578098],[55.749223,56.582035],[55.752874,56.58912],[55.765344,56.593201],[55.778077,56.60791],[55.779749,56.613586],[55.798398,56.61683],[55.797321,56.621319],[55.82248,56.639391],[55.83341,56.641157],[55.857008,56.635279],[55.866201,56.641205],[55.854039,56.65627],[55.855315,56.662314],[55.847112,56.668272],[55.842933,56.676465],[55.870072,56.690296],[55.867587,56.698822],[55.888612,56.71839],[55.941262,56.720369],[55.954215,56.7244],[55.936577,56.733774],[55.940778,56.739251],[55.938249,56.742013],[55.95956,56.745788],[55.986149,56.743942],[55.983751,56.735029],[55.97524,56.727645],[55.996837,56.716495],[56.010912,56.71384],[56.021887,56.715843],[56.060967,56.706489],[56.094088,56.716978],[56.087688,56.717992],[56.083993,56.725992],[56.077308,56.72878],[56.079705,56.73176],[56.070434,56.735884],[56.116234,56.762233],[56.108273,56.768778],[56.111028,56.772607],[56.107017,56.773772],[56.110785,56.776536],[56.110835,56.780746],[56.103431,56.785725],[56.090183,56.788055],[56.090639,56.796592],[56.101942,56.796342],[56.109204,56.824885],[56.12382,56.826497],[56.125825,56.830587],[56.116953,56.833729],[56.122969,56.842721],[56.121298,56.846095],[56.135184,56.851545],[56.151471,56.851312],[56.121754,56.866861],[56.105528,56.865117],[56.087084,56.851561],[56.066361,56.862061],[56.063474,56.866844],[56.066483,56.867674],[56.061985,56.875114],[56.087509,56.884395],[56.133148,56.935257],[56.081645,56.93844],[56.082912,56.943318],[56.07804,56.948823],[56.053994,56.951533],[56.033393,56.942286],[56.018413,56.952345],[56.010999,56.94918],[56.012913,56.956024],[56.058491,56.984279],[56.026708,56.988054],[56.016073,56.995602],[56.025219,57.006342],[56.046124,57.014564],[56.050986,57.022769],[56.045122,57.029086],[56.048069,57.035683],[56.052657,57.036063],[56.052748,57.039618],[56.044699,57.055566],[56.017476,57.060735],[56.013442,57.068598],[55.976205,57.070264],[55.957091,57.078329],[55.956628,57.082127],[55.961765,57.086644],[55.964058,57.093998],[55.974243,57.095136],[55.978939,57.104369],[55.972876,57.10917],[55.980262,57.118663],[55.958855,57.136336],[55.962382,57.155903],[55.955548,57.169376],[55.947876,57.176009],[55.949132,57.17865],[55.939983,57.185676],[55.93941,57.195245],[55.935177,57.202387],[55.929401,57.203712],[55.922038,57.194275],[55.920698,57.184501],[55.928309,57.181441],[55.930458,57.177194],[55.887638,57.151727],[55.886182,57.155518],[55.879861,57.156882],[55.874806,57.152918],[55.872106,57.145093],[55.867253,57.143611],[55.859432,57.133391],[55.854218,57.131929],[55.853138,57.126114],[55.856262,57.120983],[55.850612,57.115229],[55.851302,57.112195],[55.857779,57.109377],[55.854195,57.107272],[55.857001,57.101813],[55.852618,57.090468],[55.848159,57.086739],[55.836091,57.088414],[55.818222,57.0839],[55.803469,57.084873],[55.790824,57.096182],[55.781061,57.096845],[55.755626,57.079413],[55.753217,57.062783],[55.739314,57.059232],[55.738315,57.062764],[55.733509,57.057789],[55.730578,57.062264],[55.723333,57.059288],[55.726014,57.057493],[55.717019,57.055681],[55.710459,57.05966],[55.704344,57.055717],[55.704653,57.05193],[55.69808,57.052991],[55.69235,57.050187],[55.680491,57.049924],[55.668752,57.055064],[55.667135,57.051871],[55.660738,57.052694],[55.663275,57.056872],[55.660073,57.060714],[55.653621,57.058245],[55.64389,57.061395],[55.646069,57.06425],[55.643951,57.065988],[55.641284,57.063398],[55.641137,57.067188],[55.629313,57.06537],[55.63091,57.06888],[55.620412,57.065176],[55.619464,57.068776],[55.612527,57.065201],[55.611165,57.069032],[55.606696,57.062549],[55.597187,57.066001],[55.595007,57.062862],[55.587724,57.064723],[55.591367,57.069595],[55.584339,57.070589],[55.589084,57.071928],[55.579968,57.072336],[55.563559,57.08031],[55.574313,57.087249],[55.557497,57.089776],[55.571793,57.09352],[55.567058,57.099404],[55.559162,57.098872],[55.557676,57.101125],[55.572487,57.111507],[55.557981,57.108513],[55.553055,57.112804],[55.564584,57.115051],[55.568431,57.118076],[55.56728,57.120077],[55.547567,57.118718],[55.547875,57.115364],[55.525408,57.106328],[55.515957,57.109237],[55.512922,57.114903],[55.503314,57.113218],[55.482745,57.100326],[55.451178,57.093738],[55.422686,57.081638],[55.347759,57.094011],[55.333343,57.099057],[55.32229,57.11235],[55.279274,57.129197],[55.268105,57.124146],[55.263085,57.118069],[55.251289,57.12082],[55.252825,57.118557],[55.242449,57.113069],[55.246358,57.110952],[55.221088,57.095011],[55.236615,57.088401],[55.221728,57.072578],[55.167486,57.068896],[55.162832,57.046493],[55.165757,57.018227],[55.169294,57.014595],[55.176421,57.021126],[55.211611,57.01517],[55.212381,56.992572],[55.167966,56.991375],[55.149227,56.981048]]]}},{"type":"Feature","id":"115135-1519","properties":{"id":"115135-1519","name":"Осинский муниципальный округ","name_ru":"Осинский муниципальный округ","subject_id":"115135","subject_name":"Пермский край","source_gid":1519,"source_fid":1629,"names_rosstat":"Осинский муниципальный округ","population":25990,"area_km2":2026.3079343938564,"density_km2":12.826283487743718,"source":"Актуализированный объединённый GeoJSON, предоставленный преподавателем","name_en":"Osinskii Municipal Okrug","name_zh":"Osinskii市政专区","subject_name_en":"Perm Krai","subject_name_zh":"彼尔姆边疆区"},"geometry":{"type":"Polygon","coordinates":[[[54.991492,57.212856],[54.998965,57.152893],[55.009782,57.134803],[55.056806,57.146456],[55.061999,57.151153],[55.089469,57.155412],[55.09443,57.151632],[55.097967,57.152569],[55.110441,57.163844],[55.125234,57.161319],[55.131285,57.15322],[55.12791,57.144997],[55.134468,57.140694],[55.127318,57.117893],[55.133444,57.113375],[55.148683,57.111493],[55.139076,57.100388],[55.159756,57.091528],[55.151545,57.084318],[55.154497,57.081246],[55.148782,57.07056],[55.167486,57.068896],[55.221728,57.072578],[55.236615,57.088401],[55.221088,57.095011],[55.246358,57.110952],[55.242449,57.113069],[55.252825,57.118557],[55.251289,57.12082],[55.263085,57.118069],[55.268105,57.124146],[55.279274,57.129197],[55.32229,57.11235],[55.333343,57.099057],[55.347759,57.094011],[55.422686,57.081638],[55.451178,57.093738],[55.482745,57.100326],[55.503314,57.113218],[55.512922,57.114903],[55.515957,57.109237],[55.525408,57.106328],[55.547875,57.115364],[55.547567,57.118718],[55.557561,57.117826],[55.56196,57.120781],[55.568431,57.118076],[55.562797,57.114424],[55.554992,57.115066],[55.553341,57.112257],[55.557981,57.108513],[55.567203,57.11197],[55.572911,57.110802],[55.557639,57.09998],[55.567058,57.099404],[55.571793,57.09352],[55.557497,57.089776],[55.574313,57.087249],[55.563559,57.08031],[55.579968,57.072336],[55.589084,57.071928],[55.584339,57.070589],[55.591367,57.069595],[55.587724,57.064723],[55.595007,57.062862],[55.597187,57.066001],[55.606696,57.062549],[55.611165,57.069032],[55.612527,57.065201],[55.619464,57.068776],[55.620412,57.065176],[55.63091,57.06888],[55.629313,57.06537],[55.641137,57.067188],[55.641284,57.063398],[55.643951,57.065988],[55.646069,57.06425],[55.64389,57.061395],[55.653621,57.058245],[55.660073,57.060714],[55.663275,57.056872],[55.660738,57.052694],[55.667135,57.051871],[55.668752,57.055064],[55.680491,57.049924],[55.704653,57.05193],[55.704344,57.055717],[55.710459,57.05966],[55.717019,57.055681],[55.726014,57.057493],[55.723333,57.059288],[55.730578,57.062264],[55.733509,57.057789],[55.738315,57.062764],[55.739314,57.059232],[55.753217,57.062783],[55.755626,57.079413],[55.781061,57.096845],[55.790824,57.096182],[55.803469,57.084873],[55.818222,57.0839],[55.836091,57.088414],[55.848159,57.086739],[55.852618,57.090468],[55.857001,57.101813],[55.854195,57.107272],[55.857779,57.109377],[55.851302,57.112195],[55.850612,57.115229],[55.856262,57.120983],[55.853138,57.126114],[55.854218,57.131929],[55.859432,57.133391],[55.867253,57.143611],[55.872106,57.145093],[55.874806,57.152918],[55.879861,57.156882],[55.886182,57.155518],[55.887638,57.151727],[55.93057,57.177707],[55.920698,57.184501],[55.922038,57.194275],[55.929158,57.206841],[55.898316,57.219949],[55.891569,57.215926],[55.883853,57.219185],[55.900697,57.242275],[55.882288,57.248907],[55.898713,57.312149],[55.885022,57.348207],[55.847543,57.396468],[55.877688,57.407156],[55.883848,57.413656],[55.89129,57.437859],[55.878155,57.477039],[55.804964,57.480535],[55.805747,57.500284],[55.649077,57.504163],[55.649824,57.499224],[55.621371,57.4995],[55.623637,57.507698],[55.62946,57.507148],[55.633566,57.517936],[55.607108,57.515189],[55.596537,57.512127],[55.594845,57.50782],[55.566491,57.51125],[55.545064,57.505595],[55.52532,57.475646],[55.49837,57.451272],[55.498541,57.430578],[55.522453,57.395387],[55.48813,57.379323],[55.477989,57.381697],[55.47998,57.388442],[55.466892,57.390201],[55.467815,57.395172],[55.457349,57.395128],[55.457497,57.38732],[55.446539,57.391884],[55.425332,57.389176],[55.401841,57.39702],[55.401532,57.402192],[55.39003,57.40346],[55.377676,57.404673],[55.382166,57.398932],[55.379769,57.392547],[55.310928,57.401895],[55.326854,57.449011],[55.348478,57.466756],[55.317099,57.468159],[55.31408,57.460574],[55.297653,57.462527],[55.293908,57.459269],[55.301001,57.458396],[55.263917,57.433615],[55.253747,57.433886],[55.25224,57.437582],[55.236056,57.444219],[55.194421,57.434499],[55.15817,57.438738],[55.170942,57.431322],[55.171592,57.420778],[55.170036,57.41659],[55.163935,57.419487],[55.157636,57.411616],[55.185607,57.401088],[55.177294,57.379144],[55.173663,57.378478],[55.176654,57.372127],[55.137335,57.34709],[55.101224,57.363555],[55.077953,57.361609],[55.043722,57.337239],[55.009704,57.292866],[54.999693,57.264978],[54.991492,57.212856]]]}},{"type":"Feature","id":"115135-1574","properties":{"id":"115135-1574","name":"Чернушинский муниципальный округ","name_ru":"Чернушинский муниципальный округ","subject_id":"115135","subject_name":"Пермский край","source_gid":1574,"source_fid":1684,"names_rosstat":"Чернушинский муниципальный округ","population":50326,"area_km2":1677.449241873441,"density_km2":30.001503916621616,"source":"Актуализированный объединённый GeoJSON, предоставленный преподавателем","name_en":"Chernushinskii Municipal Okrug","name_zh":"Chernushinskii市政专区","subject_name_en":"Perm Krai","subject_name_zh":"彼尔姆边疆区"},"geometry":{"type":"MultiPolygon","coordinates":[[[[55.749223,56.582035],[55.751598,56.578098],[55.762727,56.579673],[55.789271,56.565607],[55.76044,56.552965],[55.774633,56.546993],[55.771049,56.540454],[55.778495,56.533519],[55.810428,56.542116],[55.813046,56.552882],[55.827385,56.558433],[55.838403,56.556724],[55.832685,56.554155],[55.835412,56.552894],[55.82457,56.545754],[55.827099,56.544663],[55.824394,56.542298],[55.863716,56.528024],[55.866993,56.530487],[55.888348,56.522711],[55.891119,56.505044],[55.884734,56.503874],[55.885794,56.498989],[55.877741,56.496721],[55.886392,56.497215],[55.894742,56.468308],[55.877779,56.462355],[55.879065,56.456809],[55.908367,56.456239],[55.919923,56.449561],[55.931373,56.419497],[55.937068,56.411698],[55.94654,56.406831],[55.947024,56.395331],[55.9414,56.388685],[55.950285,56.382979],[55.951932,56.373325],[55.957573,56.36922],[55.976828,56.365634],[55.977377,56.361616],[55.986253,56.358112],[55.985488,56.356001],[56.017477,56.339724],[56.041757,56.340054],[56.0435,56.338043],[56.040179,56.332919],[56.048395,56.329417],[56.054177,56.320144],[56.051053,56.314321],[56.079167,56.29526],[56.075775,56.290924],[56.081208,56.290289],[56.091836,56.294031],[56.113225,56.294877],[56.111138,56.297101],[56.114697,56.298581],[56.112853,56.299733],[56.124493,56.300288],[56.122891,56.302141],[56.127239,56.303747],[56.119431,56.308372],[56.122991,56.31087],[56.16298,56.313336],[56.162076,56.317131],[56.218442,56.31655],[56.217423,56.324505],[56.223444,56.324993],[56.235295,56.321669],[56.227161,56.318807],[56.225619,56.315609],[56.227791,56.313446],[56.242803,56.314982],[56.267543,56.305867],[56.286068,56.304531],[56.279901,56.308272],[56.284103,56.314326],[56.282075,56.315539],[56.295029,56.318207],[56.291264,56.322915],[56.302203,56.33312],[56.321416,56.341278],[56.318693,56.347612],[56.324432,56.3653],[56.347324,56.363016],[56.362092,56.3657],[56.378005,56.36169],[56.362067,56.388474],[56.400225,56.400799],[56.406098,56.405364],[56.43156,56.386752],[56.425796,56.375842],[56.435685,56.373986],[56.437875,56.37975],[56.442022,56.381546],[56.456062,56.375064],[56.448066,56.371388],[56.460785,56.365606],[56.471237,56.369985],[56.483829,56.388464],[56.488442,56.388394],[56.489528,56.383677],[56.499711,56.380524],[56.500227,56.376624],[56.504475,56.376329],[56.506031,56.379331],[56.508233,56.376629],[56.553741,56.414651],[56.521126,56.425079],[56.516007,56.405509],[56.463129,56.413257],[56.466786,56.426187],[56.464754,56.437496],[56.495121,56.439802],[56.501189,56.436837],[56.504006,56.448232],[56.546346,56.453217],[56.563602,56.478418],[56.545506,56.492104],[56.519853,56.496112],[56.489514,56.486421],[56.480845,56.46772],[56.449639,56.461839],[56.431431,56.470412],[56.437191,56.474039],[56.433637,56.476328],[56.440358,56.476836],[56.444308,56.484108],[56.451237,56.487468],[56.447715,56.492388],[56.481983,56.495633],[56.513325,56.503273],[56.538869,56.500463],[56.538274,56.510195],[56.567557,56.508162],[56.572216,56.518549],[56.568613,56.527276],[56.584,56.541377],[56.622385,56.539555],[56.626177,56.548306],[56.600497,56.552218],[56.605048,56.561116],[56.593535,56.568161],[56.573218,56.559743],[56.488863,56.544304],[56.478055,56.539913],[56.470199,56.531593],[56.475319,56.520148],[56.448122,56.507683],[56.39286,56.525438],[56.39928,56.536179],[56.433521,56.531743],[56.43688,56.534461],[56.430595,56.539331],[56.425963,56.551397],[56.472854,56.54641],[56.473856,56.548411],[56.465052,56.558787],[56.480141,56.56637],[56.524431,56.568758],[56.542337,56.581277],[56.550382,56.583157],[56.553254,56.590914],[56.543095,56.60769],[56.528793,56.606781],[56.525135,56.611104],[56.507826,56.615666],[56.501649,56.607988],[56.491653,56.610389],[56.481143,56.607288],[56.474587,56.611581],[56.451535,56.608152],[56.444275,56.612043],[56.435119,56.611074],[56.419028,56.615606],[56.409168,56.613087],[56.409818,56.607556],[56.44032,56.606184],[56.440618,56.602487],[56.415479,56.599594],[56.417186,56.592107],[56.410089,56.587558],[56.39221,56.598878],[56.39584,56.601637],[56.377392,56.606945],[56.385736,56.619109],[56.393267,56.618542],[56.374169,56.648471],[56.376158,56.653895],[56.388911,56.653534],[56.392362,56.658073],[56.411448,56.663709],[56.428834,56.656113],[56.434918,56.657322],[56.428899,56.663361],[56.43714,56.669508],[56.44808,56.667085],[56.450866,56.670174],[56.426724,56.681497],[56.400453,56.68046],[56.378827,56.675596],[56.374763,56.669562],[56.359553,56.673506],[56.366188,56.681562],[56.355713,56.693713],[56.386183,56.71357],[56.378161,56.71818],[56.350126,56.706366],[56.34165,56.707585],[56.322319,56.718134],[56.314199,56.71901],[56.305968,56.729413],[56.310989,56.735138],[56.29506,56.737308],[56.29636,56.741282],[56.253505,56.749399],[56.258367,56.763764],[56.19429,56.771531],[56.171124,56.771717],[56.162397,56.768933],[56.111028,56.772607],[56.108273,56.768778],[56.116234,56.762233],[56.070434,56.735884],[56.079705,56.73176],[56.077308,56.72878],[56.083993,56.725992],[56.087688,56.717992],[56.094088,56.716978],[56.060967,56.706489],[56.021887,56.715843],[56.010912,56.71384],[55.996837,56.716495],[55.97524,56.727645],[55.983751,56.735029],[55.986149,56.743942],[55.95956,56.745788],[55.938249,56.742013],[55.940778,56.739251],[55.936577,56.733774],[55.954215,56.7244],[55.941262,56.720369],[55.888612,56.71839],[55.867587,56.698822],[55.870072,56.690296],[55.842933,56.676465],[55.847112,56.668272],[55.855315,56.662314],[55.854039,56.65627],[55.866201,56.641205],[55.857008,56.635279],[55.83341,56.641157],[55.82248,56.639391],[55.797321,56.621319],[55.798398,56.61683],[55.779749,56.613586],[55.768137,56.595937],[55.752874,56.58912],[55.749223,56.582035]]],[[[56.385725,56.739971],[56.389516,56.73709],[56.38959,56.732688],[56.399127,56.729019],[56.397192,56.724488],[56.400234,56.72201],[56.420935,56.713176],[56.425795,56.707376],[56.440084,56.70193],[56.442034,56.69825],[56.461476,56.706209],[56.480922,56.695819],[56.485331,56.688419],[56.474877,56.684963],[56.450502,56.694459],[56.445845,56.690555],[56.457711,56.680881],[56.455333,56.679398],[56.459494,56.674145],[56.488621,56.661491],[56.491802,56.651719],[56.525229,56.65113],[56.53474,56.671535],[56.489517,56.69805],[56.454466,56.745472],[56.457983,56.75479],[56.439999,56.751965],[56.418126,56.753961],[56.416615,56.735963],[56.408094,56.733857],[56.390605,56.740772],[56.385725,56.739971]]]]}},{"type":"Feature","id":"115135-1580","properties":{"id":"115135-1580","name":"Уинский муниципальный округ","name_ru":"Уинский муниципальный округ","subject_id":"115135","subject_name":"Пермский край","source_gid":1580,"source_fid":1690,"names_rosstat":"Уинский муниципальный округ","population":9574,"area_km2":1550.2003353244584,"density_km2":6.17597595732435,"source":"Актуализированный объединённый GeoJSON, предоставленный преподавателем","name_en":"Uinskii Municipal Okrug","name_zh":"Uinskii市政专区","subject_name_en":"Perm Krai","subject_name_zh":"彼尔姆边疆区"},"geometry":{"type":"Polygon","coordinates":[[[56.010999,56.94918],[56.018413,56.952345],[56.033393,56.942286],[56.053994,56.951533],[56.07804,56.948823],[56.082912,56.943318],[56.081645,56.93844],[56.133148,56.935257],[56.087509,56.884395],[56.061985,56.875114],[56.066361,56.862061],[56.087084,56.851561],[56.105528,56.865117],[56.121754,56.866861],[56.151471,56.851312],[56.135184,56.851545],[56.121298,56.846095],[56.122969,56.842721],[56.116953,56.833729],[56.125825,56.830587],[56.12382,56.826497],[56.109204,56.824885],[56.101942,56.796342],[56.090639,56.796592],[56.090183,56.788055],[56.103431,56.785725],[56.110835,56.780746],[56.110785,56.776536],[56.107017,56.773772],[56.126275,56.769786],[56.142902,56.772157],[56.142173,56.769759],[56.162397,56.768933],[56.171124,56.771717],[56.19429,56.771531],[56.258367,56.763764],[56.253505,56.749399],[56.29636,56.741282],[56.29506,56.737308],[56.310989,56.735138],[56.305968,56.729413],[56.314199,56.71901],[56.322319,56.718134],[56.34165,56.707585],[56.350126,56.706366],[56.378161,56.71818],[56.386183,56.71357],[56.355713,56.693713],[56.366188,56.681562],[56.359553,56.673506],[56.374763,56.669562],[56.378827,56.675596],[56.400453,56.68046],[56.426724,56.681497],[56.450866,56.670174],[56.44808,56.667085],[56.488621,56.661491],[56.459494,56.674145],[56.455333,56.679398],[56.457711,56.680881],[56.445845,56.690555],[56.450502,56.694459],[56.474877,56.684963],[56.485331,56.688419],[56.480922,56.695819],[56.461476,56.706209],[56.442034,56.69825],[56.440084,56.70193],[56.425795,56.707376],[56.420935,56.713176],[56.400234,56.72201],[56.397192,56.724488],[56.399127,56.729019],[56.390605,56.731927],[56.389516,56.73709],[56.385948,56.738259],[56.390605,56.740772],[56.408094,56.733857],[56.416615,56.735963],[56.418126,56.753961],[56.439999,56.751965],[56.451196,56.755048],[56.457983,56.75479],[56.454466,56.745472],[56.489517,56.69805],[56.53474,56.671535],[56.556795,56.678071],[56.567319,56.696391],[56.578346,56.695838],[56.575578,56.687961],[56.608866,56.689871],[56.609895,56.69276],[56.629479,56.691366],[56.626459,56.680761],[56.6209,56.680484],[56.618337,56.670014],[56.637509,56.672591],[56.656064,56.670743],[56.668555,56.674627],[56.673611,56.671887],[56.696124,56.681201],[56.705641,56.681125],[56.713831,56.692484],[56.708707,56.693351],[56.705618,56.68928],[56.678462,56.690348],[56.674183,56.697082],[56.663659,56.695637],[56.661509,56.697258],[56.665352,56.704329],[56.671575,56.706829],[56.671873,56.709742],[56.652701,56.710307],[56.660159,56.716146],[56.64936,56.716799],[56.65476,56.720314],[56.660273,56.730732],[56.652266,56.737082],[56.668876,56.737559],[56.673245,56.740683],[56.675831,56.749403],[56.690313,56.748224],[56.690221,56.754671],[56.6531,56.748526],[56.652023,56.753059],[56.644388,56.752843],[56.592081,56.743372],[56.587965,56.748345],[56.596585,56.757797],[56.585229,56.758163],[56.590376,56.765155],[56.5935,56.766828],[56.602029,56.759554],[56.595375,56.752843],[56.607176,56.749275],[56.635557,56.755805],[56.634233,56.760702],[56.647762,56.75905],[56.65063,56.763644],[56.667136,56.762093],[56.682282,56.769487],[56.6814,56.775772],[56.712354,56.778612],[56.708713,56.794387],[56.715933,56.796597],[56.71162,56.800943],[56.715525,56.802452],[56.722671,56.798749],[56.731298,56.801432],[56.73727,56.807161],[56.746599,56.805951],[56.745293,56.798824],[56.74961,56.798671],[56.747236,56.79742],[56.751819,56.793985],[56.743906,56.785316],[56.745667,56.783988],[56.763201,56.786267],[56.772721,56.780185],[56.819643,56.778525],[56.839224,56.78473],[56.878026,56.77197],[56.895773,56.787439],[56.931425,56.787111],[56.955312,56.798512],[57.004882,56.804757],[57.005919,56.814406],[57.013448,56.820312],[57.014581,56.827532],[57.039197,56.841834],[56.925257,56.877787],[56.89777,56.894209],[56.896591,56.898101],[56.878856,56.906996],[56.887351,56.912391],[56.887696,56.91814],[56.878148,56.921833],[56.878834,56.928889],[56.86444,56.935357],[56.880772,56.948568],[56.884801,56.966635],[56.877686,56.978106],[56.865426,56.987005],[56.854024,57.000805],[56.831434,57.001622],[56.831649,57.00377],[56.821146,57.007761],[56.796113,57.001482],[56.753119,57.001249],[56.745361,56.994408],[56.719361,56.990201],[56.715201,56.992467],[56.714627,56.998984],[56.672704,57.002556],[56.676519,57.015136],[56.682327,57.014403],[56.683479,57.016854],[56.673853,57.017128],[56.67537,57.018894],[56.67102,57.02116],[56.673829,57.022475],[56.664759,57.022785],[56.663305,57.024935],[56.667726,57.02633],[56.663974,57.027229],[56.667118,57.02852],[56.66111,57.029369],[56.663412,57.031224],[56.66103,57.032958],[56.650795,57.030265],[56.65299,57.028354],[56.649506,57.026323],[56.656721,57.022471],[56.653072,57.019514],[56.655596,57.017364],[56.652194,57.01714],[56.654362,57.0159],[56.652002,57.011001],[56.638066,56.999811],[56.634253,57.002859],[56.623499,56.99769],[56.593623,56.999647],[56.572664,56.99367],[56.539716,56.970664],[56.522213,56.972219],[56.49157,56.984284],[56.468471,56.987378],[56.457086,56.987363],[56.445481,56.978648],[56.399386,56.982319],[56.377578,56.990113],[56.358021,56.989997],[56.337178,56.998753],[56.333106,57.00634],[56.317353,57.007798],[56.319175,57.015588],[56.302082,57.017601],[56.305136,57.027779],[56.265609,57.031949],[56.26657,57.040286],[56.243099,57.045652],[56.233068,57.05299],[56.216401,57.053734],[56.188997,57.048997],[56.177489,57.044176],[56.123123,57.057522],[56.115759,57.060471],[56.11329,57.066417],[56.097439,57.063241],[56.073011,57.067879],[56.066243,57.053098],[56.044699,57.055566],[56.052748,57.039618],[56.052657,57.036063],[56.048069,57.035683],[56.045122,57.029086],[56.050986,57.022769],[56.046124,57.014564],[56.025219,57.006342],[56.016073,56.995602],[56.026708,56.988054],[56.058491,56.984279],[56.012913,56.956024],[56.010999,56.94918]]]}},{"type":"Feature","id":"115135-1581","properties":{"id":"115135-1581","name":"Ординский муниципальный округ","name_ru":"Ординский муниципальный округ","subject_id":"115135","subject_name":"Пермский край","source_gid":1581,"source_fid":1691,"names_rosstat":"Ординский муниципальный округ","population":13869,"area_km2":1420.9337667643647,"density_km2":9.760483088231032,"source":"Актуализированный объединённый GeoJSON, предоставленный преподавателем","name_en":"Ordinskii Municipal Okrug","name_zh":"Ordinskii市政专区","subject_name_en":"Perm Krai","subject_name_zh":"彼尔姆边疆区"},"geometry":{"type":"Polygon","coordinates":[[[56.261461,57.04296],[56.26657,57.040286],[56.265609,57.031949],[56.305136,57.027779],[56.302082,57.017601],[56.319175,57.015588],[56.317353,57.007798],[56.333106,57.00634],[56.337178,56.998753],[56.358021,56.989997],[56.377578,56.990113],[56.399386,56.982319],[56.445481,56.978648],[56.457086,56.987363],[56.468471,56.987378],[56.49157,56.984284],[56.522213,56.972219],[56.539716,56.970664],[56.572664,56.99367],[56.593623,56.999647],[56.623499,56.99769],[56.634253,57.002859],[56.638066,56.999811],[56.652002,57.011001],[56.654362,57.0159],[56.652194,57.01714],[56.655733,57.017857],[56.653072,57.019514],[56.656721,57.022471],[56.649506,57.026323],[56.65299,57.028354],[56.651042,57.030608],[56.657606,57.033011],[56.667118,57.02852],[56.663974,57.027229],[56.667726,57.02633],[56.663305,57.024935],[56.664759,57.022785],[56.673829,57.022475],[56.67102,57.02116],[56.67537,57.018894],[56.673205,57.017373],[56.683479,57.016854],[56.682327,57.014403],[56.676519,57.015136],[56.672704,57.002556],[56.714627,56.998984],[56.715201,56.992467],[56.721314,56.989878],[56.745361,56.994408],[56.753119,57.001249],[56.796113,57.001482],[56.821146,57.007761],[56.831649,57.00377],[56.831434,57.001622],[56.850209,57.001996],[56.857582,56.99812],[56.863026,56.989317],[56.877686,56.978106],[56.884801,56.966635],[56.880772,56.948568],[56.86444,56.935357],[56.878834,56.928889],[56.878148,56.921833],[56.887696,56.91814],[56.887351,56.912391],[56.878856,56.906996],[56.896591,56.898101],[56.89777,56.894209],[56.925257,56.877787],[57.038207,56.842314],[57.052031,56.848322],[57.110428,56.89069],[57.119157,56.899949],[57.113467,56.903502],[57.110155,56.923074],[57.072122,56.914481],[57.078162,56.923775],[57.095737,56.931452],[57.092503,56.934067],[57.099712,56.938468],[57.132055,56.934174],[57.133965,56.942847],[57.128003,56.943464],[57.116195,56.951327],[57.127535,56.960486],[57.144525,56.9679],[57.14963,56.974229],[57.129523,56.976757],[57.128782,56.979539],[57.131237,56.987713],[57.141213,56.996629],[57.146863,57.020458],[57.158788,57.025442],[57.167634,57.020437],[57.192885,57.029854],[57.196509,57.036703],[57.215409,57.03524],[57.204069,57.050079],[57.183533,57.061565],[57.17305,57.063345],[57.168569,57.07184],[57.16171,57.076924],[57.165295,57.086051],[57.157852,57.087533],[57.159489,57.092107],[57.172972,57.10104],[57.166464,57.115578],[57.150721,57.121607],[57.148461,57.1244],[57.151033,57.128672],[57.143629,57.135567],[57.129406,57.134594],[57.123015,57.138696],[57.103492,57.131887],[57.10505,57.126557],[57.132601,57.118032],[57.134394,57.111939],[57.129172,57.102077],[57.116078,57.095473],[57.112376,57.083637],[57.070096,57.102542],[57.054313,57.115536],[57.058054,57.130301],[57.048274,57.140705],[57.056769,57.144193],[57.06277,57.151275],[57.047533,57.155777],[57.042077,57.163173],[57.036466,57.182841],[57.022866,57.189683],[57.023022,57.198634],[57.006616,57.201442],[56.998175,57.208922],[57.004282,57.220666],[57.00628,57.25188],[57.004259,57.254722],[57.007245,57.256459],[57.002373,57.257443],[57.00491,57.269487],[56.975925,57.269535],[56.965395,57.282729],[56.931874,57.285423],[56.881246,57.283821],[56.868403,57.278178],[56.855785,57.278226],[56.836095,57.271817],[56.823567,57.274634],[56.809332,57.273723],[56.771636,57.253702],[56.74759,57.249208],[56.742179,57.255257],[56.720019,57.251127],[56.710118,57.240644],[56.723746,57.229927],[56.710814,57.2221],[56.70455,57.224568],[56.672758,57.200117],[56.658029,57.204496],[56.654258,57.201078],[56.627001,57.19524],[56.611711,57.18586],[56.589208,57.18995],[56.589469,57.196071],[56.594828,57.199072],[56.58579,57.198729],[56.598931,57.206008],[56.60765,57.203356],[56.605282,57.210382],[56.600351,57.210819],[56.605515,57.210685],[56.608029,57.212023],[56.57141,57.210673],[56.570115,57.206216],[56.561665,57.203455],[56.542605,57.203839],[56.53618,57.200393],[56.535712,57.187454],[56.508529,57.166311],[56.497228,57.165806],[56.486566,57.170376],[56.483359,57.16866],[56.480599,57.175595],[56.411971,57.174976],[56.410568,57.170603],[56.401666,57.168463],[56.398772,57.171744],[56.366147,57.167036],[56.365182,57.157311],[56.337841,57.141102],[56.293395,57.144821],[56.288972,57.130595],[56.27937,57.12959],[56.282811,57.127464],[56.280422,57.123907],[56.284535,57.120914],[56.279596,57.118408],[56.2889,57.114282],[56.281021,57.112649],[56.287614,57.103224],[56.295086,57.106806],[56.352591,57.09928],[56.348379,57.086965],[56.342505,57.083676],[56.335279,57.063774],[56.300272,57.066975],[56.292619,57.048555],[56.272972,57.050197],[56.270128,57.043361],[56.261461,57.04296]]]}},{"type":"Feature","id":"115135-1582","properties":{"id":"115135-1582","name":"Чайковский городской округ","name_ru":"Чайковский городской округ","subject_id":"115135","subject_name":"Пермский край","source_gid":1582,"source_fid":1692,"names_rosstat":"Чайковский городской округ","population":92974,"area_km2":2163.3572721125,"density_km2":42.97672011854596,"source":"Актуализированный объединённый GeoJSON, предоставленный преподавателем","name_en":"Chaikovskii Urban Okrug","name_zh":"Chaikovskii城市辖区","subject_name_en":"Perm Krai","subject_name_zh":"彼尔姆边疆区"},"geometry":{"type":"Polygon","coordinates":[[[53.794068,56.79911],[53.805899,56.81954],[53.824338,56.82093],[53.879115,56.808506],[53.917371,56.772284],[53.931067,56.772754],[53.939583,56.766798],[53.936134,56.764859],[53.938643,56.762706],[53.957858,56.755001],[53.976956,56.751255],[54.009548,56.751122],[54.03253,56.757927],[54.061275,56.778251],[54.057482,56.789423],[54.061507,56.795278],[54.079158,56.811868],[54.086471,56.812081],[54.086856,56.834532],[54.103018,56.861171],[54.099931,56.890121],[54.107619,56.88755],[54.123683,56.892039],[54.147327,56.916573],[54.149965,56.924861],[54.145694,56.944706],[54.151229,56.958775],[54.146897,56.968697],[54.154218,56.978818],[54.187732,56.987789],[54.228287,56.991637],[54.258522,56.97893],[54.300288,56.970252],[54.341431,56.973219],[54.351252,56.955195],[54.35009,56.947916],[54.338837,56.948459],[54.33688,56.919969],[54.400043,56.918973],[54.39998,56.904359],[54.389975,56.899472],[54.390924,56.878804],[54.385709,56.874502],[54.394294,56.869683],[54.411421,56.882949],[54.430855,56.882034],[54.4439,56.887339],[54.462105,56.886638],[54.46657,56.897062],[54.44962,56.90613],[54.457467,56.928103],[54.466013,56.941045],[54.476996,56.947936],[54.498896,56.938046],[54.512169,56.937997],[54.516379,56.932195],[54.496924,56.923331],[54.523073,56.912856],[54.532943,56.898347],[54.553037,56.904998],[54.538499,56.92889],[54.582235,56.953414],[54.64181,56.946529],[54.640362,56.944863],[54.656655,56.940149],[54.657293,56.935023],[54.678292,56.926522],[54.669499,56.924124],[54.667782,56.914695],[54.612055,56.907401],[54.609799,56.896292],[54.644509,56.872049],[54.645791,56.861835],[54.64125,56.856203],[54.646916,56.853445],[54.644948,56.851126],[54.649382,56.843633],[54.647075,56.838497],[54.652951,56.833711],[54.649955,56.82864],[54.652132,56.826173],[54.64513,56.819861],[54.646282,56.816256],[54.642282,56.814254],[54.644124,56.811987],[54.641379,56.809164],[54.646591,56.805975],[54.642886,56.801393],[54.649484,56.79219],[54.646043,56.787431],[54.639028,56.786757],[54.634655,56.780892],[54.645406,56.781481],[54.645192,56.776083],[54.656933,56.775007],[54.687085,56.786678],[54.683532,56.797909],[54.720006,56.796434],[54.748647,56.807899],[54.804557,56.798229],[54.837196,56.797717],[54.844941,56.795756],[54.846346,56.785395],[54.865901,56.768529],[54.863006,56.763026],[54.868536,56.759948],[54.868149,56.757368],[54.860993,56.745316],[54.866018,56.744108],[54.870714,56.736063],[54.889678,56.735647],[54.909421,56.728128],[54.909868,56.723025],[54.920715,56.719799],[54.941329,56.721648],[54.931933,56.717319],[54.905109,56.719606],[54.892324,56.710704],[54.881706,56.712564],[54.869178,56.710254],[54.866623,56.705869],[54.869767,56.705103],[54.86885,56.702779],[54.855245,56.702146],[54.85693,56.700894],[54.853566,56.701112],[54.852484,56.698112],[54.840432,56.69835],[54.838913,56.69538],[54.827253,56.692198],[54.810611,56.690529],[54.794462,56.693034],[54.79463,56.690458],[54.788677,56.689624],[54.790619,56.688139],[54.786523,56.685116],[54.780821,56.685141],[54.773613,56.67967],[54.757915,56.676748],[54.752426,56.678582],[54.740116,56.674762],[54.738975,56.670584],[54.733103,56.667172],[54.735989,56.666005],[54.731275,56.663961],[54.733397,56.660891],[54.726772,56.657786],[54.728832,56.656387],[54.703997,56.65112],[54.697258,56.654599],[54.684899,56.651552],[54.684245,56.653962],[54.680154,56.652395],[54.676949,56.654643],[54.67493,56.651775],[54.65517,56.646437],[54.654145,56.641985],[54.643459,56.639716],[54.642007,56.636542],[54.644684,56.635872],[54.641137,56.634113],[54.655031,56.62467],[54.64051,56.61804],[54.643898,56.616549],[54.641592,56.614054],[54.64346,56.612483],[54.636813,56.612083],[54.638584,56.608929],[54.635735,56.608405],[54.639356,56.606677],[54.628098,56.600947],[54.631207,56.598624],[54.627154,56.598663],[54.627664,56.595614],[54.624251,56.593716],[54.627366,56.593501],[54.627218,56.591038],[54.61888,56.59207],[54.613916,56.587893],[54.615548,56.586454],[54.606815,56.586151],[54.608467,56.583757],[54.602172,56.581711],[54.605122,56.576639],[54.600242,56.57944],[54.594445,56.576533],[54.59329,56.57856],[54.591818,56.572041],[54.588777,56.57384],[54.586773,56.569724],[54.582671,56.569645],[54.585278,56.568318],[54.583323,56.566087],[54.579488,56.567287],[54.578594,56.563704],[54.581243,56.56225],[54.578422,56.560982],[54.585915,56.558455],[54.581362,56.55755],[54.581726,56.555006],[54.569974,56.557643],[54.56359,56.552195],[54.565974,56.550081],[54.558321,56.550216],[54.559867,56.548912],[54.556112,56.546305],[54.559305,56.545887],[54.553379,56.540301],[54.556338,56.540545],[54.5562,56.537137],[54.55251,56.53464],[54.558347,56.529194],[54.555645,56.527495],[54.559252,56.522527],[54.553359,56.5181],[54.541837,56.518757],[54.542617,56.516649],[54.537062,56.515156],[54.53996,56.513933],[54.535735,56.513219],[54.539093,56.512056],[54.535051,56.510417],[54.538631,56.506628],[54.533043,56.505419],[54.535378,56.502691],[54.531611,56.498982],[54.538273,56.498573],[54.528671,56.494636],[54.5343,56.491854],[54.528815,56.487961],[54.532687,56.486255],[54.521783,56.483004],[54.525292,56.481353],[54.522186,56.478366],[54.527606,56.47882],[54.52059,56.47639],[54.526643,56.476168],[54.522421,56.473621],[54.526911,56.469012],[54.518178,56.467534],[54.518518,56.465279],[54.516555,56.466965],[54.516766,56.46476],[54.508843,56.467073],[54.505239,56.463271],[54.507524,56.460564],[54.497444,56.456533],[54.501178,56.454132],[54.49748,56.452984],[54.500389,56.45211],[54.484457,56.44468],[54.489428,56.443852],[54.486061,56.442427],[54.491586,56.440949],[54.489546,56.438794],[54.495088,56.437792],[54.487334,56.432861],[54.492286,56.431958],[54.4896,56.427231],[54.493675,56.426822],[54.490019,56.426016],[54.488453,56.423597],[54.49091,56.422928],[54.485414,56.417568],[54.487881,56.413433],[54.484841,56.411953],[54.486149,56.409932],[54.476932,56.407676],[54.479185,56.404954],[54.474196,56.404006],[54.470989,56.406692],[54.465824,56.402257],[54.46562,56.404663],[54.459807,56.402145],[54.461521,56.397398],[54.465693,56.396867],[54.461447,56.395024],[54.465639,56.394668],[54.461936,56.392765],[54.46411,56.390231],[54.458012,56.390418],[54.462619,56.388998],[54.458267,56.38781],[54.462682,56.38521],[54.458592,56.382723],[54.460935,56.381837],[54.454632,56.381457],[54.452976,56.375203],[54.44923,56.374473],[54.449038,56.376556],[54.442639,56.370985],[54.445851,56.364481],[54.45547,56.363603],[54.450851,56.359758],[54.458092,56.360114],[54.451471,56.354128],[54.459444,56.352384],[54.448094,56.345518],[54.448621,56.347657],[54.437948,56.349997],[54.432566,56.359081],[54.416956,56.362909],[54.420237,56.371125],[54.413329,56.377603],[54.399697,56.377743],[54.39428,56.381912],[54.377451,56.378201],[54.372087,56.373983],[54.361682,56.376563],[54.36887,56.383062],[54.368935,56.387398],[54.364858,56.391223],[54.353822,56.391881],[54.356478,56.39619],[54.3468,56.401529],[54.348958,56.411372],[54.342284,56.417538],[54.338456,56.430565],[54.343613,56.438741],[54.339956,56.447243],[54.344629,56.456246],[54.329599,56.464091],[54.328634,56.471757],[54.331616,56.473915],[54.328795,56.482895],[54.244086,56.458165],[54.218731,56.469356],[54.211918,56.478529],[54.211381,56.488018],[54.215883,56.491999],[54.20609,56.492546],[54.205898,56.498706],[54.190389,56.506259],[54.191302,56.534463],[54.141266,56.532146],[54.139617,56.53581],[54.123829,56.536173],[54.10796,56.541972],[54.109741,56.561668],[54.103729,56.56874],[54.108526,56.572648],[54.103281,56.579169],[54.096749,56.57616],[54.084504,56.583671],[54.070281,56.577721],[54.054993,56.592409],[54.041618,56.579077],[54.033574,56.579697],[54.033574,56.589073],[54.050952,56.603579],[54.064054,56.624547],[54.079755,56.628064],[54.082409,56.635401],[54.075991,56.638933],[54.033291,56.634752],[54.010261,56.619946],[53.958062,56.600298],[53.914941,56.598774],[53.900869,56.593391],[53.897987,56.593702],[53.902225,56.597747],[53.89177,56.594511],[53.876681,56.597965],[53.864883,56.588813],[53.84102,56.596721],[53.838854,56.625688],[53.847557,56.629046],[53.851569,56.621709],[53.865246,56.620372],[53.864116,56.628766],[53.853014,56.632057],[53.84524,56.643374],[53.852982,56.646326],[53.851004,56.654217],[53.884968,56.662533],[53.901705,56.679068],[53.884949,56.678908],[53.885947,56.717607],[53.849607,56.718192],[53.854054,56.758561],[53.82716,56.759525],[53.806785,56.779609],[53.823203,56.787697],[53.823099,56.793174],[53.831873,56.797446],[53.794068,56.79911]],[[53.842667,56.617525],[53.853217,56.599894],[53.957127,56.602786],[53.974325,56.609289],[53.977071,56.614347],[54.000338,56.619406],[54.036034,56.640651],[54.076377,56.640808],[54.095682,56.654968],[54.022272,56.656416],[54.024616,56.67212],[54.018112,56.669229],[54.013632,56.674432],[53.987186,56.64831],[53.981117,56.633569],[53.962474,56.628799],[53.945975,56.646311],[53.932268,56.643251],[53.923308,56.649609],[53.889345,56.645707],[53.881108,56.636458],[53.882409,56.625908],[53.872582,56.619982],[53.842667,56.617525]]]}},{"type":"Feature","id":"115135-1583","properties":{"id":"115135-1583","name":"Оханский муниципальный округ","name_ru":"Оханский муниципальный округ","subject_id":"115135","subject_name":"Пермский край","source_gid":1583,"source_fid":1693,"names_rosstat":"Оханский муниципальный округ","population":13842,"area_km2":1537.3294283515906,"density_km2":9.003925732978491,"source":"Актуализированный объединённый GeoJSON, предоставленный преподавателем","name_en":"Okhanskii Municipal Okrug","name_zh":"Okhanskii市政专区","subject_name_en":"Perm Krai","subject_name_zh":"彼尔姆边疆区"},"geometry":{"type":"Polygon","coordinates":[[[54.823497,57.682985],[54.846638,57.684995],[54.842934,57.695863],[54.866073,57.704419],[54.868439,57.708226],[54.858938,57.717376],[54.844411,57.711904],[54.838779,57.718567],[54.842174,57.728136],[54.846357,57.730216],[54.837617,57.735626],[54.8388,57.745689],[54.854095,57.754726],[54.849803,57.757643],[54.858588,57.761838],[54.857812,57.76571],[54.867183,57.76807],[54.868518,57.773968],[54.90969,57.778375],[54.895825,57.788657],[54.926101,57.799415],[54.940469,57.811575],[54.94932,57.814102],[54.965865,57.804833],[54.985829,57.811785],[55.00275,57.821677],[54.997829,57.827375],[54.990924,57.828961],[55.002693,57.852854],[55.002385,57.871127],[55.016456,57.879783],[55.017338,57.890255],[55.011412,57.891074],[54.997077,57.910703],[55.003393,57.90704],[55.012155,57.906786],[55.023231,57.911222],[55.022804,57.914633],[55.004187,57.920997],[55.000113,57.926313],[55.026532,57.924485],[55.029252,57.927054],[55.039823,57.920049],[55.046065,57.920466],[55.047745,57.917715],[55.034279,57.91678],[55.036145,57.913687],[55.040898,57.914274],[55.0482,57.905243],[55.061496,57.912214],[55.061548,57.906917],[55.066444,57.905339],[55.064992,57.912385],[55.074514,57.913207],[55.086975,57.904209],[55.100199,57.903406],[55.101741,57.89645],[55.098214,57.894008],[55.085421,57.896142],[55.079084,57.892856],[55.084431,57.888735],[55.093917,57.888705],[55.086824,57.885739],[55.109539,57.882463],[55.117344,57.877341],[55.135378,57.885695],[55.146352,57.886955],[55.156774,57.882209],[55.150582,57.877388],[55.157905,57.872509],[55.181687,57.873792],[55.216813,57.884722],[55.282573,57.885021],[55.312087,57.880666],[55.333422,57.87088],[55.34563,57.856279],[55.353069,57.839497],[55.37075,57.822909],[55.386972,57.815184],[55.421147,57.810399],[55.422504,57.806549],[55.445452,57.800194],[55.482101,57.797503],[55.483749,57.801822],[55.532966,57.800414],[55.540023,57.81024],[55.554895,57.814259],[55.534652,57.772348],[55.529375,57.772258],[55.502552,57.69752],[55.493206,57.697963],[55.477944,57.706459],[55.470335,57.701413],[55.430918,57.703367],[55.431667,57.696691],[55.420382,57.670047],[55.408845,57.655164],[55.36619,57.620814],[55.359665,57.610504],[55.362205,57.595692],[55.378792,57.5844],[55.403448,57.577991],[55.431606,57.575207],[55.49756,57.581894],[55.511312,57.57985],[55.531543,57.570537],[55.540723,57.560427],[55.546034,57.548373],[55.548577,57.516694],[55.545064,57.505595],[55.52532,57.475646],[55.49837,57.451272],[55.498541,57.430578],[55.522453,57.395387],[55.48813,57.379323],[55.477989,57.381697],[55.47998,57.388442],[55.466892,57.390201],[55.467815,57.395172],[55.457349,57.395128],[55.457497,57.38732],[55.446539,57.391884],[55.425332,57.389176],[55.401841,57.39702],[55.401532,57.402192],[55.39003,57.40346],[55.377676,57.404673],[55.382166,57.398932],[55.379769,57.392547],[55.310928,57.401895],[55.326854,57.449011],[55.348478,57.466756],[55.317099,57.468159],[55.31408,57.460574],[55.297653,57.462527],[55.293908,57.459269],[55.301001,57.458396],[55.263917,57.433615],[55.253747,57.433886],[55.25224,57.437582],[55.236056,57.444219],[55.194421,57.434499],[55.135637,57.442682],[55.134931,57.452666],[55.129641,57.457268],[55.132785,57.466876],[55.126904,57.472023],[55.116155,57.473884],[55.116248,57.479832],[55.105846,57.488289],[55.083425,57.494348],[55.0469,57.518304],[55.071829,57.529921],[55.059296,57.531071],[55.081212,57.542478],[55.075961,57.542383],[55.077636,57.54532],[55.068426,57.547522],[55.066514,57.552375],[55.049341,57.55318],[55.051911,57.55771],[55.04546,57.560344],[55.042409,57.566414],[55.031185,57.564867],[55.032368,57.568975],[55.030037,57.570002],[55.021693,57.566928],[55.016427,57.570741],[55.009672,57.568748],[55.010302,57.565244],[55.001714,57.563356],[54.998967,57.567368],[54.98862,57.566112],[54.988338,57.568453],[54.993128,57.570217],[54.985809,57.57354],[54.979378,57.57447],[54.974511,57.571356],[54.970417,57.573436],[54.97296,57.576209],[54.965555,57.574739],[54.964219,57.577819],[54.957022,57.578573],[54.952102,57.573859],[54.942131,57.56903],[54.936076,57.570438],[54.926895,57.563966],[54.8991,57.566035],[54.926554,57.587885],[54.921313,57.589917],[54.924398,57.594425],[54.915377,57.592377],[54.910226,57.594856],[54.923773,57.601849],[54.92042,57.615071],[54.914426,57.617687],[54.914017,57.62642],[54.910063,57.626319],[54.908712,57.640342],[54.913221,57.640024],[54.913096,57.642055],[54.909392,57.645094],[54.896498,57.644244],[54.864405,57.657082],[54.842112,57.657727],[54.834249,57.672244],[54.846986,57.669299],[54.851525,57.674475],[54.827418,57.67912],[54.823497,57.682985]],[[55.028502,57.879184],[55.044824,57.880533],[55.075854,57.87578],[55.072736,57.882143],[55.067004,57.885171],[55.053852,57.883387],[55.041074,57.888801],[55.028195,57.886692],[55.024646,57.882964],[55.028502,57.879184]],[[55.034516,57.892033],[55.053186,57.896388],[55.036973,57.89768],[55.029721,57.893511],[55.034516,57.892033]]]}},{"type":"Feature","id":"115135-1584","properties":{"id":"115135-1584","name":"Кишертский муниципальный округ","name_ru":"Кишертский муниципальный округ","subject_id":"115135","subject_name":"Пермский край","source_gid":1584,"source_fid":1694,"names_rosstat":"Кишертский муниципальный округ","population":10717,"area_km2":1403.2960133357637,"density_km2":7.637020199697357,"source":"Актуализированный объединённый GeoJSON, предоставленный преподавателем","name_en":"Kishertskii Municipal Okrug","name_zh":"Kishertskii市政专区","subject_name_en":"Perm Krai","subject_name_zh":"彼尔姆边疆区"},"geometry":{"type":"Polygon","coordinates":[[[57.111225,57.354827],[57.114649,57.354782],[57.114621,57.35086],[57.120066,57.351178],[57.126913,57.358566],[57.134294,57.355372],[57.129515,57.351052],[57.140292,57.346789],[57.141873,57.342243],[57.13864,57.336893],[57.146758,57.336049],[57.146202,57.330659],[57.159745,57.327372],[57.165205,57.319672],[57.174473,57.318848],[57.169264,57.30094],[57.158811,57.297224],[57.173629,57.287867],[57.170881,57.282558],[57.178802,57.283829],[57.188734,57.278305],[57.185986,57.269634],[57.192181,57.264631],[57.181359,57.263417],[57.189824,57.254832],[57.183627,57.249901],[57.163382,57.248863],[57.190415,57.237869],[57.221842,57.242915],[57.22949,57.238069],[57.246042,57.238456],[57.25586,57.242528],[57.26738,57.237976],[57.280725,57.240726],[57.301323,57.232569],[57.324018,57.231888],[57.326633,57.22417],[57.342766,57.22202],[57.35431,57.228577],[57.388081,57.231474],[57.427328,57.221245],[57.420594,57.21235],[57.428833,57.208943],[57.445582,57.208676],[57.458044,57.218544],[57.468622,57.213794],[57.478889,57.217427],[57.489985,57.214602],[57.493617,57.229525],[57.502483,57.230022],[57.505291,57.237553],[57.523278,57.242932],[57.560665,57.231835],[57.581402,57.239345],[57.605299,57.242014],[57.618366,57.237905],[57.609963,57.229999],[57.639526,57.220839],[57.646387,57.214662],[57.66034,57.223427],[57.695415,57.230667],[57.726829,57.220464],[57.755621,57.218419],[57.752409,57.213791],[57.755407,57.207169],[57.746461,57.199668],[57.757215,57.198018],[57.797861,57.207478],[57.819325,57.209139],[57.815753,57.198388],[57.831714,57.188212],[57.862665,57.181186],[57.859955,57.174894],[57.870108,57.168934],[57.893845,57.167264],[57.914382,57.171466],[57.917243,57.170011],[57.90883,57.168439],[57.906309,57.163792],[58.032066,57.150658],[58.047693,57.193126],[58.042731,57.197019],[58.035982,57.197324],[58.025385,57.189941],[58.026869,57.187896],[58.02398,57.184981],[57.999223,57.189475],[57.994323,57.194911],[57.995631,57.202462],[57.98899,57.204919],[57.9863,57.210763],[57.992259,57.221508],[58.022809,57.213486],[58.027261,57.218057],[58.029116,57.23808],[58.047615,57.248703],[58.016529,57.252759],[58.013848,57.256501],[58.016849,57.258992],[58.010894,57.265521],[58.014304,57.270866],[58.024691,57.273799],[58.022029,57.276818],[58.017344,57.276066],[58.01729,57.27842],[58.006699,57.280522],[58.005381,57.283839],[57.987559,57.287817],[57.983805,57.293404],[57.95561,57.29026],[57.940107,57.296243],[57.942858,57.300662],[57.95353,57.305306],[57.96976,57.305541],[57.979927,57.312057],[57.939487,57.315769],[58.011779,57.484274],[57.968934,57.488857],[57.9828,57.526391],[57.957447,57.521366],[57.931033,57.523834],[57.884112,57.487285],[57.884758,57.484567],[57.87509,57.475932],[57.858407,57.46858],[57.829905,57.482179],[57.82153,57.482081],[57.786634,57.46035],[57.767537,57.424597],[57.759085,57.424768],[57.749956,57.419481],[57.738382,57.419421],[57.712992,57.433183],[57.714453,57.438168],[57.680715,57.435771],[57.6707,57.440868],[57.662834,57.45045],[57.649172,57.449052],[57.645507,57.446086],[57.636873,57.450788],[57.649598,57.433579],[57.63846,57.42508],[57.615446,57.417376],[57.593983,57.417411],[57.582292,57.420823],[57.542761,57.420409],[57.524056,57.425264],[57.50356,57.426171],[57.505738,57.444783],[57.499097,57.450777],[57.505143,57.452345],[57.504885,57.456312],[57.492079,57.456984],[57.500883,57.461585],[57.49213,57.462508],[57.472475,57.475695],[57.472644,57.481357],[57.467148,57.488705],[57.482383,57.497509],[57.476875,57.499676],[57.470992,57.496678],[57.458827,57.49926],[57.454046,57.495557],[57.402341,57.499398],[57.399692,57.494046],[57.388747,57.495683],[57.392614,57.500255],[57.362795,57.503593],[57.343015,57.500216],[57.336719,57.486634],[57.329624,57.487432],[57.325878,57.483488],[57.326543,57.476289],[57.323057,57.4745],[57.32448,57.470059],[57.321785,57.467601],[57.330927,57.4665],[57.324731,57.45048],[57.299989,57.447557],[57.278463,57.466223],[57.260149,57.465936],[57.257329,57.468654],[57.258652,57.474431],[57.254868,57.477917],[57.211466,57.485621],[57.191212,57.484209],[57.183645,57.481429],[57.182982,57.478275],[57.189629,57.472438],[57.172075,57.45781],[57.171154,57.429853],[57.153866,57.429792],[57.154551,57.416118],[57.146658,57.391512],[57.142975,57.386747],[57.136099,57.385878],[57.124595,57.378457],[57.130045,57.370886],[57.111225,57.354827]]]}},{"type":"Feature","id":"115135-1585","properties":{"id":"115135-1585","name":"Кунгурский муниципальный округ","name_ru":"Кунгурский муниципальный округ","subject_id":"115135","subject_name":"Пермский край","source_gid":1585,"source_fid":1695,"names_rosstat":"Кунгурский муниципальный округ","population":102461,"area_km2":4446.74020408008,"density_km2":23.041822840468065,"source":"Актуализированный объединённый GeoJSON, предоставленный преподавателем","name_en":"Kungurskii Municipal Okrug","name_zh":"Kungurskii市政专区","subject_name_en":"Perm Krai","subject_name_zh":"彼尔姆边疆区"},"geometry":{"type":"Polygon","coordinates":[[[55.847543,57.396468],[55.885022,57.348207],[55.898713,57.312149],[55.882288,57.248907],[55.900697,57.242275],[55.883853,57.219185],[55.891569,57.215926],[55.898316,57.219949],[55.935177,57.202387],[55.93941,57.195245],[55.939983,57.185676],[55.949132,57.17865],[55.947876,57.176009],[55.955548,57.169376],[55.962382,57.155903],[55.958855,57.136336],[55.980262,57.118663],[55.972876,57.10917],[55.978939,57.104369],[55.974243,57.095136],[55.964058,57.093998],[55.961765,57.086644],[55.956628,57.082127],[55.957091,57.078329],[55.976205,57.070264],[56.013442,57.068598],[56.017476,57.060735],[56.026802,57.057439],[56.066243,57.053098],[56.073011,57.067879],[56.097439,57.063241],[56.11329,57.066417],[56.115759,57.060471],[56.123123,57.057522],[56.177489,57.044176],[56.188997,57.048997],[56.216401,57.053734],[56.233068,57.05299],[56.251962,57.042521],[56.270128,57.043361],[56.272972,57.050197],[56.292619,57.048555],[56.300272,57.066975],[56.335279,57.063774],[56.342505,57.083676],[56.348379,57.086965],[56.352591,57.09928],[56.295086,57.106806],[56.287614,57.103224],[56.281021,57.112649],[56.2889,57.114282],[56.279596,57.118408],[56.284535,57.120914],[56.280422,57.123907],[56.282811,57.127464],[56.27937,57.12959],[56.288972,57.130595],[56.293395,57.144821],[56.337841,57.141102],[56.365182,57.157311],[56.366147,57.167036],[56.398772,57.171744],[56.401666,57.168463],[56.410568,57.170603],[56.411971,57.174976],[56.480599,57.175595],[56.483359,57.16866],[56.486566,57.170376],[56.497228,57.165806],[56.508529,57.166311],[56.535712,57.187454],[56.53618,57.200393],[56.542605,57.203839],[56.561665,57.203455],[56.570115,57.206216],[56.57141,57.210673],[56.608029,57.212023],[56.600351,57.210819],[56.605282,57.210382],[56.60765,57.203356],[56.598931,57.206008],[56.58579,57.198729],[56.594828,57.199072],[56.589469,57.196071],[56.589208,57.18995],[56.611711,57.18586],[56.627001,57.19524],[56.654258,57.201078],[56.658029,57.204496],[56.672758,57.200117],[56.70455,57.224568],[56.710814,57.2221],[56.723746,57.229927],[56.710118,57.240644],[56.720019,57.251127],[56.742179,57.255257],[56.74759,57.249208],[56.771636,57.253702],[56.809332,57.273723],[56.823567,57.274634],[56.836095,57.271817],[56.855785,57.278226],[56.868403,57.278178],[56.881246,57.283821],[56.931874,57.285423],[56.965395,57.282729],[56.975925,57.269535],[57.00491,57.269487],[57.002373,57.257443],[57.007245,57.256459],[57.004259,57.254722],[57.00601,57.23655],[57.004282,57.220666],[56.999769,57.214843],[56.999252,57.207439],[57.012926,57.212156],[57.050263,57.203742],[57.063038,57.208849],[57.096604,57.21077],[57.094156,57.218454],[57.111197,57.226172],[57.095077,57.231726],[57.108436,57.238761],[57.12276,57.254103],[57.142383,57.2593],[57.168405,57.248832],[57.183627,57.249901],[57.189824,57.254832],[57.181359,57.263417],[57.192181,57.264631],[57.185986,57.269634],[57.188734,57.278305],[57.178802,57.283829],[57.170881,57.282558],[57.173629,57.287867],[57.158811,57.297224],[57.169264,57.30094],[57.174473,57.318848],[57.165205,57.319672],[57.159745,57.327372],[57.146202,57.330659],[57.146758,57.336049],[57.13864,57.336893],[57.141873,57.342243],[57.140292,57.346789],[57.129515,57.351052],[57.134294,57.355372],[57.126913,57.358566],[57.120066,57.351178],[57.114621,57.35086],[57.114649,57.354782],[57.111225,57.354827],[57.130045,57.370886],[57.124595,57.378457],[57.136099,57.385878],[57.142975,57.386747],[57.146658,57.391512],[57.154551,57.416118],[57.153866,57.429792],[57.171154,57.429853],[57.172075,57.45781],[57.189629,57.472438],[57.182982,57.478275],[57.183928,57.483117],[57.196408,57.490915],[57.203319,57.500947],[57.186058,57.505394],[57.15964,57.519286],[57.145204,57.516524],[57.144551,57.524546],[57.125456,57.523634],[57.118862,57.531971],[57.115618,57.549751],[57.125663,57.558092],[57.146389,57.551184],[57.162214,57.551313],[57.163927,57.555504],[57.155998,57.558723],[57.155842,57.569826],[57.141693,57.569286],[57.139406,57.576645],[57.134948,57.576499],[57.127815,57.569494],[57.114641,57.576957],[57.085175,57.581308],[57.070334,57.611664],[57.074643,57.629346],[57.053036,57.635771],[57.050885,57.653348],[57.01677,57.65116],[57.001614,57.656724],[56.9838,57.658777],[56.980766,57.664045],[56.956203,57.675203],[56.973595,57.675633],[56.995713,57.67035],[57.011064,57.67025],[57.022651,57.677543],[57.037033,57.67824],[57.045012,57.684429],[57.099477,57.68286],[57.116725,57.688903],[57.125899,57.702987],[57.137318,57.713511],[57.139045,57.720852],[57.145283,57.722235],[57.138291,57.731258],[57.143194,57.738869],[57.138627,57.749775],[57.143394,57.757743],[57.134393,57.758241],[57.139527,57.768466],[57.128826,57.769871],[57.13056,57.774048],[57.126659,57.779932],[57.130493,57.790772],[57.121226,57.798909],[57.119392,57.809282],[57.107058,57.815995],[57.113492,57.823523],[57.110958,57.823824],[57.110949,57.877473],[57.209491,57.866488],[57.214369,57.870795],[57.223067,57.870121],[57.243801,57.956237],[57.261367,58.009102],[57.189982,58.01637],[57.192057,58.012174],[57.186256,58.011164],[57.186554,58.017035],[57.065402,58.030146],[57.05831,58.011912],[57.045983,58.01346],[57.034595,58.002844],[57.001991,57.990178],[56.981158,57.994788],[56.98185,57.997436],[56.976319,57.9967],[56.978769,57.998539],[56.976859,57.999106],[56.957441,57.994678],[56.956666,57.990789],[56.941193,57.994764],[56.934482,57.988755],[56.938201,57.984962],[56.937638,57.979879],[56.928395,57.977208],[56.914151,57.97955],[56.914806,57.981587],[56.914241,57.981833],[56.908304,57.972169],[56.8969,57.974894],[56.850153,57.975113],[56.847871,57.978132],[56.847523,57.975176],[56.842359,57.97338],[56.822952,57.977158],[56.798334,57.975774],[56.770845,57.981386],[56.720121,57.962393],[56.728139,57.957988],[56.737271,57.962193],[56.740476,57.958134],[56.749126,57.96009],[56.750746,57.957384],[56.734893,57.949979],[56.734755,57.946193],[56.743991,57.943065],[56.746497,57.929909],[56.75333,57.932235],[56.784311,57.913746],[56.784051,57.911317],[56.806783,57.904604],[56.815557,57.89436],[56.807144,57.877773],[56.755662,57.876416],[56.747734,57.867222],[56.791007,57.85862],[56.815727,57.849601],[56.827573,57.843309],[56.829504,57.83621],[56.826082,57.830931],[56.810363,57.823854],[56.767146,57.818454],[56.756599,57.81132],[56.758304,57.803559],[56.720452,57.791704],[56.709272,57.785413],[56.69379,57.79068],[56.683333,57.789109],[56.690978,57.784847],[56.675429,57.77917],[56.67116,57.773492],[56.682577,57.765946],[56.675993,57.76556],[56.680454,57.760181],[56.673983,57.757783],[56.680657,57.752427],[56.665706,57.750806],[56.657541,57.773335],[56.646926,57.777767],[56.614359,57.774263],[56.6453,57.747739],[56.601677,57.726171],[56.615454,57.723765],[56.620129,57.71932],[56.647513,57.716226],[56.664791,57.706231],[56.701257,57.699818],[56.682339,57.690915],[56.677326,57.6729],[56.694423,57.671288],[56.687116,57.658411],[56.693451,57.648266],[56.683548,57.637067],[56.682882,57.630206],[56.690786,57.622599],[56.691024,57.618469],[56.6681,57.612149],[56.662092,57.607382],[56.63359,57.604218],[56.620158,57.61551],[56.583451,57.605234],[56.568229,57.603746],[56.560096,57.592615],[56.540892,57.588147],[56.538384,57.583469],[56.525527,57.58105],[56.506539,57.570013],[56.498559,57.58099],[56.484213,57.578709],[56.456561,57.580396],[56.453054,57.576771],[56.434908,57.580569],[56.397136,57.580159],[56.382777,57.574682],[56.376792,57.566667],[56.36245,57.560022],[56.355658,57.551518],[56.348243,57.550351],[56.323181,57.553146],[56.333947,57.565779],[56.348148,57.566575],[56.351615,57.575318],[56.340357,57.582349],[56.34146,57.585914],[56.353243,57.588351],[56.349431,57.59416],[56.339393,57.59524],[56.33692,57.590037],[56.302522,57.586301],[56.298397,57.591585],[56.303685,57.595145],[56.304697,57.601665],[56.299007,57.606427],[56.281164,57.61074],[56.275562,57.608968],[56.269166,57.60163],[56.258072,57.6002],[56.254565,57.591962],[56.232796,57.591607],[56.224437,57.580813],[56.214467,57.590082],[56.196933,57.591063],[56.198896,57.595031],[56.192772,57.596472],[56.190901,57.593076],[56.18569,57.593342],[56.18557,57.589304],[56.17152,57.585421],[56.173394,57.584328],[56.164572,57.575918],[56.180645,57.57812],[56.174883,57.57203],[56.182079,57.557361],[56.176592,57.551104],[56.18456,57.548057],[56.180094,57.538499],[56.184725,57.538277],[56.193244,57.531188],[56.191149,57.528332],[56.200385,57.505234],[56.207967,57.497413],[56.205596,57.490761],[56.198124,57.485411],[56.195478,57.476978],[56.172043,57.477823],[56.160161,57.474058],[56.173615,57.46546],[56.174387,57.458979],[56.148885,57.460181],[56.146183,57.45103],[56.127968,57.452745],[56.118567,57.457046],[56.115093,57.455059],[56.11876,57.46495],[56.10977,57.469959],[56.114534,57.472331],[56.126532,57.494584],[56.099117,57.491242],[56.084847,57.484603],[56.066783,57.485587],[56.061997,57.477714],[56.051234,57.478521],[56.045367,57.476434],[56.047727,57.475177],[56.042919,57.472022],[56.021194,57.463886],[55.99958,57.442349],[56.00463,57.433482],[55.999866,57.417404],[55.997639,57.417368],[55.998962,57.40929],[56.017577,57.400332],[56.016254,57.390955],[55.997683,57.382777],[55.986942,57.383514],[55.972451,57.378521],[55.947616,57.360574],[55.941106,57.361276],[55.956557,57.37489],[55.946235,57.392187],[55.945529,57.399235],[55.952212,57.411009],[55.980066,57.420248],[55.993967,57.419384],[55.997407,57.431881],[55.990205,57.441697],[56.017051,57.468712],[56.012508,57.475684],[56.026403,57.478084],[56.030504,57.482106],[56.027162,57.489161],[55.857314,57.505764],[55.87669,57.482372],[55.89129,57.437859],[55.883848,57.413656],[55.877688,57.407156],[55.847543,57.396468]]]}},{"type":"Feature","id":"115135-1586","properties":{"id":"115135-1586","name":"Нытвенский муниципальный округ","name_ru":"Нытвенский муниципальный округ","subject_id":"115135","subject_name":"Пермский край","source_gid":1586,"source_fid":1696,"names_rosstat":"Нытвенский муниципальный округ","population":37281,"area_km2":1651.8497369921517,"density_km2":22.569244141954982,"source":"Актуализированный объединённый GeoJSON, предоставленный преподавателем","name_en":"Nytvenskii Municipal Okrug","name_zh":"Nytvenskii市政专区","subject_name_en":"Perm Krai","subject_name_zh":"彼尔姆边疆区"},"geometry":{"type":"MultiPolygon","coordinates":[[[[54.981903,57.930526],[54.997077,57.910703],[55.003393,57.90704],[55.017161,57.907308],[55.023231,57.911222],[55.022804,57.914633],[55.004187,57.920997],[55.000113,57.926313],[55.026532,57.924485],[55.029252,57.927054],[55.039823,57.920049],[55.046065,57.920466],[55.047745,57.917715],[55.034279,57.91678],[55.036145,57.913687],[55.040898,57.914274],[55.0482,57.905243],[55.061496,57.912214],[55.061548,57.906917],[55.066444,57.905339],[55.064992,57.912385],[55.074514,57.913207],[55.086975,57.904209],[55.100199,57.903406],[55.101741,57.89645],[55.098214,57.894008],[55.085421,57.896142],[55.079084,57.892856],[55.084431,57.888735],[55.093917,57.888705],[55.086824,57.885739],[55.109539,57.882463],[55.117344,57.877341],[55.135378,57.885695],[55.146352,57.886955],[55.156774,57.882209],[55.150582,57.877388],[55.157905,57.872509],[55.181687,57.873792],[55.216813,57.884722],[55.282573,57.885021],[55.312087,57.880666],[55.333422,57.87088],[55.34563,57.856279],[55.353069,57.839497],[55.37075,57.822909],[55.386972,57.815184],[55.412636,57.810703],[55.445595,57.815047],[55.466881,57.829856],[55.481257,57.853384],[55.498595,57.891452],[55.50705,57.901419],[55.54327,57.920409],[55.616284,57.982071],[55.655043,58.003121],[55.632709,58.006482],[55.619931,58.013599],[55.605494,58.010584],[55.606124,58.003671],[55.58917,58.00206],[55.588446,58.004247],[55.567041,58.000197],[55.570209,58.005996],[55.558599,58.00711],[55.558363,58.004444],[55.548858,58.002371],[55.546889,58.006016],[55.537304,58.003063],[55.537963,57.999503],[55.527055,57.994067],[55.520852,57.993174],[55.524742,58.00213],[55.51989,58.006962],[55.520067,58.01337],[55.511914,58.009429],[55.502448,58.014314],[55.499991,58.019392],[55.463256,58.01892],[55.443089,58.027462],[55.435218,58.025866],[55.431686,58.028863],[55.421806,58.02931],[55.422745,58.031532],[55.436021,58.039605],[55.450817,58.03884],[55.448609,58.048643],[55.459246,58.061449],[55.447269,58.063067],[55.453553,58.069494],[55.463678,58.06833],[55.495081,58.083747],[55.496097,58.087196],[55.490275,58.091239],[55.492038,58.094893],[55.521416,58.094532],[55.53111,58.099805],[55.552832,58.099672],[55.560417,58.10869],[55.580285,58.11165],[55.58467,58.110974],[55.585962,58.107009],[55.581842,58.105627],[55.586313,58.104262],[55.585405,58.100946],[55.572249,58.096072],[55.578354,58.092356],[55.592492,58.099297],[55.596277,58.094325],[55.596805,58.103923],[55.606797,58.11949],[55.607396,58.12627],[55.621828,58.12962],[55.624144,58.131364],[55.620203,58.133079],[55.621361,58.135369],[55.631477,58.136598],[55.637744,58.143143],[55.652297,58.148024],[55.637379,58.15999],[55.658905,58.166942],[55.677054,58.168787],[55.686398,58.175002],[55.680876,58.178365],[55.675012,58.192538],[55.679739,58.196586],[55.681709,58.212463],[55.71562,58.211982],[55.717076,58.206521],[55.721678,58.205926],[55.720251,58.203433],[55.742136,58.205958],[55.746368,58.224645],[55.738988,58.240577],[55.740747,58.243583],[55.763603,58.252357],[55.769942,58.250576],[55.776469,58.253316],[55.78026,58.259361],[55.759791,58.262559],[55.740355,58.270224],[55.725563,58.263261],[55.720118,58.265321],[55.714383,58.279475],[55.723595,58.283517],[55.719918,58.286022],[55.721434,58.291681],[55.701329,58.299243],[55.700799,58.303153],[55.704762,58.303312],[55.700231,58.308491],[55.700697,58.313199],[55.694115,58.317875],[55.694292,58.322095],[55.677608,58.320507],[55.674661,58.325058],[55.650007,58.328477],[55.642059,58.331232],[55.644826,58.333203],[55.643222,58.334457],[55.626642,58.333469],[55.621917,58.339102],[55.615318,58.339559],[55.609664,58.333174],[55.590259,58.331452],[55.577428,58.32596],[55.571757,58.332538],[55.573263,58.337142],[55.539671,58.34106],[55.536328,58.348342],[55.552958,58.352057],[55.550503,58.359622],[55.555734,58.363065],[55.545935,58.361984],[55.531683,58.373529],[55.51641,58.376481],[55.519751,58.380323],[55.528432,58.381856],[55.525535,58.38937],[55.513016,58.398322],[55.512793,58.401464],[55.50452,58.400434],[55.495175,58.406514],[55.480505,58.399399],[55.463409,58.402776],[55.447934,58.40079],[55.438123,58.405381],[55.426826,58.397507],[55.433148,58.393224],[55.400179,58.390796],[55.391425,58.381342],[55.400055,58.376023],[55.392981,58.368808],[55.392904,58.362851],[55.384493,58.363156],[55.382206,58.36798],[55.364324,58.364239],[55.307172,58.367397],[55.254067,58.340388],[55.167465,58.281255],[55.173521,58.274648],[55.174732,58.267302],[55.189002,58.265371],[55.184157,58.259239],[55.173672,58.255654],[55.172818,58.252268],[55.176582,58.239527],[55.18913,58.237107],[55.195498,58.23192],[55.191752,58.221635],[55.202636,58.200777],[55.196591,58.185935],[55.19927,58.184259],[55.19796,58.180403],[55.209945,58.175974],[55.21493,58.170035],[55.177015,58.166742],[55.141523,58.178149],[55.135803,58.170562],[55.1124,58.164476],[55.104357,58.168402],[55.09589,58.165661],[55.089047,58.168244],[55.065343,58.154211],[55.074313,58.13663],[55.06538,58.13424],[55.075504,58.133926],[55.078362,58.130845],[55.067643,58.129462],[55.068834,58.124493],[55.061569,58.112227],[55.056567,58.109144],[55.056067,58.089535],[55.101704,58.069373],[55.090348,58.062775],[55.08862,58.054219],[55.063608,58.056523],[55.051787,58.049424],[55.050234,58.04022],[55.036765,58.022462],[55.038574,58.013252],[55.030711,58.003889],[55.029659,57.996786],[55.014931,57.978799],[55.010085,57.959452],[55.011665,57.940584],[54.981903,57.930526]]],[[[55.024646,57.882964],[55.0293,57.877995],[55.044824,57.880533],[55.075854,57.87578],[55.072736,57.882143],[55.064479,57.885635],[55.053852,57.883387],[55.047989,57.887327],[55.033486,57.888878],[55.024646,57.882964]]],[[[55.029721,57.893511],[55.034516,57.892033],[55.053186,57.896388],[55.036973,57.89768],[55.029721,57.893511]]],[[[55.541281,58.080409],[55.562889,58.077901],[55.564176,58.070769],[55.557764,58.051169],[55.570105,58.050111],[55.56756,58.051255],[55.571384,58.053623],[55.569601,58.061918],[55.576182,58.06695],[55.573513,58.072611],[55.56666,58.072713],[55.569521,58.075624],[55.564064,58.076123],[55.569418,58.078968],[55.566767,58.081933],[55.571099,58.082447],[55.565253,58.084333],[55.568442,58.087489],[55.56429,58.090686],[55.541281,58.080409]]]]}},{"type":"Feature","id":"115135-1588","properties":{"id":"115135-1588","name":"муниципальный округ Кизел","name_ru":"муниципальный округ Кизел","subject_id":"115135","subject_name":"Пермский край","source_gid":1588,"source_fid":1698,"names_rosstat":"Муниципальный округ город Кизел","population":16721,"area_km2":1387.4123955991925,"density_km2":12.051932109759315,"source":"Актуализированный объединённый GeoJSON, предоставленный преподавателем","name_en":"Kizel Municipal Okrug","name_zh":"Kizel市政专区","subject_name_en":"Perm Krai","subject_name_zh":"彼尔姆边疆区"},"geometry":{"type":"Polygon","coordinates":[[[57.450714,59.013819],[57.610266,58.996583],[57.600776,58.978192],[57.720444,58.968285],[57.723583,58.964894],[57.720816,58.962241],[57.720794,58.946517],[57.799709,58.938629],[57.802258,58.9448],[57.885898,58.934237],[58.069236,58.9182],[58.063207,58.916477],[58.075867,58.91496],[58.105079,58.934311],[58.149243,58.945995],[58.215436,58.999684],[58.266065,59.019346],[58.337668,59.03375],[58.39841,59.035288],[58.419074,59.043611],[58.460508,59.049769],[58.528393,59.05267],[58.551294,59.082609],[58.559241,59.086704],[58.612646,59.140371],[58.633269,59.157862],[58.664148,59.175564],[58.681759,59.191859],[58.695605,59.199981],[58.748382,59.247589],[58.740558,59.252996],[58.674603,59.272238],[58.666,59.251602],[58.562276,59.264094],[58.550853,59.230429],[58.185492,59.271143],[58.129302,59.132249],[58.005782,59.123215],[57.962583,59.114082],[57.852891,59.113753],[57.785325,59.115802],[57.786364,59.12025],[57.625854,59.139246],[57.622725,59.122924],[57.563369,59.122959],[57.558491,59.099666],[57.533822,59.102838],[57.521226,59.087173],[57.53345,59.073157],[57.549346,59.06926],[57.533564,59.038651],[57.498155,59.040656],[57.458894,59.032192],[57.450714,59.013819]]]}},{"type":"Feature","id":"115135-1589","properties":{"id":"115135-1589","name":"Горнозаводский муниципальный округ","name_ru":"Горнозаводский муниципальный округ","subject_id":"115135","subject_name":"Пермский край","source_gid":1589,"source_fid":1699,"names_rosstat":"Горнозаводский муниципальный округ","population":21269,"area_km2":7111.315229151289,"density_km2":2.9908672748484504,"source":"Актуализированный объединённый GeoJSON, предоставленный преподавателем","name_en":"Gornozavodskii Municipal Okrug","name_zh":"Gornozavodskii市政专区","subject_name_en":"Perm Krai","subject_name_zh":"彼尔姆边疆区"},"geometry":{"type":"Polygon","coordinates":[[[57.877437,58.515314],[57.879513,58.510357],[57.886214,58.50824],[57.893022,58.515966],[57.904083,58.516247],[57.906186,58.514883],[57.904787,58.508353],[57.915309,58.502493],[57.90009,58.494638],[57.902673,58.486377],[57.882987,58.474012],[57.963803,58.464442],[57.973364,58.483384],[58.062577,58.470717],[58.073386,58.449047],[58.093442,58.454389],[58.102563,58.450379],[58.095675,58.443005],[58.099857,58.439712],[58.087858,58.432331],[58.089308,58.426992],[58.096515,58.424078],[58.116856,58.430614],[58.120575,58.434933],[58.133556,58.437664],[58.11236,58.401912],[58.2178,58.386162],[58.191587,58.331886],[58.208507,58.296118],[58.175232,58.292044],[58.18228,58.26568],[58.198329,58.266184],[58.202438,58.26368],[58.20418,58.259016],[58.196074,58.250737],[58.208392,58.243763],[58.207785,58.234605],[58.205335,58.232333],[58.192788,58.236725],[58.188801,58.225404],[58.154876,58.214006],[58.143397,58.203032],[58.126318,58.202611],[58.078934,58.185242],[58.009167,58.150797],[57.994827,58.12775],[58.056548,58.118151],[58.089327,58.056128],[58.285747,58.022209],[58.412238,57.985495],[58.491745,57.961514],[58.526698,57.929096],[58.649931,57.967579],[58.641905,57.976132],[58.646486,57.987169],[58.638486,58.004835],[58.630024,58.004185],[58.616386,58.01579],[58.597151,58.02145],[58.592036,58.037468],[58.585373,58.042407],[58.625987,58.059557],[58.650065,58.050072],[58.676286,58.069391],[58.663315,58.105196],[58.73808,58.144611],[58.7624,58.142758],[58.774678,58.179848],[58.805164,58.176815],[58.816414,58.215704],[58.861105,58.21],[58.875479,58.246638],[58.909342,58.243519],[58.92675,58.284391],[59.137126,58.260624],[59.105975,58.288059],[59.188962,58.278374],[59.204825,58.315304],[59.204784,58.328987],[59.220662,58.324703],[59.263955,58.337934],[59.254785,58.350213],[59.255422,58.353474],[59.261949,58.363956],[59.270393,58.36843],[59.276627,58.376475],[59.274848,58.400288],[59.286202,58.419202],[59.318753,58.427061],[59.348381,58.426413],[59.384223,58.430244],[59.452453,58.478414],[59.428748,58.530502],[59.394852,58.584665],[59.415091,58.662651],[59.397245,58.702832],[59.39855,58.707498],[59.369287,58.709304],[59.348383,58.707311],[59.346428,58.700054],[59.341552,58.697451],[59.313461,58.694248],[59.287054,58.699997],[59.286969,58.70276],[59.231923,58.724056],[59.229051,58.720616],[59.152895,58.717601],[59.144791,58.774982],[59.104934,58.7734],[59.079796,58.843168],[59.085419,58.843382],[59.076445,58.906566],[59.166456,58.90967],[59.169727,58.915578],[59.168423,58.91892],[59.178721,58.924977],[59.204863,58.95445],[59.091382,59.001745],[59.197619,59.146439],[59.157644,59.160173],[59.102652,59.17209],[59.071322,59.185125],[58.995767,59.20891],[58.988255,59.214073],[58.989809,59.222658],[58.967549,59.235331],[58.788377,59.239853],[58.754215,59.248251],[58.746734,59.247165],[58.695605,59.199981],[58.681759,59.191859],[58.664148,59.175564],[58.633269,59.157862],[58.612646,59.140371],[58.559241,59.086704],[58.551294,59.082609],[58.528393,59.05267],[58.544461,59.031568],[58.533586,59.015481],[58.435926,58.79361],[58.26914,58.807527],[58.007269,58.732535],[57.99269,58.697639],[57.957286,58.702635],[57.905334,58.581054],[57.899143,58.558235],[57.911163,58.557659],[57.910737,58.551969],[57.928238,58.549572],[57.919051,58.530234],[57.900958,58.520657],[57.883083,58.518964],[57.877437,58.515314]]]}},{"type":"Feature","id":"115135-1590","properties":{"id":"115135-1590","name":"Лысьвенский муниципальный округ","name_ru":"Лысьвенский муниципальный округ","subject_id":"115135","subject_name":"Пермский край","source_gid":1590,"source_fid":1700,"names_rosstat":"Лысьвенский муниципальный округ","population":60538,"area_km2":3757.9242244017064,"density_km2":16.109425412812353,"source":"Актуализированный объединённый GeoJSON, предоставленный преподавателем","name_en":"Lys'venskii Municipal Okrug","name_zh":"Lys'venskii市政专区","subject_name_en":"Perm Krai","subject_name_zh":"彼尔姆边疆区"},"geometry":{"type":"Polygon","coordinates":[[[57.192771,57.841161],[57.246642,57.833011],[57.245281,57.830083],[57.237049,57.82933],[57.232494,57.805021],[57.227909,57.805106],[57.227555,57.79492],[57.250901,57.79079],[57.267037,57.798103],[57.273253,57.797045],[57.270339,57.795543],[57.279955,57.796641],[57.284165,57.800878],[57.315489,57.793442],[57.33698,57.807076],[57.358689,57.801792],[57.355537,57.800998],[57.378901,57.792426],[57.37517,57.789345],[57.378299,57.785165],[57.385616,57.78447],[57.38054,57.780018],[57.382167,57.776796],[57.379741,57.771391],[57.382139,57.768822],[57.402159,57.771035],[57.408122,57.766744],[57.398423,57.755327],[57.400276,57.751459],[57.41705,57.748031],[57.42318,57.75363],[57.439235,57.753228],[57.483742,57.770197],[57.47999,57.775492],[57.483244,57.778034],[57.478296,57.787593],[57.479568,57.794029],[57.494489,57.803664],[57.485107,57.810327],[57.471003,57.80719],[57.468585,57.810023],[57.486016,57.814428],[57.5111,57.827302],[57.523,57.825635],[57.52862,57.82035],[57.541871,57.822386],[57.552757,57.817018],[57.562947,57.816156],[57.563771,57.820247],[57.539943,57.82893],[57.581788,57.833647],[57.590926,57.820221],[57.608255,57.822939],[57.611108,57.83174],[57.605844,57.832485],[57.607403,57.838163],[57.615567,57.837921],[57.623773,57.846821],[57.621373,57.857663],[57.644011,57.855276],[57.64132,57.849952],[57.650407,57.849068],[57.624069,57.826765],[57.628211,57.800157],[57.730751,57.786723],[57.727049,57.797829],[57.735188,57.79476],[57.74901,57.800065],[57.750613,57.79621],[57.75556,57.79534],[57.7663,57.798276],[57.769697,57.795813],[57.772386,57.799176],[57.77818,57.797317],[57.779431,57.78545],[57.78743,57.783511],[57.791902,57.783579],[57.805047,57.793943],[57.820195,57.791688],[57.821968,57.784944],[57.815608,57.779681],[57.808753,57.780822],[57.808487,57.776648],[57.802621,57.773999],[57.809078,57.760263],[57.818397,57.759515],[57.834867,57.744286],[57.838594,57.744608],[57.84158,57.740542],[57.840167,57.736432],[57.844659,57.736854],[57.842747,57.739798],[57.847873,57.743302],[57.846954,57.746101],[57.853151,57.748042],[57.852634,57.751281],[57.841798,57.756561],[57.845292,57.758354],[57.855295,57.751674],[57.870441,57.750043],[57.873826,57.748015],[57.868909,57.743362],[57.874444,57.738517],[57.854173,57.737918],[57.855614,57.733148],[57.866262,57.734603],[57.869918,57.731089],[57.866248,57.729492],[57.86852,57.727413],[57.879247,57.729394],[57.879302,57.725255],[57.886758,57.725817],[57.886199,57.722584],[57.889619,57.721088],[57.886352,57.719597],[57.887485,57.716318],[57.89398,57.719424],[57.895187,57.721411],[57.89185,57.721136],[57.891327,57.723921],[57.894066,57.726176],[57.903656,57.72558],[57.905895,57.720392],[57.894559,57.715839],[57.901704,57.717085],[57.915042,57.705005],[57.925127,57.709839],[57.919785,57.712946],[57.921354,57.714026],[57.946869,57.705997],[57.956539,57.709977],[57.969487,57.701821],[57.984788,57.70054],[57.994629,57.702906],[57.979827,57.708823],[57.994326,57.712766],[58.006084,57.706983],[58.004575,57.686099],[58.123932,57.681626],[58.127278,57.690332],[58.150147,57.696819],[58.157205,57.693628],[58.144995,57.687522],[58.152773,57.682418],[58.243132,57.68027],[58.24607,57.675102],[58.250576,57.673877],[58.270417,57.678804],[58.447054,57.67367],[58.452109,57.664647],[58.434796,57.663186],[58.435624,57.656864],[58.449083,57.649964],[58.459263,57.634148],[58.464381,57.632748],[58.461297,57.626574],[58.46481,57.616042],[58.460104,57.611717],[58.463979,57.610458],[58.460426,57.582375],[58.468887,57.576051],[58.510542,57.573744],[58.517156,57.56228],[58.536819,57.563884],[58.801323,57.725475],[58.842374,57.719732],[58.840227,57.725248],[58.83175,57.73232],[58.835709,57.741128],[58.833461,57.745004],[58.838661,57.747961],[58.873119,57.839224],[58.737781,57.854142],[58.743803,57.89145],[58.709809,57.882971],[58.698024,57.886582],[58.687894,57.898365],[58.67923,57.898014],[58.67806,57.89961],[58.686734,57.901772],[58.686515,57.91311],[58.668439,57.926952],[58.668837,57.932933],[58.655034,57.938435],[58.651184,57.944739],[58.665682,57.950102],[58.649931,57.967579],[58.526698,57.929096],[58.491745,57.961514],[58.412238,57.985495],[58.285747,58.022209],[58.089327,58.056128],[58.056548,58.118151],[57.994827,58.12775],[58.009167,58.150797],[58.005685,58.168456],[57.991773,58.187994],[57.979891,58.192853],[57.978049,58.21],[57.948417,58.256982],[57.745778,58.196339],[57.74244,58.201317],[57.730671,58.205082],[57.730346,58.207536],[57.723948,58.20744],[57.725607,58.211135],[57.719805,58.211604],[57.725949,58.214199],[57.71773,58.212872],[57.719621,58.215393],[57.716299,58.216462],[57.705955,58.213534],[57.713924,58.207525],[57.579899,58.192332],[57.571308,58.183231],[57.548462,58.194043],[57.483899,58.165561],[57.478599,58.135948],[57.501741,58.115019],[57.511846,58.116455],[57.516758,58.110741],[57.514937,58.107259],[57.454674,58.113824],[57.458637,58.125102],[57.424781,58.128683],[57.412566,58.116209],[57.368178,58.095279],[57.309854,58.101366],[57.282769,58.034677],[57.279284,58.031208],[57.261477,58.036336],[57.248967,58.033958],[57.244078,58.020314],[57.278636,58.01673],[57.27507,58.007566],[57.261367,58.009102],[57.243801,57.956237],[57.223067,57.870121],[57.214369,57.870795],[57.199491,57.858545],[57.192771,57.841161]]]}},{"type":"Feature","id":"115135-1620","properties":{"id":"115135-1620","name":"Частинский муниципальный округ","name_ru":"Частинский муниципальный округ","subject_id":"115135","subject_name":"Пермский край","source_gid":1620,"source_fid":1730,"names_rosstat":"Частинский муниципальный округ","population":11677,"area_km2":1676.6991086691075,"density_km2":6.964278766312881,"source":"Актуализированный объединённый GeoJSON, предоставленный преподавателем","name_en":"Chastinskii Municipal Okrug","name_zh":"Chastinskii市政专区","subject_name_en":"Perm Krai","subject_name_zh":"彼尔姆边疆区"},"geometry":{"type":"Polygon","coordinates":[[[54.29571,57.108531],[54.315459,57.091333],[54.311633,57.085368],[54.313803,57.079919],[54.345628,57.07783],[54.344973,57.069856],[54.369518,57.069358],[54.393497,57.058145],[54.389962,57.052373],[54.393987,57.040053],[54.423863,57.035573],[54.456305,57.025717],[54.513548,57.055338],[54.602503,57.08002],[54.642329,57.068883],[54.654481,57.062835],[54.686085,57.015851],[54.698167,57.011953],[54.760177,57.011367],[54.792175,57.01924],[54.850045,57.054696],[54.881666,57.066185],[54.958661,57.069437],[54.989753,57.077287],[55.029072,57.099091],[55.034855,57.109196],[55.032419,57.114445],[55.009782,57.134803],[54.998965,57.152893],[54.991492,57.212856],[54.999693,57.264978],[55.009704,57.292866],[55.043722,57.337239],[55.077953,57.361609],[55.101224,57.363555],[55.137335,57.34709],[55.176654,57.372127],[55.173663,57.378478],[55.177294,57.379144],[55.185607,57.401088],[55.157636,57.411616],[55.163935,57.419487],[55.170036,57.41659],[55.170942,57.431322],[55.15817,57.438738],[55.135637,57.442682],[55.134931,57.452666],[55.129641,57.457268],[55.132785,57.466876],[55.126904,57.472023],[55.116155,57.473884],[55.116248,57.479832],[55.105846,57.488289],[55.083425,57.494348],[55.0469,57.518304],[55.071829,57.529921],[55.059296,57.531071],[55.081212,57.542478],[55.075961,57.542383],[55.077636,57.54532],[55.068426,57.547522],[55.066514,57.552375],[55.049341,57.55318],[55.051911,57.55771],[55.04546,57.560344],[55.042493,57.566342],[55.030711,57.564995],[55.032368,57.568975],[55.030037,57.570002],[55.021693,57.566928],[55.014906,57.570572],[55.009672,57.568748],[55.010302,57.565244],[55.001714,57.563356],[54.998967,57.567368],[54.98862,57.566112],[54.988338,57.568453],[54.993128,57.570217],[54.985809,57.57354],[54.979378,57.57447],[54.974511,57.571356],[54.970417,57.573436],[54.97296,57.576209],[54.965555,57.574739],[54.964219,57.577819],[54.957022,57.578573],[54.952102,57.573859],[54.942131,57.56903],[54.936076,57.570438],[54.926895,57.563966],[54.8991,57.566035],[54.855123,57.525078],[54.891878,57.518907],[54.90419,57.505266],[54.876503,57.492038],[54.861475,57.496064],[54.845023,57.478519],[54.828327,57.481577],[54.800693,57.474949],[54.804709,57.482833],[54.777062,57.493056],[54.778198,57.499014],[54.764375,57.503189],[54.751838,57.499902],[54.738741,57.501335],[54.73476,57.508419],[54.702204,57.509932],[54.694773,57.494035],[54.695282,57.48657],[54.680526,57.481604],[54.662003,57.441635],[54.666426,57.438114],[54.664101,57.432201],[54.668439,57.428336],[54.66974,57.42164],[54.681633,57.413733],[54.657297,57.390074],[54.630863,57.376937],[54.628934,57.357374],[54.641068,57.354894],[54.637292,57.344198],[54.646242,57.342401],[54.689711,57.320229],[54.687045,57.318791],[54.685881,57.309713],[54.681244,57.307918],[54.646792,57.308509],[54.643303,57.300915],[54.638383,57.297924],[54.635211,57.287573],[54.650415,57.284984],[54.658739,57.274575],[54.661235,57.253114],[54.645485,57.247963],[54.651781,57.240803],[54.673933,57.242973],[54.685671,57.230628],[54.645581,57.231871],[54.644158,57.2354],[54.549582,57.239195],[54.551409,57.242595],[54.545124,57.247657],[54.52185,57.251672],[54.513388,57.242331],[54.516724,57.236075],[54.51509,57.234393],[54.483496,57.234086],[54.468565,57.225552],[54.468617,57.22131],[54.45736,57.209846],[54.443697,57.207575],[54.444227,57.214978],[54.425991,57.210872],[54.418588,57.214373],[54.428466,57.218563],[54.427226,57.220929],[54.455759,57.225912],[54.453621,57.231636],[54.44461,57.231929],[54.440633,57.233883],[54.441374,57.236247],[54.447915,57.238886],[54.455932,57.236864],[54.464384,57.24283],[54.421401,57.246016],[54.422825,57.251381],[54.411442,57.252809],[54.388804,57.221002],[54.362056,57.215566],[54.356533,57.216857],[54.354007,57.213574],[54.35009,57.214257],[54.351063,57.217069],[54.348411,57.218463],[54.345769,57.215679],[54.335774,57.215581],[54.339702,57.212367],[54.332861,57.209525],[54.329772,57.209986],[54.331969,57.212886],[54.32946,57.214616],[54.328661,57.209096],[54.334352,57.205788],[54.311285,57.196511],[54.305702,57.185247],[54.347841,57.158411],[54.338642,57.151059],[54.324475,57.148994],[54.320724,57.140603],[54.330623,57.131217],[54.321174,57.117896],[54.316647,57.118541],[54.323369,57.111615],[54.307096,57.110309],[54.297162,57.113028],[54.29571,57.108531]]]}},{"type":"Feature","id":"115135-1621","properties":{"id":"115135-1621","name":"Еловский муниципальный округ","name_ru":"Еловский муниципальный округ","subject_id":"115135","subject_name":"Пермский край","source_gid":1621,"source_fid":1731,"names_rosstat":"Еловский муниципальный округ","population":8425,"area_km2":1416.7713384593144,"density_km2":5.946619451775381,"source":"Актуализированный объединённый GeoJSON, предоставленный преподавателем","name_en":"Elovskii Municipal Okrug","name_zh":"Elovskii市政专区","subject_name_en":"Perm Krai","subject_name_zh":"彼尔姆边疆区"},"geometry":{"type":"Polygon","coordinates":[[[54.33688,56.919969],[54.400043,56.918973],[54.39998,56.904359],[54.389975,56.899472],[54.390924,56.878804],[54.385709,56.874502],[54.394294,56.869683],[54.411421,56.882949],[54.430855,56.882034],[54.4439,56.887339],[54.462105,56.886638],[54.46657,56.897062],[54.44962,56.90613],[54.457467,56.928103],[54.466013,56.941045],[54.476996,56.947936],[54.498896,56.938046],[54.512169,56.937997],[54.516379,56.932195],[54.496924,56.923331],[54.523073,56.912856],[54.532943,56.898347],[54.553037,56.904998],[54.538499,56.92889],[54.582235,56.953414],[54.64181,56.946529],[54.640362,56.944863],[54.656655,56.940149],[54.657293,56.935023],[54.678292,56.926522],[54.669499,56.924124],[54.667782,56.914695],[54.612055,56.907401],[54.609799,56.896292],[54.644509,56.872049],[54.645791,56.861835],[54.64125,56.856203],[54.646916,56.853445],[54.644948,56.851126],[54.649382,56.843633],[54.647075,56.838497],[54.652951,56.833711],[54.649955,56.82864],[54.652132,56.826173],[54.64513,56.819861],[54.646282,56.816256],[54.642282,56.814254],[54.644124,56.811987],[54.641379,56.809164],[54.646591,56.805975],[54.642886,56.801393],[54.649484,56.79219],[54.646043,56.787431],[54.639028,56.786757],[54.634655,56.780892],[54.645406,56.781481],[54.645192,56.776083],[54.656933,56.775007],[54.687085,56.786678],[54.683532,56.797909],[54.720006,56.796434],[54.748647,56.807899],[54.804557,56.798229],[54.837196,56.797717],[54.844941,56.795756],[54.846346,56.785395],[54.865901,56.768529],[54.863006,56.763026],[54.868536,56.759948],[54.868149,56.757368],[54.86113,56.744973],[54.866018,56.744108],[54.870714,56.736063],[54.881129,56.73407],[54.886888,56.736494],[54.910155,56.726976],[54.989756,56.754514],[54.997768,56.755496],[55.00111,56.746636],[55.017359,56.748232],[55.02188,56.751463],[55.037502,56.748183],[55.052095,56.76814],[55.062927,56.768369],[55.065717,56.771181],[55.080698,56.767412],[55.082101,56.773463],[55.091113,56.774011],[55.098558,56.769508],[55.121519,56.76912],[55.132247,56.773879],[55.123176,56.776201],[55.133381,56.778122],[55.12853,56.784398],[55.138005,56.792813],[55.146339,56.792988],[55.146106,56.799069],[55.148321,56.799627],[55.162018,56.800696],[55.178279,56.794217],[55.181397,56.792174],[55.182476,56.784752],[55.192355,56.784576],[55.192122,56.778382],[55.209724,56.772618],[55.214386,56.76575],[55.232046,56.764361],[55.240847,56.756949],[55.251425,56.756805],[55.261347,56.770175],[55.262552,56.783737],[55.274363,56.804212],[55.284971,56.804638],[55.289757,56.810734],[55.288354,56.821325],[55.291837,56.823192],[55.291986,56.827077],[55.285152,56.858411],[55.299454,56.877891],[55.302013,56.901021],[55.268039,56.903966],[55.252118,56.897932],[55.244613,56.891754],[55.231079,56.898954],[55.2268,56.907811],[55.169571,56.914525],[55.172313,56.93359],[55.189752,56.949839],[55.190731,56.954132],[55.186563,56.954386],[55.173674,56.973495],[55.166713,56.978294],[55.149227,56.981048],[55.167966,56.991375],[55.212381,56.992572],[55.211611,57.01517],[55.176421,57.021126],[55.169294,57.014595],[55.165757,57.018227],[55.162832,57.046493],[55.167486,57.068896],[55.148782,57.07056],[55.154497,57.081246],[55.151545,57.084318],[55.159756,57.091528],[55.139076,57.100388],[55.148683,57.111493],[55.133444,57.113375],[55.127318,57.117893],[55.134173,57.137885],[55.134468,57.140694],[55.12791,57.144997],[55.131285,57.15322],[55.125234,57.161319],[55.110441,57.163844],[55.097967,57.152569],[55.09443,57.151632],[55.089469,57.155412],[55.061999,57.151153],[55.056806,57.146456],[55.009782,57.134803],[55.032419,57.114445],[55.034855,57.109196],[55.029072,57.099091],[54.989753,57.077287],[54.958661,57.069437],[54.881666,57.066185],[54.850045,57.054696],[54.792175,57.01924],[54.760177,57.011367],[54.698167,57.011953],[54.686085,57.015851],[54.654481,57.062835],[54.642329,57.068883],[54.602503,57.08002],[54.513548,57.055338],[54.456305,57.025717],[54.436131,57.031004],[54.408701,57.016924],[54.400722,57.005454],[54.381013,56.995408],[54.36301,56.981824],[54.341431,56.973219],[54.351252,56.955195],[54.35009,56.947916],[54.338837,56.948459],[54.33688,56.919969]]]}},{"type":"Feature","id":"115135-1622","properties":{"id":"115135-1622","name":"Куединский муниципальный округ","name_ru":"Куединский муниципальный округ","subject_id":"115135","subject_name":"Пермский край","source_gid":1622,"source_fid":1732,"names_rosstat":"Куединский муниципальный округ","population":22745,"area_km2":2626.8851692283333,"density_km2":8.658543687572575,"source":"Актуализированный объединённый GeoJSON, предоставленный преподавателем","name_en":"Kuedinskii Municipal Okrug","name_zh":"Kuedinskii市政专区","subject_name_en":"Perm Krai","subject_name_zh":"彼尔姆边疆区"},"geometry":{"type":"Polygon","coordinates":[[[54.55251,56.53464],[54.558347,56.529194],[54.556298,56.525883],[54.577615,56.534608],[54.608985,56.531332],[54.611737,56.528602],[54.603367,56.514188],[54.614788,56.504286],[54.631509,56.50882],[54.648,56.499693],[54.665877,56.500685],[54.670705,56.498243],[54.682962,56.501503],[54.678325,56.493549],[54.679694,56.486335],[54.695328,56.472143],[54.694639,56.467647],[54.707408,56.463917],[54.712347,56.450875],[54.721971,56.444437],[54.733618,56.430355],[54.791796,56.436077],[54.796532,56.432249],[54.788274,56.426465],[54.808246,56.422997],[54.830473,56.414015],[54.839599,56.419887],[54.847982,56.420193],[54.848228,56.416231],[54.838464,56.407001],[54.843853,56.407252],[54.855775,56.401387],[54.863081,56.402295],[54.867335,56.393384],[54.880824,56.387629],[54.893507,56.386982],[54.899434,56.390029],[54.929693,56.38015],[54.928892,56.375015],[54.938442,56.367927],[54.936073,56.361062],[54.941283,56.357704],[54.941153,56.347707],[54.938513,56.34537],[54.942522,56.343098],[54.943588,56.337217],[54.974865,56.336458],[54.98319,56.326335],[54.988932,56.327598],[54.991564,56.325072],[54.992412,56.328253],[55.003081,56.329297],[55.003746,56.325301],[55.011418,56.324154],[55.011464,56.320361],[55.02692,56.325546],[55.022956,56.329301],[55.027393,56.329275],[55.028181,56.333979],[55.02039,56.332152],[55.020434,56.340049],[55.024924,56.339408],[55.023335,56.342822],[55.036186,56.339362],[55.040862,56.345055],[55.044745,56.34325],[55.044214,56.340163],[55.049295,56.344069],[55.059143,56.33954],[55.062576,56.3422],[55.066017,56.337018],[55.071966,56.337161],[55.074023,56.338273],[55.067773,56.3399],[55.073785,56.340664],[55.071106,56.345393],[55.082967,56.345078],[55.08997,56.348838],[55.101216,56.345261],[55.099106,56.351763],[55.114083,56.353806],[55.123593,56.346605],[55.134843,56.344096],[55.141813,56.336376],[55.138194,56.330118],[55.144729,56.318574],[55.14049,56.312376],[55.184637,56.304817],[55.19657,56.307381],[55.19549,56.312259],[55.20104,56.324974],[55.194494,56.337209],[55.195692,56.343862],[55.18839,56.349401],[55.186723,56.358744],[55.205432,56.372415],[55.214094,56.36643],[55.215132,56.361238],[55.238337,56.344686],[55.241755,56.337052],[55.259028,56.334933],[55.261065,56.328332],[55.281836,56.32077],[55.311824,56.320348],[55.326297,56.311763],[55.332576,56.31703],[55.36822,56.323762],[55.378523,56.322654],[55.385157,56.317074],[55.40229,56.320048],[55.404741,56.32674],[55.4218,56.331054],[55.461254,56.333075],[55.492184,56.355145],[55.508832,56.361712],[55.522078,56.380897],[55.537233,56.379941],[55.545886,56.384827],[55.608075,56.397914],[55.627727,56.400779],[55.633204,56.395835],[55.649118,56.401907],[55.667609,56.402272],[55.669448,56.409684],[55.69182,56.408543],[55.695629,56.410837],[55.6978,56.425172],[55.707295,56.435723],[55.746181,56.43337],[55.773939,56.445976],[55.791522,56.434732],[55.825383,56.427366],[55.827582,56.423014],[55.83677,56.420633],[55.863708,56.427664],[55.874565,56.432875],[55.877985,56.440626],[55.86697,56.442975],[55.876098,56.448562],[55.875106,56.454645],[55.879065,56.456809],[55.877779,56.462355],[55.894742,56.468308],[55.886392,56.497215],[55.877741,56.496721],[55.885794,56.498989],[55.884734,56.503874],[55.891119,56.505044],[55.888348,56.522711],[55.866993,56.530487],[55.863716,56.528024],[55.824394,56.542298],[55.827099,56.544663],[55.82457,56.545754],[55.835412,56.552894],[55.832685,56.554155],[55.838403,56.556724],[55.827385,56.558433],[55.813046,56.552882],[55.810428,56.542116],[55.778495,56.533519],[55.771049,56.540454],[55.774633,56.546993],[55.76044,56.552965],[55.789271,56.565607],[55.762727,56.579673],[55.727145,56.574893],[55.70147,56.589358],[55.713681,56.605142],[55.705614,56.61389],[55.704405,56.63057],[55.681591,56.623224],[55.662179,56.62164],[55.655898,56.617913],[55.660568,56.600011],[55.634024,56.596693],[55.596353,56.616085],[55.605183,56.620398],[55.613372,56.629552],[55.615354,56.637726],[55.609322,56.643592],[55.613547,56.64545],[55.597665,56.65471],[55.590962,56.654678],[55.59545,56.666451],[55.567795,56.670421],[55.557565,56.664609],[55.555827,56.657111],[55.509859,56.658507],[55.498261,56.650081],[55.477191,56.659516],[55.46839,56.659484],[55.467428,56.662671],[55.456471,56.664897],[55.45003,56.662943],[55.441725,56.669109],[55.438315,56.677835],[55.404335,56.694145],[55.408473,56.697633],[55.441637,56.698721],[55.486749,56.7056],[55.461133,56.718412],[55.454839,56.726135],[55.467603,56.732051],[55.453411,56.736127],[55.451079,56.74121],[55.440763,56.743271],[55.414972,56.736287],[55.365867,56.736095],[55.358116,56.732338],[55.341563,56.73699],[55.337162,56.726759],[55.326613,56.720875],[55.28698,56.721051],[55.268387,56.728534],[55.271622,56.736542],[55.282054,56.747266],[55.274886,56.745764],[55.263811,56.753402],[55.240847,56.756949],[55.232046,56.764361],[55.214386,56.76575],[55.209724,56.772618],[55.192122,56.778382],[55.192355,56.784576],[55.182476,56.784752],[55.181397,56.792174],[55.162018,56.800696],[55.146106,56.799069],[55.146339,56.792988],[55.138005,56.792813],[55.12853,56.784398],[55.133381,56.778122],[55.123176,56.776201],[55.132247,56.773879],[55.121519,56.76912],[55.098558,56.769508],[55.095275,56.773577],[55.088487,56.774059],[55.082101,56.773463],[55.080698,56.767412],[55.065717,56.771181],[55.062927,56.768369],[55.052095,56.76814],[55.037502,56.748183],[55.02188,56.751463],[55.017359,56.748232],[55.00111,56.746636],[54.997768,56.755496],[54.989756,56.754514],[54.910155,56.726976],[54.909868,56.723025],[54.920715,56.719799],[54.941211,56.722797],[54.933997,56.717837],[54.905109,56.719606],[54.892324,56.710704],[54.881706,56.712564],[54.869178,56.710254],[54.866623,56.705869],[54.869767,56.705103],[54.86885,56.702779],[54.855245,56.702146],[54.85693,56.700894],[54.853566,56.701112],[54.852484,56.698112],[54.840432,56.69835],[54.834001,56.693822],[54.810611,56.690529],[54.794462,56.693034],[54.79463,56.690458],[54.788677,56.689624],[54.790619,56.688139],[54.786523,56.685116],[54.780821,56.685141],[54.773613,56.67967],[54.757915,56.676748],[54.752426,56.678582],[54.740116,56.674762],[54.738975,56.670584],[54.733103,56.667172],[54.735989,56.666005],[54.731275,56.663961],[54.733397,56.660891],[54.726772,56.657786],[54.728832,56.656387],[54.717159,56.655135],[54.718608,56.653129],[54.715827,56.651807],[54.699733,56.65162],[54.696008,56.65473],[54.684899,56.651552],[54.684245,56.653962],[54.680154,56.652395],[54.676949,56.654643],[54.67493,56.651775],[54.665936,56.651232],[54.665831,56.648605],[54.66135,56.649445],[54.65517,56.646437],[54.654145,56.641985],[54.643459,56.639716],[54.642007,56.636542],[54.644684,56.635872],[54.641137,56.634113],[54.655031,56.62467],[54.64051,56.61804],[54.643898,56.616549],[54.641592,56.614054],[54.64346,56.612483],[54.636813,56.612083],[54.638584,56.608929],[54.635735,56.608405],[54.639356,56.606677],[54.628098,56.600947],[54.631207,56.598624],[54.627154,56.598663],[54.627664,56.595614],[54.624251,56.593716],[54.627366,56.593501],[54.627218,56.591038],[54.61888,56.59207],[54.613916,56.587893],[54.615548,56.586454],[54.606815,56.586151],[54.608467,56.583757],[54.602172,56.581711],[54.605122,56.576639],[54.600242,56.57944],[54.594445,56.576533],[54.59329,56.57856],[54.591818,56.572041],[54.588777,56.57384],[54.586773,56.569724],[54.582671,56.569645],[54.585278,56.568318],[54.583323,56.566087],[54.579488,56.567287],[54.578594,56.563704],[54.581243,56.56225],[54.578422,56.560982],[54.585794,56.558212],[54.581362,56.55755],[54.580853,56.554651],[54.569974,56.557643],[54.56359,56.552195],[54.565974,56.550081],[54.558321,56.550216],[54.559867,56.548912],[54.556112,56.546305],[54.559305,56.545887],[54.553379,56.540301],[54.556338,56.540545],[54.5562,56.537137],[54.55251,56.53464]]]}},{"type":"Feature","id":"115135-1628","properties":{"id":"115135-1628","name":"Верещагинский муниципальный округ","name_ru":"Верещагинский муниципальный округ","subject_id":"115135","subject_name":"Пермский край","source_gid":1628,"source_fid":1738,"names_rosstat":"Верещагинский муниципальный округ","population":38747,"area_km2":1617.0626322792923,"density_km2":23.961347709448386,"source":"Актуализированный объединённый GeoJSON, предоставленный преподавателем","name_en":"Vereshchaginskii Municipal Okrug","name_zh":"Vereshchaginskii市政专区","subject_name_en":"Perm Krai","subject_name_zh":"彼尔姆边疆区"},"geometry":{"type":"Polygon","coordinates":[[[53.785463,58.236607],[53.82639,58.210146],[53.881299,58.200116],[53.908204,58.179682],[53.885234,58.164273],[53.900856,58.158107],[53.925447,58.156092],[53.945872,58.146597],[53.94483,58.137924],[53.93725,58.134961],[53.94888,58.121152],[53.946566,58.115101],[53.93644,58.106267],[53.94708,58.084837],[53.958848,58.077475],[53.976438,58.076181],[53.989937,58.069713],[54.071602,58.009748],[54.080165,58.000337],[54.07895,57.991935],[54.141851,57.954944],[54.168868,57.963111],[54.180762,57.956473],[54.188095,57.955952],[54.191404,57.970604],[54.213587,57.960154],[54.258953,57.957483],[54.292348,57.968399],[54.298754,57.965458],[54.314027,57.965805],[54.336045,57.94481],[54.348011,57.947202],[54.35653,57.943517],[54.39004,57.954518],[54.383023,57.956308],[54.385829,57.958306],[54.394693,57.957013],[54.403286,57.963309],[54.422491,57.966065],[54.435515,57.97672],[54.465799,57.978443],[54.461614,57.994276],[54.455311,57.993832],[54.459792,58.004309],[54.482468,58.007897],[54.480941,58.011562],[54.536754,58.019436],[54.538052,58.026414],[54.545553,58.029362],[54.594658,58.027486],[54.599541,58.023449],[54.608515,58.025103],[54.610794,58.018164],[54.620275,58.025752],[54.630734,58.023059],[54.629325,58.017216],[54.632286,58.012751],[54.639904,58.008373],[54.649285,58.013659],[54.659845,58.009638],[54.673418,57.995872],[54.737544,58.016376],[54.742905,58.013266],[54.752394,58.023317],[54.771159,58.017097],[54.781839,58.017052],[54.778775,58.028567],[54.771286,58.032239],[54.777754,58.036339],[54.82622,58.016353],[54.847878,58.028657],[54.831921,58.048163],[54.837751,58.053567],[54.866643,58.067321],[54.885025,58.064733],[54.894344,58.060974],[54.899326,58.055256],[54.948786,58.071654],[54.958255,58.065678],[54.954851,58.058385],[54.960504,58.054704],[54.964928,58.055917],[54.982019,58.038566],[55.030846,58.048194],[55.072804,58.065936],[55.090348,58.062775],[55.101704,58.069373],[55.056067,58.089535],[55.019662,58.08006],[55.000637,58.09073],[54.988014,58.089602],[54.972952,58.108099],[54.972647,58.114864],[54.985575,58.115347],[54.998563,58.122722],[54.991185,58.12839],[54.976611,58.129999],[54.97655,58.140043],[54.981672,58.144002],[54.977404,58.146094],[54.967464,58.14249],[54.964194,58.144797],[54.968196,58.150342],[54.916852,58.156331],[54.919138,58.161659],[54.833259,58.167151],[54.835293,58.173418],[54.822334,58.179397],[54.827289,58.183365],[54.823121,58.187707],[54.823097,58.194214],[54.805375,58.199386],[54.799753,58.193812],[54.795942,58.194013],[54.790416,58.204356],[54.786319,58.205862],[54.785176,58.213943],[54.7766,58.223478],[54.778601,58.227642],[54.772888,58.23336],[54.782339,58.237765],[54.773044,58.245151],[54.757694,58.243962],[54.75702,58.248106],[54.744861,58.243021],[54.709422,58.257219],[54.681768,58.259338],[54.686418,58.27379],[54.689481,58.275755],[54.68764,58.277663],[54.704235,58.275814],[54.705133,58.271382],[54.71004,58.275056],[54.706513,58.283414],[54.691895,58.283507],[54.689779,58.287537],[54.667816,58.285045],[54.672007,58.282187],[54.670147,58.280298],[54.648902,58.27306],[54.630027,58.273724],[54.629152,58.277119],[54.636132,58.273923],[54.647489,58.275722],[54.644683,58.278557],[54.662697,58.291201],[54.655852,58.29037],[54.65379,58.295306],[54.646731,58.294057],[54.646243,58.288985],[54.639102,58.290038],[54.627114,58.294097],[54.625757,58.299123],[54.603785,58.296797],[54.604334,58.290411],[54.597678,58.287082],[54.59031,58.277229],[54.581618,58.273627],[54.548207,58.278436],[54.536252,58.268699],[54.528755,58.266405],[54.502453,58.272523],[54.480706,58.261442],[54.488009,58.250137],[54.466521,58.240035],[54.46287,58.227907],[54.480157,58.204522],[54.481192,58.191252],[54.472273,58.190664],[54.457759,58.197999],[54.454183,58.193351],[54.441611,58.190545],[54.441233,58.195143],[54.446695,58.198184],[54.437936,58.200139],[54.373494,58.188915],[54.359617,58.193586],[54.298404,58.185909],[54.296778,58.180603],[54.284205,58.172976],[54.244838,58.173873],[54.236857,58.179246],[54.235285,58.185119],[54.22454,58.196722],[54.217595,58.19976],[54.205146,58.19983],[54.210519,58.20991],[54.208736,58.224249],[54.193439,58.231702],[54.183979,58.240249],[54.174519,58.242439],[54.161951,58.24061],[54.163102,58.244219],[54.155885,58.247721],[54.141024,58.248644],[54.125583,58.256216],[54.1111,58.256821],[54.078915,58.279567],[54.038862,58.29519],[53.961372,58.27772],[53.950784,58.286152],[53.929609,58.281578],[53.86842,58.291031],[53.865735,58.284107],[53.833044,58.270021],[53.831077,58.262961],[53.806601,58.247587],[53.789475,58.243872],[53.785463,58.236607]]]}},{"type":"Feature","id":"115135-1629","properties":{"id":"115135-1629","name":"Сивинский муниципальный округ","name_ru":"Сивинский муниципальный округ","subject_id":"115135","subject_name":"Пермский край","source_gid":1629,"source_fid":1739,"names_rosstat":"Сивинский муниципальный округ","population":11631,"area_km2":2521.544727012901,"density_km2":4.612648697204922,"source":"Актуализированный объединённый GeoJSON, предоставленный преподавателем","name_en":"Sivinskii Municipal Okrug","name_zh":"Sivinskii市政专区","subject_name_en":"Perm Krai","subject_name_zh":"彼尔姆边疆区"},"geometry":{"type":"Polygon","coordinates":[[[53.703145,58.602877],[53.725893,58.573352],[53.737752,58.565842],[53.756167,58.517574],[53.788105,58.477615],[53.79183,58.45586],[53.772575,58.420644],[53.791731,58.401598],[53.812801,58.391611],[53.817994,58.383972],[53.811236,58.377084],[53.815229,58.372012],[53.820349,58.36861],[53.840281,58.365872],[53.845387,58.356516],[53.828707,58.350132],[53.846003,58.345647],[53.84742,58.339959],[53.855908,58.342192],[53.872166,58.330197],[53.88668,58.31436],[53.872895,58.302566],[53.86842,58.291031],[53.929609,58.281578],[53.950784,58.286152],[53.961372,58.27772],[54.038862,58.29519],[54.078915,58.279567],[54.1111,58.256821],[54.125583,58.256216],[54.141024,58.248644],[54.155885,58.247721],[54.163102,58.244219],[54.161951,58.24061],[54.174519,58.242439],[54.183979,58.240249],[54.193439,58.231702],[54.208736,58.224249],[54.210519,58.20991],[54.205146,58.19983],[54.217595,58.19976],[54.22454,58.196722],[54.235285,58.185119],[54.236857,58.179246],[54.244838,58.173873],[54.284205,58.172976],[54.296778,58.180603],[54.298404,58.185909],[54.359617,58.193586],[54.373494,58.188915],[54.393314,58.190581],[54.416398,58.198148],[54.437936,58.200139],[54.446695,58.198184],[54.441233,58.195143],[54.441611,58.190545],[54.454183,58.193351],[54.457759,58.197999],[54.472273,58.190664],[54.481192,58.191252],[54.480157,58.204522],[54.46287,58.227907],[54.466521,58.240035],[54.488009,58.250137],[54.480706,58.261442],[54.502453,58.272523],[54.528755,58.266405],[54.536252,58.268699],[54.548207,58.278436],[54.581618,58.273627],[54.59031,58.277229],[54.597678,58.287082],[54.604334,58.290411],[54.603785,58.296797],[54.625757,58.299123],[54.627114,58.294097],[54.646243,58.288985],[54.645553,58.296701],[54.639927,58.301065],[54.643342,58.307592],[54.637846,58.314871],[54.626929,58.316551],[54.63163,58.310512],[54.624235,58.309409],[54.600498,58.312006],[54.591838,58.316455],[54.570067,58.320008],[54.604091,58.324421],[54.608177,58.329186],[54.617079,58.33015],[54.616082,58.34208],[54.606756,58.351289],[54.61233,58.352836],[54.606934,58.355259],[54.601017,58.353508],[54.591,58.35724],[54.589975,58.360571],[54.586089,58.358259],[54.584975,58.361161],[54.607276,58.364612],[54.603654,58.375124],[54.60653,58.386905],[54.617848,58.391405],[54.616921,58.393451],[54.627165,58.395445],[54.62497,58.398129],[54.627897,58.409068],[54.621316,58.422551],[54.628207,58.423955],[54.690527,58.413609],[54.702418,58.429766],[54.699979,58.435959],[54.70382,58.437619],[54.717419,58.470288],[54.703211,58.492571],[54.693759,58.494292],[54.703759,58.502321],[54.687478,58.506144],[54.666318,58.498976],[54.646561,58.506972],[54.649793,58.510699],[54.660952,58.512164],[54.659611,58.509489],[54.662416,58.507641],[54.685893,58.511145],[54.68571,58.515254],[54.676624,58.516878],[54.689185,58.537603],[54.676868,58.540499],[54.682783,58.558985],[54.66516,58.562102],[54.691849,58.601841],[54.679237,58.608423],[54.659708,58.610906],[54.652391,58.619339],[54.623465,58.624454],[54.596264,58.624307],[54.596537,58.627919],[54.588679,58.631361],[54.55893,58.637607],[54.551709,58.629366],[54.519156,58.63677],[54.510937,58.634414],[54.479789,58.642753],[54.481557,58.645916],[54.416669,58.655714],[54.419579,58.660296],[54.386066,58.666525],[54.367403,58.662578],[54.351644,58.668125],[54.353516,58.670745],[54.327943,58.675506],[54.307616,58.677186],[54.300663,58.675173],[54.289209,58.678172],[54.293048,58.682543],[54.273582,58.693807],[54.24429,58.693117],[54.148676,58.707515],[54.147992,58.700632],[54.130017,58.701555],[54.135027,58.709542],[54.065966,58.720899],[54.064271,58.718737],[54.045316,58.719688],[54.034359,58.714767],[54.028013,58.715065],[54.000273,58.726546],[54.001687,58.731812],[53.952039,58.740385],[53.95236,58.74305],[53.959263,58.741921],[53.969185,58.757354],[53.948849,58.764111],[53.921496,58.764492],[53.925314,58.763127],[53.912849,58.754794],[53.893944,58.752475],[53.845457,58.739502],[53.826591,58.726872],[53.797543,58.721928],[53.785671,58.7244],[53.781952,58.722463],[53.782081,58.713686],[53.768341,58.703084],[53.737992,58.691221],[53.733893,58.681003],[53.745082,58.676222],[53.751708,58.6666],[53.761694,58.663441],[53.761676,58.659528],[53.7664,58.656579],[53.751162,58.637008],[53.703145,58.602877]]]}},{"type":"Feature","id":"115135-1636","properties":{"id":"115135-1636","name":"Очёрский муниципальный округ","name_ru":"Очёрский муниципальный округ","subject_id":"115135","subject_name":"Пермский край","source_gid":1636,"source_fid":1746,"names_rosstat":"Очерский муниципальный округ","population":22088,"area_km2":1338.9994994370422,"density_km2":16.49589862377581,"source":"Актуализированный объединённый GeoJSON, предоставленный преподавателем","name_en":"Ochiorskii Municipal Okrug","name_zh":"Ochiorskii市政专区","subject_name_en":"Perm Krai","subject_name_zh":"彼尔姆边疆区"},"geometry":{"type":"Polygon","coordinates":[[[54.085662,57.918409],[54.092953,57.90138],[54.130595,57.875985],[54.148162,57.873824],[54.160431,57.868286],[54.164883,57.854296],[54.193193,57.848598],[54.196112,57.843061],[54.192785,57.839684],[54.198532,57.827821],[54.196218,57.824555],[54.202872,57.821843],[54.202373,57.815028],[54.223652,57.812048],[54.221995,57.807945],[54.230694,57.801811],[54.248312,57.801392],[54.25469,57.796571],[54.281778,57.799744],[54.294115,57.792288],[54.309878,57.796682],[54.314608,57.788631],[54.335079,57.78036],[54.348618,57.769467],[54.358674,57.773039],[54.362673,57.778448],[54.382411,57.778253],[54.401065,57.761317],[54.484,57.741561],[54.499017,57.740568],[54.502742,57.741626],[54.49628,57.747845],[54.511417,57.763486],[54.547376,57.764573],[54.580658,57.759616],[54.612593,57.767439],[54.660434,57.765022],[54.662315,57.769522],[54.668438,57.772207],[54.677853,57.767189],[54.676252,57.765459],[54.681196,57.75694],[54.705602,57.762825],[54.710633,57.757675],[54.710119,57.751897],[54.718179,57.751161],[54.718833,57.747893],[54.751473,57.74551],[54.741687,57.726195],[54.816973,57.724274],[54.829662,57.71699],[54.840374,57.718843],[54.840379,57.725119],[54.846357,57.730216],[54.837617,57.735626],[54.8388,57.745689],[54.854095,57.754726],[54.849803,57.757643],[54.858588,57.761838],[54.857812,57.76571],[54.867183,57.76807],[54.868518,57.773968],[54.90969,57.778375],[54.895825,57.788657],[54.926101,57.799415],[54.940469,57.811575],[54.94932,57.814102],[54.965865,57.804833],[54.985829,57.811785],[55.00275,57.821677],[54.997829,57.827375],[54.990924,57.828961],[55.002693,57.852854],[55.002385,57.871127],[55.016456,57.879783],[55.017338,57.890255],[55.011412,57.891074],[54.981903,57.930526],[55.011665,57.940584],[55.010085,57.959452],[55.014931,57.978799],[55.029659,57.996786],[55.030711,58.003889],[55.038574,58.013252],[55.036765,58.022462],[55.050234,58.04022],[55.051787,58.049424],[55.063608,58.056523],[55.08862,58.054219],[55.090348,58.062775],[55.072804,58.065936],[55.030846,58.048194],[54.982019,58.038566],[54.964928,58.055917],[54.960504,58.054704],[54.954851,58.058385],[54.958255,58.065678],[54.948786,58.071654],[54.899326,58.055256],[54.894344,58.060974],[54.885025,58.064733],[54.866643,58.067321],[54.837751,58.053567],[54.831921,58.048163],[54.847878,58.028657],[54.82622,58.016353],[54.777754,58.036339],[54.771286,58.032239],[54.778775,58.028567],[54.781839,58.017052],[54.771159,58.017097],[54.752394,58.023317],[54.742905,58.013266],[54.737544,58.016376],[54.673418,57.995872],[54.659845,58.009638],[54.649285,58.013659],[54.639904,58.008373],[54.632286,58.012751],[54.629325,58.017216],[54.630734,58.023059],[54.620275,58.025752],[54.610794,58.018164],[54.608515,58.025103],[54.599541,58.023449],[54.594658,58.027486],[54.545553,58.029362],[54.538052,58.026414],[54.536754,58.019436],[54.480941,58.011562],[54.482468,58.007897],[54.459792,58.004309],[54.455311,57.993832],[54.461614,57.994276],[54.465799,57.978443],[54.435515,57.97672],[54.422491,57.966065],[54.403286,57.963309],[54.394693,57.957013],[54.385829,57.958306],[54.383023,57.956308],[54.39004,57.954518],[54.35653,57.943517],[54.348011,57.947202],[54.336045,57.94481],[54.314027,57.965805],[54.298754,57.965458],[54.292348,57.968399],[54.258953,57.957483],[54.213587,57.960154],[54.191404,57.970604],[54.188095,57.955952],[54.180762,57.956473],[54.168868,57.963111],[54.141851,57.954944],[54.13203,57.959949],[54.132553,57.955363],[54.119255,57.947047],[54.102615,57.929716],[54.102384,57.925599],[54.085662,57.918409]]]}},{"type":"Feature","id":"115135-1637","properties":{"id":"115135-1637","name":"Берёзовский муниципальный округ","name_ru":"Берёзовский муниципальный округ","subject_id":"115135","subject_name":"Пермский край","source_gid":1637,"source_fid":1747,"names_rosstat":"Березовский муниципальный округ","population":13345,"area_km2":1976.8024406611103,"density_km2":6.750801054017809,"source":"Актуализированный объединённый GeoJSON, предоставленный преподавателем","name_en":"Beriozovskii Municipal Okrug","name_zh":"Beriozovskii市政专区","subject_name_en":"Perm Krai","subject_name_zh":"彼尔姆边疆区"},"geometry":{"type":"Polygon","coordinates":[[[56.956203,57.675203],[56.980766,57.664045],[56.9838,57.658777],[57.001614,57.656724],[57.01677,57.65116],[57.050885,57.653348],[57.053036,57.635771],[57.074643,57.629346],[57.070334,57.611664],[57.085175,57.581308],[57.114641,57.576957],[57.127815,57.569494],[57.134948,57.576499],[57.139406,57.576645],[57.141693,57.569286],[57.155842,57.569826],[57.155998,57.558723],[57.163927,57.555504],[57.162214,57.551313],[57.146389,57.551184],[57.125663,57.558092],[57.115618,57.549751],[57.118862,57.531971],[57.127446,57.522681],[57.144551,57.524546],[57.145204,57.516524],[57.15964,57.519286],[57.186058,57.505394],[57.203319,57.500947],[57.196408,57.490915],[57.183645,57.481429],[57.211466,57.485621],[57.254868,57.477917],[57.258652,57.474431],[57.257329,57.468654],[57.260149,57.465936],[57.278463,57.466223],[57.299989,57.447557],[57.324731,57.45048],[57.330927,57.4665],[57.321785,57.467601],[57.32448,57.470059],[57.323057,57.4745],[57.326543,57.476289],[57.325878,57.483488],[57.329624,57.487432],[57.336719,57.486634],[57.343015,57.500216],[57.362795,57.503593],[57.392614,57.500255],[57.388747,57.495683],[57.399692,57.494046],[57.402341,57.499398],[57.454046,57.495557],[57.458827,57.49926],[57.470992,57.496678],[57.476875,57.499676],[57.482383,57.497509],[57.467148,57.488705],[57.472644,57.481357],[57.472475,57.475695],[57.49213,57.462508],[57.500883,57.461585],[57.492079,57.456984],[57.504885,57.456312],[57.505143,57.452345],[57.499097,57.450777],[57.505738,57.444783],[57.50356,57.426171],[57.524056,57.425264],[57.542761,57.420409],[57.582292,57.420823],[57.593983,57.417411],[57.615446,57.417376],[57.63846,57.42508],[57.647582,57.431969],[57.649598,57.433579],[57.636873,57.450788],[57.645507,57.446086],[57.649172,57.449052],[57.662834,57.45045],[57.6707,57.440868],[57.680715,57.435771],[57.714453,57.438168],[57.712992,57.433183],[57.738382,57.419421],[57.749956,57.419481],[57.759085,57.424768],[57.767537,57.424597],[57.786634,57.46035],[57.82153,57.482081],[57.829905,57.482179],[57.858407,57.46858],[57.87509,57.475932],[57.884758,57.484567],[57.884112,57.487285],[57.931033,57.523834],[57.957447,57.521366],[57.9828,57.526391],[57.985526,57.535352],[57.979179,57.546144],[57.988421,57.551314],[57.985602,57.554454],[58.008812,57.560903],[58.017405,57.566126],[58.028856,57.56684],[58.031125,57.609348],[58.064707,57.608911],[58.064052,57.58996],[58.087469,57.581868],[58.117315,57.59318],[58.123574,57.592771],[58.120964,57.6057],[58.106521,57.607042],[58.099657,57.61067],[58.114126,57.624442],[58.11526,57.639649],[58.126515,57.640692],[58.125329,57.648056],[58.115004,57.646856],[58.099142,57.653241],[58.103802,57.658473],[58.113781,57.657243],[58.112056,57.663299],[58.122596,57.667151],[58.123932,57.681626],[58.004575,57.686099],[58.006084,57.706983],[57.994326,57.712766],[57.979827,57.708823],[57.994629,57.702906],[57.984788,57.70054],[57.969487,57.701821],[57.956539,57.709977],[57.946869,57.705997],[57.921354,57.714026],[57.919785,57.712946],[57.925127,57.709839],[57.915042,57.705005],[57.901704,57.717085],[57.894559,57.715839],[57.905895,57.720392],[57.903656,57.72558],[57.894066,57.726176],[57.891327,57.723921],[57.89185,57.721136],[57.895187,57.721411],[57.89398,57.719424],[57.887485,57.716318],[57.886352,57.719597],[57.889619,57.721088],[57.886199,57.722584],[57.886758,57.725817],[57.879302,57.725255],[57.879247,57.729394],[57.86852,57.727413],[57.866248,57.729492],[57.869918,57.731089],[57.866262,57.734603],[57.855614,57.733148],[57.854173,57.737918],[57.874444,57.738517],[57.868909,57.743362],[57.873826,57.748015],[57.855295,57.751674],[57.845292,57.758354],[57.841798,57.756561],[57.852634,57.751281],[57.853151,57.748042],[57.846954,57.746101],[57.847873,57.743302],[57.842747,57.739798],[57.844659,57.736854],[57.840167,57.736432],[57.84158,57.740542],[57.838594,57.744608],[57.834867,57.744286],[57.818397,57.759515],[57.809078,57.760263],[57.802621,57.773999],[57.808487,57.776648],[57.808753,57.780822],[57.815608,57.779681],[57.821968,57.784944],[57.820195,57.791688],[57.805047,57.793943],[57.791902,57.783579],[57.78743,57.783511],[57.779431,57.78545],[57.77818,57.797317],[57.772386,57.799176],[57.769697,57.795813],[57.7663,57.798276],[57.75556,57.79534],[57.750613,57.79621],[57.74901,57.800065],[57.735188,57.79476],[57.727049,57.797829],[57.730751,57.786723],[57.628211,57.800157],[57.624069,57.826765],[57.650407,57.849068],[57.64132,57.849952],[57.644011,57.855276],[57.621373,57.857663],[57.623773,57.846821],[57.615567,57.837921],[57.607403,57.838163],[57.605844,57.832485],[57.611108,57.83174],[57.608255,57.822939],[57.590926,57.820221],[57.581788,57.833647],[57.539943,57.82893],[57.563771,57.820247],[57.562947,57.816156],[57.552757,57.817018],[57.541871,57.822386],[57.52862,57.82035],[57.523,57.825635],[57.5111,57.827302],[57.486016,57.814428],[57.468585,57.810023],[57.471003,57.80719],[57.485107,57.810327],[57.494489,57.803664],[57.479568,57.794029],[57.478296,57.787593],[57.483244,57.778034],[57.47999,57.775492],[57.483742,57.770197],[57.439235,57.753228],[57.42318,57.75363],[57.41705,57.748031],[57.400276,57.751459],[57.398423,57.755327],[57.408122,57.766744],[57.402159,57.771035],[57.382139,57.768822],[57.379741,57.771391],[57.382167,57.776796],[57.38054,57.780018],[57.385616,57.78447],[57.378299,57.785165],[57.37517,57.789345],[57.378901,57.792426],[57.355537,57.800998],[57.358689,57.801792],[57.33698,57.807076],[57.315489,57.793442],[57.284165,57.800878],[57.279955,57.796641],[57.270339,57.795543],[57.273253,57.797045],[57.267037,57.798103],[57.250901,57.79079],[57.227555,57.79492],[57.227909,57.805106],[57.232494,57.805021],[57.237049,57.82933],[57.245281,57.830083],[57.246642,57.833011],[57.192771,57.841161],[57.199491,57.858545],[57.209491,57.866488],[57.110949,57.877473],[57.110958,57.823824],[57.113492,57.823523],[57.107058,57.815995],[57.119392,57.809282],[57.121226,57.798909],[57.130493,57.790772],[57.126659,57.779932],[57.13056,57.774048],[57.128826,57.769871],[57.139527,57.768466],[57.134393,57.758241],[57.143394,57.757743],[57.138627,57.749775],[57.143194,57.738869],[57.138291,57.731258],[57.145283,57.722235],[57.139045,57.720852],[57.137318,57.713511],[57.125899,57.702987],[57.116725,57.688903],[57.110166,57.684836],[57.094947,57.682724],[57.045012,57.684429],[57.037033,57.67824],[57.022651,57.677543],[57.011064,57.67025],[56.995713,57.67035],[56.973595,57.675633],[56.956203,57.675203]]]}},{"type":"Feature","id":"115135-1638","properties":{"id":"115135-1638","name":"Добрянский муниципальный округ","name_ru":"Добрянский муниципальный округ","subject_id":"115135","subject_name":"Пермский край","source_gid":1638,"source_fid":1748,"names_rosstat":"Добрянский муниципальный округ","population":47516,"area_km2":5126.295670124962,"density_km2":9.26907128609726,"source":"Актуализированный объединённый GeoJSON, предоставленный преподавателем","name_en":"Dobrianskii Municipal Okrug","name_zh":"Dobrianskii市政专区","subject_name_en":"Perm Krai","subject_name_zh":"彼尔姆边疆区"},"geometry":{"type":"Polygon","coordinates":[[[56.050567,58.32882],[56.216793,58.313094],[56.217388,58.30522],[56.222371,58.296414],[56.242301,58.279609],[56.25409,58.274314],[56.345601,58.262914],[56.368677,58.255155],[56.377519,58.248482],[56.381338,58.236729],[56.340685,58.175041],[56.339229,58.169343],[56.346919,58.165557],[56.391716,58.152159],[56.389525,58.155247],[56.392814,58.15247],[56.450736,58.1583],[56.505171,58.155456],[56.521113,58.148537],[56.538274,58.13223],[56.556612,58.120758],[56.577428,58.114498],[56.587134,58.119035],[56.608838,58.110778],[56.628766,58.108399],[56.656747,58.114399],[56.66856,58.121467],[56.669551,58.126146],[56.658172,58.133854],[56.602952,58.143774],[56.588786,58.151664],[56.586989,58.159302],[56.59686,58.163649],[56.616189,58.165947],[56.652762,58.156764],[56.671327,58.155489],[56.694088,58.164192],[56.695462,58.169338],[56.638953,58.205045],[56.638109,58.211641],[56.642191,58.216052],[56.654787,58.221885],[56.670594,58.220567],[56.724341,58.192195],[56.748812,58.191722],[56.77173,58.200357],[56.775122,58.204304],[56.773415,58.207228],[56.733482,58.227716],[56.728869,58.235395],[56.727509,58.247139],[56.731583,58.250875],[56.776224,58.261212],[56.817329,58.286951],[56.826713,58.287523],[56.832434,58.282802],[56.856467,58.286135],[56.879958,58.291457],[56.882705,58.297502],[56.89062,58.299638],[56.890039,58.303164],[56.900672,58.314918],[56.907254,58.338093],[56.894947,58.339634],[56.893723,58.337293],[56.881893,58.341461],[56.882704,58.34462],[56.873347,58.346838],[56.871776,58.350328],[56.874758,58.352949],[56.870325,58.364064],[56.87099,58.370341],[56.875274,58.375497],[56.899566,58.37942],[56.921007,58.426045],[57.016464,58.400901],[57.028272,58.404028],[57.070672,58.400787],[57.104158,58.393591],[57.11053,58.386485],[57.128383,58.380897],[57.149172,58.389076],[57.155314,58.399363],[57.204518,58.4056],[57.222983,58.39971],[57.233812,58.402167],[57.238804,58.409927],[57.260431,58.416017],[57.277679,58.416247],[57.323869,58.408199],[57.337101,58.440109],[57.322283,58.446928],[57.243349,58.450223],[57.234006,58.490029],[57.263297,58.543914],[57.276573,58.54824],[57.301977,58.582432],[57.29907,58.601866],[57.266801,58.609375],[57.288728,58.659417],[57.317661,58.67485],[57.32187,58.694484],[57.353337,58.710119],[57.211652,58.724411],[57.238201,58.79946],[57.208517,58.802338],[57.216973,58.810555],[57.205456,58.811798],[57.195451,58.804895],[57.184043,58.808855],[57.177797,58.815865],[57.168966,58.81687],[57.168879,58.821131],[57.174151,58.826299],[57.162864,58.827607],[57.157582,58.836549],[57.163742,58.846847],[57.174985,58.850027],[57.183525,58.860021],[57.194017,58.863553],[57.194584,58.861382],[57.211007,58.863802],[57.23394,58.8577],[57.240578,58.8531],[57.255533,58.851585],[57.251832,58.858471],[57.248948,58.857132],[57.242409,58.861505],[57.258274,58.869674],[57.272381,58.868785],[57.266908,58.870807],[57.287272,58.920412],[57.277938,58.923986],[57.289166,58.931051],[57.290966,58.938678],[57.277781,58.942705],[57.231392,58.93874],[57.207891,58.928752],[57.196176,58.918235],[57.13494,58.89693],[57.073997,58.899324],[57.057132,58.917179],[57.02036,58.938102],[57.018201,58.951926],[57.054775,58.966932],[57.056683,58.969552],[57.05056,58.981019],[57.052068,58.990021],[57.098792,59.026707],[57.111091,59.046221],[57.089038,59.048127],[57.09075,59.041059],[57.086598,59.033664],[57.07621,59.029887],[57.055943,59.035427],[57.013698,59.024095],[57.014582,59.034462],[57.00506,59.034642],[57.001945,59.038111],[56.967955,59.038502],[56.956533,59.025468],[56.91576,59.017277],[56.905943,59.002546],[56.893771,58.996219],[56.870047,58.999322],[56.859071,59.004692],[56.771331,58.99266],[56.730881,58.998198],[56.722166,59.005594],[56.682476,59.013702],[56.654668,59.016577],[56.630769,59.023877],[56.618261,59.0229],[56.646851,59.041863],[56.641602,59.046861],[56.641044,59.055821],[56.61882,59.068452],[56.609215,59.069485],[56.569905,59.059897],[56.55829,59.059783],[56.535731,59.064089],[56.537407,59.067189],[56.529701,59.071437],[56.486593,59.077865],[56.486928,59.080218],[56.465709,59.085554],[56.432318,59.074536],[56.426175,59.066213],[56.397474,59.046918],[56.380276,59.040599],[56.186375,59.017562],[56.192048,59.010281],[56.235216,58.990866],[56.253806,58.973607],[56.251004,58.95988],[56.279575,58.929624],[56.303671,58.883529],[56.295667,58.857565],[56.260193,58.779141],[56.241466,58.756416],[56.172844,58.687114],[56.073488,58.59536],[56.069958,58.58524],[56.080991,58.567062],[56.183378,58.541737],[56.159958,58.539333],[56.119778,58.527345],[56.113331,58.523314],[56.11339,58.517384],[56.098597,58.511164],[56.103019,58.501165],[56.101708,58.498165],[56.071865,58.462076],[56.079378,58.455769],[56.07793,58.453146],[56.097373,58.452463],[56.092699,58.446728],[56.102237,58.445271],[56.122181,58.431366],[56.127508,58.434375],[56.130127,58.430678],[56.15577,58.430813],[56.157079,58.42581],[56.148442,58.412692],[56.162678,58.409374],[56.148758,58.408269],[56.154126,58.406306],[56.138486,58.394976],[56.141135,58.390476],[56.13901,58.385243],[56.131072,58.38677],[56.133568,58.376671],[56.125171,58.372818],[56.124484,58.364976],[56.068234,58.36527],[56.070366,58.358993],[56.05377,58.343678],[56.050567,58.32882]]]}},{"type":"Feature","id":"115135-1640","properties":{"id":"115135-1640","name":"Карагайский муниципальный округ","name_ru":"Карагайский муниципальный округ","subject_id":"115135","subject_name":"Пермский край","source_gid":1640,"source_fid":1750,"names_rosstat":"Карагайский муниципальный округ","population":19720,"area_km2":2408.3438869036345,"density_km2":8.188199412565478,"source":"Актуализированный объединённый GeoJSON, предоставленный преподавателем","name_en":"Karagaiskii Municipal Okrug","name_zh":"Karagaiskii市政专区","subject_name_en":"Perm Krai","subject_name_zh":"彼尔姆边疆区"},"geometry":{"type":"Polygon","coordinates":[[[54.570067,58.320008],[54.591838,58.316455],[54.600498,58.312006],[54.624235,58.309409],[54.63163,58.310512],[54.626929,58.316551],[54.639613,58.314098],[54.643342,58.307592],[54.639927,58.301065],[54.644793,58.294685],[54.65379,58.295306],[54.655852,58.29037],[54.662697,58.291201],[54.644683,58.278557],[54.647489,58.275722],[54.636132,58.273923],[54.629152,58.277119],[54.630027,58.273724],[54.648902,58.27306],[54.670147,58.280298],[54.672007,58.282187],[54.667816,58.285045],[54.689779,58.287537],[54.691895,58.283507],[54.706513,58.283414],[54.71004,58.275056],[54.705133,58.271382],[54.704235,58.275814],[54.68764,58.277663],[54.689481,58.275755],[54.686418,58.27379],[54.681768,58.259338],[54.709422,58.257219],[54.744861,58.243021],[54.75702,58.248106],[54.757694,58.243962],[54.773044,58.245151],[54.782339,58.237765],[54.772888,58.23336],[54.778601,58.227642],[54.7766,58.223478],[54.785176,58.213943],[54.786319,58.205862],[54.790416,58.204356],[54.795942,58.194013],[54.799753,58.193812],[54.805375,58.199386],[54.823097,58.194214],[54.823121,58.187707],[54.827289,58.183365],[54.822334,58.179397],[54.835293,58.173418],[54.833259,58.167151],[54.919138,58.161659],[54.916852,58.156331],[54.968196,58.150342],[54.964194,58.144797],[54.967464,58.14249],[54.977404,58.146094],[54.981672,58.144002],[54.97655,58.140043],[54.976611,58.129999],[54.991185,58.12839],[54.998563,58.122722],[54.985575,58.115347],[54.972647,58.114864],[54.972952,58.108099],[54.988014,58.089602],[55.000637,58.09073],[55.019662,58.08006],[55.056067,58.089535],[55.056567,58.109144],[55.061569,58.112227],[55.068834,58.124493],[55.067643,58.129462],[55.078362,58.130845],[55.075504,58.133926],[55.06538,58.13424],[55.074313,58.13663],[55.065343,58.154211],[55.089047,58.168244],[55.09589,58.165661],[55.104357,58.168402],[55.1124,58.164476],[55.135803,58.170562],[55.141523,58.178149],[55.177015,58.166742],[55.21493,58.170035],[55.209945,58.175974],[55.19796,58.180403],[55.19927,58.184259],[55.196591,58.185935],[55.202636,58.200777],[55.191752,58.221635],[55.195498,58.23192],[55.18913,58.237107],[55.176582,58.239527],[55.172818,58.252268],[55.173672,58.255654],[55.184157,58.259239],[55.189002,58.265371],[55.174732,58.267302],[55.173521,58.274648],[55.167465,58.281255],[55.254067,58.340388],[55.307172,58.367397],[55.364324,58.364239],[55.382206,58.36798],[55.384493,58.363156],[55.392904,58.362851],[55.392981,58.368808],[55.400055,58.376023],[55.391425,58.381342],[55.400179,58.390796],[55.433148,58.393224],[55.422336,58.401174],[55.425411,58.404615],[55.423391,58.406788],[55.409476,58.416865],[55.405816,58.42547],[55.404067,58.446988],[55.391222,58.449307],[55.374088,58.462284],[55.369587,58.474789],[55.39346,58.487011],[55.42662,58.484661],[55.435818,58.488192],[55.431272,58.493248],[55.419476,58.491322],[55.417354,58.49879],[55.423515,58.505634],[55.423593,58.514013],[55.410272,58.513121],[55.409093,58.504983],[55.391405,58.504219],[55.394487,58.521114],[55.360524,58.530664],[55.356333,58.539755],[55.350904,58.543968],[55.334242,58.5456],[55.296013,58.560244],[55.298759,58.564917],[55.293279,58.572094],[55.296416,58.580292],[55.289514,58.58706],[55.296024,58.60715],[55.304158,58.613852],[55.317116,58.60849],[55.325564,58.609684],[55.324379,58.613645],[55.318158,58.612742],[55.310167,58.616619],[55.314431,58.619933],[55.318231,58.630916],[55.315341,58.636444],[55.307505,58.641344],[55.307756,58.650732],[55.316067,58.665344],[55.324345,58.676717],[55.346873,58.679436],[55.346464,58.682162],[55.332606,58.684539],[55.332994,58.689691],[55.340246,58.690047],[55.353199,58.703979],[55.366808,58.701642],[55.374023,58.714664],[55.362596,58.723286],[55.349884,58.718001],[55.265642,58.727366],[55.2947,58.80212],[55.098192,58.822428],[55.068356,58.822645],[55.055777,58.82646],[55.040426,58.824371],[55.018896,58.826662],[55.007114,58.832411],[54.943143,58.814993],[54.925097,58.818197],[54.903078,58.827407],[54.875736,58.823825],[54.852549,58.814034],[54.852984,58.799379],[54.827506,58.796641],[54.832574,58.776028],[54.844727,58.770249],[54.842497,58.764246],[54.868131,58.758605],[54.869325,58.763061],[54.882874,58.760087],[54.879315,58.748207],[54.885559,58.738618],[54.904119,58.742808],[54.90812,58.733894],[54.845345,58.715641],[54.842172,58.711101],[54.890565,58.670456],[54.875557,58.659714],[54.86728,58.646649],[54.862502,58.646691],[54.858922,58.636667],[54.877692,58.634394],[54.860564,58.609421],[54.835873,58.622296],[54.829854,58.622559],[54.815545,58.619067],[54.803584,58.608892],[54.776654,58.605608],[54.753151,58.614469],[54.743562,58.615206],[54.734217,58.609224],[54.723933,58.617004],[54.721872,58.610717],[54.726169,58.60698],[54.691849,58.601841],[54.66516,58.562102],[54.682783,58.558985],[54.676868,58.540499],[54.689185,58.537603],[54.676624,58.516878],[54.68571,58.515254],[54.685893,58.511145],[54.662416,58.507641],[54.659611,58.509489],[54.660952,58.512164],[54.649793,58.510699],[54.646561,58.506972],[54.666318,58.498976],[54.687478,58.506144],[54.703759,58.502321],[54.693759,58.494292],[54.703211,58.492571],[54.717419,58.470288],[54.70382,58.437619],[54.699979,58.435959],[54.702418,58.429766],[54.690527,58.413609],[54.628207,58.423955],[54.621316,58.422551],[54.627897,58.409068],[54.62497,58.398129],[54.627165,58.395445],[54.616921,58.393451],[54.617848,58.391405],[54.60653,58.386905],[54.603654,58.375124],[54.607276,58.364612],[54.584975,58.361161],[54.586089,58.358259],[54.589975,58.360571],[54.591,58.35724],[54.601017,58.353508],[54.606934,58.355259],[54.61233,58.352836],[54.606756,58.351289],[54.616082,58.34208],[54.617079,58.33015],[54.608177,58.329186],[54.604091,58.324421],[54.570067,58.320008]]]}},{"type":"Feature","id":"115135-1753","properties":{"id":"115135-1753","name":"Ильинский муниципальный округ","name_ru":"Ильинский муниципальный округ","subject_id":"115135","subject_name":"Пермский край","source_gid":1753,"source_fid":1863,"names_rosstat":"Ильинский муниципальный округ","population":16937,"area_km2":3089.0639487741278,"density_km2":5.482890701152796,"source":"Актуализированный объединённый GeoJSON, предоставленный преподавателем","name_en":"Il'inskii Municipal Okrug","name_zh":"Il'inskii市政专区","subject_name_en":"Perm Krai","subject_name_zh":"彼尔姆边疆区"},"geometry":{"type":"Polygon","coordinates":[[[55.258924,58.806497],[55.2947,58.80212],[55.265642,58.727366],[55.349884,58.718001],[55.362596,58.723286],[55.374023,58.714664],[55.366808,58.701642],[55.353199,58.703979],[55.340246,58.690047],[55.332994,58.689691],[55.332606,58.684539],[55.346464,58.682162],[55.346873,58.679436],[55.324345,58.676717],[55.316067,58.665344],[55.307756,58.650732],[55.307505,58.641344],[55.315341,58.636444],[55.318231,58.630916],[55.314431,58.619933],[55.310167,58.616619],[55.318158,58.612742],[55.324379,58.613645],[55.325564,58.609684],[55.317116,58.60849],[55.304158,58.613852],[55.296024,58.60715],[55.289514,58.58706],[55.296416,58.580292],[55.293279,58.572094],[55.298759,58.564917],[55.296013,58.560244],[55.334242,58.5456],[55.350904,58.543968],[55.356333,58.539755],[55.360524,58.530664],[55.394487,58.521114],[55.391405,58.504219],[55.409093,58.504983],[55.410272,58.513121],[55.423593,58.514013],[55.423515,58.505634],[55.417354,58.49879],[55.419476,58.491322],[55.431272,58.493248],[55.435818,58.488192],[55.42662,58.484661],[55.39346,58.487011],[55.369587,58.474789],[55.374088,58.462284],[55.391222,58.449307],[55.404067,58.446988],[55.405816,58.42547],[55.409476,58.416865],[55.425411,58.404615],[55.422336,58.401174],[55.426826,58.397507],[55.438123,58.405381],[55.447934,58.40079],[55.463409,58.402776],[55.480505,58.399399],[55.495175,58.406514],[55.50452,58.400434],[55.512793,58.401464],[55.513016,58.398322],[55.525535,58.38937],[55.52839,58.382478],[55.519751,58.380323],[55.51641,58.376481],[55.531683,58.373529],[55.545935,58.361984],[55.555734,58.363065],[55.550503,58.359622],[55.552958,58.352057],[55.536328,58.348342],[55.539671,58.34106],[55.573263,58.337142],[55.571757,58.332538],[55.577428,58.32596],[55.590259,58.331452],[55.609664,58.333174],[55.615318,58.339559],[55.621917,58.339102],[55.626642,58.333469],[55.643222,58.334457],[55.644826,58.333203],[55.642059,58.331232],[55.650007,58.328477],[55.674661,58.325058],[55.677608,58.320507],[55.727177,58.325711],[55.781954,58.309778],[55.830684,58.304096],[55.834863,58.301829],[55.832291,58.298777],[55.839735,58.290379],[55.853475,58.285049],[55.864967,58.282206],[55.888299,58.283327],[55.910465,58.278943],[55.932098,58.279589],[55.932336,58.282481],[55.956998,58.27937],[55.957486,58.285612],[55.967836,58.299407],[55.980887,58.306921],[55.961852,58.316612],[55.963489,58.333627],[55.984064,58.340739],[56.007718,58.340829],[56.002223,58.323261],[56.028648,58.316982],[56.047257,58.326009],[56.044541,58.329379],[56.050544,58.328143],[56.05377,58.343678],[56.070366,58.358993],[56.068234,58.36527],[56.124484,58.364976],[56.125171,58.372818],[56.133568,58.376671],[56.131072,58.38677],[56.13901,58.385243],[56.141135,58.390476],[56.138486,58.394976],[56.154126,58.406306],[56.148758,58.408269],[56.162678,58.409374],[56.148442,58.412692],[56.157079,58.42581],[56.15577,58.430813],[56.130127,58.430678],[56.127508,58.434375],[56.122181,58.431366],[56.102237,58.445271],[56.092699,58.446728],[56.097373,58.452463],[56.07793,58.453146],[56.079378,58.455769],[56.071865,58.462076],[56.101708,58.498165],[56.103019,58.501165],[56.098597,58.511164],[56.11339,58.517384],[56.113331,58.523314],[56.159958,58.539333],[56.183378,58.541737],[56.080991,58.567062],[56.069958,58.58524],[56.073488,58.59536],[56.172844,58.687114],[56.241466,58.756416],[56.260193,58.779141],[56.250465,58.796941],[56.169723,58.867196],[56.139179,58.880431],[56.120309,58.897411],[56.098931,58.931287],[56.081639,58.94188],[56.036684,58.961139],[55.949101,58.976365],[55.926648,58.983505],[55.889034,58.985721],[55.841527,58.982416],[55.819134,58.977872],[55.812463,58.952791],[55.784723,58.951642],[55.771506,58.931761],[55.759398,58.930901],[55.755758,58.935203],[55.765896,58.943384],[55.762114,58.951572],[55.739577,58.950308],[55.739145,58.961977],[55.728725,58.961867],[55.725503,58.954802],[55.718674,58.951903],[55.717227,58.943801],[55.705141,58.941888],[55.707209,58.932927],[55.703373,58.926199],[55.705219,58.923978],[55.680667,58.918526],[55.662193,58.918199],[55.629488,58.909004],[55.615673,58.909673],[55.608377,58.905662],[55.589548,58.906578],[55.586438,58.905848],[55.584756,58.899464],[55.539581,58.895532],[55.5117,58.848148],[55.506111,58.846795],[55.457415,58.848764],[55.436099,58.841745],[55.407013,58.855327],[55.284344,58.877056],[55.269239,58.833165],[55.281284,58.829748],[55.283667,58.825002],[55.279243,58.821178],[55.27561,58.823491],[55.263979,58.821369],[55.258924,58.806497]]]}},{"type":"Feature","id":"115135-1764","properties":{"id":"115135-1764","name":"Юсьвинский муниципальный округ","name_ru":"Юсьвинский муниципальный округ","subject_id":"115135","subject_name":"Пермский край","source_gid":1764,"source_fid":1874,"names_rosstat":"Юсьвинский муниципальный округ","population":16000,"area_km2":3198.544122736156,"density_km2":5.002275843646325,"source":"Актуализированный объединённый GeoJSON, предоставленный преподавателем","name_en":"Ius'vinskii Municipal Okrug","name_zh":"Ius'vinskii市政专区","subject_name_en":"Perm Krai","subject_name_zh":"彼尔姆边疆区"},"geometry":{"type":"Polygon","coordinates":[[[54.706122,58.88373],[54.714433,58.880895],[54.731286,58.882717],[54.736452,58.879205],[54.768797,58.881951],[54.768045,58.879314],[54.792865,58.871914],[54.787332,58.867801],[54.793215,58.865606],[54.815596,58.866527],[54.812791,58.846636],[54.810338,58.846674],[54.798576,58.806243],[54.852549,58.814034],[54.875736,58.823825],[54.903078,58.827407],[54.925097,58.818197],[54.943143,58.814993],[55.007114,58.832411],[55.018896,58.826662],[55.040426,58.824371],[55.055777,58.82646],[55.068356,58.822645],[55.077494,58.824277],[55.258924,58.806497],[55.263979,58.821369],[55.27561,58.823491],[55.279243,58.821178],[55.283667,58.825002],[55.281284,58.829748],[55.269239,58.833165],[55.284344,58.877056],[55.407013,58.855327],[55.436099,58.841745],[55.457415,58.848764],[55.506111,58.846795],[55.5117,58.848148],[55.539581,58.895532],[55.584756,58.899464],[55.586438,58.905848],[55.589548,58.906578],[55.608377,58.905662],[55.615673,58.909673],[55.629488,58.909004],[55.662193,58.918199],[55.680667,58.918526],[55.705219,58.923978],[55.703373,58.926199],[55.707209,58.932927],[55.705141,58.941888],[55.717227,58.943801],[55.718674,58.951903],[55.725503,58.954802],[55.728725,58.961867],[55.739145,58.961977],[55.739577,58.950308],[55.762114,58.951572],[55.765896,58.943384],[55.755758,58.935203],[55.759398,58.930901],[55.771506,58.931761],[55.784723,58.951642],[55.812463,58.952791],[55.819134,58.977872],[55.841527,58.982416],[55.889034,58.985721],[55.926648,58.983505],[55.949101,58.976365],[56.036684,58.961139],[56.081639,58.94188],[56.098931,58.931287],[56.120309,58.897411],[56.139179,58.880431],[56.169723,58.867196],[56.250465,58.796941],[56.260193,58.779141],[56.295667,58.857565],[56.303671,58.883529],[56.279575,58.929624],[56.251004,58.95988],[56.253806,58.973607],[56.235216,58.990866],[56.192048,59.010281],[56.186375,59.017562],[56.193159,59.095627],[56.235369,59.158872],[56.215606,59.220063],[56.234431,59.242548],[56.211986,59.248304],[56.199686,59.259663],[56.124558,59.275182],[56.124383,59.287386],[56.120795,59.289156],[56.117515,59.279618],[56.081719,59.283696],[56.073982,59.271666],[56.040179,59.272092],[55.974395,59.281182],[55.967728,59.266654],[55.858842,59.279787],[55.83112,59.226333],[55.793215,59.227795],[55.714511,59.23877],[55.69256,59.239328],[55.69037,59.26002],[55.71333,59.278216],[55.651882,59.286332],[55.659037,59.303483],[55.624838,59.30772],[55.632274,59.324168],[55.546218,59.336207],[55.533678,59.295362],[55.396974,59.315219],[55.307417,59.154337],[55.247192,59.16248],[55.251047,59.16831],[55.231924,59.17044],[55.228947,59.16541],[54.975992,59.195662],[54.969357,59.204559],[54.950625,59.204404],[54.92982,59.198793],[54.931563,59.18598],[54.929356,59.176078],[54.920143,59.174869],[54.917723,59.16887],[54.969181,59.162843],[54.962307,59.134636],[54.943728,59.116416],[54.938983,59.086328],[54.944891,59.082237],[54.942001,59.074213],[54.913573,59.059314],[54.911589,59.051083],[54.898265,59.050226],[54.882054,59.044756],[54.870737,59.045412],[54.869911,59.042945],[54.846552,59.051644],[54.828437,59.052367],[54.82331,59.048304],[54.829997,59.044775],[54.828454,59.034146],[54.83627,59.02714],[54.844599,59.010524],[54.84994,58.989177],[54.821074,58.987135],[54.818641,58.983848],[54.82035,58.982151],[54.802043,58.961903],[54.745199,58.924872],[54.727382,58.890295],[54.711165,58.894761],[54.706122,58.88373]]]}},{"type":"Feature","id":"115135-1766","properties":{"id":"115135-1766","name":"Кудымкарский муниципальный округ","name_ru":"Кудымкарский муниципальный округ","subject_id":"115135","subject_name":"Пермский край","source_gid":1766,"source_fid":1876,"names_rosstat":"Кудымкарский муниципальный округ","population":50375,"area_km2":4772.239701872977,"density_km2":10.555840265154567,"source":"Актуализированный объединённый GeoJSON, предоставленный преподавателем","name_en":"Kudymkarskii Municipal Okrug","name_zh":"Kudymkarskii市政专区","subject_name_en":"Perm Krai","subject_name_zh":"彼尔姆边疆区"},"geometry":{"type":"Polygon","coordinates":[[[53.690193,59.208593],[53.700728,59.192536],[53.734822,59.176077],[53.762934,59.156272],[53.780333,59.138805],[53.805932,59.123948],[53.816416,59.111331],[53.824297,59.109413],[53.856727,59.12023],[53.869653,59.121282],[53.876803,59.116024],[53.878748,59.097916],[53.889174,59.095449],[53.90301,59.087286],[53.901797,59.083718],[53.873935,59.065751],[53.876962,59.053257],[53.865769,59.033986],[53.84295,59.021653],[53.785501,59.015265],[53.770472,59.004254],[53.753185,58.965256],[53.774622,58.917807],[53.798912,58.890523],[53.796578,58.862258],[53.827622,58.829496],[53.92576,58.795776],[53.914833,58.786396],[53.916743,58.779262],[53.929947,58.774417],[53.921496,58.764492],[53.948849,58.764111],[53.969185,58.757354],[53.959263,58.741921],[53.95236,58.74305],[53.952039,58.740385],[54.001687,58.731812],[54.000273,58.726546],[54.028013,58.715065],[54.034359,58.714767],[54.045316,58.719688],[54.064271,58.718737],[54.065966,58.720899],[54.135027,58.709542],[54.130017,58.701555],[54.147992,58.700632],[54.148676,58.707515],[54.24429,58.693117],[54.273582,58.693807],[54.293048,58.682543],[54.289209,58.678172],[54.300663,58.675173],[54.307616,58.677186],[54.327943,58.675506],[54.353516,58.670745],[54.351644,58.668125],[54.367403,58.662578],[54.386066,58.666525],[54.419579,58.660296],[54.416669,58.655714],[54.481557,58.645916],[54.479789,58.642753],[54.510937,58.634414],[54.519156,58.63677],[54.551709,58.629366],[54.55893,58.637607],[54.574713,58.635523],[54.596537,58.627919],[54.596264,58.624307],[54.623465,58.624454],[54.652391,58.619339],[54.659708,58.610906],[54.679237,58.608423],[54.691849,58.601841],[54.726169,58.60698],[54.721872,58.610717],[54.723933,58.617004],[54.734217,58.609224],[54.743562,58.615206],[54.753151,58.614469],[54.776654,58.605608],[54.803584,58.608892],[54.815545,58.619067],[54.829854,58.622559],[54.835873,58.622296],[54.860564,58.609421],[54.877692,58.634394],[54.858922,58.636667],[54.862502,58.646691],[54.86728,58.646649],[54.875557,58.659714],[54.890565,58.670456],[54.842172,58.711101],[54.845345,58.715641],[54.90812,58.733894],[54.904119,58.742808],[54.885559,58.738618],[54.879315,58.748207],[54.882874,58.760087],[54.869325,58.763061],[54.868131,58.758605],[54.842497,58.764246],[54.844727,58.770249],[54.832574,58.776028],[54.827506,58.796641],[54.852984,58.799379],[54.852549,58.814034],[54.798576,58.806243],[54.810338,58.846674],[54.812791,58.846636],[54.815596,58.866527],[54.793215,58.865606],[54.787332,58.867801],[54.792865,58.871914],[54.768045,58.879314],[54.768797,58.881951],[54.736452,58.879205],[54.731286,58.882717],[54.714433,58.880895],[54.706122,58.88373],[54.711165,58.894761],[54.727382,58.890295],[54.745199,58.924872],[54.802043,58.961903],[54.82035,58.982151],[54.818641,58.983848],[54.821074,58.987135],[54.84994,58.989177],[54.844599,59.010524],[54.83627,59.02714],[54.828454,59.034146],[54.829997,59.044775],[54.82331,59.048304],[54.828437,59.052367],[54.846552,59.051644],[54.869911,59.042945],[54.870737,59.045412],[54.882054,59.044756],[54.898265,59.050226],[54.911589,59.051083],[54.913573,59.059314],[54.942001,59.074213],[54.944891,59.082237],[54.938983,59.086328],[54.943728,59.116416],[54.962307,59.134636],[54.969181,59.162843],[54.917723,59.16887],[54.920143,59.174869],[54.929356,59.176078],[54.931563,59.18598],[54.92982,59.198793],[54.950625,59.204404],[54.969357,59.204559],[54.975992,59.195662],[55.228947,59.16541],[55.231924,59.17044],[55.251047,59.16831],[55.247192,59.16248],[55.307417,59.154337],[55.396974,59.315219],[55.533678,59.295362],[55.546218,59.336207],[55.578033,59.331682],[55.586109,59.34556],[55.554171,59.352395],[55.562345,59.366703],[55.525199,59.371822],[55.581653,59.49469],[55.396596,59.530483],[55.243294,59.446276],[55.197396,59.33414],[55.055401,59.351914],[55.055903,59.332895],[55.047801,59.327879],[54.886495,59.346572],[54.871197,59.32574],[54.65675,59.349492],[54.667624,59.324539],[54.661166,59.304353],[54.647513,59.289392],[54.638379,59.284939],[54.609813,59.273492],[54.592742,59.269817],[54.588476,59.273519],[54.5722,59.26489],[54.555884,59.264954],[54.531801,59.257811],[54.515309,59.259357],[54.496286,59.271819],[54.467867,59.275217],[54.411482,59.266068],[54.396918,59.273823],[54.363457,59.249686],[54.359539,59.239904],[54.316865,59.226025],[54.322178,59.213331],[54.305627,59.201372],[54.308691,59.187524],[54.290435,59.186307],[54.270291,59.206287],[54.275946,59.209551],[54.27283,59.215554],[54.166492,59.2135],[54.15717,59.221696],[54.135089,59.220117],[54.127638,59.213787],[54.105993,59.214483],[54.090257,59.209354],[54.059011,59.212387],[54.012159,59.232162],[53.937664,59.213282],[53.896316,59.21439],[53.855567,59.237455],[53.847023,59.25574],[53.82063,59.256684],[53.759034,59.232977],[53.731752,59.234474],[53.702931,59.228286],[53.690193,59.208593]]]}},{"type":"Feature","id":"115135-1777","properties":{"id":"115135-1777","name":"Юрлинский муниципальный округ","name_ru":"Юрлинский муниципальный округ","subject_id":"115135","subject_name":"Пермский край","source_gid":1777,"source_fid":1887,"names_rosstat":"Юрлинский муниципальный округ","population":8317,"area_km2":3875.080956198625,"density_km2":2.146277740777526,"source":"Актуализированный объединённый GeoJSON, предоставленный преподавателем","name_en":"Iurlinskii Municipal Okrug","name_zh":"Iurlinskii市政专区","subject_name_en":"Perm Krai","subject_name_zh":"彼尔姆边疆区"},"geometry":{"type":"Polygon","coordinates":[[[53.221097,59.357955],[53.223935,59.333703],[53.230797,59.323516],[53.289524,59.25683],[53.32757,59.207054],[53.381899,59.156421],[53.385099,59.15566],[53.384476,59.160397],[53.387293,59.161721],[53.397785,59.161546],[53.409874,59.146546],[53.421513,59.151123],[53.42523,59.147221],[53.460263,59.140273],[53.469207,59.141213],[53.467019,59.146182],[53.500709,59.150013],[53.505887,59.146657],[53.545602,59.141909],[53.544221,59.147964],[53.555881,59.151769],[53.553504,59.148038],[53.557813,59.145635],[53.552493,59.141086],[53.722017,59.118569],[53.723829,59.122255],[53.682409,59.152474],[53.724423,59.182651],[53.700728,59.192536],[53.690193,59.208593],[53.702931,59.228286],[53.731752,59.234474],[53.759034,59.232977],[53.82063,59.256684],[53.847023,59.25574],[53.855567,59.237455],[53.896316,59.21439],[53.937664,59.213282],[54.012159,59.232162],[54.059011,59.212387],[54.090257,59.209354],[54.105993,59.214483],[54.127638,59.213787],[54.135089,59.220117],[54.15717,59.221696],[54.166492,59.2135],[54.27283,59.215554],[54.275946,59.209551],[54.270291,59.206287],[54.290435,59.186307],[54.308691,59.187524],[54.305627,59.201372],[54.322178,59.213331],[54.316865,59.226025],[54.359539,59.239904],[54.363457,59.249686],[54.396918,59.273823],[54.411482,59.266068],[54.467867,59.275217],[54.496286,59.271819],[54.515309,59.259357],[54.531801,59.257811],[54.555884,59.264954],[54.5722,59.26489],[54.588476,59.273519],[54.592742,59.269817],[54.609813,59.273492],[54.638379,59.284939],[54.647513,59.289392],[54.661166,59.304353],[54.667624,59.324539],[54.65675,59.349492],[54.871197,59.32574],[54.886495,59.346572],[55.047801,59.327879],[55.055903,59.332895],[55.055401,59.351914],[55.197396,59.33414],[55.243294,59.446276],[55.142188,59.459494],[55.157518,59.497717],[55.082249,59.507027],[55.099703,59.549844],[55.028281,59.557309],[55.042658,59.590246],[54.860969,59.610769],[54.866084,59.608248],[54.868619,59.593456],[54.872762,59.589037],[54.86381,59.587585],[54.857945,59.591066],[54.860006,59.601079],[54.856041,59.601877],[54.84202,59.597262],[54.820507,59.59899],[54.822778,59.597328],[54.819059,59.597009],[54.819428,59.592589],[54.815526,59.590276],[54.819773,59.580883],[54.811189,59.573756],[54.796727,59.569168],[54.796448,59.558565],[54.724515,59.557361],[54.718935,59.562095],[54.706227,59.558716],[54.705934,59.55439],[54.694064,59.546579],[54.660052,59.544595],[54.658988,59.540024],[54.636933,59.532929],[54.634768,59.528847],[54.61564,59.52755],[54.605558,59.518146],[54.565035,59.510296],[54.559526,59.499076],[54.553771,59.49947],[54.557142,59.502125],[54.547769,59.502051],[54.515249,59.492552],[54.509835,59.485648],[54.501882,59.486579],[54.499858,59.483462],[54.494215,59.486848],[54.489974,59.482915],[54.439238,59.478433],[54.42557,59.480596],[54.41255,59.477879],[54.406814,59.472839],[54.365476,59.474765],[54.32454,59.487107],[54.314927,59.485921],[54.313348,59.493747],[54.297546,59.498756],[54.277296,59.49169],[54.279665,59.487619],[54.27451,59.486041],[54.276959,59.488199],[54.274449,59.491387],[54.263956,59.49116],[54.248241,59.501455],[54.217641,59.494895],[54.217335,59.492615],[54.210494,59.497344],[54.200462,59.497026],[54.202953,59.494235],[54.198535,59.493491],[54.195913,59.499099],[54.18685,59.501574],[54.18067,59.508058],[54.162619,59.511555],[54.146814,59.510247],[54.145344,59.506568],[54.135598,59.504607],[54.097886,59.505512],[54.073605,59.512565],[54.069463,59.522015],[54.054712,59.516271],[54.051521,59.517517],[54.054263,59.522592],[54.051791,59.525673],[54.053827,59.527129],[54.050529,59.527623],[54.052673,59.529056],[53.893768,59.546605],[53.907564,59.577752],[53.832348,59.583529],[53.84622,59.619486],[53.772188,59.626947],[53.810246,59.708093],[53.766885,59.705125],[53.631496,59.747157],[53.59829,59.687782],[53.451,59.703145],[53.355949,59.462192],[53.287264,59.416784],[53.221097,59.357955]]]}},{"type":"Feature","id":"115135-1778","properties":{"id":"115135-1778","name":"Кочёвский муниципальный округ","name_ru":"Кочёвский муниципальный округ","subject_id":"115135","subject_name":"Пермский край","source_gid":1778,"source_fid":1888,"names_rosstat":"Кочевский муниципальный округ","population":9154,"area_km2":2735.4194858907535,"density_km2":3.346470275296412,"source":"Актуализированный объединённый GeoJSON, предоставленный преподавателем","name_en":"Kochiovskii Municipal Okrug","name_zh":"Kochiovskii市政专区","subject_name_en":"Perm Krai","subject_name_zh":"彼尔姆边疆区"},"geometry":{"type":"Polygon","coordinates":[[[53.631496,59.747157],[53.766885,59.705125],[53.810246,59.708093],[53.772188,59.626947],[53.84622,59.619486],[53.832348,59.583529],[53.907564,59.577752],[53.893768,59.546605],[54.052673,59.529056],[54.050529,59.527623],[54.053827,59.527129],[54.051791,59.525673],[54.054263,59.522592],[54.051521,59.517517],[54.054712,59.516271],[54.069463,59.522015],[54.073605,59.512565],[54.097886,59.505512],[54.135598,59.504607],[54.145344,59.506568],[54.146814,59.510247],[54.162619,59.511555],[54.18067,59.508058],[54.18685,59.501574],[54.195913,59.499099],[54.198535,59.493491],[54.202953,59.494235],[54.200462,59.497026],[54.210494,59.497344],[54.217335,59.492615],[54.217641,59.494895],[54.248241,59.501455],[54.263956,59.49116],[54.274449,59.491387],[54.276959,59.488199],[54.27451,59.486041],[54.279665,59.487619],[54.277296,59.49169],[54.297546,59.498756],[54.313348,59.493747],[54.314927,59.485921],[54.32454,59.487107],[54.365476,59.474765],[54.406814,59.472839],[54.41255,59.477879],[54.42557,59.480596],[54.439238,59.478433],[54.489974,59.482915],[54.494215,59.486848],[54.499858,59.483462],[54.501882,59.486579],[54.509835,59.485648],[54.515249,59.492552],[54.547769,59.502051],[54.557142,59.502125],[54.553771,59.49947],[54.558141,59.498566],[54.565035,59.510296],[54.605558,59.518146],[54.61564,59.52755],[54.634768,59.528847],[54.636933,59.532929],[54.658988,59.540024],[54.660052,59.544595],[54.694064,59.546579],[54.705934,59.55439],[54.706227,59.558716],[54.718935,59.562095],[54.724515,59.557361],[54.796448,59.558565],[54.796727,59.569168],[54.811189,59.573756],[54.819773,59.580883],[54.815526,59.590276],[54.819428,59.592589],[54.819059,59.597009],[54.822778,59.597328],[54.820507,59.59899],[54.84202,59.597262],[54.860006,59.601079],[54.857945,59.591066],[54.870791,59.587609],[54.872762,59.589037],[54.868619,59.593456],[54.866084,59.608248],[54.860969,59.610769],[54.863156,59.619401],[54.856434,59.627283],[54.877171,59.640183],[54.910895,59.63586],[54.936405,59.670729],[54.930426,59.677822],[54.934236,59.681048],[54.929253,59.691919],[54.941156,59.698213],[54.954832,59.700587],[54.95581,59.703114],[54.953517,59.705379],[54.919272,59.704869],[54.905493,59.699163],[54.901403,59.694553],[54.896662,59.666603],[54.859992,59.670226],[54.852092,59.65028],[54.776001,59.659175],[54.807823,59.681878],[54.797317,59.688241],[54.777574,59.689235],[54.754451,59.682175],[54.765091,59.715245],[54.639451,59.723521],[54.635199,59.728375],[54.624195,59.732274],[54.618004,59.739994],[54.625625,59.764154],[54.588636,59.767486],[54.592716,59.785267],[54.516776,59.791883],[54.521039,59.807689],[54.492993,59.808843],[54.498112,59.811182],[54.497819,59.814994],[54.505107,59.820766],[54.508869,59.834647],[54.499668,59.840713],[54.487152,59.835466],[54.477806,59.836229],[54.483032,59.850382],[54.462975,59.853396],[54.448502,59.880647],[54.429513,59.882008],[54.429941,59.909436],[54.418539,59.908469],[54.403484,59.92235],[54.408944,59.923493],[54.423969,59.916793],[54.438103,59.919829],[54.459607,59.919526],[54.468289,59.927166],[54.461958,59.932262],[54.463243,59.933907],[54.489157,59.93895],[54.491584,59.937948],[54.487658,59.933478],[54.495939,59.919992],[54.50094,59.919024],[54.506944,59.912627],[54.501552,59.906238],[54.509052,59.901803],[54.508637,59.896971],[54.531146,59.898619],[54.524061,59.992913],[54.520817,60.004075],[54.511561,60.007926],[54.467583,60.002847],[54.449692,60.007735],[54.425081,60.006871],[54.38809,59.993845],[54.371008,60.006663],[54.363077,60.006858],[54.363707,60.009877],[54.336362,59.997734],[54.339541,59.993732],[54.324084,59.985317],[54.318262,59.988285],[54.305736,59.983567],[54.290548,59.991385],[54.286601,59.989748],[54.289258,59.988037],[54.26574,59.984933],[54.255225,59.978528],[54.242464,59.980747],[54.242213,59.982861],[54.234669,59.981743],[54.234934,59.97847],[54.220264,59.978524],[54.214877,59.982793],[54.209716,59.978739],[54.198769,59.980916],[54.191168,59.978237],[54.193553,59.976569],[54.190708,59.975369],[54.185743,59.977483],[54.174842,59.973652],[54.167002,59.977136],[54.15435,59.977212],[54.152594,59.974246],[54.14217,59.9717],[54.137664,59.972495],[54.138522,59.974617],[54.12513,59.973304],[54.124439,59.970511],[54.120258,59.971419],[54.116935,59.968364],[54.112931,59.970624],[54.093701,59.970017],[54.078938,59.975978],[54.058763,59.973024],[54.048983,59.975811],[54.040421,59.971684],[54.010377,59.978313],[54.006332,59.981229],[54.009735,59.983183],[54.000009,59.98426],[53.980992,59.979796],[53.964681,59.979576],[53.951837,59.984345],[53.945491,59.981509],[53.939007,59.984297],[53.926801,59.978245],[53.905273,59.983026],[53.904681,59.980426],[53.901338,59.982863],[53.885303,59.981881],[53.882532,59.985473],[53.870117,59.98237],[53.853764,59.987871],[53.826304,59.988118],[53.819861,59.990064],[53.817696,59.996205],[53.799164,60.002485],[53.756916,60.006599],[53.729163,59.993592],[53.698026,59.994532],[53.682908,59.991067],[53.631496,59.747157]]]}},{"type":"Feature","id":"115135-1790","properties":{"id":"115135-1790","name":"Косинский муниципальный округ","name_ru":"Косинский муниципальный округ","subject_id":"115135","subject_name":"Пермский край","source_gid":1790,"source_fid":1900,"names_rosstat":"Косинский муниципальный округ","population":5424,"area_km2":3496.695736601068,"density_km2":1.5511787151582,"source":"Актуализированный объединённый GeoJSON, предоставленный преподавателем","name_en":"Kosinskii Municipal Okrug","name_zh":"Kosinskii市政专区","subject_name_en":"Perm Krai","subject_name_zh":"彼尔姆边疆区"},"geometry":{"type":"Polygon","coordinates":[[[54.403484,59.92235],[54.418539,59.908469],[54.429941,59.909436],[54.429513,59.882008],[54.448502,59.880647],[54.462975,59.853396],[54.483032,59.850382],[54.477806,59.836229],[54.487152,59.835466],[54.499668,59.840713],[54.508869,59.834647],[54.505107,59.820766],[54.497819,59.814994],[54.498112,59.811182],[54.492993,59.808843],[54.521039,59.807689],[54.516776,59.791883],[54.592716,59.785267],[54.588636,59.767486],[54.625625,59.764154],[54.618004,59.739994],[54.624195,59.732274],[54.635199,59.728375],[54.639451,59.723521],[54.765091,59.715245],[54.754451,59.682175],[54.777574,59.689235],[54.797317,59.688241],[54.807823,59.681878],[54.776001,59.659175],[54.852092,59.65028],[54.859992,59.670226],[54.896662,59.666603],[54.901403,59.694553],[54.905493,59.699163],[54.919272,59.704869],[54.953517,59.705379],[54.954832,59.700587],[54.941156,59.698213],[54.929253,59.691919],[54.934236,59.681048],[54.930426,59.677822],[54.936405,59.670729],[54.910895,59.63586],[54.877171,59.640183],[54.856434,59.627283],[54.863156,59.619401],[54.860969,59.610769],[55.042658,59.590246],[55.028281,59.557309],[55.099703,59.549844],[55.082249,59.507027],[55.157518,59.497717],[55.142188,59.459494],[55.243294,59.446276],[55.409573,59.537627],[55.449217,59.621457],[55.373266,59.627957],[55.430298,59.756172],[55.355868,59.763959],[55.384492,59.833523],[55.347867,59.837764],[55.398957,59.948455],[55.442128,59.929672],[55.478423,59.930416],[55.479882,59.936391],[55.467124,59.965584],[55.402867,59.95932],[55.416317,59.98704],[55.56542,59.961426],[55.6333,60.079859],[55.412209,60.101524],[55.364441,60.238572],[55.356174,60.239934],[55.314124,60.227568],[55.306042,60.231051],[55.294438,60.231278],[55.274842,60.221497],[55.233097,60.209021],[55.18884,60.213163],[55.174671,60.207223],[55.165754,60.19727],[55.135703,60.19174],[55.120232,60.177209],[55.108666,60.174883],[55.098367,60.17691],[55.095963,60.181819],[55.116777,60.191953],[55.1098,60.198919],[55.095814,60.204692],[55.075339,60.230312],[55.075088,60.237906],[55.072101,60.239846],[55.075809,60.247301],[55.073532,60.24798],[55.085122,60.261007],[55.075089,60.267928],[55.06359,60.266692],[55.05241,60.257118],[55.05201,60.251205],[55.033051,60.244766],[55.026242,60.231546],[55.0191,60.227357],[55.019681,60.224155],[55.000348,60.223916],[54.962368,60.229372],[54.894948,60.226026],[54.891987,60.227049],[54.890614,60.235295],[54.885507,60.236829],[54.843474,60.227936],[54.763339,60.221397],[54.767119,60.228429],[54.762394,60.233333],[54.755149,60.234809],[54.736828,60.230996],[54.719027,60.234105],[54.719897,60.230281],[54.692938,60.231822],[54.672407,60.224505],[54.651452,60.225405],[54.634255,60.233979],[54.619151,60.233535],[54.621201,60.226753],[54.698059,60.218444],[54.694693,60.206954],[54.658045,60.208283],[54.656982,60.201339],[54.700517,60.193563],[54.694881,60.178408],[54.619487,60.185572],[54.617118,60.171689],[54.63107,60.163061],[54.606722,60.158051],[54.577292,60.162132],[54.580437,60.169997],[54.568598,60.179504],[54.547415,60.178221],[54.514833,60.033513],[54.567208,60.026679],[54.564994,60.01767],[54.588747,60.010251],[54.60506,59.997579],[54.595199,59.994858],[54.569688,60.004065],[54.55496,60.001215],[54.554167,59.997855],[54.541928,59.996885],[54.520817,60.004075],[54.524061,59.992913],[54.531146,59.898619],[54.508637,59.896971],[54.509052,59.901803],[54.501552,59.906238],[54.506944,59.912627],[54.50094,59.919024],[54.495939,59.919992],[54.487658,59.933478],[54.491584,59.937948],[54.489157,59.93895],[54.463243,59.933907],[54.461958,59.932262],[54.468289,59.927166],[54.459607,59.919526],[54.438103,59.919829],[54.423969,59.916793],[54.408944,59.923493],[54.403484,59.92235]]]}},{"type":"Feature","id":"115135-1791","properties":{"id":"115135-1791","name":"Гайнский муниципальный округ","name_ru":"Гайнский муниципальный округ","subject_id":"115135","subject_name":"Пермский край","source_gid":1791,"source_fid":1901,"names_rosstat":"Гайнский муниципальный округ","population":11447,"area_km2":14986.729407200879,"density_km2":0.7638090799517541,"source":"Актуализированный объединённый GeoJSON, предоставленный преподавателем","name_en":"Gainskii Municipal Okrug","name_zh":"Gainskii市政专区","subject_name_en":"Perm Krai","subject_name_zh":"彼尔姆边疆区"},"geometry":{"type":"Polygon","coordinates":[[[51.772377,60.580038],[51.833505,60.726086],[51.892312,60.881543],[52.361145,60.830191],[52.431433,60.976416],[52.806464,60.937746],[52.870744,61.090149],[53.413588,61.033485],[53.398251,61.000389],[53.355153,60.882661],[53.813824,60.831604],[53.875831,60.982651],[54.976851,60.859908],[54.989682,60.883665],[55.168056,60.862904],[55.125074,60.778243],[55.097623,60.766451],[55.097597,60.718775],[55.100924,60.718103],[55.078583,60.670828],[55.082246,60.668936],[55.055057,60.55992],[55.067936,60.558051],[55.057968,60.510654],[55.043057,60.485589],[55.042387,60.475666],[55.014944,60.41573],[55.242666,60.385773],[55.171662,60.247051],[55.1561,60.204881],[55.168322,60.199575],[55.161517,60.195633],[55.135703,60.19174],[55.123773,60.179471],[55.114975,60.175523],[55.102916,60.175288],[55.095963,60.179151],[55.097809,60.183974],[55.113838,60.188615],[55.116777,60.191953],[55.1098,60.198919],[55.095814,60.204692],[55.075339,60.230312],[55.075088,60.237906],[55.072101,60.239846],[55.075809,60.247301],[55.073532,60.24798],[55.085122,60.261007],[55.075089,60.267928],[55.06359,60.266692],[55.05241,60.257118],[55.05201,60.251205],[55.033051,60.244766],[55.026242,60.231546],[55.0191,60.227357],[55.019681,60.224155],[55.000348,60.223916],[54.962368,60.229372],[54.894948,60.226026],[54.891987,60.227049],[54.890614,60.235295],[54.885507,60.236829],[54.843474,60.227936],[54.763339,60.221397],[54.767119,60.228429],[54.762394,60.233333],[54.755149,60.234809],[54.736828,60.230996],[54.719027,60.234105],[54.719897,60.230281],[54.692938,60.231822],[54.672407,60.224505],[54.651452,60.225405],[54.634255,60.233979],[54.619151,60.233535],[54.621201,60.226753],[54.698059,60.218444],[54.694693,60.206954],[54.658045,60.208283],[54.656982,60.201339],[54.700517,60.193563],[54.694881,60.178408],[54.619487,60.185572],[54.617118,60.171689],[54.63107,60.163061],[54.606722,60.158051],[54.577292,60.162132],[54.580437,60.169997],[54.568598,60.179504],[54.547415,60.178221],[54.514833,60.033513],[54.567208,60.026679],[54.564994,60.01767],[54.588747,60.010251],[54.60506,59.997579],[54.595199,59.994858],[54.569688,60.004065],[54.55496,60.001215],[54.554167,59.997855],[54.541928,59.996885],[54.511561,60.007926],[54.467583,60.002847],[54.439175,60.007882],[54.425081,60.006871],[54.38809,59.993845],[54.371008,60.006663],[54.363077,60.006858],[54.363707,60.009877],[54.336362,59.997734],[54.339541,59.993732],[54.324084,59.985317],[54.318262,59.988285],[54.305736,59.983567],[54.290548,59.991385],[54.286601,59.989748],[54.289258,59.988037],[54.26574,59.984933],[54.255225,59.978528],[54.242464,59.980747],[54.242213,59.982861],[54.234669,59.981743],[54.234934,59.97847],[54.220264,59.978524],[54.214877,59.982793],[54.209716,59.978739],[54.198769,59.980916],[54.191168,59.978237],[54.193553,59.976569],[54.190708,59.975369],[54.185743,59.977483],[54.174842,59.973652],[54.167002,59.977136],[54.15435,59.977212],[54.152594,59.974246],[54.14217,59.9717],[54.137664,59.972495],[54.138522,59.974617],[54.12513,59.973304],[54.124439,59.970511],[54.120258,59.971419],[54.116935,59.968364],[54.112931,59.970624],[54.093701,59.970017],[54.078938,59.975978],[54.058763,59.973024],[54.048983,59.975811],[54.040421,59.971684],[54.010377,59.978313],[54.006332,59.981229],[54.009735,59.983183],[54.000009,59.98426],[53.980992,59.979796],[53.964681,59.979576],[53.951837,59.984345],[53.945491,59.981509],[53.939007,59.984297],[53.926801,59.978245],[53.905273,59.983026],[53.904681,59.980426],[53.901338,59.982863],[53.885303,59.981881],[53.882532,59.985473],[53.870117,59.98237],[53.853764,59.987871],[53.826304,59.988118],[53.819861,59.990064],[53.817696,59.996205],[53.799164,60.002485],[53.756916,60.006599],[53.729163,59.993592],[53.698026,59.994532],[53.682908,59.991067],[53.686566,60.009277],[53.628103,60.112095],[53.578392,60.145335],[53.563428,60.15953],[53.485884,60.189698],[53.475592,60.205732],[53.46059,60.215773],[53.43759,60.224351],[53.421442,60.225953],[53.372461,60.156718],[53.069564,60.15115],[52.92727,60.153197],[52.442615,60.186602],[52.317417,60.227461],[52.363157,60.34559],[52.370807,60.357173],[52.333858,60.361323],[52.330348,60.374317],[52.352251,60.437479],[52.123716,60.464581],[52.152814,60.541242],[51.772377,60.580038]],[[51.9769,60.635915],[51.985749,60.624406],[52.001728,60.628099],[51.993091,60.631154],[51.992548,60.634196],[51.995609,60.635272],[51.991225,60.639378],[51.978523,60.639046],[51.9769,60.635915]],[[52.016529,60.733804],[52.034831,60.7302],[52.03283,60.72624],[52.04486,60.719428],[52.060439,60.717763],[52.051253,60.734045],[52.014576,60.737541],[52.016529,60.733804]],[[52.358533,60.792904],[52.369722,60.794148],[52.369148,60.789752],[52.374416,60.7888],[52.379923,60.799439],[52.375988,60.800393],[52.378514,60.806361],[52.361383,60.805978],[52.363128,60.802629],[52.36094,60.799777],[52.369437,60.796136],[52.358533,60.792904]]]}},{"type":"Feature","id":"115135-1878","properties":{"id":"115135-1878","name":"Александровский муниципальный округ","name_ru":"Александровский муниципальный округ","subject_id":"115135","subject_name":"Пермский край","source_gid":1878,"source_fid":1988,"names_rosstat":"Александровский муниципальный округ","population":22237,"area_km2":5571.5582882829185,"density_km2":3.9911634859433827,"source":"Актуализированный объединённый GeoJSON, предоставленный преподавателем","name_en":"Aleksandrovskii Municipal Okrug","name_zh":"Aleksandrovskii市政专区","subject_name_en":"Perm Krai","subject_name_zh":"彼尔姆边疆区"},"geometry":{"type":"Polygon","coordinates":[[[56.922772,59.025437],[56.93983,59.020254],[56.956533,59.025468],[56.967955,59.038502],[56.975315,59.039721],[57.001945,59.038111],[57.00506,59.034642],[57.014582,59.034462],[57.013698,59.024095],[57.055943,59.035427],[57.07621,59.029887],[57.086598,59.033664],[57.09075,59.041059],[57.089038,59.048127],[57.111091,59.046221],[57.098792,59.026707],[57.052068,58.990021],[57.05056,58.981019],[57.056683,58.969552],[57.054775,58.966932],[57.018201,58.951926],[57.02036,58.938102],[57.057132,58.917179],[57.073997,58.899324],[57.13494,58.89693],[57.196176,58.918235],[57.207891,58.928752],[57.231392,58.93874],[57.277781,58.942705],[57.290966,58.938678],[57.301783,58.943851],[57.302492,58.948147],[57.297002,58.950531],[57.304391,58.969752],[57.321724,58.973433],[57.331581,59.023832],[57.450714,59.013819],[57.458894,59.032192],[57.498155,59.040656],[57.533564,59.038651],[57.549346,59.06926],[57.53345,59.073157],[57.521226,59.087173],[57.533822,59.102838],[57.558491,59.099666],[57.563369,59.122959],[57.622725,59.122924],[57.625854,59.139246],[57.786364,59.12025],[57.785325,59.115802],[57.852891,59.113753],[57.962583,59.114082],[58.005782,59.123215],[58.129302,59.132249],[58.185492,59.271143],[58.550853,59.230429],[58.562276,59.264094],[58.666,59.251602],[58.674603,59.272238],[58.625237,59.298304],[58.601337,59.346407],[58.541384,59.405027],[58.5236,59.434614],[58.456692,59.456818],[58.46007,59.460572],[58.458516,59.463701],[58.442568,59.463215],[58.367521,59.47289],[58.455029,59.654079],[58.462251,59.67557],[58.466194,59.676417],[58.480318,59.711921],[58.503593,59.71065],[58.601808,59.693865],[58.640824,59.757816],[58.694722,59.85716],[58.449648,59.879175],[58.426889,59.836316],[58.350224,59.844426],[58.330168,59.805169],[57.951071,59.846045],[57.931843,59.809376],[57.856756,59.821677],[57.779664,59.829783],[57.762889,59.792328],[57.688191,59.800403],[57.648558,59.71251],[57.664086,59.709737],[57.640368,59.66233],[57.622015,59.652241],[57.603881,59.611911],[57.523761,59.62129],[57.510274,59.585933],[57.404754,59.598301],[57.377035,59.535945],[57.369278,59.535926],[57.361769,59.529448],[57.350789,59.529601],[57.315341,59.519696],[57.245157,59.510872],[57.231398,59.501999],[57.231797,59.49866],[57.22384,59.496798],[57.227497,59.491277],[57.194803,59.491676],[57.198981,59.488948],[57.194716,59.486606],[57.210977,59.478882],[57.215652,59.471342],[57.199808,59.447349],[57.187013,59.443175],[57.181768,59.437244],[57.183075,59.41428],[57.16366,59.403331],[57.169614,59.38998],[57.226287,59.363626],[57.212623,59.358965],[57.208343,59.365955],[57.199491,59.36943],[57.189783,59.363449],[57.187541,59.351772],[57.162889,59.351938],[57.147741,59.343516],[57.148544,59.336042],[57.123551,59.333722],[57.123215,59.325831],[57.13093,59.321],[57.124227,59.301647],[57.101961,59.287134],[57.086131,59.28433],[57.088795,59.277405],[57.138878,59.26138],[57.147783,59.266941],[57.169738,59.269354],[57.164309,59.265839],[57.165124,59.262821],[57.178142,59.262227],[57.184355,59.257225],[57.170157,59.253417],[57.171447,59.249817],[57.178632,59.246775],[57.166413,59.239097],[57.140607,59.233258],[57.141864,59.220789],[57.117825,59.212117],[57.102655,59.211636],[57.104603,59.206119],[57.09912,59.203228],[57.083455,59.201617],[57.071392,59.178542],[57.074458,59.173752],[57.107726,59.171164],[57.125482,59.163494],[57.128897,59.16064],[57.126578,59.155997],[57.111862,59.153702],[57.08591,59.155857],[57.055082,59.151461],[57.037696,59.137084],[57.038546,59.126456],[57.053588,59.118248],[57.050657,59.114726],[57.031065,59.116865],[57.029589,59.113297],[57.013366,59.104162],[56.972102,59.106892],[56.960814,59.096803],[56.955823,59.086041],[56.957385,59.071829],[56.953938,59.064114],[56.938785,59.052217],[56.938733,59.047689],[56.934367,59.047537],[56.922772,59.025437]]]}},{"type":"Feature","id":"115135-1950","properties":{"id":"115135-1950","name":"Соликамский муниципальный округ","name_ru":"Соликамский муниципальный округ","subject_id":"115135","subject_name":"Пермский край","source_gid":1950,"source_fid":2060,"names_rosstat":"Соликамский муниципальный округ","population":99400,"area_km2":5634.853199847551,"density_km2":17.64021110659799,"source":"Актуализированный объединённый GeoJSON, предоставленный преподавателем","name_en":"Solikamskii Municipal Okrug","name_zh":"Solikamskii市政专区","subject_name_en":"Perm Krai","subject_name_zh":"彼尔姆边疆区"},"geometry":{"type":"Polygon","coordinates":[[[55.347867,59.837764],[55.384492,59.833523],[55.355868,59.763959],[55.430298,59.756172],[55.414375,59.722828],[55.489064,59.709708],[55.677928,59.685151],[55.709112,59.730371],[55.800097,59.719618],[55.829976,59.711306],[55.84284,59.714096],[55.90561,59.703476],[55.901454,59.722177],[55.904479,59.728551],[55.944571,59.727728],[55.937696,59.739377],[55.947555,59.744218],[55.965506,59.734229],[55.988742,59.737841],[56.00411,59.731444],[56.008226,59.711662],[56.032382,59.708918],[56.021729,59.702847],[56.024308,59.700639],[56.048497,59.70702],[56.053497,59.714071],[56.074836,59.714925],[56.08655,59.710766],[56.088064,59.7146],[56.114164,59.714175],[56.118088,59.729012],[56.14315,59.742812],[56.168801,59.741309],[56.196667,59.72366],[56.200049,59.717631],[56.185818,59.708739],[56.174575,59.713495],[56.168317,59.709524],[56.172443,59.70761],[56.161716,59.695369],[56.149903,59.69658],[56.143037,59.684638],[56.154096,59.676753],[56.180474,59.681185],[56.18894,59.668085],[56.271233,59.6651],[56.268485,59.650884],[56.226936,59.657512],[56.226813,59.647965],[56.22148,59.64319],[56.236617,59.633505],[56.262932,59.623449],[56.267996,59.627099],[56.288745,59.620134],[56.30487,59.620274],[56.304681,59.616291],[56.322565,59.613804],[56.329979,59.607307],[56.32691,59.600083],[56.340151,59.604119],[56.341904,59.617391],[56.372721,59.626035],[56.374772,59.624768],[56.366094,59.621025],[56.381978,59.617238],[56.375549,59.597891],[56.426615,59.592984],[56.433175,59.607088],[56.48564,59.602759],[56.490211,59.618612],[56.535687,59.614952],[56.548173,59.618592],[56.54441,59.604895],[56.546597,59.602386],[56.49569,59.601673],[56.488741,59.584665],[56.525174,59.578228],[56.574141,59.59962],[56.603335,59.595705],[56.643024,59.602979],[56.649595,59.594419],[56.662338,59.592683],[56.663499,59.584217],[56.658814,59.565367],[56.671303,59.562496],[56.682516,59.565084],[56.670968,59.539762],[56.664792,59.536265],[56.684306,59.531646],[56.684343,59.526739],[56.703029,59.538059],[56.700374,59.527255],[56.704176,59.518803],[56.88455,59.500626],[56.886816,59.507491],[56.90222,59.510963],[56.91812,59.498429],[56.915279,59.493629],[56.946584,59.509385],[56.958007,59.508609],[56.956887,59.493234],[56.954408,59.492425],[56.957076,59.492117],[56.997486,59.500768],[57.044649,59.498596],[57.077331,59.501458],[57.080322,59.495615],[57.106865,59.498175],[57.133533,59.495581],[57.179068,59.503238],[57.182241,59.500428],[57.176972,59.49946],[57.179876,59.49204],[57.227497,59.491277],[57.22384,59.496798],[57.231797,59.49866],[57.231398,59.501999],[57.245157,59.510872],[57.315341,59.519696],[57.350789,59.529601],[57.361769,59.529448],[57.369278,59.535926],[57.377035,59.535945],[57.404754,59.598301],[57.510274,59.585933],[57.523761,59.62129],[57.603881,59.611911],[57.622015,59.652241],[57.640368,59.66233],[57.664086,59.709737],[57.648558,59.71251],[57.688191,59.800403],[57.762889,59.792328],[57.779664,59.829783],[57.856756,59.821677],[57.89896,59.933961],[57.927022,59.993668],[57.754267,60.012966],[57.734044,60.018175],[57.734362,60.022165],[57.695511,60.009212],[57.677537,60.009304],[57.674737,60.005295],[57.677163,59.999967],[57.670239,59.995457],[57.62877,60.000025],[57.613695,59.96209],[57.518829,59.970499],[57.399072,59.955761],[57.299135,59.93199],[56.986752,59.966048],[57.041402,60.078676],[56.654516,60.121933],[56.658166,60.130407],[56.628865,60.133446],[56.604964,60.1461],[56.605419,60.161781],[56.581049,60.162363],[56.569579,60.152401],[56.552731,60.149861],[56.526435,60.151173],[56.515206,60.153925],[56.509531,60.159312],[56.508941,60.170351],[56.500201,60.1695],[56.472259,60.184995],[56.461528,60.183105],[56.429861,60.14521],[56.424651,60.098619],[56.415869,60.079417],[56.422418,60.039376],[56.412445,59.975666],[56.429414,59.946938],[56.439817,59.907352],[56.432835,59.905642],[56.390301,59.919536],[56.385722,59.915071],[56.38628,59.90754],[56.403764,59.904687],[56.408639,59.892439],[56.380062,59.857966],[56.324426,59.865915],[56.30649,59.856544],[56.29837,59.857634],[56.294226,59.850484],[56.279146,59.846011],[56.276064,59.842535],[56.251303,59.842658],[56.249974,59.851842],[56.167515,59.857894],[56.136062,59.858742],[56.123686,59.855991],[56.108739,59.859233],[56.110141,59.862472],[56.031029,59.870284],[56.055098,59.926273],[56.010067,59.932192],[56.03279,59.969381],[55.949875,59.978577],[55.976041,59.970903],[55.969309,59.963178],[55.917427,59.973028],[55.917455,59.977479],[55.926273,59.988425],[55.901742,59.990847],[55.888672,59.981796],[55.888591,59.978012],[55.870513,59.975418],[55.866105,59.985559],[55.81338,59.989854],[55.788643,59.982276],[55.795426,59.975557],[55.783661,59.970606],[55.765103,59.980971],[55.776331,59.992729],[55.77093,59.998278],[55.771846,60.000601],[55.601227,60.020798],[55.56542,59.961426],[55.416317,59.98704],[55.402867,59.95932],[55.467124,59.965584],[55.479882,59.936391],[55.478423,59.930416],[55.442128,59.929672],[55.398957,59.948455],[55.347867,59.837764]]]}},{"type":"Feature","id":"115135-2112","properties":{"id":"115135-2112","name":"Чердынский муниципальный округ","name_ru":"Чердынский муниципальный округ","subject_id":"115135","subject_name":"Пермский край","source_gid":2112,"source_fid":2222,"names_rosstat":"Чердынский муниципальный округ","population":14437,"area_km2":21081.296314467432,"density_km2":0.684825059362803,"source":"Актуализированный объединённый GeoJSON, предоставленный преподавателем","name_en":"Cherdynskii Municipal Okrug","name_zh":"Cherdynskii市政专区","subject_name_en":"Perm Krai","subject_name_zh":"彼尔姆边疆区"},"geometry":{"type":"Polygon","coordinates":[[[54.989682,60.883665],[55.168056,60.862904],[55.125074,60.778243],[55.097623,60.766451],[55.097597,60.718775],[55.100924,60.718103],[55.078583,60.670828],[55.082246,60.668936],[55.055057,60.55992],[55.067936,60.558051],[55.057968,60.510654],[55.043057,60.485589],[55.042387,60.475666],[55.014944,60.41573],[55.242666,60.385773],[55.171662,60.247051],[55.1561,60.204881],[55.168322,60.199575],[55.174671,60.207223],[55.18884,60.213163],[55.233097,60.209021],[55.274842,60.221497],[55.294438,60.231278],[55.306042,60.231051],[55.314124,60.227568],[55.356174,60.239934],[55.364441,60.238572],[55.412209,60.101524],[55.6333,60.079859],[55.601227,60.020798],[55.771846,60.000601],[55.77093,59.998278],[55.776331,59.992729],[55.765103,59.980971],[55.783661,59.970606],[55.795426,59.975557],[55.788643,59.982276],[55.81338,59.989854],[55.866105,59.985559],[55.870513,59.975418],[55.888591,59.978012],[55.888672,59.981796],[55.901742,59.990847],[55.926273,59.988425],[55.917455,59.977479],[55.917427,59.973028],[55.969309,59.963178],[55.976041,59.970903],[55.949875,59.978577],[56.03279,59.969381],[56.010067,59.932192],[56.055098,59.926273],[56.031029,59.870284],[56.110141,59.862472],[56.108739,59.859233],[56.123686,59.855991],[56.136062,59.858742],[56.167515,59.857894],[56.249974,59.851842],[56.251303,59.842658],[56.276064,59.842535],[56.279146,59.846011],[56.294226,59.850484],[56.29837,59.857634],[56.30649,59.856544],[56.324426,59.865915],[56.380062,59.857966],[56.408639,59.892439],[56.403764,59.904687],[56.38628,59.90754],[56.385722,59.915071],[56.390301,59.919536],[56.432835,59.905642],[56.439817,59.907352],[56.429414,59.946938],[56.412445,59.975666],[56.422418,60.039376],[56.415869,60.079417],[56.424651,60.098619],[56.429861,60.14521],[56.461528,60.183105],[56.472259,60.184995],[56.500201,60.1695],[56.508941,60.170351],[56.508673,60.183227],[56.528051,60.193501],[56.565003,60.223182],[56.561312,60.229017],[56.51475,60.251643],[56.50046,60.273673],[56.495397,60.297477],[56.505277,60.294118],[56.572105,60.308086],[56.581032,60.314958],[56.587794,60.314118],[56.596458,60.31765],[56.60007,60.322563],[56.624943,60.314709],[56.681705,60.326891],[56.675883,60.335798],[56.67939,60.338706],[56.668568,60.347522],[56.696967,60.354613],[56.680568,60.363574],[56.636558,60.369438],[56.62364,60.382588],[56.633778,60.388601],[56.654614,60.386237],[56.662881,60.389581],[56.663148,60.397428],[56.674124,60.403384],[56.674517,60.408028],[56.680926,60.412215],[56.705861,60.415731],[56.766112,60.406951],[56.786287,60.413501],[56.808814,60.404637],[56.832247,60.407567],[56.834773,60.405108],[56.82354,60.402838],[56.852713,60.397605],[56.896102,60.434273],[56.91034,60.472732],[56.859899,60.487661],[56.837092,60.498392],[56.828279,60.506298],[56.827949,60.512522],[56.834195,60.515745],[56.828095,60.523462],[56.814474,60.526674],[56.828442,60.535195],[56.865726,60.543382],[56.870329,60.530597],[56.885891,60.540535],[56.885666,60.544131],[56.905731,60.54956],[56.953913,60.54452],[56.976919,60.582476],[57.016829,60.577229],[57.025751,60.595159],[57.060583,60.591531],[57.068722,60.60946],[57.145256,60.602121],[57.172591,60.660238],[57.201717,60.655794],[57.226277,60.706548],[57.269695,60.701249],[57.297567,60.778132],[57.488703,60.75843],[57.481255,60.741483],[57.517024,60.738127],[57.509366,60.719032],[57.547568,60.716057],[57.539968,60.698158],[57.730164,60.675673],[57.738772,60.694752],[57.814229,60.687871],[57.828721,60.720062],[58.238908,60.640695],[58.26119,60.655611],[58.354607,60.669543],[58.392459,60.75929],[58.46624,60.751229],[58.488429,60.805562],[58.543755,60.800625],[58.552804,60.781951],[58.588082,60.796235],[58.571038,60.798204],[58.588775,60.815373],[58.608277,60.813788],[58.632209,60.869124],[58.668039,60.865618],[58.693846,60.955075],[58.679739,60.956669],[58.6753,60.965109],[58.670933,60.965038],[58.658323,61.027215],[58.657465,61.064926],[58.666981,61.083655],[58.711389,61.096116],[58.702124,61.118803],[58.672509,61.141708],[58.664719,61.142473],[58.653746,61.162012],[58.618752,61.164547],[58.619268,61.336809],[58.659144,61.336142],[58.658986,61.418993],[58.699453,61.418967],[58.700249,61.496242],[57.092687,61.50185],[57.080551,61.475297],[56.653124,61.5243],[56.637194,61.492589],[56.639471,61.488492],[56.597365,61.492892],[56.566341,61.418999],[56.37827,61.443122],[56.322895,61.332511],[56.311972,61.301255],[56.326083,61.291241],[56.274501,61.191858],[55.813087,61.246778],[55.731499,61.095603],[55.275878,61.148713],[55.199961,60.991563],[55.05005,61.009161],[54.989682,60.883665]]]}}],"metadata":{"source_en":"Updated consolidated GeoJSON supplied by the instructor","source_zh":"教师提供的更新版合并GeoJSON","license_en":"Source-dataset terms were not specified; use within the author-created educational platform","license_zh":"原始数据集未注明许可条款；仅用于本作者教育平台"}}