{"type":"FeatureCollection","features":[{"type":"Feature","id":"108081-29","properties":{"id":"108081-29","name":"Нефтекумский муниципальный округ","name_ru":"Нефтекумский муниципальный округ","subject_id":"108081","subject_name":"Ставропольский край","source_gid":29,"source_fid":29,"names_rosstat":"Нефтекумский муниципальный округ","population":59646,"area_km2":3790.474886253233,"density_km2":15.735759183187263,"source":"Актуализированный объединённый GeoJSON, предоставленный преподавателем","name_en":"Neftekumskii Municipal Okrug","name_zh":"Neftekumskii市政专区","subject_name_en":"Stavropol Krai","subject_name_zh":"斯塔夫罗波尔边疆区"},"geometry":{"type":"Polygon","coordinates":[[[45.256489,44.525787],[45.266544,44.51445],[45.262037,44.502307],[45.242669,44.503523],[45.227258,44.50725],[45.225406,44.467069],[45.298822,44.461982],[45.352005,44.461984],[45.367535,44.452264],[45.385688,44.450562],[45.394855,44.433879],[45.428468,44.424968],[45.425904,44.394064],[45.37151,44.290144],[45.217672,44.270863],[45.216877,44.263939],[45.136672,44.253797],[45.138851,44.258296],[45.036023,44.282361],[45.020533,44.248862],[44.914218,44.28783],[44.913598,44.286011],[44.909921,44.284721],[44.900074,44.283746],[44.851427,44.294459],[44.853723,44.3139],[44.895899,44.318066],[44.890335,44.359015],[44.876285,44.363417],[44.81245,44.370212],[44.797231,44.367654],[44.794262,44.382313],[44.669477,44.395934],[44.666457,44.405124],[44.629854,44.408934],[44.628127,44.400132],[44.612973,44.401666],[44.61193,44.397754],[44.575977,44.382551],[44.557618,44.405457],[44.607029,44.644331],[44.794155,44.623461],[44.842632,44.658659],[44.865473,44.679977],[44.901814,44.719515],[44.960915,44.75629],[44.966345,44.762859],[44.968103,44.773516],[44.952895,44.779957],[44.955209,44.788188],[44.959301,44.794697],[44.970011,44.798308],[44.974232,44.796262],[44.975268,44.792782],[44.980073,44.788087],[44.986605,44.785855],[44.998661,44.78387],[45.016255,44.784776],[45.023205,44.782463],[45.041556,44.797196],[45.050876,44.800999],[45.054879,44.80636],[45.056663,44.806523],[45.057129,44.810928],[45.061026,44.810622],[45.065648,44.814087],[45.079594,44.816744],[45.084656,44.824254],[45.088855,44.825653],[45.081149,44.829124],[45.077816,44.848689],[45.079156,44.855035],[45.07738,44.856659],[45.075397,44.855286],[45.074694,44.857656],[45.077106,44.863546],[45.083214,44.871415],[45.087118,44.880141],[45.099273,44.888625],[45.109197,44.892102],[45.123578,44.908387],[45.121181,44.912781],[45.130128,44.927977],[45.167644,44.927892],[45.199495,44.933926],[45.214271,44.942491],[45.231137,44.93999],[45.271644,44.949885],[45.276313,44.95738],[45.303458,44.963664],[45.322617,44.958798],[45.318213,44.971229],[45.323488,44.97462],[45.363675,44.975784],[45.372612,44.90146],[45.554166,44.904878],[45.556813,44.998955],[45.705116,44.977363],[45.613474,44.873985],[45.656609,44.797784],[45.55948,44.714396],[45.521916,44.679398],[45.497763,44.662426],[45.41233,44.594161],[45.384315,44.606814],[45.347507,44.602258],[45.342573,44.593583],[45.335132,44.596527],[45.313644,44.591911],[45.26072,44.589344],[45.24334,44.561013],[45.236678,44.555699],[45.256489,44.525787]]]}},{"type":"Feature","id":"108081-31","properties":{"id":"108081-31","name":"Советский муниципальный округ","name_ru":"Советский муниципальный округ","subject_id":"108081","subject_name":"Ставропольский край","source_gid":31,"source_fid":31,"names_rosstat":"Советский муниципальный округ","population":57360,"area_km2":2091.200950638064,"density_km2":27.429214768909894,"source":"Актуализированный объединённый GeoJSON, предоставленный преподавателем","name_en":"Sovetskii Municipal Okrug","name_zh":"Sovetskii市政专区","subject_name_en":"Stavropol Krai","subject_name_zh":"斯塔夫罗波尔边疆区"},"geometry":{"type":"Polygon","coordinates":[[[43.804036,44.139444],[43.733371,44.177541],[43.719218,44.163466],[43.693665,44.177155],[43.667496,44.182957],[43.664071,44.179226],[43.606767,44.21023],[43.607887,44.214821],[43.601362,44.224508],[43.602789,44.239729],[43.671055,44.236988],[43.68784,44.243944],[43.692293,44.250262],[43.700507,44.249238],[43.70834,44.252481],[43.703165,44.255789],[43.702821,44.25309],[43.696258,44.252272],[43.694942,44.253616],[43.706102,44.2677],[43.703502,44.27038],[43.695117,44.271053],[43.693595,44.341384],[43.656786,44.3669],[43.658091,44.389632],[43.667981,44.387545],[43.677898,44.403789],[43.643254,44.414833],[43.663776,44.44789],[43.606812,44.466483],[43.656928,44.54833],[43.634468,44.555517],[43.669699,44.61308],[43.73872,44.591361],[43.743466,44.599232],[43.978847,44.52519],[43.970533,44.520426],[43.995968,44.50723],[43.999257,44.512436],[44.008462,44.510937],[44.010352,44.508541],[44.021187,44.505596],[44.023032,44.507371],[44.022474,44.51187],[44.020165,44.513423],[44.034662,44.521846],[44.048798,44.514697],[44.050983,44.51691],[44.05966,44.512436],[44.079957,44.511645],[44.094099,44.508772],[44.108625,44.501073],[44.110887,44.503147],[44.249067,44.42805],[44.251554,44.414594],[44.26708,44.390481],[44.243909,44.382308],[44.276748,44.335085],[44.307558,44.344486],[44.336467,44.298612],[44.331445,44.295878],[44.335593,44.285161],[44.329112,44.27938],[44.321013,44.279471],[44.31166,44.283128],[44.288796,44.286172],[44.284681,44.284397],[44.283754,44.282846],[44.299011,44.271082],[44.298523,44.266717],[44.293109,44.262248],[44.293714,44.260762],[44.287231,44.257439],[44.27617,44.257584],[44.270086,44.254578],[44.247617,44.26269],[44.237142,44.261396],[44.206505,44.263049],[44.205345,44.259093],[44.210623,44.252442],[44.211258,44.247106],[44.206155,44.234531],[44.207428,44.153027],[44.055912,44.153203],[44.05501,44.148945],[44.036343,44.142487],[44.030384,44.129258],[44.036007,44.119014],[44.026283,44.114604],[44.020451,44.109011],[44.023085,44.103],[44.033225,44.097249],[44.034216,44.091997],[44.032709,44.085128],[44.028472,44.084689],[44.021847,44.080904],[44.022154,44.077719],[44.016582,44.075676],[44.016839,44.06872],[44.024516,44.058195],[44.007358,44.051644],[43.899083,44.110543],[43.914144,44.12496],[43.884263,44.141006],[43.889492,44.145945],[43.866549,44.154236],[43.864207,44.152032],[43.858996,44.154893],[43.852011,44.1481],[43.826576,44.161233],[43.804036,44.139444]]]}},{"type":"Feature","id":"108081-32","properties":{"id":"108081-32","name":"Новоселицкий муниципальный округ","name_ru":"Новоселицкий муниципальный округ","subject_id":"108081","subject_name":"Ставропольский край","source_gid":32,"source_fid":32,"names_rosstat":"Новоселицкий муниципальный округ","population":24280,"area_km2":1697.8506527764919,"density_km2":14.300433292112569,"source":"Актуализированный объединённый GeoJSON, предоставленный преподавателем","name_en":"Novoselitskii Municipal Okrug","name_zh":"Novoselitskii市政专区","subject_name_en":"Stavropol Krai","subject_name_zh":"斯塔夫罗波尔边疆区"},"geometry":{"type":"Polygon","coordinates":[[[43.333454,44.535598],[43.344112,44.552585],[43.321339,44.560216],[43.33262,44.578929],[43.321016,44.5826],[43.327398,44.59291],[43.315785,44.596616],[43.336037,44.629411],[43.319409,44.634782],[43.341277,44.65688],[43.325108,44.661834],[43.331065,44.671773],[43.167149,44.722812],[43.177053,44.739155],[43.134292,44.752731],[43.134119,44.759293],[43.122858,44.772996],[43.134531,44.776172],[43.136413,44.773318],[43.149588,44.777014],[43.150976,44.774653],[43.186932,44.783015],[43.219064,44.795708],[43.247186,44.801041],[43.24675,44.803326],[43.235949,44.807758],[43.20022,44.81036],[43.148795,44.793434],[43.132227,44.79397],[43.12059,44.813471],[43.100196,44.806241],[43.078032,44.837742],[43.078076,44.83896],[43.110428,44.850226],[43.115369,44.856389],[43.173215,44.904871],[43.186736,44.897114],[43.203933,44.912409],[43.194902,44.917671],[43.246838,44.963319],[43.365155,44.894571],[43.430368,44.949605],[43.646164,44.821433],[43.7012,44.868308],[43.707374,44.867999],[43.721281,44.862196],[43.722655,44.859749],[43.729547,44.865374],[43.797405,44.824937],[43.82206,44.845768],[43.875238,44.813758],[43.769936,44.723961],[43.801783,44.704816],[43.802282,44.684055],[43.799964,44.675644],[43.791804,44.677778],[43.73872,44.591361],[43.669699,44.61308],[43.634468,44.555517],[43.656928,44.54833],[43.635815,44.514003],[43.567642,44.536749],[43.577839,44.553464],[43.462847,44.590474],[43.418035,44.517126],[43.394697,44.523079],[43.387197,44.510327],[43.352278,44.521211],[43.356754,44.528101],[43.333454,44.535598]]]}},{"type":"Feature","id":"108081-330","properties":{"id":"108081-330","name":"Труновский муниципальный округ","name_ru":"Труновский муниципальный округ","subject_id":"108081","subject_name":"Ставропольский край","source_gid":330,"source_fid":404,"names_rosstat":"Труновский муниципальный округ","population":31809,"area_km2":1681.9200144761762,"density_km2":18.912314334939833,"source":"Актуализированный объединённый GeoJSON, предоставленный преподавателем","name_en":"Trunovskii Municipal Okrug","name_zh":"Trunovskii市政专区","subject_name_en":"Stavropol Krai","subject_name_zh":"斯塔夫罗波尔边疆区"},"geometry":{"type":"Polygon","coordinates":[[[41.738109,45.692806],[41.738649,45.600824],[41.749356,45.598455],[41.748709,45.596657],[41.751765,45.593401],[41.750559,45.590382],[41.767436,45.586199],[41.771987,45.583313],[41.77146,45.580873],[41.777045,45.57509],[41.780529,45.576606],[41.793462,45.573712],[41.81332,45.578629],[41.829108,45.580394],[41.830344,45.572587],[41.82734,45.569639],[41.827856,45.564488],[41.822244,45.56563],[41.82044,45.563859],[41.816164,45.563801],[41.817432,45.560846],[41.812289,45.559367],[41.816274,45.556683],[41.815545,45.554203],[41.808351,45.551067],[41.807378,45.547562],[41.801621,45.546752],[41.799881,45.540713],[41.797198,45.538436],[41.790412,45.539484],[41.791749,45.536286],[41.789347,45.534643],[41.789228,45.510553],[41.800469,45.510575],[41.799852,45.498759],[41.814359,45.492699],[41.817509,45.488932],[41.816191,45.488179],[41.824109,45.483173],[41.826998,45.47606],[41.85023,45.461019],[41.854836,45.450671],[41.844903,45.443878],[41.841532,45.437989],[41.843325,45.434544],[41.841908,45.432436],[41.845186,45.427745],[41.842461,45.418003],[41.849882,45.411357],[41.845344,45.403386],[41.846506,45.39793],[41.843148,45.396127],[41.83602,45.38719],[41.856856,45.387226],[41.861093,45.385411],[41.866233,45.387112],[41.867214,45.369239],[42.045292,45.369484],[42.045915,45.351282],[42.064477,45.351411],[42.071024,45.346875],[42.141899,45.346803],[42.145159,45.345033],[42.147907,45.345455],[42.147984,45.387332],[42.243014,45.387355],[42.243251,45.382415],[42.333277,45.384044],[42.332168,45.42004],[42.38313,45.420878],[42.378234,45.558293],[42.373121,45.5596],[42.372296,45.573634],[42.364526,45.578868],[42.361493,45.589691],[42.34664,45.597442],[42.345192,45.600278],[42.235305,45.598306],[42.234071,45.63936],[42.244097,45.638101],[42.244645,45.63974],[42.250729,45.639112],[42.250646,45.65005],[42.206165,45.65015],[42.195081,45.65269],[42.192528,45.651594],[42.18622,45.65375],[42.186641,45.666284],[42.14785,45.66634],[42.148042,45.661699],[42.142726,45.66202],[42.14193,45.670759],[42.122223,45.670748],[42.1222,45.711314],[42.173485,45.711222],[42.17346,45.729094],[42.183451,45.729012],[42.183649,45.747131],[42.173477,45.747236],[42.173526,45.765147],[42.199395,45.765195],[42.199359,45.802222],[42.122195,45.80248],[42.122304,45.792226],[42.086523,45.792351],[42.086535,45.801339],[42.032559,45.801343],[42.032673,45.819267],[41.993584,45.819421],[41.994784,45.778719],[41.997772,45.778666],[41.99815,45.752736],[41.987371,45.75027],[41.963152,45.756238],[41.934925,45.758428],[41.933667,45.754486],[41.930238,45.753001],[41.931016,45.749683],[41.917451,45.745494],[41.916284,45.739865],[41.904457,45.739863],[41.904567,45.729437],[41.878846,45.729273],[41.879161,45.68996],[41.854135,45.693195],[41.738109,45.692806]]]}},{"type":"Feature","id":"108081-1052","properties":{"id":"108081-1052","name":"городской округ Лермонтов","name_ru":"городской округ Лермонтов","subject_id":"108081","subject_name":"Ставропольский край","source_gid":1052,"source_fid":1157,"names_rosstat":"Городской округ Город Лермонтов","population":24794,"area_km2":34.098736687940026,"density_km2":727.1237121452975,"source":"Актуализированный объединённый GeoJSON, предоставленный преподавателем","name_en":"Lermontov Urban Okrug","name_zh":"Lermontov城市辖区","subject_name_en":"Stavropol Krai","subject_name_zh":"斯塔夫罗波尔边疆区"},"geometry":{"type":"Polygon","coordinates":[[[42.904421,44.11556],[42.93424,44.101245],[42.943832,44.101025],[42.943253,44.097552],[42.959895,44.096312],[42.965616,44.091695],[42.9656,44.097196],[42.972637,44.097702],[42.977548,44.095311],[42.978173,44.092392],[42.970572,44.086076],[42.972105,44.084856],[42.980901,44.087931],[42.986596,44.087145],[42.986454,44.082777],[42.991468,44.082704],[42.991729,44.077398],[43.006727,44.082122],[43.013701,44.070837],[43.021098,44.069405],[43.025689,44.073684],[43.031379,44.073827],[43.04562,44.078676],[43.048535,44.091581],[43.045885,44.092929],[43.04814,44.09578],[43.045016,44.097838],[43.041635,44.096876],[43.041513,44.099939],[43.036263,44.103085],[43.033169,44.108784],[43.026366,44.113738],[43.019945,44.11505],[43.004953,44.114109],[42.99913,44.111158],[42.988228,44.12392],[42.980495,44.127042],[42.966391,44.125747],[42.966391,44.121569],[42.942805,44.122669],[42.935817,44.115442],[42.924997,44.118026],[42.91357,44.117579],[42.90695,44.119324],[42.904421,44.11556]]]}},{"type":"Feature","id":"108081-1696","properties":{"id":"108081-1696","name":"Левокумский муниципальный округ","name_ru":"Левокумский муниципальный округ","subject_id":"108081","subject_name":"Ставропольский край","source_gid":1696,"source_fid":1806,"names_rosstat":"Левокумский муниципальный округ","population":34569,"area_km2":4697.302076532612,"density_km2":7.359330832203505,"source":"Актуализированный объединённый GeoJSON, предоставленный преподавателем","name_en":"Levokumskii Municipal Okrug","name_zh":"Levokumskii市政专区","subject_name_en":"Stavropol Krai","subject_name_zh":"斯塔夫罗波尔边疆区"},"geometry":{"type":"Polygon","coordinates":[[[44.380624,44.763556],[44.411309,44.74751],[44.412327,44.738559],[44.424484,44.73233],[44.426479,44.727528],[44.43105,44.724708],[44.60404,44.630072],[44.607029,44.644331],[44.794155,44.623461],[44.842632,44.658659],[44.865473,44.679977],[44.901814,44.719515],[44.960915,44.75629],[44.966345,44.762859],[44.968103,44.773516],[44.952895,44.779957],[44.955209,44.788188],[44.959301,44.794697],[44.970011,44.798308],[44.974232,44.796262],[44.975268,44.792782],[44.980073,44.788087],[44.986605,44.785855],[44.998661,44.78387],[45.016255,44.784776],[45.023205,44.782463],[45.041556,44.797196],[45.050876,44.800999],[45.054879,44.80636],[45.056663,44.806523],[45.057129,44.810928],[45.061026,44.810622],[45.065648,44.814087],[45.079594,44.816744],[45.084656,44.824254],[45.088855,44.825653],[45.081149,44.829124],[45.077816,44.848689],[45.079156,44.855035],[45.07738,44.856659],[45.075397,44.855286],[45.074694,44.857656],[45.077106,44.863546],[45.083214,44.871415],[45.087118,44.880141],[45.099273,44.888625],[45.109197,44.892102],[45.123578,44.908387],[45.121181,44.912781],[45.130128,44.927977],[45.167644,44.927892],[45.199495,44.933926],[45.214271,44.942491],[45.231137,44.93999],[45.271644,44.949885],[45.276313,44.95738],[45.303458,44.963664],[45.322617,44.958798],[45.318213,44.971229],[45.323488,44.97462],[45.363675,44.975784],[45.372612,44.90146],[45.554166,44.904878],[45.556813,44.998955],[45.705116,44.977363],[45.715953,44.995841],[45.586328,45.12112],[45.590027,45.125784],[45.463781,45.174672],[45.136346,45.306059],[44.895113,45.387432],[44.893182,45.403514],[44.885792,45.405856],[44.87757,45.405308],[44.871932,45.409509],[44.871555,45.411718],[44.86729,45.41252],[44.837377,45.42828],[44.832853,45.432683],[44.774038,45.354985],[44.648046,45.138451],[44.518502,45.176438],[44.464626,45.08314],[44.511508,45.069443],[44.463288,44.985759],[44.463739,44.965903],[44.381613,44.897512],[44.430065,44.868478],[44.39629,44.840867],[44.402819,44.837863],[44.408612,44.79077],[44.380624,44.763556]]]}},{"type":"Feature","id":"108081-1718","properties":{"id":"108081-1718","name":"городской округ Кисловодск","name_ru":"городской округ Кисловодск","subject_id":"108081","subject_name":"Ставропольский край","source_gid":1718,"source_fid":1828,"names_rosstat":"Городской округ Город-курорт Кисловодск","population":132977,"area_km2":169.895514965741,"density_km2":782.6987076546104,"source":"Актуализированный объединённый GeoJSON, предоставленный преподавателем","name_en":"Kislovodsk Urban Okrug","name_zh":"Kislovodsk城市辖区","subject_name_en":"Stavropol Krai","subject_name_zh":"斯塔夫罗波尔边疆区"},"geometry":{"type":"Polygon","coordinates":[[[42.646512,43.895728],[42.649151,43.897916],[42.650052,43.89671],[42.66282,43.898812],[42.663517,43.902268],[42.660781,43.904146],[42.65988,43.907602],[42.663227,43.908081],[42.65709,43.909511],[42.654591,43.913808],[42.656243,43.915686],[42.667916,43.912085],[42.676681,43.911814],[42.678838,43.908939],[42.679192,43.910949],[42.682067,43.911103],[42.682003,43.914195],[42.678151,43.914813],[42.680576,43.918329],[42.688226,43.918646],[42.696776,43.922333],[42.699319,43.925818],[42.696369,43.927255],[42.696766,43.931551],[42.70037,43.932355],[42.703203,43.936341],[42.700542,43.938984],[42.685296,43.941772],[42.690564,43.949721],[42.710338,43.952587],[42.712709,43.956132],[42.727278,43.955151],[42.740014,43.959963],[42.74187,43.956194],[42.741247,43.951706],[42.744627,43.949598],[42.750506,43.951112],[42.735584,43.94717],[42.740904,43.947497],[42.741483,43.94545],[42.748082,43.947728],[42.749809,43.945975],[42.762093,43.952973],[42.76719,43.95407],[42.773788,43.951058],[42.770698,43.951027],[42.77102,43.949791],[42.776878,43.949605],[42.777822,43.94769],[42.774818,43.94633],[42.77456,43.941788],[42.777007,43.939841],[42.788165,43.939965],[42.788079,43.942684],[42.784967,43.942545],[42.788529,43.945218],[42.790804,43.942097],[42.78765,43.939285],[42.775526,43.939022],[42.775762,43.932826],[42.786448,43.931435],[42.793636,43.935499],[42.795246,43.932888],[42.799387,43.932347],[42.801597,43.935515],[42.805288,43.935994],[42.80458,43.932532],[42.791598,43.926969],[42.798207,43.924805],[42.803593,43.92666],[42.800417,43.922255],[42.80194,43.920725],[42.807112,43.919319],[42.810352,43.920401],[42.799988,43.910956],[42.80297,43.911018],[42.806189,43.914203],[42.813249,43.913708],[42.810974,43.91125],[42.819021,43.911296],[42.818527,43.910276],[42.828763,43.913893],[42.828634,43.915609],[42.835135,43.916768],[42.845564,43.91006],[42.839234,43.906952],[42.835372,43.895465],[42.841186,43.891568],[42.844191,43.892821],[42.844212,43.886635],[42.841251,43.882444],[42.844963,43.876041],[42.844749,43.867811],[42.853911,43.848456],[42.849426,43.849508],[42.849877,43.846924],[42.848203,43.845129],[42.846959,43.849276],[42.844083,43.850344],[42.845231,43.841716],[42.850059,43.841406],[42.845038,43.839689],[42.84065,43.841321],[42.835822,43.830796],[42.840135,43.824496],[42.833097,43.818241],[42.806328,43.821702],[42.799612,43.821392],[42.796383,43.819039],[42.793776,43.822878],[42.798883,43.826779],[42.793121,43.826632],[42.798958,43.828676],[42.788154,43.826934],[42.780601,43.832484],[42.782736,43.8364],[42.776932,43.837297],[42.774421,43.835332],[42.777897,43.833652],[42.774292,43.832878],[42.782028,43.828962],[42.768585,43.82794],[42.765452,43.829519],[42.763746,43.825967],[42.754315,43.827453],[42.753446,43.826106],[42.753532,43.832963],[42.749831,43.832979],[42.751043,43.829991],[42.749316,43.826052],[42.736205,43.827793],[42.729274,43.825804],[42.716636,43.826779],[42.704952,43.823714],[42.716636,43.826423],[42.729253,43.825378],[42.736269,43.827391],[42.740679,43.82616],[42.735754,43.819465],[42.727439,43.820455],[42.721818,43.818946],[42.719693,43.820835],[42.707312,43.819224],[42.702849,43.822483],[42.70243,43.820285],[42.698,43.819441],[42.697324,43.821253],[42.690875,43.821322],[42.681488,43.825247],[42.68506,43.828405],[42.681799,43.832646],[42.68593,43.8339],[42.688773,43.838195],[42.693257,43.840323],[42.694459,43.844393],[42.689416,43.847512],[42.682646,43.847728],[42.677722,43.851705],[42.674932,43.850754],[42.669171,43.855218],[42.671081,43.85661],[42.673323,43.855403],[42.669665,43.85962],[42.671896,43.860471],[42.673999,43.858985],[42.672872,43.8643],[42.663142,43.865553],[42.660073,43.863812],[42.660223,43.865174],[42.652327,43.86751],[42.65281,43.869536],[42.649902,43.871068],[42.652134,43.877556],[42.648786,43.879351],[42.656082,43.884261],[42.656758,43.889581],[42.655267,43.892844],[42.660813,43.894939],[42.647606,43.893578],[42.646512,43.895728]],[[42.657777,43.868902],[42.664236,43.870271],[42.662777,43.872499],[42.658099,43.870604],[42.657777,43.868902]],[[42.663603,43.87362],[42.668399,43.874014],[42.672819,43.879474],[42.667143,43.879575],[42.668195,43.877796],[42.663603,43.87362]],[[42.6958,43.846219],[42.698493,43.852843],[42.702656,43.858691],[42.69801,43.853369],[42.6958,43.846219]],[[42.699394,43.84516],[42.705295,43.838938],[42.699974,43.845268],[42.703621,43.85463],[42.699394,43.84516]],[[42.703428,43.859271],[42.704533,43.859813],[42.705456,43.861708],[42.704383,43.861863],[42.703428,43.859271]],[[42.718127,43.862668],[42.728271,43.861356],[42.728641,43.86242],[42.718127,43.862668]],[[42.737492,43.854119],[42.744112,43.847814],[42.74968,43.848007],[42.749831,43.845956],[42.7535,43.845036],[42.751633,43.842498],[42.762179,43.842629],[42.762705,43.840246],[42.772136,43.837862],[42.777371,43.839464],[42.772951,43.842211],[42.765023,43.841585],[42.760495,43.848138],[42.759916,43.851814],[42.757201,43.851071],[42.754047,43.858761],[42.747974,43.850359],[42.737492,43.854119]],[[42.750195,43.940343],[42.752566,43.935028],[42.752148,43.932641],[42.750067,43.934959],[42.750935,43.931304],[42.754358,43.93363],[42.757276,43.930786],[42.759991,43.932679],[42.75409,43.939864],[42.750195,43.940343]],[[42.751483,43.925354],[42.756826,43.915864],[42.761149,43.917178],[42.756944,43.918708],[42.756053,43.924852],[42.751483,43.925354]],[[42.768252,43.853957],[42.781706,43.849013],[42.785096,43.844842],[42.784356,43.843798],[42.787768,43.843782],[42.790257,43.84054],[42.79369,43.840633],[42.793003,43.838961],[42.795181,43.840021],[42.795417,43.837862],[42.799698,43.83818],[42.784098,43.850351],[42.774314,43.85391],[42.768252,43.853957]],[[42.768981,43.928128],[42.77073,43.927912],[42.77161,43.929704],[42.770376,43.93016],[42.768981,43.928128]],[[42.835393,43.843627],[42.842122,43.841926],[42.843837,43.844703],[42.840275,43.847218],[42.83932,43.850142],[42.842023,43.854282],[42.839481,43.858831],[42.836359,43.849314],[42.837828,43.84649],[42.835393,43.843627]]]}},{"type":"Feature","id":"108081-1722","properties":{"id":"108081-1722","name":"городской округ Пятигорск","name_ru":"городской округ Пятигорск","subject_id":"108081","subject_name":"Ставропольский край","source_gid":1722,"source_fid":1832,"names_rosstat":"Городской округ Город-курорт Пятигорск","population":211304,"area_km2":105.33113671595494,"density_km2":2006.0924678883953,"source":"Актуализированный объединённый GeoJSON, предоставленный преподавателем","name_en":"Piatigorsk Urban Okrug","name_zh":"Piatigorsk城市辖区","subject_name_en":"Stavropol Krai","subject_name_zh":"斯塔夫罗波尔边疆区"},"geometry":{"type":"Polygon","coordinates":[[[42.934383,44.019213],[42.934708,44.006066],[42.9385,44.005285],[42.938568,44.002607],[42.936598,44.001713],[42.941678,43.999201],[42.940736,43.995768],[42.944947,43.99473],[42.947893,43.995965],[42.949291,44.000464],[42.943009,44.008902],[42.938,44.010344],[42.938086,44.012735],[42.934677,44.014846],[42.934642,44.019016],[42.947419,44.019166],[42.947239,44.031701],[42.954388,44.031695],[42.954376,44.033038],[42.947981,44.035013],[42.959428,44.035165],[42.95991,44.03705],[42.968474,44.030507],[43.001345,44.023955],[43.003729,44.027385],[43.001033,44.029591],[43.018392,44.028915],[43.018484,44.023144],[43.029501,44.020639],[43.016444,44.017971],[43.012952,44.010121],[43.019149,44.006099],[43.034568,44.005453],[43.034565,44.007301],[43.051518,44.010966],[43.054306,44.01058],[43.055261,44.00815],[43.057851,44.009953],[43.058887,43.996405],[43.072709,43.996411],[43.075759,43.999484],[43.078067,43.997788],[43.074823,43.993041],[43.068192,43.991107],[43.067641,43.982785],[43.071869,43.982753],[43.09764,44.002125],[43.118798,44.000138],[43.121507,43.998263],[43.121074,44.000046],[43.128108,44.010538],[43.128515,44.016676],[43.124692,44.020902],[43.126666,44.030959],[43.124512,44.038783],[43.116703,44.043819],[43.132093,44.045562],[43.13642,44.042312],[43.135394,44.040202],[43.138142,44.037914],[43.148055,44.03874],[43.153366,44.037224],[43.160525,44.039293],[43.173511,44.03797],[43.179239,44.041039],[43.182936,44.040524],[43.189195,44.045555],[43.194873,44.044864],[43.206729,44.051319],[43.211453,44.05624],[43.206322,44.062445],[43.208523,44.066475],[43.206775,44.070119],[43.210183,44.069815],[43.213954,44.063579],[43.213853,44.067158],[43.220662,44.067122],[43.225881,44.069452],[43.226775,44.073056],[43.222334,44.076004],[43.218955,44.076028],[43.216284,44.081888],[43.227761,44.083518],[43.226479,44.085886],[43.232611,44.086276],[43.212709,44.09218],[43.204739,44.091209],[43.20161,44.088287],[43.194979,44.08705],[43.200216,44.082414],[43.202812,44.082118],[43.201547,44.080903],[43.208235,44.079538],[43.20707,44.077691],[43.200964,44.076996],[43.205192,44.073183],[43.206908,44.066395],[43.201839,44.06513],[43.200477,44.057735],[43.193497,44.051722],[43.189012,44.052129],[43.184227,44.048995],[43.184101,44.046136],[43.176801,44.042789],[43.173066,44.050761],[43.181485,44.053353],[43.180572,44.054612],[43.182661,44.055322],[43.181537,44.056601],[43.178057,44.057201],[43.152795,44.051923],[43.150307,44.052151],[43.148458,44.05477],[43.133059,44.050384],[43.11909,44.057466],[43.110283,44.067055],[43.108011,44.066156],[43.105204,44.068946],[43.096953,44.069365],[43.098059,44.07112],[43.095942,44.07423],[43.096903,44.075284],[43.091228,44.074758],[43.086939,44.078202],[43.062193,44.077837],[43.053718,44.068443],[43.04189,44.07749],[43.031379,44.073827],[43.025689,44.073684],[43.021098,44.069405],[43.013701,44.070837],[43.006727,44.082122],[42.991729,44.077398],[42.99247,44.075064],[42.986951,44.075826],[42.983965,44.064843],[42.981176,44.067948],[42.977867,44.067633],[42.977786,44.059535],[42.959722,44.058242],[42.95322,44.054923],[42.957538,44.052162],[42.958398,44.04208],[42.952552,44.043889],[42.947786,44.037319],[42.947717,44.034369],[42.946104,44.034245],[42.947223,44.019531],[42.934383,44.019213]]]}},{"type":"Feature","id":"108081-1726","properties":{"id":"108081-1726","name":"городской округ Железноводск","name_ru":"городской округ Железноводск","subject_id":"108081","subject_name":"Ставропольский край","source_gid":1726,"source_fid":1836,"names_rosstat":"Городской округ Город-курорт Железноводск","population":49818,"area_km2":92.03400134418546,"density_km2":541.2999464588357,"source":"Актуализированный объединённый GeoJSON, предоставленный преподавателем","name_en":"Zheleznovodsk Urban Okrug","name_zh":"Zheleznovodsk城市辖区","subject_name_en":"Stavropol Krai","subject_name_zh":"斯塔夫罗波尔边疆区"},"geometry":{"type":"Polygon","coordinates":[[[42.983598,44.141804],[42.979538,44.131741],[42.983731,44.130294],[42.991664,44.118598],[42.99913,44.111158],[43.004953,44.114109],[43.019945,44.11505],[43.026366,44.113738],[43.033169,44.108784],[43.036263,44.103085],[43.041513,44.099939],[43.041635,44.096876],[43.046207,44.097481],[43.04814,44.09578],[43.045885,44.092929],[43.048535,44.091581],[43.04562,44.078676],[43.04189,44.07749],[43.053718,44.068443],[43.062193,44.077837],[43.084863,44.078543],[43.092028,44.074537],[43.096903,44.075284],[43.095942,44.07423],[43.098059,44.07112],[43.096953,44.069365],[43.105204,44.068946],[43.108011,44.066156],[43.110283,44.067055],[43.115236,44.061692],[43.184284,44.090601],[43.155992,44.122978],[43.147842,44.123844],[43.14194,44.121193],[43.118247,44.127166],[43.107411,44.120706],[43.094548,44.12375],[43.091354,44.127095],[43.092058,44.129687],[43.070654,44.14208],[43.064319,44.152075],[43.065866,44.152978],[43.064516,44.156497],[43.066863,44.157975],[43.063191,44.161625],[43.048619,44.164241],[43.047399,44.167044],[43.035402,44.166166],[43.029688,44.163551],[43.026348,44.166032],[43.016483,44.160956],[43.003761,44.160998],[43.00318,44.156147],[43.000067,44.153138],[42.996567,44.151629],[42.993477,44.152514],[42.992926,44.149987],[42.994448,44.148938],[42.989377,44.14246],[42.983536,44.144955],[42.983598,44.141804]]]}},{"type":"Feature","id":"108081-1728","properties":{"id":"108081-1728","name":"городской округ Ессентуки","name_ru":"городской округ Ессентуки","subject_id":"108081","subject_name":"Ставропольский край","source_gid":1728,"source_fid":1838,"names_rosstat":"Городской округ Город-курорт Ессентуки","population":124038,"area_km2":50.96837627962987,"density_km2":2433.626673125416,"source":"Актуализированный объединённый GeoJSON, предоставленный преподавателем","name_en":"Essentuki Urban Okrug","name_zh":"Essentuki城市辖区","subject_name_en":"Stavropol Krai","subject_name_zh":"斯塔夫罗波尔边疆区"},"geometry":{"type":"Polygon","coordinates":[[[42.795443,44.005887],[42.803451,44.010591],[42.807021,44.009771],[42.814314,44.012121],[42.824039,44.010593],[42.822249,44.004363],[42.823959,44.003949],[42.825744,44.008674],[42.829741,44.011542],[42.824726,44.014044],[42.824279,44.016163],[42.850918,44.023504],[42.862112,44.030389],[42.867638,44.030782],[42.871528,44.035166],[42.879771,44.035868],[42.88329,44.037826],[42.899165,44.040197],[42.898979,44.036455],[42.911037,44.028582],[42.915378,44.027573],[42.915656,44.03061],[42.918353,44.030513],[42.918462,44.033636],[42.923696,44.033319],[42.920837,44.036592],[42.932365,44.036476],[42.932979,44.034377],[42.947359,44.034226],[42.952552,44.043889],[42.958398,44.04208],[42.957538,44.052162],[42.95322,44.054923],[42.955468,44.056346],[42.94757,44.0566],[42.94636,44.063414],[42.943081,44.066193],[42.931255,44.070264],[42.820901,44.070829],[42.815731,44.064484],[42.810121,44.064312],[42.811481,44.049824],[42.805572,44.047827],[42.810808,44.047213],[42.815991,44.044206],[42.820983,44.034004],[42.820337,44.029539],[42.817423,44.025317],[42.799037,44.014796],[42.795443,44.005887]]]}},{"type":"Feature","id":"108081-1729","properties":{"id":"108081-1729","name":"Предгорный муниципальный округ","name_ru":"Предгорный муниципальный округ","subject_id":"108081","subject_name":"Ставропольский край","source_gid":1729,"source_fid":1839,"names_rosstat":"Предгорный муниципальный округ","population":110618,"area_km2":1924.0385609905363,"density_km2":57.4926107214044,"source":"Актуализированный объединённый GeoJSON, предоставленный преподавателем","name_en":"Predgornyi Municipal Okrug","name_zh":"Predgornyi市政专区","subject_name_en":"Stavropol Krai","subject_name_zh":"斯塔夫罗波尔边疆区"},"geometry":{"type":"MultiPolygon","coordinates":[[[[42.703621,43.85463],[42.699974,43.845268],[42.705295,43.838938],[42.699394,43.84516],[42.699426,43.846924],[42.703621,43.85463]]],[[[42.702656,43.858691],[42.69507,43.846374],[42.698654,43.854483],[42.702656,43.858691]]],[[[42.704383,43.861863],[42.704533,43.859813],[42.702827,43.859612],[42.704383,43.861863]]],[[[42.728271,43.861356],[42.718127,43.862668],[42.728641,43.86242],[42.728271,43.861356]]],[[[42.658099,43.870604],[42.662777,43.872499],[42.664236,43.870271],[42.659687,43.868678],[42.657777,43.868902],[42.658099,43.870604]]],[[[42.67195,43.877139],[42.669112,43.876215],[42.668399,43.874014],[42.662809,43.874038],[42.668195,43.877796],[42.667143,43.879575],[42.672819,43.879474],[42.67195,43.877139]]],[[[42.754648,43.93947],[42.759991,43.932679],[42.757802,43.930802],[42.754358,43.93363],[42.750163,43.931737],[42.750067,43.934959],[42.752148,43.932641],[42.752566,43.935028],[42.750045,43.937423],[42.750195,43.940343],[42.754648,43.93947]]],[[[42.784098,43.850351],[42.799698,43.83818],[42.795417,43.837862],[42.795181,43.840021],[42.793003,43.838961],[42.79369,43.840633],[42.790257,43.84054],[42.787768,43.843782],[42.784356,43.843798],[42.785096,43.844842],[42.781706,43.849013],[42.768252,43.853957],[42.774314,43.85391],[42.784098,43.850351]]],[[[42.753425,43.856463],[42.75248,43.85825],[42.754047,43.858761],[42.757201,43.851071],[42.759916,43.851814],[42.760495,43.848138],[42.765023,43.841585],[42.772951,43.842211],[42.777371,43.839464],[42.772136,43.837862],[42.762705,43.840246],[42.762179,43.842629],[42.751633,43.842498],[42.7535,43.845036],[42.749831,43.845956],[42.74968,43.848007],[42.744112,43.847814],[42.736827,43.852905],[42.737492,43.854119],[42.747974,43.850359],[42.753425,43.856463]]],[[[42.837828,43.84649],[42.837238,43.854204],[42.839481,43.858831],[42.842023,43.854282],[42.83932,43.850142],[42.840275,43.847218],[42.843837,43.844703],[42.842122,43.841926],[42.835393,43.843627],[42.837828,43.84649]]],[[[42.761149,43.917178],[42.756826,43.915864],[42.754347,43.918283],[42.751483,43.925354],[42.756053,43.924852],[42.756944,43.918708],[42.761149,43.917178]]],[[[42.768949,43.928569],[42.77161,43.929704],[42.769722,43.927734],[42.768949,43.928569]]],[[[42.350325,44.030983],[42.343488,44.02388],[42.338305,44.023637],[42.330227,44.027135],[42.322435,44.026185],[42.316736,44.030752],[42.302451,44.02945],[42.292979,44.039961],[42.299636,44.054682],[42.320219,44.064938],[42.323783,44.07473],[42.322089,44.08016],[42.324408,44.09165],[42.323477,44.095753],[42.328606,44.097402],[42.327576,44.098604],[42.338999,44.106694],[42.352289,44.113984],[42.334993,44.133837],[42.378301,44.152136],[42.379712,44.168152],[42.44079,44.170093],[42.441132,44.202111],[42.448838,44.197172],[42.471521,44.193315],[42.468169,44.198524],[42.467411,44.204253],[42.473051,44.208187],[42.477763,44.214866],[42.503209,44.215001],[42.503216,44.224384],[42.552023,44.223795],[42.553135,44.269106],[42.610062,44.269443],[42.608568,44.31185],[42.625427,44.305564],[42.644048,44.302309],[42.653334,44.298926],[42.653071,44.242419],[42.744936,44.242327],[42.745146,44.225253],[42.742868,44.223414],[42.744299,44.21521],[42.742527,44.21487],[42.749877,44.207824],[42.749401,44.200412],[42.743484,44.187421],[42.790983,44.176937],[42.826277,44.167129],[42.845336,44.211784],[42.865709,44.203945],[42.870327,44.200464],[42.87015,44.197238],[42.87666,44.195174],[42.889017,44.187603],[42.902503,44.2029],[42.92703,44.201826],[42.939805,44.204368],[42.941936,44.219352],[42.939115,44.221197],[42.93859,44.22452],[42.943309,44.225686],[42.947055,44.220689],[42.961905,44.221105],[42.966104,44.218473],[42.967582,44.207106],[42.979633,44.206146],[42.979544,44.187266],[43.009363,44.187284],[43.010735,44.191142],[43.020992,44.192794],[43.025115,44.191621],[43.030362,44.193004],[43.040499,44.190203],[43.04096,44.175134],[43.035508,44.17715],[43.030095,44.169032],[43.035402,44.166166],[43.029688,44.163551],[43.026622,44.166003],[43.022856,44.165422],[43.016483,44.160956],[43.003761,44.160998],[43.00318,44.156147],[43.000067,44.153138],[42.996567,44.151629],[42.993477,44.152514],[42.992926,44.149987],[42.994448,44.148938],[42.989377,44.14246],[42.983536,44.144955],[42.983598,44.141804],[42.979078,44.13349],[42.979538,44.131741],[42.983731,44.130294],[42.988228,44.12392],[42.980495,44.127042],[42.966391,44.125747],[42.966391,44.121569],[42.942805,44.122669],[42.935817,44.115442],[42.924997,44.118026],[42.91357,44.117579],[42.90695,44.119324],[42.904421,44.11556],[42.93424,44.101245],[42.943832,44.101025],[42.943253,44.097552],[42.959895,44.096312],[42.965616,44.091695],[42.9656,44.097196],[42.967606,44.098251],[42.977548,44.095311],[42.978173,44.092392],[42.970572,44.086076],[42.972105,44.084856],[42.980901,44.087931],[42.986596,44.087145],[42.986454,44.082777],[42.991468,44.082704],[42.99247,44.075064],[42.986951,44.075826],[42.983965,44.064843],[42.981176,44.067948],[42.977867,44.067633],[42.977786,44.059535],[42.94757,44.0566],[42.94636,44.063414],[42.943081,44.066193],[42.931255,44.070264],[42.820901,44.070829],[42.815731,44.064484],[42.810121,44.064312],[42.811481,44.049824],[42.805572,44.047827],[42.810808,44.047213],[42.815991,44.044206],[42.820983,44.034004],[42.820337,44.029539],[42.817423,44.025317],[42.799037,44.014796],[42.795443,44.005887],[42.803451,44.010591],[42.807021,44.009771],[42.814314,44.012121],[42.824039,44.010593],[42.822249,44.004363],[42.823959,44.003949],[42.825744,44.008674],[42.829741,44.011542],[42.824726,44.014044],[42.824279,44.016163],[42.851292,44.023643],[42.862112,44.030389],[42.867638,44.030782],[42.871528,44.035166],[42.899165,44.040197],[42.898979,44.036455],[42.911037,44.028582],[42.915378,44.027573],[42.915656,44.03061],[42.918353,44.030513],[42.918462,44.033636],[42.923696,44.033319],[42.920837,44.036592],[42.946104,44.034245],[42.947223,44.019531],[42.934383,44.019213],[42.934708,44.006066],[42.9385,44.005285],[42.938568,44.002607],[42.936598,44.001713],[42.941678,43.999201],[42.940736,43.995768],[42.944947,43.99473],[42.947893,43.995965],[42.949291,44.000464],[42.943009,44.008902],[42.938,44.010344],[42.938086,44.012735],[42.934677,44.014846],[42.934642,44.019016],[42.947419,44.019166],[42.947239,44.031701],[42.954388,44.031695],[42.954376,44.033038],[42.947981,44.035013],[42.959428,44.035165],[42.95991,44.03705],[42.968474,44.030507],[43.001345,44.023955],[43.003729,44.027385],[43.001033,44.029591],[43.018392,44.028915],[43.018484,44.023144],[43.029501,44.020639],[43.016444,44.017971],[43.012952,44.010121],[43.019149,44.006099],[43.034568,44.005453],[43.034565,44.007301],[43.051518,44.010966],[43.054306,44.01058],[43.055261,44.00815],[43.057851,44.009953],[43.058887,43.996405],[43.072709,43.996411],[43.075759,43.999484],[43.078067,43.997788],[43.074823,43.993041],[43.068192,43.991107],[43.067641,43.982785],[43.071869,43.982753],[43.09764,44.002125],[43.118798,44.000138],[43.121507,43.998263],[43.121074,44.000046],[43.128108,44.010538],[43.128515,44.016676],[43.124692,44.020902],[43.126666,44.030959],[43.124512,44.038783],[43.116703,44.043819],[43.132093,44.045562],[43.13642,44.042312],[43.135394,44.040202],[43.138142,44.037914],[43.148055,44.03874],[43.155186,44.037292],[43.160525,44.039293],[43.173016,44.037888],[43.179239,44.041039],[43.182936,44.040524],[43.189195,44.045555],[43.193528,44.044513],[43.198059,44.04608],[43.206729,44.051319],[43.211594,44.057213],[43.206322,44.062445],[43.208523,44.066475],[43.206775,44.070119],[43.210183,44.069815],[43.211039,44.066624],[43.213324,44.06642],[43.213269,44.063614],[43.213853,44.067158],[43.225205,44.068773],[43.226775,44.073056],[43.222334,44.076004],[43.218955,44.076028],[43.216284,44.081888],[43.227761,44.083518],[43.226479,44.085886],[43.232611,44.086276],[43.212709,44.09218],[43.204739,44.091209],[43.20161,44.088287],[43.194979,44.08705],[43.200216,44.082414],[43.202812,44.082118],[43.201547,44.080903],[43.208235,44.079538],[43.20707,44.077691],[43.200964,44.076996],[43.205192,44.073183],[43.206908,44.066395],[43.201839,44.06513],[43.200477,44.057735],[43.193497,44.051722],[43.189012,44.052129],[43.184227,44.048995],[43.184101,44.046136],[43.176801,44.042789],[43.173066,44.050761],[43.181485,44.053353],[43.180572,44.054612],[43.182661,44.055322],[43.181537,44.056601],[43.178057,44.057201],[43.152795,44.051923],[43.150307,44.052151],[43.148458,44.05477],[43.133059,44.050384],[43.11909,44.057466],[43.115236,44.061692],[43.187412,44.091644],[43.190405,44.096455],[43.194143,44.097342],[43.19528,44.100073],[43.198401,44.10147],[43.197877,44.104943],[43.199732,44.107977],[43.197873,44.109933],[43.205315,44.108342],[43.208059,44.111489],[43.211483,44.109957],[43.213924,44.111051],[43.214505,44.114034],[43.220988,44.11415],[43.220625,44.115692],[43.227329,44.113625],[43.231632,44.116983],[43.231414,44.113614],[43.219516,44.111773],[43.222022,44.110849],[43.222694,44.108563],[43.229382,44.108562],[43.236105,44.106118],[43.248585,44.088476],[43.24524,44.087546],[43.233239,44.091214],[43.233524,44.043751],[43.358527,44.044496],[43.358596,44.035511],[43.383331,44.035433],[43.3834,44.026494],[43.408404,44.026543],[43.408436,44.012293],[43.411565,44.012955],[43.424045,43.990931],[43.237927,43.936078],[43.227745,43.950421],[43.225008,43.959046],[43.189033,43.955869],[43.179693,43.961511],[43.146109,43.95949],[43.144871,43.948036],[43.157243,43.939753],[43.153315,43.938288],[43.149388,43.933566],[43.143893,43.931754],[43.144394,43.928773],[43.14175,43.926382],[43.14198,43.918407],[43.147732,43.895617],[43.134443,43.895447],[43.131295,43.893543],[43.119901,43.89623],[43.106372,43.894491],[43.088903,43.897799],[43.077539,43.896298],[43.072039,43.896875],[43.069562,43.899012],[43.060241,43.899584],[43.048489,43.89655],[43.043948,43.898026],[43.028881,43.897613],[43.022654,43.90015],[42.996519,43.896655],[42.981441,43.898874],[42.968852,43.896544],[42.954434,43.889851],[42.940243,43.87952],[42.934964,43.873333],[42.924861,43.870608],[42.918503,43.865272],[42.866106,43.867691],[42.872299,43.853465],[42.871845,43.84776],[42.865715,43.84356],[42.854362,43.840494],[42.855725,43.811999],[42.854704,43.801896],[42.839718,43.800987],[42.836767,43.802577],[42.835291,43.801101],[42.824279,43.800647],[42.81724,43.801441],[42.801233,43.807117],[42.792265,43.80655],[42.772852,43.81075],[42.763202,43.810296],[42.732152,43.819264],[42.716145,43.818696],[42.706155,43.815176],[42.678289,43.809695],[42.672122,43.816006],[42.660302,43.815519],[42.649058,43.824137],[42.646519,43.827188],[42.646309,43.833057],[42.64165,43.838584],[42.642475,43.840439],[42.639535,43.846094],[42.655145,43.856186],[42.628241,43.892032],[42.632652,43.891205],[42.63915,43.892978],[42.640156,43.917482],[42.647174,43.916275],[42.651863,43.926757],[42.660547,43.932957],[42.660931,43.93616],[42.638646,43.942738],[42.617899,43.94525],[42.619874,43.953099],[42.627061,43.951811],[42.624916,43.973578],[42.609424,43.971595],[42.58423,43.971332],[42.579146,43.973354],[42.578142,44.002138],[42.580025,44.018723],[42.584567,44.026146],[42.502637,44.026397],[42.497643,44.021617],[42.481797,44.015738],[42.479584,44.011696],[42.479885,43.998552],[42.476993,43.992466],[42.479783,43.98288],[42.481335,43.980395],[42.495719,43.978315],[42.490874,43.967082],[42.485942,43.968022],[42.480224,43.966421],[42.478578,43.967122],[42.478537,43.972099],[42.468916,43.976249],[42.466556,43.975705],[42.46723,43.969882],[42.46331,43.968013],[42.461411,43.968647],[42.461079,43.972449],[42.454948,43.976553],[42.45315,43.969845],[42.447539,43.974698],[42.443563,43.974148],[42.443383,43.971409],[42.438666,43.974253],[42.427836,43.972811],[42.424898,43.973851],[42.428511,43.975899],[42.428116,43.977181],[42.423508,43.977476],[42.420475,43.974796],[42.418323,43.977328],[42.412466,43.978947],[42.40452,43.977722],[42.396565,43.97284],[42.376245,43.972467],[42.371018,43.976188],[42.370831,43.981376],[42.367607,43.984036],[42.370873,43.987184],[42.369612,43.989705],[42.377569,43.992622],[42.381388,43.996766],[42.367827,44.000233],[42.370382,44.004071],[42.358284,44.037804],[42.350573,44.036888],[42.350325,44.030983]],[[42.647606,43.893578],[42.660813,43.894939],[42.655267,43.892844],[42.656758,43.889581],[42.656082,43.884261],[42.648786,43.879351],[42.652134,43.877556],[42.649902,43.871068],[42.65281,43.869536],[42.652327,43.86751],[42.660223,43.865174],[42.660073,43.863812],[42.663142,43.865553],[42.672872,43.8643],[42.673999,43.858985],[42.671896,43.860471],[42.669665,43.85962],[42.673323,43.855403],[42.671081,43.85661],[42.669171,43.855218],[42.674932,43.850754],[42.677722,43.851705],[42.682646,43.847728],[42.689416,43.847512],[42.694459,43.844393],[42.693257,43.840323],[42.688773,43.838195],[42.68593,43.8339],[42.681799,43.832646],[42.68506,43.828405],[42.681488,43.825247],[42.690875,43.821322],[42.697324,43.821253],[42.698,43.819441],[42.70243,43.820285],[42.702849,43.822483],[42.707312,43.819224],[42.719693,43.820835],[42.721818,43.818946],[42.727439,43.820455],[42.735754,43.819465],[42.740679,43.82616],[42.736269,43.827391],[42.729253,43.825378],[42.716636,43.826423],[42.704952,43.823714],[42.716636,43.826779],[42.729274,43.825804],[42.736205,43.827793],[42.749316,43.826052],[42.751043,43.829991],[42.749831,43.832979],[42.753532,43.832963],[42.753446,43.826106],[42.754315,43.827453],[42.763746,43.825967],[42.765452,43.829519],[42.768585,43.82794],[42.782028,43.828962],[42.774292,43.832878],[42.777897,43.833652],[42.774421,43.835332],[42.776932,43.837297],[42.782736,43.8364],[42.780601,43.832484],[42.788154,43.826934],[42.798958,43.828676],[42.793121,43.826632],[42.798883,43.826779],[42.793776,43.822878],[42.796383,43.819039],[42.799612,43.821392],[42.806328,43.821702],[42.833097,43.818241],[42.840135,43.824496],[42.835822,43.830796],[42.84065,43.841321],[42.845038,43.839689],[42.850059,43.841406],[42.845231,43.841716],[42.844083,43.850344],[42.846959,43.849276],[42.848203,43.845129],[42.849877,43.846924],[42.849426,43.849508],[42.853911,43.848456],[42.844749,43.867811],[42.844963,43.876041],[42.841251,43.882444],[42.844212,43.886635],[42.844191,43.892821],[42.841186,43.891568],[42.835372,43.895465],[42.839234,43.906952],[42.845564,43.91006],[42.835135,43.916768],[42.828634,43.915609],[42.828763,43.913893],[42.818527,43.910276],[42.819021,43.911296],[42.810974,43.91125],[42.813249,43.913708],[42.806189,43.914203],[42.80297,43.911018],[42.799988,43.910956],[42.810352,43.920401],[42.807112,43.919319],[42.80194,43.920725],[42.800417,43.922255],[42.803593,43.92666],[42.798207,43.924805],[42.791598,43.926969],[42.80458,43.932532],[42.805288,43.935994],[42.801597,43.935515],[42.799387,43.932347],[42.795246,43.932888],[42.793636,43.935499],[42.786448,43.931435],[42.775762,43.932826],[42.775526,43.939022],[42.782993,43.938651],[42.78765,43.939285],[42.790804,43.942097],[42.788529,43.945218],[42.784967,43.942545],[42.788079,43.942684],[42.788165,43.939965],[42.777007,43.939841],[42.77456,43.941788],[42.774818,43.94633],[42.777822,43.94769],[42.776878,43.949605],[42.77102,43.949791],[42.770698,43.951027],[42.773788,43.951058],[42.76719,43.95407],[42.762093,43.952973],[42.749809,43.945975],[42.748082,43.947728],[42.741483,43.94545],[42.740904,43.947497],[42.735584,43.94717],[42.750506,43.951112],[42.744627,43.949598],[42.741247,43.951706],[42.74187,43.956194],[42.740014,43.959963],[42.727278,43.955151],[42.712709,43.956132],[42.710338,43.952587],[42.690564,43.949721],[42.685296,43.941772],[42.700542,43.938984],[42.702945,43.936674],[42.70037,43.932355],[42.696766,43.931551],[42.696369,43.927255],[42.699319,43.925818],[42.696776,43.922333],[42.68859,43.918747],[42.680576,43.918329],[42.678151,43.914813],[42.682003,43.914195],[42.682067,43.911103],[42.679192,43.910949],[42.678838,43.908939],[42.676681,43.911814],[42.667916,43.912085],[42.656243,43.915686],[42.654591,43.913808],[42.65709,43.909511],[42.663227,43.908081],[42.65988,43.907602],[42.660781,43.904146],[42.663517,43.902268],[42.66282,43.898812],[42.650052,43.89671],[42.649151,43.897916],[42.646072,43.895047],[42.647606,43.893578]]]]}},{"type":"Feature","id":"108081-1730","properties":{"id":"108081-1730","name":"Георгиевский муниципальный округ","name_ru":"Георгиевский муниципальный округ","subject_id":"108081","subject_name":"Ставропольский край","source_gid":1730,"source_fid":1840,"names_rosstat":"Георгиевский муниципальный округ","population":157087,"area_km2":1948.0013606242164,"density_km2":80.6400874122917,"source":"Актуализированный объединённый GeoJSON, предоставленный преподавателем","name_en":"Georgievskii Municipal Okrug","name_zh":"Georgievskii市政专区","subject_name_en":"Stavropol Krai","subject_name_zh":"斯塔夫罗波尔边疆区"},"geometry":{"type":"Polygon","coordinates":[[[43.635815,44.514003],[43.606812,44.466483],[43.663776,44.44789],[43.643254,44.414833],[43.677898,44.403789],[43.667981,44.387545],[43.658091,44.389632],[43.656786,44.3669],[43.693595,44.341384],[43.695117,44.271053],[43.703502,44.27038],[43.706102,44.2677],[43.694942,44.253616],[43.696258,44.252272],[43.702821,44.25309],[43.703165,44.255789],[43.70834,44.252481],[43.700507,44.249238],[43.692293,44.250262],[43.68784,44.243944],[43.671055,44.236988],[43.602789,44.239729],[43.601362,44.224508],[43.607887,44.214821],[43.606403,44.210799],[43.664071,44.179226],[43.667496,44.182957],[43.693665,44.177155],[43.719218,44.163466],[43.733371,44.177541],[43.794299,44.144758],[43.719659,44.073171],[43.666606,44.101333],[43.64417,44.079728],[43.640973,44.081467],[43.636091,44.079334],[43.636992,44.077716],[43.629586,44.076408],[43.620112,44.070991],[43.613227,44.076053],[43.587342,44.088379],[43.57469,44.076164],[43.565206,44.081327],[43.560159,44.07682],[43.559097,44.081711],[43.556322,44.08127],[43.505289,44.031903],[43.498186,44.0383],[43.489317,44.026189],[43.48067,44.017441],[43.474934,44.014479],[43.462631,44.011957],[43.457087,44.014055],[43.452828,44.010695],[43.440423,44.010288],[43.469588,43.957986],[43.438267,43.941629],[43.412155,43.987326],[43.424045,43.990931],[43.411565,44.012955],[43.408436,44.012293],[43.408404,44.026543],[43.3834,44.026494],[43.383331,44.035433],[43.358596,44.035511],[43.358527,44.044496],[43.233524,44.043751],[43.233239,44.091214],[43.24524,44.087546],[43.248585,44.088476],[43.236105,44.106118],[43.229382,44.108562],[43.222694,44.108563],[43.222022,44.110849],[43.219516,44.111773],[43.231414,44.113614],[43.231632,44.116983],[43.227329,44.113625],[43.220625,44.115692],[43.219105,44.137259],[43.218807,44.21576],[43.219082,44.217944],[43.223464,44.220683],[43.22255,44.228786],[43.230378,44.231149],[43.229137,44.23396],[43.229815,44.244565],[43.218675,44.244497],[43.218649,44.248823],[43.199768,44.248695],[43.199589,44.262242],[43.218364,44.262585],[43.218222,44.277869],[43.202357,44.274375],[43.198749,44.277918],[43.195283,44.278306],[43.194408,44.276208],[43.190183,44.274547],[43.18015,44.275535],[43.167481,44.281336],[43.167283,44.349551],[43.241392,44.349564],[43.241971,44.475392],[43.365754,44.476041],[43.394697,44.523079],[43.418035,44.517126],[43.462847,44.590474],[43.577839,44.553464],[43.567642,44.536749],[43.635815,44.514003]]]}},{"type":"Feature","id":"108081-1731","properties":{"id":"108081-1731","name":"Минераловодский муниципальный округ","name_ru":"Минераловодский муниципальный округ","subject_id":"108081","subject_name":"Ставропольский край","source_gid":1731,"source_fid":1841,"names_rosstat":"Минераловодский муниципальный округ","population":130145,"area_km2":1490.459625245958,"density_km2":87.31870209400893,"source":"Актуализированный объединённый GeoJSON, предоставленный преподавателем","name_en":"Mineralovodskii Municipal Okrug","name_zh":"Mineralovodskii市政专区","subject_name_en":"Stavropol Krai","subject_name_zh":"斯塔夫罗波尔边疆区"},"geometry":{"type":"Polygon","coordinates":[[[42.911839,44.550821],[42.980804,44.528675],[42.977275,44.522625],[42.978916,44.519569],[42.989723,44.515813],[43.053325,44.502342],[43.054495,44.493044],[43.060994,44.494805],[43.063492,44.494233],[43.062165,44.492632],[43.063543,44.492721],[43.064886,44.495092],[43.077106,44.494154],[43.077838,44.495725],[43.082474,44.495156],[43.087668,44.498102],[43.096907,44.495481],[43.100249,44.497821],[43.104693,44.496934],[43.10432,44.495249],[43.110544,44.497113],[43.115936,44.494479],[43.120508,44.498926],[43.124912,44.499245],[43.130795,44.508981],[43.165281,44.500881],[43.165666,44.448081],[43.242385,44.448325],[43.241392,44.349564],[43.167283,44.349551],[43.167481,44.281336],[43.18015,44.275535],[43.190183,44.274547],[43.194408,44.276208],[43.195283,44.278306],[43.198749,44.277918],[43.202357,44.274375],[43.218222,44.277869],[43.218364,44.262585],[43.199589,44.262242],[43.199768,44.248695],[43.218649,44.248823],[43.218675,44.244497],[43.229815,44.244565],[43.229137,44.23396],[43.230378,44.231149],[43.22255,44.228786],[43.223464,44.220683],[43.219082,44.217944],[43.218807,44.21576],[43.219105,44.137259],[43.220988,44.11415],[43.214505,44.114034],[43.213924,44.111051],[43.211483,44.109957],[43.208059,44.111489],[43.205315,44.108342],[43.197873,44.109933],[43.199732,44.107977],[43.197877,44.104943],[43.198401,44.10147],[43.19528,44.100073],[43.194143,44.097342],[43.190405,44.096455],[43.187412,44.091644],[43.184284,44.090601],[43.155992,44.122978],[43.147842,44.123844],[43.14194,44.121193],[43.118247,44.127166],[43.107411,44.120706],[43.094548,44.12375],[43.091354,44.127095],[43.092058,44.129687],[43.070654,44.14208],[43.064319,44.152075],[43.065866,44.152978],[43.064516,44.156497],[43.066863,44.157975],[43.063191,44.161625],[43.048619,44.164241],[43.047399,44.167044],[43.038455,44.165633],[43.030095,44.169032],[43.035508,44.17715],[43.04096,44.175134],[43.040499,44.190203],[43.030362,44.193004],[43.025115,44.191621],[43.020992,44.192794],[43.010735,44.191142],[43.009363,44.187284],[42.979544,44.187266],[42.979633,44.206146],[42.967582,44.207106],[42.966104,44.218473],[42.961905,44.221105],[42.947055,44.220689],[42.943309,44.225686],[42.93859,44.22452],[42.939115,44.221197],[42.941936,44.219352],[42.939805,44.204368],[42.92703,44.201826],[42.902503,44.2029],[42.889017,44.187603],[42.87666,44.195174],[42.87015,44.197238],[42.870327,44.200464],[42.865709,44.203945],[42.845336,44.211784],[42.826277,44.167129],[42.790983,44.176937],[42.743484,44.187421],[42.749401,44.200412],[42.749877,44.207824],[42.742527,44.21487],[42.744299,44.21521],[42.742868,44.223414],[42.745146,44.225253],[42.744936,44.242327],[42.653071,44.242419],[42.65348,44.326146],[42.651344,44.327127],[42.653569,44.332699],[42.747922,44.332011],[42.747269,44.381468],[42.748591,44.382006],[42.746631,44.383349],[42.755904,44.397507],[42.760349,44.395795],[42.761779,44.412969],[42.766581,44.41325],[42.766571,44.421942],[42.768642,44.421836],[42.766318,44.444012],[42.779188,44.443775],[42.779367,44.475472],[42.791657,44.473189],[42.791985,44.499673],[42.785676,44.500649],[42.78619,44.570194],[42.797054,44.56549],[42.796875,44.563597],[42.80434,44.563192],[42.803635,44.561749],[42.806432,44.562639],[42.811089,44.560363],[42.811213,44.561817],[42.814735,44.561872],[42.825896,44.55959],[42.829132,44.558086],[42.82875,44.55553],[42.834068,44.555688],[42.83728,44.552934],[42.843428,44.553191],[42.843973,44.551672],[42.847562,44.552731],[42.846567,44.551649],[42.848727,44.549959],[42.853671,44.55083],[42.859514,44.549482],[42.859644,44.547508],[42.86436,44.548206],[42.869882,44.545594],[42.872801,44.547409],[42.878248,44.545001],[42.882966,44.545933],[42.893538,44.543332],[42.897877,44.54998],[42.909652,44.54663],[42.911839,44.550821]]]}},{"type":"Feature","id":"108081-1733","properties":{"id":"108081-1733","name":"Будённовский муниципальный округ","name_ru":"Будённовский муниципальный округ","subject_id":"108081","subject_name":"Ставропольский край","source_gid":1733,"source_fid":1843,"names_rosstat":"Буденновский муниципальный округ","population":105937,"area_km2":3110.1657346441566,"density_km2":34.06152888251808,"source":"Актуализированный объединённый GeoJSON, предоставленный преподавателем","name_en":"Budionnovskii Municipal Okrug","name_zh":"Budionnovskii市政专区","subject_name_en":"Stavropol Krai","subject_name_zh":"斯塔夫罗波尔边疆区"},"geometry":{"type":"Polygon","coordinates":[[[43.797405,44.824937],[43.729547,44.865374],[43.722655,44.859749],[43.721281,44.862196],[43.707374,44.867999],[43.701338,44.868233],[43.702663,44.869557],[43.69946,44.872758],[43.692974,44.875149],[43.674136,44.889333],[43.661734,44.892172],[43.719951,44.941254],[43.778435,44.906332],[43.794758,44.92016],[43.804443,44.91422],[43.8651,44.966495],[43.868193,44.964485],[43.874338,44.965709],[43.875295,44.969856],[43.879237,44.968308],[43.883072,44.970476],[43.886515,44.967905],[43.889684,44.968544],[43.891497,44.965882],[43.898277,44.965496],[43.90038,44.962247],[44.006424,45.051044],[44.017239,45.044752],[44.038428,45.062686],[43.97292,45.100447],[44.03551,45.152981],[44.251106,45.024207],[44.248198,45.012806],[44.221121,44.993676],[44.430065,44.868478],[44.39629,44.840867],[44.402819,44.837863],[44.408612,44.79077],[44.380624,44.763556],[44.411309,44.74751],[44.412327,44.738559],[44.424484,44.73233],[44.426479,44.727528],[44.43105,44.724708],[44.60404,44.630072],[44.572393,44.478633],[44.545442,44.47009],[44.523236,44.505202],[44.51168,44.501266],[44.497827,44.509043],[44.491979,44.50537],[44.495444,44.500577],[44.489976,44.499437],[44.48625,44.496558],[44.463699,44.498976],[44.453375,44.494526],[44.444585,44.496748],[44.441821,44.495927],[44.44235,44.490172],[44.434816,44.486842],[44.435834,44.485715],[44.434354,44.484474],[44.429931,44.484516],[44.422617,44.482147],[44.423304,44.480647],[44.418368,44.480034],[44.418368,44.478473],[44.416094,44.478289],[44.416652,44.475962],[44.410429,44.474339],[44.389636,44.476855],[44.386724,44.475215],[44.389961,44.471052],[44.386784,44.470118],[44.34264,44.467439],[44.300202,44.490568],[44.269601,44.461908],[44.279596,44.456501],[44.249067,44.42805],[44.110887,44.503147],[44.108625,44.501073],[44.094099,44.508772],[44.079957,44.511645],[44.05966,44.512436],[44.050983,44.51691],[44.048798,44.514697],[44.034662,44.521846],[44.020165,44.513423],[44.022474,44.51187],[44.023032,44.507371],[44.021187,44.505596],[44.010352,44.508541],[44.008462,44.510937],[43.999257,44.512436],[43.995968,44.50723],[43.970533,44.520426],[43.978847,44.52519],[43.743466,44.599232],[43.791804,44.677778],[43.799964,44.675644],[43.802282,44.684055],[43.801783,44.704816],[43.769936,44.723961],[43.875238,44.813758],[43.82206,44.845768],[43.797405,44.824937]]]}},{"type":"Feature","id":"108081-1734","properties":{"id":"108081-1734","name":"Александровский муниципальный округ","name_ru":"Александровский муниципальный округ","subject_id":"108081","subject_name":"Ставропольский край","source_gid":1734,"source_fid":1844,"names_rosstat":"Александровский муниципальный округ","population":46004,"area_km2":2043.9812045831666,"density_km2":22.507056276665566,"source":"Актуализированный объединённый GeoJSON, предоставленный преподавателем","name_en":"Aleksandrovskii Municipal Okrug","name_zh":"Aleksandrovskii市政专区","subject_name_en":"Stavropol Krai","subject_name_zh":"斯塔夫罗波尔边疆区"},"geometry":{"type":"Polygon","coordinates":[[[42.980804,44.528675],[42.911839,44.550821],[42.909652,44.54663],[42.897877,44.54998],[42.893538,44.543332],[42.882966,44.545933],[42.878248,44.545001],[42.872801,44.547409],[42.869882,44.545594],[42.86436,44.548206],[42.859644,44.547508],[42.859514,44.549482],[42.853671,44.55083],[42.848727,44.549959],[42.846567,44.551649],[42.847562,44.552731],[42.843973,44.551672],[42.843428,44.553191],[42.83728,44.552934],[42.834068,44.555688],[42.82875,44.55553],[42.829132,44.558086],[42.825896,44.55959],[42.814735,44.561872],[42.811213,44.561817],[42.811089,44.560363],[42.806432,44.562639],[42.803635,44.561749],[42.80434,44.563192],[42.796875,44.563597],[42.797054,44.56549],[42.783723,44.571441],[42.752501,44.581196],[42.764032,44.600663],[42.693075,44.622994],[42.686655,44.654303],[42.693763,44.671388],[42.675426,44.678736],[42.676937,44.680532],[42.676001,44.681531],[42.679161,44.681519],[42.675251,44.683237],[42.676134,44.684243],[42.674686,44.685375],[42.677374,44.686025],[42.676161,44.687125],[42.678784,44.686505],[42.677805,44.685117],[42.682625,44.686569],[42.680444,44.690669],[42.676554,44.690329],[42.679641,44.692403],[42.674834,44.691536],[42.670045,44.69485],[42.664846,44.691586],[42.654163,44.691413],[42.667114,44.713312],[42.677993,44.711115],[42.682776,44.707516],[42.685338,44.708997],[42.682665,44.709043],[42.683097,44.710074],[42.687078,44.709289],[42.686942,44.712612],[42.704687,44.707474],[42.714407,44.724101],[42.784251,44.703261],[42.784864,44.711092],[42.790752,44.712962],[42.790932,44.71662],[42.785226,44.719481],[42.79616,44.736721],[42.709992,44.749561],[42.711469,44.750823],[42.709217,44.751742],[42.708944,44.75318],[42.711903,44.753485],[42.710423,44.755025],[42.712327,44.75512],[42.70935,44.755664],[42.709035,44.756726],[42.712307,44.756242],[42.712174,44.758295],[42.718527,44.759727],[42.71693,44.762653],[42.714014,44.761566],[42.712855,44.762192],[42.715219,44.76311],[42.714017,44.764805],[42.715767,44.766119],[42.712056,44.767154],[42.717248,44.768651],[42.715967,44.771486],[42.719224,44.771825],[42.716873,44.773255],[42.718456,44.773964],[42.714897,44.775503],[42.716988,44.780183],[42.719843,44.780046],[42.71766,44.780664],[42.719354,44.782462],[42.720667,44.781431],[42.720893,44.78324],[42.718337,44.784833],[42.72197,44.784605],[42.718095,44.787725],[42.717452,44.792934],[42.714485,44.79215],[42.716263,44.794405],[42.713218,44.795947],[42.715333,44.796652],[42.715865,44.800307],[42.718442,44.801229],[42.717106,44.802893],[42.718801,44.804142],[42.716828,44.805588],[42.71924,44.806332],[42.717674,44.806794],[42.719391,44.808509],[42.716472,44.809886],[42.720241,44.810204],[42.721251,44.815719],[42.71507,44.814705],[42.71558,44.817521],[42.711577,44.818278],[42.710149,44.816916],[42.710699,44.819151],[42.706587,44.820997],[42.703895,44.818954],[42.705138,44.81769],[42.699655,44.818584],[42.699126,44.820244],[42.696474,44.816457],[42.695891,44.81895],[42.692108,44.818021],[42.682335,44.820452],[42.684165,44.821668],[42.681875,44.823128],[42.684223,44.823782],[42.679834,44.824248],[42.684454,44.824886],[42.683055,44.826341],[42.684708,44.827635],[42.682308,44.82834],[42.682502,44.830602],[42.6804,44.830765],[42.679206,44.833378],[42.682391,44.834659],[42.680215,44.837077],[42.679209,44.83532],[42.678748,44.838558],[42.677029,44.838303],[42.677748,44.84074],[42.675929,44.840998],[42.67584,44.83856],[42.672697,44.83784],[42.671949,44.840538],[42.674343,44.843157],[42.676711,44.842805],[42.67684,44.844638],[42.681175,44.843795],[42.682624,44.84475],[42.680066,44.845809],[42.685196,44.848648],[42.688293,44.844936],[42.690654,44.845081],[42.688531,44.843031],[42.690877,44.842632],[42.693225,44.844762],[42.694192,44.843171],[42.695915,44.844744],[42.697954,44.843718],[42.698296,44.846134],[42.7007,44.844387],[42.698085,44.843282],[42.699811,44.84291],[42.70377,44.845854],[42.70098,44.848591],[42.704546,44.848671],[42.705731,44.85391],[42.708533,44.852705],[42.707582,44.854597],[42.708985,44.857937],[42.705838,44.859054],[42.704052,44.857018],[42.704284,44.859065],[42.700924,44.858371],[42.701265,44.86034],[42.703864,44.860839],[42.700319,44.862063],[42.704771,44.863168],[42.704558,44.865506],[42.70202,44.864776],[42.70129,44.866394],[42.703035,44.867607],[42.705877,44.866313],[42.707451,44.869253],[42.705131,44.87113],[42.709319,44.870642],[42.707624,44.873688],[42.704937,44.874535],[42.709889,44.877934],[42.712724,44.877242],[42.714379,44.878724],[42.713139,44.87955],[42.715549,44.879949],[42.714732,44.882743],[42.716721,44.885153],[42.715285,44.887847],[42.717861,44.888354],[42.715069,44.889964],[42.718318,44.890634],[42.715797,44.8925],[42.718074,44.895943],[42.71769,44.898527],[42.721266,44.900096],[42.722016,44.90831],[42.725409,44.908501],[42.726688,44.911681],[42.729049,44.911757],[42.725916,44.912791],[42.726302,44.914021],[42.723298,44.913201],[42.725036,44.915009],[42.722955,44.915495],[42.723556,44.917288],[42.719028,44.917076],[42.72362,44.920342],[42.72053,44.921907],[42.721324,44.924961],[42.719436,44.924992],[42.725723,44.928182],[42.735937,44.924369],[42.743189,44.917395],[42.744816,44.912541],[42.755857,44.902205],[42.763835,44.900039],[42.763972,44.913596],[42.804917,44.914223],[42.804823,44.923443],[42.842729,44.923794],[42.842002,44.950712],[42.930818,44.951655],[42.931978,44.960762],[42.993522,44.961453],[42.993376,44.970545],[43.018988,44.97076],[43.018407,44.988756],[43.157977,44.990336],[43.157748,44.999349],[43.208498,44.999622],[43.209118,44.986451],[43.228779,44.974889],[43.24536,44.972241],[43.23969,44.967682],[43.246838,44.963319],[43.194902,44.917671],[43.203933,44.912409],[43.186736,44.897114],[43.173215,44.904871],[43.115369,44.856389],[43.110428,44.850226],[43.078076,44.83896],[43.078032,44.837742],[43.100196,44.806241],[43.12059,44.813471],[43.132227,44.79397],[43.148795,44.793434],[43.20022,44.81036],[43.235949,44.807758],[43.24675,44.803326],[43.247186,44.801041],[43.219064,44.795708],[43.186932,44.783015],[43.150976,44.774653],[43.149588,44.777014],[43.136413,44.773318],[43.134531,44.776172],[43.122858,44.772996],[43.134119,44.759293],[43.134292,44.752731],[43.177053,44.739155],[43.167149,44.722812],[43.331065,44.671773],[43.325108,44.661834],[43.341277,44.65688],[43.319409,44.634782],[43.336037,44.629411],[43.315785,44.596616],[43.327398,44.59291],[43.321016,44.5826],[43.33262,44.578929],[43.321339,44.560216],[43.344112,44.552585],[43.333454,44.535598],[43.356754,44.528101],[43.352278,44.521211],[43.387197,44.510327],[43.365754,44.476041],[43.241971,44.475392],[43.242385,44.448325],[43.165666,44.448081],[43.165281,44.500881],[43.130795,44.508981],[43.124912,44.499245],[43.120508,44.498926],[43.115936,44.494479],[43.110544,44.497113],[43.10432,44.495249],[43.104693,44.496934],[43.100249,44.497821],[43.096907,44.495481],[43.087668,44.498102],[43.082474,44.495156],[43.077838,44.495725],[43.077106,44.494154],[43.064886,44.495092],[43.063543,44.492721],[43.062165,44.492632],[43.063492,44.494233],[43.060994,44.494805],[43.054495,44.493044],[43.053325,44.502342],[42.989723,44.515813],[42.978916,44.519569],[42.977275,44.522625],[42.980804,44.528675]]]}},{"type":"Feature","id":"108081-1735","properties":{"id":"108081-1735","name":"Андроповский муниципальный округ","name_ru":"Андроповский муниципальный округ","subject_id":"108081","subject_name":"Ставропольский край","source_gid":1735,"source_fid":1845,"names_rosstat":"Андроповский муниципальный округ","population":33193,"area_km2":2384.933624472807,"density_km2":13.917787757022948,"source":"Актуализированный объединённый GeoJSON, предоставленный преподавателем","name_en":"Andropovskii Municipal Okrug","name_zh":"Andropovskii市政专区","subject_name_en":"Stavropol Krai","subject_name_zh":"斯塔夫罗波尔边疆区"},"geometry":{"type":"Polygon","coordinates":[[[42.115771,44.549517],[42.11416,44.551791],[42.1325,44.594047],[42.164379,44.58656],[42.173669,44.601199],[42.165832,44.604613],[42.18131,44.623341],[42.193121,44.65264],[42.186896,44.653626],[42.193262,44.669001],[42.209969,44.665861],[42.21238,44.671326],[42.246125,44.665173],[42.260104,44.701945],[42.23552,44.696215],[42.218817,44.697524],[42.199564,44.701293],[42.201887,44.706973],[42.234608,44.7023],[42.25678,44.708478],[42.272716,44.70689],[42.273548,44.712075],[42.321019,44.711055],[42.334178,44.74407],[42.404455,44.743665],[42.404633,44.775313],[42.39828,44.775421],[42.399398,44.955083],[42.48828,44.954923],[42.487146,44.891909],[42.576043,44.891493],[42.575943,44.900525],[42.667909,44.900125],[42.670099,44.900057],[42.670122,44.885733],[42.716721,44.885153],[42.714732,44.882743],[42.715549,44.879949],[42.713139,44.87955],[42.714379,44.878724],[42.704937,44.874535],[42.70918,44.871899],[42.709319,44.870642],[42.705131,44.87113],[42.707451,44.869253],[42.705877,44.866313],[42.703035,44.867607],[42.70129,44.866394],[42.70202,44.864776],[42.704558,44.865506],[42.704771,44.863168],[42.700319,44.862063],[42.703864,44.860839],[42.701265,44.86034],[42.700924,44.858371],[42.704284,44.859065],[42.704052,44.857018],[42.705838,44.859054],[42.709184,44.857646],[42.707582,44.854597],[42.708533,44.852705],[42.705731,44.85391],[42.704546,44.848671],[42.70098,44.848591],[42.703382,44.845429],[42.699811,44.84291],[42.698085,44.843282],[42.7007,44.844387],[42.698296,44.846134],[42.697954,44.843718],[42.695915,44.844744],[42.694192,44.843171],[42.693089,44.844751],[42.689735,44.842583],[42.688531,44.843031],[42.690654,44.845081],[42.688293,44.844936],[42.685196,44.848648],[42.680066,44.845809],[42.682624,44.84475],[42.681175,44.843795],[42.67684,44.844638],[42.676711,44.842805],[42.674343,44.843157],[42.671949,44.840538],[42.672697,44.83784],[42.67584,44.83856],[42.675929,44.840998],[42.677748,44.84074],[42.677029,44.838303],[42.678748,44.838558],[42.679209,44.83532],[42.680215,44.837077],[42.682391,44.834659],[42.679206,44.833378],[42.6804,44.830765],[42.682502,44.830602],[42.682308,44.82834],[42.684708,44.827635],[42.683055,44.826341],[42.684454,44.824886],[42.679834,44.824248],[42.684223,44.823782],[42.681875,44.823128],[42.684165,44.821668],[42.682335,44.820452],[42.692108,44.818021],[42.695891,44.81895],[42.696474,44.816457],[42.699126,44.820244],[42.699655,44.818584],[42.705138,44.81769],[42.703895,44.818954],[42.706587,44.820997],[42.710699,44.819151],[42.710149,44.816916],[42.711577,44.818278],[42.71558,44.817521],[42.71507,44.814705],[42.721251,44.815719],[42.720241,44.810204],[42.716472,44.809886],[42.719391,44.808509],[42.717674,44.806794],[42.71924,44.806332],[42.716828,44.805588],[42.718801,44.804142],[42.717106,44.802893],[42.718442,44.801229],[42.715865,44.800307],[42.715333,44.796652],[42.713218,44.795947],[42.716263,44.794405],[42.714485,44.79215],[42.717452,44.792934],[42.718095,44.787725],[42.72197,44.784605],[42.718337,44.784833],[42.720893,44.78324],[42.720667,44.781431],[42.719354,44.782462],[42.71766,44.780664],[42.719843,44.780046],[42.716988,44.780183],[42.714897,44.775503],[42.718456,44.773964],[42.716873,44.773255],[42.719224,44.771825],[42.715967,44.771486],[42.717248,44.768651],[42.712056,44.767154],[42.715767,44.766119],[42.714017,44.764805],[42.715219,44.76311],[42.712855,44.762192],[42.71693,44.762653],[42.718527,44.759727],[42.712174,44.758295],[42.712307,44.756242],[42.709035,44.756726],[42.712327,44.75512],[42.710423,44.755025],[42.711903,44.753485],[42.708944,44.75318],[42.711469,44.750823],[42.709992,44.749561],[42.79616,44.736721],[42.785226,44.719481],[42.790932,44.71662],[42.790752,44.712962],[42.784864,44.711092],[42.784251,44.703261],[42.714407,44.724101],[42.704687,44.707474],[42.686942,44.712612],[42.687078,44.709289],[42.683097,44.710074],[42.682665,44.709043],[42.685338,44.708997],[42.682776,44.707516],[42.677993,44.711115],[42.667114,44.713312],[42.654163,44.691413],[42.664846,44.691586],[42.670045,44.69485],[42.674834,44.691536],[42.678278,44.692712],[42.679641,44.692403],[42.676554,44.690329],[42.680444,44.690669],[42.682625,44.686569],[42.677805,44.685117],[42.678784,44.686505],[42.676161,44.687125],[42.677374,44.686025],[42.674686,44.685375],[42.676134,44.684243],[42.675251,44.683237],[42.679161,44.681519],[42.676001,44.681531],[42.676937,44.680532],[42.675426,44.678736],[42.693763,44.671388],[42.686655,44.654303],[42.693075,44.622994],[42.764032,44.600663],[42.752501,44.581196],[42.78619,44.570194],[42.785676,44.500649],[42.791831,44.500352],[42.791992,44.480585],[42.791657,44.473189],[42.779367,44.475472],[42.779188,44.443775],[42.766318,44.444012],[42.768642,44.421836],[42.766571,44.421942],[42.766581,44.41325],[42.761779,44.412969],[42.760349,44.395795],[42.755904,44.397507],[42.746631,44.383349],[42.748591,44.382006],[42.747269,44.381468],[42.747922,44.332011],[42.653569,44.332699],[42.651344,44.327127],[42.65348,44.326146],[42.653334,44.298926],[42.644048,44.302309],[42.625427,44.305564],[42.581081,44.319732],[42.580173,44.335369],[42.581737,44.343145],[42.569426,44.348905],[42.553581,44.35213],[42.553418,44.368318],[42.510115,44.368335],[42.499745,44.366449],[42.494134,44.363438],[42.493068,44.358314],[42.495165,44.3473],[42.486215,44.338316],[42.484574,44.334655],[42.485454,44.332093],[42.482731,44.329698],[42.482119,44.325998],[42.407825,44.325353],[42.408444,44.308226],[42.39105,44.310373],[42.387687,44.309006],[42.347398,44.310535],[42.343987,44.312176],[42.341392,44.310887],[42.339353,44.314341],[42.32802,44.317026],[42.301291,44.328581],[42.286609,44.327273],[42.270686,44.330252],[42.284318,44.383141],[42.284377,44.392635],[42.287748,44.402521],[42.300643,44.418393],[42.31226,44.428854],[42.303786,44.438537],[42.270064,44.43905],[42.270208,44.473845],[42.195125,44.474205],[42.195431,44.487562],[42.17009,44.488352],[42.170823,44.500532],[42.144544,44.504505],[42.122627,44.509949],[42.130344,44.530492],[42.114489,44.542915],[42.115771,44.549517]]]}},{"type":"Feature","id":"108081-1736","properties":{"id":"108081-1736","name":"городской округ Невинномысск","name_ru":"городской округ Невинномысск","subject_id":"108081","subject_name":"Ставропольский край","source_gid":1736,"source_fid":1846,"names_rosstat":"Городской округ Город Невинномысск","population":113112,"area_km2":83.48393529977025,"density_km2":1354.8954010594093,"source":"Актуализированный объединённый GeoJSON, предоставленный преподавателем","name_en":"Nevinnomyssk Urban Okrug","name_zh":"Nevinnomyssk城市辖区","subject_name_en":"Stavropol Krai","subject_name_zh":"斯塔夫罗波尔边疆区"},"geometry":{"type":"Polygon","coordinates":[[[41.866685,44.699365],[41.875148,44.691598],[41.877541,44.685004],[41.874491,44.68329],[41.886535,44.671376],[41.882894,44.669077],[41.882694,44.666974],[41.883624,44.664105],[41.890492,44.659474],[41.891543,44.654577],[41.906839,44.651685],[41.906663,44.650273],[41.910005,44.649307],[41.909145,44.647742],[41.905791,44.648788],[41.901973,44.644105],[41.891766,44.64255],[41.892334,44.640249],[41.905606,44.631971],[41.903543,44.630661],[41.911219,44.625989],[41.906769,44.622932],[41.905178,44.616466],[41.899242,44.614195],[41.897376,44.611711],[41.905232,44.6059],[41.902339,44.603042],[41.907699,44.60354],[41.911333,44.599655],[41.909917,44.597105],[41.924175,44.595002],[41.920682,44.586703],[41.921893,44.58598],[41.926054,44.585419],[41.92635,44.590688],[41.930756,44.590572],[41.930469,44.58853],[41.935113,44.585668],[41.941188,44.586144],[41.946496,44.582582],[41.962765,44.580799],[41.963903,44.57938],[41.966749,44.580408],[41.971804,44.578471],[41.978625,44.582346],[41.990354,44.580733],[41.984594,44.58685],[41.998034,44.589745],[42.004281,44.603764],[41.997353,44.606399],[41.998432,44.609076],[41.993677,44.609961],[42.001482,44.628878],[41.99092,44.629304],[41.979338,44.634395],[41.9835,44.639267],[41.97265,44.644459],[41.976722,44.647849],[41.970694,44.653125],[41.976735,44.656289],[41.970504,44.657663],[41.968862,44.662041],[41.964874,44.664276],[41.958891,44.677191],[41.961382,44.677738],[41.961757,44.683667],[41.942046,44.692422],[41.936037,44.693051],[41.936786,44.694321],[41.926754,44.694727],[41.926972,44.6973],[41.92486,44.697241],[41.92623,44.699622],[41.923801,44.699621],[41.925055,44.700956],[41.923047,44.701009],[41.920786,44.704685],[41.903334,44.708321],[41.89355,44.701079],[41.892894,44.698833],[41.908656,44.687368],[41.908255,44.67834],[41.900905,44.683128],[41.901287,44.680388],[41.896313,44.684415],[41.897805,44.685884],[41.882769,44.700252],[41.876663,44.703325],[41.876667,44.706636],[41.874349,44.706864],[41.866685,44.699365]]]}},{"type":"Feature","id":"108081-1737","properties":{"id":"108081-1737","name":"Кочубеевский муниципальный округ","name_ru":"Кочубеевский муниципальный округ","subject_id":"108081","subject_name":"Ставропольский край","source_gid":1737,"source_fid":1847,"names_rosstat":"Кочубеевский муниципальный округ","population":77577,"area_km2":2364.118598705201,"density_km2":32.814343596166445,"source":"Актуализированный объединённый GeoJSON, предоставленный преподавателем","name_en":"Kochubeevskii Municipal Okrug","name_zh":"Kochubeevskii市政专区","subject_name_en":"Stavropol Krai","subject_name_zh":"斯塔夫罗波尔边疆区"},"geometry":{"type":"Polygon","coordinates":[[[41.589707,44.515929],[41.551966,44.618152],[41.527452,44.61394],[41.53165,44.602582],[41.494933,44.595691],[41.476111,44.647504],[41.467038,44.650627],[41.456889,44.650612],[41.455587,44.653569],[41.447776,44.657198],[41.44839,44.658488],[41.44417,44.66287],[41.427093,44.708476],[41.520724,44.726561],[41.517138,44.730207],[41.559886,44.738388],[41.555177,44.751348],[41.566831,44.753634],[41.56385,44.761613],[41.578509,44.757227],[41.586294,44.772361],[41.594225,44.768239],[41.584451,44.794212],[41.615251,44.799978],[41.60579,44.82597],[41.611821,44.827474],[41.609271,44.834746],[41.614857,44.834325],[41.613694,44.840426],[41.616942,44.848898],[41.622329,44.847558],[41.625813,44.851643],[41.630522,44.850641],[41.63646,44.863552],[41.638676,44.864103],[41.639563,44.905397],[41.652161,44.905318],[41.653974,44.986253],[41.695904,44.98568],[41.691293,44.980327],[41.690592,44.976706],[41.686699,44.973666],[41.695504,44.962586],[41.696354,44.958544],[41.693033,44.954293],[41.697128,44.951436],[41.696845,44.938246],[41.708722,44.937768],[41.708846,44.935245],[41.715862,44.933736],[41.71807,44.930176],[41.728012,44.92662],[41.72753,44.904191],[41.740634,44.904034],[41.740293,44.895959],[41.774111,44.896129],[41.773316,44.894858],[41.781217,44.888261],[41.800741,44.881715],[41.800136,44.878386],[41.825376,44.868476],[41.837928,44.879475],[41.842988,44.878928],[41.854069,44.872615],[41.854053,44.874999],[41.861029,44.866957],[41.870181,44.861383],[41.871766,44.863088],[41.883629,44.856421],[41.894812,44.852625],[41.912854,44.856944],[41.914389,44.85045],[41.91736,44.852519],[41.922498,44.845713],[41.936358,44.841411],[41.95015,44.830202],[41.95142,44.824372],[41.956145,44.821819],[41.962224,44.81394],[41.957488,44.808328],[41.960764,44.804606],[41.957907,44.802251],[41.95971,44.800579],[41.959166,44.798768],[41.975628,44.795714],[41.983227,44.792328],[41.981104,44.791344],[41.982204,44.790605],[41.980476,44.786325],[41.985274,44.784292],[41.988353,44.786146],[41.990717,44.783901],[41.99179,44.787436],[41.992308,44.78571],[41.994953,44.785897],[41.994481,44.782428],[42.002064,44.784921],[41.998521,44.788724],[42.002128,44.792512],[41.997692,44.794163],[42.00036,44.794058],[42.000021,44.799262],[42.003009,44.801044],[41.993731,44.804541],[41.994592,44.808591],[41.982937,44.817171],[41.984789,44.81889],[42.002548,44.8137],[42.003617,44.812117],[42.000831,44.802952],[42.008849,44.800451],[42.010547,44.795923],[42.015409,44.791549],[42.011141,44.788936],[42.010479,44.786104],[42.012773,44.782737],[42.012513,44.778027],[42.014579,44.776634],[42.015434,44.777803],[42.019439,44.775155],[42.025042,44.774913],[42.031999,44.776508],[42.038079,44.782953],[42.044207,44.785085],[42.05283,44.791387],[42.057394,44.797447],[42.063981,44.797752],[42.071106,44.800999],[42.072336,44.79774],[42.078969,44.791631],[42.076961,44.789793],[42.08106,44.786509],[42.078592,44.784784],[42.081414,44.781999],[42.084019,44.771283],[42.140169,44.743962],[42.169568,44.775868],[42.221078,44.776576],[42.221377,44.762304],[42.270345,44.762294],[42.27051,44.745247],[42.334178,44.74407],[42.321019,44.711055],[42.273548,44.712075],[42.272716,44.70689],[42.25678,44.708478],[42.234608,44.7023],[42.201887,44.706973],[42.199564,44.701293],[42.218817,44.697524],[42.23552,44.696215],[42.260104,44.701945],[42.246125,44.665173],[42.21238,44.671326],[42.209969,44.665861],[42.193262,44.669001],[42.186896,44.653626],[42.193121,44.65264],[42.18131,44.623341],[42.165832,44.604613],[42.173669,44.601199],[42.164379,44.58656],[42.1325,44.594047],[42.11416,44.551791],[42.115771,44.549517],[42.114489,44.542915],[42.130344,44.530492],[42.122627,44.509949],[42.144544,44.504505],[42.170823,44.500532],[42.17009,44.488352],[42.195431,44.487562],[42.195125,44.474205],[42.270208,44.473845],[42.270064,44.43905],[42.303786,44.438537],[42.31226,44.428854],[42.300643,44.418393],[42.287748,44.402521],[42.284377,44.392635],[42.284318,44.383141],[42.270686,44.330252],[42.239602,44.337258],[42.220199,44.348331],[42.121953,44.348943],[42.122314,44.352914],[42.030276,44.35275],[42.023268,44.355672],[42.020365,44.362875],[42.021493,44.366585],[42.014983,44.372487],[42.005418,44.373573],[41.997926,44.378839],[41.989477,44.380358],[41.978105,44.388483],[41.969103,44.391345],[41.960828,44.391253],[41.946807,44.398035],[41.934704,44.400529],[41.927409,44.404593],[41.921089,44.410978],[41.920711,44.415023],[41.923562,44.420466],[41.926867,44.434993],[41.925258,44.442531],[41.922318,44.445242],[41.924698,44.449564],[41.922266,44.452452],[41.925247,44.460192],[41.922896,44.463743],[41.929286,44.473215],[41.924424,44.477556],[41.921398,44.486765],[41.927785,44.493077],[41.924572,44.49611],[41.865349,44.497637],[41.864562,44.487184],[41.803619,44.483934],[41.804588,44.481492],[41.802216,44.478718],[41.794392,44.476224],[41.791922,44.473309],[41.79267,44.471185],[41.788188,44.472501],[41.752919,44.471128],[41.736078,44.473665],[41.736641,44.483439],[41.703855,44.489542],[41.699957,44.499675],[41.65113,44.490341],[41.638336,44.525138],[41.589707,44.515929]],[[41.875148,44.691598],[41.877541,44.685004],[41.874491,44.68329],[41.886535,44.671376],[41.882894,44.669077],[41.882694,44.666974],[41.883624,44.664105],[41.890492,44.659474],[41.891543,44.654577],[41.906839,44.651685],[41.906663,44.650273],[41.910005,44.649307],[41.909145,44.647742],[41.905791,44.648788],[41.901973,44.644105],[41.891766,44.64255],[41.892334,44.640249],[41.905606,44.631971],[41.903543,44.630661],[41.911219,44.625989],[41.906769,44.622932],[41.905178,44.616466],[41.899242,44.614195],[41.897376,44.611711],[41.905232,44.6059],[41.902339,44.603042],[41.907699,44.60354],[41.911333,44.599655],[41.909917,44.597105],[41.924175,44.595002],[41.920682,44.586703],[41.921893,44.58598],[41.926054,44.585419],[41.92635,44.590688],[41.930756,44.590572],[41.930469,44.58853],[41.935113,44.585668],[41.941188,44.586144],[41.946496,44.582582],[41.962765,44.580799],[41.963903,44.57938],[41.966749,44.580408],[41.971804,44.578471],[41.978625,44.582346],[41.990354,44.580733],[41.984594,44.58685],[41.998034,44.589745],[42.004281,44.603764],[41.997353,44.606399],[41.998432,44.609076],[41.993677,44.609961],[42.001482,44.628878],[41.99092,44.629304],[41.979338,44.634395],[41.9835,44.639267],[41.97265,44.644459],[41.976722,44.647849],[41.970694,44.653125],[41.976735,44.656289],[41.970504,44.657663],[41.968862,44.662041],[41.964874,44.664276],[41.958891,44.677191],[41.961382,44.677738],[41.961757,44.683667],[41.942046,44.692422],[41.936037,44.693051],[41.936786,44.694321],[41.926754,44.694727],[41.926972,44.6973],[41.92486,44.697241],[41.92623,44.699622],[41.923801,44.699621],[41.925055,44.700956],[41.923047,44.701009],[41.920786,44.704685],[41.903334,44.708321],[41.89355,44.701079],[41.892894,44.698833],[41.908656,44.687368],[41.908255,44.67834],[41.900905,44.683128],[41.901287,44.680388],[41.896313,44.684415],[41.897805,44.685884],[41.882769,44.700252],[41.876663,44.703325],[41.877072,44.706012],[41.874847,44.707217],[41.866685,44.699365],[41.875148,44.691598]]]}},{"type":"Feature","id":"108081-1738","properties":{"id":"108081-1738","name":"Благодарненский муниципальный округ","name_ru":"Благодарненский муниципальный округ","subject_id":"108081","subject_name":"Ставропольский край","source_gid":1738,"source_fid":1848,"names_rosstat":"Благодарненский муниципальный округ","population":56946,"area_km2":2471.147139572994,"density_km2":23.044358261013983,"source":"Актуализированный объединённый GeoJSON, предоставленный преподавателем","name_en":"Blagodarnenskii Municipal Okrug","name_zh":"Blagodarnenskii市政专区","subject_name_en":"Stavropol Krai","subject_name_zh":"斯塔夫罗波尔边疆区"},"geometry":{"type":"Polygon","coordinates":[[[43.833707,45.261778],[43.749669,45.192097],[43.84398,45.135888],[43.872491,45.159989],[44.038428,45.062686],[44.017239,45.044752],[44.006424,45.051044],[43.90038,44.962247],[43.898277,44.965496],[43.891497,44.965882],[43.889684,44.968544],[43.886515,44.967905],[43.883072,44.970476],[43.879237,44.968308],[43.875295,44.969856],[43.874338,44.965709],[43.868193,44.964485],[43.8651,44.966495],[43.804443,44.91422],[43.794758,44.92016],[43.778435,44.906332],[43.719951,44.941254],[43.661734,44.892172],[43.674136,44.889333],[43.702663,44.869557],[43.646164,44.821433],[43.430368,44.949605],[43.365155,44.894571],[43.23969,44.967682],[43.24536,44.972241],[43.228779,44.974889],[43.209118,44.986451],[43.208498,44.999622],[43.157748,44.999349],[43.156762,45.035275],[43.1442,45.035207],[43.142993,45.061991],[43.13094,45.061903],[43.129903,45.133653],[43.14192,45.134074],[43.141536,45.200047],[43.147175,45.19981],[43.15357,45.210582],[43.173951,45.210844],[43.173794,45.224221],[43.229677,45.22517],[43.228848,45.269659],[43.381852,45.271029],[43.381218,45.307269],[43.483136,45.307961],[43.483674,45.272004],[43.512263,45.272116],[43.515403,45.274138],[43.583394,45.234028],[43.64875,45.289344],[43.638977,45.295117],[43.671664,45.322603],[43.667135,45.32577],[43.675499,45.332729],[43.693258,45.322274],[43.709307,45.335321],[43.783908,45.29128],[43.800429,45.305087],[43.819944,45.293496],[43.828062,45.300726],[43.818662,45.306265],[43.843189,45.327504],[43.843271,45.362589],[43.919657,45.362556],[43.919786,45.349454],[43.976644,45.349409],[43.97737,45.299253],[43.911972,45.24518],[43.892545,45.256603],[43.871443,45.238753],[43.833707,45.261778]]]}},{"type":"Feature","id":"108081-1739","properties":{"id":"108081-1739","name":"городской округ Ставрополь","name_ru":"городской округ Ставрополь","subject_id":"108081","subject_name":"Ставропольский край","source_gid":1739,"source_fid":1849,"names_rosstat":"Городской округ Город Ставрополь","population":563103,"area_km2":249.6993058352038,"density_km2":2255.124411005115,"source":"Актуализированный объединённый GeoJSON, предоставленный преподавателем","name_en":"Stavropol' Urban Okrug","name_zh":"Stavropol'城市辖区","subject_name_en":"Stavropol Krai","subject_name_zh":"斯塔夫罗波尔边疆区"},"geometry":{"type":"Polygon","coordinates":[[[41.695741,45.020513],[41.698347,45.005952],[41.710045,44.99718],[41.722042,44.992981],[41.728059,44.993111],[41.732287,44.994304],[41.735871,44.998601],[41.743026,44.999268],[41.752907,44.995216],[41.758465,44.990174],[41.770541,44.992747],[41.770458,45.018451],[41.789612,45.026295],[41.792626,45.030812],[41.797902,45.029441],[41.801506,45.023526],[41.803142,45.01606],[41.792363,45.011618],[41.803179,44.99843],[41.813252,45.002581],[41.825827,44.990212],[41.828071,44.990223],[41.838563,44.993226],[41.854342,45.002019],[41.852846,45.004097],[41.857105,45.006802],[41.85305,45.006692],[41.852388,45.008267],[41.854232,45.008851],[41.868721,45.008304],[41.879581,45.005806],[41.891783,45.002036],[41.899612,44.997663],[41.900849,45.000074],[41.903039,44.999604],[41.902099,44.998001],[41.905536,44.998637],[41.910431,44.994815],[41.921076,44.993562],[41.899978,44.991739],[41.898429,44.979989],[41.890418,44.975719],[41.893555,44.972859],[41.895734,44.974242],[41.920767,44.968466],[41.918647,44.973848],[41.919869,44.980303],[41.923644,44.98115],[41.930685,44.978072],[41.928651,44.975603],[41.930713,44.974827],[41.932313,44.975486],[41.93135,44.978727],[41.933871,44.977321],[41.93397,44.979079],[41.939573,44.979885],[41.941468,44.979826],[41.938941,44.973862],[41.945507,44.975161],[41.945136,44.979066],[41.947583,44.977368],[41.952616,44.977479],[41.946903,44.971704],[41.95109,44.969795],[41.954311,44.973273],[41.954058,44.976394],[41.957322,44.977196],[41.960211,44.972635],[41.964528,44.970339],[41.965534,44.97141],[41.962461,44.973409],[41.963339,44.975315],[41.977824,44.973311],[41.97901,44.975609],[41.963232,44.98103],[41.967264,44.987637],[41.97633,44.987593],[41.979012,44.989272],[41.983886,44.987726],[41.986946,44.989371],[41.983848,44.993034],[41.984955,44.996355],[41.989133,44.998388],[41.989865,44.994851],[42.007372,44.993506],[42.02065,44.989118],[42.023038,44.99362],[42.011479,44.997877],[42.011322,44.996081],[42.008753,44.995618],[42.012916,44.999958],[42.020976,44.998602],[42.021168,45.000591],[42.023552,45.001579],[42.029455,44.993335],[42.060114,44.972324],[42.068291,44.977948],[42.057787,44.985843],[42.051719,44.987271],[42.048308,44.989914],[42.048396,44.991932],[42.039741,44.998571],[42.031813,44.994661],[42.030265,44.999643],[42.032958,45.0065],[42.035721,45.010338],[42.037801,45.010553],[42.037571,45.014294],[42.050794,45.02011],[42.059646,45.02648],[42.046922,45.024747],[42.045489,45.027077],[42.049051,45.028035],[42.047648,45.029317],[42.069262,45.034719],[42.082645,45.043725],[42.073242,45.047455],[42.084001,45.049269],[42.084581,45.052656],[42.092048,45.057607],[42.079954,45.073314],[42.083715,45.073981],[42.084238,45.084189],[42.080708,45.083777],[42.072719,45.087668],[42.081207,45.08941],[42.0834,45.094583],[42.067335,45.096585],[42.056226,45.101105],[42.030118,45.106774],[42.030788,45.102646],[42.034252,45.09825],[42.039945,45.095804],[42.039526,45.091107],[42.035229,45.091376],[42.035021,45.089568],[42.023396,45.091736],[42.021091,45.088503],[42.024875,45.082949],[42.017442,45.082238],[42.017163,45.086058],[42.002608,45.084678],[42.002387,45.080127],[41.994755,45.076295],[41.99112,45.080908],[41.976703,45.082027],[41.972096,45.084906],[41.971521,45.087419],[41.987481,45.090614],[41.988593,45.092527],[41.987736,45.095054],[41.982448,45.095469],[41.985417,45.099478],[41.982383,45.106549],[41.971846,45.105405],[41.967756,45.112788],[41.966705,45.109973],[41.956286,45.113044],[41.948768,45.099306],[41.918986,45.096264],[41.924832,45.09146],[41.924238,45.087398],[41.927114,45.082412],[41.924453,45.082137],[41.926086,45.080682],[41.9226,45.078026],[41.923355,45.075626],[41.920804,45.073098],[41.922806,45.070923],[41.912931,45.067305],[41.913983,45.064544],[41.905169,45.064757],[41.896256,45.058712],[41.89919,45.057056],[41.89628,45.056139],[41.896933,45.053699],[41.893597,45.052291],[41.897876,45.044194],[41.89159,45.044163],[41.892004,45.03469],[41.880805,45.034772],[41.877784,45.02997],[41.876152,45.031223],[41.873388,45.029886],[41.876557,45.026607],[41.873698,45.027368],[41.845147,45.020638],[41.844918,45.022368],[41.849416,45.023632],[41.841205,45.026218],[41.838985,45.025767],[41.839464,45.023373],[41.834512,45.0248],[41.826181,45.022524],[41.826864,45.028272],[41.82318,45.03075],[41.823452,45.027984],[41.815821,45.021977],[41.818321,45.029527],[41.820695,45.030141],[41.81772,45.031951],[41.822689,45.032468],[41.820419,45.034368],[41.826221,45.040222],[41.828875,45.040747],[41.831052,45.037211],[41.840149,45.035058],[41.833154,45.041556],[41.832819,45.044462],[41.835301,45.044679],[41.839442,45.048575],[41.835335,45.051871],[41.836716,45.052464],[41.835501,45.054429],[41.833897,45.054184],[41.832489,45.061443],[41.846516,45.060544],[41.845962,45.065825],[41.849512,45.069489],[41.847678,45.071791],[41.84892,45.072488],[41.847741,45.075643],[41.842897,45.080614],[41.840542,45.07643],[41.821559,45.077017],[41.825368,45.066614],[41.821835,45.061271],[41.826681,45.056024],[41.809838,45.052174],[41.810281,45.057626],[41.802597,45.073112],[41.795939,45.077298],[41.785199,45.077481],[41.77513,45.08197],[41.754153,45.084758],[41.748693,45.083425],[41.742492,45.076284],[41.737728,45.064172],[41.734013,45.059021],[41.717039,45.044253],[41.714928,45.037051],[41.696748,45.026883],[41.697494,45.021154],[41.695741,45.020513]]]}},{"type":"Feature","id":"108081-1740","properties":{"id":"108081-1740","name":"Шпаковский муниципальный округ","name_ru":"Шпаковский муниципальный округ","subject_id":"108081","subject_name":"Ставропольский край","source_gid":1740,"source_fid":1850,"names_rosstat":"Шпаковский муниципальный округ","population":167111,"area_km2":2348.7791853030694,"density_km2":71.1480249167983,"source":"Актуализированный объединённый GeoJSON, предоставленный преподавателем","name_en":"Shpakovskii Municipal Okrug","name_zh":"Shpakovskii市政专区","subject_name_en":"Stavropol Krai","subject_name_zh":"斯塔夫罗波尔边疆区"},"geometry":{"type":"Polygon","coordinates":[[[41.409367,45.060687],[41.427933,45.060536],[41.428517,45.087499],[41.504662,45.086779],[41.504473,45.077786],[41.583677,45.076999],[41.601359,45.066658],[41.606681,45.068829],[41.669321,45.067042],[41.670132,45.103091],[41.657403,45.103223],[41.657981,45.130207],[41.682185,45.129974],[41.683492,45.140327],[41.695239,45.135077],[41.695495,45.156734],[41.683758,45.157018],[41.67044,45.161702],[41.671417,45.193779],[41.697373,45.19275],[41.697617,45.197213],[41.728617,45.196817],[41.744611,45.190024],[41.76931,45.184848],[41.784596,45.185],[41.810104,45.178246],[41.810782,45.176493],[41.828192,45.183564],[41.872537,45.191624],[41.883519,45.189567],[41.883834,45.192237],[41.88157,45.193486],[41.882417,45.202593],[41.88889,45.221171],[41.907041,45.219622],[41.888079,45.234391],[41.943061,45.234146],[41.943263,45.225467],[41.969357,45.225391],[41.967538,45.2557],[41.994574,45.256924],[41.994568,45.26142],[42.071365,45.261384],[42.071319,45.306345],[42.096817,45.306314],[42.096877,45.346844],[42.150996,45.345847],[42.158952,45.340032],[42.161928,45.333287],[42.198805,45.333273],[42.198804,45.331022],[42.203754,45.331018],[42.218097,45.315252],[42.262493,45.315176],[42.26243,45.292774],[42.335672,45.294245],[42.33535,45.303256],[42.360621,45.30366],[42.361972,45.268084],[42.36046,45.266279],[42.353615,45.264716],[42.353561,45.262745],[42.354385,45.257944],[42.372664,45.233441],[42.334621,45.232839],[42.335326,45.212089],[42.325419,45.2099],[42.328017,45.207617],[42.326063,45.205318],[42.327199,45.201762],[42.325693,45.199193],[42.328644,45.195712],[42.327584,45.194518],[42.309222,45.192582],[42.305324,45.189105],[42.291913,45.183447],[42.279747,45.183804],[42.266326,45.177814],[42.238924,45.178669],[42.191715,45.185559],[42.191371,45.180258],[42.185039,45.180389],[42.184739,45.160048],[42.182475,45.148919],[42.167429,45.142588],[42.138877,45.136393],[42.136159,45.127018],[42.131653,45.124427],[42.144838,45.123871],[42.153497,45.125461],[42.164794,45.107618],[42.171926,45.109775],[42.172934,45.108154],[42.146897,45.10145],[42.133811,45.100654],[42.1353,45.093276],[42.14704,45.092441],[42.146991,45.08025],[42.165335,45.080333],[42.17366,45.078169],[42.211189,45.035594],[42.207992,45.033795],[42.242541,45.008998],[42.255201,45.011053],[42.290331,44.985872],[42.286109,44.980931],[42.285994,44.955256],[42.399398,44.955083],[42.39828,44.775421],[42.404633,44.775313],[42.404455,44.743665],[42.27051,44.745247],[42.270345,44.762294],[42.221377,44.762304],[42.221078,44.776576],[42.169568,44.775868],[42.140169,44.743962],[42.084019,44.771283],[42.081414,44.781999],[42.078592,44.784784],[42.08106,44.786509],[42.076961,44.789793],[42.078969,44.791631],[42.072336,44.79774],[42.071106,44.800999],[42.063981,44.797752],[42.057394,44.797447],[42.05283,44.791387],[42.044207,44.785085],[42.038079,44.782953],[42.031999,44.776508],[42.025042,44.774913],[42.019439,44.775155],[42.015434,44.777803],[42.014579,44.776634],[42.012513,44.778027],[42.012773,44.782737],[42.010479,44.786104],[42.011141,44.788936],[42.015409,44.791549],[42.010547,44.795923],[42.008849,44.800451],[42.000831,44.802952],[42.003617,44.812117],[42.002548,44.8137],[41.984789,44.81889],[41.982937,44.817171],[41.994592,44.808591],[41.993731,44.804541],[42.003009,44.801044],[42.000021,44.799262],[42.00036,44.794058],[41.997692,44.794163],[42.002128,44.792512],[41.998521,44.788724],[42.002064,44.784921],[41.994481,44.782428],[41.994953,44.785897],[41.992308,44.78571],[41.99179,44.787436],[41.990717,44.783901],[41.988353,44.786146],[41.985274,44.784292],[41.980476,44.786325],[41.982204,44.790605],[41.981104,44.791344],[41.983227,44.792328],[41.975628,44.795714],[41.959166,44.798768],[41.95971,44.800579],[41.957907,44.802251],[41.960764,44.804606],[41.957488,44.808328],[41.962224,44.81394],[41.956145,44.821819],[41.95142,44.824372],[41.95015,44.830202],[41.936358,44.841411],[41.922498,44.845713],[41.91736,44.852519],[41.914389,44.85045],[41.912854,44.856944],[41.894812,44.852625],[41.883629,44.856421],[41.871766,44.863088],[41.870181,44.861383],[41.861029,44.866957],[41.854053,44.874999],[41.854069,44.872615],[41.842988,44.878928],[41.837928,44.879475],[41.825376,44.868476],[41.800136,44.878386],[41.800741,44.881715],[41.781217,44.888261],[41.773316,44.894858],[41.774111,44.896129],[41.740293,44.895959],[41.740634,44.904034],[41.72753,44.904191],[41.728012,44.92662],[41.71807,44.930176],[41.715862,44.933736],[41.708846,44.935245],[41.708722,44.937768],[41.696845,44.938246],[41.697128,44.951436],[41.693033,44.954293],[41.696354,44.958544],[41.695504,44.962586],[41.686699,44.973666],[41.690592,44.976706],[41.691293,44.980327],[41.695904,44.98568],[41.456479,44.988263],[41.452724,44.992247],[41.446252,44.995151],[41.444495,45.002155],[41.439169,45.008865],[41.439047,45.012408],[41.429262,45.019345],[41.427086,45.024393],[41.422555,45.026613],[41.420713,45.030103],[41.421913,45.030517],[41.416653,45.038342],[41.416518,45.044921],[41.414238,45.045639],[41.415252,45.046941],[41.41231,45.048081],[41.409201,45.05287],[41.41218,45.057917],[41.408833,45.058351],[41.409367,45.060687]],[[41.698347,45.005952],[41.710045,44.99718],[41.722042,44.992981],[41.732287,44.994304],[41.735871,44.998601],[41.743026,44.999268],[41.752907,44.995216],[41.758465,44.990174],[41.770541,44.992747],[41.770458,45.018451],[41.789612,45.026295],[41.792626,45.030812],[41.797902,45.029441],[41.801506,45.023526],[41.803142,45.01606],[41.792363,45.011618],[41.803179,44.99843],[41.813252,45.002581],[41.825827,44.990212],[41.838563,44.993226],[41.854342,45.002019],[41.852846,45.004097],[41.857105,45.006802],[41.85305,45.006692],[41.852388,45.008267],[41.854232,45.008851],[41.868721,45.008304],[41.891783,45.002036],[41.899612,44.997663],[41.900849,45.000074],[41.903039,44.999604],[41.902099,44.998001],[41.905536,44.998637],[41.910431,44.994815],[41.921076,44.993562],[41.899978,44.991739],[41.898429,44.979989],[41.890418,44.975719],[41.893555,44.972859],[41.895734,44.974242],[41.920767,44.968466],[41.918647,44.973848],[41.919869,44.980303],[41.923644,44.98115],[41.930685,44.978072],[41.928651,44.975603],[41.930713,44.974827],[41.932313,44.975486],[41.93135,44.978727],[41.933871,44.977321],[41.93397,44.979079],[41.939573,44.979885],[41.941468,44.979826],[41.938941,44.973862],[41.945507,44.975161],[41.945136,44.979066],[41.947583,44.977368],[41.952616,44.977479],[41.946903,44.971704],[41.95109,44.969795],[41.954311,44.973273],[41.954058,44.976394],[41.958206,44.977194],[41.960211,44.972635],[41.964528,44.970339],[41.965534,44.97141],[41.962461,44.973409],[41.963339,44.975315],[41.977824,44.973311],[41.97901,44.975609],[41.963232,44.98103],[41.967264,44.987637],[41.97633,44.987593],[41.979012,44.989272],[41.983886,44.987726],[41.986946,44.989371],[41.983848,44.993034],[41.984955,44.996355],[41.989133,44.998388],[41.989865,44.994851],[42.007372,44.993506],[42.02065,44.989118],[42.023038,44.99362],[42.011479,44.997877],[42.011322,44.996081],[42.008753,44.995618],[42.012916,44.999958],[42.020976,44.998602],[42.021168,45.000591],[42.023552,45.001579],[42.029455,44.993335],[42.060114,44.972324],[42.068291,44.977948],[42.057787,44.985843],[42.051719,44.987271],[42.048308,44.989914],[42.048396,44.991932],[42.039741,44.998571],[42.031813,44.994661],[42.030265,44.999643],[42.032958,45.0065],[42.035721,45.010338],[42.037801,45.010553],[42.037571,45.014294],[42.050794,45.02011],[42.059646,45.02648],[42.046922,45.024747],[42.045489,45.027077],[42.049051,45.028035],[42.047648,45.029317],[42.069262,45.034719],[42.082645,45.043725],[42.073242,45.047455],[42.084001,45.049269],[42.084581,45.052656],[42.092048,45.057607],[42.079954,45.073314],[42.083715,45.073981],[42.084238,45.084189],[42.080708,45.083777],[42.072719,45.087668],[42.081207,45.08941],[42.0834,45.094583],[42.067335,45.096585],[42.056226,45.101105],[42.030118,45.106774],[42.030788,45.102646],[42.034252,45.09825],[42.039945,45.095804],[42.039526,45.091107],[42.035229,45.091376],[42.035021,45.089568],[42.023396,45.091736],[42.021091,45.088503],[42.024875,45.082949],[42.017442,45.082238],[42.017163,45.086058],[42.002608,45.084678],[42.002387,45.080127],[41.994755,45.076295],[41.99112,45.080908],[41.976703,45.082027],[41.972096,45.084906],[41.971521,45.087419],[41.987481,45.090614],[41.988593,45.092527],[41.987736,45.095054],[41.982448,45.095469],[41.985417,45.099478],[41.982383,45.106549],[41.971846,45.105405],[41.967756,45.112788],[41.966705,45.109973],[41.956286,45.113044],[41.948768,45.099306],[41.918986,45.096264],[41.924832,45.09146],[41.924238,45.087398],[41.927114,45.082412],[41.924453,45.082137],[41.926086,45.080682],[41.9226,45.078026],[41.923355,45.075626],[41.920804,45.073098],[41.922806,45.070923],[41.912931,45.067305],[41.913983,45.064544],[41.905169,45.064757],[41.896256,45.058712],[41.89919,45.057056],[41.89628,45.056139],[41.896933,45.053699],[41.893597,45.052291],[41.897876,45.044194],[41.89159,45.044163],[41.892004,45.03469],[41.880805,45.034772],[41.877784,45.02997],[41.876152,45.031223],[41.873388,45.029886],[41.876557,45.026607],[41.873698,45.027368],[41.845147,45.020638],[41.844918,45.022368],[41.849416,45.023632],[41.841205,45.026218],[41.838985,45.025767],[41.839464,45.023373],[41.834512,45.0248],[41.826181,45.022524],[41.826864,45.028272],[41.82318,45.03075],[41.823452,45.027984],[41.815821,45.021977],[41.818321,45.029527],[41.820695,45.030141],[41.81772,45.031951],[41.822689,45.032468],[41.820419,45.034368],[41.826221,45.040222],[41.828875,45.040747],[41.831052,45.037211],[41.840149,45.035058],[41.833154,45.041556],[41.832819,45.044462],[41.835301,45.044679],[41.839442,45.048575],[41.835335,45.051871],[41.836716,45.052464],[41.835501,45.054429],[41.833897,45.054184],[41.832489,45.061443],[41.846516,45.060544],[41.845962,45.065825],[41.849512,45.069489],[41.847678,45.071791],[41.84892,45.072488],[41.847741,45.075643],[41.842897,45.080614],[41.840542,45.07643],[41.821559,45.077017],[41.825368,45.066614],[41.821835,45.061271],[41.826681,45.056024],[41.809838,45.052174],[41.810281,45.057626],[41.802597,45.073112],[41.795939,45.077298],[41.785199,45.077481],[41.77513,45.08197],[41.765574,45.083578],[41.754153,45.084758],[41.748693,45.083425],[41.742492,45.076284],[41.734013,45.059021],[41.717039,45.044253],[41.714928,45.037051],[41.696748,45.026883],[41.697494,45.021154],[41.695741,45.020513],[41.698347,45.005952]]]}},{"type":"Feature","id":"108081-1741","properties":{"id":"108081-1741","name":"Арзгирский муниципальный округ","name_ru":"Арзгирский муниципальный округ","subject_id":"108081","subject_name":"Ставропольский край","source_gid":1741,"source_fid":1851,"names_rosstat":"Арзгирский муниципальный округ","population":22466,"area_km2":3389.1205065595577,"density_km2":6.628858418140523,"source":"Актуализированный объединённый GeoJSON, предоставленный преподавателем","name_en":"Arzgirskii Municipal Okrug","name_zh":"Arzgirskii市政专区","subject_name_en":"Stavropol Krai","subject_name_zh":"斯塔夫罗波尔边疆区"},"geometry":{"type":"Polygon","coordinates":[[[43.84398,45.135888],[43.749669,45.192097],[43.833707,45.261778],[43.871443,45.238753],[43.892545,45.256603],[43.911972,45.24518],[43.97737,45.299253],[43.976644,45.349409],[43.919786,45.349454],[43.919311,45.400552],[43.944276,45.4008],[43.943676,45.587128],[43.964571,45.589424],[43.974862,45.588356],[43.975852,45.589531],[43.977394,45.588242],[43.982289,45.591635],[43.988687,45.589026],[43.992471,45.590562],[43.993362,45.595199],[43.999568,45.593163],[44.000916,45.594938],[44.007063,45.59487],[44.012728,45.597273],[44.014386,45.599938],[44.050322,45.598594],[44.058733,45.595351],[44.067316,45.596552],[44.080706,45.59391],[44.096294,45.586616],[44.098902,45.586462],[44.101042,45.58882],[44.103537,45.586702],[44.120836,45.583384],[44.122488,45.580996],[44.136242,45.58026],[44.138667,45.577466],[44.145383,45.575424],[44.150748,45.571503],[44.155018,45.572375],[44.155704,45.569926],[44.165639,45.57254],[44.182097,45.570888],[44.192783,45.571894],[44.203984,45.568049],[44.20693,45.569545],[44.213088,45.56594],[44.21886,45.566045],[44.216865,45.564348],[44.220577,45.566526],[44.220877,45.563371],[44.227121,45.560817],[44.23167,45.561388],[44.233516,45.563867],[44.234782,45.561959],[44.236584,45.56247],[44.236498,45.560922],[44.240168,45.56256],[44.239717,45.560246],[44.244107,45.561931],[44.245232,45.561388],[44.243579,45.559705],[44.249242,45.560498],[44.252227,45.55903],[44.257677,45.561478],[44.260531,45.560802],[44.261925,45.563274],[44.259949,45.564],[44.263521,45.564785],[44.258344,45.565732],[44.25871,45.568725],[44.261584,45.568955],[44.257868,45.5697],[44.25862,45.572055],[44.253445,45.575495],[44.255108,45.577174],[44.251296,45.577628],[44.252842,45.578938],[44.252387,45.589942],[44.269838,45.586053],[44.278841,45.580892],[44.278038,45.574942],[44.281897,45.572369],[44.297336,45.569313],[44.319047,45.551302],[44.324194,45.552588],[44.334647,45.549854],[44.348317,45.55082],[44.352981,45.553071],[44.364238,45.551945],[44.365846,45.550659],[44.365847,45.544708],[44.368741,45.54294],[44.381929,45.539723],[44.383055,45.537633],[44.409751,45.524124],[44.425994,45.517048],[44.438538,45.513993],[44.451726,45.507077],[44.482765,45.50161],[44.497721,45.501771],[44.514607,45.510455],[44.533906,45.504827],[44.536157,45.503058],[44.534067,45.499037],[44.5368,45.498877],[44.547575,45.501128],[44.547575,45.503219],[44.554008,45.499359],[44.571698,45.506436],[44.574915,45.506114],[44.586494,45.495178],[44.590193,45.487137],[44.598396,45.478292],[44.612065,45.474111],[44.632812,45.46414],[44.671248,45.454813],[44.699874,45.450471],[44.700357,45.449024],[44.715014,45.448662],[44.730752,45.44227],[44.742814,45.434872],[44.756484,45.433103],[44.761308,45.430852],[44.775782,45.431656],[44.788005,45.430209],[44.793312,45.429244],[44.797011,45.425706],[44.805856,45.431335],[44.829657,45.437607],[44.832853,45.432683],[44.774038,45.354985],[44.648046,45.138451],[44.518502,45.176438],[44.464626,45.08314],[44.511508,45.069443],[44.463288,44.985759],[44.463739,44.965903],[44.381613,44.897512],[44.221121,44.993676],[44.248198,45.012806],[44.251106,45.024207],[44.03551,45.152981],[43.97292,45.100447],[43.872491,45.159989],[43.84398,45.135888]]]}},{"type":"Feature","id":"108081-1742","properties":{"id":"108081-1742","name":"Туркменский муниципальный округ","name_ru":"Туркменский муниципальный округ","subject_id":"108081","subject_name":"Ставропольский край","source_gid":1742,"source_fid":1852,"names_rosstat":"Туркменский муниципальный округ","population":21733,"area_km2":2613.2180221202957,"density_km2":8.316565941316455,"source":"Актуализированный объединённый GeoJSON, предоставленный преподавателем","name_en":"Turkmenskii Municipal Okrug","name_zh":"Turkmenskii市政专区","subject_name_en":"Stavropol Krai","subject_name_zh":"斯塔夫罗波尔边疆区"},"geometry":{"type":"Polygon","coordinates":[[[43.783908,45.29128],[43.709307,45.335321],[43.693258,45.322274],[43.675499,45.332729],[43.667135,45.32577],[43.671664,45.322603],[43.638977,45.295117],[43.64875,45.289344],[43.583394,45.234028],[43.515403,45.274138],[43.512263,45.272116],[43.483674,45.272004],[43.483136,45.307961],[43.381218,45.307269],[43.381852,45.271029],[43.216155,45.269869],[43.214224,45.377745],[43.124983,45.37689],[43.12616,45.316442],[43.123341,45.310361],[43.118806,45.308262],[43.118827,45.305184],[43.121692,45.304355],[43.116544,45.295751],[43.024692,45.294795],[43.022723,45.384517],[42.997008,45.384574],[42.995896,45.420654],[42.957729,45.420158],[42.955355,45.528026],[43.172682,45.530398],[43.171948,45.57525],[43.300175,45.576425],[43.300206,45.570569],[43.354684,45.571102],[43.3553,45.535232],[43.508725,45.536125],[43.508543,45.608304],[43.504028,45.608286],[43.504226,45.616709],[43.516372,45.616102],[43.516845,45.613455],[43.523083,45.615335],[43.522362,45.614189],[43.526589,45.613016],[43.526174,45.62613],[43.610073,45.626682],[43.610253,45.608621],[43.815723,45.609809],[43.814956,45.700079],[43.988234,45.70042],[43.987797,45.733848],[44.010259,45.727566],[44.010015,45.725137],[44.019836,45.720639],[44.018633,45.718893],[44.023715,45.716881],[44.026872,45.710555],[44.044617,45.707889],[44.057524,45.702683],[44.064808,45.704667],[44.074341,45.711812],[44.083811,45.712134],[44.101926,45.718111],[44.122894,45.718451],[44.122241,45.705608],[44.124377,45.690484],[44.14942,45.663403],[44.162244,45.656638],[44.171572,45.647953],[44.171411,45.644255],[44.181222,45.63541],[44.200681,45.623027],[44.201003,45.620775],[44.207114,45.616111],[44.214191,45.614664],[44.234615,45.599225],[44.249411,45.594079],[44.252387,45.589942],[44.252842,45.578938],[44.251296,45.577628],[44.255108,45.577174],[44.253445,45.575495],[44.25862,45.572055],[44.257868,45.5697],[44.261584,45.568955],[44.25871,45.568725],[44.258344,45.565732],[44.263521,45.564785],[44.259949,45.564],[44.261925,45.563274],[44.260531,45.560802],[44.257677,45.561478],[44.252227,45.55903],[44.249242,45.560498],[44.243579,45.559705],[44.245232,45.561388],[44.244107,45.561931],[44.239717,45.560246],[44.240168,45.56256],[44.236498,45.560922],[44.236584,45.56247],[44.234782,45.561959],[44.233516,45.563867],[44.23167,45.561388],[44.227121,45.560817],[44.220877,45.563371],[44.220577,45.566526],[44.218753,45.564603],[44.216865,45.564348],[44.21886,45.566045],[44.213088,45.56594],[44.20693,45.569545],[44.203984,45.568049],[44.192783,45.571894],[44.182097,45.570888],[44.165639,45.57254],[44.155704,45.569926],[44.155018,45.572375],[44.150748,45.571503],[44.145383,45.575424],[44.138667,45.577466],[44.136242,45.58026],[44.122488,45.580996],[44.120836,45.583384],[44.103537,45.586702],[44.101042,45.58882],[44.098902,45.586462],[44.096294,45.586616],[44.080706,45.59391],[44.067316,45.596552],[44.058733,45.595351],[44.050322,45.598594],[44.014386,45.599938],[44.012728,45.597273],[44.007063,45.59487],[44.000916,45.594938],[43.999568,45.593163],[43.993362,45.595199],[43.992471,45.590562],[43.988687,45.589026],[43.982289,45.591635],[43.977394,45.588242],[43.975852,45.589531],[43.974862,45.588356],[43.964571,45.589424],[43.943676,45.587128],[43.944276,45.4008],[43.919311,45.400552],[43.919657,45.362556],[43.843271,45.362589],[43.843189,45.327504],[43.818662,45.306265],[43.828062,45.300726],[43.819944,45.293496],[43.800429,45.305087],[43.783908,45.29128]]]}},{"type":"Feature","id":"108081-1743","properties":{"id":"108081-1743","name":"Петровский муниципальный округ","name_ru":"Петровский муниципальный округ","subject_id":"108081","subject_name":"Ставропольский край","source_gid":1743,"source_fid":1853,"names_rosstat":"Петровский муниципальный округ","population":67293,"area_km2":2738.7857654842587,"density_km2":24.570377445386487,"source":"Актуализированный объединённый GeoJSON, предоставленный преподавателем","name_en":"Petrovskii Municipal Okrug","name_zh":"Petrovskii市政专区","subject_name_en":"Stavropol Krai","subject_name_zh":"斯塔夫罗波尔边疆区"},"geometry":{"type":"Polygon","coordinates":[[[42.379937,45.564663],[42.387847,45.560924],[42.387101,45.557938],[42.412012,45.541345],[42.455181,45.54202],[42.458984,45.447566],[42.484453,45.449553],[42.485158,45.425376],[42.476806,45.403512],[42.472727,45.398072],[42.473667,45.387473],[42.484002,45.373554],[42.499823,45.365174],[42.501759,45.305787],[42.53991,45.30638],[42.542476,45.225616],[42.541403,45.170474],[42.617751,45.170103],[42.617706,45.165628],[42.656016,45.16542],[42.655809,45.151769],[42.706509,45.151544],[42.705817,45.097585],[42.655049,45.097877],[42.65501,45.052854],[42.736888,45.052022],[42.737521,45.049642],[42.766893,45.043226],[42.781445,45.033312],[42.802775,45.038363],[42.819883,45.032951],[42.827548,45.025077],[42.829241,45.017939],[42.858548,45.018253],[42.860081,45.004832],[42.828067,45.004432],[42.828671,44.977476],[42.841392,44.977641],[42.842002,44.950712],[42.930818,44.951655],[42.931978,44.960762],[42.993522,44.961453],[42.993376,44.970545],[43.018988,44.97076],[43.018407,44.988756],[43.157977,44.990336],[43.156762,45.035275],[43.1442,45.035207],[43.142993,45.061991],[43.13094,45.061903],[43.129903,45.133653],[43.14192,45.134074],[43.141536,45.200047],[43.147175,45.19981],[43.15357,45.210582],[43.173951,45.210844],[43.173794,45.224221],[43.229677,45.22517],[43.228848,45.269659],[43.216155,45.269869],[43.214224,45.377745],[43.124983,45.37689],[43.12616,45.316442],[43.123341,45.310361],[43.118806,45.308262],[43.118827,45.305184],[43.121692,45.304355],[43.116544,45.295751],[43.024692,45.294795],[43.022723,45.384517],[42.997008,45.384574],[42.995896,45.420654],[42.957729,45.420158],[42.954958,45.539955],[42.863147,45.581418],[42.859823,45.580774],[42.858546,45.578662],[42.858184,45.571007],[42.850512,45.563443],[42.850451,45.557486],[42.845745,45.553235],[42.84166,45.553093],[42.839598,45.555308],[42.837173,45.550955],[42.83372,45.550003],[42.835158,45.54717],[42.831912,45.544896],[42.837508,45.542997],[42.827684,45.540881],[42.830927,45.540127],[42.827094,45.537895],[42.82938,45.537045],[42.828329,45.533314],[42.831627,45.53495],[42.832537,45.531993],[42.830653,45.531896],[42.81831,45.53189],[42.824024,45.566406],[42.830174,45.574051],[42.812342,45.574399],[42.790408,45.578334],[42.774548,45.578646],[42.752389,45.583005],[42.736141,45.589603],[42.735642,45.606167],[42.633246,45.604702],[42.633696,45.58671],[42.584875,45.585833],[42.586643,45.583647],[42.582902,45.580354],[42.57553,45.578603],[42.578338,45.576891],[42.575688,45.575134],[42.579398,45.572375],[42.557408,45.572057],[42.555934,45.5855],[42.518251,45.585011],[42.518441,45.576145],[42.488964,45.575497],[42.489735,45.548581],[42.44336,45.548116],[42.442245,45.565782],[42.379937,45.564663]]]}},{"type":"Feature","id":"108081-1744","properties":{"id":"108081-1744","name":"Грачёвский муниципальный округ","name_ru":"Грачёвский муниципальный округ","subject_id":"108081","subject_name":"Ставропольский край","source_gid":1744,"source_fid":1854,"names_rosstat":"Грачевский муниципальный округ","population":37808,"area_km2":1792.0103530658891,"density_km2":21.09809239400631,"source":"Актуализированный объединённый GeoJSON, предоставленный преподавателем","name_en":"Grachiovskii Municipal Okrug","name_zh":"Grachiovskii市政专区","subject_name_en":"Stavropol Krai","subject_name_zh":"斯塔夫罗波尔边疆区"},"geometry":{"type":"Polygon","coordinates":[[[42.131653,45.124427],[42.144838,45.123871],[42.153497,45.125461],[42.164794,45.107618],[42.171926,45.109775],[42.172934,45.108154],[42.146897,45.10145],[42.133811,45.100654],[42.1353,45.093276],[42.14704,45.092441],[42.146991,45.08025],[42.165335,45.080333],[42.17366,45.078169],[42.211189,45.035594],[42.207992,45.033795],[42.242541,45.008998],[42.255201,45.011053],[42.290331,44.985872],[42.286109,44.980931],[42.285994,44.955256],[42.48828,44.954923],[42.487146,44.891909],[42.576043,44.891493],[42.575943,44.900525],[42.667909,44.900125],[42.670099,44.900057],[42.670122,44.885733],[42.714981,44.885472],[42.71665,44.887122],[42.715285,44.887847],[42.717861,44.888354],[42.715069,44.889964],[42.718318,44.890634],[42.715809,44.893135],[42.718074,44.895943],[42.71769,44.898527],[42.721266,44.900096],[42.722016,44.90831],[42.725409,44.908501],[42.726688,44.911681],[42.729049,44.911757],[42.725916,44.912791],[42.726302,44.914021],[42.723298,44.913201],[42.725036,44.915009],[42.722955,44.915495],[42.723556,44.917288],[42.719028,44.917076],[42.72362,44.920342],[42.72053,44.921907],[42.721324,44.924961],[42.719436,44.924992],[42.725723,44.928182],[42.735937,44.924369],[42.743189,44.917395],[42.744816,44.912541],[42.755857,44.902205],[42.763835,44.900039],[42.763972,44.913596],[42.804917,44.914223],[42.804823,44.923443],[42.842729,44.923794],[42.841392,44.977641],[42.828671,44.977476],[42.828067,45.004432],[42.860081,45.004832],[42.858548,45.018253],[42.829241,45.017939],[42.827548,45.025077],[42.819883,45.032951],[42.802775,45.038363],[42.781445,45.033312],[42.766893,45.043226],[42.737521,45.049642],[42.736888,45.052022],[42.65501,45.052854],[42.655049,45.097877],[42.705817,45.097585],[42.706509,45.151544],[42.655809,45.151769],[42.656016,45.16542],[42.617706,45.165628],[42.617751,45.170103],[42.541403,45.170474],[42.542476,45.225616],[42.53991,45.30638],[42.501759,45.305787],[42.499823,45.365174],[42.484002,45.373554],[42.473667,45.387473],[42.472727,45.398072],[42.476806,45.403512],[42.485158,45.425376],[42.484453,45.449553],[42.458984,45.447566],[42.455181,45.54202],[42.412012,45.541345],[42.387101,45.557938],[42.387847,45.560924],[42.377744,45.564244],[42.37234,45.5731],[42.373121,45.5596],[42.378234,45.558293],[42.38313,45.420878],[42.332168,45.42004],[42.333277,45.384044],[42.243251,45.382415],[42.243014,45.387355],[42.147984,45.387332],[42.147907,45.345455],[42.150996,45.345847],[42.158952,45.340032],[42.161928,45.333287],[42.198805,45.333273],[42.198804,45.331022],[42.203754,45.331018],[42.218097,45.315252],[42.262493,45.315176],[42.26243,45.292774],[42.335672,45.294245],[42.33535,45.303256],[42.360621,45.30366],[42.361972,45.268084],[42.36046,45.266279],[42.353615,45.264716],[42.353561,45.262745],[42.354385,45.257944],[42.372664,45.233441],[42.334621,45.232839],[42.335326,45.212089],[42.325419,45.2099],[42.328017,45.207617],[42.326063,45.205318],[42.327199,45.201762],[42.325693,45.199193],[42.328653,45.195452],[42.309222,45.192582],[42.305324,45.189105],[42.291913,45.183447],[42.279747,45.183804],[42.271838,45.181216],[42.269292,45.178427],[42.258977,45.177772],[42.216292,45.18117],[42.203182,45.184755],[42.191715,45.185559],[42.191371,45.180258],[42.185039,45.180389],[42.184739,45.160048],[42.182475,45.148919],[42.167429,45.142588],[42.138877,45.136393],[42.136159,45.127018],[42.131653,45.124427]]]}},{"type":"Feature","id":"108081-1745","properties":{"id":"108081-1745","name":"Изобильненский муниципальный округ","name_ru":"Изобильненский муниципальный округ","subject_id":"108081","subject_name":"Ставропольский край","source_gid":1745,"source_fid":1855,"names_rosstat":"Изобильненский муниципальный округ","population":103379,"area_km2":1936.2466167999653,"density_km2":53.39144254818866,"source":"Актуализированный объединённый GeoJSON, предоставленный преподавателем","name_en":"Izobil'nenskii Municipal Okrug","name_zh":"Izobil'nenskii市政专区","subject_name_en":"Stavropol Krai","subject_name_zh":"斯塔夫罗波尔边疆区"},"geometry":{"type":"Polygon","coordinates":[[[41.351444,45.091391],[41.354072,45.090381],[41.35345,45.088665],[41.366246,45.087176],[41.383631,45.078296],[41.389932,45.077269],[41.39665,45.069232],[41.40635,45.064124],[41.408403,45.060467],[41.427933,45.060536],[41.428517,45.087499],[41.504662,45.086779],[41.504473,45.077786],[41.583677,45.076999],[41.601359,45.066658],[41.606681,45.068829],[41.669321,45.067042],[41.670132,45.103091],[41.657403,45.103223],[41.657981,45.130207],[41.682185,45.129974],[41.683492,45.140327],[41.695239,45.135077],[41.695495,45.156734],[41.683758,45.157018],[41.67044,45.161702],[41.671417,45.193779],[41.697373,45.19275],[41.697617,45.197213],[41.728617,45.196817],[41.744611,45.190024],[41.76931,45.184848],[41.784596,45.185],[41.810104,45.178246],[41.810782,45.176493],[41.828192,45.183564],[41.872537,45.191624],[41.883519,45.189567],[41.883834,45.192237],[41.88157,45.193486],[41.882417,45.202593],[41.88889,45.221171],[41.907041,45.219622],[41.888079,45.234391],[41.943061,45.234146],[41.943263,45.225467],[41.969357,45.225391],[41.967538,45.2557],[41.994574,45.256924],[41.994568,45.26142],[42.071365,45.261384],[42.071319,45.306345],[42.096817,45.306314],[42.096877,45.346844],[42.071024,45.346875],[42.064477,45.351411],[42.045915,45.351282],[42.045292,45.369484],[41.867214,45.369239],[41.866233,45.387112],[41.861093,45.385411],[41.856856,45.387226],[41.83602,45.38719],[41.843148,45.396127],[41.846506,45.39793],[41.845344,45.403386],[41.849882,45.411357],[41.842461,45.418003],[41.845186,45.427745],[41.841908,45.432436],[41.843325,45.434544],[41.841756,45.440105],[41.854803,45.451216],[41.848882,45.462632],[41.826998,45.47606],[41.824109,45.483173],[41.816191,45.488179],[41.817509,45.488932],[41.814565,45.492529],[41.799852,45.498759],[41.800469,45.510575],[41.789228,45.510553],[41.789347,45.534643],[41.791749,45.536286],[41.790412,45.539484],[41.797198,45.538436],[41.799881,45.540713],[41.801621,45.546752],[41.807378,45.547562],[41.808351,45.551067],[41.815545,45.554203],[41.816274,45.556683],[41.812289,45.559367],[41.817432,45.560846],[41.816164,45.563801],[41.82044,45.563859],[41.822244,45.56563],[41.827856,45.564488],[41.82734,45.569639],[41.830344,45.572587],[41.829108,45.580394],[41.81332,45.578629],[41.793462,45.573712],[41.780529,45.576606],[41.777045,45.57509],[41.77146,45.580873],[41.771987,45.583313],[41.767436,45.586199],[41.750559,45.590382],[41.751765,45.593401],[41.748709,45.596657],[41.749356,45.598455],[41.738649,45.600824],[41.737909,45.656887],[41.660339,45.656781],[41.660516,45.584673],[41.570734,45.584538],[41.571234,45.546968],[41.564907,45.547168],[41.56476,45.54523],[41.524942,45.545047],[41.526212,45.560112],[41.508555,45.564775],[41.495108,45.564231],[41.49504,45.568214],[41.46327,45.568451],[41.461719,45.510177],[41.474442,45.510099],[41.474121,45.492054],[41.448679,45.492336],[41.446244,45.402099],[41.433281,45.402098],[41.431162,45.303511],[41.450392,45.303091],[41.450052,45.287223],[41.45672,45.286862],[41.45657,45.280626],[41.465086,45.279224],[41.476083,45.274519],[41.481118,45.278048],[41.484634,45.277718],[41.484463,45.27417],[41.477365,45.270056],[41.480089,45.265491],[41.476568,45.255667],[41.471822,45.254896],[41.465054,45.256555],[41.463682,45.254673],[41.46519,45.252698],[41.468794,45.2523],[41.474925,45.253486],[41.481594,45.245119],[41.48612,45.242216],[41.485944,45.231264],[41.490524,45.228914],[41.490333,45.224969],[41.492982,45.22452],[41.491862,45.221028],[41.495231,45.219057],[41.502734,45.218355],[41.489637,45.212894],[41.388979,45.214045],[41.388725,45.196027],[41.378607,45.195853],[41.378752,45.214058],[41.353338,45.214365],[41.353171,45.186895],[41.365911,45.186898],[41.365587,45.177906],[41.352952,45.177877],[41.351444,45.091391]]]}},{"type":"Feature","id":"108081-1746","properties":{"id":"108081-1746","name":"Новоалександровский муниципальный округ","name_ru":"Новоалександровский муниципальный округ","subject_id":"108081","subject_name":"Ставропольский край","source_gid":1746,"source_fid":1856,"names_rosstat":"Новоалександровский муниципальный округ","population":61686,"area_km2":2024.6592176509955,"density_km2":30.467349498730922,"source":"Актуализированный объединённый GeoJSON, предоставленный преподавателем","name_en":"Novoaleksandrovskii Municipal Okrug","name_zh":"Novoaleksandrovskii市政专区","subject_name_en":"Stavropol Krai","subject_name_zh":"斯塔夫罗波尔边疆区"},"geometry":{"type":"Polygon","coordinates":[[[40.846043,45.51692],[40.863503,45.517547],[40.882291,45.514764],[40.923175,45.516862],[40.922491,45.447101],[40.931355,45.446143],[40.932313,45.443722],[40.939622,45.438667],[40.940638,45.435855],[40.949959,45.434784],[40.951159,45.432292],[40.958469,45.4309],[40.961693,45.428213],[40.971469,45.427292],[40.978403,45.424419],[40.980607,45.420591],[40.97928,45.413748],[40.97502,45.41193],[40.974811,45.41454],[40.97355,45.414358],[40.973484,45.411534],[40.979174,45.407039],[40.981617,45.402009],[40.975752,45.401747],[40.977754,45.397594],[40.974033,45.392539],[40.979144,45.390481],[40.984861,45.394926],[40.989559,45.395728],[40.99532,45.393013],[40.994424,45.382893],[40.991039,45.377283],[41.004798,45.379643],[41.007156,45.378089],[41.007194,45.373239],[40.999549,45.37545],[41.001203,45.367913],[40.991969,45.367228],[40.989489,45.363835],[40.992687,45.362139],[40.998168,45.363423],[41.000491,45.356345],[41.007196,45.349503],[41.000909,45.346593],[41.002075,45.343279],[40.994521,45.34053],[40.994456,45.338962],[41.003106,45.333545],[41.002571,45.329759],[40.993477,45.322803],[40.996349,45.320931],[41.004806,45.324565],[41.006595,45.323718],[41.00642,45.321711],[41.002614,45.319536],[41.002875,45.317433],[41.009923,45.319366],[41.014859,45.317974],[41.016121,45.309229],[41.024608,45.305723],[41.0197,45.301831],[41.021241,45.297445],[41.019372,45.294972],[41.020287,45.291493],[41.024085,45.291366],[41.023358,45.288637],[41.02746,45.290332],[41.026651,45.287377],[41.032032,45.280794],[41.020317,45.281707],[41.02739,45.279004],[41.03307,45.280174],[41.034908,45.278034],[41.026989,45.274107],[41.014531,45.277825],[41.011357,45.275686],[41.013896,45.275803],[41.013161,45.272065],[41.015467,45.271265],[41.019567,45.272835],[41.027707,45.271501],[41.027614,45.266618],[41.024946,45.264346],[41.022106,45.265193],[41.016884,45.2634],[41.018192,45.258326],[41.021898,45.255982],[41.031309,45.259015],[41.038847,45.255624],[41.027456,45.239273],[41.036945,45.229535],[41.036139,45.225292],[41.232713,45.223985],[41.232885,45.233001],[41.258261,45.232849],[41.258531,45.250751],[41.264831,45.250679],[41.265112,45.25796],[41.278997,45.263847],[41.288644,45.249261],[41.290639,45.235624],[41.294165,45.23295],[41.293476,45.228498],[41.29749,45.223569],[41.35348,45.223054],[41.353338,45.214365],[41.378752,45.214058],[41.378607,45.195853],[41.388725,45.196027],[41.388979,45.214045],[41.489637,45.212894],[41.502734,45.218355],[41.495231,45.219057],[41.491862,45.221028],[41.492982,45.22452],[41.490333,45.224969],[41.490524,45.228914],[41.485944,45.231264],[41.48612,45.242216],[41.481594,45.245119],[41.474925,45.253486],[41.468794,45.2523],[41.46519,45.252698],[41.463682,45.254673],[41.465054,45.256555],[41.471822,45.254896],[41.476568,45.255667],[41.480089,45.265491],[41.477365,45.270056],[41.484463,45.27417],[41.484634,45.277718],[41.481118,45.278048],[41.476083,45.274519],[41.465086,45.279224],[41.45657,45.280626],[41.45672,45.286862],[41.450052,45.287223],[41.450392,45.303091],[41.431162,45.303511],[41.433281,45.402098],[41.446244,45.402099],[41.448679,45.492336],[41.474121,45.492054],[41.474442,45.510099],[41.461719,45.510177],[41.462552,45.555154],[41.328167,45.556356],[41.328593,45.583093],[41.333912,45.583401],[41.334536,45.622066],[41.331962,45.623028],[41.332174,45.633122],[41.319728,45.633511],[41.321474,45.682346],[41.298123,45.682538],[41.298671,45.702003],[41.305402,45.703191],[41.32046,45.697628],[41.324714,45.697802],[41.328059,45.699806],[41.322927,45.708981],[41.329937,45.713742],[41.330054,45.717761],[41.247613,45.718705],[41.247513,45.758936],[41.169374,45.759651],[41.167237,45.674439],[41.053134,45.675002],[41.053256,45.693132],[41.02911,45.693199],[41.032887,45.696267],[41.032615,45.698484],[41.023316,45.701895],[41.017231,45.706414],[41.009815,45.707519],[41.009304,45.71204],[41.007744,45.713057],[41.003433,45.712608],[41.000648,45.709825],[40.99212,45.712847],[40.988091,45.711825],[40.979072,45.713609],[40.963457,45.705951],[40.963034,45.693733],[40.847968,45.694229],[40.846043,45.51692]]]}},{"type":"Feature","id":"108081-1747","properties":{"id":"108081-1747","name":"Апанасенковский муниципальный округ","name_ru":"Апанасенковский муниципальный округ","subject_id":"108081","subject_name":"Ставропольский край","source_gid":1747,"source_fid":1857,"names_rosstat":"Апанасенковский муниципальный округ","population":28763,"area_km2":3608.8723204997136,"density_km2":7.9700796940406144,"source":"Актуализированный объединённый GeoJSON, предоставленный преподавателем","name_en":"Apanasenkovskii Municipal Okrug","name_zh":"Apanasenkovskii市政专区","subject_name_en":"Stavropol Krai","subject_name_zh":"斯塔夫罗波尔边疆区"},"geometry":{"type":"Polygon","coordinates":[[[43.815723,45.609809],[43.610253,45.608621],[43.610073,45.626682],[43.527251,45.626351],[43.526589,45.613016],[43.522362,45.614189],[43.523083,45.615335],[43.516845,45.613455],[43.516372,45.616102],[43.504226,45.616709],[43.504028,45.608286],[43.508543,45.608304],[43.508725,45.536125],[43.3553,45.535232],[43.353092,45.666614],[43.345574,45.667834],[43.342147,45.666763],[43.335633,45.669246],[43.330285,45.668034],[43.328937,45.669894],[43.321061,45.671186],[43.320426,45.675199],[43.315078,45.676778],[43.306626,45.676543],[43.30451,45.675472],[43.304366,45.673054],[43.301374,45.673386],[43.300778,45.696302],[43.35229,45.697031],[43.350252,45.827253],[43.345301,45.82966],[43.343695,45.828302],[43.340951,45.831056],[43.333011,45.828972],[43.332353,45.834664],[43.327393,45.83285],[43.325461,45.834522],[43.321428,45.832138],[43.324668,45.82865],[43.32169,45.828925],[43.319224,45.824253],[43.311927,45.824493],[43.304014,45.827525],[43.297691,45.823785],[43.296495,45.818754],[43.284323,45.817066],[43.281607,45.819746],[43.277724,45.819571],[43.279464,45.815827],[43.27717,45.81333],[43.262659,45.813848],[43.259674,45.811498],[43.248054,45.814939],[43.245863,45.811534],[43.232688,45.809453],[43.237462,45.807757],[43.235069,45.806288],[43.23662,45.803634],[43.235343,45.802505],[43.23053,45.804019],[43.232068,45.802273],[43.230587,45.800386],[43.226581,45.799409],[43.226179,45.802724],[43.221655,45.800002],[43.223037,45.804399],[43.217715,45.803936],[43.217849,45.80094],[43.212843,45.803602],[43.210812,45.801167],[43.212351,45.799329],[43.209468,45.798856],[43.210319,45.796924],[43.207885,45.796816],[43.206609,45.799126],[43.206177,45.796957],[43.199345,45.795156],[43.200432,45.792014],[43.204521,45.792616],[43.203731,45.790794],[43.205384,45.789897],[43.202605,45.788334],[43.204648,45.78747],[43.202391,45.783317],[43.200173,45.783901],[43.194381,45.778694],[43.191409,45.781863],[43.188935,45.780158],[43.191506,45.775966],[43.184065,45.777309],[43.185744,45.774898],[43.182362,45.77294],[43.17651,45.776495],[43.177984,45.773156],[43.17666,45.772287],[43.174474,45.774882],[43.174832,45.772864],[43.171685,45.770346],[43.167083,45.773943],[43.167366,45.775393],[43.165488,45.773972],[43.160998,45.774397],[43.158906,45.778634],[43.160485,45.779332],[43.160388,45.781677],[43.153605,45.777404],[43.152784,45.779755],[43.15074,45.77819],[43.145412,45.781026],[43.147022,45.782519],[43.144526,45.78391],[43.138712,45.780515],[43.135444,45.784429],[43.136445,45.787219],[43.132753,45.786716],[43.131414,45.788773],[43.133161,45.788803],[43.133505,45.791835],[43.131446,45.790915],[43.13049,45.795851],[43.128299,45.795876],[43.127676,45.793118],[43.125898,45.797323],[43.123116,45.797981],[43.119395,45.795521],[43.120176,45.792997],[43.114855,45.793681],[43.116285,45.793373],[43.115398,45.790452],[43.117261,45.790184],[43.11466,45.789219],[43.116872,45.787444],[43.113688,45.78664],[43.1139,45.783957],[43.108955,45.784659],[43.106584,45.789489],[43.105551,45.788365],[43.102769,45.790008],[43.099354,45.787294],[43.095485,45.790461],[43.09435,45.787695],[43.090115,45.788496],[43.09326,45.785201],[43.088629,45.780888],[43.082725,45.782406],[43.08587,45.784147],[43.084751,45.785701],[43.081698,45.786694],[43.083796,45.785165],[43.080181,45.782322],[43.076575,45.784508],[43.078575,45.787161],[43.073681,45.788142],[43.06946,45.784174],[43.066779,45.784085],[43.067916,45.786573],[43.064757,45.787042],[43.06525,45.788842],[43.070126,45.790188],[43.065112,45.792698],[43.060767,45.791475],[43.059664,45.794419],[43.057097,45.792852],[43.053474,45.794138],[43.050345,45.789731],[43.047094,45.789559],[43.046032,45.792257],[43.04278,45.791803],[43.04281,45.795455],[43.045085,45.797779],[43.042507,45.808387],[43.061977,45.816721],[43.0907,45.824517],[43.039726,45.886876],[43.036268,45.89456],[43.02745,45.898425],[43.024223,45.897675],[43.025235,45.89978],[43.010712,45.908664],[43.008836,45.917352],[42.996344,45.923218],[42.996107,45.925559],[42.999491,45.927139],[42.998579,45.92805],[42.992026,45.930229],[42.950657,45.913967],[42.940881,45.919987],[42.935993,45.921149],[42.932491,45.924745],[42.91433,45.931055],[42.905941,45.931437],[42.927663,45.904687],[42.844293,45.871642],[42.697833,46.050627],[42.704131,46.050449],[42.706279,46.055319],[42.70042,46.058286],[42.697544,46.063783],[42.691244,46.063986],[42.68851,46.065328],[42.688705,46.066902],[42.690165,46.06897],[42.717552,46.079954],[42.709389,46.090356],[42.737709,46.091098],[42.821845,46.151572],[42.862964,46.177846],[42.855052,46.178106],[42.853983,46.180283],[42.857803,46.181571],[42.857052,46.184156],[42.84819,46.188984],[42.839378,46.190603],[42.845038,46.192166],[42.844895,46.195319],[42.849609,46.199393],[42.848703,46.200981],[42.852038,46.202276],[42.856623,46.199114],[42.858225,46.201564],[42.861644,46.201817],[42.866144,46.205192],[42.868261,46.203995],[42.868922,46.206994],[42.871891,46.208187],[42.876006,46.204961],[42.875121,46.209023],[42.881606,46.208258],[42.913775,46.236222],[42.931787,46.236062],[42.961862,46.1965],[42.978588,46.182509],[43.001746,46.169322],[43.033267,46.163693],[43.069935,46.151471],[43.164443,46.128765],[43.192642,46.117539],[43.204865,46.116414],[43.218374,46.112233],[43.257453,46.110464],[43.281737,46.104032],[43.298785,46.097117],[43.310364,46.08988],[43.329825,46.071808],[43.349372,46.050134],[43.383564,46.027393],[43.404965,46.008945],[43.421917,46.003878],[43.426638,46.004116],[43.433461,45.999943],[43.444919,46.001225],[43.450368,45.998953],[43.455176,45.992877],[43.481655,45.993593],[43.492727,45.996813],[43.505272,45.993762],[43.513249,45.994828],[43.536329,45.989418],[43.540707,45.986347],[43.548174,45.986854],[43.584771,45.982307],[43.588684,45.982491],[43.59116,45.988727],[43.594216,45.988888],[43.598558,45.986797],[43.603865,45.978917],[43.60676,45.978917],[43.607081,45.981812],[43.61464,45.982616],[43.614962,45.98535],[43.617052,45.985671],[43.619304,45.990496],[43.622681,45.991139],[43.624772,45.989853],[43.621555,45.98728],[43.623163,45.985993],[43.628953,45.984385],[43.629918,45.986476],[43.636029,45.987762],[43.635225,45.982294],[43.639406,45.983903],[43.638442,45.980847],[43.645357,45.9794],[43.645357,45.981008],[43.654524,45.980526],[43.665781,45.982938],[43.673018,45.981812],[43.6772,45.98326],[43.691834,45.979239],[43.705343,45.982295],[43.723194,45.982617],[43.733004,45.978275],[43.748604,45.978919],[43.766295,45.97136],[43.771693,45.973817],[43.776398,45.972932],[43.779834,45.970777],[43.778987,45.9686],[43.785638,45.967812],[43.784093,45.966375],[43.787141,45.962897],[43.790937,45.96362],[43.793474,45.961229],[43.808108,45.958334],[43.810038,45.956404],[43.81438,45.959299],[43.817919,45.956726],[43.821939,45.956726],[43.824512,45.959139],[43.826281,45.957691],[43.847027,45.95737],[43.863592,45.953832],[43.874689,45.948686],[43.882408,45.949168],[43.893183,45.944183],[43.903154,45.948364],[43.915216,45.946596],[43.919373,45.943952],[43.918432,45.93775],[43.920684,45.931157],[43.927117,45.925207],[43.931459,45.910572],[43.93146,45.908159],[43.922936,45.903013],[43.944969,45.894812],[43.973595,45.889022],[43.982762,45.890148],[44.016856,45.87085],[44.026024,45.861844],[44.02924,45.854929],[44.035512,45.849461],[44.032778,45.840616],[44.042107,45.819548],[44.059315,45.804431],[44.060762,45.809899],[44.063818,45.810542],[44.066391,45.809095],[44.068803,45.802501],[44.071859,45.800733],[44.081508,45.800089],[44.091158,45.796391],[44.088585,45.78642],[44.093249,45.775162],[44.093249,45.767443],[44.098717,45.754095],[44.098044,45.752172],[44.103703,45.748466],[44.105955,45.738173],[44.115122,45.733831],[44.119303,45.734796],[44.121555,45.731097],[44.122894,45.718451],[44.101926,45.718111],[44.083811,45.712134],[44.074341,45.711812],[44.059567,45.702697],[44.044617,45.707889],[44.026872,45.710555],[44.023715,45.716881],[44.018633,45.718893],[44.019836,45.720639],[44.010015,45.725137],[44.010259,45.727566],[43.987797,45.733848],[43.988234,45.70042],[43.814956,45.700079],[43.815723,45.609809]]]}},{"type":"Feature","id":"108081-1748","properties":{"id":"108081-1748","name":"Ипатовский муниципальный округ","name_ru":"Ипатовский муниципальный округ","subject_id":"108081","subject_name":"Ставропольский край","source_gid":1748,"source_fid":1858,"names_rosstat":"Ипатовский муниципальный округ","population":56101,"area_km2":4034.8307060989337,"density_km2":13.904176924994486,"source":"Актуализированный объединённый GeoJSON, предоставленный преподавателем","name_en":"Ipatovskii Municipal Okrug","name_zh":"Ipatovskii市政专区","subject_name_en":"Stavropol Krai","subject_name_zh":"斯塔夫罗波尔边疆区"},"geometry":{"type":"Polygon","coordinates":[[[41.929192,45.865598],[41.949706,45.860249],[41.953997,45.856911],[41.987,45.850894],[41.99536,45.846966],[41.995304,45.84049],[41.993299,45.836883],[41.993584,45.819421],[42.032673,45.819267],[42.032559,45.801343],[42.086535,45.801339],[42.086523,45.792351],[42.122304,45.792226],[42.122195,45.80248],[42.199359,45.802222],[42.199395,45.765195],[42.173526,45.765147],[42.173477,45.747236],[42.183649,45.747131],[42.183451,45.729012],[42.17346,45.729094],[42.173485,45.711222],[42.1222,45.711314],[42.122223,45.670748],[42.14193,45.670759],[42.142726,45.66202],[42.148042,45.661699],[42.14785,45.66634],[42.186641,45.666284],[42.18622,45.65375],[42.192528,45.651594],[42.195081,45.65269],[42.206165,45.65015],[42.250646,45.65005],[42.250729,45.639112],[42.244645,45.63974],[42.244097,45.638101],[42.234071,45.63936],[42.235305,45.598306],[42.345192,45.600278],[42.34664,45.597442],[42.361493,45.589691],[42.364526,45.578868],[42.374243,45.571663],[42.377744,45.564244],[42.442245,45.565782],[42.44336,45.548116],[42.489735,45.548581],[42.488964,45.575497],[42.518441,45.576145],[42.518251,45.585011],[42.555934,45.5855],[42.557408,45.572057],[42.579398,45.572375],[42.575688,45.575134],[42.578338,45.576891],[42.57553,45.578603],[42.582902,45.580354],[42.586643,45.583647],[42.584875,45.585833],[42.633696,45.58671],[42.633246,45.604702],[42.735642,45.606167],[42.736141,45.589603],[42.752389,45.583005],[42.774548,45.578646],[42.790408,45.578334],[42.812342,45.574399],[42.830174,45.574051],[42.824024,45.566406],[42.81831,45.53189],[42.832537,45.531993],[42.831627,45.53495],[42.828133,45.533608],[42.82938,45.537045],[42.827094,45.537895],[42.830927,45.540127],[42.827684,45.540881],[42.837508,45.542997],[42.831912,45.544896],[42.835158,45.54717],[42.83372,45.550003],[42.837173,45.550955],[42.839598,45.555308],[42.84166,45.553093],[42.845745,45.553235],[42.850451,45.557486],[42.850512,45.563443],[42.858184,45.571007],[42.858546,45.578662],[42.859823,45.580774],[42.863147,45.581418],[42.954958,45.539955],[42.955326,45.528002],[43.172682,45.530398],[43.171948,45.57525],[43.300175,45.576425],[43.300206,45.570569],[43.354684,45.571102],[43.353092,45.666614],[43.345574,45.667834],[43.342147,45.666763],[43.335633,45.669246],[43.330285,45.668034],[43.328937,45.669894],[43.321061,45.671186],[43.320426,45.675199],[43.315078,45.676778],[43.306626,45.676543],[43.30451,45.675472],[43.304366,45.673054],[43.301374,45.673386],[43.300778,45.696302],[43.35229,45.697031],[43.350252,45.827253],[43.345301,45.82966],[43.343695,45.828302],[43.340951,45.831056],[43.333011,45.828972],[43.332353,45.834664],[43.327393,45.83285],[43.325461,45.834522],[43.321428,45.832138],[43.324668,45.82865],[43.32169,45.828925],[43.319224,45.824253],[43.311927,45.824493],[43.304014,45.827525],[43.297691,45.823785],[43.296495,45.818754],[43.284323,45.817066],[43.281607,45.819746],[43.277724,45.819571],[43.279464,45.815827],[43.27717,45.81333],[43.262659,45.813848],[43.259674,45.811498],[43.248054,45.814939],[43.245863,45.811534],[43.232688,45.809453],[43.237462,45.807757],[43.235069,45.806288],[43.23662,45.803634],[43.235343,45.802505],[43.23053,45.804019],[43.232068,45.802273],[43.230587,45.800386],[43.226581,45.799409],[43.226179,45.802724],[43.221655,45.800002],[43.223037,45.804399],[43.217715,45.803936],[43.217849,45.80094],[43.212843,45.803602],[43.210812,45.801167],[43.212351,45.799329],[43.209468,45.798856],[43.210319,45.796924],[43.207885,45.796816],[43.206609,45.799126],[43.206177,45.796957],[43.199345,45.795156],[43.200432,45.792014],[43.204521,45.792616],[43.203731,45.790794],[43.205384,45.789897],[43.202605,45.788334],[43.204648,45.78747],[43.202391,45.783317],[43.200173,45.783901],[43.194381,45.778694],[43.191409,45.781863],[43.188935,45.780158],[43.191506,45.775966],[43.184065,45.777309],[43.185744,45.774898],[43.182362,45.77294],[43.17651,45.776495],[43.177984,45.773156],[43.17666,45.772287],[43.174474,45.774882],[43.174832,45.772864],[43.171685,45.770346],[43.167083,45.773943],[43.167366,45.775393],[43.165488,45.773972],[43.160998,45.774397],[43.158906,45.778634],[43.160485,45.779332],[43.160388,45.781677],[43.153605,45.777404],[43.152784,45.779755],[43.15074,45.77819],[43.145412,45.781026],[43.147022,45.782519],[43.144526,45.78391],[43.138712,45.780515],[43.135444,45.784429],[43.136445,45.787219],[43.132753,45.786716],[43.131414,45.788773],[43.133161,45.788803],[43.133505,45.791835],[43.131446,45.790915],[43.13049,45.795851],[43.128299,45.795876],[43.127676,45.793118],[43.125898,45.797323],[43.123116,45.797981],[43.119395,45.795521],[43.120176,45.792997],[43.114855,45.793681],[43.116285,45.793373],[43.115398,45.790452],[43.117261,45.790184],[43.11466,45.789219],[43.116872,45.787444],[43.113688,45.78664],[43.1139,45.783957],[43.108955,45.784659],[43.106584,45.789489],[43.105551,45.788365],[43.102769,45.790008],[43.099354,45.787294],[43.095485,45.790461],[43.09435,45.787695],[43.090115,45.788496],[43.09326,45.785201],[43.088629,45.780888],[43.082725,45.782406],[43.08587,45.784147],[43.084751,45.785701],[43.081698,45.786694],[43.083796,45.785165],[43.080181,45.782322],[43.076575,45.784508],[43.078575,45.787161],[43.073681,45.788142],[43.06946,45.784174],[43.066779,45.784085],[43.067916,45.786573],[43.064757,45.787042],[43.06525,45.788842],[43.070126,45.790188],[43.065112,45.792698],[43.060767,45.791475],[43.059664,45.794419],[43.057097,45.792852],[43.053474,45.794138],[43.049809,45.789627],[43.047094,45.789559],[43.046032,45.792257],[43.04278,45.791803],[43.04281,45.795455],[43.045085,45.797779],[43.042507,45.808387],[43.061977,45.816721],[43.0907,45.824517],[43.039726,45.886876],[43.036268,45.89456],[43.02745,45.898425],[43.024223,45.897675],[43.025235,45.89978],[43.010712,45.908664],[43.008836,45.917352],[42.996344,45.923218],[42.996107,45.925559],[42.999491,45.927139],[42.992026,45.930229],[42.950657,45.913967],[42.940881,45.919987],[42.935993,45.921149],[42.932491,45.924745],[42.91433,45.931055],[42.905941,45.931437],[42.927663,45.904687],[42.844293,45.871642],[42.697833,46.050627],[42.704131,46.050449],[42.706279,46.055319],[42.70042,46.058286],[42.697338,46.063905],[42.68851,46.065328],[42.690165,46.06897],[42.717552,46.079954],[42.709389,46.090356],[42.672044,46.089891],[42.556789,46.008041],[42.318035,45.969724],[42.319547,46.041621],[42.332037,46.135382],[42.321287,46.136054],[42.17069,46.111465],[42.167571,46.069923],[42.180276,46.071371],[42.17623,46.04063],[42.163635,46.038768],[42.151569,45.94308],[42.0833,45.932227],[42.069097,45.9378],[42.045566,45.942681],[42.045178,45.88405],[41.929257,45.884138],[41.929192,45.865598]]]}},{"type":"Feature","id":"108081-1754","properties":{"id":"108081-1754","name":"Красногвардейский муниципальный округ","name_ru":"Красногвардейский муниципальный округ","subject_id":"108081","subject_name":"Ставропольский край","source_gid":1754,"source_fid":1864,"names_rosstat":"Красногвардейский муниципальный округ","population":35285,"area_km2":2232.9161700367827,"density_km2":15.80220541795743,"source":"Актуализированный объединённый GeoJSON, предоставленный преподавателем","name_en":"Krasnogvardeiskii Municipal Okrug","name_zh":"Krasnogvardeiskii市政专区","subject_name_en":"Stavropol Krai","subject_name_zh":"斯塔夫罗波尔边疆区"},"geometry":{"type":"Polygon","coordinates":[[[41.160898,45.951688],[41.161177,45.879841],[41.24901,45.880051],[41.248906,45.865111],[41.250718,45.865992],[41.250828,45.869525],[41.255216,45.869181],[41.254749,45.865133],[41.259247,45.863027],[41.262804,45.857267],[41.250732,45.84949],[41.238636,45.846642],[41.243523,45.841742],[41.239037,45.838559],[41.240339,45.835228],[41.233466,45.831393],[41.239209,45.822751],[41.24721,45.8223],[41.256937,45.818059],[41.256629,45.814518],[41.259797,45.809701],[41.257548,45.805856],[41.257708,45.804437],[41.260179,45.804355],[41.260045,45.794947],[41.272798,45.79481],[41.272136,45.758834],[41.247513,45.758936],[41.247613,45.718705],[41.330054,45.717761],[41.329937,45.713742],[41.322927,45.708981],[41.328059,45.699806],[41.324714,45.697802],[41.32046,45.697628],[41.305402,45.703191],[41.298671,45.702003],[41.298123,45.682538],[41.321474,45.682346],[41.319728,45.633511],[41.332174,45.633122],[41.331962,45.623028],[41.334536,45.622066],[41.333912,45.583401],[41.328593,45.583093],[41.328167,45.556356],[41.462585,45.555154],[41.46327,45.568451],[41.49504,45.568214],[41.495108,45.564231],[41.508555,45.564775],[41.526212,45.560112],[41.524942,45.545047],[41.56476,45.54523],[41.564907,45.547168],[41.571234,45.546968],[41.570734,45.584538],[41.660516,45.584673],[41.660339,45.656781],[41.737909,45.656887],[41.738109,45.692806],[41.854135,45.693195],[41.879161,45.68996],[41.878846,45.729273],[41.904567,45.729437],[41.904457,45.739863],[41.916284,45.739865],[41.917451,45.745494],[41.931016,45.749683],[41.930238,45.753001],[41.933667,45.754486],[41.934925,45.758428],[41.963152,45.756238],[41.987371,45.75027],[41.99815,45.752736],[41.997772,45.778666],[41.994784,45.778719],[41.993228,45.834357],[41.99536,45.846966],[41.987,45.850894],[41.953997,45.856911],[41.949706,45.860249],[41.929192,45.865598],[41.929257,45.884138],[42.045178,45.88405],[42.045566,45.942681],[42.069097,45.9378],[42.080094,45.933754],[42.082948,45.966352],[41.927289,45.974519],[41.904712,45.967817],[41.895606,45.96994],[41.819695,45.975362],[41.809889,45.978956],[41.79473,45.976837],[41.777445,45.979324],[41.767261,45.978576],[41.750501,45.981528],[41.738413,45.980611],[41.716223,45.982742],[41.701661,45.979787],[41.693409,45.982912],[41.666927,45.974902],[41.658632,45.978681],[41.64827,45.978195],[41.643375,45.979767],[41.633889,45.979524],[41.624079,45.976722],[41.618545,45.979199],[41.598152,45.981662],[41.567377,45.984339],[41.560207,45.983344],[41.541262,45.985923],[41.524766,45.991632],[41.516183,45.989608],[41.506217,45.991162],[41.495071,45.995079],[41.496249,46.006201],[41.471448,46.005994],[41.47142,45.997886],[41.425756,45.99916],[41.41602,45.997465],[41.404415,45.998923],[41.392905,45.997521],[41.393082,45.952427],[41.160898,45.951688]]]}},{"type":"Feature","id":"108081-1755","properties":{"id":"108081-1755","name":"Степновский муниципальный округ","name_ru":"Степновский муниципальный округ","subject_id":"108081","subject_name":"Ставропольский край","source_gid":1755,"source_fid":1865,"names_rosstat":"Степновский муниципальный округ","population":20152,"area_km2":1890.3364235629106,"density_km2":10.660536266881778,"source":"Актуализированный объединённый GeoJSON, предоставленный преподавателем","name_en":"Stepnovskii Municipal Okrug","name_zh":"Stepnovskii市政专区","subject_name_en":"Stavropol Krai","subject_name_zh":"斯塔夫罗波尔边疆区"},"geometry":{"type":"Polygon","coordinates":[[[44.205345,44.259093],[44.210623,44.252442],[44.211258,44.247106],[44.206155,44.234531],[44.207371,44.14413],[44.232439,44.143941],[44.232018,44.101715],[44.247307,44.102348],[44.267566,44.099292],[44.2946,44.089982],[44.294584,44.062783],[44.331842,44.062664],[44.331808,44.053765],[44.417707,44.053548],[44.419015,44.107951],[44.431656,44.114187],[44.442772,44.114654],[44.444225,44.15208],[44.55756,44.151696],[44.556633,44.108718],[44.671006,44.102443],[44.681593,44.099508],[44.681421,44.123763],[44.758268,44.1234],[44.763257,44.107288],[44.769155,44.100828],[44.904125,44.100818],[44.902448,44.179113],[44.904196,44.187197],[44.923211,44.185422],[44.935112,44.280229],[44.914218,44.28783],[44.913598,44.286011],[44.909921,44.284721],[44.900074,44.283746],[44.851427,44.294459],[44.853723,44.3139],[44.895899,44.318066],[44.890335,44.359015],[44.876285,44.363417],[44.81245,44.370212],[44.797231,44.367654],[44.794262,44.382313],[44.669477,44.395934],[44.666457,44.405124],[44.629854,44.408934],[44.628127,44.400132],[44.612973,44.401666],[44.61193,44.397754],[44.575977,44.382551],[44.557618,44.405457],[44.572393,44.478633],[44.545442,44.47009],[44.523236,44.505202],[44.51168,44.501266],[44.497827,44.509043],[44.491979,44.50537],[44.495444,44.500577],[44.489976,44.499437],[44.48625,44.496558],[44.463699,44.498976],[44.453375,44.494526],[44.444585,44.496748],[44.441821,44.495927],[44.44235,44.490172],[44.434816,44.486842],[44.435834,44.485715],[44.434354,44.484474],[44.429931,44.484516],[44.422617,44.482147],[44.423304,44.480647],[44.418368,44.480034],[44.418368,44.478473],[44.416094,44.478289],[44.416652,44.475962],[44.410429,44.474339],[44.389636,44.476855],[44.386724,44.475215],[44.389961,44.471052],[44.386784,44.470118],[44.34264,44.467439],[44.300202,44.490568],[44.269601,44.461908],[44.279596,44.456501],[44.249067,44.42805],[44.251554,44.414594],[44.26708,44.390481],[44.243909,44.382308],[44.276748,44.335085],[44.307558,44.344486],[44.336467,44.298612],[44.331445,44.295878],[44.335593,44.285161],[44.329112,44.27938],[44.321013,44.279471],[44.31166,44.283128],[44.288796,44.286172],[44.284681,44.284397],[44.283754,44.282846],[44.299011,44.271082],[44.298523,44.266717],[44.293109,44.262248],[44.293714,44.260762],[44.287231,44.257439],[44.27617,44.257584],[44.270086,44.254578],[44.247617,44.26269],[44.237142,44.261396],[44.206819,44.263188],[44.205345,44.259093]]]}},{"type":"Feature","id":"108081-1761","properties":{"id":"108081-1761","name":"Кировский муниципальный округ","name_ru":"Кировский муниципальный округ","subject_id":"108081","subject_name":"Ставропольский край","source_gid":1761,"source_fid":1871,"names_rosstat":"Кировский муниципальный округ","population":66163,"area_km2":1386.6165871245428,"density_km2":47.71542516825337,"source":"Актуализированный объединённый GeoJSON, предоставленный преподавателем","name_en":"Kirovskii Municipal Okrug","name_zh":"Kirovskii市政专区","subject_name_en":"Stavropol Krai","subject_name_zh":"斯塔夫罗波尔边疆区"},"geometry":{"type":"Polygon","coordinates":[[[43.79908,43.948995],[43.793134,43.942105],[43.787674,43.939339],[43.783151,43.939309],[43.781259,43.937536],[43.780712,43.932673],[43.777027,43.928652],[43.7705,43.927527],[43.77055,43.872858],[43.765976,43.872731],[43.755919,43.852877],[43.751105,43.854761],[43.750284,43.853599],[43.755179,43.843089],[43.750954,43.834159],[43.74642,43.830782],[43.745413,43.817839],[43.735264,43.823391],[43.732704,43.818397],[43.723457,43.822824],[43.721186,43.826684],[43.712047,43.830316],[43.70262,43.830834],[43.693515,43.82845],[43.686466,43.829748],[43.687804,43.831502],[43.683551,43.833287],[43.675524,43.831368],[43.669527,43.833744],[43.662878,43.832077],[43.659879,43.834454],[43.657066,43.832117],[43.655777,43.833944],[43.644799,43.836536],[43.627962,43.83729],[43.61711,43.840949],[43.611547,43.839888],[43.601863,43.84467],[43.589458,43.847978],[43.584501,43.846889],[43.571219,43.849614],[43.567359,43.847116],[43.545505,43.843143],[43.538921,43.847002],[43.512356,43.854722],[43.504522,43.860284],[43.47387,43.86562],[43.434477,43.862554],[43.424194,43.858358],[43.413516,43.859499],[43.400228,43.845708],[43.3738,43.837863],[43.371427,43.834386],[43.363127,43.829744],[43.353354,43.818791],[43.344798,43.814376],[43.334235,43.812714],[43.330733,43.808305],[43.325674,43.806628],[43.316073,43.798854],[43.31259,43.801045],[43.317348,43.805412],[43.31591,43.806728],[43.312584,43.804018],[43.237927,43.936078],[43.412155,43.987326],[43.438267,43.941629],[43.469588,43.957986],[43.440423,44.010288],[43.452828,44.010695],[43.457087,44.014055],[43.462631,44.011957],[43.474934,44.014479],[43.48067,44.017441],[43.489317,44.026189],[43.498186,44.0383],[43.505289,44.031903],[43.556322,44.08127],[43.559097,44.081711],[43.560159,44.07682],[43.565206,44.081327],[43.57469,44.076164],[43.587342,44.088379],[43.613227,44.076053],[43.620112,44.070991],[43.629586,44.076408],[43.636992,44.077716],[43.636091,44.079334],[43.640973,44.081467],[43.64417,44.079728],[43.666606,44.101333],[43.719659,44.073171],[43.794299,44.144758],[43.804036,44.139444],[43.826576,44.161233],[43.852011,44.1481],[43.858996,44.154893],[43.864207,44.152032],[43.866549,44.154236],[43.889492,44.145945],[43.884263,44.141006],[43.914144,44.12496],[43.899083,44.110543],[44.007358,44.051644],[44.024516,44.058195],[44.016839,44.06872],[44.016582,44.075676],[44.022154,44.077719],[44.021847,44.080904],[44.028472,44.084689],[44.032709,44.085128],[44.034216,44.091997],[44.033225,44.097249],[44.023085,44.103],[44.020927,44.110258],[44.036007,44.119014],[44.030384,44.129258],[44.036343,44.142487],[44.05501,44.148945],[44.055912,44.153203],[44.207428,44.153027],[44.207371,44.14413],[44.232439,44.143941],[44.232209,44.126193],[44.185417,44.12618],[44.18657,44.072131],[44.207195,44.071928],[44.20672,44.045196],[44.107365,44.045289],[44.107112,44.036281],[44.119466,44.036281],[44.118426,44.014048],[44.111725,44.015356],[44.107816,44.006294],[44.103808,44.004602],[44.112614,44.001257],[44.112587,43.970311],[43.987338,43.970684],[43.987165,43.986264],[43.94468,43.98645],[43.944473,44.00984],[43.932006,44.009949],[43.93209,44.018282],[43.926884,44.018046],[43.925403,44.020111],[43.922164,44.020314],[43.919463,44.017747],[43.916794,44.017724],[43.917197,44.015588],[43.909176,44.013034],[43.907614,44.010657],[43.896116,44.010259],[43.892619,44.003245],[43.88438,43.999224],[43.884843,43.997772],[43.876615,43.991436],[43.862968,43.987562],[43.863473,43.977678],[43.858698,43.975243],[43.856587,43.968051],[43.857925,43.96022],[43.819676,43.959766],[43.79908,43.948995]]]}},{"type":"Feature","id":"108081-1762","properties":{"id":"108081-1762","name":"Курский муниципальный округ","name_ru":"Курский муниципальный округ","subject_id":"108081","subject_name":"Ставропольский край","source_gid":1762,"source_fid":1872,"names_rosstat":"Курский муниципальный округ","population":52106,"area_km2":3701.7008700729275,"density_km2":14.07623193469262,"source":"Актуализированный объединённый GeoJSON, предоставленный преподавателем","name_en":"Kurskii Municipal Okrug","name_zh":"Kurskii市政专区","subject_name_en":"Stavropol Krai","subject_name_zh":"斯塔夫罗波尔边疆区"},"geometry":{"type":"Polygon","coordinates":[[[44.103808,44.004602],[44.112614,44.001257],[44.112587,43.970311],[44.144045,43.970237],[44.143904,43.928471],[44.224763,43.928248],[44.225337,43.918464],[44.26857,43.918155],[44.26903,43.964022],[44.31844,43.963932],[44.318496,43.972972],[44.368848,43.972607],[44.369204,44.004563],[44.381538,44.006241],[44.381547,44.009531],[44.386338,44.010286],[44.400065,44.008504],[44.412645,44.011629],[44.41312,44.017245],[44.419364,44.016451],[44.418912,43.945497],[44.343793,43.945796],[44.343577,43.904378],[44.31901,43.893416],[44.29312,43.891862],[44.292523,43.809673],[44.314622,43.806592],[44.351477,43.807887],[44.35483,43.808306],[44.353414,43.810492],[44.359429,43.811859],[44.379733,43.813443],[44.379605,43.801463],[44.472547,43.801184],[44.472801,43.807387],[44.504539,43.807299],[44.504615,43.814516],[44.553524,43.814151],[44.553631,43.819742],[44.567287,43.819278],[44.581696,43.821507],[44.596925,43.828694],[44.603449,43.82757],[44.603541,43.824915],[44.615999,43.824989],[44.616471,43.827286],[44.666445,43.82658],[44.666359,43.835116],[44.703065,43.834604],[44.702297,43.817425],[44.793728,43.816997],[44.796335,43.808826],[44.803393,43.807049],[44.80294,43.71941],[44.826273,43.706757],[44.830997,43.707215],[44.83555,43.713568],[44.844814,43.713384],[44.84784,43.710106],[44.847499,43.704728],[44.838593,43.697641],[44.836488,43.690899],[44.825165,43.68729],[44.824879,43.685948],[44.827013,43.683473],[44.84165,43.680491],[44.844268,43.682089],[44.845437,43.685876],[44.850125,43.688839],[44.853837,43.69603],[44.860382,43.695356],[44.86249,43.691981],[44.861171,43.684751],[44.852524,43.673186],[44.851323,43.668452],[44.859233,43.664349],[44.878827,43.658488],[44.890729,43.658544],[44.900135,43.664418],[44.908997,43.666777],[44.911271,43.671434],[44.910832,43.67982],[44.91257,43.682536],[44.920166,43.680503],[44.93048,43.672603],[44.944912,43.671558],[44.960112,43.684121],[44.962902,43.688575],[44.963116,43.695432],[44.96608,43.697754],[44.978846,43.701095],[44.981483,43.712878],[44.990277,43.719985],[45.015232,43.727231],[45.022401,43.726997],[45.025417,43.725456],[45.028307,43.719267],[45.035434,43.718803],[45.040244,43.72137],[45.045397,43.719693],[45.044145,43.715361],[45.040121,43.710874],[45.041012,43.708105],[45.04349,43.707035],[45.063564,43.719718],[45.064902,43.888308],[45.052459,43.888424],[45.053299,43.957945],[45.202611,43.957486],[45.20203,43.876939],[45.437971,43.875651],[45.439841,44.009303],[45.488887,44.010023],[45.491051,44.090725],[45.490015,44.129559],[45.502641,44.129614],[45.502986,44.175688],[45.461152,44.175063],[45.395012,44.176938],[45.367388,44.180809],[45.310786,44.183609],[45.310576,44.180581],[45.290662,44.180462],[45.290812,44.184074],[45.166675,44.19175],[45.114765,44.192701],[45.103422,44.190908],[45.138851,44.258296],[45.036023,44.282361],[45.020533,44.248862],[44.935175,44.281095],[44.923211,44.185422],[44.904196,44.187197],[44.902448,44.179113],[44.904125,44.100818],[44.769155,44.100828],[44.763257,44.107288],[44.758268,44.1234],[44.681421,44.123763],[44.681593,44.099508],[44.671006,44.102443],[44.556633,44.108718],[44.55756,44.151696],[44.444225,44.15208],[44.442772,44.114654],[44.431656,44.114187],[44.419015,44.107951],[44.417707,44.053548],[44.331808,44.053765],[44.331842,44.062664],[44.294584,44.062783],[44.2946,44.089982],[44.267566,44.099292],[44.247307,44.102348],[44.232018,44.101715],[44.232209,44.126193],[44.185417,44.12618],[44.18657,44.072131],[44.207195,44.071928],[44.20672,44.045196],[44.107365,44.045289],[44.107112,44.036281],[44.119466,44.036281],[44.118694,44.014659],[44.111725,44.015356],[44.107816,44.006294],[44.103808,44.004602]]]}}],"metadata":{"source_en":"Updated consolidated GeoJSON supplied by the instructor","source_zh":"教师提供的更新版合并GeoJSON","license_en":"Source-dataset terms were not specified; use within the author-created educational platform","license_zh":"原始数据集未注明许可条款；仅用于本作者教育平台"}}