{"type":"FeatureCollection","features":[{"type":"Feature","id":"155262-127","properties":{"id":"155262-127","name":"Дедовичский район","name_ru":"Дедовичский район","subject_id":"155262","subject_name":"Псковская область","source_gid":127,"source_fid":162,"names_rosstat":"Дедовичский муниципальный район","population":11209,"area_km2":2174.879189887253,"density_km2":5.153849488339204,"source":"Актуализированный объединённый GeoJSON, предоставленный преподавателем","name_en":"Dedovichskii District","name_zh":"Dedovichskii区","subject_name_en":"Pskov Oblast","subject_name_zh":"普斯科夫州"},"geometry":{"type":"Polygon","coordinates":[[[29.366683,57.463095],[29.37513,57.458721],[29.391647,57.460621],[29.397564,57.45727],[29.410718,57.444785],[29.421365,57.440071],[29.44144,57.437522],[29.441491,57.435539],[29.443796,57.434608],[29.445014,57.426769],[29.42831,57.414526],[29.428004,57.406603],[29.419301,57.397827],[29.420791,57.396498],[29.411959,57.394468],[29.409382,57.387996],[29.401039,57.38437],[29.400773,57.382555],[29.405127,57.382074],[29.404886,57.380691],[29.372127,57.372597],[29.376468,57.366373],[29.387512,57.36992],[29.390367,57.368983],[29.392724,57.364767],[29.399737,57.36314],[29.39737,57.358309],[29.40079,57.358944],[29.4029,57.355196],[29.402614,57.351044],[29.3963,57.351084],[29.40496,57.347808],[29.403843,57.344996],[29.39404,57.340242],[29.412033,57.33542],[29.418362,57.339371],[29.421762,57.337021],[29.425353,57.339016],[29.426699,57.337164],[29.430571,57.336534],[29.429219,57.33526],[29.4317,57.329951],[29.434975,57.327958],[29.437423,57.329325],[29.440465,57.328029],[29.440916,57.324478],[29.445213,57.31905],[29.458206,57.315214],[29.464191,57.320098],[29.465429,57.326214],[29.469668,57.328219],[29.474834,57.326726],[29.475332,57.328847],[29.483772,57.327996],[29.48531,57.32427],[29.48892,57.32219],[29.482272,57.315419],[29.493825,57.31016],[29.50114,57.309746],[29.5245,57.302012],[29.531488,57.294705],[29.547096,57.299015],[29.549422,57.301326],[29.548783,57.302989],[29.554128,57.302742],[29.557442,57.296949],[29.564567,57.294029],[29.556054,57.282287],[29.568647,57.27781],[29.568564,57.272894],[29.572287,57.271222],[29.567542,57.267332],[29.581704,57.261978],[29.586819,57.266228],[29.597715,57.269285],[29.600259,57.268532],[29.603793,57.270135],[29.608635,57.267126],[29.612764,57.269701],[29.617445,57.26829],[29.619656,57.269423],[29.619956,57.271721],[29.62574,57.27165],[29.624669,57.273839],[29.644596,57.27791],[29.651948,57.275015],[29.652893,57.271409],[29.663165,57.265795],[29.663539,57.263495],[29.661454,57.261643],[29.662143,57.258185],[29.678511,57.260535],[29.690837,57.258868],[29.70477,57.259445],[29.706094,57.256251],[29.713762,57.254759],[29.729024,57.255766],[29.739951,57.259448],[29.748382,57.259487],[29.748048,57.262122],[29.757435,57.266152],[29.764457,57.26497],[29.767834,57.261399],[29.768698,57.254041],[29.774609,57.249351],[29.772854,57.246095],[29.781252,57.244964],[29.795568,57.249177],[29.831205,57.266159],[29.846953,57.265803],[29.847337,57.27078],[29.841432,57.279461],[29.844277,57.282245],[29.832899,57.2882],[29.830765,57.294658],[29.836456,57.300227],[29.817889,57.332695],[29.800295,57.343771],[29.813437,57.36057],[29.823962,57.360335],[29.836077,57.363623],[29.83542,57.372185],[29.829058,57.375177],[29.829278,57.37802],[29.808924,57.387735],[29.800753,57.384356],[29.792133,57.392382],[29.837455,57.415583],[29.836908,57.425567],[29.87238,57.423338],[29.891699,57.417198],[29.903557,57.416925],[29.920119,57.40942],[29.927159,57.414954],[29.966034,57.391773],[29.978507,57.39736],[29.976274,57.403577],[29.980187,57.407484],[30.013097,57.40667],[30.03937,57.415144],[30.063201,57.415991],[30.069855,57.400872],[30.043951,57.390817],[30.043851,57.368143],[30.076584,57.350883],[30.091255,57.353112],[30.090827,57.350154],[30.297584,57.342193],[30.305145,57.347207],[30.308693,57.385536],[30.370877,57.384402],[30.427384,57.366258],[30.428915,57.377146],[30.419531,57.385954],[30.414744,57.387103],[30.412349,57.395721],[30.425754,57.398498],[30.435616,57.40477],[30.431499,57.408408],[30.436765,57.41061],[30.437435,57.416739],[30.426998,57.419898],[30.423359,57.424207],[30.42738,57.429473],[30.443274,57.438378],[30.452754,57.436846],[30.46185,57.440485],[30.458307,57.442687],[30.469318,57.449581],[30.46587,57.455231],[30.466157,57.462508],[30.463667,57.46538],[30.475253,57.467295],[30.472763,57.470694],[30.476976,57.475865],[30.489232,57.475291],[30.490189,57.476535],[30.488849,57.477876],[30.486455,57.477589],[30.486072,57.483142],[30.494498,57.485057],[30.498711,57.482951],[30.503115,57.484579],[30.505413,57.486207],[30.504838,57.495494],[30.508094,57.496452],[30.511637,57.493675],[30.522744,57.494633],[30.530403,57.501671],[30.529158,57.502724],[30.530977,57.507607],[30.520732,57.504734],[30.515634,57.501436],[30.499571,57.504543],[30.496412,57.506745],[30.492007,57.505117],[30.479847,57.505404],[30.468931,57.509617],[30.463377,57.521873],[30.472856,57.523788],[30.474005,57.526948],[30.483101,57.528671],[30.492676,57.529677],[30.495453,57.527283],[30.49641,57.52939],[30.499187,57.53006],[30.504069,57.544614],[30.542752,57.546626],[30.545816,57.549881],[30.542465,57.551605],[30.544763,57.554956],[30.561136,57.55668],[30.563625,57.565202],[30.680627,57.644054],[30.518809,57.642471],[30.511915,57.645152],[30.512202,57.648695],[30.507893,57.652525],[30.51067,57.653674],[30.508372,57.655589],[30.505021,57.654823],[30.495865,57.66094],[30.489305,57.660001],[30.482771,57.666702],[30.486509,57.669249],[30.46873,57.681441],[30.45226,57.687999],[30.355073,57.682015],[30.345658,57.677735],[30.336994,57.681588],[30.334863,57.676812],[30.32676,57.680649],[30.252574,57.683184],[30.251044,57.678694],[30.227878,57.678079],[30.213147,57.683588],[30.198389,57.682452],[30.188979,57.690843],[30.18236,57.692519],[30.170975,57.691296],[30.163652,57.686194],[30.131732,57.691221],[30.107326,57.691073],[30.119021,57.68633],[30.117715,57.681749],[30.104777,57.682068],[30.072638,57.668661],[30.064559,57.673085],[30.058782,57.671413],[30.052626,57.665221],[30.049253,57.665302],[30.038014,57.65893],[30.041495,57.653411],[30.036696,57.649903],[30.029128,57.653708],[30.023894,57.65172],[30.018698,57.656977],[30.008804,57.659931],[29.996568,57.668676],[29.98887,57.670092],[29.966733,57.662133],[29.947717,57.665943],[29.899302,57.664301],[29.887327,57.676652],[29.819556,57.674936],[29.823325,57.671354],[29.83083,57.670109],[29.829467,57.668622],[29.831416,57.664537],[29.834419,57.664706],[29.83542,57.655942],[29.828373,57.657258],[29.812452,57.651658],[29.812663,57.64991],[29.80866,57.647627],[29.808057,57.643289],[29.797653,57.643416],[29.79764,57.645541],[29.790205,57.645474],[29.787809,57.644325],[29.789668,57.643308],[29.783265,57.642998],[29.779837,57.64417],[29.786363,57.645961],[29.778845,57.647994],[29.771495,57.645872],[29.773461,57.644374],[29.77272,57.641247],[29.774772,57.640509],[29.76993,57.634641],[29.760359,57.633044],[29.75474,57.629876],[29.739564,57.630794],[29.740741,57.628932],[29.748069,57.626343],[29.744465,57.622191],[29.746651,57.618603],[29.757282,57.614226],[29.748551,57.605547],[29.747041,57.601222],[29.739126,57.592126],[29.74081,57.587875],[29.714971,57.580373],[29.702171,57.585843],[29.695617,57.585646],[29.679409,57.580099],[29.680475,57.57901],[29.678116,57.575663],[29.674999,57.575489],[29.67148,57.579627],[29.667208,57.58084],[29.661499,57.579473],[29.662505,57.573756],[29.658986,57.571927],[29.663211,57.567199],[29.661737,57.560804],[29.66486,57.558281],[29.663173,57.554256],[29.660732,57.556163],[29.643857,57.555855],[29.64235,57.557877],[29.639244,57.555661],[29.624157,57.554906],[29.621596,57.552294],[29.611594,57.552889],[29.608835,57.550209],[29.597834,57.548008],[29.598176,57.549468],[29.595796,57.550183],[29.591514,57.549341],[29.587517,57.55414],[29.582332,57.55043],[29.577154,57.551967],[29.567322,57.549966],[29.56838,57.543285],[29.566504,57.542122],[29.557195,57.544248],[29.548234,57.541875],[29.531902,57.543083],[29.516334,57.538012],[29.506409,57.541833],[29.507559,57.536173],[29.503858,57.535805],[29.499343,57.531097],[29.49176,57.527839],[29.481491,57.528892],[29.476846,57.526055],[29.476485,57.522255],[29.474557,57.520872],[29.475072,57.51767],[29.468071,57.514869],[29.462506,57.516486],[29.457861,57.526176],[29.432945,57.525978],[29.431891,57.52182],[29.428573,57.518652],[29.42557,57.518256],[29.420566,57.520859],[29.409045,57.521152],[29.407298,57.516617],[29.410674,57.510234],[29.393809,57.503683],[29.387215,57.503683],[29.382319,57.499871],[29.370937,57.501953],[29.370971,57.487514],[29.378596,57.483846],[29.385449,57.484529],[29.385834,57.481378],[29.373843,57.479723],[29.374731,57.477558],[29.378702,57.47609],[29.378826,57.471086],[29.372328,57.46812],[29.366683,57.463095]]]}},{"type":"Feature","id":"155262-217","properties":{"id":"155262-217","name":"Опочецкий муниципальный округ","name_ru":"Опочецкий муниципальный округ","subject_id":"155262","subject_name":"Псковская область","source_gid":217,"source_fid":272,"names_rosstat":"Опочецкий муниципальный округ","population":14449,"area_km2":2039.2679692458782,"density_km2":7.0853856471561425,"source":"Актуализированный объединённый GeoJSON, предоставленный преподавателем","name_en":"Opochetskii Municipal Okrug","name_zh":"Opochetskii市政专区","subject_name_en":"Pskov Oblast","subject_name_zh":"普斯科夫州"},"geometry":{"type":"Polygon","coordinates":[[[28.250414,56.58719],[28.251586,56.581782],[28.256754,56.58059],[28.255672,56.576618],[28.258196,56.574367],[28.25886,56.569466],[28.265861,56.569112],[28.270853,56.5656],[28.269198,56.557664],[28.2764,56.547073],[28.284763,56.545141],[28.286303,56.53744],[28.30098,56.535335],[28.3006,56.532772],[28.308065,56.531983],[28.306229,56.529183],[28.314499,56.525642],[28.306138,56.519642],[28.315255,56.520179],[28.320028,56.514593],[28.32018,56.517324],[28.325476,56.516831],[28.326228,56.513994],[28.324087,56.51324],[28.325726,56.510121],[28.330431,56.50857],[28.331799,56.510563],[28.328883,56.51428],[28.344928,56.516393],[28.347692,56.515297],[28.350715,56.511045],[28.351503,56.506441],[28.360651,56.505212],[28.356142,56.500057],[28.359766,56.497965],[28.360707,56.494868],[28.374387,56.496031],[28.383199,56.493075],[28.384062,56.490746],[28.380822,56.488483],[28.379917,56.485327],[28.384824,56.480302],[28.393986,56.481316],[28.396211,56.4868],[28.403008,56.488688],[28.408947,56.488104],[28.411901,56.491182],[28.411915,56.496571],[28.402801,56.49823],[28.397084,56.504279],[28.397322,56.506093],[28.410091,56.507723],[28.418,56.504252],[28.431481,56.514183],[28.439064,56.510824],[28.441938,56.517245],[28.446637,56.519542],[28.45251,56.529873],[28.457248,56.528326],[28.466663,56.528985],[28.471887,56.535753],[28.479747,56.531782],[28.485356,56.534058],[28.493976,56.533653],[28.497039,56.536789],[28.513356,56.535647],[28.520917,56.530124],[28.535489,56.528923],[28.534764,56.524341],[28.541225,56.51994],[28.561468,56.523105],[28.563974,56.526778],[28.575776,56.519649],[28.581398,56.514402],[28.58177,56.510194],[28.596574,56.509843],[28.60455,56.507934],[28.61471,56.501667],[28.61513,56.504137],[28.625933,56.504989],[28.636671,56.511212],[28.645774,56.513117],[28.654214,56.510042],[28.663079,56.513794],[28.665221,56.51045],[28.662584,56.506021],[28.670044,56.507124],[28.668692,56.5107],[28.673494,56.509183],[28.690686,56.509626],[28.691276,56.506861],[28.687562,56.505233],[28.692832,56.504043],[28.691893,56.500712],[28.699864,56.501868],[28.698595,56.49955],[28.69637,56.499826],[28.700237,56.493337],[28.702881,56.494322],[28.71176,56.491385],[28.712674,56.489175],[28.716042,56.48898],[28.714743,56.486895],[28.715777,56.486208],[28.721701,56.486548],[28.719214,56.483795],[28.719546,56.480555],[28.723922,56.480231],[28.725029,56.47725],[28.731991,56.477228],[28.727469,56.476612],[28.726846,56.474848],[28.733877,56.474978],[28.729113,56.473188],[28.730564,56.470967],[28.735791,56.473401],[28.734376,56.477781],[28.741315,56.480754],[28.744581,56.480015],[28.761364,56.48988],[28.776767,56.48654],[28.785145,56.487733],[28.798141,56.48661],[28.798424,56.48835],[28.80432,56.489662],[28.809425,56.487767],[28.815057,56.488205],[28.817345,56.490391],[28.816377,56.491168],[28.819721,56.4918],[28.831866,56.490197],[28.836618,56.494618],[28.835166,56.496755],[28.856508,56.503288],[28.866452,56.504211],[28.870589,56.501831],[28.893866,56.503531],[28.902255,56.50606],[28.919597,56.505003],[28.939563,56.49974],[28.960521,56.507358],[28.967757,56.50404],[28.973403,56.506551],[28.977039,56.510452],[28.988696,56.514213],[28.99253,56.517616],[28.994191,56.522387],[28.999279,56.524026],[28.998425,56.524879],[29.005467,56.527349],[29.006729,56.5258],[29.012224,56.526878],[29.011093,56.533707],[29.014737,56.535805],[29.027518,56.530286],[29.049335,56.547284],[29.038462,56.557122],[29.04455,56.560772],[29.057453,56.559554],[29.058863,56.562663],[29.055581,56.568337],[29.055899,56.572555],[29.059649,56.572183],[29.062719,56.568502],[29.07009,56.571208],[29.082075,56.570031],[29.095957,56.572213],[29.098761,56.569939],[29.106315,56.572789],[29.10904,56.575546],[29.130355,56.57549],[29.139379,56.578421],[29.163965,56.572016],[29.183749,56.570723],[29.18967,56.57261],[29.184151,56.573865],[29.186442,56.575654],[29.183074,56.577675],[29.195641,56.580995],[29.19558,56.584627],[29.199366,56.585114],[29.196902,56.587492],[29.200988,56.588509],[29.200038,56.589086],[29.202292,56.590609],[29.200855,56.592012],[29.20271,56.592645],[29.200456,56.5948],[29.202926,56.595483],[29.198648,56.599644],[29.200057,56.601086],[29.197504,56.606203],[29.200524,56.607228],[29.199296,56.607718],[29.201149,56.607906],[29.201185,56.609486],[29.197987,56.610763],[29.199228,56.611825],[29.197196,56.612166],[29.197905,56.613531],[29.194741,56.613839],[29.196677,56.615873],[29.201177,56.615889],[29.198475,56.618762],[29.199167,56.62104],[29.19262,56.621773],[29.196172,56.624345],[29.200809,56.623368],[29.202769,56.624503],[29.201744,56.62506],[29.204199,56.624986],[29.205196,56.627006],[29.203876,56.627754],[29.206157,56.628489],[29.206606,56.630983],[29.209187,56.631197],[29.210622,56.633724],[29.215177,56.634076],[29.21611,56.635804],[29.21847,56.635163],[29.223645,56.637993],[29.233287,56.6375],[29.239632,56.639952],[29.23902,56.642924],[29.244176,56.644155],[29.254727,56.644186],[29.252486,56.645259],[29.254223,56.646202],[29.252247,56.646513],[29.254295,56.647247],[29.256594,56.657631],[29.264987,56.678854],[29.280999,56.689949],[29.291739,56.722629],[29.292069,56.729804],[29.297632,56.733874],[29.293896,56.739103],[29.290297,56.739238],[29.289409,56.744496],[29.286208,56.746404],[29.292238,56.753316],[29.299508,56.75689],[29.307795,56.764176],[29.309325,56.771164],[29.339056,56.78594],[29.34471,56.786083],[29.351023,56.789363],[29.346747,56.796166],[29.3585,56.8015],[29.3585,56.802],[29.34925,56.79925],[29.346,56.8],[29.34725,56.801],[29.344,56.804],[29.347622,56.807764],[29.354473,56.810715],[29.342566,56.822296],[29.354575,56.828342],[29.35391,56.829991],[29.346686,56.831664],[29.347351,56.832905],[29.344331,56.836098],[29.341532,56.835361],[29.341945,56.840305],[29.347414,56.842226],[29.34516,56.842708],[29.344462,56.845961],[29.341439,56.845512],[29.342077,56.857585],[29.341092,56.86005],[29.335081,56.863534],[29.334459,56.870276],[29.331401,56.872088],[29.333992,56.872768],[29.334925,56.875203],[29.331764,56.877186],[29.329588,56.875515],[29.325598,56.876279],[29.325582,56.873873],[29.322867,56.873579],[29.321754,56.876339],[29.31669,56.879757],[29.301883,56.875733],[29.299172,56.874652],[29.298072,56.872849],[29.299318,56.871688],[29.289938,56.869124],[29.275211,56.877213],[29.256329,56.864691],[29.249607,56.862495],[29.242258,56.869037],[29.239162,56.867169],[29.228661,56.869911],[29.224315,56.869375],[29.218133,56.864959],[29.215745,56.866933],[29.210379,56.866773],[29.199832,56.861783],[29.201055,56.858434],[29.195239,56.856894],[29.195857,56.850822],[29.182758,56.848264],[29.180215,56.840528],[29.185245,56.834753],[29.184839,56.832524],[29.164476,56.835348],[29.152638,56.835038],[29.151586,56.837553],[29.147114,56.839824],[29.139857,56.83819],[29.128889,56.840847],[29.110347,56.835099],[29.106707,56.842094],[29.108313,56.844148],[29.097106,56.844419],[29.09488,56.846078],[29.095865,56.847519],[29.078729,56.84702],[29.076715,56.843775],[29.080785,56.839504],[29.075449,56.837782],[29.073162,56.839541],[29.073726,56.840792],[29.069583,56.841154],[29.071538,56.845287],[29.070378,56.847335],[29.075151,56.848314],[29.072917,56.852996],[29.070509,56.854241],[29.071876,56.858298],[29.070444,56.859579],[29.056842,56.86456],[29.052481,56.86456],[29.052286,56.86641],[29.047339,56.866588],[29.048183,56.868236],[29.039337,56.867627],[29.029051,56.872777],[29.018421,56.875461],[29.012534,56.870767],[29.006181,56.870852],[28.984024,56.864227],[28.963311,56.863037],[28.957151,56.866106],[28.945251,56.862402],[28.946963,56.859076],[28.938111,56.848858],[28.937565,56.845173],[28.921245,56.838718],[28.919388,56.836964],[28.920881,56.83541],[28.917669,56.833648],[28.91792,56.828862],[28.905711,56.821928],[28.906175,56.816656],[28.901899,56.814175],[28.892317,56.814231],[28.887039,56.810423],[28.886172,56.806203],[28.86806,56.799706],[28.870522,56.797249],[28.866076,56.792957],[28.860006,56.795983],[28.854899,56.797422],[28.850679,56.796573],[28.84049,56.80082],[28.844207,56.804021],[28.830719,56.808509],[28.822705,56.808449],[28.819213,56.804584],[28.810538,56.803782],[28.802388,56.798451],[28.79802,56.801796],[28.800741,56.802558],[28.801184,56.804949],[28.803525,56.804845],[28.803462,56.806577],[28.806626,56.806785],[28.806753,56.809348],[28.808967,56.809037],[28.808081,56.810942],[28.80922,56.811046],[28.806626,56.812223],[28.807955,56.812223],[28.806563,56.813124],[28.808018,56.81489],[28.805993,56.815756],[28.808335,56.816241],[28.807449,56.81863],[28.804854,56.819392],[28.807828,56.822197],[28.804475,56.822544],[28.80631,56.824552],[28.798881,56.826332],[28.79473,56.825251],[28.794853,56.822712],[28.792376,56.822074],[28.78814,56.82159],[28.7849,56.823558],[28.773851,56.821318],[28.763845,56.828461],[28.767445,56.831262],[28.767445,56.839763],[28.75641,56.840483],[28.758131,56.84256],[28.756309,56.844221],[28.761269,56.84483],[28.761826,56.847183],[28.746842,56.850809],[28.738246,56.845473],[28.73408,56.846613],[28.745317,56.855458],[28.740004,56.865498],[28.748367,56.86907],[28.755233,56.867287],[28.760293,56.873071],[28.75831,56.880268],[28.752735,56.881136],[28.752938,56.882449],[28.762734,56.888436],[28.746644,56.892842],[28.749486,56.899687],[28.735279,56.898685],[28.735176,56.89317],[28.721782,56.893002],[28.718845,56.890075],[28.72343,56.887627],[28.722761,56.885094],[28.719824,56.884306],[28.719567,56.88197],[28.72137,56.880816],[28.715961,56.879465],[28.709676,56.874876],[28.67538,56.874599],[28.669736,56.873287],[28.668232,56.874637],[28.668447,56.877925],[28.673604,56.881506],[28.646583,56.878277],[28.644811,56.875752],[28.63643,56.876868],[28.63643,56.878659],[28.639224,56.880243],[28.6436,56.880707],[28.646017,56.886744],[28.604737,56.889195],[28.598129,56.884851],[28.599042,56.888666],[28.5901,56.894393],[28.589869,56.905295],[28.580221,56.907037],[28.560539,56.896789],[28.554648,56.896538],[28.548665,56.892567],[28.550966,56.888846],[28.562932,56.881102],[28.578303,56.878688],[28.579684,56.875268],[28.570479,56.87557],[28.564497,56.868679],[28.555008,56.864714],[28.551243,56.865786],[28.545122,56.871621],[28.545877,56.878211],[28.541121,56.879544],[28.530577,56.875383],[28.513655,56.856422],[28.495562,56.851582],[28.496408,56.845959],[28.499142,56.842755],[28.498946,56.836134],[28.511963,56.834567],[28.512289,56.829262],[28.5324,56.822388],[28.53305,56.814303],[28.522377,56.807427],[28.499793,56.803721],[28.498686,56.799765],[28.500964,56.792423],[28.496083,56.790035],[28.496473,56.785686],[28.493544,56.783725],[28.49016,56.785151],[28.483001,56.784081],[28.478966,56.781586],[28.481634,56.778662],[28.47812,56.773741],[28.477989,56.770852],[28.484628,56.767036],[28.496603,56.766679],[28.492823,56.758274],[28.485692,56.75348],[28.492774,56.74826],[28.492777,56.746436],[28.477081,56.743274],[28.467869,56.748942],[28.460493,56.745893],[28.447715,56.749576],[28.446462,56.715924],[28.444155,56.714188],[28.426215,56.715864],[28.359479,56.690677],[28.359239,56.684115],[28.331229,56.674129],[28.312542,56.660699],[28.312647,56.658429],[28.321471,56.658645],[28.32683,56.655258],[28.330677,56.650038],[28.32683,56.642372],[28.322648,56.640127],[28.297495,56.637476],[28.288081,56.627827],[28.261613,56.622013],[28.268051,56.617075],[28.268346,56.614737],[28.266285,56.610421],[28.252547,56.606334],[28.253028,56.604085],[28.262644,56.603688],[28.257235,56.594755],[28.259639,56.592439],[28.253822,56.591905],[28.255983,56.58717],[28.250414,56.58719]]]}},{"type":"Feature","id":"155262-237","properties":{"id":"155262-237","name":"Порховский муниципальный округ","name_ru":"Порховский муниципальный округ","subject_id":"155262","subject_name":"Псковская область","source_gid":237,"source_fid":296,"names_rosstat":"Порховский муниципальный округ","population":14259,"area_km2":3154.71635729918,"density_km2":4.519899219151174,"source":"Актуализированный объединённый GeoJSON, предоставленный преподавателем","name_en":"Porkhovskii Municipal Okrug","name_zh":"Porkhovskii市政专区","subject_name_en":"Pskov Oblast","subject_name_zh":"普斯科夫州"},"geometry":{"type":"Polygon","coordinates":[[[28.687475,57.481071],[28.687985,57.475671],[28.695846,57.478302],[28.703447,57.477075],[28.714792,57.470874],[28.723703,57.473855],[28.742727,57.475901],[28.75423,57.471295],[28.755346,57.473112],[28.754275,57.474887],[28.760678,57.479514],[28.762968,57.478949],[28.765441,57.481519],[28.77335,57.48266],[28.776708,57.474882],[28.78759,57.475025],[28.787365,57.4721],[28.789747,57.470714],[28.791701,57.464854],[28.801364,57.463166],[28.803131,57.465169],[28.805797,57.464278],[28.809836,57.467781],[28.811772,57.465497],[28.8146,57.468977],[28.821108,57.469841],[28.828763,57.467716],[28.831864,57.470369],[28.855782,57.476124],[28.864126,57.472711],[28.869106,57.472463],[28.874312,57.474863],[28.876045,57.474156],[28.873064,57.467726],[28.876359,57.466321],[28.884291,57.466797],[28.892411,57.462297],[28.889482,57.458984],[28.88175,57.457296],[28.875924,57.448459],[28.904126,57.447859],[28.913919,57.441655],[28.917816,57.432366],[28.947717,57.434998],[28.953276,57.437003],[28.958565,57.432685],[28.970405,57.428705],[28.97068,57.427073],[28.967608,57.42614],[28.97323,57.422769],[28.976216,57.426174],[28.981357,57.424778],[28.99832,57.42699],[29.007776,57.425745],[29.024369,57.42908],[29.028645,57.428266],[29.035114,57.423485],[29.050802,57.422912],[29.051275,57.41681],[29.049751,57.413084],[29.061494,57.401488],[29.069625,57.397353],[29.063148,57.393875],[29.080096,57.39333],[29.083126,57.390146],[29.096829,57.385172],[29.096871,57.38239],[29.10077,57.380512],[29.10232,57.377601],[29.111767,57.377365],[29.126317,57.387961],[29.136806,57.382556],[29.142208,57.38439],[29.150601,57.382622],[29.152974,57.385084],[29.168051,57.382818],[29.170128,57.379217],[29.178107,57.378454],[29.180041,57.376839],[29.178469,57.37614],[29.179352,57.37513],[29.18189,57.374995],[29.180976,57.373013],[29.183016,57.372852],[29.178872,57.370089],[29.18573,57.366757],[29.187319,57.363976],[29.19595,57.361739],[29.195732,57.35983],[29.198309,57.359534],[29.200548,57.356617],[29.197426,57.352044],[29.208319,57.347642],[29.20665,57.345429],[29.216882,57.340162],[29.22344,57.341175],[29.217292,57.354327],[29.227603,57.350787],[29.234882,57.35323],[29.243432,57.34765],[29.26195,57.343371],[29.262695,57.339813],[29.266518,57.338756],[29.272356,57.33242],[29.280076,57.332054],[29.279011,57.327704],[29.275493,57.323678],[29.292868,57.324709],[29.311135,57.329811],[29.319186,57.332209],[29.319885,57.33607],[29.326788,57.335343],[29.325802,57.337334],[29.336943,57.338922],[29.338441,57.342108],[29.344818,57.340543],[29.357045,57.346638],[29.371919,57.343578],[29.365939,57.339089],[29.364743,57.336138],[29.366105,57.334731],[29.369082,57.336297],[29.373698,57.335071],[29.375903,57.331456],[29.385373,57.331846],[29.388637,57.328714],[29.393556,57.330689],[29.403082,57.324677],[29.415812,57.327686],[29.416524,57.332745],[29.421993,57.335583],[29.418362,57.339371],[29.412033,57.33542],[29.39404,57.340242],[29.403843,57.344996],[29.40496,57.347808],[29.3963,57.351084],[29.402614,57.351044],[29.4029,57.355196],[29.40079,57.358944],[29.39737,57.358309],[29.399737,57.36314],[29.392724,57.364767],[29.390367,57.368983],[29.387512,57.36992],[29.376468,57.366373],[29.372127,57.372597],[29.404886,57.380691],[29.405127,57.382074],[29.400773,57.382555],[29.401039,57.38437],[29.409382,57.387996],[29.411959,57.394468],[29.420791,57.396498],[29.419301,57.397827],[29.428004,57.406603],[29.42831,57.414526],[29.445014,57.426769],[29.443796,57.434608],[29.441491,57.435539],[29.44144,57.437522],[29.421365,57.440071],[29.410718,57.444785],[29.397564,57.45727],[29.391647,57.460621],[29.37513,57.458721],[29.366683,57.463095],[29.372328,57.46812],[29.378826,57.471086],[29.378702,57.47609],[29.374731,57.477558],[29.373843,57.479723],[29.385834,57.481378],[29.385449,57.484529],[29.378596,57.483846],[29.370971,57.487514],[29.370937,57.501953],[29.382319,57.499871],[29.387215,57.503683],[29.393809,57.503683],[29.400703,57.50744],[29.4051,57.507548],[29.410674,57.510234],[29.407298,57.516617],[29.409045,57.521152],[29.420566,57.520859],[29.42557,57.518256],[29.428573,57.518652],[29.431891,57.52182],[29.432945,57.525978],[29.438687,57.526968],[29.457861,57.526176],[29.462506,57.516486],[29.468071,57.514869],[29.475072,57.51767],[29.474557,57.520872],[29.476485,57.522255],[29.476846,57.526055],[29.481491,57.528892],[29.49176,57.527839],[29.499343,57.531097],[29.503858,57.535805],[29.507559,57.536173],[29.506409,57.541833],[29.516334,57.538012],[29.531902,57.543083],[29.548234,57.541875],[29.557195,57.544248],[29.566504,57.542122],[29.56838,57.543285],[29.567322,57.549966],[29.577154,57.551967],[29.582332,57.55043],[29.587517,57.55414],[29.591514,57.549341],[29.595796,57.550183],[29.598176,57.549468],[29.597834,57.548008],[29.608835,57.550209],[29.611594,57.552889],[29.621596,57.552294],[29.624157,57.554906],[29.639244,57.555661],[29.64235,57.557877],[29.643857,57.555855],[29.660732,57.556163],[29.663173,57.554256],[29.66486,57.558281],[29.661737,57.560804],[29.663211,57.567199],[29.658986,57.571927],[29.662505,57.573756],[29.661499,57.579473],[29.667208,57.58084],[29.67148,57.579627],[29.674999,57.575489],[29.678116,57.575663],[29.680475,57.57901],[29.679409,57.580099],[29.695617,57.585646],[29.702171,57.585843],[29.714971,57.580373],[29.74081,57.587875],[29.739126,57.592126],[29.747041,57.601222],[29.748551,57.605547],[29.757282,57.614226],[29.746651,57.618603],[29.744465,57.622191],[29.748069,57.626343],[29.740741,57.628932],[29.740495,57.631629],[29.75474,57.629876],[29.760359,57.633044],[29.76993,57.634641],[29.774772,57.640509],[29.77272,57.641247],[29.773461,57.644374],[29.771495,57.645872],[29.778845,57.647994],[29.786363,57.645961],[29.779837,57.64417],[29.783265,57.642998],[29.789668,57.643308],[29.787809,57.644325],[29.790205,57.645474],[29.79764,57.645541],[29.797653,57.643416],[29.808057,57.643289],[29.80866,57.647627],[29.812663,57.64991],[29.812452,57.651658],[29.828373,57.657258],[29.83542,57.655942],[29.834419,57.664706],[29.831416,57.664537],[29.829467,57.668622],[29.83083,57.670109],[29.823325,57.671354],[29.819556,57.674936],[29.819461,57.679751],[29.816704,57.684212],[29.812532,57.684012],[29.814167,57.688494],[29.811563,57.690586],[29.811427,57.693309],[29.817591,57.692633],[29.822542,57.695082],[29.81738,57.700684],[29.814508,57.700931],[29.813226,57.703457],[29.814377,57.704878],[29.803631,57.708368],[29.803947,57.712364],[29.808636,57.713704],[29.80242,57.719285],[29.772394,57.715824],[29.773149,57.717606],[29.776766,57.718582],[29.776028,57.719791],[29.779189,57.719679],[29.79159,57.72805],[29.784626,57.729486],[29.784924,57.731514],[29.782093,57.731395],[29.779188,57.733622],[29.776804,57.736366],[29.77807,57.738832],[29.774263,57.742303],[29.767864,57.741734],[29.765852,57.761617],[29.762855,57.765348],[29.764254,57.768118],[29.770148,57.770996],[29.770123,57.773119],[29.773375,57.773206],[29.780138,57.779998],[29.782835,57.779892],[29.792326,57.793206],[29.791064,57.79568],[29.776611,57.797626],[29.794189,57.808391],[29.793803,57.810419],[29.786633,57.813491],[29.78543,57.824094],[29.787983,57.823981],[29.801387,57.833962],[29.788937,57.849619],[29.788681,57.851437],[29.790529,57.852075],[29.787133,57.855158],[29.77954,57.853856],[29.771798,57.856153],[29.767002,57.855355],[29.766403,57.858438],[29.759061,57.865726],[29.776193,57.867047],[29.792385,57.874475],[29.807762,57.877832],[29.811159,57.883144],[29.813557,57.883994],[29.815155,57.89711],[29.816574,57.897952],[29.814275,57.904299],[29.80986,57.908523],[29.802541,57.908385],[29.801369,57.912715],[29.783086,57.906559],[29.776493,57.90693],[29.777192,57.905656],[29.774366,57.903353],[29.766703,57.91038],[29.772297,57.911919],[29.773296,57.921099],[29.768061,57.920659],[29.767002,57.923699],[29.75951,57.925397],[29.767002,57.931072],[29.761807,57.933937],[29.762985,57.935451],[29.766203,57.935103],[29.7696,57.937331],[29.748059,57.941649],[29.743714,57.944057],[29.71796,57.942354],[29.71875,57.940142],[29.716839,57.935909],[29.7,57.937999],[29.700926,57.941551],[29.689954,57.941796],[29.699339,57.948685],[29.703474,57.956237],[29.717994,57.964501],[29.730545,57.976766],[29.748046,57.976083],[29.753221,57.978083],[29.753997,57.980303],[29.774199,57.982071],[29.78746,57.980159],[29.790137,57.979103],[29.79029,57.977363],[29.787156,57.975897],[29.78839,57.97395],[29.796479,57.973577],[29.802569,57.977352],[29.809737,57.978573],[29.818537,57.982844],[29.881368,57.99699],[29.890145,57.995011],[29.893501,57.992058],[29.901011,57.989712],[29.904227,57.990327],[29.906834,57.994136],[29.911581,57.995926],[29.922902,57.99506],[29.920801,58.003469],[29.93502,58.004817],[29.937302,58.002168],[29.960428,58.011327],[29.960076,58.012722],[29.955245,58.01274],[29.952432,58.019613],[29.947063,58.023788],[29.971322,58.029514],[29.992621,58.031823],[29.993688,58.033733],[29.986652,58.036354],[29.991084,58.039314],[29.988056,58.042934],[29.986696,58.048548],[29.985111,58.047139],[29.981661,58.047957],[29.981186,58.049918],[29.959815,58.045175],[29.959893,58.042363],[29.936671,58.039528],[29.942849,58.042938],[29.93467,58.045859],[29.929333,58.04088],[29.913837,58.046421],[29.914986,58.04399],[29.912688,58.042267],[29.904932,58.044948],[29.898517,58.041692],[29.894879,58.041788],[29.883388,58.050644],[29.886739,58.051411],[29.8831,58.055432],[29.885494,58.056102],[29.882047,58.059645],[29.887696,58.06022],[29.889036,58.062518],[29.868258,58.06606],[29.870652,58.067592],[29.865673,58.067879],[29.862705,58.069986],[29.834095,58.068398],[29.826566,58.073466],[29.81394,58.076337],[29.790719,58.091389],[29.764656,58.089278],[29.758932,58.085531],[29.748219,58.093225],[29.712919,58.094932],[29.708754,58.093888],[29.70277,58.081794],[29.678631,58.075508],[29.672407,58.07842],[29.661516,58.07878],[29.659075,58.081594],[29.654591,58.08118],[29.652963,58.085223],[29.658438,58.085961],[29.662652,58.089267],[29.648431,58.088899],[29.649338,58.091689],[29.628775,58.100214],[29.623225,58.090209],[29.599065,58.078414],[29.539202,58.088044],[29.537194,58.089948],[29.531516,58.087502],[29.509528,58.09644],[29.486842,58.077244],[29.471415,58.076248],[29.470237,58.07113],[29.465302,58.07056],[29.466548,58.067574],[29.469658,58.066049],[29.460519,58.065106],[29.454314,58.060961],[29.452272,58.062232],[29.434513,58.058524],[29.431151,58.052251],[29.398609,58.048536],[29.371807,58.050372],[29.3516,58.047041],[29.34357,58.049189],[29.327541,58.041118],[29.32161,58.033451],[29.270861,58.038003],[29.252667,58.034275],[29.23632,58.016895],[29.238364,58.006893],[29.23664,58.00485],[29.231126,58.005231],[29.228588,58.003685],[29.219696,58.006004],[29.22037,58.003463],[29.217444,58.000542],[29.218581,57.999453],[29.217554,57.998164],[29.201608,57.992754],[29.197519,57.993536],[29.193916,57.990082],[29.194105,57.987812],[29.181356,57.982225],[29.176616,57.976122],[29.174061,57.963064],[29.170382,57.96002],[29.171421,57.957076],[29.167658,57.956856],[29.172589,57.955565],[29.176161,57.952454],[29.17156,57.94166],[29.161905,57.936751],[29.158901,57.930074],[29.168569,57.927293],[29.184343,57.927004],[29.186143,57.922508],[29.196174,57.916171],[29.205421,57.921588],[29.218612,57.918844],[29.209991,57.912079],[29.22232,57.90687],[29.230903,57.909308],[29.250434,57.901337],[29.247224,57.89728],[29.241284,57.897848],[29.208377,57.890942],[29.193505,57.894094],[29.19071,57.897333],[29.18487,57.896299],[29.180388,57.898352],[29.168007,57.892359],[29.154136,57.88983],[29.154952,57.885275],[29.167035,57.88554],[29.165831,57.872333],[29.164271,57.871507],[29.162081,57.860623],[29.142577,57.855623],[29.141489,57.853887],[29.145569,57.851426],[29.131054,57.845898],[29.133738,57.844334],[29.121635,57.839774],[29.122986,57.835922],[29.121771,57.832969],[29.115108,57.831304],[29.118236,57.829639],[29.118375,57.827689],[29.136315,57.829981],[29.13706,57.824758],[29.162459,57.812828],[29.167939,57.806187],[29.169187,57.796911],[29.156463,57.796709],[29.143186,57.792846],[29.124389,57.780812],[29.112861,57.776562],[29.105642,57.768168],[29.102958,57.749398],[29.088391,57.744133],[29.091726,57.743629],[29.096588,57.728086],[29.091367,57.729502],[29.089296,57.72806],[29.086775,57.728973],[29.087675,57.730656],[29.08488,57.730996],[29.070019,57.728975],[29.062314,57.731083],[29.063453,57.733748],[29.066827,57.734734],[29.060706,57.738062],[29.052502,57.739968],[29.041983,57.738438],[29.037432,57.741277],[29.007954,57.733683],[28.996655,57.734074],[28.997872,57.730145],[28.993924,57.726065],[28.990104,57.724909],[28.987939,57.726609],[28.991887,57.728717],[28.980171,57.729873],[28.968724,57.723881],[28.974314,57.721509],[28.975587,57.718313],[28.974114,57.716964],[28.976478,57.715184],[28.99176,57.715252],[28.991887,57.712259],[28.987586,57.709845],[28.987812,57.703211],[28.999254,57.705567],[29.010224,57.70219],[29.019138,57.694229],[29.017865,57.687559],[29.01379,57.680206],[29.006276,57.68327],[28.994048,57.678789],[28.993193,57.666353],[28.986656,57.665771],[28.981502,57.662374],[28.973432,57.664304],[28.966626,57.65748],[28.960566,57.655152],[28.932442,57.649974],[28.937055,57.64705],[28.926768,57.635857],[28.935793,57.629624],[28.922767,57.622249],[28.910292,57.620156],[28.885537,57.608425],[28.88254,57.610109],[28.881514,57.608907],[28.873722,57.610026],[28.84492,57.601983],[28.845281,57.600427],[28.837573,57.598414],[28.829773,57.598939],[28.820403,57.591925],[28.814826,57.592092],[28.81436,57.583993],[28.810077,57.583671],[28.81182,57.593948],[28.801565,57.596976],[28.786774,57.594792],[28.75757,57.585775],[28.753133,57.582282],[28.749378,57.571956],[28.749257,57.566304],[28.746334,57.560719],[28.738261,57.557803],[28.734559,57.547985],[28.74202,57.544079],[28.745308,57.540282],[28.751864,57.538833],[28.750787,57.536576],[28.721442,57.527586],[28.718772,57.504052],[28.721489,57.502427],[28.721139,57.497858],[28.714345,57.490416],[28.698136,57.481954],[28.687475,57.481071]]]}},{"type":"Feature","id":"155262-259","properties":{"id":"155262-259","name":"Печорский муниципальный округ","name_ru":"Печорский муниципальный округ","subject_id":"155262","subject_name":"Псковская область","source_gid":259,"source_fid":321,"names_rosstat":"Печорский муниципальный округ","population":17858,"area_km2":1520.4908026492624,"density_km2":11.74489182630023,"source":"Актуализированный объединённый GeoJSON, предоставленный преподавателем","name_en":"Pechorskii Municipal Okrug","name_zh":"Pechorskii市政专区","subject_name_en":"Pskov Oblast","subject_name_zh":"普斯科夫州"},"geometry":{"type":"Polygon","coordinates":[[[27.31748,57.580001],[27.325168,57.572709],[27.330462,57.570538],[27.33029,57.567173],[27.332885,57.565358],[27.330259,57.56301],[27.330321,57.559774],[27.335781,57.55897],[27.334711,57.556743],[27.336844,57.556151],[27.33762,57.553401],[27.335944,57.55108],[27.338243,57.549867],[27.335574,57.548403],[27.336359,57.546279],[27.342695,57.544361],[27.344404,57.537464],[27.349039,57.53524],[27.349436,57.531028],[27.345679,57.529613],[27.350571,57.528319],[27.349572,57.525683],[27.352894,57.525484],[27.350994,57.52287],[27.353007,57.521679],[27.351502,57.521],[27.351585,57.518232],[27.36779,57.526755],[27.365237,57.529941],[27.36953,57.533687],[27.374847,57.535463],[27.380583,57.535459],[27.398245,57.525358],[27.409593,57.52515],[27.415063,57.522648],[27.429552,57.526823],[27.433153,57.525603],[27.444149,57.531785],[27.452425,57.53203],[27.460857,57.528809],[27.463243,57.530433],[27.47126,57.530122],[27.472466,57.530642],[27.469517,57.532548],[27.469348,57.534759],[27.488603,57.535525],[27.500638,57.540215],[27.556394,57.537798],[27.546268,57.51926],[27.549973,57.518931],[27.555375,57.521271],[27.554465,57.519593],[27.566571,57.514789],[27.567791,57.510613],[27.555737,57.497676],[27.557054,57.493373],[27.554808,57.489106],[27.557245,57.487004],[27.552158,57.476471],[27.551007,57.466042],[27.54064,57.467825],[27.517335,57.426961],[27.52331,57.427342],[27.557181,57.415708],[27.560382,57.411051],[27.587813,57.416635],[27.60365,57.415666],[27.61818,57.405675],[27.632812,57.415637],[27.606447,57.425308],[27.619588,57.446978],[27.621707,57.455979],[27.630557,57.455935],[27.637478,57.458021],[27.654177,57.456875],[27.665091,57.462119],[27.661195,57.46426],[27.665226,57.469539],[27.658463,57.476466],[27.661521,57.482281],[27.660604,57.485996],[27.656724,57.489197],[27.668894,57.508746],[27.673818,57.50872],[27.681587,57.502847],[27.680701,57.508153],[27.687625,57.509706],[27.68276,57.512912],[27.685744,57.514487],[27.678939,57.519294],[27.679086,57.527245],[27.690061,57.527886],[27.743966,57.551116],[27.795806,57.592823],[27.804713,57.593827],[27.807317,57.603062],[27.911661,57.655629],[27.954932,57.68725],[28.04368,57.777829],[28.037962,57.853825],[28.042298,57.862262],[28.020152,57.9019],[27.979219,57.954081],[27.919318,58.016533],[27.856703,58.06319],[27.789591,58.106462],[27.702262,58.105846],[27.635985,58.099936],[27.606539,58.054063],[27.621281,58.005189],[27.643773,58.001017],[27.653932,57.995409],[27.657864,57.998278],[27.649986,57.99867],[27.648738,58.002801],[27.655475,58.005792],[27.652648,58.012643],[27.649004,58.014075],[27.649074,58.019894],[27.662367,58.018276],[27.666244,58.01021],[27.693235,58.004801],[27.69424,58.003583],[27.689186,57.999876],[27.698569,57.99899],[27.695857,57.996296],[27.69861,57.99468],[27.694285,57.993687],[27.696479,57.992331],[27.697184,57.988741],[27.69032,57.986615],[27.678626,57.974435],[27.680112,57.971063],[27.685722,57.971062],[27.684455,57.960016],[27.660264,57.95717],[27.656365,57.955335],[27.665298,57.95057],[27.669597,57.946091],[27.666845,57.941859],[27.671003,57.938311],[27.676047,57.93435],[27.681073,57.935378],[27.684467,57.928131],[27.678894,57.923703],[27.709919,57.922796],[27.718227,57.920008],[27.716319,57.919269],[27.716882,57.913745],[27.719157,57.912105],[27.708543,57.907207],[27.694911,57.907453],[27.705432,57.900129],[27.730138,57.90593],[27.747041,57.900256],[27.755507,57.902879],[27.753752,57.897484],[27.761371,57.895596],[27.770686,57.894599],[27.781975,57.897481],[27.796137,57.89835],[27.816642,57.895403],[27.816738,57.892768],[27.819104,57.890536],[27.818293,57.888882],[27.809175,57.886885],[27.808678,57.885309],[27.816667,57.882127],[27.814276,57.879244],[27.814819,57.876847],[27.809508,57.872439],[27.813519,57.870882],[27.815897,57.868842],[27.815779,57.866341],[27.817719,57.865796],[27.813298,57.864024],[27.815626,57.861788],[27.79415,57.851358],[27.792095,57.846051],[27.798455,57.843742],[27.795637,57.841216],[27.787939,57.84351],[27.783491,57.838108],[27.779807,57.837488],[27.77632,57.833464],[27.756322,57.837025],[27.757438,57.83486],[27.740926,57.827721],[27.730247,57.830626],[27.726277,57.832528],[27.725169,57.835079],[27.718057,57.836334],[27.71565,57.839849],[27.708115,57.84095],[27.707289,57.842136],[27.710587,57.847015],[27.708422,57.848441],[27.706818,57.846113],[27.704545,57.846033],[27.706329,57.84483],[27.702843,57.841431],[27.700226,57.841739],[27.697751,57.838429],[27.692032,57.836751],[27.689058,57.838251],[27.685974,57.835197],[27.669796,57.836814],[27.661012,57.839851],[27.648157,57.83869],[27.639987,57.841005],[27.628728,57.840319],[27.624989,57.838125],[27.621864,57.840206],[27.624282,57.840682],[27.622013,57.84097],[27.617625,57.838975],[27.61826,57.839733],[27.617648,57.840189],[27.615332,57.838693],[27.613267,57.83964],[27.604221,57.834987],[27.596133,57.833561],[27.586481,57.834278],[27.58499,57.832691],[27.584128,57.834163],[27.576359,57.831727],[27.566424,57.83225],[27.56405,57.830793],[27.557957,57.833824],[27.555585,57.834066],[27.554851,57.833027],[27.556723,57.83265],[27.554161,57.832099],[27.552536,57.834142],[27.549708,57.833627],[27.549363,57.831651],[27.553926,57.831875],[27.554922,57.830559],[27.55434,57.827041],[27.551735,57.826969],[27.551251,57.821726],[27.546084,57.824056],[27.541623,57.823157],[27.54306,57.816844],[27.549937,57.817028],[27.554194,57.814254],[27.538965,57.813903],[27.539098,57.810967],[27.542648,57.808448],[27.535585,57.808566],[27.532253,57.806735],[27.536158,57.805103],[27.538114,57.801496],[27.533619,57.796638],[27.536229,57.79417],[27.528057,57.789762],[27.51986,57.789817],[27.520775,57.792658],[27.5174,57.793004],[27.503681,57.788943],[27.501684,57.791683],[27.494324,57.788902],[27.49729,57.785467],[27.506216,57.783281],[27.512491,57.775676],[27.50581,57.772322],[27.505595,57.766312],[27.509096,57.764457],[27.507832,57.763547],[27.514299,57.762792],[27.518129,57.759323],[27.526376,57.757257],[27.527856,57.754158],[27.51329,57.752563],[27.511347,57.750719],[27.527314,57.751658],[27.529512,57.745178],[27.527858,57.741373],[27.545464,57.733337],[27.542297,57.733244],[27.541146,57.731146],[27.526642,57.731063],[27.526,57.726575],[27.52294,57.723299],[27.524357,57.719863],[27.521533,57.715943],[27.525553,57.709331],[27.518195,57.709289],[27.50689,57.713703],[27.505802,57.711984],[27.507966,57.710372],[27.506948,57.708034],[27.501169,57.706418],[27.497027,57.708084],[27.490323,57.717365],[27.492572,57.722882],[27.472178,57.716845],[27.469482,57.708754],[27.461864,57.707227],[27.451661,57.716683],[27.447003,57.717409],[27.428872,57.708651],[27.428735,57.705931],[27.425002,57.703456],[27.426827,57.699877],[27.411089,57.700476],[27.41427,57.695974],[27.405797,57.693728],[27.401961,57.689236],[27.403056,57.687249],[27.401636,57.686059],[27.3893,57.685881],[27.392733,57.679283],[27.384393,57.67513],[27.381407,57.675894],[27.382073,57.673158],[27.378032,57.672374],[27.376315,57.668656],[27.378856,57.665166],[27.378092,57.663529],[27.381222,57.66094],[27.377483,57.658451],[27.385014,57.655076],[27.377588,57.64852],[27.38131,57.647598],[27.37842,57.644307],[27.387562,57.642458],[27.385556,57.640449],[27.387443,57.639014],[27.399047,57.636672],[27.401004,57.632862],[27.400444,57.624237],[27.396013,57.622276],[27.387549,57.621771],[27.388801,57.616006],[27.401142,57.616935],[27.403796,57.615891],[27.404757,57.612574],[27.384121,57.603586],[27.377722,57.596073],[27.372617,57.59777],[27.356598,57.59779],[27.340602,57.590573],[27.340269,57.585811],[27.328281,57.580783],[27.31748,57.580001]]]}},{"type":"Feature","id":"155262-776","properties":{"id":"155262-776","name":"городской округ Великие Луки","name_ru":"городской округ Великие Луки","subject_id":"155262","subject_name":"Псковская область","source_gid":776,"source_fid":878,"names_rosstat":"Великолукский городской округ","population":84655,"area_km2":46.51311161716403,"density_km2":1820.0244416406888,"source":"Актуализированный объединённый GeoJSON, предоставленный преподавателем","name_en":"Velikie Luki Urban Okrug","name_zh":"Velikie Luki城市辖区","subject_name_en":"Pskov Oblast","subject_name_zh":"普斯科夫州"},"geometry":{"type":"Polygon","coordinates":[[[30.454686,56.321874],[30.455098,56.320432],[30.466507,56.321125],[30.471637,56.323529],[30.473185,56.323061],[30.469803,56.320238],[30.473855,56.317618],[30.475838,56.318477],[30.472235,56.320168],[30.476205,56.322923],[30.492209,56.315697],[30.495479,56.317865],[30.487593,56.325572],[30.485554,56.330851],[30.490751,56.334641],[30.500034,56.328971],[30.512102,56.324829],[30.506635,56.321411],[30.509139,56.320386],[30.509679,56.318197],[30.508086,56.310968],[30.514359,56.309747],[30.514349,56.304592],[30.509913,56.304169],[30.506305,56.301286],[30.508534,56.299098],[30.506833,56.296928],[30.512562,56.292313],[30.513781,56.29273],[30.513904,56.30027],[30.518831,56.300135],[30.518511,56.304045],[30.523879,56.308341],[30.522991,56.313472],[30.526295,56.313468],[30.526906,56.311257],[30.525999,56.307885],[30.522746,56.307063],[30.524211,56.306302],[30.531904,56.307202],[30.528697,56.308703],[30.534376,56.310471],[30.54073,56.308515],[30.541529,56.306052],[30.546764,56.302775],[30.545833,56.299701],[30.553062,56.299351],[30.552186,56.302012],[30.558597,56.303296],[30.560377,56.3004],[30.565285,56.300471],[30.569244,56.302434],[30.563948,56.307838],[30.565579,56.310201],[30.563018,56.310445],[30.563418,56.313693],[30.564844,56.31395],[30.562856,56.315901],[30.564835,56.318026],[30.560417,56.32012],[30.563628,56.323222],[30.567969,56.323052],[30.569799,56.320685],[30.56837,56.319407],[30.576944,56.313925],[30.580949,56.318694],[30.580089,56.321126],[30.582967,56.321974],[30.582092,56.324121],[30.584025,56.324673],[30.581358,56.327914],[30.578577,56.32792],[30.579187,56.325915],[30.57712,56.322279],[30.573656,56.321876],[30.565516,56.329198],[30.589826,56.331555],[30.590514,56.328263],[30.594213,56.328038],[30.594923,56.330536],[30.596731,56.330429],[30.597426,56.326955],[30.601832,56.325693],[30.602777,56.327987],[30.604436,56.326524],[30.610536,56.327388],[30.609564,56.330534],[30.606573,56.331973],[30.610431,56.332948],[30.610726,56.336986],[30.613796,56.336302],[30.613668,56.33235],[30.628561,56.335245],[30.633175,56.338302],[30.629445,56.337671],[30.629648,56.33922],[30.623767,56.344521],[30.618585,56.344868],[30.617852,56.349581],[30.604297,56.350326],[30.60716,56.358205],[30.60338,56.360019],[30.604009,56.362245],[30.593778,56.362256],[30.590501,56.366614],[30.584828,56.366578],[30.578073,56.371308],[30.560049,56.37134],[30.560215,56.365302],[30.554192,56.365176],[30.55378,56.363103],[30.54294,56.36158],[30.543842,56.360564],[30.540942,56.359422],[30.538119,56.362868],[30.534437,56.361971],[30.536269,56.360445],[30.530178,56.361032],[30.519205,56.357438],[30.515649,56.36026],[30.508895,56.36203],[30.510376,56.36292],[30.51006,56.366855],[30.499879,56.371976],[30.497302,56.370909],[30.497323,56.365446],[30.488243,56.361182],[30.487731,56.359163],[30.479035,56.359573],[30.476225,56.357783],[30.473836,56.358859],[30.470768,56.35604],[30.472055,56.353371],[30.479681,56.35307],[30.481648,56.351358],[30.4824,56.348377],[30.477691,56.348311],[30.472826,56.342348],[30.477497,56.341741],[30.476574,56.340743],[30.478376,56.33788],[30.475238,56.337669],[30.476702,56.333495],[30.472809,56.333982],[30.472228,56.339224],[30.473853,56.341671],[30.471887,56.3422],[30.46807,56.341443],[30.466922,56.338482],[30.461513,56.335325],[30.457691,56.336215],[30.458035,56.332337],[30.462724,56.329484],[30.459287,56.327194],[30.458346,56.323996],[30.45549,56.323814],[30.457125,56.321461],[30.454686,56.321874]]]}},{"type":"Feature","id":"155262-1708","properties":{"id":"155262-1708","name":"городской округ Псков","name_ru":"городской округ Псков","subject_id":"155262","subject_name":"Псковская область","source_gid":1708,"source_fid":1818,"names_rosstat":"Псковский городской округ","population":185486,"area_km2":95.55620257157119,"density_km2":1941.1194146300631,"source":"Актуализированный объединённый GeoJSON, предоставленный преподавателем","name_en":"Pskov Urban Okrug","name_zh":"Pskov城市辖区","subject_name_en":"Pskov Oblast","subject_name_zh":"普斯科夫州"},"geometry":{"type":"Polygon","coordinates":[[[28.254526,57.876405],[28.281797,57.856448],[28.28191,57.858457],[28.283872,57.857843],[28.287123,57.855261],[28.284841,57.854286],[28.296513,57.845901],[28.296686,57.843855],[28.296652,57.842435],[28.278197,57.836444],[28.270792,57.839098],[28.268534,57.837548],[28.264775,57.840124],[28.255501,57.839401],[28.256663,57.835542],[28.25966,57.833922],[28.27466,57.836106],[28.272636,57.833287],[28.26951,57.833282],[28.27076,57.831497],[28.287067,57.824098],[28.281796,57.822849],[28.271415,57.826275],[28.276021,57.820355],[28.269579,57.819488],[28.269648,57.817827],[28.266939,57.81707],[28.270984,57.811715],[28.265693,57.812063],[28.268194,57.807514],[28.25763,57.804248],[28.277237,57.796118],[28.28274,57.796313],[28.286515,57.794356],[28.28371,57.792713],[28.282359,57.786806],[28.311139,57.786086],[28.310758,57.789686],[28.323573,57.791864],[28.324601,57.780637],[28.322277,57.780115],[28.323452,57.776694],[28.321687,57.772045],[28.327665,57.767683],[28.33418,57.769918],[28.331233,57.778417],[28.339129,57.773633],[28.342932,57.773528],[28.352705,57.774433],[28.351916,57.777881],[28.353519,57.778224],[28.354761,57.776503],[28.354297,57.767789],[28.350655,57.762681],[28.351368,57.759485],[28.348582,57.751105],[28.356075,57.750968],[28.35716,57.748187],[28.3667,57.74921],[28.368961,57.756519],[28.37657,57.751488],[28.392643,57.75075],[28.398179,57.747819],[28.410785,57.747316],[28.417148,57.744223],[28.415189,57.746104],[28.418273,57.746169],[28.424429,57.752874],[28.421224,57.755034],[28.424176,57.760388],[28.427633,57.760972],[28.420296,57.768304],[28.433789,57.776489],[28.444248,57.78024],[28.444006,57.784542],[28.452172,57.78647],[28.448378,57.793572],[28.439642,57.798664],[28.443867,57.802465],[28.450402,57.803548],[28.455227,57.806747],[28.460873,57.806617],[28.458275,57.830025],[28.46357,57.835929],[28.437512,57.834723],[28.441328,57.838564],[28.435763,57.840092],[28.419936,57.831501],[28.413286,57.83469],[28.419293,57.838286],[28.416915,57.840521],[28.42219,57.843531],[28.420709,57.846877],[28.418389,57.845126],[28.387946,57.848739],[28.385695,57.85272],[28.375789,57.857677],[28.352135,57.855134],[28.353728,57.852222],[28.348533,57.849513],[28.343131,57.849991],[28.347805,57.849071],[28.323665,57.842808],[28.314211,57.846638],[28.314211,57.849366],[28.307146,57.848039],[28.307778,57.852942],[28.301673,57.865802],[28.288963,57.864365],[28.281898,57.859132],[28.278538,57.861417],[28.280859,57.863812],[28.278024,57.867284],[28.260434,57.878937],[28.254526,57.876405]]]}},{"type":"Feature","id":"155262-1800","properties":{"id":"155262-1800","name":"Новосокольнический район","name_ru":"Новосокольнический район","subject_id":"155262","subject_name":"Псковская область","source_gid":1800,"source_fid":1910,"names_rosstat":"Новосокольнический муниципальный район","population":11228,"area_km2":1611.517748601259,"density_km2":6.967344920492195,"source":"Актуализированный объединённый GeoJSON, предоставленный преподавателем","name_en":"Novosokol'nicheskii District","name_zh":"Novosokol'nicheskii区","subject_name_en":"Pskov Oblast","subject_name_zh":"普斯科夫州"},"geometry":{"type":"Polygon","coordinates":[[[29.43798,56.645613],[29.441662,56.639044],[29.44219,56.632038],[29.440096,56.631903],[29.440484,56.630789],[29.447685,56.6296],[29.443589,56.625338],[29.44665,56.619858],[29.452903,56.619596],[29.462048,56.601702],[29.464254,56.604181],[29.474168,56.607507],[29.484,56.606],[29.488324,56.608536],[29.501842,56.609214],[29.504244,56.60757],[29.501982,56.604862],[29.502834,56.603482],[29.4985,56.602447],[29.501856,56.601188],[29.500109,56.598256],[29.496907,56.597827],[29.492193,56.593238],[29.510195,56.580383],[29.50798,56.577268],[29.508087,56.573778],[29.506422,56.571266],[29.503338,56.571237],[29.503612,56.569475],[29.510918,56.564811],[29.514265,56.568745],[29.518444,56.567733],[29.510791,56.564116],[29.517231,56.565516],[29.521937,56.562641],[29.514718,56.558116],[29.513465,56.556442],[29.515042,56.554555],[29.520774,56.553071],[29.519951,56.554798],[29.522598,56.556748],[29.528908,56.556588],[29.530445,56.558273],[29.529034,56.561987],[29.531493,56.567154],[29.534492,56.567187],[29.537403,56.568939],[29.535788,56.570385],[29.553534,56.57983],[29.557599,56.575353],[29.558212,56.570521],[29.568663,56.572193],[29.57931,56.570479],[29.588001,56.565282],[29.594504,56.565794],[29.603471,56.563809],[29.602581,56.565723],[29.604321,56.566643],[29.613829,56.565093],[29.624423,56.568792],[29.626715,56.565242],[29.624808,56.564425],[29.627184,56.562325],[29.641061,56.554642],[29.647629,56.552902],[29.652019,56.553712],[29.658387,56.549718],[29.663845,56.549291],[29.664007,56.542818],[29.667766,56.543303],[29.666068,56.539426],[29.662517,56.537712],[29.668499,56.536021],[29.680328,56.538544],[29.68003,56.536656],[29.692574,56.530687],[29.696548,56.52403],[29.703417,56.524318],[29.708331,56.520549],[29.707477,56.517342],[29.715394,56.516252],[29.715356,56.512272],[29.720416,56.50782],[29.723298,56.499013],[29.72708,56.495076],[29.720396,56.493377],[29.709664,56.493306],[29.700981,56.495276],[29.694767,56.494062],[29.694085,56.492948],[29.696878,56.490818],[29.694788,56.489112],[29.697619,56.484337],[29.703435,56.484258],[29.705414,56.477283],[29.710258,56.473346],[29.696498,56.466213],[29.689944,56.459534],[29.694422,56.459065],[29.694213,56.457377],[29.698665,56.454815],[29.709937,56.454589],[29.713258,56.452042],[29.712192,56.449894],[29.708851,56.450463],[29.712956,56.447859],[29.725432,56.448451],[29.737425,56.446265],[29.743424,56.449359],[29.745655,56.447457],[29.742838,56.446348],[29.743407,56.443907],[29.741031,56.442358],[29.744983,56.439041],[29.762508,56.436323],[29.776342,56.428934],[29.776556,56.426224],[29.788047,56.421294],[29.782091,56.420134],[29.781923,56.416721],[29.7691,56.41442],[29.761643,56.416412],[29.760472,56.418146],[29.761917,56.41977],[29.754691,56.419302],[29.758511,56.413318],[29.765543,56.409136],[29.767029,56.405133],[29.77027,56.404117],[29.769869,56.401739],[29.771869,56.39934],[29.785273,56.396253],[29.783457,56.393507],[29.78647,56.391059],[29.785771,56.390043],[29.79461,56.384554],[29.792886,56.382688],[29.79617,56.381517],[29.791485,56.379137],[29.795647,56.375982],[29.795083,56.373944],[29.79001,56.368532],[29.794387,56.364721],[29.793792,56.362805],[29.785447,56.365293],[29.79543,56.358673],[29.791652,56.354972],[29.786077,56.354003],[29.784289,56.349699],[29.762269,56.349725],[29.747572,56.344965],[29.738314,56.336911],[29.740413,56.336016],[29.737463,56.333216],[29.738839,56.330349],[29.736547,56.328176],[29.730238,56.327125],[29.732051,56.323896],[29.727693,56.324246],[29.732934,56.32117],[29.737955,56.321986],[29.74649,56.320141],[29.75716,56.313873],[29.761898,56.31557],[29.767191,56.309358],[29.754115,56.303557],[29.75968,56.30036],[29.760941,56.297904],[29.759445,56.292222],[29.763775,56.291262],[29.770216,56.285277],[29.769694,56.281578],[29.761862,56.277871],[29.76606,56.275055],[29.772565,56.274359],[29.774927,56.272419],[29.774219,56.26855],[29.786096,56.269288],[29.787144,56.274175],[29.799398,56.278096],[29.813487,56.275954],[29.824105,56.27012],[29.851596,56.261773],[29.867867,56.260436],[29.874002,56.262653],[29.879978,56.259943],[29.887805,56.259961],[29.89066,56.253847],[29.896009,56.251536],[29.909183,56.254242],[29.920915,56.24923],[29.927653,56.251978],[29.962589,56.248907],[29.982917,56.252147],[29.981824,56.247733],[29.984203,56.244275],[29.979135,56.238509],[29.970669,56.236937],[29.966893,56.233571],[29.971016,56.228157],[29.986226,56.222914],[29.991993,56.216882],[29.992038,56.214631],[30.000466,56.216334],[30.001454,56.214749],[29.996861,56.212075],[30.003353,56.207584],[30.019566,56.209002],[30.020286,56.206128],[30.023194,56.205431],[30.026481,56.207961],[30.035567,56.205876],[30.040748,56.207769],[30.048212,56.203849],[30.051502,56.200125],[30.048679,56.198018],[30.05412,56.197654],[30.05877,56.198526],[30.057832,56.200474],[30.061787,56.200529],[30.062258,56.203107],[30.067231,56.203966],[30.065938,56.208104],[30.068863,56.209918],[30.069202,56.207342],[30.071292,56.207479],[30.072622,56.204684],[30.068091,56.199188],[30.077666,56.196654],[30.081316,56.1967],[30.082474,56.199528],[30.093633,56.20004],[30.099055,56.195467],[30.105829,56.196315],[30.119129,56.201214],[30.123495,56.201717],[30.126468,56.199004],[30.136031,56.204132],[30.137783,56.202468],[30.150234,56.202691],[30.167447,56.194039],[30.173198,56.196858],[30.176955,56.193552],[30.188894,56.198447],[30.200328,56.197843],[30.204198,56.189826],[30.21561,56.184702],[30.215646,56.187508],[30.219322,56.192404],[30.227314,56.191588],[30.236245,56.187335],[30.245821,56.186597],[30.247087,56.184974],[30.244587,56.181633],[30.25471,56.179287],[30.2627,56.172697],[30.254373,56.164374],[30.255889,56.162738],[30.265151,56.161861],[30.267017,56.157966],[30.269924,56.156797],[30.278711,56.161282],[30.288597,56.171541],[30.297006,56.175125],[30.293908,56.175266],[30.281621,56.181971],[30.271701,56.183231],[30.268413,56.187686],[30.279642,56.190561],[30.283093,56.189876],[30.284228,56.193188],[30.293212,56.197144],[30.292528,56.199761],[30.295606,56.203497],[30.290706,56.209655],[30.292651,56.210089],[30.287824,56.214866],[30.288738,56.216118],[30.303308,56.222057],[30.305697,56.224547],[30.304737,56.226237],[30.322989,56.235579],[30.322218,56.241875],[30.323781,56.244822],[30.327147,56.248048],[30.342034,56.255047],[30.343967,56.262114],[30.360732,56.267944],[30.346867,56.276435],[30.35285,56.279613],[30.350271,56.283671],[30.357165,56.284957],[30.356888,56.286871],[30.361319,56.291906],[30.357405,56.298004],[30.347737,56.299759],[30.349887,56.303811],[30.378896,56.307122],[30.370911,56.310318],[30.375737,56.312851],[30.373545,56.315443],[30.368826,56.314912],[30.365239,56.310273],[30.360784,56.311453],[30.364349,56.315908],[30.362614,56.32198],[30.357878,56.325016],[30.359233,56.333587],[30.368202,56.3427],[30.367003,56.347517],[30.361856,56.349541],[30.370215,56.35794],[30.36637,56.357776],[30.363433,56.363983],[30.360574,56.363577],[30.359614,56.364949],[30.361482,56.367638],[30.357539,56.368374],[30.357433,56.369881],[30.347888,56.3688],[30.335389,56.372514],[30.319544,56.374083],[30.30284,56.391663],[30.293504,56.389863],[30.28169,56.382808],[30.261544,56.388059],[30.253501,56.392069],[30.246688,56.398745],[30.239407,56.400615],[30.235701,56.399437],[30.233498,56.403693],[30.237821,56.409413],[30.245547,56.41463],[30.226939,56.421448],[30.228704,56.425905],[30.232464,56.426318],[30.228537,56.428931],[30.230813,56.431318],[30.23079,56.44005],[30.218902,56.437654],[30.217888,56.442335],[30.223398,56.444376],[30.221126,56.448439],[30.225871,56.449258],[30.228626,56.452077],[30.227178,56.454728],[30.231398,56.453541],[30.232557,56.454021],[30.231173,56.456037],[30.235269,56.457026],[30.237599,56.455879],[30.250904,56.465062],[30.251261,56.46733],[30.245872,56.469464],[30.249487,56.472383],[30.246357,56.47795],[30.251528,56.478487],[30.239205,56.47935],[30.244547,56.488948],[30.240272,56.490453],[30.237201,56.487396],[30.226039,56.486578],[30.232459,56.49339],[30.229864,56.504936],[30.23396,56.505844],[30.231926,56.508163],[30.218678,56.512039],[30.217545,56.514112],[30.230542,56.523611],[30.23566,56.532613],[30.235984,56.536295],[30.220679,56.550411],[30.222201,56.553967],[30.229518,56.556331],[30.231427,56.559556],[30.238657,56.562878],[30.240619,56.566669],[30.252448,56.566593],[30.265922,56.581582],[30.255676,56.59267],[30.244457,56.60097],[30.23077,56.606772],[30.230602,56.608457],[30.212588,56.612557],[30.196256,56.608459],[30.199477,56.614514],[30.189037,56.611747],[30.185275,56.612386],[30.179499,56.616474],[30.168751,56.617577],[30.154072,56.613046],[30.136495,56.61233],[30.135171,56.609658],[30.143578,56.602072],[30.141775,56.600507],[30.143549,56.597608],[30.140039,56.596893],[30.136705,56.600045],[30.128718,56.597594],[30.113162,56.599969],[30.115309,56.594456],[30.123839,56.587371],[30.115381,56.585401],[30.105363,56.580441],[30.105465,56.578292],[30.101574,56.577472],[30.106798,56.571328],[30.100608,56.570065],[30.101226,56.56747],[30.09786,56.568441],[30.099695,56.570488],[30.09723,56.571393],[30.097495,56.569943],[30.094412,56.568935],[30.090858,56.569656],[30.089522,56.565817],[30.087149,56.566074],[30.088094,56.56682],[30.084049,56.569404],[30.07887,56.568534],[30.07947,56.570457],[30.076425,56.568412],[30.073713,56.569306],[30.075269,56.568902],[30.075536,56.570763],[30.070323,56.569762],[30.068156,56.572404],[30.056896,56.576769],[30.055937,56.575583],[30.051474,56.577115],[30.052918,56.580736],[30.040311,56.582673],[30.037344,56.585815],[30.039246,56.591189],[30.037816,56.593076],[30.028715,56.591293],[30.00558,56.592228],[29.972103,56.60101],[29.972119,56.604358],[29.96925,56.605726],[29.956981,56.607622],[29.94689,56.602288],[29.91975,56.604931],[29.910704,56.603805],[29.902147,56.600441],[29.893856,56.600637],[29.886032,56.604637],[29.884476,56.607145],[29.881809,56.607072],[29.876319,56.61183],[29.87583,56.614839],[29.872158,56.614705],[29.868006,56.618313],[29.86851,56.62059],[29.862227,56.622642],[29.865507,56.627099],[29.859426,56.628804],[29.858715,56.627141],[29.849824,56.629293],[29.844467,56.626261],[29.836843,56.626603],[29.831807,56.628052],[29.834311,56.63068],[29.823356,56.631584],[29.81547,56.626816],[29.811438,56.628841],[29.801613,56.628645],[29.800369,56.627202],[29.807437,56.624366],[29.806904,56.620966],[29.799257,56.622018],[29.792545,56.619768],[29.789744,56.616857],[29.777164,56.614753],[29.774842,56.616391],[29.766996,56.61447],[29.758988,56.607353],[29.754555,56.605767],[29.753971,56.603596],[29.731718,56.597453],[29.728929,56.599754],[29.728418,56.602646],[29.730411,56.604519],[29.730015,56.611054],[29.723546,56.615375],[29.719575,56.620886],[29.723114,56.624052],[29.717735,56.628357],[29.714039,56.628447],[29.715259,56.630314],[29.714213,56.63178],[29.719404,56.637006],[29.71568,56.636946],[29.713802,56.64211],[29.714785,56.645488],[29.707761,56.648237],[29.707281,56.652395],[29.695722,56.652147],[29.684259,56.654345],[29.685918,56.661085],[29.680929,56.664505],[29.671453,56.66484],[29.667486,56.661085],[29.66461,56.661021],[29.65366,56.670772],[29.649437,56.667747],[29.644475,56.667924],[29.635326,56.664435],[29.625162,56.666569],[29.621758,56.669376],[29.617734,56.667524],[29.606086,56.674891],[29.595159,56.676759],[29.594403,56.679502],[29.563585,56.677567],[29.54797,56.680792],[29.541513,56.677309],[29.525663,56.680115],[29.516257,56.685369],[29.506258,56.685567],[29.496706,56.688614],[29.477774,56.681241],[29.478836,56.673224],[29.476648,56.670859],[29.48235,56.66941],[29.482224,56.66773],[29.471775,56.670246],[29.462618,56.669279],[29.461209,56.671504],[29.455818,56.671528],[29.453461,56.666118],[29.463495,56.660756],[29.463851,56.658278],[29.456687,56.654607],[29.457159,56.653083],[29.442851,56.651703],[29.439255,56.649598],[29.439783,56.647468],[29.43798,56.645613]]]}},{"type":"Feature","id":"155262-1801","properties":{"id":"155262-1801","name":"Себежский район","name_ru":"Себежский район","subject_id":"155262","subject_name":"Псковская область","source_gid":1801,"source_fid":1911,"names_rosstat":"Себежский муниципальный район","population":18046,"area_km2":3071.041350808747,"density_km2":5.876182681567493,"source":"Актуализированный объединённый GeoJSON, предоставленный преподавателем","name_en":"Sebezhskii District","name_zh":"Sebezhskii区","subject_name_en":"Pskov Oblast","subject_name_zh":"普斯科夫州"},"geometry":{"type":"Polygon","coordinates":[[[28.125445,56.497386],[28.129681,56.493637],[28.12959,56.490771],[28.132001,56.488581],[28.138763,56.485774],[28.142846,56.478097],[28.153747,56.474186],[28.157496,56.467098],[28.167212,56.463037],[28.166827,56.460097],[28.174184,56.456718],[28.175498,56.454199],[28.190485,56.451392],[28.192765,56.448566],[28.192429,56.444182],[28.195057,56.441302],[28.186973,56.428678],[28.18259,56.427973],[28.186393,56.411969],[28.194431,56.405512],[28.187181,56.403738],[28.170198,56.386127],[28.167998,56.380126],[28.163165,56.379517],[28.165557,56.374513],[28.175636,56.367568],[28.190104,56.361603],[28.193959,56.357949],[28.193599,56.352315],[28.200895,56.343312],[28.199401,56.337928],[28.206219,56.322714],[28.220207,56.308619],[28.221156,56.304188],[28.230541,56.296738],[28.241494,56.278658],[28.239673,56.271302],[28.219213,56.251692],[28.218043,56.248382],[28.198195,56.241683],[28.185406,56.230279],[28.184213,56.226171],[28.187612,56.219429],[28.202298,56.216575],[28.204019,56.214648],[28.196761,56.208518],[28.181386,56.207149],[28.174364,56.204143],[28.173615,56.203073],[28.177964,56.204837],[28.18269,56.203815],[28.186539,56.200306],[28.185782,56.194156],[28.180199,56.193009],[28.180529,56.191006],[28.175907,56.186114],[28.178349,56.185752],[28.177433,56.183725],[28.179222,56.182545],[28.177761,56.182026],[28.179153,56.179626],[28.168648,56.177207],[28.169518,56.1764],[28.165489,56.174974],[28.164158,56.172335],[28.161195,56.172953],[28.154873,56.169805],[28.150352,56.170023],[28.147846,56.164355],[28.154709,56.16315],[28.157419,56.143574],[28.194715,56.139228],[28.213577,56.126257],[28.218953,56.126714],[28.219378,56.124461],[28.236004,56.118423],[28.239352,56.1187],[28.247244,56.114366],[28.247949,56.113396],[28.242832,56.111005],[28.240259,56.091575],[28.243085,56.085811],[28.261244,56.084124],[28.274582,56.095767],[28.277911,56.095116],[28.280306,56.081369],[28.283288,56.07736],[28.291165,56.068966],[28.30439,56.06263],[28.320216,56.05945],[28.320564,56.058121],[28.32988,56.06254],[28.33872,56.06418],[28.34782,56.06306],[28.354621,56.058009],[28.359502,56.060293],[28.371025,56.059157],[28.37619,56.060224],[28.38224,56.06941],[28.382539,56.073887],[28.386871,56.077354],[28.39144,56.075798],[28.393487,56.078103],[28.388714,56.08017],[28.386387,56.083111],[28.387274,56.084311],[28.382719,56.085635],[28.38436,56.088345],[28.380426,56.092039],[28.371575,56.095804],[28.370526,56.097706],[28.371242,56.099521],[28.377203,56.100128],[28.378844,56.102519],[28.373335,56.108274],[28.378256,56.111158],[28.397004,56.111114],[28.403852,56.09969],[28.421488,56.098289],[28.424512,56.093957],[28.41851,56.090669],[28.419287,56.08631],[28.419355,56.088299],[28.435498,56.090822],[28.438043,56.092061],[28.435908,56.09282],[28.438703,56.094104],[28.446636,56.093761],[28.451254,56.096413],[28.452576,56.100104],[28.458254,56.100419],[28.456963,56.101601],[28.460147,56.101532],[28.460986,56.102241],[28.459308,56.102877],[28.462337,56.10422],[28.4649,56.102257],[28.464131,56.103642],[28.467216,56.105113],[28.478807,56.104447],[28.493069,56.107561],[28.497875,56.106988],[28.5,56.10417],[28.50918,56.10443],[28.508698,56.107237],[28.515471,56.108557],[28.528928,56.107555],[28.529718,56.113213],[28.543727,56.113376],[28.548342,56.115986],[28.6199,56.09936],[28.631095,56.101363],[28.635297,56.107021],[28.662167,56.10053],[28.672052,56.101452],[28.681272,56.104634],[28.687689,56.101534],[28.685023,56.098809],[28.680811,56.098233],[28.679364,56.093987],[28.664504,56.08937],[28.666092,56.087968],[28.665205,56.086608],[28.662384,56.083278],[28.658844,56.082282],[28.652428,56.083731],[28.653735,56.08617],[28.645049,56.085451],[28.645908,56.082522],[28.636204,56.074558],[28.643471,56.070184],[28.641873,56.069558],[28.643882,56.06558],[28.654454,56.062426],[28.654781,56.059949],[28.657798,56.059156],[28.658219,56.057581],[28.654015,56.056799],[28.656874,56.049966],[28.655538,56.048913],[28.656537,56.046649],[28.661758,56.043221],[28.673984,56.040529],[28.680247,56.034977],[28.689289,56.035984],[28.692215,56.033008],[28.689553,56.031558],[28.691879,56.028981],[28.700101,56.026572],[28.69862,56.025134],[28.702126,56.023221],[28.700522,56.021984],[28.703893,56.021538],[28.702136,56.020446],[28.70352,56.018872],[28.701227,56.01798],[28.701841,56.016054],[28.705856,56.013931],[28.701943,56.012476],[28.704776,56.005004],[28.702753,56.002536],[28.703847,56.000338],[28.714056,55.993308],[28.713648,55.991088],[28.718439,55.983991],[28.722886,55.981254],[28.72288,55.978664],[28.732166,55.972471],[28.734065,55.969511],[28.736828,55.96895],[28.733749,55.966858],[28.748131,55.966833],[28.738804,55.968825],[28.741421,55.972556],[28.747323,55.972822],[28.756426,55.971981],[28.765713,55.967823],[28.778904,55.971778],[28.780457,55.969655],[28.809173,55.968801],[28.816141,55.965578],[28.827379,55.964287],[28.829386,55.961372],[28.835303,55.960105],[28.843168,55.954352],[28.847256,55.953858],[28.849933,55.958533],[28.847838,55.968802],[28.854312,55.97338],[28.858073,55.988538],[28.909299,55.993154],[28.916916,55.991522],[28.925793,56.000838],[28.940254,55.994827],[28.944744,55.99666],[28.940152,56.001321],[28.938163,55.999676],[28.934675,56.002503],[28.939562,56.008051],[28.939761,56.011004],[28.951933,56.010438],[28.952578,56.012893],[29.003569,56.012388],[29.005936,56.013829],[29.001881,56.019848],[29.011769,56.022918],[29.012078,56.025934],[29.059376,56.030527],[29.065497,56.029106],[29.088155,56.034096],[29.092229,56.030169],[29.094824,56.02418],[29.098412,56.022725],[29.09908,56.019383],[29.111633,56.016331],[29.11835,56.016173],[29.123038,56.018287],[29.12718,56.020725],[29.130611,56.026235],[29.136357,56.027701],[29.14662,56.025488],[29.155782,56.0267],[29.172496,56.018159],[29.180378,56.016893],[29.193943,56.021581],[29.193221,56.028675],[29.197304,56.029926],[29.197038,56.031905],[29.203997,56.033683],[29.201304,56.039362],[29.207449,56.042684],[29.20352,56.044575],[29.204693,56.04702],[29.2046,56.076715],[29.215501,56.077779],[29.218237,56.08187],[29.238922,56.086716],[29.236122,56.089266],[29.230076,56.090335],[29.229734,56.091531],[29.238454,56.091812],[29.240273,56.09344],[29.236176,56.097545],[29.233337,56.097993],[29.231493,56.102457],[29.227316,56.103965],[29.229824,56.11234],[29.235895,56.118498],[29.232139,56.121592],[29.233402,56.128594],[29.235884,56.131134],[29.233211,56.141963],[29.236734,56.145605],[29.236258,56.148764],[29.21557,56.166185],[29.209988,56.17414],[29.188457,56.176718],[29.185908,56.177278],[29.185736,56.18092],[29.174854,56.179897],[29.167775,56.183286],[29.174171,56.18861],[29.185782,56.192693],[29.191018,56.197096],[29.183594,56.204329],[29.176254,56.207131],[29.17033,56.208513],[29.164947,56.205624],[29.166528,56.21223],[29.165489,56.214351],[29.150202,56.219089],[29.150148,56.228985],[29.154857,56.232577],[29.17522,56.239806],[29.171871,56.241585],[29.170401,56.244393],[29.171467,56.246148],[29.168038,56.251484],[29.177911,56.253074],[29.187781,56.262418],[29.172631,56.271307],[29.166188,56.270409],[29.158664,56.274135],[29.157876,56.27608],[29.160549,56.277899],[29.15926,56.278357],[29.159756,56.280889],[29.169122,56.283468],[29.170592,56.286314],[29.157252,56.290156],[29.148777,56.296594],[29.146433,56.30296],[29.143979,56.304416],[29.144699,56.307405],[29.137621,56.31269],[29.140644,56.318652],[29.160933,56.322629],[29.161738,56.326763],[29.160268,56.328695],[29.166188,56.336137],[29.17045,56.337026],[29.164187,56.340601],[29.165556,56.344584],[29.161778,56.347361],[29.161329,56.350237],[29.164069,56.350493],[29.161739,56.352838],[29.162306,56.354604],[29.16525,56.354933],[29.169244,56.370143],[29.161341,56.370378],[29.153831,56.374058],[29.146707,56.372521],[29.149652,56.377728],[29.14586,56.381595],[29.161403,56.392521],[29.123638,56.40697],[29.120524,56.409788],[29.121059,56.411378],[29.111775,56.417584],[29.113431,56.418387],[29.108788,56.420897],[29.108791,56.42342],[29.100741,56.428782],[29.100397,56.430237],[29.103059,56.430405],[29.103056,56.432604],[29.105267,56.432556],[29.107374,56.435583],[29.10067,56.437834],[29.092225,56.435848],[29.084495,56.431315],[29.08069,56.431315],[29.07824,56.424074],[29.065927,56.422189],[29.061164,56.424184],[29.058494,56.421214],[29.048982,56.421765],[29.040296,56.418636],[29.03489,56.419361],[29.036743,56.426355],[29.043124,56.431022],[29.041531,56.434683],[29.033886,56.434956],[29.027367,56.429901],[29.023574,56.430245],[29.023665,56.431736],[29.017536,56.431428],[29.01625,56.433],[29.018131,56.433982],[29.022965,56.432502],[29.02325,56.4365],[29.026042,56.437053],[29.0245,56.438],[29.025003,56.439853],[29.02275,56.44],[29.024312,56.442428],[29.022211,56.44523],[29.026,56.44375],[29.0285,56.44425],[29.029367,56.446385],[29.021406,56.447658],[29.021,56.4495],[29.0255,56.45],[29.025657,56.453363],[29.019401,56.452689],[29.015814,56.455298],[29.009942,56.452556],[29.007762,56.454867],[29.007464,56.452477],[29.0013,56.457342],[29.004007,56.457764],[28.999069,56.458843],[28.999278,56.4647],[29.003067,56.468711],[29.003962,56.463947],[29.006429,56.463792],[29.004656,56.467859],[29.006813,56.470675],[29.004555,56.474222],[29.008687,56.4773],[29.016503,56.478342],[29.014871,56.485593],[28.994268,56.493546],[28.979373,56.509846],[28.977039,56.510452],[28.973403,56.506551],[28.967757,56.50404],[28.960521,56.507358],[28.939563,56.49974],[28.919597,56.505003],[28.902255,56.50606],[28.893866,56.503531],[28.870589,56.501831],[28.866452,56.504211],[28.856508,56.503288],[28.835166,56.496755],[28.836618,56.494618],[28.831866,56.490197],[28.819721,56.4918],[28.816377,56.491168],[28.817345,56.490391],[28.815057,56.488205],[28.809425,56.487767],[28.80432,56.489662],[28.798424,56.48835],[28.798141,56.48661],[28.785145,56.487733],[28.776767,56.48654],[28.761364,56.48988],[28.744581,56.480015],[28.741315,56.480754],[28.734376,56.477781],[28.735791,56.473401],[28.731723,56.470901],[28.729113,56.473188],[28.733877,56.474978],[28.726267,56.475113],[28.731789,56.477395],[28.725029,56.47725],[28.723922,56.480231],[28.719546,56.480555],[28.719214,56.483795],[28.721701,56.486548],[28.715777,56.486208],[28.714743,56.486895],[28.716042,56.48898],[28.712674,56.489175],[28.71176,56.491385],[28.702881,56.494322],[28.700237,56.493337],[28.69637,56.499826],[28.698595,56.49955],[28.699864,56.501868],[28.691893,56.500712],[28.692832,56.504043],[28.687562,56.505233],[28.691276,56.506861],[28.690686,56.509626],[28.673494,56.509183],[28.668692,56.5107],[28.670044,56.507124],[28.662584,56.506021],[28.665221,56.51045],[28.663079,56.513794],[28.654214,56.510042],[28.645774,56.513117],[28.636671,56.511212],[28.625933,56.504989],[28.61513,56.504137],[28.61471,56.501667],[28.60455,56.507934],[28.596574,56.509843],[28.58177,56.510194],[28.581398,56.514402],[28.575776,56.519649],[28.563974,56.526778],[28.561468,56.523105],[28.541225,56.51994],[28.534764,56.524341],[28.535489,56.528923],[28.520917,56.530124],[28.513356,56.535647],[28.497039,56.536789],[28.493976,56.533653],[28.485356,56.534058],[28.479747,56.531782],[28.471887,56.535753],[28.466663,56.528985],[28.457248,56.528326],[28.45251,56.529873],[28.446637,56.519542],[28.441938,56.517245],[28.439064,56.510824],[28.431481,56.514183],[28.418,56.504252],[28.410091,56.507723],[28.397322,56.506093],[28.397084,56.504279],[28.402801,56.49823],[28.411915,56.496571],[28.411901,56.491182],[28.408947,56.488104],[28.403008,56.488688],[28.396211,56.4868],[28.393986,56.481316],[28.389112,56.479828],[28.384824,56.480302],[28.379917,56.485327],[28.380822,56.488483],[28.384062,56.490746],[28.383199,56.493075],[28.374387,56.496031],[28.360707,56.494868],[28.359766,56.497965],[28.356142,56.500057],[28.360651,56.505212],[28.351503,56.506441],[28.350715,56.511045],[28.347692,56.515297],[28.344928,56.516393],[28.328883,56.51428],[28.331799,56.510563],[28.330431,56.50857],[28.325726,56.510121],[28.324087,56.51324],[28.326228,56.513994],[28.325476,56.516831],[28.32018,56.517324],[28.320028,56.514593],[28.315255,56.520179],[28.308645,56.519063],[28.30055,56.521226],[28.302437,56.524757],[28.298327,56.527805],[28.293745,56.527173],[28.28972,56.52249],[28.269117,56.52194],[28.261547,56.523843],[28.204715,56.525725],[28.191467,56.524217],[28.184523,56.521378],[28.163415,56.519641],[28.140343,56.50821],[28.133732,56.509492],[28.128017,56.50291],[28.130427,56.500569],[28.129098,56.497978],[28.125445,56.497386]]]}},{"type":"Feature","id":"155262-1802","properties":{"id":"155262-1802","name":"Великолукский район","name_ru":"Великолукский район","subject_id":"155262","subject_name":"Псковская область","source_gid":1802,"source_fid":1912,"names_rosstat":"Великолукский муниципальный район","population":18712,"area_km2":3078.5201845748534,"density_km2":6.078245026216758,"source":"Актуализированный объединённый GeoJSON, предоставленный преподавателем","name_en":"Velikolukskii District","name_zh":"Velikolukskii区","subject_name_en":"Pskov Oblast","subject_name_zh":"普斯科夫州"},"geometry":{"type":"Polygon","coordinates":[[[30.160887,56.088969],[30.165,56.09075],[30.165262,56.092877],[30.168084,56.092371],[30.1735,56.09475],[30.17725,56.09275],[30.18,56.094],[30.178,56.09575],[30.179127,56.096485],[30.18275,56.09475],[30.183998,56.09574],[30.183,56.0985],[30.189146,56.100649],[30.189461,56.10518],[30.19275,56.108],[30.207817,56.107653],[30.219964,56.105242],[30.224199,56.10595],[30.227209,56.109024],[30.234428,56.106685],[30.239348,56.109189],[30.25155,56.106609],[30.251089,56.109023],[30.24741,56.109465],[30.254775,56.110081],[30.256281,56.112158],[30.254129,56.112545],[30.252827,56.115316],[30.249564,56.115432],[30.250284,56.118114],[30.257444,56.12135],[30.255777,56.117852],[30.262397,56.119515],[30.261796,56.120533],[30.264312,56.122051],[30.263095,56.123924],[30.266012,56.124487],[30.264875,56.129061],[30.269391,56.129817],[30.235267,56.139917],[30.238756,56.142991],[30.258107,56.151906],[30.263633,56.145559],[30.286848,56.154603],[30.296108,56.153827],[30.291175,56.155944],[30.293288,56.164998],[30.28501,56.167821],[30.288597,56.171541],[30.297006,56.175125],[30.293908,56.175266],[30.281621,56.181971],[30.271701,56.183231],[30.268413,56.187686],[30.279642,56.190561],[30.283093,56.189876],[30.284228,56.193188],[30.293212,56.197144],[30.292528,56.199761],[30.295606,56.203497],[30.290706,56.209655],[30.292651,56.210089],[30.287824,56.214866],[30.288738,56.216118],[30.303308,56.222057],[30.305697,56.224547],[30.304737,56.226237],[30.322989,56.235579],[30.322218,56.241875],[30.323781,56.244822],[30.327147,56.248048],[30.342034,56.255047],[30.343967,56.262114],[30.360732,56.267944],[30.346867,56.276435],[30.35285,56.279613],[30.350271,56.283671],[30.357165,56.284957],[30.356888,56.286871],[30.361319,56.291906],[30.357405,56.298004],[30.347737,56.299759],[30.349887,56.303811],[30.378896,56.307122],[30.370911,56.310318],[30.375737,56.312851],[30.373545,56.315443],[30.368826,56.314912],[30.365239,56.310273],[30.360784,56.311453],[30.364349,56.315908],[30.362614,56.32198],[30.357878,56.325016],[30.359233,56.333587],[30.368202,56.3427],[30.367003,56.347517],[30.361856,56.349541],[30.370215,56.35794],[30.36637,56.357776],[30.363433,56.363983],[30.360574,56.363577],[30.359614,56.364949],[30.361482,56.367638],[30.357539,56.368374],[30.357433,56.369881],[30.347888,56.3688],[30.335389,56.372514],[30.319544,56.374083],[30.30284,56.391663],[30.293504,56.389863],[30.28169,56.382808],[30.261544,56.388059],[30.253501,56.392069],[30.246688,56.398745],[30.239407,56.400615],[30.235701,56.399437],[30.233498,56.403693],[30.237821,56.409413],[30.245547,56.41463],[30.226939,56.421448],[30.228704,56.425905],[30.232464,56.426318],[30.228537,56.428931],[30.230813,56.431318],[30.23079,56.44005],[30.218902,56.437654],[30.217888,56.442335],[30.223398,56.444376],[30.221126,56.448439],[30.225871,56.449258],[30.228626,56.452077],[30.227178,56.454728],[30.231398,56.453541],[30.232557,56.454021],[30.231173,56.456037],[30.235269,56.457026],[30.237599,56.455879],[30.250904,56.465062],[30.251261,56.46733],[30.245872,56.469464],[30.249487,56.472383],[30.246357,56.47795],[30.251528,56.478487],[30.239205,56.47935],[30.244547,56.488948],[30.240272,56.490453],[30.237201,56.487396],[30.226039,56.486578],[30.232459,56.49339],[30.229864,56.504936],[30.23396,56.505844],[30.231926,56.508163],[30.218678,56.512039],[30.217545,56.514112],[30.230542,56.523611],[30.23566,56.532613],[30.235984,56.536295],[30.220679,56.550411],[30.222201,56.553967],[30.229518,56.556331],[30.231427,56.559556],[30.238657,56.562878],[30.240619,56.566669],[30.252448,56.566593],[30.269484,56.585463],[30.280316,56.592343],[30.294366,56.597421],[30.300104,56.601288],[30.295009,56.602321],[30.304252,56.6083],[30.301658,56.610064],[30.309186,56.614857],[30.318392,56.609915],[30.323344,56.610865],[30.330542,56.608384],[30.337221,56.609434],[30.345121,56.605595],[30.344615,56.602],[30.355196,56.604873],[30.358626,56.60866],[30.372131,56.606671],[30.370751,56.603782],[30.373247,56.600494],[30.371139,56.598633],[30.366046,56.597079],[30.363722,56.597871],[30.363445,56.600187],[30.355636,56.598188],[30.355169,56.595516],[30.366172,56.593952],[30.373408,56.596004],[30.375677,56.598176],[30.374238,56.59973],[30.387302,56.610214],[30.395492,56.611885],[30.401176,56.610607],[30.400789,56.609178],[30.407392,56.605762],[30.411896,56.605812],[30.418351,56.596408],[30.425642,56.594764],[30.428496,56.595701],[30.43676,56.592717],[30.462806,56.597021],[30.501217,56.594875],[30.533292,56.607432],[30.531728,56.609726],[30.52171,56.680673],[30.528693,56.705477],[30.52798,56.713503],[30.533817,56.71724],[30.534325,56.722466],[30.542852,56.728094],[30.54642,56.735614],[30.566059,56.747761],[30.568141,56.757761],[30.592052,56.755578],[30.610544,56.761284],[30.61523,56.764612],[30.635749,56.764963],[30.636521,56.771088],[30.634826,56.774575],[30.642821,56.774864],[30.643214,56.777916],[30.646724,56.780092],[30.649635,56.786119],[30.651927,56.786368],[30.655111,56.790983],[30.660028,56.793646],[30.651448,56.802866],[30.654321,56.806361],[30.652304,56.808643],[30.653547,56.810798],[30.651225,56.812953],[30.648894,56.822671],[30.643419,56.827106],[30.642597,56.830601],[30.644398,56.832219],[30.642986,56.833874],[30.643054,56.840531],[30.639342,56.844734],[30.644349,56.846513],[30.644368,56.85303],[30.648572,56.862117],[30.647597,56.866066],[30.65955,56.870952],[30.659641,56.872449],[30.671877,56.873098],[30.67416,56.875194],[30.678817,56.875543],[30.682104,56.856177],[30.70258,56.857342],[30.703289,56.859422],[30.70888,56.859589],[30.713537,56.853248],[30.732378,56.851356],[30.737461,56.848954],[30.740784,56.851448],[30.748403,56.853072],[30.75189,56.856391],[30.759638,56.857944],[30.765578,56.853849],[30.764028,56.849683],[30.770615,56.846223],[30.777071,56.834921],[30.782753,56.832519],[30.781074,56.829198],[30.772939,56.830753],[30.771002,56.826867],[30.767386,56.826655],[30.768161,56.824323],[30.771777,56.824464],[30.771518,56.822556],[30.763254,56.820083],[30.7608,56.821991],[30.75628,56.820154],[30.742721,56.820931],[30.741042,56.818881],[30.725288,56.816478],[30.725804,56.80842],[30.729032,56.808137],[30.732056,56.804553],[30.724642,56.801562],[30.740872,56.795195],[30.779409,56.804501],[30.792479,56.805473],[30.793844,56.801314],[30.780945,56.801701],[30.770615,56.799863],[30.771648,56.797529],[30.764028,56.796256],[30.762866,56.794205],[30.768032,56.790528],[30.743625,56.784232],[30.738589,56.784657],[30.728387,56.780766],[30.742075,56.774681],[30.751373,56.77454],[30.754989,56.776945],[30.758346,56.78402],[30.763641,56.783313],[30.78482,56.789679],[30.789339,56.785293],[30.772053,56.772956],[30.7789,56.770094],[30.767626,56.759653],[30.76287,56.758972],[30.770984,56.755689],[30.774759,56.751155],[30.77759,56.751802],[30.781089,56.760566],[30.785518,56.76581],[30.793329,56.767113],[30.795133,56.766374],[30.791711,56.763429],[30.794161,56.761091],[30.789206,56.760301],[30.789074,56.755534],[30.797499,56.756084],[30.798469,56.75889],[30.802751,56.75799],[30.803203,56.760927],[30.806113,56.761288],[30.805672,56.757809],[30.797457,56.753211],[30.806957,56.753665],[30.812928,56.756306],[30.815174,56.755576],[30.817111,56.751843],[30.831307,56.755714],[30.834839,56.755035],[30.837544,56.749454],[30.830387,56.748963],[30.830087,56.745589],[30.834121,56.744658],[30.836195,56.74212],[30.827458,56.742696],[30.81781,56.739537],[30.810359,56.743275],[30.791594,56.741026],[30.775633,56.733913],[30.79801,56.733126],[30.802822,56.726034],[30.809559,56.725028],[30.807896,56.716344],[30.810333,56.7151],[30.820809,56.716536],[30.823203,56.718474],[30.833062,56.71564],[30.821832,56.706259],[30.816069,56.705887],[30.809651,56.699187],[30.813779,56.69976],[30.854614,56.667655],[30.872231,56.667609],[30.873249,56.66347],[30.883566,56.663537],[30.890115,56.660102],[30.890581,56.653942],[30.88786,56.645172],[30.942637,56.643005],[30.946366,56.652001],[30.9528,56.654751],[31.023581,56.647529],[31.038673,56.650646],[31.0468,56.656085],[31.058969,56.654801],[31.057999,56.645762],[31.062515,56.642639],[31.062719,56.638176],[31.059705,56.636624],[31.06339,56.630455],[31.062467,56.627238],[31.055794,56.624978],[31.063433,56.623107],[31.064559,56.621135],[31.055568,56.615893],[31.055933,56.61303],[31.051481,56.611241],[31.05176,56.608732],[31.047624,56.607716],[31.049855,56.604256],[31.05618,56.602165],[31.050376,56.600423],[31.056051,56.597972],[31.047962,56.594401],[31.045735,56.591288],[31.045604,56.589334],[31.048664,56.587203],[31.041283,56.587179],[31.043874,56.582057],[31.041117,56.580039],[31.04161,56.578367],[31.050826,56.577315],[31.043397,56.574254],[31.049525,56.572301],[31.035983,56.570409],[31.037817,56.565946],[31.03061,56.560513],[31.033537,56.559337],[31.028352,56.558175],[31.029516,56.556186],[31.028317,56.552623],[31.021361,56.553226],[31.022973,56.549268],[31.018028,56.548745],[31.014492,56.545503],[31.014631,56.544162],[31.021305,56.545367],[31.014837,56.54172],[31.022834,56.539988],[31.01798,56.53898],[31.020142,56.536437],[31.019159,56.534936],[31.014091,56.534904],[31.009237,56.531053],[31.012376,56.531614],[31.012368,56.528634],[31.018071,56.528759],[31.015317,56.526323],[31.021122,56.522869],[31.018214,56.520664],[31.011267,56.527952],[31.00223,56.525095],[31.00633,56.522217],[31.004279,56.522276],[31.001825,56.517105],[31.003755,56.506511],[31.011285,56.507861],[31.018829,56.502472],[31.011182,56.495917],[31.012403,56.492961],[31.006257,56.486501],[31.00118,56.489256],[30.989072,56.48913],[30.985556,56.492281],[30.987187,56.493766],[30.985499,56.4953],[30.987291,56.495856],[30.982778,56.498581],[30.984162,56.500925],[30.994025,56.503702],[30.990468,56.508264],[30.992552,56.508927],[30.995738,56.506235],[30.998138,56.506973],[30.996761,56.509752],[30.997666,56.513888],[30.996131,56.517334],[30.997828,56.51927],[30.996504,56.523818],[30.988073,56.519875],[30.982014,56.522064],[30.972221,56.520299],[30.96028,56.520635],[30.958899,56.518303],[30.954691,56.51698],[30.945829,56.517993],[30.938935,56.516055],[30.939742,56.514404],[30.925254,56.508078],[30.925302,56.505503],[30.920777,56.503519],[30.916543,56.495395],[30.922441,56.490535],[30.919422,56.486424],[30.914146,56.489415],[30.900953,56.485185],[30.907682,56.475666],[30.908242,56.469503],[30.913578,56.468458],[30.915104,56.463967],[30.913055,56.463034],[30.919079,56.462012],[30.921257,56.463125],[30.923109,56.46156],[30.920931,56.460296],[30.923817,56.458521],[30.933075,56.458491],[30.936172,56.457258],[30.93485,56.456079],[30.914854,56.454899],[30.907524,56.462869],[30.904251,56.463911],[30.905483,56.467443],[30.903481,56.467422],[30.904521,56.469591],[30.901135,56.473057],[30.903069,56.476942],[30.875625,56.478043],[30.871517,56.47694],[30.869438,56.478769],[30.866796,56.477755],[30.867123,56.473906],[30.863746,56.470296],[30.854488,56.469273],[30.852419,56.466806],[30.841091,56.463316],[30.83703,56.459352],[30.849874,56.459144],[30.84326,56.40367],[30.835245,56.357663],[30.829029,56.358206],[30.826564,56.35616],[30.795143,56.356694],[30.794751,56.35268],[30.772382,56.34946],[30.768402,56.347363],[30.768402,56.343853],[30.749662,56.342462],[30.748702,56.341204],[30.75566,56.336832],[30.752226,56.332814],[30.753599,56.324099],[30.746274,56.320291],[30.744443,56.313266],[30.740094,56.312208],[30.746808,56.308272],[30.746593,56.306431],[30.740246,56.303741],[30.739331,56.298112],[30.736126,56.296418],[30.734823,56.285679],[30.749453,56.282478],[30.752657,56.278772],[30.745142,56.274985],[30.750367,56.272749],[30.752916,56.268092],[30.757084,56.267602],[30.761772,56.262589],[30.766227,56.261951],[30.761942,56.257049],[30.772489,56.25455],[30.789393,56.25419],[30.794196,56.248154],[30.789311,56.246704],[30.791227,56.245889],[30.789068,56.244786],[30.788859,56.241251],[30.795043,56.239067],[30.789368,56.237562],[30.790615,56.232833],[30.797049,56.227361],[30.803006,56.226572],[30.80185,56.225536],[30.810336,56.219817],[30.802402,56.215851],[30.804892,56.213506],[30.801632,56.21077],[30.815916,56.20611],[30.807778,56.204227],[30.8081,56.202533],[30.805407,56.202079],[30.806462,56.199976],[30.803774,56.199649],[30.803003,56.195744],[30.808415,56.193276],[30.807628,56.189892],[30.811784,56.189849],[30.813993,56.187802],[30.830718,56.190709],[30.833826,56.184048],[30.839595,56.182863],[30.844431,56.184402],[30.843635,56.185283],[30.845706,56.186307],[30.844508,56.187393],[30.854201,56.1918],[30.861654,56.192207],[30.864509,56.189972],[30.862859,56.184931],[30.85702,56.184483],[30.853178,56.181174],[30.852458,56.175431],[30.84985,56.171361],[30.841198,56.168506],[30.841702,56.164008],[30.845897,56.161941],[30.844728,56.159766],[30.841166,56.158924],[30.843172,56.157764],[30.839011,56.156584],[30.841262,56.15556],[30.838162,56.153534],[30.84035,56.153391],[30.840908,56.15057],[30.839138,56.150928],[30.837464,56.146811],[30.834677,56.148337],[30.830716,56.1476],[30.829634,56.146556],[30.831367,56.144866],[30.828163,56.143776],[30.828019,56.140929],[30.833073,56.138416],[30.832301,56.136434],[30.837924,56.135876],[30.843065,56.132964],[30.841222,56.131304],[30.84256,56.12863],[30.840118,56.127414],[30.851393,56.10904],[30.858936,56.104953],[30.855659,56.104696],[30.846683,56.094455],[30.848147,56.091241],[30.854817,56.099504],[30.859285,56.101331],[30.860012,56.095711],[30.856316,56.096751],[30.852111,56.0943],[30.855495,56.092953],[30.855405,56.091017],[30.850129,56.090143],[30.850477,56.083566],[30.873931,56.082998],[30.882493,56.071369],[30.883104,56.067131],[30.878187,56.056078],[30.873339,56.053049],[30.881924,56.045367],[30.880286,56.040057],[30.876679,56.037232],[30.886436,56.036375],[30.891484,56.034038],[30.890099,56.031225],[30.902201,56.021312],[30.882321,56.013366],[30.88682,56.012957],[30.894195,56.007149],[30.90064,56.005705],[30.898719,56.001232],[30.893494,56.0003],[30.890409,55.996598],[30.884412,55.997422],[30.882324,55.995083],[30.876164,55.9952],[30.864319,55.983055],[30.850226,55.977828],[30.822271,55.980423],[30.81665,55.977745],[30.804057,55.975787],[30.804169,55.973787],[30.798528,55.973853],[30.795249,55.972113],[30.796862,55.960199],[30.775943,55.954765],[30.74088,55.961829],[30.738984,55.964233],[30.734838,55.965163],[30.736975,55.966762],[30.741716,55.978163],[30.740572,55.983013],[30.718177,55.97269],[30.714989,55.967728],[30.712349,55.967203],[30.697793,55.970131],[30.696662,55.975436],[30.660363,55.975609],[30.645537,55.974024],[30.639332,55.975899],[30.625147,55.9756],[30.620138,55.982974],[30.594526,55.971829],[30.592083,55.963814],[30.582883,55.965054],[30.552086,55.95651],[30.542272,55.959367],[30.541648,55.957474],[30.533838,55.957615],[30.537893,55.946386],[30.533932,55.945301],[30.526532,55.934983],[30.512324,55.931909],[30.508196,55.93354],[30.509553,55.930211],[30.506391,55.927765],[30.512105,55.925843],[30.512057,55.922901],[30.517124,55.921924],[30.518359,55.920042],[30.517361,55.918575],[30.509866,55.918191],[30.509355,55.915597],[30.502364,55.916232],[30.509225,55.919805],[30.501579,55.927557],[30.503032,55.93005],[30.473343,55.928233],[30.47246,55.925951],[30.465966,55.923445],[30.457431,55.916162],[30.445532,55.912871],[30.427595,55.919103],[30.433989,55.920295],[30.432252,55.921239],[30.419901,55.922427],[30.415767,55.924422],[30.410977,55.916263],[30.406179,55.918304],[30.398748,55.916039],[30.395628,55.911558],[30.391542,55.911752],[30.392672,55.913522],[30.389848,55.915755],[30.389988,55.918263],[30.373893,55.916478],[30.369653,55.912987],[30.34165,55.912189],[30.324431,55.92209],[30.326723,55.926074],[30.314568,55.935954],[30.315764,55.944101],[30.317497,55.946184],[30.303636,55.949397],[30.295032,55.955893],[30.279691,55.957195],[30.276178,55.961781],[30.279511,55.970019],[30.278913,55.974628],[30.269276,55.977065],[30.269887,55.981647],[30.257781,55.98732],[30.258011,55.990272],[30.264779,55.991809],[30.26318,55.993284],[30.256021,55.991819],[30.249516,55.994305],[30.245648,56.002524],[30.248895,56.003976],[30.247487,56.006905],[30.245173,56.006916],[30.241451,56.013586],[30.23623,56.018365],[30.234734,56.023282],[30.23508,56.026451],[30.242701,56.029457],[30.242186,56.030732],[30.25342,56.034408],[30.243295,56.036186],[30.240613,56.03609],[30.240986,56.034709],[30.235427,56.035337],[30.23361,56.03795],[30.23001,56.037775],[30.227355,56.039638],[30.223174,56.039499],[30.221467,56.037663],[30.215345,56.042845],[30.207605,56.040735],[30.204328,56.041818],[30.205642,56.042801],[30.203467,56.043636],[30.204146,56.047067],[30.201028,56.048447],[30.200476,56.051171],[30.195414,56.04823],[30.196982,56.047773],[30.195067,56.047037],[30.195539,56.04513],[30.186261,56.043386],[30.195265,56.04859],[30.196353,56.051585],[30.203206,56.056314],[30.22672,56.063156],[30.236649,56.068382],[30.232321,56.073123],[30.233547,56.074333],[30.230934,56.080272],[30.222903,56.080051],[30.22428,56.077524],[30.220843,56.07512],[30.202142,56.075038],[30.193717,56.079898],[30.168985,56.079227],[30.168982,56.08369],[30.160887,56.088969]],[[30.455098,56.320432],[30.466507,56.321125],[30.471637,56.323529],[30.473185,56.323061],[30.469803,56.320238],[30.473855,56.317618],[30.475838,56.318477],[30.472235,56.320168],[30.476205,56.322923],[30.492209,56.315697],[30.495479,56.317865],[30.487593,56.325572],[30.485554,56.330851],[30.490751,56.334641],[30.500034,56.328971],[30.512102,56.324829],[30.506635,56.321411],[30.509139,56.320386],[30.509679,56.318197],[30.508086,56.310968],[30.514359,56.309747],[30.514349,56.304592],[30.509913,56.304169],[30.506305,56.301286],[30.508534,56.299098],[30.506833,56.296928],[30.512562,56.292313],[30.513781,56.29273],[30.513904,56.30027],[30.518831,56.300135],[30.518511,56.304045],[30.523879,56.308341],[30.522991,56.313472],[30.526295,56.313468],[30.526906,56.311257],[30.525999,56.307885],[30.522746,56.307063],[30.524211,56.306302],[30.531904,56.307202],[30.528697,56.308703],[30.534376,56.310471],[30.54073,56.308515],[30.541529,56.306052],[30.546764,56.302775],[30.545833,56.299701],[30.553062,56.299351],[30.552186,56.302012],[30.558597,56.303296],[30.560377,56.3004],[30.565285,56.300471],[30.569244,56.302434],[30.563948,56.307838],[30.565579,56.310201],[30.563018,56.310445],[30.563418,56.313693],[30.564844,56.31395],[30.562856,56.315901],[30.564835,56.318026],[30.560417,56.32012],[30.563628,56.323222],[30.567969,56.323052],[30.569799,56.320685],[30.56837,56.319407],[30.576944,56.313925],[30.580949,56.318694],[30.580089,56.321126],[30.582967,56.321974],[30.582092,56.324121],[30.584025,56.324673],[30.581358,56.327914],[30.578577,56.32792],[30.579187,56.325915],[30.57712,56.322279],[30.573656,56.321876],[30.565516,56.329198],[30.589826,56.331555],[30.590514,56.328263],[30.594213,56.328038],[30.594923,56.330536],[30.596731,56.330429],[30.597426,56.326955],[30.601832,56.325693],[30.602777,56.327987],[30.604436,56.326524],[30.610536,56.327388],[30.609564,56.330534],[30.606573,56.331973],[30.610431,56.332948],[30.610726,56.336986],[30.613796,56.336302],[30.613668,56.33235],[30.628561,56.335245],[30.633175,56.338302],[30.629445,56.337671],[30.629648,56.33922],[30.623767,56.344521],[30.618585,56.344868],[30.617852,56.349581],[30.604297,56.350326],[30.60716,56.358205],[30.60338,56.360019],[30.604009,56.362245],[30.593778,56.362256],[30.590501,56.366614],[30.584828,56.366578],[30.578073,56.371308],[30.560049,56.37134],[30.560215,56.365302],[30.554192,56.365176],[30.55378,56.363103],[30.54294,56.36158],[30.543842,56.360564],[30.540942,56.359422],[30.538119,56.362868],[30.534437,56.361971],[30.536269,56.360445],[30.530178,56.361032],[30.519205,56.357438],[30.515649,56.36026],[30.508895,56.36203],[30.510376,56.36292],[30.51006,56.366855],[30.499879,56.371976],[30.497302,56.370909],[30.497323,56.365446],[30.488243,56.361182],[30.487731,56.359163],[30.479035,56.359573],[30.476225,56.357783],[30.473836,56.358859],[30.470768,56.35604],[30.472055,56.353371],[30.479681,56.35307],[30.481648,56.351358],[30.4824,56.348377],[30.477691,56.348311],[30.472826,56.342348],[30.477497,56.341741],[30.476574,56.340743],[30.478376,56.33788],[30.475238,56.337669],[30.476702,56.333495],[30.472809,56.333982],[30.472228,56.339224],[30.473853,56.341671],[30.471887,56.3422],[30.46807,56.341443],[30.466922,56.338482],[30.461513,56.335325],[30.457691,56.336215],[30.458035,56.332337],[30.462724,56.329484],[30.459287,56.327194],[30.458346,56.323996],[30.45549,56.323814],[30.457125,56.321461],[30.454686,56.321874],[30.455098,56.320432]]]}},{"type":"Feature","id":"155262-1804","properties":{"id":"155262-1804","name":"Усвятский муниципальный округ","name_ru":"Усвятский муниципальный округ","subject_id":"155262","subject_name":"Псковская область","source_gid":1804,"source_fid":1914,"names_rosstat":"Усвятский муниципальный округ","population":4699,"area_km2":1111.9730866627879,"density_km2":4.225821700507575,"source":"Актуализированный объединённый GeoJSON, предоставленный преподавателем","name_en":"Usviatskii Municipal Okrug","name_zh":"Usviatskii市政专区","subject_name_en":"Pskov Oblast","subject_name_zh":"普斯科夫州"},"geometry":{"type":"Polygon","coordinates":[[[30.404799,55.816166],[30.40532,55.810154],[30.416826,55.80957],[30.481502,55.812716],[30.487121,55.808025],[30.487217,55.805531],[30.509751,55.800161],[30.514465,55.795817],[30.51876,55.794606],[30.51789,55.788765],[30.492877,55.782919],[30.521891,55.760543],[30.526279,55.75268],[30.533577,55.750418],[30.561295,55.752941],[30.581691,55.75113],[30.58998,55.747018],[30.594756,55.746949],[30.621007,55.732155],[30.629037,55.730567],[30.63407,55.723273],[30.634024,55.720993],[30.642013,55.716088],[30.641573,55.712875],[30.648038,55.710135],[30.65134,55.69828],[30.649618,55.693172],[30.639495,55.689806],[30.63907,55.68309],[30.64147,55.67579],[30.646932,55.673535],[30.665526,55.678168],[30.66574,55.673911],[30.671859,55.673814],[30.65658,55.65914],[30.661518,55.657565],[30.662056,55.659119],[30.675691,55.659021],[30.668281,55.647613],[30.66825,55.64395],[30.672668,55.636127],[30.675909,55.636933],[30.67271,55.639077],[30.676776,55.638418],[30.676064,55.64036],[30.681569,55.639127],[30.68269,55.6412],[30.686957,55.642474],[30.691724,55.640425],[30.69718,55.644369],[30.699561,55.647234],[30.695176,55.649471],[30.696858,55.650731],[30.69376,55.655302],[30.698158,55.657612],[30.700141,55.656847],[30.707045,55.659665],[30.711547,55.658153],[30.716487,55.660137],[30.718239,55.658257],[30.727122,55.663564],[30.729323,55.663393],[30.728842,55.661673],[30.732269,55.661968],[30.734,55.65459],[30.758247,55.608984],[30.755911,55.60862],[30.755911,55.606298],[30.759224,55.605698],[30.758789,55.60379],[30.751655,55.604098],[30.750781,55.597239],[30.757438,55.598262],[30.757116,55.594557],[30.764036,55.592468],[30.764773,55.590351],[30.77259,55.592129],[30.780124,55.588303],[30.809487,55.590519],[30.811592,55.59427],[30.809145,55.594458],[30.808897,55.599901],[30.816988,55.603042],[30.825134,55.602841],[30.832646,55.598922],[30.828896,55.6046],[30.834418,55.614233],[30.837979,55.616801],[30.845318,55.616946],[30.855231,55.620775],[30.851712,55.623731],[30.843301,55.623877],[30.838451,55.628529],[30.864158,55.630927],[30.87214,55.629934],[30.885315,55.62206],[30.905871,55.616922],[30.913285,55.612299],[30.921628,55.621578],[30.932622,55.624742],[30.928006,55.641813],[30.951701,55.649331],[30.948569,55.654075],[30.951065,55.655342],[30.949725,55.659075],[30.954407,55.663749],[30.953628,55.666444],[30.961391,55.670612],[30.955009,55.671549],[30.958717,55.673499],[30.962675,55.671945],[30.959969,55.676353],[30.964079,55.675082],[30.964668,55.670736],[31.041752,55.701603],[31.06056,55.698767],[31.060032,55.704564],[31.030153,55.725016],[31.035698,55.72805],[31.032312,55.736919],[31.036255,55.739586],[31.032256,55.745529],[31.032697,55.747682],[31.02843,55.748929],[31.027419,55.751397],[31.031698,55.755986],[31.031019,55.757883],[31.038153,55.759753],[31.037152,55.762754],[31.031518,55.765047],[31.033218,55.765924],[31.032439,55.768535],[31.035132,55.769691],[31.03303,55.773721],[31.023746,55.775754],[31.024384,55.778025],[31.020911,55.778384],[31.019848,55.776909],[31.014037,55.778065],[31.016872,55.775196],[31.013284,55.772423],[31.013163,55.769675],[30.989363,55.770409],[30.976096,55.830205],[30.979313,55.831161],[30.979136,55.832991],[30.984983,55.833987],[30.982325,55.835101],[30.981085,55.838344],[30.983849,55.844273],[30.979738,55.842602],[30.969356,55.844691],[30.971766,55.848112],[30.970561,55.850022],[30.971641,55.85818],[30.975151,55.862489],[30.975026,55.866647],[30.980157,55.869055],[30.994459,55.881655],[30.977977,55.884209],[30.98155,55.89019],[30.973314,55.895112],[30.950266,55.917033],[30.966657,55.923446],[30.993914,55.924087],[31.001201,55.935366],[30.979882,55.94376],[30.978312,55.949535],[30.942732,55.956696],[30.942999,55.962601],[30.945966,55.96617],[30.942741,55.967544],[30.944725,55.969586],[30.94182,55.973195],[30.931902,55.974203],[30.930339,55.977844],[30.932485,55.978674],[30.931323,55.981402],[30.934413,55.982535],[30.935338,55.985781],[30.94293,55.98489],[30.945617,55.988934],[30.95414,55.98888],[30.957841,55.993187],[30.95557,55.999182],[30.95785,56.001533],[30.955882,56.00285],[30.946841,56.001572],[30.939821,55.998122],[30.932683,56.003028],[30.912554,56.008436],[30.907775,56.004422],[30.893494,56.0003],[30.890409,55.996598],[30.884412,55.997422],[30.882324,55.995083],[30.876164,55.9952],[30.864319,55.983055],[30.850226,55.977828],[30.822271,55.980423],[30.81665,55.977745],[30.804057,55.975787],[30.804169,55.973787],[30.798528,55.973853],[30.795249,55.972113],[30.796862,55.960199],[30.775943,55.954765],[30.74088,55.961829],[30.738984,55.964233],[30.734838,55.965163],[30.736975,55.966762],[30.741716,55.978163],[30.740572,55.983013],[30.738652,55.983061],[30.718177,55.97269],[30.714989,55.967728],[30.712349,55.967203],[30.697793,55.970131],[30.696662,55.975436],[30.660363,55.975609],[30.645537,55.974024],[30.639332,55.975899],[30.625147,55.9756],[30.620138,55.982974],[30.594526,55.971829],[30.592083,55.963814],[30.582883,55.965054],[30.552086,55.95651],[30.542272,55.959367],[30.541648,55.957474],[30.533838,55.957615],[30.537893,55.946386],[30.533932,55.945301],[30.526532,55.934983],[30.512324,55.931909],[30.508196,55.93354],[30.509553,55.930211],[30.506391,55.927765],[30.512105,55.925843],[30.512057,55.922901],[30.517562,55.921701],[30.517361,55.918575],[30.509866,55.918191],[30.509355,55.915597],[30.502364,55.916232],[30.509225,55.919805],[30.501579,55.927557],[30.503032,55.93005],[30.473343,55.928233],[30.47246,55.925951],[30.465966,55.923445],[30.457431,55.916162],[30.446274,55.913067],[30.444991,55.911035],[30.449789,55.909253],[30.447222,55.907408],[30.446776,55.896462],[30.443317,55.888516],[30.429762,55.888266],[30.433499,55.883041],[30.41113,55.881571],[30.41219,55.876658],[30.419163,55.871838],[30.413194,55.868959],[30.412859,55.865703],[30.409121,55.864295],[30.407838,55.852961],[30.410237,55.851614],[30.409233,55.847355],[30.416289,55.838065],[30.416999,55.834587],[30.414838,55.831381],[30.415438,55.825185],[30.412653,55.824276],[30.409194,55.818573],[30.404799,55.816166]]]}},{"type":"Feature","id":"155262-1805","properties":{"id":"155262-1805","name":"Пустошкинский район","name_ru":"Пустошкинский район","subject_id":"155262","subject_name":"Псковская область","source_gid":1805,"source_fid":1915,"names_rosstat":"Пустошкинский муниципальный район","population":6993,"area_km2":1865.2787377578547,"density_km2":3.749037534414769,"source":"Актуализированный объединённый GeoJSON, предоставленный преподавателем","name_en":"Pustoshkinskii District","name_zh":"Pustoshkinskii区","subject_name_en":"Pskov Oblast","subject_name_zh":"普斯科夫州"},"geometry":{"type":"Polygon","coordinates":[[[28.977039,56.510452],[28.979373,56.509846],[28.994268,56.493546],[29.014871,56.485593],[29.016503,56.478342],[29.008687,56.4773],[29.004555,56.474222],[29.006813,56.470675],[29.004656,56.467859],[29.006429,56.463792],[29.003962,56.463947],[29.003067,56.468711],[28.999278,56.4647],[28.999069,56.458843],[29.004007,56.457764],[29.0013,56.457342],[29.007464,56.452477],[29.007762,56.454867],[29.009942,56.452556],[29.015814,56.455298],[29.019401,56.452689],[29.025657,56.453363],[29.0255,56.45],[29.021,56.4495],[29.021406,56.447658],[29.029367,56.446385],[29.0285,56.44425],[29.026,56.44375],[29.022211,56.44523],[29.024312,56.442428],[29.02275,56.44],[29.025003,56.439853],[29.0245,56.438],[29.026042,56.437053],[29.02325,56.4365],[29.022965,56.432502],[29.018131,56.433982],[29.01625,56.433],[29.017536,56.431428],[29.023665,56.431736],[29.023574,56.430245],[29.027367,56.429901],[29.033886,56.434956],[29.041531,56.434683],[29.043124,56.431022],[29.036743,56.426355],[29.03489,56.419361],[29.040296,56.418636],[29.048982,56.421765],[29.058494,56.421214],[29.061164,56.424184],[29.065927,56.422189],[29.07824,56.424074],[29.08069,56.431315],[29.084495,56.431315],[29.092225,56.435848],[29.10067,56.437834],[29.107374,56.435583],[29.105267,56.432556],[29.103056,56.432604],[29.103059,56.430405],[29.100397,56.430237],[29.100741,56.428782],[29.108791,56.42342],[29.108788,56.420897],[29.113431,56.418387],[29.111775,56.417584],[29.121059,56.411378],[29.120524,56.409788],[29.123638,56.40697],[29.161403,56.392521],[29.14586,56.381595],[29.149652,56.377728],[29.146707,56.372521],[29.153831,56.374058],[29.161341,56.370378],[29.169244,56.370143],[29.16525,56.354933],[29.162306,56.354604],[29.161739,56.352838],[29.164069,56.350493],[29.161329,56.350237],[29.161778,56.347361],[29.165556,56.344584],[29.164187,56.340601],[29.17045,56.337026],[29.166188,56.336137],[29.160268,56.328695],[29.161738,56.326763],[29.160933,56.322629],[29.140644,56.318652],[29.137621,56.31269],[29.144699,56.307405],[29.143979,56.304416],[29.146433,56.30296],[29.148777,56.296594],[29.157252,56.290156],[29.170592,56.286314],[29.169122,56.283468],[29.159756,56.280889],[29.15926,56.278357],[29.160549,56.277899],[29.157876,56.27608],[29.158664,56.274135],[29.166188,56.270409],[29.172631,56.271307],[29.187781,56.262418],[29.177911,56.253074],[29.168038,56.251484],[29.171467,56.246148],[29.170401,56.244393],[29.171871,56.241585],[29.17522,56.239806],[29.154857,56.232577],[29.150148,56.228985],[29.150202,56.219089],[29.165489,56.214351],[29.166528,56.21223],[29.164947,56.205624],[29.17033,56.208513],[29.176254,56.207131],[29.183594,56.204329],[29.191018,56.197096],[29.185782,56.192693],[29.174171,56.18861],[29.167775,56.183286],[29.174854,56.179897],[29.185736,56.18092],[29.185908,56.177278],[29.188457,56.176718],[29.209988,56.17414],[29.21557,56.166185],[29.23314,56.152541],[29.23259,56.150852],[29.23704,56.147451],[29.233211,56.141963],[29.235884,56.131134],[29.233402,56.128594],[29.232139,56.121592],[29.235895,56.118498],[29.229824,56.11234],[29.227316,56.103965],[29.231493,56.102457],[29.233337,56.097993],[29.236176,56.097545],[29.240273,56.09344],[29.238454,56.091812],[29.229734,56.091531],[29.230076,56.090335],[29.236122,56.089266],[29.238922,56.086716],[29.218237,56.08187],[29.215501,56.077779],[29.2046,56.076715],[29.204693,56.04702],[29.20352,56.044575],[29.207449,56.042684],[29.201304,56.039362],[29.202577,56.03545],[29.228311,56.036541],[29.230093,56.038751],[29.2353,56.039332],[29.244881,56.045252],[29.245863,56.044393],[29.243507,56.04144],[29.245675,56.041114],[29.247751,56.04234],[29.246877,56.047892],[29.262401,56.048207],[29.261873,56.049945],[29.267133,56.052059],[29.280227,56.054018],[29.281734,56.055394],[29.279922,56.056298],[29.282282,56.057235],[29.289132,56.056338],[29.29146,56.058844],[29.296095,56.058185],[29.298746,56.059846],[29.308584,56.058661],[29.310059,56.060848],[29.330884,56.066041],[29.337192,56.06463],[29.356246,56.065908],[29.376052,56.072811],[29.384882,56.072877],[29.391404,56.077469],[29.387351,56.079761],[29.388479,56.08093],[29.386948,56.084067],[29.382596,56.085349],[29.382768,56.088399],[29.380353,56.091123],[29.377409,56.091368],[29.377957,56.097997],[29.388965,56.098068],[29.399829,56.102961],[29.399862,56.106735],[29.395631,56.106709],[29.394412,56.109399],[29.409556,56.110902],[29.417363,56.11359],[29.41775,56.1165],[29.425013,56.115554],[29.419577,56.118893],[29.41058,56.119954],[29.412891,56.124139],[29.420458,56.126436],[29.42199,56.132441],[29.418206,56.138063],[29.418368,56.141687],[29.416062,56.143724],[29.418639,56.144974],[29.415472,56.150552],[29.403153,56.149922],[29.39983,56.14776],[29.397091,56.150509],[29.406676,56.155556],[29.40673,56.157402],[29.414405,56.160593],[29.417162,56.167744],[29.413788,56.17185],[29.407812,56.169199],[29.40954,56.180192],[29.412495,56.184534],[29.419915,56.185239],[29.455266,56.182017],[29.463716,56.183261],[29.469283,56.175028],[29.473119,56.174596],[29.494812,56.177501],[29.498881,56.182257],[29.481674,56.189288],[29.483498,56.191792],[29.489858,56.19092],[29.497443,56.19486],[29.51297,56.197748],[29.516398,56.200361],[29.524611,56.200081],[29.52607,56.201603],[29.538196,56.201004],[29.538178,56.198799],[29.533026,56.197997],[29.533007,56.196474],[29.540016,56.196394],[29.544343,56.198508],[29.544034,56.201976],[29.549042,56.205905],[29.549996,56.2078],[29.548412,56.209472],[29.550765,56.211731],[29.548638,56.213384],[29.551258,56.214452],[29.549196,56.219223],[29.555276,56.2251],[29.586875,56.223859],[29.588696,56.223528],[29.590711,56.219763],[29.594462,56.21877],[29.599482,56.222788],[29.598639,56.223557],[29.607623,56.227584],[29.608804,56.229524],[29.606814,56.230287],[29.606679,56.232881],[29.611626,56.232672],[29.614462,56.23656],[29.612005,56.23956],[29.608127,56.240817],[29.60919,56.243119],[29.629451,56.246565],[29.629212,56.250485],[29.632619,56.250787],[29.625969,56.254781],[29.624501,56.253459],[29.618974,56.255189],[29.61402,56.253585],[29.612457,56.250822],[29.608314,56.25205],[29.602781,56.249696],[29.599314,56.250783],[29.597526,56.253883],[29.594932,56.253764],[29.591816,56.257694],[29.593407,56.259014],[29.589331,56.260223],[29.590824,56.263611],[29.589597,56.26519],[29.593216,56.269269],[29.588576,56.27373],[29.588609,56.276622],[29.591939,56.276772],[29.592971,56.278874],[29.591311,56.281683],[29.601914,56.28572],[29.605569,56.290429],[29.6111,56.289591],[29.61004,56.286494],[29.613873,56.283058],[29.612671,56.2821],[29.618631,56.278326],[29.615695,56.277573],[29.61601,56.276256],[29.621028,56.274586],[29.630998,56.276909],[29.64413,56.273522],[29.652294,56.280597],[29.656747,56.281754],[29.658526,56.279302],[29.668078,56.281386],[29.669087,56.28003],[29.662627,56.275865],[29.664585,56.270755],[29.661511,56.269901],[29.661169,56.267991],[29.652488,56.266571],[29.658578,56.261992],[29.667825,56.262597],[29.671702,56.260882],[29.686834,56.265179],[29.698289,56.26297],[29.706004,56.256877],[29.712348,56.257545],[29.719054,56.255974],[29.71903,56.259246],[29.72715,56.260487],[29.720975,56.268849],[29.722109,56.272267],[29.73279,56.271694],[29.736338,56.275083],[29.758986,56.273326],[29.756333,56.276623],[29.766043,56.279164],[29.769694,56.281578],[29.770216,56.285277],[29.763775,56.291262],[29.759445,56.292222],[29.760941,56.297904],[29.75968,56.30036],[29.754115,56.303557],[29.767191,56.309358],[29.761898,56.31557],[29.75716,56.313873],[29.74649,56.320141],[29.737955,56.321986],[29.732934,56.32117],[29.727693,56.324246],[29.732051,56.323896],[29.730238,56.327125],[29.736547,56.328176],[29.738839,56.330349],[29.737463,56.333216],[29.740413,56.336016],[29.738314,56.336911],[29.747572,56.344965],[29.762269,56.349725],[29.784289,56.349699],[29.786077,56.354003],[29.791652,56.354972],[29.79543,56.358673],[29.785447,56.365293],[29.793792,56.362805],[29.794387,56.364721],[29.79001,56.368532],[29.795083,56.373944],[29.795647,56.375982],[29.791485,56.379137],[29.7958,56.380908],[29.79617,56.381517],[29.792886,56.382688],[29.79461,56.384554],[29.785771,56.390043],[29.78647,56.391059],[29.783457,56.393507],[29.785273,56.396253],[29.771869,56.39934],[29.769869,56.401739],[29.77027,56.404117],[29.767029,56.405133],[29.765543,56.409136],[29.758511,56.413318],[29.754691,56.419302],[29.761917,56.41977],[29.760472,56.418146],[29.761643,56.416412],[29.7691,56.41442],[29.781923,56.416721],[29.782091,56.420134],[29.788047,56.421294],[29.776556,56.426224],[29.776342,56.428934],[29.762508,56.436323],[29.744983,56.439041],[29.741031,56.442358],[29.743407,56.443907],[29.742838,56.446348],[29.745655,56.447457],[29.743424,56.449359],[29.737425,56.446265],[29.725432,56.448451],[29.712956,56.447859],[29.708851,56.450463],[29.712192,56.449894],[29.713258,56.452042],[29.709937,56.454589],[29.698665,56.454815],[29.694213,56.457377],[29.694422,56.459065],[29.689944,56.459534],[29.696498,56.466213],[29.710258,56.473346],[29.705414,56.477283],[29.703435,56.484258],[29.697619,56.484337],[29.694788,56.489112],[29.696878,56.490818],[29.694085,56.492948],[29.694767,56.494062],[29.700981,56.495276],[29.709664,56.493306],[29.720396,56.493377],[29.72708,56.495076],[29.723298,56.499013],[29.720416,56.50782],[29.715356,56.512272],[29.715394,56.516252],[29.707477,56.517342],[29.708331,56.520549],[29.703417,56.524318],[29.696548,56.52403],[29.692574,56.530687],[29.68003,56.536656],[29.680328,56.538544],[29.668499,56.536021],[29.662517,56.537712],[29.666068,56.539426],[29.667766,56.543303],[29.664007,56.542818],[29.663845,56.549291],[29.658387,56.549718],[29.652019,56.553712],[29.647629,56.552902],[29.641061,56.554642],[29.627184,56.562325],[29.624808,56.564425],[29.626715,56.565242],[29.624423,56.568792],[29.613829,56.565093],[29.604321,56.566643],[29.602581,56.565723],[29.603471,56.563809],[29.594504,56.565794],[29.588001,56.565282],[29.57931,56.570479],[29.568663,56.572193],[29.558212,56.570521],[29.557599,56.575353],[29.553534,56.57983],[29.535788,56.570385],[29.537403,56.568939],[29.534492,56.567187],[29.531493,56.567154],[29.529034,56.561987],[29.530445,56.558273],[29.528908,56.556588],[29.522598,56.556748],[29.519951,56.554798],[29.520774,56.553071],[29.518053,56.553342],[29.513465,56.556442],[29.521385,56.563517],[29.517231,56.565516],[29.510791,56.564116],[29.51857,56.567306],[29.514896,56.568944],[29.510918,56.564811],[29.503612,56.569475],[29.503338,56.571237],[29.506422,56.571266],[29.508087,56.573778],[29.50798,56.577268],[29.510195,56.580383],[29.492193,56.593238],[29.496907,56.597827],[29.500109,56.598256],[29.501856,56.601188],[29.4985,56.602447],[29.502834,56.603482],[29.503366,56.608553],[29.488324,56.608536],[29.482408,56.605905],[29.474168,56.607507],[29.464254,56.604181],[29.462048,56.601702],[29.452903,56.619596],[29.44665,56.619858],[29.443589,56.625338],[29.447685,56.6296],[29.427047,56.630786],[29.421478,56.632909],[29.409164,56.629586],[29.410563,56.627412],[29.407774,56.623595],[29.408002,56.618528],[29.40059,56.619451],[29.398096,56.615423],[29.384737,56.624085],[29.372326,56.62454],[29.368295,56.622472],[29.348217,56.623913],[29.347488,56.62175],[29.350049,56.621564],[29.342128,56.621005],[29.341613,56.624024],[29.334294,56.627879],[29.33945,56.631196],[29.347359,56.631633],[29.351215,56.633497],[29.351816,56.635819],[29.347356,56.636259],[29.346626,56.638608],[29.34812,56.640144],[29.347148,56.642172],[29.352244,56.645372],[29.347202,56.647558],[29.34319,56.64679],[29.340949,56.64902],[29.331557,56.65155],[29.321072,56.652567],[29.31335,56.650303],[29.312483,56.650989],[29.314413,56.65201],[29.312556,56.652522],[29.293465,56.650357],[29.290191,56.651921],[29.290031,56.654082],[29.285911,56.654434],[29.284281,56.65377],[29.287488,56.652444],[29.28183,56.64994],[29.278556,56.652706],[29.275496,56.650877],[29.275818,56.648928],[29.272598,56.649191],[29.272477,56.650476],[29.271709,56.649176],[29.263036,56.649308],[29.260004,56.647175],[29.257823,56.648407],[29.257043,56.646667],[29.252247,56.646513],[29.254905,56.644438],[29.251807,56.644218],[29.252556,56.643234],[29.247906,56.644319],[29.239364,56.643102],[29.239632,56.639952],[29.237865,56.638889],[29.230225,56.637153],[29.223242,56.637942],[29.222749,56.636558],[29.210622,56.633724],[29.203876,56.627754],[29.205196,56.627006],[29.204199,56.624986],[29.201744,56.62506],[29.202769,56.624503],[29.200809,56.623368],[29.196172,56.624345],[29.19262,56.621773],[29.199167,56.62104],[29.198475,56.618762],[29.201177,56.615889],[29.196677,56.615873],[29.194741,56.613839],[29.197905,56.613531],[29.197196,56.612166],[29.199228,56.611825],[29.197987,56.610763],[29.201185,56.609486],[29.201149,56.607906],[29.199296,56.607718],[29.200524,56.607228],[29.197504,56.606203],[29.200057,56.601086],[29.198648,56.599644],[29.202926,56.595483],[29.20042,56.594228],[29.20271,56.592645],[29.200855,56.592012],[29.202386,56.59101],[29.200038,56.589086],[29.200988,56.588509],[29.196902,56.587492],[29.199366,56.585114],[29.19558,56.584627],[29.195281,56.580698],[29.183074,56.577675],[29.186442,56.575654],[29.184151,56.573865],[29.189761,56.572921],[29.187349,56.571273],[29.163965,56.572016],[29.139379,56.578421],[29.130355,56.57549],[29.10904,56.575546],[29.106315,56.572789],[29.098761,56.569939],[29.095957,56.572213],[29.082075,56.570031],[29.07009,56.571208],[29.062719,56.568502],[29.059649,56.572183],[29.055899,56.572555],[29.055581,56.568337],[29.058863,56.562663],[29.057453,56.559554],[29.04455,56.560772],[29.038462,56.557122],[29.049335,56.547284],[29.027518,56.530286],[29.014737,56.535805],[29.011093,56.533707],[29.012224,56.526878],[29.006729,56.5258],[29.005467,56.527349],[28.998425,56.524879],[28.999279,56.524026],[28.994191,56.522387],[28.99253,56.517616],[28.988696,56.514213],[28.977039,56.510452]]]}},{"type":"Feature","id":"155262-1806","properties":{"id":"155262-1806","name":"Куньинский район","name_ru":"Куньинский район","subject_id":"155262","subject_name":"Псковская область","source_gid":1806,"source_fid":1916,"names_rosstat":"Куньинский муниципальный район","population":7207,"area_km2":2625.8005368155514,"density_km2":2.7446867722634845,"source":"Актуализированный объединённый GeoJSON, предоставленный преподавателем","name_en":"Kun'inskii District","name_zh":"Kun'inskii区","subject_name_en":"Pskov Oblast","subject_name_zh":"普斯科夫州"},"geometry":{"type":"Polygon","coordinates":[[[30.736126,56.296418],[30.734823,56.285679],[30.749453,56.282478],[30.752657,56.278772],[30.745142,56.274985],[30.750367,56.272749],[30.752916,56.268092],[30.757084,56.267602],[30.761772,56.262589],[30.766227,56.261951],[30.761942,56.257049],[30.772489,56.25455],[30.789393,56.25419],[30.794196,56.248154],[30.789311,56.246704],[30.791227,56.245889],[30.789068,56.244786],[30.788859,56.241251],[30.795043,56.239067],[30.789368,56.237562],[30.790615,56.232833],[30.797049,56.227361],[30.803006,56.226572],[30.80185,56.225536],[30.810336,56.219817],[30.802402,56.215851],[30.804892,56.213506],[30.801632,56.21077],[30.815916,56.20611],[30.807778,56.204227],[30.8081,56.202533],[30.805407,56.202079],[30.806462,56.199976],[30.803774,56.199649],[30.803003,56.195744],[30.808415,56.193276],[30.807628,56.189892],[30.811784,56.189849],[30.813993,56.187802],[30.830718,56.190709],[30.833826,56.184048],[30.839595,56.182863],[30.844431,56.184402],[30.843635,56.185283],[30.845706,56.186307],[30.844508,56.187393],[30.854201,56.1918],[30.861654,56.192207],[30.864509,56.189972],[30.862859,56.184931],[30.85702,56.184483],[30.853178,56.181174],[30.852458,56.175431],[30.84985,56.171361],[30.841198,56.168506],[30.841702,56.164008],[30.845897,56.161941],[30.844728,56.159766],[30.841166,56.158924],[30.843172,56.157764],[30.839011,56.156584],[30.841262,56.15556],[30.838162,56.153534],[30.84035,56.153391],[30.840908,56.15057],[30.839138,56.150928],[30.837464,56.146811],[30.834677,56.148337],[30.830716,56.1476],[30.829634,56.146556],[30.831367,56.144866],[30.828163,56.143776],[30.828019,56.140929],[30.833073,56.138416],[30.832301,56.136434],[30.837924,56.135876],[30.843065,56.132964],[30.841222,56.131304],[30.84256,56.12863],[30.840118,56.127414],[30.851393,56.10904],[30.858936,56.104953],[30.855659,56.104696],[30.846683,56.094455],[30.848147,56.091241],[30.854817,56.099504],[30.859285,56.101331],[30.860012,56.095711],[30.856316,56.096751],[30.852111,56.0943],[30.855495,56.092953],[30.855405,56.091017],[30.850129,56.090143],[30.850477,56.083566],[30.873931,56.082998],[30.882493,56.071369],[30.883104,56.067131],[30.878187,56.056078],[30.873339,56.053049],[30.881924,56.045367],[30.880286,56.040057],[30.876679,56.037232],[30.886436,56.036375],[30.891484,56.034038],[30.890099,56.031225],[30.902201,56.021312],[30.882321,56.013366],[30.88682,56.012957],[30.894195,56.007149],[30.90064,56.005705],[30.898719,56.001232],[30.907775,56.004422],[30.912554,56.008436],[30.932683,56.003028],[30.939821,55.998122],[30.946841,56.001572],[30.956855,56.002351],[30.95785,56.001533],[30.95557,55.999182],[30.957841,55.993187],[30.95414,55.98888],[30.945617,55.988934],[30.94293,55.98489],[30.935338,55.985781],[30.934413,55.982535],[30.931323,55.981402],[30.932485,55.978674],[30.930339,55.977844],[30.931902,55.974203],[30.94182,55.973195],[30.944725,55.969586],[30.942741,55.967544],[30.945966,55.96617],[30.942999,55.962601],[30.942732,55.956696],[30.978312,55.949535],[30.979882,55.94376],[31.001201,55.935366],[30.993914,55.924087],[30.966657,55.923446],[30.950266,55.917033],[30.973314,55.895112],[30.98155,55.89019],[30.977977,55.884209],[30.994459,55.881655],[30.980157,55.869055],[30.975026,55.866647],[30.975151,55.862489],[30.971641,55.85818],[30.970561,55.850022],[30.971766,55.848112],[30.969356,55.844691],[30.979738,55.842602],[30.983849,55.844273],[30.981085,55.838344],[30.982325,55.835101],[30.984983,55.833987],[30.979136,55.832991],[30.979313,55.831161],[30.976096,55.830205],[30.989363,55.770409],[31.013163,55.769675],[31.013284,55.772423],[31.016872,55.775196],[31.014037,55.778065],[31.019848,55.776909],[31.020911,55.778384],[31.024384,55.778025],[31.023746,55.775754],[31.034281,55.772422],[31.035132,55.769691],[31.032439,55.768535],[31.033218,55.765924],[31.031518,55.765047],[31.037152,55.762754],[31.038061,55.760841],[31.069877,55.759713],[31.069322,55.754269],[31.077973,55.750539],[31.077783,55.747679],[31.081592,55.750108],[31.072631,55.754157],[31.071941,55.756484],[31.074302,55.75939],[31.140135,55.758001],[31.136948,55.752338],[31.139138,55.750189],[31.145702,55.748635],[31.147102,55.74685],[31.152416,55.747341],[31.155742,55.74504],[31.155745,55.742678],[31.16042,55.740499],[31.165578,55.740546],[31.167467,55.736711],[31.173238,55.735633],[31.176988,55.737209],[31.173211,55.742033],[31.173829,55.743622],[31.170243,55.746083],[31.181249,55.745812],[31.188497,55.740164],[31.189768,55.736345],[31.203126,55.727709],[31.212715,55.726619],[31.212809,55.720868],[31.215643,55.720305],[31.217116,55.726022],[31.220842,55.7292],[31.216918,55.730896],[31.239818,55.741519],[31.244163,55.739659],[31.259517,55.743973],[31.262042,55.741053],[31.27876,55.739496],[31.293591,55.729774],[31.305334,55.725513],[31.312807,55.730289],[31.30881,55.735341],[31.311021,55.742213],[31.323497,55.740763],[31.331267,55.741735],[31.334029,55.737918],[31.3426,55.736553],[31.349741,55.736462],[31.366619,55.741492],[31.370258,55.740225],[31.369373,55.738567],[31.371974,55.731546],[31.38247,55.733311],[31.384994,55.732214],[31.388344,55.735253],[31.40149,55.731349],[31.402711,55.728927],[31.40664,55.72833],[31.40635,55.724768],[31.410507,55.726987],[31.418824,55.724488],[31.429113,55.728984],[31.419254,55.727992],[31.42633,55.73028],[31.426299,55.733351],[31.430278,55.733999],[31.42757,55.734616],[31.429087,55.73632],[31.434821,55.735874],[31.436258,55.740863],[31.443734,55.740223],[31.444616,55.738583],[31.448103,55.738129],[31.448316,55.736444],[31.456425,55.74015],[31.467072,55.729345],[31.444642,55.722882],[31.434348,55.71759],[31.430187,55.71845],[31.422183,55.716037],[31.437201,55.705315],[31.451758,55.704621],[31.455785,55.702438],[31.456363,55.705187],[31.472711,55.704794],[31.489142,55.707138],[31.483643,55.713502],[31.483753,55.718262],[31.475171,55.720694],[31.471009,55.723939],[31.470117,55.726929],[31.473118,55.734111],[31.46444,55.734988],[31.461629,55.736692],[31.459924,55.740662],[31.447905,55.743571],[31.446334,55.747101],[31.448202,55.753611],[31.441549,55.757068],[31.447862,55.762301],[31.444026,55.762923],[31.439878,55.766172],[31.44135,55.769095],[31.439524,55.771532],[31.440133,55.774462],[31.434102,55.777543],[31.435419,55.781492],[31.429133,55.782766],[31.421183,55.789575],[31.417617,55.797334],[31.411742,55.801289],[31.410383,55.804512],[31.406886,55.805904],[31.407269,55.808935],[31.403942,55.811083],[31.403772,55.81988],[31.406278,55.822115],[31.406249,55.824723],[31.414729,55.832802],[31.4148,55.836149],[31.409845,55.840593],[31.412535,55.842818],[31.410737,55.846181],[31.404522,55.850591],[31.405754,55.854612],[31.40179,55.855471],[31.400233,55.857783],[31.405173,55.859515],[31.406065,55.86193],[31.395023,55.867928],[31.40935,55.872813],[31.41136,55.876109],[31.409449,55.879381],[31.416315,55.881064],[31.414361,55.884057],[31.416315,55.891449],[31.407226,55.895497],[31.401719,55.903577],[31.396099,55.903839],[31.39498,55.906363],[31.396028,55.911497],[31.40196,55.915067],[31.389176,55.927434],[31.377792,55.92861],[31.367034,55.932204],[31.371695,55.93449],[31.355106,55.938274],[31.349517,55.94496],[31.350639,55.947588],[31.354858,55.949753],[31.356519,55.958922],[31.360784,55.960347],[31.367685,55.969138],[31.388377,55.97731],[31.417975,55.984315],[31.419231,55.986857],[31.428044,55.99105],[31.425893,55.994865],[31.426095,56.000827],[31.43605,56.005173],[31.438347,56.009532],[31.451045,56.011954],[31.453696,56.016733],[31.462323,56.021172],[31.464174,56.024192],[31.476303,56.023654],[31.48266,56.029804],[31.484393,56.02945],[31.485141,56.023873],[31.49083,56.023729],[31.491995,56.02655],[31.489258,56.028],[31.488599,56.032365],[31.492352,56.034345],[31.499723,56.033955],[31.501511,56.0359],[31.499938,56.040213],[31.493342,56.04463],[31.508392,56.049363],[31.506354,56.051814],[31.507716,56.055424],[31.501096,56.058406],[31.500458,56.060166],[31.503191,56.063786],[31.502131,56.065022],[31.505365,56.066171],[31.500019,56.068056],[31.500149,56.070116],[31.497616,56.071027],[31.499131,56.071869],[31.497241,56.071829],[31.491804,56.07758],[31.483192,56.078813],[31.484149,56.08064],[31.479853,56.080688],[31.480886,56.082691],[31.472854,56.083751],[31.467312,56.087407],[31.469596,56.090028],[31.467703,56.089974],[31.469021,56.090938],[31.466932,56.092755],[31.468718,56.093202],[31.465627,56.094264],[31.467773,56.095846],[31.465509,56.095146],[31.465147,56.097978],[31.462048,56.097747],[31.461251,56.100298],[31.463341,56.101148],[31.464014,56.102376],[31.462482,56.102808],[31.466303,56.106533],[31.470844,56.107128],[31.468132,56.113012],[31.469453,56.114891],[31.460687,56.116628],[31.457294,56.119542],[31.456849,56.12169],[31.459548,56.123875],[31.455949,56.125031],[31.455461,56.127559],[31.449394,56.133385],[31.451065,56.139812],[31.457411,56.142438],[31.487529,56.143993],[31.488052,56.146463],[31.507607,56.158126],[31.499116,56.177222],[31.501187,56.184025],[31.492833,56.184539],[31.492319,56.186853],[31.480623,56.190451],[31.464171,56.19315],[31.464085,56.197732],[31.461892,56.197628],[31.465212,56.241532],[31.473742,56.24555],[31.463846,56.248748],[31.462663,56.253783],[31.466916,56.258492],[31.471747,56.258871],[31.47467,56.257148],[31.474608,56.258623],[31.483898,56.262957],[31.480476,56.26635],[31.49307,56.272281],[31.495922,56.271219],[31.49595,56.273206],[31.492359,56.275685],[31.493054,56.278699],[31.495391,56.279897],[31.490385,56.281884],[31.493044,56.28301],[31.49119,56.284165],[31.49388,56.289231],[31.50414,56.288752],[31.501665,56.291547],[31.50427,56.292457],[31.517178,56.289709],[31.51786,56.306089],[31.452501,56.307664],[31.450408,56.309461],[31.430356,56.307147],[31.430365,56.305116],[31.423136,56.305877],[31.414103,56.309255],[31.413634,56.311737],[31.405466,56.313984],[31.39094,56.301963],[31.388384,56.301654],[31.382382,56.304617],[31.373287,56.304455],[31.373696,56.308834],[31.377061,56.311032],[31.372631,56.317794],[31.368501,56.318153],[31.363218,56.316059],[31.355937,56.319543],[31.356275,56.321329],[31.36279,56.322889],[31.363804,56.324712],[31.361071,56.325528],[31.355942,56.324135],[31.325062,56.325713],[31.318592,56.328839],[31.301677,56.322058],[31.296921,56.32238],[31.285804,56.324115],[31.269221,56.330787],[31.263023,56.329537],[31.259769,56.333412],[31.250168,56.336117],[31.251821,56.33835],[31.250913,56.341113],[31.244996,56.339858],[31.242303,56.337565],[31.236096,56.339537],[31.230602,56.338821],[31.228285,56.341757],[31.229733,56.355988],[31.227885,56.360353],[31.22845,56.373549],[31.222592,56.375349],[31.226384,56.379963],[31.225901,56.390934],[31.230009,56.392764],[31.227334,56.399575],[31.229955,56.404442],[31.229698,56.408426],[31.222275,56.407506],[31.220925,56.411234],[31.206595,56.414145],[31.207776,56.418912],[31.213566,56.425037],[31.212602,56.427222],[31.203574,56.427126],[31.200811,56.42854],[31.193967,56.426933],[31.189991,56.42995],[31.184814,56.430679],[31.187622,56.433502],[31.184488,56.434782],[31.181532,56.435737],[31.179715,56.432893],[31.172311,56.437151],[31.165011,56.437703],[31.16032,56.439925],[31.148758,56.440685],[31.128992,56.437825],[31.118798,56.439575],[31.118266,56.444243],[31.122064,56.445607],[31.119871,56.446789],[31.111581,56.446854],[31.096479,56.454501],[31.07749,56.456878],[31.077297,56.460541],[31.073826,56.461633],[31.070806,56.461055],[31.051816,56.468059],[31.036747,56.469473],[31.034176,56.471722],[31.027814,56.472686],[31.02383,56.475706],[31.017403,56.476349],[31.011555,56.479626],[30.999217,56.479754],[30.99867,56.481875],[30.989481,56.483674],[30.987103,56.485795],[30.989072,56.48913],[30.985556,56.492281],[30.987187,56.493766],[30.985499,56.4953],[30.987291,56.495856],[30.982778,56.498581],[30.984162,56.500925],[30.994025,56.503702],[30.990468,56.508264],[30.992552,56.508927],[30.995738,56.506235],[30.998138,56.506973],[30.996131,56.517334],[30.997828,56.51927],[30.996504,56.523818],[30.994177,56.523919],[30.988073,56.519875],[30.982014,56.522064],[30.972221,56.520299],[30.96028,56.520635],[30.958899,56.518303],[30.954691,56.51698],[30.945829,56.517993],[30.938935,56.516055],[30.939742,56.514404],[30.925254,56.508078],[30.925302,56.505503],[30.920777,56.503519],[30.916543,56.495395],[30.922441,56.490535],[30.919422,56.486424],[30.914146,56.489415],[30.900953,56.485185],[30.907682,56.475666],[30.908242,56.469503],[30.913578,56.468458],[30.915104,56.463967],[30.913055,56.463034],[30.919079,56.462012],[30.921257,56.463125],[30.923109,56.46156],[30.920931,56.460296],[30.923817,56.458521],[30.933075,56.458491],[30.936172,56.457258],[30.93485,56.456079],[30.914854,56.454899],[30.907524,56.462869],[30.904251,56.463911],[30.905483,56.467443],[30.903481,56.467422],[30.904521,56.469591],[30.901135,56.473057],[30.903069,56.476942],[30.891598,56.477822],[30.871517,56.47694],[30.869438,56.478769],[30.866796,56.477755],[30.867123,56.473906],[30.863746,56.470296],[30.854488,56.469273],[30.852419,56.466806],[30.841091,56.463316],[30.837901,56.460465],[30.83703,56.459352],[30.849874,56.459144],[30.84326,56.40367],[30.835245,56.357663],[30.829029,56.358206],[30.826564,56.35616],[30.795143,56.356694],[30.794751,56.35268],[30.772382,56.34946],[30.768402,56.347363],[30.768402,56.343853],[30.749662,56.342462],[30.748702,56.341204],[30.75566,56.336832],[30.752226,56.332814],[30.753599,56.324099],[30.746274,56.320291],[30.744443,56.313266],[30.740094,56.312208],[30.746808,56.308272],[30.746593,56.306431],[30.740246,56.303741],[30.739331,56.298112],[30.736126,56.296418]]]}},{"type":"Feature","id":"155262-1807","properties":{"id":"155262-1807","name":"Невельский муниципальный округ","name_ru":"Невельский муниципальный округ","subject_id":"155262","subject_name":"Псковская область","source_gid":1807,"source_fid":1917,"names_rosstat":"Невельский муниципальный округ","population":20047,"area_km2":2689.4241924220496,"density_km2":7.454011924368841,"source":"Актуализированный объединённый GeoJSON, предоставленный преподавателем","name_en":"Nevel'skii Municipal Okrug","name_zh":"Nevel'skii市政专区","subject_name_en":"Pskov Oblast","subject_name_zh":"普斯科夫州"},"geometry":{"type":"Polygon","coordinates":[[[29.177324,56.016458],[29.204421,56.001011],[29.216147,55.987883],[29.22158,55.98789],[29.226667,55.991431],[29.257928,55.996632],[29.269505,55.99554],[29.286228,55.988968],[29.298504,55.98995],[29.303259,55.991932],[29.332955,55.983339],[29.342405,55.975799],[29.358038,55.970908],[29.372364,55.973915],[29.395967,55.973467],[29.422613,55.968931],[29.430042,55.963643],[29.449693,55.958352],[29.443021,55.952594],[29.4295,55.952304],[29.424906,55.9496],[29.426771,55.948926],[29.426172,55.947658],[29.422047,55.945794],[29.434812,55.941826],[29.442058,55.941876],[29.46371,55.93409],[29.472633,55.929066],[29.479532,55.918126],[29.460727,55.912733],[29.450643,55.913433],[29.44566,55.907349],[29.426279,55.907631],[29.427781,55.903902],[29.411987,55.90096],[29.394335,55.90224],[29.39639,55.896742],[29.399346,55.896281],[29.406318,55.889298],[29.416036,55.885777],[29.418812,55.878392],[29.42699,55.871884],[29.410695,55.874453],[29.403618,55.872377],[29.395879,55.861142],[29.396902,55.848573],[29.384025,55.833052],[29.390845,55.825603],[29.389027,55.820265],[29.372683,55.804274],[29.362968,55.801726],[29.364143,55.799577],[29.360452,55.798513],[29.369776,55.7801],[29.365833,55.770172],[29.358618,55.767973],[29.362281,55.758335],[29.378116,55.754091],[29.400221,55.753738],[29.409979,55.749083],[29.413509,55.745551],[29.43749,55.734467],[29.453279,55.732119],[29.457357,55.718836],[29.465406,55.716752],[29.479074,55.708447],[29.505002,55.705384],[29.515286,55.701576],[29.532402,55.713168],[29.546258,55.717119],[29.545364,55.720601],[29.551928,55.721909],[29.562879,55.728851],[29.57846,55.73407],[29.577785,55.736587],[29.580275,55.738952],[29.579088,55.7408],[29.583325,55.744454],[29.582001,55.747303],[29.587823,55.750832],[29.589186,55.754114],[29.585457,55.755946],[29.586061,55.759731],[29.596071,55.763567],[29.597085,55.766519],[29.602547,55.76733],[29.601398,55.7683],[29.604938,55.771002],[29.612338,55.775693],[29.618835,55.77674],[29.619301,55.778746],[29.622649,55.780254],[29.63165,55.77969],[29.643304,55.782437],[29.644606,55.781062],[29.649162,55.782374],[29.654696,55.780991],[29.65682,55.782517],[29.655173,55.783144],[29.656632,55.784583],[29.659095,55.785051],[29.65851,55.786362],[29.664075,55.788696],[29.67264,55.78871],[29.677447,55.79121],[29.68671,55.792209],[29.692585,55.790457],[29.709137,55.793217],[29.716298,55.791456],[29.730657,55.799991],[29.745292,55.802254],[29.756556,55.799712],[29.763298,55.795141],[29.761779,55.793505],[29.765954,55.792001],[29.767301,55.786865],[29.763015,55.781818],[29.76917,55.77888],[29.778043,55.777623],[29.785727,55.78138],[29.792984,55.782104],[29.797373,55.780541],[29.80634,55.78342],[29.81587,55.79424],[29.83852,55.80394],[29.8405,55.81063],[29.83681,55.81329],[29.838227,55.817769],[29.847472,55.816169],[29.857916,55.823456],[29.858974,55.824629],[29.856757,55.825571],[29.857475,55.826594],[29.863267,55.826519],[29.864259,55.827526],[29.862948,55.8294],[29.868962,55.831058],[29.872155,55.835284],[29.872042,55.837958],[29.877684,55.841436],[29.864065,55.849015],[29.878051,55.852205],[29.892384,55.858774],[29.894984,55.86268],[29.940932,55.851727],[29.959362,55.856398],[29.971385,55.856862],[29.964244,55.864014],[29.971473,55.866858],[29.975871,55.871564],[29.986753,55.869763],[29.997088,55.870351],[30.00545,55.865738],[30.012073,55.865559],[30.018209,55.860714],[30.023839,55.861253],[30.037323,55.856066],[30.043158,55.857375],[30.043233,55.855111],[30.051434,55.854748],[30.056521,55.849501],[30.053298,55.848758],[30.060894,55.847793],[30.062774,55.843139],[30.062009,55.840353],[30.067194,55.842125],[30.071244,55.839004],[30.072345,55.839927],[30.07097,55.844914],[30.075572,55.84761],[30.079228,55.845807],[30.076769,55.844339],[30.082508,55.844717],[30.082679,55.841701],[30.080314,55.841465],[30.084372,55.840804],[30.083572,55.839483],[30.10707,55.831253],[30.111104,55.834595],[30.132263,55.832505],[30.136829,55.836088],[30.134571,55.837781],[30.135065,55.841057],[30.141243,55.843514],[30.140076,55.847341],[30.14276,55.850771],[30.154824,55.848554],[30.164997,55.84982],[30.16738,55.853583],[30.163197,55.861529],[30.169578,55.863546],[30.165366,55.87035],[30.156705,55.87471],[30.159748,55.876844],[30.159376,55.878558],[30.169087,55.878681],[30.172779,55.872437],[30.171001,55.871761],[30.17164,55.868589],[30.180462,55.862484],[30.215348,55.869776],[30.220475,55.869737],[30.224766,55.864742],[30.227713,55.864625],[30.227813,55.868967],[30.238952,55.871768],[30.273858,55.863884],[30.277116,55.864739],[30.275614,55.869498],[30.277085,55.870136],[30.284793,55.864703],[30.283109,55.860112],[30.279669,55.858886],[30.286006,55.850443],[30.282045,55.840497],[30.28673,55.831639],[30.326592,55.835681],[30.33948,55.835254],[30.345124,55.826024],[30.358422,55.821092],[30.357095,55.815054],[30.359602,55.812086],[30.369515,55.808444],[30.388192,55.81165],[30.391556,55.814597],[30.404799,55.816166],[30.409194,55.818573],[30.412653,55.824276],[30.415438,55.825185],[30.416289,55.838065],[30.409233,55.847355],[30.410237,55.851614],[30.407838,55.852961],[30.409121,55.864295],[30.412859,55.865703],[30.413194,55.868959],[30.419163,55.871838],[30.41219,55.876658],[30.41113,55.881571],[30.433499,55.883041],[30.429762,55.888266],[30.443317,55.888516],[30.446776,55.896462],[30.447222,55.907408],[30.449789,55.909253],[30.444991,55.911035],[30.446274,55.913067],[30.439026,55.914124],[30.427595,55.919103],[30.433989,55.920295],[30.432252,55.921239],[30.419901,55.922427],[30.415767,55.924422],[30.410977,55.916263],[30.406179,55.918304],[30.398748,55.916039],[30.395628,55.911558],[30.391542,55.911752],[30.392672,55.913522],[30.389848,55.915755],[30.389988,55.918263],[30.373893,55.916478],[30.369653,55.912987],[30.353452,55.911794],[30.34165,55.912189],[30.33491,55.915105],[30.332762,55.918273],[30.324431,55.92209],[30.326723,55.926074],[30.314568,55.935954],[30.315764,55.944101],[30.317497,55.946184],[30.303636,55.949397],[30.295032,55.955893],[30.279691,55.957195],[30.276178,55.961781],[30.279511,55.970019],[30.278913,55.974628],[30.269276,55.977065],[30.269887,55.981647],[30.257781,55.98732],[30.258011,55.990272],[30.264779,55.991809],[30.26318,55.993284],[30.256021,55.991819],[30.249516,55.994305],[30.245648,56.002524],[30.248895,56.003976],[30.247487,56.006905],[30.245173,56.006916],[30.241451,56.013586],[30.23623,56.018365],[30.234734,56.023282],[30.23508,56.026451],[30.242701,56.029457],[30.242186,56.030732],[30.25342,56.034408],[30.243295,56.036186],[30.240613,56.03609],[30.240986,56.034709],[30.235427,56.035337],[30.23361,56.03795],[30.23001,56.037775],[30.227355,56.039638],[30.223174,56.039499],[30.221467,56.037663],[30.215345,56.042845],[30.207605,56.040735],[30.204328,56.041818],[30.205642,56.042801],[30.203467,56.043636],[30.204146,56.047067],[30.201028,56.048447],[30.200476,56.051171],[30.195414,56.04823],[30.196982,56.047773],[30.195067,56.047037],[30.195539,56.04513],[30.186261,56.043386],[30.195265,56.04859],[30.196353,56.051585],[30.203206,56.056314],[30.22672,56.063156],[30.236649,56.068382],[30.232321,56.073123],[30.233547,56.074333],[30.230934,56.080272],[30.222903,56.080051],[30.22428,56.077524],[30.220843,56.07512],[30.202142,56.075038],[30.193717,56.079898],[30.168985,56.079227],[30.168982,56.08369],[30.160887,56.088969],[30.165,56.09075],[30.165262,56.092877],[30.168084,56.092371],[30.1735,56.09475],[30.17725,56.09275],[30.18,56.094],[30.178,56.09575],[30.179127,56.096485],[30.18275,56.09475],[30.183998,56.09574],[30.183,56.0985],[30.189146,56.100649],[30.189461,56.10518],[30.19275,56.108],[30.207817,56.107653],[30.219964,56.105242],[30.224199,56.10595],[30.227209,56.109024],[30.234428,56.106685],[30.239348,56.109189],[30.25155,56.106609],[30.251089,56.109023],[30.24741,56.109465],[30.254775,56.110081],[30.256281,56.112158],[30.254129,56.112545],[30.252827,56.115316],[30.249564,56.115432],[30.250284,56.118114],[30.257444,56.12135],[30.255777,56.117852],[30.262397,56.119515],[30.261796,56.120533],[30.264312,56.122051],[30.263095,56.123924],[30.266012,56.124487],[30.264875,56.129061],[30.269391,56.129817],[30.235267,56.139917],[30.238756,56.142991],[30.258107,56.151906],[30.263633,56.145559],[30.286848,56.154603],[30.296108,56.153827],[30.291175,56.155944],[30.293288,56.164998],[30.28501,56.167821],[30.278711,56.161282],[30.269924,56.156797],[30.267017,56.157966],[30.265151,56.161861],[30.255889,56.162738],[30.254373,56.164374],[30.2627,56.172697],[30.25471,56.179287],[30.244587,56.181633],[30.247087,56.184974],[30.245821,56.186597],[30.236245,56.187335],[30.227314,56.191588],[30.219322,56.192404],[30.215646,56.187508],[30.21561,56.184702],[30.204198,56.189826],[30.200328,56.197843],[30.188894,56.198447],[30.176955,56.193552],[30.173198,56.196858],[30.167447,56.194039],[30.150234,56.202691],[30.137783,56.202468],[30.136031,56.204132],[30.126468,56.199004],[30.123495,56.201717],[30.119129,56.201214],[30.105829,56.196315],[30.099055,56.195467],[30.093633,56.20004],[30.082474,56.199528],[30.081316,56.1967],[30.077666,56.196654],[30.068091,56.199188],[30.072622,56.204684],[30.071292,56.207479],[30.069202,56.207342],[30.068863,56.209918],[30.065938,56.208104],[30.067231,56.203966],[30.062258,56.203107],[30.061787,56.200529],[30.057832,56.200474],[30.05877,56.198526],[30.05412,56.197654],[30.048679,56.198018],[30.051502,56.200125],[30.048212,56.203849],[30.040748,56.207769],[30.035567,56.205876],[30.026481,56.207961],[30.023194,56.205431],[30.020286,56.206128],[30.019566,56.209002],[30.003353,56.207584],[29.996861,56.212075],[30.001454,56.214749],[30.000466,56.216334],[29.992038,56.214631],[29.991993,56.216882],[29.986226,56.222914],[29.971016,56.228157],[29.966893,56.233571],[29.970669,56.236937],[29.979135,56.238509],[29.984203,56.244275],[29.981824,56.247733],[29.982917,56.252147],[29.962589,56.248907],[29.927653,56.251978],[29.920915,56.24923],[29.909183,56.254242],[29.896009,56.251536],[29.89066,56.253847],[29.887805,56.259961],[29.879978,56.259943],[29.874002,56.262653],[29.867867,56.260436],[29.851596,56.261773],[29.824105,56.27012],[29.813487,56.275954],[29.799398,56.278096],[29.787144,56.274175],[29.786096,56.269288],[29.775716,56.268053],[29.773559,56.269536],[29.774927,56.272419],[29.772565,56.274359],[29.76606,56.275055],[29.762692,56.277244],[29.756333,56.276623],[29.758986,56.273326],[29.756251,56.272493],[29.744551,56.275179],[29.741619,56.273975],[29.736338,56.275083],[29.73279,56.271694],[29.722109,56.272267],[29.720975,56.268849],[29.72715,56.260487],[29.71903,56.259246],[29.719408,56.256205],[29.718093,56.255955],[29.713572,56.257455],[29.706004,56.256877],[29.698289,56.26297],[29.686834,56.265179],[29.671702,56.260882],[29.667825,56.262597],[29.658578,56.261992],[29.652488,56.266571],[29.661169,56.267991],[29.661511,56.269901],[29.664585,56.270755],[29.662627,56.275865],[29.669087,56.28003],[29.668078,56.281386],[29.658526,56.279302],[29.656747,56.281754],[29.652294,56.280597],[29.64413,56.273522],[29.630998,56.276909],[29.621028,56.274586],[29.61601,56.276256],[29.615695,56.277573],[29.618631,56.278326],[29.612671,56.2821],[29.613873,56.283058],[29.61004,56.286494],[29.6111,56.289591],[29.605569,56.290429],[29.601914,56.28572],[29.591311,56.281683],[29.592971,56.278874],[29.591939,56.276772],[29.588609,56.276622],[29.588576,56.27373],[29.593216,56.269269],[29.589597,56.26519],[29.590824,56.263611],[29.589331,56.260223],[29.593407,56.259014],[29.591816,56.257694],[29.594932,56.253764],[29.597526,56.253883],[29.599314,56.250783],[29.602781,56.249696],[29.608314,56.25205],[29.612457,56.250822],[29.61402,56.253585],[29.618974,56.255189],[29.624501,56.253459],[29.625969,56.254781],[29.632619,56.250787],[29.629212,56.250485],[29.629451,56.246565],[29.60919,56.243119],[29.608127,56.240817],[29.612005,56.23956],[29.614462,56.23656],[29.611626,56.232672],[29.606679,56.232881],[29.606814,56.230287],[29.608804,56.229524],[29.607623,56.227584],[29.598639,56.223557],[29.599482,56.222788],[29.594462,56.21877],[29.590711,56.219763],[29.588696,56.223528],[29.586875,56.223859],[29.555276,56.2251],[29.549196,56.219223],[29.551258,56.214452],[29.548638,56.213384],[29.550765,56.211731],[29.548412,56.209472],[29.549996,56.2078],[29.549042,56.205905],[29.544034,56.201976],[29.544343,56.198508],[29.540016,56.196394],[29.533007,56.196474],[29.533026,56.197997],[29.538178,56.198799],[29.538196,56.201004],[29.52607,56.201603],[29.524611,56.200081],[29.516398,56.200361],[29.51297,56.197748],[29.497443,56.19486],[29.489858,56.19092],[29.483498,56.191792],[29.481674,56.189288],[29.498881,56.182257],[29.494812,56.177501],[29.473119,56.174596],[29.469283,56.175028],[29.463716,56.183261],[29.455266,56.182017],[29.419915,56.185239],[29.412495,56.184534],[29.40954,56.180192],[29.407812,56.169199],[29.413788,56.17185],[29.417162,56.167744],[29.414405,56.160593],[29.40673,56.157402],[29.406676,56.155556],[29.397091,56.150509],[29.39983,56.14776],[29.403153,56.149922],[29.415472,56.150552],[29.418639,56.144974],[29.416062,56.143724],[29.418368,56.141687],[29.418206,56.138063],[29.42199,56.132441],[29.420458,56.126436],[29.412891,56.124139],[29.41058,56.119954],[29.419577,56.118893],[29.425013,56.115554],[29.41775,56.1165],[29.417363,56.11359],[29.409556,56.110902],[29.394412,56.109399],[29.395631,56.106709],[29.399862,56.106735],[29.399829,56.102961],[29.388965,56.098068],[29.377957,56.097997],[29.377409,56.091368],[29.380353,56.091123],[29.382768,56.088399],[29.382596,56.085349],[29.386948,56.084067],[29.388479,56.08093],[29.387351,56.079761],[29.391319,56.076955],[29.386829,56.075568],[29.384882,56.072877],[29.376052,56.072811],[29.356246,56.065908],[29.337192,56.06463],[29.330884,56.066041],[29.310059,56.060848],[29.308584,56.058661],[29.298746,56.059846],[29.296095,56.058185],[29.29146,56.058844],[29.289132,56.056338],[29.282282,56.057235],[29.279922,56.056298],[29.281734,56.055394],[29.280227,56.054018],[29.267133,56.052059],[29.261873,56.049945],[29.262401,56.048207],[29.246877,56.047892],[29.247672,56.042128],[29.243581,56.04114],[29.245863,56.044393],[29.244881,56.045252],[29.2353,56.039332],[29.230093,56.038751],[29.228311,56.036541],[29.222005,56.037305],[29.207431,56.035116],[29.208243,56.036288],[29.204386,56.036515],[29.202577,56.03545],[29.203997,56.033683],[29.197038,56.031905],[29.197304,56.029926],[29.193221,56.028675],[29.193943,56.021581],[29.177324,56.016458]]]}},{"type":"Feature","id":"155262-1808","properties":{"id":"155262-1808","name":"Бежаницкий муниципальный округ","name_ru":"Бежаницкий муниципальный округ","subject_id":"155262","subject_name":"Псковская область","source_gid":1808,"source_fid":1918,"names_rosstat":"Бежаницкий муниципальный округ","population":9533,"area_km2":3536.0886292019018,"density_km2":2.695916590233092,"source":"Актуализированный объединённый GeoJSON, предоставленный преподавателем","name_en":"Bezhanitskii Municipal Okrug","name_zh":"Bezhanitskii市政专区","subject_name_en":"Pskov Oblast","subject_name_zh":"普斯科夫州"},"geometry":{"type":"Polygon","coordinates":[[[29.253542,56.647038],[29.257043,56.646667],[29.257823,56.648407],[29.260004,56.647175],[29.264342,56.64965],[29.271709,56.649176],[29.272477,56.650476],[29.272598,56.649191],[29.275818,56.648928],[29.275496,56.650877],[29.278556,56.652706],[29.281398,56.649825],[29.284757,56.652218],[29.28676,56.651786],[29.286545,56.653738],[29.284308,56.653989],[29.287619,56.654673],[29.293465,56.650357],[29.312556,56.652522],[29.314413,56.65201],[29.312483,56.650989],[29.31335,56.650303],[29.321072,56.652567],[29.331557,56.65155],[29.340949,56.64902],[29.34319,56.64679],[29.347202,56.647558],[29.352244,56.645372],[29.347148,56.642172],[29.34812,56.640144],[29.346626,56.638608],[29.347356,56.636259],[29.351816,56.635819],[29.351215,56.633497],[29.347359,56.631633],[29.33945,56.631196],[29.334294,56.627879],[29.341613,56.624024],[29.342128,56.621005],[29.350049,56.621564],[29.347488,56.62175],[29.348217,56.623913],[29.368295,56.622472],[29.372326,56.62454],[29.384737,56.624085],[29.398096,56.615423],[29.40059,56.619451],[29.408002,56.618528],[29.407774,56.623595],[29.410563,56.627412],[29.409009,56.629449],[29.410858,56.630336],[29.421478,56.632909],[29.427047,56.630786],[29.439104,56.630456],[29.44219,56.632038],[29.441662,56.639044],[29.43798,56.645613],[29.439783,56.647468],[29.439255,56.649598],[29.451347,56.653406],[29.457159,56.653083],[29.456687,56.654607],[29.463851,56.658278],[29.463495,56.660756],[29.453461,56.666118],[29.455818,56.671528],[29.461209,56.671504],[29.462618,56.669279],[29.471775,56.670246],[29.482224,56.66773],[29.48235,56.66941],[29.476648,56.670859],[29.478836,56.673224],[29.477774,56.681241],[29.496706,56.688614],[29.506258,56.685567],[29.516257,56.685369],[29.525663,56.680115],[29.541513,56.677309],[29.54797,56.680792],[29.563585,56.677567],[29.594403,56.679502],[29.595159,56.676759],[29.606086,56.674891],[29.614009,56.668892],[29.617734,56.667524],[29.621758,56.669376],[29.625162,56.666569],[29.631385,56.66486],[29.649437,56.667747],[29.65366,56.670772],[29.66082,56.672168],[29.664028,56.676372],[29.659522,56.681276],[29.659898,56.68661],[29.672837,56.69114],[29.673102,56.694874],[29.668633,56.700311],[29.667525,56.712087],[29.66406,56.718037],[29.663996,56.730858],[29.675791,56.732742],[29.679044,56.73748],[29.678263,56.740168],[29.681441,56.743839],[29.697047,56.74457],[29.704148,56.749462],[29.703676,56.755644],[29.706857,56.759314],[29.717962,56.764948],[29.741191,56.763371],[29.749272,56.767467],[29.767685,56.766525],[29.795313,56.771785],[29.794877,56.765918],[29.800465,56.762588],[29.811146,56.762347],[29.817497,56.763916],[29.822355,56.770201],[29.823206,56.775056],[29.832831,56.778584],[29.832832,56.780922],[29.848961,56.784162],[29.850592,56.781148],[29.853859,56.781734],[29.855681,56.772089],[29.869527,56.772116],[29.885891,56.785747],[29.906818,56.790453],[29.925223,56.798534],[29.938757,56.802141],[29.951007,56.80933],[29.959928,56.811216],[29.962542,56.819741],[29.973322,56.820553],[29.996326,56.828016],[30.000865,56.848207],[30.027198,56.860393],[30.019685,56.876067],[30.061178,56.894289],[30.071456,56.888694],[30.082384,56.891127],[30.09124,56.903699],[30.109223,56.908595],[30.108691,56.902197],[30.115288,56.900957],[30.11339,56.903964],[30.124761,56.913654],[30.147026,56.922264],[30.176031,56.913325],[30.200614,56.91243],[30.200411,56.932597],[30.19024,56.965693],[30.19408,56.970623],[30.189828,56.974329],[30.196015,56.976278],[30.203659,56.990301],[30.226043,56.98863],[30.232945,56.982435],[30.23282,56.978672],[30.245309,56.979762],[30.247953,56.987875],[30.255312,56.98492],[30.257676,56.97864],[30.260502,56.980783],[30.26153,56.985548],[30.268559,56.990498],[30.275931,56.991338],[30.279532,56.989097],[30.268404,56.982672],[30.271475,56.977111],[30.280374,56.976545],[30.287741,56.983802],[30.311419,56.975552],[30.31039,56.971534],[30.30439,56.970973],[30.303361,56.966768],[30.307476,56.964992],[30.315876,56.967422],[30.31822,56.96629],[30.311076,56.964244],[30.308595,56.959782],[30.318617,56.959459],[30.3215,56.956557],[30.315354,56.949237],[30.365089,56.949002],[30.37349,56.945729],[30.385662,56.94947],[30.425773,56.948625],[30.422898,56.952436],[30.424885,56.957468],[30.427399,56.962089],[30.434292,56.967177],[30.445487,56.973236],[30.455316,56.974397],[30.462386,56.977829],[30.46803,56.977482],[30.463429,56.989572],[30.445274,56.997149],[30.446927,57.008542],[30.455152,57.02666],[30.483055,57.101839],[30.490079,57.127772],[30.509966,57.15642],[30.565499,57.169674],[30.630184,57.173902],[30.672034,57.209826],[30.745663,57.263208],[30.713682,57.267516],[30.680935,57.277665],[30.662072,57.27958],[30.611994,57.290638],[30.55665,57.299781],[30.536638,57.306388],[30.53367,57.310218],[30.510114,57.323287],[30.490755,57.331091],[30.493329,57.333466],[30.490011,57.335507],[30.474591,57.337425],[30.465015,57.34483],[30.464249,57.350097],[30.49709,57.36671],[30.49393,57.374274],[30.49776,57.376094],[30.505324,57.376381],[30.510781,57.381743],[30.53676,57.385973],[30.533186,57.390361],[30.529356,57.389786],[30.522653,57.395435],[30.49862,57.391413],[30.488087,57.400701],[30.478129,57.403574],[30.467597,57.399935],[30.465778,57.401467],[30.451702,57.398403],[30.453331,57.385572],[30.460512,57.382795],[30.465874,57.38404],[30.476886,57.37255],[30.457832,57.36422],[30.427384,57.366258],[30.370877,57.384402],[30.308693,57.385536],[30.305145,57.347207],[30.297584,57.342193],[30.090827,57.350154],[30.091255,57.353112],[30.076584,57.350883],[30.043851,57.368143],[30.043951,57.390817],[30.069855,57.400872],[30.063201,57.415991],[30.03937,57.415144],[30.013097,57.40667],[29.980187,57.407484],[29.976274,57.403577],[29.978507,57.39736],[29.966034,57.391773],[29.927159,57.414954],[29.920119,57.40942],[29.903557,57.416925],[29.891699,57.417198],[29.87238,57.423338],[29.836908,57.425567],[29.837455,57.415583],[29.792133,57.392382],[29.800753,57.384356],[29.808924,57.387735],[29.829278,57.37802],[29.829058,57.375177],[29.83542,57.372185],[29.836077,57.363623],[29.823962,57.360335],[29.813437,57.36057],[29.800295,57.343771],[29.817889,57.332695],[29.836456,57.300227],[29.830765,57.294658],[29.832899,57.2882],[29.844277,57.282245],[29.841432,57.279461],[29.847337,57.27078],[29.846953,57.265803],[29.831205,57.266159],[29.795568,57.249177],[29.781252,57.244964],[29.772854,57.246095],[29.774609,57.249351],[29.768698,57.254041],[29.767834,57.261399],[29.764457,57.26497],[29.757435,57.266152],[29.748048,57.262122],[29.748382,57.259487],[29.739951,57.259448],[29.729024,57.255766],[29.713762,57.254759],[29.706094,57.256251],[29.70477,57.259445],[29.690837,57.258868],[29.678511,57.260535],[29.662143,57.258185],[29.661454,57.261643],[29.663539,57.263495],[29.663165,57.265795],[29.652893,57.271409],[29.651948,57.275015],[29.644596,57.27791],[29.624669,57.273839],[29.62574,57.27165],[29.619956,57.271721],[29.619656,57.269423],[29.617445,57.26829],[29.612764,57.269701],[29.608635,57.267126],[29.603793,57.270135],[29.600259,57.268532],[29.597715,57.269285],[29.586819,57.266228],[29.581704,57.261978],[29.589531,57.257138],[29.585342,57.253794],[29.601532,57.244109],[29.59891,57.240598],[29.578532,57.236777],[29.574781,57.237566],[29.572022,57.232957],[29.574353,57.229451],[29.574621,57.212774],[29.581083,57.21157],[29.580815,57.207594],[29.578082,57.207599],[29.578614,57.202596],[29.569407,57.198868],[29.571257,57.191876],[29.578238,57.190801],[29.564973,57.18225],[29.545576,57.176992],[29.536504,57.171105],[29.527805,57.169423],[29.528596,57.167675],[29.553193,57.16497],[29.549692,57.158223],[29.560291,57.149681],[29.56332,57.151275],[29.570388,57.150011],[29.566636,57.146444],[29.567335,57.142823],[29.560607,57.137831],[29.559316,57.135075],[29.56911,57.127977],[29.579083,57.125924],[29.587112,57.126567],[29.588174,57.123793],[29.592969,57.124358],[29.598782,57.122586],[29.601201,57.11925],[29.608917,57.120732],[29.612445,57.118024],[29.621384,57.11782],[29.621426,57.115607],[29.625054,57.114321],[29.62496,57.116466],[29.628725,57.116672],[29.628959,57.118842],[29.634721,57.120275],[29.638791,57.114832],[29.647687,57.111622],[29.646873,57.109799],[29.639777,57.107495],[29.632722,57.095618],[29.637709,57.087566],[29.649424,57.086876],[29.658143,57.081769],[29.659998,57.078402],[29.64923,57.076084],[29.649624,57.06699],[29.662932,57.063758],[29.656655,57.060313],[29.642548,57.059751],[29.631669,57.055847],[29.638601,57.048284],[29.638614,57.046268],[29.6373,57.043853],[29.632283,57.044807],[29.624149,57.035717],[29.620335,57.033908],[29.627381,57.029564],[29.627151,57.017398],[29.614465,57.018654],[29.607261,57.022379],[29.605901,57.020159],[29.600477,57.020087],[29.601189,57.01821],[29.59906,57.013548],[29.607256,57.009194],[29.600702,57.003033],[29.603364,56.998128],[29.581975,56.995177],[29.578005,56.991301],[29.585791,56.990143],[29.587093,56.988288],[29.593815,56.9891],[29.594636,56.987215],[29.592053,56.984228],[29.596167,56.980919],[29.595496,56.978846],[29.58384,56.971001],[29.577433,56.963666],[29.571986,56.962059],[29.572755,56.960697],[29.569039,56.954443],[29.571283,56.948032],[29.566732,56.941412],[29.558192,56.941075],[29.551447,56.932731],[29.55234,56.929572],[29.547517,56.923018],[29.541449,56.918296],[29.532909,56.922773],[29.52322,56.912291],[29.515266,56.909708],[29.503692,56.910567],[29.498692,56.907192],[29.499672,56.904136],[29.489065,56.904299],[29.48808,56.902029],[29.494479,56.898505],[29.491143,56.894682],[29.493333,56.892144],[29.502026,56.891844],[29.498526,56.887602],[29.500166,56.88509],[29.48983,56.884136],[29.484305,56.879574],[29.487543,56.875583],[29.47911,56.869926],[29.472586,56.859746],[29.47437,56.857943],[29.473652,56.856201],[29.468951,56.855851],[29.467639,56.860052],[29.47041,56.863965],[29.466484,56.865209],[29.462118,56.860422],[29.457661,56.862453],[29.457153,56.860519],[29.454845,56.860176],[29.453758,56.862327],[29.457582,56.86332],[29.460905,56.867387],[29.456566,56.871432],[29.44884,56.865306],[29.452727,56.863749],[29.451736,56.861286],[29.455059,56.858793],[29.449366,56.852237],[29.450628,56.851304],[29.447016,56.851264],[29.446809,56.848841],[29.450951,56.845298],[29.453331,56.849059],[29.459069,56.846415],[29.458917,56.843366],[29.465446,56.841955],[29.465345,56.83858],[29.448339,56.836144],[29.440341,56.8402],[29.432143,56.8342],[29.42738,56.832175],[29.422341,56.832815],[29.408329,56.825381],[29.400712,56.828046],[29.388327,56.823878],[29.383176,56.824836],[29.381681,56.828628],[29.357649,56.829521],[29.342566,56.822296],[29.354473,56.810715],[29.347622,56.807764],[29.344,56.804],[29.34725,56.801],[29.346,56.8],[29.3475,56.799],[29.355,56.80025],[29.35625,56.802],[29.3585,56.8015],[29.346747,56.796166],[29.351023,56.789363],[29.34471,56.786083],[29.339056,56.78594],[29.309325,56.771164],[29.307795,56.764176],[29.299508,56.75689],[29.292238,56.753316],[29.286208,56.746404],[29.289409,56.744496],[29.290297,56.739238],[29.293896,56.739103],[29.297632,56.733874],[29.292069,56.729804],[29.291739,56.722629],[29.280999,56.689949],[29.264987,56.678854],[29.253542,56.647038]]]}},{"type":"Feature","id":"155262-1809","properties":{"id":"155262-1809","name":"Плюсский муниципальный округ","name_ru":"Плюсский муниципальный округ","subject_id":"155262","subject_name":"Псковская область","source_gid":1809,"source_fid":1919,"names_rosstat":"Плюсский муниципальный округ","population":5942,"area_km2":2471.1512989878856,"density_km2":2.404547225592248,"source":"Актуализированный объединённый GeoJSON, предоставленный преподавателем","name_en":"Pliusskii Municipal Okrug","name_zh":"Pliusskii市政专区","subject_name_en":"Pskov Oblast","subject_name_zh":"普斯科夫州"},"geometry":{"type":"Polygon","coordinates":[[[29.328599,58.57609],[29.318351,58.576227],[29.318833,58.574026],[29.332176,58.571344],[29.329563,58.568799],[29.323235,58.570587],[29.317389,58.567698],[29.3275,58.560201],[29.355579,58.556075],[29.351658,58.572926],[29.354822,58.573408],[29.358124,58.565292],[29.361288,58.565017],[29.362113,58.563022],[29.359087,58.562541],[29.359706,58.560271],[29.362388,58.560752],[29.363214,58.558551],[29.367272,58.558483],[29.369748,58.554425],[29.376351,58.553187],[29.393838,58.554494],[29.401609,58.573271],[29.400509,58.574509],[29.423154,58.590329],[29.440865,58.579187],[29.4496,58.577949],[29.452971,58.573753],[29.466194,58.570659],[29.47195,58.56693],[29.481618,58.567168],[29.481687,58.564004],[29.47873,58.561528],[29.483304,58.554186],[29.490595,58.549234],[29.500224,58.548684],[29.510885,58.541393],[29.540409,58.542357],[29.543091,58.544007],[29.556847,58.540156],[29.560373,58.537199],[29.579563,58.533553],[29.583982,58.526349],[29.584123,58.523076],[29.573459,58.520021],[29.575798,58.517476],[29.551158,58.508758],[29.552878,58.501914],[29.539742,58.493041],[29.542631,58.48747],[29.551022,58.479784],[29.568424,58.475176],[29.582799,58.47552],[29.59542,58.468608],[29.589712,58.468195],[29.59714,58.458222],[29.605256,58.46063],[29.607939,58.459942],[29.612204,58.451964],[29.625908,58.452376],[29.639475,58.446943],[29.650274,58.448113],[29.652337,58.446668],[29.658407,58.448869],[29.670581,58.446187],[29.673745,58.442748],[29.681035,58.44715],[29.67849,58.451552],[29.690701,58.459715],[29.699227,58.460679],[29.708016,58.459262],[29.713254,58.444417],[29.725409,58.4407],[29.742771,58.440396],[29.752833,58.434778],[29.746552,58.434139],[29.742466,58.429957],[29.746796,58.427339],[29.747405,58.423667],[29.762042,58.424273],[29.759299,58.42114],[29.77769,58.417336],[29.786442,58.421188],[29.865539,58.427259],[29.860081,58.433578],[29.850792,58.433715],[29.851299,58.439422],[29.863558,58.438226],[29.866491,58.447318],[29.879426,58.451711],[29.883504,58.455986],[29.895707,58.44999],[29.891886,58.445328],[29.883747,58.440636],[29.896912,58.434742],[29.901098,58.438408],[29.905804,58.43853],[29.91488,58.445655],[29.922671,58.440711],[29.90752,58.437694],[29.906792,58.430935],[29.87938,58.423271],[29.885292,58.418042],[29.897108,58.414262],[29.889782,58.405879],[29.894187,58.398697],[29.913505,58.39051],[29.913242,58.387591],[29.900411,58.38625],[29.89256,58.374855],[29.904817,58.363749],[29.931148,58.36643],[29.933063,58.3626],[29.908648,58.348333],[29.916647,58.310505],[29.89449,58.310606],[29.899891,58.302653],[29.85708,58.30419],[29.862787,58.289446],[29.85484,58.284945],[29.852351,58.281498],[29.829946,58.280828],[29.837893,58.272785],[29.831191,58.271492],[29.820275,58.273311],[29.815871,58.272353],[29.816637,58.264406],[29.822191,58.264119],[29.822478,58.258278],[29.811563,58.260576],[29.796339,58.253203],[29.78188,58.256746],[29.760786,58.249674],[29.698763,58.257278],[29.683761,58.253639],[29.660896,58.256641],[29.633412,58.256234],[29.618726,58.251673],[29.611454,58.259627],[29.603302,58.262537],[29.60062,58.258237],[29.604146,58.255405],[29.600226,58.249752],[29.574548,58.249572],[29.578602,58.245843],[29.472198,58.264416],[29.465034,58.267667],[29.489262,58.279516],[29.489017,58.282805],[29.560486,58.318382],[29.558512,58.318652],[29.558898,58.320163],[29.555636,58.319915],[29.557396,58.321267],[29.555722,58.321515],[29.556237,58.322664],[29.552375,58.323363],[29.554778,58.324399],[29.551774,58.324399],[29.554049,58.326811],[29.551098,58.32905],[29.553577,58.330033],[29.5501,58.331182],[29.552117,58.332128],[29.547525,58.334539],[29.548985,58.335079],[29.544521,58.335688],[29.547139,58.337535],[29.543491,58.337445],[29.546024,58.340171],[29.539715,58.338278],[29.54023,58.340463],[29.535053,58.339982],[29.536426,58.341447],[29.531834,58.339599],[29.526084,58.340027],[29.518831,58.343474],[29.521105,58.344082],[29.519646,58.345591],[29.522994,58.346762],[29.520505,58.351266],[29.5172,58.349689],[29.513078,58.350793],[29.516125,58.348171],[29.514067,58.34728],[29.506297,58.350119],[29.50539,58.351174],[29.507319,58.352631],[29.502057,58.351348],[29.500849,58.354328],[29.497845,58.353315],[29.492996,58.359101],[29.482653,58.358201],[29.481924,58.359889],[29.473255,58.360272],[29.46583,58.364954],[29.455059,58.365539],[29.458277,58.366935],[29.451282,58.368803],[29.448578,58.372201],[29.442469,58.371372],[29.429846,58.364426],[29.429285,58.361887],[29.42343,58.359781],[29.421255,58.357206],[29.41289,58.357323],[29.415901,58.361737],[29.418736,58.362009],[29.418913,58.36838],[29.408987,58.370601],[29.386051,58.369408],[29.385447,58.372686],[29.382589,58.375217],[29.329588,58.372804],[29.290307,58.383643],[29.287049,58.382073],[29.267387,58.388074],[29.268097,58.389376],[29.26455,58.391467],[29.251378,58.390161],[29.251148,58.392073],[29.234448,58.393287],[29.232934,58.399161],[29.256482,58.397452],[29.281993,58.39876],[29.284251,58.397138],[29.289156,58.400655],[29.298745,58.403865],[29.294735,58.405843],[29.294943,58.411623],[29.286168,58.412918],[29.282578,58.408794],[29.279455,58.408812],[29.274183,58.404691],[29.269307,58.404514],[29.237693,58.408244],[29.241011,58.41616],[29.238344,58.41682],[29.2297,58.412974],[29.213168,58.414096],[29.203429,58.416636],[29.191427,58.417022],[29.183146,58.415415],[29.172337,58.416704],[29.163661,58.413237],[29.14743,58.412115],[29.140294,58.404428],[29.140887,58.393641],[29.13367,58.392428],[29.126616,58.398857],[29.106463,58.393723],[29.081751,58.393575],[29.071238,58.398729],[29.051458,58.40049],[29.043301,58.412919],[29.035355,58.410196],[29.020577,58.410519],[29.011079,58.408563],[28.999909,58.422028],[29.000274,58.428731],[28.995361,58.432],[28.987621,58.43325],[28.986832,58.431392],[28.977882,58.436546],[28.973024,58.43705],[28.97192,58.439362],[28.971408,58.437133],[28.962484,58.437269],[28.960604,58.439032],[28.964817,58.441794],[28.964029,58.446942],[28.9567,58.449659],[28.900585,58.461386],[28.897711,58.463412],[28.897667,58.466707],[28.894868,58.468192],[28.895266,58.47206],[28.893689,58.472142],[28.890221,58.466013],[28.876682,58.466295],[28.868808,58.461047],[28.858268,58.459926],[28.850711,58.454184],[28.836702,58.45504],[28.834069,58.457685],[28.830188,58.455148],[28.824645,58.456097],[28.818139,58.453085],[28.809898,58.453931],[28.807335,58.458059],[28.797675,58.462388],[28.798249,58.466169],[28.803471,58.469296],[28.80212,58.473057],[28.810752,58.475506],[28.812814,58.472687],[28.813011,58.476337],[28.81033,58.477285],[28.809778,58.481119],[28.807215,58.482707],[28.808226,58.486553],[28.805211,58.486981],[28.782768,58.480439],[28.780636,58.476944],[28.772161,58.478996],[28.779753,58.485852],[28.774899,58.487149],[28.77532,58.492506],[28.781879,58.497198],[28.778911,58.498711],[28.769454,58.49653],[28.762613,58.491326],[28.747718,58.492129],[28.748145,58.499213],[28.743866,58.499344],[28.734521,58.497304],[28.733023,58.499138],[28.726985,58.499583],[28.726266,58.497486],[28.733417,58.495285],[28.733693,58.493451],[28.730065,58.490477],[28.708655,58.492352],[28.698008,58.488313],[28.693079,58.4926],[28.687244,58.49194],[28.680935,58.495134],[28.669618,58.492991],[28.665558,58.49714],[28.665709,58.498699],[28.671397,58.500539],[28.670278,58.50269],[28.660537,58.504547],[28.659689,58.506372],[28.644154,58.507448],[28.641734,58.509757],[28.636254,58.510926],[28.637627,58.511465],[28.636597,58.513168],[28.639,58.514065],[28.637627,58.51532],[28.633507,58.515051],[28.622864,58.519802],[28.614031,58.520275],[28.614171,58.521789],[28.624961,58.528326],[28.615481,58.527845],[28.617349,58.533784],[28.610267,58.53505],[28.611132,58.540726],[28.620095,58.552143],[28.617371,58.552865],[28.610333,58.551252],[28.593902,58.554053],[28.573421,58.549396],[28.567444,58.551254],[28.569536,58.549427],[28.564425,58.547328],[28.562252,58.548819],[28.559065,58.54567],[28.550192,58.547901],[28.547682,58.545922],[28.549398,58.545295],[28.544903,58.543523],[28.546963,58.542806],[28.543015,58.541911],[28.544731,58.541731],[28.545602,58.539186],[28.542072,58.536986],[28.5405,58.539995],[28.534714,58.537857],[28.537139,58.540171],[28.511315,58.540127],[28.505906,58.539298],[28.504623,58.536795],[28.493012,58.537475],[28.492036,58.539178],[28.48197,58.541302],[28.480158,58.536471],[28.476338,58.536325],[28.47606,58.534637],[28.46917,58.534977],[28.462545,58.544728],[28.438327,58.559677],[28.442659,58.566409],[28.453462,58.572643],[28.461588,58.572975],[28.471621,58.580065],[28.475115,58.585958],[28.494926,58.593781],[28.516242,58.598617],[28.508943,58.605221],[28.497863,58.608747],[28.499247,58.645005],[28.505414,58.646782],[28.53494,58.644998],[28.537461,58.647443],[28.537118,58.649666],[28.546382,58.65078],[28.544587,58.652828],[28.547829,58.655118],[28.551882,58.653612],[28.561209,58.657008],[28.568882,58.655804],[28.566935,58.660538],[28.568502,58.664595],[28.578711,58.661313],[28.578908,58.673775],[28.586168,58.67373],[28.580129,58.675914],[28.574049,58.675332],[28.576269,58.687857],[28.568904,58.688201],[28.566588,58.690217],[28.56895,58.691211],[28.566934,58.693571],[28.559235,58.696354],[28.562904,58.699511],[28.559711,58.702302],[28.555371,58.702599],[28.556046,58.708607],[28.547966,58.715321],[28.538468,58.716952],[28.537101,58.719763],[28.532719,58.71966],[28.527845,58.722237],[28.526682,58.725938],[28.525005,58.72571],[28.526996,58.727776],[28.526689,58.731837],[28.518244,58.731382],[28.517741,58.733601],[28.520058,58.735635],[28.551218,58.741205],[28.540997,58.744864],[28.53193,58.744689],[28.517641,58.75294],[28.514896,58.762044],[28.504844,58.7738],[28.533681,58.774067],[28.535778,58.801342],[28.530303,58.801705],[28.532614,58.81079],[28.522718,58.816958],[28.521734,58.821365],[28.507251,58.826929],[28.509535,58.831869],[28.501062,58.837436],[28.500377,58.845022],[28.493147,58.840975],[28.480051,58.847536],[28.496028,58.853045],[28.491458,58.855139],[28.493339,58.862417],[28.501782,58.862306],[28.510767,58.867271],[28.515457,58.865252],[28.522867,58.867582],[28.529531,58.861668],[28.534484,58.860774],[28.536409,58.862838],[28.54198,58.864145],[28.538954,58.866346],[28.540948,58.867859],[28.552761,58.866277],[28.556063,58.867515],[28.55737,58.86614],[28.563628,58.868685],[28.568237,58.865865],[28.586945,58.866415],[28.588183,58.864145],[28.58667,58.862701],[28.589559,58.860363],[28.599876,58.864971],[28.596849,58.867241],[28.597881,58.868204],[28.621988,58.864559],[28.621851,58.862633],[28.633819,58.860363],[28.636364,58.855067],[28.640628,58.855343],[28.64479,58.852316],[28.656413,58.855618],[28.659233,58.865866],[28.667486,58.866417],[28.671338,58.863941],[28.668174,58.859401],[28.668175,58.856031],[28.661297,58.851904],[28.666662,58.852317],[28.742407,58.831993],[28.746946,58.828279],[28.765792,58.824841],[28.769438,58.826767],[28.765242,58.830274],[28.767855,58.831306],[28.797328,58.825942],[28.800148,58.827386],[28.843307,58.825255],[28.888187,58.816606],[28.909698,58.803005],[28.973492,58.805139],[28.98422,58.816625],[29.016856,58.820546],[29.016099,58.82825],[29.028479,58.832978],[29.033775,58.832772],[29.047225,58.780568],[29.049014,58.763992],[29.055894,58.739799],[29.068979,58.740435],[29.073657,58.736378],[29.054743,58.728949],[29.044219,58.729499],[29.034315,58.726885],[29.035966,58.725303],[29.058251,58.725372],[29.070906,58.732113],[29.085917,58.731649],[29.088806,58.728692],[29.092039,58.72821],[29.091764,58.725046],[29.096441,58.721332],[29.123764,58.717756],[29.125312,58.71387],[29.124005,58.712082],[29.126825,58.708918],[29.129921,58.706373],[29.137624,58.70658],[29.139275,58.705342],[29.133428,58.703072],[29.139825,58.700389],[29.152825,58.700734],[29.156607,58.705548],[29.174301,58.704654],[29.180972,58.709951],[29.198116,58.707612],[29.202724,58.70438],[29.201555,58.702179],[29.217254,58.699634],[29.224269,58.71057],[29.234827,58.701767],[29.249477,58.70555],[29.256768,58.700116],[29.268426,58.698483],[29.271384,58.701234],[29.278399,58.701028],[29.283283,58.696145],[29.268015,58.684813],[29.257286,58.669767],[29.265608,58.666053],[29.264921,58.662889],[29.269186,58.657318],[29.275307,58.657662],[29.28246,58.65381],[29.281979,58.651472],[29.291677,58.648687],[29.266711,58.639607],[29.267949,58.634518],[29.256394,58.634586],[29.248536,58.631439],[29.243653,58.632883],[29.230928,58.632608],[29.231135,58.626487],[29.243034,58.626487],[29.248193,58.621053],[29.24785,58.611665],[29.251839,58.610496],[29.255278,58.599904],[29.266145,58.60465],[29.264289,58.594676],[29.282309,58.602036],[29.288292,58.606713],[29.288567,58.611528],[29.302237,58.611391],[29.312761,58.606645],[29.316612,58.607058],[29.318813,58.609809],[29.312554,58.610565],[29.313104,58.613729],[29.330918,58.612836],[29.341855,58.609053],[29.343505,58.609466],[29.342955,58.611323],[29.340547,58.613111],[29.342817,58.613867],[29.347804,58.611873],[29.354613,58.616137],[29.356814,58.613455],[29.351243,58.609259],[29.352412,58.606921],[29.388333,58.598616],[29.390328,58.595865],[29.403053,58.591945],[29.400439,58.589675],[29.390672,58.590707],[29.391635,58.588712],[29.386477,58.585548],[29.379461,58.585066],[29.370932,58.589056],[29.367012,58.586992],[29.3677,58.583691],[29.383588,58.579839],[29.37341,58.568593],[29.37169,58.570382],[29.366669,58.5699],[29.369489,58.574233],[29.359653,58.578498],[29.362404,58.58063],[29.358277,58.581868],[29.344642,58.577603],[29.337695,58.579667],[29.331918,58.579047],[29.328599,58.57609]]]}},{"type":"Feature","id":"155262-1810","properties":{"id":"155262-1810","name":"Локнянский муниципальный округ","name_ru":"Локнянский муниципальный округ","subject_id":"155262","subject_name":"Псковская область","source_gid":1810,"source_fid":1920,"names_rosstat":"Локнянский муниципальный округ","population":7372,"area_km2":2311.7025944880615,"density_km2":3.1889915327246356,"source":"Актуализированный объединённый GeoJSON, предоставленный преподавателем","name_en":"Loknianskii Municipal Okrug","name_zh":"Loknianskii市政专区","subject_name_en":"Pskov Oblast","subject_name_zh":"普斯科夫州"},"geometry":{"type":"Polygon","coordinates":[[[29.65366,56.670772],[29.66461,56.661021],[29.667486,56.661085],[29.671453,56.66484],[29.680929,56.664505],[29.685918,56.661085],[29.684259,56.654345],[29.695722,56.652147],[29.707281,56.652395],[29.707761,56.648237],[29.714785,56.645488],[29.714314,56.638747],[29.71568,56.636946],[29.719404,56.637006],[29.714213,56.63178],[29.715259,56.630314],[29.714039,56.628447],[29.717735,56.628357],[29.723114,56.624052],[29.719575,56.620886],[29.723546,56.615375],[29.730015,56.611054],[29.730411,56.604519],[29.728418,56.602646],[29.728929,56.599754],[29.731718,56.597453],[29.753971,56.603596],[29.754555,56.605767],[29.758988,56.607353],[29.766996,56.61447],[29.774842,56.616391],[29.777164,56.614753],[29.789744,56.616857],[29.792545,56.619768],[29.799257,56.622018],[29.806904,56.620966],[29.807437,56.624366],[29.800369,56.627202],[29.801613,56.628645],[29.811438,56.628841],[29.81547,56.626816],[29.823356,56.631584],[29.834311,56.63068],[29.831807,56.628052],[29.834154,56.626848],[29.844467,56.626261],[29.849824,56.629293],[29.857293,56.627097],[29.859426,56.628804],[29.865507,56.627099],[29.862227,56.622642],[29.86851,56.62059],[29.868006,56.618313],[29.872158,56.614705],[29.87583,56.614839],[29.876319,56.61183],[29.881809,56.607072],[29.884476,56.607145],[29.886032,56.604637],[29.893856,56.600637],[29.902147,56.600441],[29.910704,56.603805],[29.91975,56.604931],[29.94689,56.602288],[29.956981,56.607622],[29.96925,56.605726],[29.972119,56.604358],[29.972103,56.60101],[30.00558,56.592228],[30.028715,56.591293],[30.037816,56.593076],[30.039246,56.591189],[30.037344,56.585815],[30.040311,56.582673],[30.052918,56.580736],[30.051474,56.577115],[30.055937,56.575583],[30.056896,56.576769],[30.068156,56.572404],[30.070323,56.569762],[30.075536,56.570763],[30.075269,56.568902],[30.073713,56.569306],[30.076425,56.568412],[30.076825,56.569857],[30.07947,56.570457],[30.07887,56.568534],[30.084049,56.569404],[30.088094,56.56682],[30.087149,56.566074],[30.089522,56.565817],[30.090858,56.569656],[30.094412,56.568935],[30.097495,56.569943],[30.09723,56.571393],[30.099695,56.570488],[30.09786,56.568441],[30.101226,56.56747],[30.100608,56.570065],[30.106798,56.571328],[30.101574,56.577472],[30.105465,56.578292],[30.105363,56.580441],[30.115381,56.585401],[30.123839,56.587371],[30.115309,56.594456],[30.113162,56.599969],[30.128718,56.597594],[30.136705,56.600045],[30.140039,56.596893],[30.142061,56.597081],[30.143549,56.597608],[30.141775,56.600507],[30.143578,56.602072],[30.135696,56.60866],[30.134956,56.611563],[30.154072,56.613046],[30.168751,56.617577],[30.179499,56.616474],[30.185275,56.612386],[30.189037,56.611747],[30.199477,56.614514],[30.196256,56.608459],[30.212588,56.612557],[30.230602,56.608457],[30.23077,56.606772],[30.244457,56.60097],[30.255676,56.59267],[30.265922,56.581582],[30.274846,56.589316],[30.300104,56.601288],[30.295009,56.602321],[30.304252,56.6083],[30.301658,56.610064],[30.309186,56.614857],[30.318392,56.609915],[30.323344,56.610865],[30.330542,56.608384],[30.337221,56.609434],[30.345121,56.605595],[30.344615,56.602],[30.355196,56.604873],[30.358626,56.60866],[30.372131,56.606671],[30.370751,56.603782],[30.373247,56.600494],[30.371139,56.598633],[30.366046,56.597079],[30.363722,56.597871],[30.363445,56.600187],[30.355636,56.598188],[30.355169,56.595516],[30.366172,56.593952],[30.373408,56.596004],[30.375677,56.598176],[30.374238,56.59973],[30.387302,56.610214],[30.395492,56.611885],[30.401176,56.610607],[30.400789,56.609178],[30.407392,56.605762],[30.411896,56.605812],[30.418351,56.596408],[30.425642,56.594764],[30.428496,56.595701],[30.43676,56.592717],[30.462806,56.597021],[30.501217,56.594875],[30.533292,56.607432],[30.531728,56.609726],[30.52171,56.680673],[30.528693,56.705477],[30.52798,56.713503],[30.533817,56.71724],[30.534325,56.722466],[30.542852,56.728094],[30.54642,56.735614],[30.566059,56.747761],[30.568141,56.757761],[30.592052,56.755578],[30.610544,56.761284],[30.61523,56.764612],[30.635749,56.764963],[30.636521,56.771088],[30.634826,56.774575],[30.642821,56.774864],[30.643214,56.777916],[30.646724,56.780092],[30.649635,56.786119],[30.651927,56.786368],[30.655111,56.790983],[30.660028,56.793646],[30.651448,56.802866],[30.654321,56.806361],[30.652304,56.808643],[30.653547,56.810798],[30.651225,56.812953],[30.648894,56.822671],[30.643419,56.827106],[30.642597,56.830601],[30.644398,56.832219],[30.642986,56.833874],[30.643054,56.840531],[30.639342,56.844734],[30.644349,56.846513],[30.644368,56.85303],[30.648572,56.862117],[30.647597,56.866066],[30.65955,56.870952],[30.659641,56.872449],[30.671877,56.873098],[30.67416,56.875194],[30.678817,56.875543],[30.682104,56.856177],[30.70258,56.857342],[30.703289,56.859422],[30.70888,56.859589],[30.713537,56.853248],[30.732378,56.851356],[30.737461,56.848954],[30.740784,56.851448],[30.748403,56.853072],[30.75189,56.856391],[30.759638,56.857944],[30.765578,56.853849],[30.764028,56.849683],[30.770615,56.846223],[30.777071,56.834921],[30.782753,56.832519],[30.781074,56.829198],[30.772939,56.830753],[30.771002,56.826867],[30.767386,56.826655],[30.768161,56.824323],[30.771777,56.824464],[30.771518,56.822556],[30.763254,56.820083],[30.7608,56.821991],[30.75628,56.820154],[30.742721,56.820931],[30.741042,56.818881],[30.725288,56.816478],[30.725804,56.80842],[30.729032,56.808137],[30.732056,56.804553],[30.724642,56.801562],[30.732132,56.797461],[30.740872,56.795195],[30.779409,56.804501],[30.792479,56.805473],[30.818044,56.823841],[30.829289,56.811155],[30.850817,56.809934],[30.858078,56.812376],[30.858914,56.808777],[30.867493,56.809484],[30.869999,56.806336],[30.876554,56.806464],[30.877389,56.809999],[30.869549,56.814368],[30.875011,56.819252],[30.871283,56.824201],[30.869613,56.824136],[30.870127,56.828185],[30.878159,56.837824],[30.884971,56.838853],[30.885677,56.847143],[30.889854,56.848492],[30.886512,56.859545],[30.881692,56.859609],[30.878929,56.854404],[30.874752,56.853954],[30.873338,56.857553],[30.874302,56.863722],[30.872566,56.871498],[30.876421,56.88088],[30.881691,56.883194],[30.879827,56.885764],[30.896921,56.888207],[30.900005,56.890327],[30.900712,56.887628],[30.903154,56.887114],[30.905661,56.879917],[30.89615,56.871177],[30.912827,56.867322],[30.916426,56.863916],[30.921245,56.865779],[30.927479,56.863016],[30.935447,56.865715],[30.941487,56.877347],[30.962436,56.889493],[30.949519,56.894762],[30.946756,56.893798],[30.941615,56.895983],[30.951639,56.902988],[30.953503,56.900289],[30.961857,56.90151],[30.963335,56.904787],[30.969536,56.906587],[30.975962,56.911792],[30.974098,56.923167],[30.968764,56.932806],[30.971013,56.937497],[30.967414,56.939233],[30.970884,56.944823],[30.967542,56.946301],[30.974996,56.952856],[30.978788,56.951764],[30.981679,56.953628],[30.985985,56.960182],[30.98502,56.964488],[30.978757,56.969897],[30.968394,56.96854],[30.963369,56.971561],[30.957574,56.968731],[30.935743,56.973039],[30.930764,56.971603],[30.927988,56.966433],[30.909603,56.96806],[30.906157,56.960783],[30.887869,56.951543],[30.880879,56.9525],[30.881646,56.948862],[30.88538,56.946181],[30.881646,56.943404],[30.871113,56.941201],[30.869964,56.943787],[30.861251,56.944265],[30.85857,56.935839],[30.850623,56.935552],[30.849091,56.932201],[30.837601,56.932488],[30.836739,56.935647],[30.844878,56.940914],[30.835525,56.944146],[30.837792,56.94752],[30.836068,56.951063],[30.842196,56.953936],[30.843536,56.957],[30.815769,56.960159],[30.811364,56.956137],[30.820174,56.954414],[30.82094,56.952499],[30.818067,56.95001],[30.804566,56.952307],[30.798726,56.950201],[30.798151,56.947807],[30.78714,56.947998],[30.786278,56.949818],[30.765501,56.9457],[30.76349,56.94637],[30.765501,56.950296],[30.748553,56.953839],[30.752382,56.960733],[30.734477,56.967722],[30.730168,56.971169],[30.72921,56.974329],[30.707092,56.976339],[30.688803,56.98285],[30.686505,56.984573],[30.688611,56.98802],[30.700292,56.996159],[30.675653,57.004156],[30.688417,57.041401],[30.687549,57.149025],[30.649248,57.167121],[30.630184,57.173902],[30.565499,57.169674],[30.509966,57.15642],[30.490079,57.127772],[30.483055,57.101839],[30.455152,57.02666],[30.446927,57.008542],[30.445274,56.997149],[30.463429,56.989572],[30.46803,56.977482],[30.462386,56.977829],[30.455316,56.974397],[30.445487,56.973236],[30.434292,56.967177],[30.427399,56.962089],[30.424885,56.957468],[30.422898,56.952436],[30.425773,56.948625],[30.385662,56.94947],[30.37349,56.945729],[30.365089,56.949002],[30.315354,56.949237],[30.3215,56.956557],[30.318617,56.959459],[30.308595,56.959782],[30.311076,56.964244],[30.31822,56.96629],[30.315876,56.967422],[30.307476,56.964992],[30.303361,56.966768],[30.30439,56.970973],[30.31039,56.971534],[30.311419,56.975552],[30.287741,56.983802],[30.280374,56.976545],[30.271475,56.977111],[30.268404,56.982672],[30.279532,56.989097],[30.275931,56.991338],[30.268559,56.990498],[30.26153,56.985548],[30.260502,56.980783],[30.257676,56.97864],[30.255312,56.98492],[30.247953,56.987875],[30.245309,56.979762],[30.23282,56.978672],[30.232945,56.982435],[30.226043,56.98863],[30.203659,56.990301],[30.196015,56.976278],[30.189828,56.974329],[30.19408,56.970623],[30.19024,56.965693],[30.200411,56.932597],[30.200614,56.91243],[30.176031,56.913325],[30.147026,56.922264],[30.124761,56.913654],[30.11339,56.903964],[30.115288,56.900957],[30.108691,56.902197],[30.109223,56.908595],[30.09124,56.903699],[30.082384,56.891127],[30.071456,56.888694],[30.061178,56.894289],[30.019685,56.876067],[30.027198,56.860393],[30.000865,56.848207],[29.996326,56.828016],[29.973322,56.820553],[29.962542,56.819741],[29.959928,56.811216],[29.951007,56.80933],[29.938757,56.802141],[29.925223,56.798534],[29.906818,56.790453],[29.885891,56.785747],[29.869527,56.772116],[29.855681,56.772089],[29.853859,56.781734],[29.850592,56.781148],[29.848961,56.784162],[29.832832,56.780922],[29.832831,56.778584],[29.823206,56.775056],[29.822355,56.770201],[29.817497,56.763916],[29.811146,56.762347],[29.800465,56.762588],[29.794877,56.765918],[29.795313,56.771785],[29.767685,56.766525],[29.749272,56.767467],[29.741191,56.763371],[29.717962,56.764948],[29.706857,56.759314],[29.703676,56.755644],[29.704148,56.749462],[29.697047,56.74457],[29.681441,56.743839],[29.678263,56.740168],[29.679044,56.73748],[29.675791,56.732742],[29.663996,56.730858],[29.66406,56.718037],[29.667525,56.712087],[29.668633,56.700311],[29.673102,56.694874],[29.672837,56.69114],[29.659898,56.68661],[29.659522,56.681276],[29.664028,56.676372],[29.66082,56.672168],[29.65366,56.670772]]]}},{"type":"Feature","id":"155262-1822","properties":{"id":"155262-1822","name":"Псковский район","name_ru":"Псковский район","subject_id":"155262","subject_name":"Псковская область","source_gid":1822,"source_fid":1932,"names_rosstat":"Псковский муниципальный район","population":45569,"area_km2":4074.9892441408647,"density_km2":11.182606203321985,"source":"Актуализированный объединённый GeoJSON, предоставленный преподавателем","name_en":"Pskovskii District","name_zh":"Pskovskii区","subject_name_en":"Pskov Oblast","subject_name_zh":"普斯科夫州"},"geometry":{"type":"Polygon","coordinates":[[[27.603042,58.198033],[27.693582,58.188459],[27.697532,58.183741],[27.708763,58.17941],[27.711315,58.1858],[27.716174,58.1862],[27.720285,58.189592],[27.729195,58.190396],[27.741597,58.20356],[27.765335,58.216656],[27.794736,58.228859],[27.807432,58.217678],[27.873584,58.209557],[27.87766,58.21081],[27.882682,58.217607],[27.891581,58.217545],[27.889261,58.221831],[27.899078,58.226033],[27.907914,58.223408],[27.923421,58.228421],[27.933964,58.229198],[27.941315,58.231706],[27.937503,58.23664],[27.946648,58.2496],[27.966112,58.267367],[27.973861,58.267328],[28.008369,58.255532],[28.016492,58.256322],[28.031231,58.261754],[28.045836,58.26249],[28.05668,58.260161],[28.06525,58.261475],[28.06696,58.26445],[28.080808,58.266896],[28.090647,58.270655],[28.105177,58.268822],[28.113319,58.270032],[28.118909,58.267422],[28.140658,58.263387],[28.165814,58.266281],[28.165483,58.270902],[28.16947,58.272118],[28.173839,58.276539],[28.182087,58.279378],[28.19784,58.269609],[28.214661,58.273855],[28.227333,58.273855],[28.245275,58.277099],[28.33353,58.276863],[28.345417,58.278042],[28.384218,58.30103],[28.398123,58.300795],[28.403282,58.295491],[28.418309,58.293134],[28.421673,58.295962],[28.428401,58.295727],[28.438423,58.290789],[28.450394,58.258773],[28.4632,58.24213],[28.46271,58.235023],[28.476149,58.217565],[28.472278,58.212231],[28.456503,58.200646],[28.466108,58.199612],[28.482274,58.20135],[28.503652,58.196434],[28.523748,58.198389],[28.535809,58.192178],[28.545809,58.19378],[28.567311,58.176706],[28.586983,58.176666],[28.591003,58.17087],[28.590792,58.16781],[28.584832,58.164277],[28.590897,58.161857],[28.589684,58.16066],[28.591583,58.157878],[28.58894,58.15511],[28.591593,58.153591],[28.587835,58.151591],[28.589244,58.151252],[28.579994,58.142318],[28.580618,58.141141],[28.57044,58.142467],[28.565939,58.140656],[28.568805,58.137651],[28.567218,58.135593],[28.569706,58.13576],[28.568499,58.13147],[28.57026,58.129321],[28.57785,58.129094],[28.580384,58.126969],[28.577933,58.124677],[28.579307,58.123686],[28.574409,58.121934],[28.573502,58.120935],[28.574831,58.120472],[28.571718,58.117976],[28.573529,58.114899],[28.570479,58.113981],[28.572444,58.112127],[28.568956,58.111791],[28.56701,58.107417],[28.559947,58.106975],[28.563532,58.102588],[28.554787,58.099405],[28.559448,58.09667],[28.552581,58.095843],[28.555088,58.094201],[28.552651,58.091254],[28.558805,58.08845],[28.555377,58.087916],[28.555944,58.08652],[28.55147,58.084217],[28.555688,58.084292],[28.555561,58.081689],[28.562265,58.082915],[28.576142,58.073007],[28.588335,58.072668],[28.59039,58.070455],[28.590937,58.065488],[28.585899,58.06123],[28.591984,58.057718],[28.581441,58.048463],[28.590381,58.042976],[28.576531,58.038407],[28.563446,58.036826],[28.555296,58.029406],[28.56035,58.029833],[28.568041,58.022012],[28.573223,58.020494],[28.587107,58.021218],[28.609651,58.013042],[28.61996,58.013087],[28.607874,57.999102],[28.621348,57.996264],[28.623918,57.993105],[28.627793,57.991684],[28.627756,57.989314],[28.615368,57.982372],[28.617306,57.981658],[28.613128,57.979047],[28.612929,57.976031],[28.610997,57.976648],[28.610559,57.971692],[28.615117,57.970232],[28.610935,57.966937],[28.613681,57.965062],[28.611851,57.964747],[28.613216,57.962529],[28.617458,57.963059],[28.634365,57.951234],[28.675067,57.952624],[28.69115,57.948176],[28.700317,57.952047],[28.74725,57.952845],[28.758548,57.957119],[28.773393,57.959075],[28.784928,57.962959],[28.780335,57.955534],[28.785142,57.952785],[28.791681,57.954953],[28.797839,57.951919],[28.811715,57.951772],[28.82089,57.93772],[28.825483,57.940949],[28.842762,57.941748],[28.846275,57.936023],[28.844367,57.929804],[28.85109,57.931468],[28.85264,57.929309],[28.862454,57.931404],[28.863133,57.93257],[28.861411,57.933792],[28.865921,57.936962],[28.900032,57.933593],[28.902619,57.935162],[28.904359,57.933656],[28.908082,57.936557],[28.917366,57.939376],[28.918736,57.937712],[28.921669,57.938851],[28.921431,57.937239],[28.923389,57.936726],[28.942425,57.939788],[28.949364,57.938154],[28.96352,57.939249],[28.970942,57.944665],[28.976266,57.945075],[28.981418,57.945136],[28.985705,57.94289],[28.986849,57.940999],[28.983776,57.940592],[28.983461,57.938688],[28.984172,57.935895],[28.987413,57.933922],[28.995855,57.933928],[29.004396,57.93746],[29.019689,57.939607],[29.015974,57.943335],[29.024248,57.948332],[29.024491,57.951022],[29.043139,57.960586],[29.048238,57.964935],[29.055808,57.967189],[29.069812,57.967064],[29.072908,57.964344],[29.075588,57.965852],[29.072923,57.967961],[29.079431,57.971968],[29.080023,57.974995],[29.100342,57.980728],[29.106805,57.97648],[29.104567,57.975405],[29.108444,57.973704],[29.116879,57.973434],[29.116626,57.976908],[29.119322,57.978654],[29.130184,57.978473],[29.129282,57.981502],[29.113525,57.980909],[29.112511,57.983435],[29.101409,57.986653],[29.131839,58.000627],[29.124502,58.003414],[29.119224,58.003462],[29.118211,58.006786],[29.131408,58.007648],[29.131698,58.004793],[29.139758,57.995042],[29.140887,57.984223],[29.16677,57.982802],[29.17326,57.987256],[29.173079,57.991856],[29.175646,57.993283],[29.179298,57.993187],[29.18031,57.992076],[29.17852,57.991424],[29.178957,57.98969],[29.181362,57.990064],[29.18972,57.985015],[29.181356,57.982225],[29.176616,57.976122],[29.174061,57.963064],[29.170382,57.96002],[29.171421,57.957076],[29.167658,57.956856],[29.172589,57.955565],[29.176161,57.952454],[29.17156,57.94166],[29.161905,57.936751],[29.158901,57.930074],[29.168569,57.927293],[29.184343,57.927004],[29.186143,57.922508],[29.196174,57.916171],[29.205421,57.921588],[29.218612,57.918844],[29.209991,57.912079],[29.22232,57.90687],[29.230903,57.909308],[29.250434,57.901337],[29.247224,57.89728],[29.241284,57.897848],[29.208377,57.890942],[29.193505,57.894094],[29.19071,57.897333],[29.18487,57.896299],[29.180388,57.898352],[29.168007,57.892359],[29.154136,57.88983],[29.154952,57.885275],[29.167035,57.88554],[29.165831,57.872333],[29.164271,57.871507],[29.162081,57.860623],[29.142577,57.855623],[29.141489,57.853887],[29.145569,57.851426],[29.131054,57.845898],[29.133738,57.844334],[29.121635,57.839774],[29.122986,57.835922],[29.121771,57.832969],[29.115108,57.831304],[29.118236,57.829639],[29.118375,57.827689],[29.136315,57.829981],[29.13706,57.824758],[29.162459,57.812828],[29.167939,57.806187],[29.169187,57.796911],[29.156463,57.796709],[29.143186,57.792846],[29.124389,57.780812],[29.112861,57.776562],[29.105642,57.768168],[29.102958,57.749398],[29.088391,57.744133],[29.091726,57.743629],[29.096588,57.728086],[29.091367,57.729502],[29.089296,57.72806],[29.086775,57.728973],[29.087675,57.730656],[29.08488,57.730996],[29.070019,57.728975],[29.062314,57.731083],[29.063453,57.733748],[29.066827,57.734734],[29.060706,57.738062],[29.052502,57.739968],[29.041983,57.738438],[29.037432,57.741277],[29.007954,57.733683],[28.996655,57.734074],[28.997872,57.730145],[28.993924,57.726065],[28.990104,57.724909],[28.987939,57.726609],[28.991887,57.728717],[28.980171,57.729873],[28.975969,57.728445],[28.968724,57.723881],[28.974314,57.721509],[28.975587,57.718313],[28.974114,57.716964],[28.976478,57.715184],[28.99176,57.715252],[28.991887,57.712259],[28.987586,57.709845],[28.987812,57.703211],[28.999254,57.705567],[29.010224,57.70219],[29.019138,57.694229],[29.017865,57.687559],[29.01379,57.680206],[29.006276,57.68327],[28.994048,57.678789],[28.993193,57.666353],[28.986656,57.665771],[28.981502,57.662374],[28.973432,57.664304],[28.966626,57.65748],[28.960566,57.655152],[28.932442,57.649974],[28.937055,57.64705],[28.926768,57.635857],[28.935793,57.629624],[28.922767,57.622249],[28.910292,57.620156],[28.885537,57.608425],[28.88254,57.610109],[28.881514,57.608907],[28.873722,57.610026],[28.84492,57.601983],[28.845281,57.600427],[28.837573,57.598414],[28.829773,57.598939],[28.820403,57.591925],[28.814826,57.592092],[28.81436,57.583993],[28.810077,57.583671],[28.81182,57.593948],[28.801565,57.596976],[28.786774,57.594792],[28.75757,57.585775],[28.753133,57.582282],[28.749378,57.571956],[28.749257,57.566304],[28.746334,57.560719],[28.738261,57.557803],[28.734559,57.547985],[28.74202,57.544079],[28.745308,57.540282],[28.751864,57.538833],[28.750787,57.536576],[28.716787,57.525355],[28.692326,57.528549],[28.66534,57.535808],[28.653441,57.530291],[28.653531,57.513629],[28.647701,57.512177],[28.64698,57.504735],[28.643344,57.501232],[28.634178,57.496904],[28.616749,57.502152],[28.580736,57.496661],[28.585155,57.487365],[28.582605,57.484076],[28.576996,57.482728],[28.572746,57.47905],[28.566796,57.478799],[28.565862,57.475668],[28.561229,57.472561],[28.558807,57.464608],[28.544783,57.458848],[28.538111,57.45375],[28.530716,57.452469],[28.530164,57.45551],[28.509255,57.466299],[28.472239,57.472332],[28.470965,57.47544],[28.492058,57.482728],[28.494823,57.485054],[28.49347,57.491385],[28.498609,57.492322],[28.500322,57.494777],[28.497798,57.496311],[28.497858,57.498507],[28.485206,57.503899],[28.484747,57.50884],[28.478541,57.514077],[28.461181,57.509653],[28.457665,57.507175],[28.433008,57.509919],[28.426247,57.513559],[28.420703,57.514067],[28.419816,57.517699],[28.414422,57.518933],[28.414302,57.520958],[28.405663,57.524968],[28.405137,57.528719],[28.395551,57.527284],[28.389886,57.528566],[28.387678,57.530066],[28.391659,57.531599],[28.390367,57.538221],[28.359687,57.54282],[28.35383,57.548669],[28.347001,57.550697],[28.350293,57.553903],[28.348952,57.556062],[28.351757,57.55737],[28.35969,57.558264],[28.364811,57.55689],[28.368104,57.558395],[28.371762,57.557217],[28.384688,57.559638],[28.385664,57.560815],[28.382493,57.563497],[28.382737,57.565328],[28.387249,57.566505],[28.406882,57.565982],[28.407492,57.568794],[28.405322,57.57271],[28.408857,57.573774],[28.410495,57.579321],[28.415928,57.580431],[28.419118,57.586671],[28.415511,57.589917],[28.415389,57.59325],[28.409658,57.597563],[28.40735,57.601543],[28.415887,57.602698],[28.419681,57.605701],[28.403236,57.616399],[28.376415,57.620846],[28.37752,57.622874],[28.37069,57.623916],[28.367432,57.628201],[28.357654,57.627746],[28.353584,57.621532],[28.346315,57.620112],[28.315659,57.620887],[28.316685,57.615376],[28.30854,57.615406],[28.305126,57.619478],[28.287542,57.619232],[28.290665,57.630474],[28.288014,57.631937],[28.284393,57.631337],[28.282355,57.635008],[28.289072,57.636121],[28.277852,57.642715],[28.282243,57.64696],[28.285643,57.647437],[28.273961,57.650393],[28.271546,57.654407],[28.272825,57.660551],[28.25808,57.659675],[28.238592,57.668069],[28.225583,57.679583],[28.216529,57.680228],[28.210493,57.682764],[28.206095,57.682164],[28.199639,57.672718],[28.201622,57.670781],[28.207572,57.670596],[28.207486,57.663587],[28.193484,57.662518],[28.184705,57.649552],[28.188578,57.648059],[28.187378,57.643287],[28.181428,57.643573],[28.180737,57.63626],[28.183661,57.636054],[28.18197,57.627122],[28.17896,57.625173],[28.177611,57.625522],[28.177493,57.631754],[28.173368,57.635381],[28.172791,57.652666],[28.168239,57.662082],[28.171463,57.668676],[28.156753,57.670047],[28.154537,57.671892],[28.154915,57.678733],[28.138256,57.678098],[28.135425,57.68232],[28.130286,57.682144],[28.123501,57.681439],[28.120997,57.679467],[28.113355,57.679502],[28.102551,57.674606],[28.097676,57.676649],[28.101827,57.679537],[28.097149,57.683658],[28.082195,57.683693],[28.080811,57.689468],[28.077978,57.68975],[28.07587,57.693271],[28.069216,57.69306],[28.062629,57.689187],[28.05446,57.688623],[28.051956,57.686088],[28.045895,57.685524],[28.043985,57.681369],[28.031139,57.678304],[28.019807,57.678586],[28.01849,57.680453],[28.012034,57.679819],[27.981137,57.672316],[27.97613,57.668757],[27.972572,57.668546],[27.969081,57.665023],[27.965457,57.664917],[27.965457,57.662908],[27.960253,57.662803],[27.962653,57.670123],[27.934584,57.672227],[27.954932,57.68725],[28.04368,57.777829],[28.037962,57.853825],[28.042298,57.862262],[28.020152,57.9019],[27.979219,57.954081],[27.919318,58.016533],[27.856703,58.06319],[27.789591,58.106462],[27.702262,58.105846],[27.635985,58.099936],[27.601806,58.117414],[27.513626,58.20275],[27.603042,58.198033]],[[28.281797,57.856448],[28.283057,57.858271],[28.287123,57.855261],[28.284841,57.854286],[28.296513,57.845901],[28.296652,57.842435],[28.278197,57.836444],[28.270792,57.839098],[28.268534,57.837548],[28.264775,57.840124],[28.255501,57.839401],[28.256663,57.835542],[28.25966,57.833922],[28.27466,57.836106],[28.272636,57.833287],[28.26951,57.833282],[28.27076,57.831497],[28.287067,57.824098],[28.281796,57.822849],[28.271415,57.826275],[28.276021,57.820355],[28.269579,57.819488],[28.269648,57.817827],[28.266939,57.81707],[28.270984,57.811715],[28.265693,57.812063],[28.268194,57.807514],[28.257353,57.804636],[28.277237,57.796118],[28.28274,57.796313],[28.286515,57.794356],[28.28371,57.792713],[28.282359,57.786806],[28.311139,57.786086],[28.310758,57.789686],[28.323573,57.791864],[28.324601,57.780637],[28.322277,57.780115],[28.323452,57.776694],[28.321687,57.772045],[28.327665,57.767683],[28.33418,57.769918],[28.331233,57.778417],[28.339129,57.773633],[28.342932,57.773528],[28.352705,57.774433],[28.351916,57.777881],[28.353519,57.778224],[28.354761,57.776503],[28.354297,57.767789],[28.350655,57.762681],[28.351368,57.759485],[28.348582,57.751105],[28.356075,57.750968],[28.35716,57.748187],[28.3667,57.74921],[28.368961,57.756519],[28.37657,57.751488],[28.392643,57.75075],[28.398179,57.747819],[28.410785,57.747316],[28.417148,57.744223],[28.415189,57.746104],[28.418273,57.746169],[28.424429,57.752874],[28.421224,57.755034],[28.424176,57.760388],[28.427633,57.760972],[28.420296,57.768304],[28.433789,57.776489],[28.444248,57.78024],[28.444006,57.784542],[28.452172,57.78647],[28.448378,57.793572],[28.439642,57.798664],[28.443867,57.802465],[28.450402,57.803548],[28.455227,57.806747],[28.460873,57.806617],[28.458275,57.830025],[28.46357,57.835929],[28.437512,57.834723],[28.441328,57.838564],[28.435763,57.840092],[28.419936,57.831501],[28.413286,57.83469],[28.419293,57.838286],[28.416915,57.840521],[28.42219,57.843531],[28.420709,57.846877],[28.418389,57.845126],[28.387946,57.848739],[28.385695,57.85272],[28.375789,57.857677],[28.352135,57.855134],[28.353728,57.852222],[28.348533,57.849513],[28.343131,57.849991],[28.347805,57.849071],[28.323665,57.842808],[28.314211,57.846638],[28.314211,57.849366],[28.307146,57.848039],[28.307778,57.852942],[28.301673,57.865802],[28.288963,57.864365],[28.281898,57.859132],[28.278538,57.861417],[28.280859,57.863812],[28.278024,57.867284],[28.260434,57.878937],[28.254526,57.876405],[28.281797,57.856448]]]}},{"type":"Feature","id":"155262-1823","properties":{"id":"155262-1823","name":"Островский район","name_ru":"Островский район","subject_id":"155262","subject_name":"Псковская область","source_gid":1823,"source_fid":1933,"names_rosstat":"Островский муниципальный район","population":26410,"area_km2":2436.2011112688137,"density_km2":10.840648531781202,"source":"Актуализированный объединённый GeoJSON, предоставленный преподавателем","name_en":"Ostrovskii District","name_zh":"Ostrovskii区","subject_name_en":"Pskov Oblast","subject_name_zh":"普斯科夫州"},"geometry":{"type":"Polygon","coordinates":[[[28.013453,57.203623],[28.01556,57.20103],[28.014415,57.200157],[28.023684,57.196479],[28.026527,57.198175],[28.038904,57.194391],[28.035899,57.191608],[28.09244,57.169246],[28.090328,57.167771],[28.090792,57.162904],[28.089466,57.161501],[28.081426,57.155847],[28.073632,57.154067],[28.074586,57.148779],[28.072573,57.145879],[28.074758,57.144054],[28.069027,57.143359],[28.067636,57.141272],[28.074298,57.138942],[28.074952,57.135387],[28.071233,57.130928],[28.077037,57.124961],[28.077981,57.121313],[28.07621,57.119417],[28.087047,57.114713],[28.096532,57.103477],[28.109866,57.1041],[28.11436,57.105935],[28.12253,57.105064],[28.126482,57.106373],[28.129117,57.104965],[28.128437,57.099356],[28.125293,57.098687],[28.124952,57.096563],[28.118535,57.094532],[28.112505,57.095159],[28.107697,57.092531],[28.12545,57.075226],[28.127485,57.072493],[28.12647,57.070565],[28.133421,57.074376],[28.138407,57.072441],[28.143975,57.077166],[28.145397,57.074923],[28.157552,57.074499],[28.15888,57.072898],[28.156425,57.071954],[28.161592,57.070258],[28.158939,57.06973],[28.163343,57.069409],[28.173049,57.073262],[28.167938,57.07433],[28.168035,57.075583],[28.171978,57.075489],[28.169953,57.07677],[28.178238,57.076658],[28.171822,57.079108],[28.179654,57.078177],[28.176868,57.079928],[28.180284,57.080945],[28.185278,57.079645],[28.183232,57.083301],[28.188533,57.084343],[28.194404,57.083103],[28.204772,57.085617],[28.205823,57.090516],[28.20991,57.089602],[28.215409,57.091185],[28.238127,57.082368],[28.249937,57.081927],[28.249246,57.076488],[28.252702,57.075231],[28.261266,57.072862],[28.266795,57.074872],[28.280168,57.071115],[28.289003,57.065086],[28.293149,57.060038],[28.300452,57.057881],[28.311866,57.055719],[28.337726,57.057302],[28.34818,57.051732],[28.357742,57.057349],[28.364138,57.05751],[28.369705,57.062756],[28.380032,57.059579],[28.382539,57.056517],[28.378736,57.054148],[28.386683,57.052403],[28.387363,57.05001],[28.400601,57.045538],[28.411592,57.044902],[28.422794,57.053403],[28.427681,57.053542],[28.432547,57.049567],[28.437881,57.050688],[28.450269,57.046111],[28.467013,57.053854],[28.470328,57.057725],[28.472219,57.060937],[28.469457,57.070018],[28.483629,57.076128],[28.507534,57.079512],[28.5032,57.087756],[28.49827,57.08861],[28.495295,57.091347],[28.497059,57.095514],[28.507343,57.094452],[28.51784,57.09601],[28.524725,57.092651],[28.527636,57.09324],[28.531503,57.087767],[28.533883,57.086982],[28.553049,57.086578],[28.553007,57.088749],[28.556152,57.089742],[28.553155,57.093678],[28.562356,57.095791],[28.56718,57.099554],[28.577358,57.099427],[28.57578,57.103934],[28.56626,57.106118],[28.568648,57.109084],[28.562699,57.113953],[28.558006,57.115489],[28.577658,57.119767],[28.59113,57.125696],[28.594274,57.125558],[28.599799,57.132247],[28.600054,57.135499],[28.607916,57.133815],[28.626147,57.125396],[28.637537,57.128441],[28.638897,57.129207],[28.636145,57.131069],[28.638355,57.133399],[28.642683,57.133845],[28.643969,57.137213],[28.64314,57.143577],[28.647602,57.14488],[28.644925,57.148557],[28.647368,57.148983],[28.64739,57.150528],[28.656506,57.149986],[28.654742,57.153236],[28.663815,57.153582],[28.666599,57.156256],[28.676904,57.152937],[28.688336,57.157212],[28.710987,57.156233],[28.720932,57.152372],[28.73467,57.149975],[28.739341,57.153704],[28.739985,57.157684],[28.735342,57.165351],[28.749839,57.16998],[28.75083,57.172424],[28.757712,57.175144],[28.760747,57.172131],[28.764954,57.172407],[28.764984,57.170322],[28.758253,57.16299],[28.761228,57.161018],[28.782563,57.158704],[28.79834,57.166607],[28.799662,57.166102],[28.79861,57.164718],[28.806994,57.160416],[28.818984,57.160367],[28.822891,57.162338],[28.843896,57.162273],[28.844377,57.164212],[28.850327,57.166396],[28.857869,57.160383],[28.860394,57.156129],[28.864601,57.154907],[28.86445,57.160725],[28.866644,57.159813],[28.877733,57.16475],[28.874903,57.169857],[28.877887,57.17045],[28.875302,57.170997],[28.876191,57.172616],[28.878324,57.17251],[28.88396,57.178256],[28.88256,57.180842],[28.911606,57.180698],[28.916642,57.18272],[28.927774,57.181437],[28.933913,57.182769],[28.937443,57.185639],[28.947441,57.186588],[28.945521,57.188456],[28.945081,57.193571],[28.950935,57.194657],[28.953395,57.198715],[28.961011,57.203025],[28.974647,57.224124],[28.985068,57.224431],[28.995267,57.230941],[29.012997,57.228439],[29.018734,57.233171],[29.026554,57.230779],[29.032004,57.233643],[29.027553,57.235034],[29.02751,57.236731],[29.030283,57.237386],[29.03636,57.237081],[29.040854,57.234689],[29.042086,57.230962],[29.056479,57.229504],[29.067718,57.234733],[29.067177,57.236466],[29.081255,57.234033],[29.089219,57.235513],[29.095469,57.242652],[29.108541,57.248391],[29.118007,57.249903],[29.122935,57.248212],[29.130926,57.249841],[29.135584,57.256262],[29.134366,57.260464],[29.140211,57.263039],[29.136575,57.265127],[29.140527,57.266492],[29.142901,57.269767],[29.143637,57.27196],[29.140858,57.274056],[29.142799,57.27803],[29.131021,57.280171],[29.12619,57.282667],[29.132763,57.286373],[29.13316,57.290568],[29.142207,57.290353],[29.144792,57.294867],[29.142628,57.300939],[29.150095,57.303577],[29.149615,57.306855],[29.14697,57.307959],[29.149653,57.309777],[29.153521,57.309883],[29.156496,57.307505],[29.164859,57.309485],[29.173366,57.306155],[29.178349,57.31243],[29.1881,57.311529],[29.197175,57.308064],[29.200045,57.315878],[29.212501,57.314645],[29.213643,57.31561],[29.212315,57.318371],[29.22058,57.318486],[29.224763,57.323824],[29.231074,57.325407],[29.2322,57.32839],[29.229843,57.329646],[29.231585,57.3329],[29.230564,57.33479],[29.22344,57.341175],[29.216882,57.340162],[29.20665,57.345429],[29.208319,57.347642],[29.197426,57.352044],[29.200255,57.357597],[29.195732,57.35983],[29.19595,57.361739],[29.187319,57.363976],[29.18573,57.366757],[29.178872,57.370089],[29.183016,57.372852],[29.180976,57.373013],[29.18189,57.374995],[29.179352,57.37513],[29.178469,57.37614],[29.180041,57.376839],[29.178107,57.378454],[29.170128,57.379217],[29.168051,57.382818],[29.152974,57.385084],[29.150601,57.382622],[29.142208,57.38439],[29.136806,57.382556],[29.126317,57.387961],[29.111767,57.377365],[29.10232,57.377601],[29.10077,57.380512],[29.096871,57.38239],[29.096829,57.385172],[29.083126,57.390146],[29.080096,57.39333],[29.063148,57.393875],[29.069625,57.397353],[29.061494,57.401488],[29.049751,57.413084],[29.051275,57.41681],[29.050802,57.422912],[29.035114,57.423485],[29.028645,57.428266],[29.024369,57.42908],[29.007776,57.425745],[28.99832,57.42699],[28.981357,57.424778],[28.976216,57.426174],[28.97323,57.422769],[28.967608,57.42614],[28.97068,57.427073],[28.970405,57.428705],[28.958565,57.432685],[28.953276,57.437003],[28.947717,57.434998],[28.917816,57.432366],[28.913919,57.441655],[28.904126,57.447859],[28.875924,57.448459],[28.88175,57.457296],[28.889482,57.458984],[28.892411,57.462297],[28.884291,57.466797],[28.876359,57.466321],[28.873064,57.467726],[28.876045,57.474156],[28.874312,57.474863],[28.869106,57.472463],[28.864126,57.472711],[28.855782,57.476124],[28.831864,57.470369],[28.828763,57.467716],[28.821108,57.469841],[28.8146,57.468977],[28.811772,57.465497],[28.809836,57.467781],[28.805797,57.464278],[28.803131,57.465169],[28.801364,57.463166],[28.791701,57.464854],[28.789747,57.470714],[28.787365,57.4721],[28.78759,57.475025],[28.776708,57.474882],[28.77335,57.48266],[28.765441,57.481519],[28.762968,57.478949],[28.760678,57.479514],[28.754275,57.474887],[28.755346,57.473112],[28.75423,57.471295],[28.742727,57.475901],[28.723703,57.473855],[28.714792,57.470874],[28.703447,57.477075],[28.695846,57.478302],[28.687985,57.475671],[28.687475,57.481071],[28.698136,57.481954],[28.714345,57.490416],[28.721139,57.497858],[28.721489,57.502427],[28.718772,57.504052],[28.721442,57.527586],[28.716787,57.525355],[28.692326,57.528549],[28.66534,57.535808],[28.653441,57.530291],[28.653531,57.513629],[28.647701,57.512177],[28.64698,57.504735],[28.643344,57.501232],[28.634178,57.496904],[28.616749,57.502152],[28.580736,57.496661],[28.585155,57.487365],[28.582605,57.484076],[28.576996,57.482728],[28.572746,57.47905],[28.566796,57.478799],[28.565862,57.475668],[28.561229,57.472561],[28.558807,57.464608],[28.544783,57.458848],[28.538111,57.45375],[28.532288,57.452286],[28.530716,57.452469],[28.530164,57.45551],[28.509255,57.466299],[28.472239,57.472332],[28.470965,57.47544],[28.492058,57.482728],[28.494823,57.485054],[28.49347,57.491385],[28.498609,57.492322],[28.500322,57.494777],[28.497798,57.496311],[28.497858,57.498507],[28.485206,57.503899],[28.484747,57.50884],[28.478541,57.514077],[28.461181,57.509653],[28.457665,57.507175],[28.433008,57.509919],[28.426247,57.513559],[28.420703,57.514067],[28.419816,57.517699],[28.414422,57.518933],[28.414302,57.520958],[28.405663,57.524968],[28.405137,57.528719],[28.395551,57.527284],[28.389886,57.528566],[28.387678,57.530066],[28.391659,57.531599],[28.390367,57.538221],[28.359687,57.54282],[28.35383,57.548669],[28.347854,57.542648],[28.329929,57.537543],[28.332181,57.526988],[28.324499,57.525607],[28.32584,57.520368],[28.30072,57.514998],[28.294622,57.517618],[28.28255,57.511789],[28.281424,57.509546],[28.257379,57.510474],[28.256215,57.506708],[28.252461,57.504768],[28.248513,57.492079],[28.259804,57.490457],[28.265921,57.49158],[28.272415,57.488413],[28.270095,57.481177],[28.261995,57.477812],[28.266448,57.474942],[28.266692,57.471495],[28.27123,57.464086],[28.256218,57.458473],[28.269602,57.45283],[28.29073,57.45525],[28.293068,57.452925],[28.288489,57.451694],[28.295826,57.443043],[28.29944,57.4429],[28.299321,57.438312],[28.281559,57.438528],[28.25522,57.442493],[28.250932,57.438511],[28.25192,57.423292],[28.245973,57.423826],[28.240661,57.419087],[28.243925,57.411935],[28.231143,57.409486],[28.223482,57.409915],[28.222788,57.406819],[28.219389,57.406982],[28.213706,57.410654],[28.210948,57.417272],[28.195588,57.41877],[28.191811,57.422733],[28.177152,57.409987],[28.162916,57.407914],[28.158061,57.399348],[28.151784,57.396576],[28.152057,57.398026],[28.149552,57.399093],[28.141166,57.396748],[28.129214,57.399174],[28.12296,57.402373],[28.121168,57.405573],[28.114527,57.405769],[28.110644,57.40838],[28.10532,57.409131],[28.10391,57.407539],[28.106695,57.406168],[28.102684,57.405227],[28.098089,57.408347],[28.0945,57.407151],[28.096494,57.401378],[28.089645,57.397716],[28.090893,57.393465],[28.073554,57.388905],[28.074178,57.385139],[28.068525,57.385148],[28.056838,57.380438],[28.059075,57.377886],[28.054879,57.37424],[28.054515,57.370678],[28.04803,57.367097],[28.053596,57.362094],[28.059491,57.359307],[28.062127,57.36042],[28.061971,57.358456],[28.059647,57.35595],[28.057289,57.356464],[28.050597,57.353376],[28.06556,57.348373],[28.056355,57.346156],[28.050185,57.347848],[28.044219,57.344511],[28.043193,57.337517],[28.048194,57.333526],[28.045893,57.332327],[28.046372,57.331158],[28.050893,57.331179],[28.051664,57.327485],[28.050251,57.325242],[28.054493,57.321388],[28.054783,57.317409],[28.057071,57.315296],[28.05471,57.313842],[28.054109,57.307381],[28.050621,57.303374],[28.049297,57.297331],[28.051366,57.294776],[28.056981,57.293286],[28.056839,57.289709],[28.060688,57.286291],[28.054987,57.281431],[28.056045,57.279563],[28.063163,57.277386],[28.06371,57.273643],[28.049336,57.270876],[28.050853,57.26789],[28.04756,57.266868],[28.046468,57.269078],[28.038757,57.262815],[28.038635,57.260917],[28.04131,57.260197],[28.035077,57.25624],[28.040224,57.256627],[28.036698,57.254699],[28.036294,57.251868],[28.041339,57.244092],[28.03652,57.241855],[28.034103,57.234051],[28.029903,57.232802],[28.030939,57.229391],[28.027016,57.227091],[28.028669,57.226091],[28.02449,57.22549],[28.02638,57.224908],[28.024628,57.224645],[28.026189,57.224045],[28.025305,57.22197],[28.027455,57.221726],[28.025027,57.219238],[28.027091,57.218497],[28.025123,57.21607],[28.026631,57.215473],[28.024663,57.214619],[28.026017,57.213631],[28.018872,57.209741],[28.019019,57.20582],[28.013453,57.203623]]]}},{"type":"Feature","id":"155262-1826","properties":{"id":"155262-1826","name":"Красногородский муниципальный округ","name_ru":"Красногородский муниципальный округ","subject_id":"155262","subject_name":"Псковская область","source_gid":1826,"source_fid":1936,"names_rosstat":"Красногородский муниципальный округ","population":6048,"area_km2":1327.6371449762332,"density_km2":4.555461575390216,"source":"Актуализированный объединённый GeoJSON, предоставленный преподавателем","name_en":"Krasnogorodskii Municipal Okrug","name_zh":"Krasnogorodskii市政专区","subject_name_en":"Pskov Oblast","subject_name_zh":"普斯科夫州"},"geometry":{"type":"Polygon","coordinates":[[[27.898687,56.752535],[27.902228,56.750481],[27.914343,56.750198],[27.914059,56.745266],[27.911703,56.742355],[27.915201,56.739335],[27.914651,56.737237],[27.917486,56.736312],[27.917715,56.733772],[27.92766,56.729167],[27.936395,56.728154],[27.945664,56.722516],[27.947216,56.715466],[27.957712,56.714662],[27.962596,56.711925],[27.962465,56.706904],[27.981022,56.706938],[27.982102,56.702863],[27.976346,56.693206],[27.978375,56.690796],[27.980391,56.691568],[27.978718,56.688805],[27.995033,56.688778],[27.997256,56.685326],[28.001581,56.684548],[28.007207,56.676397],[28.012734,56.672437],[28.011439,56.636691],[28.041224,56.603606],[28.040862,56.596871],[28.043213,56.590376],[28.050544,56.589179],[28.055402,56.58421],[28.060352,56.58579],[28.075694,56.586167],[28.098891,56.582415],[28.124786,56.582679],[28.135417,56.578833],[28.135236,56.57598],[28.143515,56.57178],[28.139376,56.569679],[28.136726,56.564726],[28.138061,56.560986],[28.136987,56.5586],[28.142123,56.553429],[28.140671,56.55154],[28.135794,56.549192],[28.125842,56.548405],[28.123356,56.546371],[28.105928,56.543248],[28.100248,56.539159],[28.099312,56.53367],[28.100692,56.531347],[28.092581,56.529624],[28.096643,56.523866],[28.094548,56.516904],[28.0993,56.515708],[28.097234,56.513649],[28.098624,56.510408],[28.105858,56.508393],[28.126825,56.513772],[28.133732,56.509492],[28.140343,56.50821],[28.163415,56.519641],[28.184523,56.521378],[28.191467,56.524217],[28.204715,56.525725],[28.261547,56.523843],[28.269117,56.52194],[28.28972,56.52249],[28.293745,56.527173],[28.298327,56.527805],[28.302437,56.524757],[28.30055,56.521226],[28.306138,56.519642],[28.314499,56.525642],[28.306229,56.529183],[28.308065,56.531983],[28.3006,56.532772],[28.30098,56.535335],[28.286303,56.53744],[28.284763,56.545141],[28.2764,56.547073],[28.269198,56.557664],[28.270853,56.5656],[28.265861,56.569112],[28.25886,56.569466],[28.258196,56.574367],[28.255672,56.576618],[28.256754,56.58059],[28.251586,56.581782],[28.250414,56.58719],[28.255983,56.58717],[28.253822,56.591905],[28.259639,56.592439],[28.257235,56.594755],[28.262644,56.603688],[28.253028,56.604085],[28.252547,56.606334],[28.266285,56.610421],[28.268346,56.614737],[28.268051,56.617075],[28.261613,56.622013],[28.288081,56.627827],[28.297495,56.637476],[28.322648,56.640127],[28.32683,56.642372],[28.330677,56.650038],[28.32683,56.655258],[28.321471,56.658645],[28.312647,56.658429],[28.312542,56.660699],[28.331229,56.674129],[28.359239,56.684115],[28.359479,56.690677],[28.426215,56.715864],[28.444155,56.714188],[28.446462,56.715924],[28.447715,56.749576],[28.460493,56.745893],[28.467869,56.748942],[28.477081,56.743274],[28.492777,56.746436],[28.492774,56.74826],[28.485692,56.75348],[28.492823,56.758274],[28.496603,56.766679],[28.484628,56.767036],[28.477989,56.770852],[28.47812,56.773741],[28.481634,56.778662],[28.478966,56.781586],[28.483001,56.784081],[28.49016,56.785151],[28.493544,56.783725],[28.496473,56.785686],[28.496083,56.790035],[28.500964,56.792423],[28.498686,56.799765],[28.499793,56.803721],[28.522377,56.807427],[28.53305,56.814303],[28.5324,56.822388],[28.512289,56.829262],[28.511963,56.834567],[28.498946,56.836134],[28.499142,56.842755],[28.496408,56.845959],[28.495562,56.851582],[28.513655,56.856422],[28.530577,56.875383],[28.541121,56.879544],[28.545877,56.878211],[28.545122,56.871621],[28.551243,56.865786],[28.555008,56.864714],[28.564497,56.868679],[28.570479,56.87557],[28.579684,56.875268],[28.578303,56.878688],[28.562932,56.881102],[28.550966,56.888846],[28.548665,56.892567],[28.554648,56.896538],[28.560539,56.896789],[28.580221,56.907037],[28.577183,56.910065],[28.577714,56.914046],[28.581285,56.914212],[28.586071,56.918027],[28.584552,56.920474],[28.583564,56.939708],[28.572245,56.942236],[28.559634,56.938341],[28.534944,56.937139],[28.54042,56.964636],[28.534343,56.967328],[28.527809,56.964843],[28.524391,56.965423],[28.494307,56.974491],[28.485343,56.973746],[28.480177,56.98008],[28.473415,56.981115],[28.468553,56.979708],[28.473415,56.988442],[28.467186,56.991298],[28.467338,56.993656],[28.461032,56.994898],[28.463767,56.998622],[28.475618,57.001146],[28.483362,57.006172],[28.477345,57.007255],[28.476324,57.009215],[28.480729,57.012403],[28.477291,57.017714],[28.45789,57.026578],[28.456227,57.026547],[28.449931,57.017326],[28.446469,57.017573],[28.446585,57.018847],[28.442013,57.018464],[28.445393,57.022995],[28.44048,57.025714],[28.439854,57.028558],[28.425265,57.027532],[28.419211,57.032095],[28.417321,57.031883],[28.409037,57.027648],[28.412166,57.020758],[28.406533,57.016615],[28.398108,57.020896],[28.396104,57.025621],[28.388877,57.030543],[28.397403,57.034022],[28.399219,57.037051],[28.415279,57.039626],[28.411592,57.044902],[28.400601,57.045538],[28.387363,57.05001],[28.386683,57.052403],[28.378736,57.054148],[28.382539,57.056517],[28.380032,57.059579],[28.369705,57.062756],[28.364138,57.05751],[28.357742,57.057349],[28.34818,57.051732],[28.337726,57.057302],[28.311866,57.055719],[28.313401,57.047595],[28.307624,57.041588],[28.295307,57.034132],[28.242694,57.027587],[28.234531,57.019072],[28.224626,57.01386],[28.220788,57.009853],[28.221746,56.996698],[28.23537,56.988474],[28.242566,56.982083],[28.246824,56.970917],[28.245763,56.966883],[28.2371,56.956857],[28.212589,56.947389],[28.170734,56.935754],[28.132286,56.93358],[28.096846,56.938675],[28.092002,56.941003],[28.083287,56.940776],[28.084548,56.938499],[28.085626,56.93972],[28.089585,56.938523],[28.085149,56.937556],[28.088369,56.936941],[28.08398,56.934314],[28.07976,56.935993],[28.081801,56.931781],[28.077425,56.932777],[28.074768,56.929524],[28.076197,56.927245],[28.081676,56.926191],[28.078486,56.926275],[28.078549,56.924516],[28.083064,56.921508],[28.083372,56.918524],[28.07442,56.91891],[28.077516,56.915977],[28.073221,56.91453],[28.074382,56.913641],[28.065716,56.913292],[28.070826,56.911896],[28.068602,56.91095],[28.068495,56.90678],[28.063495,56.90656],[28.065422,56.903604],[28.060956,56.903386],[28.061557,56.901294],[28.059033,56.90063],[28.064324,56.899199],[28.06042,56.896777],[28.062578,56.89553],[28.05935,56.892284],[28.061717,56.888953],[28.054927,56.887714],[28.054713,56.885688],[28.047189,56.885969],[28.046231,56.884171],[28.045176,56.885573],[28.032644,56.881455],[28.0319,56.879863],[28.037244,56.878238],[28.036143,56.876835],[28.037485,56.874836],[28.030281,56.874751],[28.034346,56.871883],[28.030587,56.868864],[28.023784,56.872851],[28.018671,56.872112],[28.017646,56.870945],[28.019854,56.868015],[28.023644,56.866657],[28.022705,56.865137],[28.015768,56.866145],[28.012737,56.863968],[28.002204,56.862619],[27.997438,56.864311],[27.998111,56.860585],[28.000478,56.858608],[27.997801,56.85599],[27.997509,56.852756],[28.00143,56.847767],[27.994622,56.846361],[27.995295,56.844407],[27.991525,56.845881],[27.988061,56.843661],[27.981862,56.843142],[27.982896,56.841552],[27.981675,56.840644],[27.977745,56.841929],[27.96648,56.840511],[27.968197,56.839205],[27.964623,56.837982],[27.969253,56.834929],[27.966662,56.833439],[27.971161,56.832176],[27.970744,56.830009],[27.965769,56.827203],[27.976294,56.82499],[27.969784,56.820636],[27.977691,56.814983],[27.976441,56.811694],[27.964655,56.805794],[27.958747,56.807918],[27.954056,56.804862],[27.943985,56.802679],[27.944129,56.798472],[27.939574,56.795942],[27.941516,56.794156],[27.94129,56.788515],[27.944446,56.787197],[27.947248,56.782904],[27.944933,56.776661],[27.934235,56.7732],[27.920666,56.774863],[27.915081,56.773211],[27.912315,56.767999],[27.900796,56.759856],[27.898687,56.752535]]]}},{"type":"Feature","id":"155262-1827","properties":{"id":"155262-1827","name":"Палкинский район","name_ru":"Палкинский район","subject_id":"155262","subject_name":"Псковская область","source_gid":1827,"source_fid":1937,"names_rosstat":"Палкинский муниципальный район","population":7016,"area_km2":1189.9306304255203,"density_km2":5.89614202761641,"source":"Актуализированный объединённый GeoJSON, предоставленный преподавателем","name_en":"Palkinskii District","name_zh":"Palkinskii区","subject_name_en":"Pskov Oblast","subject_name_zh":"普斯科夫州"},"geometry":{"type":"Polygon","coordinates":[[[27.606447,57.425308],[27.632812,57.415637],[27.61818,57.405675],[27.624013,57.401597],[27.671342,57.395053],[27.674344,57.392139],[27.673984,57.387726],[27.679411,57.385167],[27.683195,57.377758],[27.681932,57.373246],[27.722148,57.361077],[27.758606,57.354178],[27.759352,57.351081],[27.779064,57.343437],[27.779784,57.335734],[27.776005,57.335243],[27.773261,57.331455],[27.774132,57.327783],[27.782232,57.320408],[27.815613,57.324175],[27.830422,57.320287],[27.832163,57.321636],[27.830495,57.323433],[27.846243,57.328022],[27.847476,57.327985],[27.847285,57.32401],[27.8459,57.322725],[27.864859,57.320212],[27.877103,57.321257],[27.869975,57.334859],[27.875858,57.336773],[27.96719,57.342793],[27.982027,57.346719],[27.993436,57.340157],[27.996295,57.341689],[27.995295,57.342519],[27.998964,57.342128],[27.996691,57.338815],[28.001553,57.338391],[28.001922,57.341046],[28.009589,57.33828],[28.010983,57.339533],[28.009118,57.34056],[28.012463,57.340923],[28.010459,57.342251],[28.011502,57.343107],[28.009097,57.343562],[28.015689,57.347221],[28.022673,57.347206],[28.022146,57.348354],[28.025434,57.348468],[28.023803,57.349442],[28.028206,57.349614],[28.032378,57.352344],[28.045378,57.351464],[28.057289,57.356464],[28.059647,57.35595],[28.062127,57.36042],[28.059491,57.359307],[28.053596,57.362094],[28.04803,57.367097],[28.054515,57.370678],[28.054879,57.37424],[28.059075,57.377886],[28.056838,57.380438],[28.068525,57.385148],[28.074178,57.385139],[28.073554,57.388905],[28.090893,57.393465],[28.089645,57.397716],[28.096494,57.401378],[28.094808,57.407459],[28.098436,57.408272],[28.104453,57.405376],[28.106837,57.406394],[28.10391,57.407539],[28.106155,57.409213],[28.114527,57.405769],[28.120457,57.405909],[28.12296,57.402373],[28.129214,57.399174],[28.141166,57.396748],[28.149552,57.399093],[28.152057,57.398026],[28.151214,57.396739],[28.15364,57.396863],[28.15872,57.40002],[28.162916,57.407914],[28.177152,57.409987],[28.191811,57.422733],[28.195588,57.41877],[28.210948,57.417272],[28.213706,57.410654],[28.219389,57.406982],[28.222788,57.406819],[28.223482,57.409915],[28.231143,57.409486],[28.243925,57.411935],[28.240661,57.419087],[28.245973,57.423826],[28.25192,57.423292],[28.250932,57.438511],[28.25522,57.442493],[28.281559,57.438528],[28.299321,57.438312],[28.29944,57.4429],[28.295826,57.443043],[28.288489,57.451694],[28.293068,57.452925],[28.29073,57.45525],[28.269602,57.45283],[28.256218,57.458473],[28.27123,57.464086],[28.266692,57.471495],[28.266448,57.474942],[28.261995,57.477812],[28.270095,57.481177],[28.272415,57.488413],[28.265921,57.49158],[28.259804,57.490457],[28.248513,57.492079],[28.252461,57.504768],[28.256215,57.506708],[28.257379,57.510474],[28.281424,57.509546],[28.28255,57.511789],[28.294622,57.517618],[28.30072,57.514998],[28.32584,57.520368],[28.324499,57.525607],[28.332181,57.526988],[28.329929,57.537543],[28.347854,57.542648],[28.35383,57.548669],[28.347001,57.550697],[28.350293,57.553903],[28.348952,57.556062],[28.35969,57.558264],[28.371762,57.557217],[28.384688,57.559638],[28.385664,57.560815],[28.382493,57.563497],[28.382737,57.565328],[28.387249,57.566505],[28.406882,57.565982],[28.407492,57.568794],[28.405322,57.57271],[28.408857,57.573774],[28.410495,57.579321],[28.415928,57.580431],[28.419118,57.586671],[28.415511,57.589917],[28.415389,57.59325],[28.409658,57.597563],[28.40735,57.601543],[28.415887,57.602698],[28.419681,57.605701],[28.403236,57.616399],[28.376415,57.620846],[28.37752,57.622874],[28.37069,57.623916],[28.367432,57.628201],[28.357654,57.627746],[28.353584,57.621532],[28.346315,57.620112],[28.315659,57.620887],[28.316685,57.615376],[28.30854,57.615406],[28.305126,57.619478],[28.287542,57.619232],[28.290665,57.630474],[28.288014,57.631937],[28.284393,57.631337],[28.282355,57.635008],[28.289072,57.636121],[28.277852,57.642715],[28.282243,57.64696],[28.285643,57.647437],[28.273961,57.650393],[28.271546,57.654407],[28.272825,57.660551],[28.25808,57.659675],[28.238592,57.668069],[28.225583,57.679583],[28.216529,57.680228],[28.210493,57.682764],[28.206095,57.682164],[28.199639,57.672718],[28.201622,57.670781],[28.207572,57.670596],[28.207486,57.663587],[28.193484,57.662518],[28.184705,57.649552],[28.188578,57.648059],[28.187378,57.643287],[28.181428,57.643573],[28.180737,57.63626],[28.183661,57.636054],[28.18197,57.627122],[28.17896,57.625173],[28.177611,57.625522],[28.177493,57.631754],[28.173368,57.635381],[28.172791,57.652666],[28.168239,57.662082],[28.171463,57.668676],[28.156753,57.670047],[28.154537,57.671892],[28.154915,57.678733],[28.138256,57.678098],[28.135425,57.68232],[28.130286,57.682144],[28.123501,57.681439],[28.120997,57.679467],[28.113355,57.679502],[28.102551,57.674606],[28.097676,57.676649],[28.101827,57.679537],[28.097149,57.683658],[28.082195,57.683693],[28.080811,57.689468],[28.077978,57.68975],[28.07587,57.693271],[28.069216,57.69306],[28.062629,57.689187],[28.05446,57.688623],[28.051956,57.686088],[28.045895,57.685524],[28.043985,57.681369],[28.031139,57.678304],[28.019807,57.678586],[28.01849,57.680453],[28.012034,57.679819],[27.981137,57.672316],[27.97613,57.668757],[27.972572,57.668546],[27.969081,57.665023],[27.965457,57.664917],[27.965457,57.662908],[27.960253,57.662803],[27.962653,57.670123],[27.934584,57.672227],[27.911661,57.655629],[27.807317,57.603062],[27.804713,57.593827],[27.795806,57.592823],[27.743966,57.551116],[27.690061,57.527886],[27.679086,57.527245],[27.678939,57.519294],[27.685744,57.514487],[27.68276,57.512912],[27.687625,57.509706],[27.680701,57.508153],[27.681587,57.502847],[27.673818,57.50872],[27.668894,57.508746],[27.656724,57.489197],[27.660604,57.485996],[27.661521,57.482281],[27.658463,57.476466],[27.665226,57.469539],[27.661195,57.46426],[27.665091,57.462119],[27.654177,57.456875],[27.637478,57.458021],[27.630557,57.455935],[27.621707,57.455979],[27.619588,57.446978],[27.606447,57.425308]]]}},{"type":"Feature","id":"155262-1828","properties":{"id":"155262-1828","name":"Пушкиногорский район","name_ru":"Пушкиногорский район","subject_id":"155262","subject_name":"Псковская область","source_gid":1828,"source_fid":1938,"names_rosstat":"Пушкиногорский муниципальный район","population":6912,"area_km2":1059.5335781718848,"density_km2":6.523625246427715,"source":"Актуализированный объединённый GeoJSON, предоставленный преподавателем","name_en":"Pushkinogorskii District","name_zh":"Pushkinogorskii区","subject_name_en":"Pskov Oblast","subject_name_zh":"普斯科夫州"},"geometry":{"type":"Polygon","coordinates":[[[28.388877,57.030543],[28.396104,57.025621],[28.398108,57.020896],[28.406533,57.016615],[28.412166,57.020758],[28.409037,57.027648],[28.419211,57.032095],[28.425265,57.027532],[28.439854,57.028558],[28.44048,57.025714],[28.445393,57.022995],[28.442369,57.018289],[28.446585,57.018847],[28.446469,57.017573],[28.449931,57.017326],[28.456227,57.026547],[28.45789,57.026578],[28.477291,57.017714],[28.480729,57.012403],[28.476324,57.009215],[28.477345,57.007255],[28.483362,57.006172],[28.475618,57.001146],[28.463767,56.998622],[28.461032,56.994898],[28.467338,56.993656],[28.467186,56.991298],[28.473415,56.988442],[28.468553,56.979708],[28.473415,56.981115],[28.480177,56.98008],[28.485343,56.973746],[28.494307,56.974491],[28.524391,56.965423],[28.527809,56.964843],[28.534343,56.967328],[28.54042,56.964636],[28.534944,56.937139],[28.559634,56.938341],[28.572245,56.942236],[28.583564,56.939708],[28.584552,56.920474],[28.586071,56.918027],[28.581285,56.914212],[28.577714,56.914046],[28.577183,56.910065],[28.580221,56.907037],[28.589869,56.905295],[28.5901,56.894393],[28.599042,56.888666],[28.598129,56.884851],[28.604737,56.889195],[28.646017,56.886744],[28.6436,56.880707],[28.639224,56.880243],[28.63643,56.878659],[28.63643,56.876868],[28.644811,56.875752],[28.646583,56.878277],[28.673604,56.881506],[28.668447,56.877925],[28.668232,56.874637],[28.669736,56.873287],[28.67538,56.874599],[28.70777,56.874257],[28.715961,56.879465],[28.72137,56.880816],[28.719567,56.88197],[28.719824,56.884306],[28.722761,56.885094],[28.72343,56.887627],[28.718845,56.890075],[28.721782,56.893002],[28.735176,56.89317],[28.735279,56.898685],[28.749486,56.899687],[28.746644,56.892842],[28.762734,56.888436],[28.752938,56.882449],[28.752735,56.881136],[28.75831,56.880268],[28.760293,56.873071],[28.755233,56.867287],[28.748367,56.86907],[28.740004,56.865498],[28.745317,56.855458],[28.73408,56.846613],[28.738246,56.845473],[28.746842,56.850809],[28.761826,56.847183],[28.761269,56.84483],[28.756309,56.844221],[28.758131,56.84256],[28.75641,56.840483],[28.767445,56.839763],[28.767445,56.831262],[28.763845,56.828461],[28.773851,56.821318],[28.7849,56.823558],[28.78814,56.82159],[28.792376,56.822074],[28.794853,56.822712],[28.79473,56.825251],[28.798881,56.826332],[28.80631,56.824552],[28.804475,56.822544],[28.807828,56.822197],[28.804854,56.819392],[28.807449,56.81863],[28.808335,56.816241],[28.805993,56.815756],[28.808018,56.81489],[28.806563,56.813124],[28.807955,56.812223],[28.806626,56.812223],[28.80922,56.811046],[28.808081,56.810942],[28.808967,56.809037],[28.806753,56.809348],[28.806626,56.806785],[28.803462,56.806577],[28.803525,56.804845],[28.801184,56.804949],[28.800741,56.802558],[28.79802,56.801796],[28.802388,56.798451],[28.810538,56.803782],[28.819213,56.804584],[28.822705,56.808449],[28.830719,56.808509],[28.844207,56.804021],[28.84049,56.80082],[28.850679,56.796573],[28.854899,56.797422],[28.860006,56.795983],[28.86434,56.793004],[28.870522,56.797249],[28.86806,56.799706],[28.886172,56.806203],[28.887039,56.810423],[28.892317,56.814231],[28.901899,56.814175],[28.906175,56.816656],[28.905711,56.821928],[28.91792,56.828862],[28.917669,56.833648],[28.920881,56.83541],[28.919388,56.836964],[28.921245,56.838718],[28.937565,56.845173],[28.938111,56.848858],[28.946963,56.859076],[28.945251,56.862402],[28.957151,56.866106],[28.963311,56.863037],[28.984024,56.864227],[29.006181,56.870852],[29.012534,56.870767],[29.015536,56.874255],[29.013161,56.874872],[29.016399,56.880134],[29.028532,56.887561],[29.035653,56.88626],[29.040413,56.887435],[29.033049,56.892696],[29.042521,56.895368],[29.051331,56.894932],[29.058544,56.899426],[29.062064,56.908622],[29.059268,56.911748],[29.062805,56.915144],[29.064748,56.921482],[29.062115,56.921169],[29.059333,56.917685],[29.056116,56.918168],[29.058975,56.92338],[29.048969,56.925044],[29.042816,56.924106],[29.03759,56.928868],[29.036104,56.937818],[29.039989,56.939897],[29.04359,56.939688],[29.050396,56.934655],[29.055106,56.935943],[29.052324,56.946593],[29.047172,56.945701],[29.038035,56.954596],[29.035495,56.960195],[29.049297,56.966672],[29.050432,56.971825],[29.047041,56.977761],[29.05886,56.978735],[29.074861,56.988531],[29.087355,56.990379],[29.090857,56.993123],[29.08834,56.99991],[29.09746,57.000364],[29.105105,57.008207],[29.09902,57.012061],[29.097416,57.015007],[29.104353,57.018471],[29.102967,57.023919],[29.086345,57.032676],[29.084537,57.036059],[29.088637,57.039297],[29.090621,57.037498],[29.095338,57.038649],[29.097983,57.040736],[29.097498,57.04359],[29.101191,57.045604],[29.096701,57.046927],[29.094628,57.050862],[29.099047,57.051412],[29.09467,57.054614],[29.097454,57.059528],[29.08434,57.073367],[29.08364,57.081062],[29.082211,57.081978],[29.084072,57.087772],[29.075709,57.099802],[29.074749,57.106268],[29.070084,57.110339],[29.056907,57.115315],[29.060785,57.120337],[29.055074,57.118715],[29.05162,57.120193],[29.04747,57.119201],[29.045577,57.119796],[29.045577,57.122482],[29.029174,57.124375],[29.01491,57.118792],[29.002075,57.123057],[28.989061,57.122908],[28.986992,57.125581],[28.981842,57.126753],[28.978135,57.131844],[28.968969,57.129618],[28.963132,57.12357],[28.937026,57.121091],[28.927865,57.121797],[28.925058,57.124303],[28.912661,57.123754],[28.908731,57.121282],[28.906548,57.117388],[28.878525,57.118555],[28.883091,57.123391],[28.889051,57.12269],[28.889583,57.124329],[28.902804,57.125795],[28.903018,57.129264],[28.909348,57.132554],[28.894789,57.143331],[28.884472,57.139056],[28.875578,57.139765],[28.874284,57.14191],[28.888612,57.152507],[28.894046,57.153274],[28.900217,57.15708],[28.894169,57.163366],[28.897919,57.164791],[28.897344,57.168197],[28.874903,57.169857],[28.877733,57.16475],[28.866644,57.159813],[28.86445,57.160725],[28.864601,57.154907],[28.860394,57.156129],[28.857869,57.160383],[28.850327,57.166396],[28.844377,57.164212],[28.843896,57.162273],[28.822891,57.162338],[28.818984,57.160367],[28.811382,57.160139],[28.806994,57.160416],[28.79861,57.164718],[28.799662,57.166102],[28.795695,57.166347],[28.782563,57.158704],[28.774119,57.158704],[28.761228,57.161018],[28.758253,57.16299],[28.764984,57.170322],[28.764954,57.172407],[28.760747,57.172131],[28.757712,57.175144],[28.75083,57.172424],[28.749839,57.16998],[28.735342,57.165351],[28.739985,57.157684],[28.739341,57.153704],[28.73467,57.149975],[28.720932,57.152372],[28.710987,57.156233],[28.688336,57.157212],[28.676904,57.152937],[28.666599,57.156256],[28.663815,57.153582],[28.654742,57.153236],[28.656506,57.149986],[28.64739,57.150528],[28.647368,57.148983],[28.644925,57.148557],[28.647602,57.14488],[28.64314,57.143577],[28.643969,57.137213],[28.642683,57.133845],[28.638355,57.133399],[28.636145,57.131069],[28.638897,57.129207],[28.637537,57.128441],[28.626147,57.125396],[28.607916,57.133815],[28.600054,57.135499],[28.599799,57.132247],[28.594274,57.125558],[28.59113,57.125696],[28.577658,57.119767],[28.558006,57.115489],[28.562699,57.113953],[28.568648,57.109084],[28.56626,57.106118],[28.57578,57.103934],[28.577358,57.099427],[28.56718,57.099554],[28.562356,57.095791],[28.553155,57.093678],[28.556152,57.089742],[28.553007,57.088749],[28.553049,57.086578],[28.533883,57.086982],[28.531503,57.087767],[28.527636,57.09324],[28.524725,57.092651],[28.51784,57.09601],[28.507343,57.094452],[28.497059,57.095514],[28.495295,57.091347],[28.49827,57.08861],[28.5032,57.087756],[28.507534,57.079512],[28.483629,57.076128],[28.469457,57.070018],[28.472219,57.060937],[28.467013,57.053854],[28.450269,57.046111],[28.437881,57.050688],[28.432547,57.049567],[28.427681,57.053542],[28.422794,57.053403],[28.411592,57.044902],[28.415396,57.03875],[28.399219,57.037051],[28.397403,57.034022],[28.388877,57.030543]]]}},{"type":"Feature","id":"155262-1829","properties":{"id":"155262-1829","name":"Пыталовский муниципальный округ","name_ru":"Пыталовский муниципальный округ","subject_id":"155262","subject_name":"Псковская область","source_gid":1829,"source_fid":1939,"names_rosstat":"Пыталовский муниципальный округ","population":9327,"area_km2":1122.008596635785,"density_km2":8.312770533101038,"source":"Актуализированный объединённый GeoJSON, предоставленный преподавателем","name_en":"Pytalovskii Municipal Okrug","name_zh":"Pytalovskii市政专区","subject_name_en":"Pskov Oblast","subject_name_zh":"普斯科夫州"},"geometry":{"type":"Polygon","coordinates":[[[27.655427,56.853201],[27.658992,56.842331],[27.659344,56.834345],[27.691774,56.837113],[27.694267,56.83967],[27.702488,56.841587],[27.703625,56.847605],[27.719088,56.847472],[27.720232,56.850993],[27.730735,56.853285],[27.731796,56.857036],[27.743023,56.854434],[27.747187,56.857415],[27.753785,56.857456],[27.755835,56.860639],[27.765803,56.862764],[27.77873,56.861802],[27.789209,56.864734],[27.796561,56.862663],[27.824168,56.867313],[27.836068,56.87305],[27.845012,56.874575],[27.847328,56.880125],[27.873961,56.877419],[27.875406,56.874044],[27.870514,56.867513],[27.876513,56.860756],[27.884409,56.857242],[27.885515,56.852005],[27.898488,56.838223],[27.900038,56.832605],[27.899069,56.830499],[27.902586,56.822458],[27.901642,56.8206],[27.934882,56.82642],[27.955626,56.832952],[27.958565,56.83251],[27.960988,56.835689],[27.964848,56.836393],[27.964737,56.838372],[27.968197,56.839205],[27.966767,56.840637],[27.977745,56.841929],[27.981675,56.840644],[27.982896,56.841552],[27.981862,56.843142],[27.988061,56.843661],[27.991525,56.845881],[27.994971,56.84431],[27.994622,56.846361],[28.001397,56.847615],[27.997509,56.852756],[27.997801,56.85599],[28.000478,56.858608],[27.998111,56.860585],[27.997438,56.864311],[28.002204,56.862619],[28.012737,56.863968],[28.015768,56.866145],[28.022705,56.865137],[28.023644,56.866657],[28.019854,56.868015],[28.017646,56.870945],[28.018671,56.872112],[28.023784,56.872851],[28.030587,56.868864],[28.034346,56.871883],[28.030281,56.874751],[28.037485,56.874836],[28.036143,56.876835],[28.037244,56.878238],[28.0319,56.879863],[28.032644,56.881455],[28.045176,56.885573],[28.046231,56.884171],[28.047189,56.885969],[28.054713,56.885688],[28.054927,56.887714],[28.061717,56.888953],[28.05935,56.892284],[28.062578,56.89553],[28.06042,56.896777],[28.064324,56.899199],[28.059033,56.90063],[28.061557,56.901294],[28.060956,56.903386],[28.065422,56.903604],[28.063495,56.90656],[28.068495,56.90678],[28.068602,56.91095],[28.070826,56.911896],[28.065716,56.913292],[28.074382,56.913641],[28.073221,56.91453],[28.077516,56.915977],[28.07442,56.91891],[28.083372,56.918524],[28.083064,56.921508],[28.078549,56.924516],[28.078486,56.926275],[28.081676,56.926191],[28.076197,56.927245],[28.074768,56.929524],[28.077425,56.932777],[28.081801,56.931781],[28.07976,56.935993],[28.08398,56.934314],[28.088369,56.936941],[28.085149,56.937556],[28.089585,56.938523],[28.085626,56.93972],[28.084548,56.938499],[28.083287,56.940776],[28.092002,56.941003],[28.096846,56.938675],[28.132286,56.93358],[28.170734,56.935754],[28.212589,56.947389],[28.2371,56.956857],[28.245763,56.966883],[28.246824,56.970917],[28.242566,56.982083],[28.23537,56.988474],[28.221746,56.996698],[28.220788,57.009853],[28.224626,57.01386],[28.234531,57.019072],[28.242694,57.027587],[28.295307,57.034132],[28.307624,57.041588],[28.313401,57.047595],[28.311866,57.055719],[28.293149,57.060038],[28.289003,57.065086],[28.280168,57.071115],[28.266795,57.074872],[28.261266,57.072862],[28.252702,57.075231],[28.249246,57.076488],[28.249937,57.081927],[28.238127,57.082368],[28.215409,57.091185],[28.20991,57.089602],[28.205823,57.090516],[28.204772,57.085617],[28.194404,57.083103],[28.188533,57.084343],[28.183232,57.083301],[28.185278,57.079645],[28.180284,57.080945],[28.176868,57.079928],[28.179654,57.078177],[28.171822,57.079108],[28.178238,57.076658],[28.169953,57.07677],[28.171978,57.075489],[28.168035,57.075583],[28.167938,57.07433],[28.173049,57.073262],[28.163343,57.069409],[28.158939,57.06973],[28.161592,57.070258],[28.156425,57.071954],[28.15888,57.072898],[28.157552,57.074499],[28.145397,57.074923],[28.143975,57.077166],[28.138407,57.072441],[28.133421,57.074376],[28.12647,57.070565],[28.127485,57.072493],[28.12545,57.075226],[28.107697,57.092531],[28.112505,57.095159],[28.118535,57.094532],[28.124952,57.096563],[28.125293,57.098687],[28.128437,57.099356],[28.129117,57.104965],[28.126482,57.106373],[28.12253,57.105064],[28.11436,57.105935],[28.109866,57.1041],[28.096532,57.103477],[28.087047,57.114713],[28.076406,57.119172],[28.077981,57.121313],[28.077037,57.124961],[28.071233,57.130928],[28.074952,57.135387],[28.074298,57.138942],[28.067673,57.141912],[28.069481,57.14351],[28.074531,57.143647],[28.072573,57.145879],[28.074586,57.148779],[28.073632,57.154067],[28.081426,57.155847],[28.089466,57.161501],[28.090792,57.162904],[28.090328,57.167771],[28.09244,57.169246],[28.035899,57.191608],[28.038904,57.194391],[28.026527,57.198175],[28.023684,57.196479],[28.014415,57.200157],[28.01556,57.20103],[28.013453,57.203623],[28.019019,57.20582],[28.018872,57.209741],[28.026017,57.213631],[28.024663,57.214619],[28.026631,57.215473],[28.025123,57.21607],[28.027091,57.218497],[28.025027,57.219238],[28.027455,57.221726],[28.025305,57.22197],[28.026189,57.224045],[28.024628,57.224645],[28.02638,57.224908],[28.02449,57.22549],[28.028669,57.226091],[28.027016,57.227091],[28.030939,57.229391],[28.029903,57.232802],[28.034103,57.234051],[28.03652,57.241855],[28.041339,57.244092],[28.036294,57.251868],[28.036698,57.254699],[28.040224,57.256627],[28.035077,57.25624],[28.04131,57.260197],[28.038635,57.260917],[28.038757,57.262815],[28.046468,57.269078],[28.04756,57.266868],[28.050853,57.26789],[28.049336,57.270876],[28.06371,57.273643],[28.063163,57.277386],[28.056045,57.279563],[28.054987,57.281431],[28.060688,57.286291],[28.056839,57.289709],[28.056981,57.293286],[28.051366,57.294776],[28.049297,57.297331],[28.050621,57.303374],[28.054109,57.307381],[28.05471,57.313842],[28.057071,57.315296],[28.054783,57.317409],[28.054493,57.321388],[28.050251,57.325242],[28.051664,57.327485],[28.050893,57.331179],[28.046372,57.331158],[28.045893,57.332327],[28.048194,57.333526],[28.043193,57.337517],[28.044219,57.344511],[28.050185,57.347848],[28.056355,57.346156],[28.06556,57.348373],[28.050597,57.353376],[28.044725,57.351379],[28.032378,57.352344],[28.028206,57.349614],[28.023803,57.349442],[28.025419,57.348773],[28.02419,57.347725],[28.022146,57.348354],[28.022751,57.347245],[28.018644,57.346318],[28.015784,57.347248],[28.014449,57.345358],[28.009801,57.344351],[28.009146,57.343187],[28.011502,57.343107],[28.010459,57.342251],[28.012463,57.340923],[28.009118,57.34056],[28.010983,57.339533],[28.009473,57.33826],[28.001922,57.341046],[28.001553,57.338391],[27.996691,57.338815],[27.998964,57.342128],[27.995295,57.342519],[27.996295,57.341689],[27.993436,57.340157],[27.982027,57.346719],[27.96719,57.342793],[27.875858,57.336773],[27.869975,57.334859],[27.877103,57.321257],[27.864859,57.320212],[27.8459,57.322725],[27.847476,57.327985],[27.844057,57.326322],[27.841055,57.327236],[27.839038,57.32527],[27.829833,57.322982],[27.832163,57.321636],[27.830422,57.320287],[27.831363,57.318281],[27.833935,57.317535],[27.831992,57.315557],[27.836427,57.314768],[27.836092,57.312243],[27.842842,57.310884],[27.844952,57.30843],[27.84324,57.307604],[27.846949,57.303696],[27.852124,57.302784],[27.858382,57.304263],[27.867447,57.297063],[27.868204,57.281532],[27.862469,57.276604],[27.860659,57.262974],[27.866578,57.261289],[27.864242,57.257597],[27.868602,57.254562],[27.866268,57.252357],[27.866997,57.249679],[27.870634,57.248307],[27.866927,57.244699],[27.859048,57.244932],[27.853875,57.237652],[27.854277,57.235307],[27.848214,57.234189],[27.848995,57.231843],[27.843862,57.230247],[27.842846,57.224121],[27.838192,57.220096],[27.842846,57.212286],[27.829963,57.207324],[27.830381,57.204625],[27.825959,57.20051],[27.830983,57.199246],[27.825574,57.192115],[27.835076,57.182085],[27.828308,57.174317],[27.83331,57.166626],[27.825921,57.16234],[27.822388,57.157938],[27.824222,57.153308],[27.820202,57.151753],[27.817988,57.142961],[27.806769,57.141138],[27.801326,57.137364],[27.790163,57.13511],[27.78786,57.132749],[27.78345,57.13287],[27.781418,57.135619],[27.77867,57.13392],[27.772894,57.13441],[27.768325,57.132081],[27.757118,57.131003],[27.751645,57.126772],[27.755874,57.123676],[27.747265,57.119824],[27.742547,57.120473],[27.736628,57.118709],[27.733461,57.113309],[27.736462,57.11083],[27.742246,57.111885],[27.753336,57.107304],[27.75239,57.098304],[27.743579,57.09943],[27.745705,57.101445],[27.73753,57.103196],[27.73493,57.100942],[27.722212,57.100358],[27.719346,57.103664],[27.715621,57.097531],[27.719587,57.093159],[27.742922,57.089672],[27.744498,57.087213],[27.751687,57.084095],[27.765464,57.086639],[27.768779,57.085614],[27.76329,57.080135],[27.752024,57.076579],[27.750717,57.073582],[27.743011,57.067841],[27.743953,57.061717],[27.746772,57.059535],[27.748734,57.053252],[27.742512,57.048452],[27.735966,57.046826],[27.728727,57.038077],[27.727423,57.029496],[27.728648,57.027345],[27.718618,57.01388],[27.715398,57.006293],[27.717859,57.00241],[27.720916,57.003434],[27.731427,57.001283],[27.769614,57.005217],[27.742296,56.956629],[27.737443,56.920076],[27.72987,56.920357],[27.723989,56.91479],[27.714427,56.913071],[27.71345,56.914474],[27.704606,56.912291],[27.686308,56.9159],[27.686058,56.911735],[27.683132,56.90945],[27.683239,56.906773],[27.671128,56.893958],[27.673978,56.887091],[27.671612,56.883878],[27.672408,56.875292],[27.670515,56.873549],[27.670585,56.869865],[27.66029,56.861442],[27.655427,56.853201]]]}},{"type":"Feature","id":"155262-1875","properties":{"id":"155262-1875","name":"Дновский муниципальный округ","name_ru":"Дновский муниципальный округ","subject_id":"155262","subject_name":"Псковская область","source_gid":1875,"source_fid":1985,"names_rosstat":"Дновский муниципальный округ","population":10424,"area_km2":1191.2584323972342,"density_km2":8.750410252310422,"source":"Актуализированный объединённый GeoJSON, предоставленный преподавателем","name_en":"Dnovskii Municipal Okrug","name_zh":"Dnovskii市政专区","subject_name_en":"Pskov Oblast","subject_name_zh":"普斯科夫州"},"geometry":{"type":"Polygon","coordinates":[[[29.689954,57.941796],[29.700926,57.941551],[29.7,57.937999],[29.716839,57.935909],[29.71875,57.940142],[29.71796,57.942354],[29.743714,57.944057],[29.748059,57.941649],[29.7696,57.937331],[29.766203,57.935103],[29.762985,57.935451],[29.761807,57.933937],[29.767002,57.931072],[29.75951,57.925397],[29.767002,57.923699],[29.768061,57.920659],[29.773296,57.921099],[29.772297,57.911919],[29.766703,57.91038],[29.774366,57.903353],[29.777192,57.905656],[29.776493,57.90693],[29.783086,57.906559],[29.801369,57.912715],[29.802541,57.908385],[29.80986,57.908523],[29.814275,57.904299],[29.816574,57.897952],[29.815155,57.89711],[29.813557,57.883994],[29.811159,57.883144],[29.807762,57.877832],[29.792385,57.874475],[29.776193,57.867047],[29.759061,57.865726],[29.766403,57.858438],[29.767002,57.855355],[29.771798,57.856153],[29.77954,57.853856],[29.787133,57.855158],[29.790529,57.852075],[29.788681,57.851437],[29.788937,57.849619],[29.801387,57.833962],[29.787983,57.823981],[29.78543,57.824094],[29.786633,57.813491],[29.793803,57.810419],[29.794189,57.808391],[29.776611,57.797626],[29.791064,57.79568],[29.792326,57.793206],[29.782835,57.779892],[29.780138,57.779998],[29.773375,57.773206],[29.770123,57.773119],[29.770148,57.770996],[29.764254,57.768118],[29.762855,57.765348],[29.765852,57.761617],[29.767864,57.741734],[29.774263,57.742303],[29.77807,57.738832],[29.776804,57.736366],[29.779188,57.733622],[29.782093,57.731395],[29.784924,57.731514],[29.784626,57.729486],[29.79159,57.72805],[29.779189,57.719679],[29.776028,57.719791],[29.776766,57.718582],[29.773149,57.717606],[29.772394,57.715824],[29.80242,57.719285],[29.808636,57.713704],[29.803947,57.712364],[29.803631,57.708368],[29.814377,57.704878],[29.813226,57.703457],[29.814508,57.700931],[29.81738,57.700684],[29.822542,57.695082],[29.817591,57.692633],[29.811427,57.693309],[29.811563,57.690586],[29.814167,57.688494],[29.812532,57.684012],[29.816704,57.684212],[29.819461,57.679751],[29.819556,57.674936],[29.887327,57.676652],[29.899302,57.664301],[29.947717,57.665943],[29.966733,57.662133],[29.98887,57.670092],[29.996568,57.668676],[30.008804,57.659931],[30.018698,57.656977],[30.023894,57.65172],[30.029128,57.653708],[30.036696,57.649903],[30.041495,57.653411],[30.038014,57.65893],[30.049253,57.665302],[30.052626,57.665221],[30.058782,57.671413],[30.064559,57.673085],[30.072638,57.668661],[30.104777,57.682068],[30.117715,57.681749],[30.119021,57.68633],[30.107326,57.691073],[30.131732,57.691221],[30.163652,57.686194],[30.170975,57.691296],[30.18236,57.692519],[30.188979,57.690843],[30.198389,57.682452],[30.213147,57.683588],[30.227878,57.678079],[30.251044,57.678694],[30.252574,57.683184],[30.32676,57.680649],[30.334863,57.676812],[30.336994,57.681588],[30.345658,57.677735],[30.355073,57.682015],[30.45226,57.687999],[30.467005,57.701596],[30.477346,57.707198],[30.474569,57.709687],[30.485005,57.717539],[30.494388,57.720986],[30.477919,57.722327],[30.473419,57.724433],[30.476291,57.733817],[30.4806,57.7342],[30.486919,57.7387],[30.49743,57.74103],[30.500306,57.753461],[30.495012,57.771958],[30.452254,57.776998],[30.448667,57.780314],[30.434637,57.774667],[30.433058,57.778371],[30.419795,57.776137],[30.41721,57.781691],[30.435224,57.803066],[30.446344,57.7996],[30.468321,57.800015],[30.48872,57.801091],[30.511866,57.806042],[30.512248,57.809968],[30.509636,57.811439],[30.509097,57.814907],[30.514116,57.817033],[30.522272,57.816923],[30.540169,57.840969],[30.529771,57.851472],[30.530765,57.857],[30.543246,57.86385],[30.528185,57.868184],[30.525059,57.870654],[30.533575,57.873163],[30.520657,57.883525],[30.473669,57.885778],[30.467103,57.879266],[30.435462,57.879266],[30.431784,57.87686],[30.41957,57.880822],[30.417239,57.883163],[30.419235,57.883882],[30.415798,57.887725],[30.416481,57.890326],[30.413998,57.892673],[30.398689,57.891054],[30.397674,57.896161],[30.388503,57.90339],[30.356869,57.905391],[30.345758,57.902885],[30.337475,57.906951],[30.33605,57.916035],[30.330765,57.916813],[30.306823,57.91282],[30.298693,57.909631],[30.294255,57.911534],[30.289228,57.910559],[30.28678,57.906298],[30.27932,57.904926],[30.25802,57.896047],[30.240323,57.895845],[30.245274,57.8916],[30.215143,57.89695],[30.210311,57.901772],[30.206946,57.901588],[30.206477,57.899813],[30.208857,57.895691],[30.200287,57.894785],[30.174233,57.903845],[30.152815,57.907749],[30.169484,57.917324],[30.174743,57.926448],[30.161513,57.926162],[30.13289,57.934604],[30.130162,57.93397],[30.114098,57.94102],[30.084902,57.939284],[30.08449,57.942188],[30.090409,57.949715],[30.071499,57.958848],[30.061602,57.951128],[30.061278,57.952782],[30.041449,57.950907],[30.040289,57.952184],[30.024072,57.949305],[30.022503,57.947355],[29.991524,57.942417],[29.987186,57.947396],[29.985074,57.947056],[29.978827,57.955339],[29.969995,57.954276],[29.964701,57.955885],[29.955478,57.952949],[29.940282,57.94465],[29.900634,57.94094],[29.909528,57.954657],[29.8832,57.958951],[29.877944,57.954853],[29.87423,57.947012],[29.866526,57.950133],[29.869093,57.959536],[29.875163,57.964535],[29.881035,57.964461],[29.887114,57.968485],[29.885149,57.969001],[29.885081,57.974951],[29.881422,57.975455],[29.879002,57.981226],[29.88324,57.986474],[29.878043,57.988993],[29.879058,57.991926],[29.876607,57.996537],[29.860359,57.99134],[29.818537,57.982844],[29.809737,57.978573],[29.802569,57.977352],[29.796479,57.973577],[29.78839,57.97395],[29.787156,57.975897],[29.79029,57.977363],[29.790137,57.979103],[29.78746,57.980159],[29.774199,57.982071],[29.753997,57.980303],[29.753221,57.978083],[29.748046,57.976083],[29.730545,57.976766],[29.717994,57.964501],[29.703474,57.956237],[29.699339,57.948685],[29.689954,57.941796]]]}},{"type":"Feature","id":"155262-1876","properties":{"id":"155262-1876","name":"Гдовский район","name_ru":"Гдовский район","subject_id":"155262","subject_name":"Псковская область","source_gid":1876,"source_fid":1986,"names_rosstat":"Гдовский муниципальный район","population":8339,"area_km2":4681.67470987498,"density_km2":1.7812002150449888,"source":"Актуализированный объединённый GeoJSON, предоставленный преподавателем","name_en":"Gdovskii District","name_zh":"Gdovskii区","subject_name_en":"Pskov Oblast","subject_name_zh":"普斯科夫州"},"geometry":{"type":"Polygon","coordinates":[[[27.35704,58.787261],[27.728981,58.971307],[27.733362,58.976396],[27.885742,59.014556],[27.918,59.021159],[27.930346,59.018133],[27.92952,59.016482],[27.93124,59.014556],[27.990717,59.01552],[27.999796,59.012563],[27.997183,59.009949],[27.996598,59.004239],[28.023475,59.002797],[28.033998,59.000252],[28.036904,58.993597],[28.03381,58.987063],[28.046397,58.986926],[28.046681,58.991389],[28.056693,58.99261],[28.072761,58.99093],[28.074963,58.992337],[28.080545,58.991879],[28.085291,58.995868],[28.096588,59.000958],[28.099958,59.000064],[28.101265,58.99353],[28.120902,58.992653],[28.121247,58.974839],[28.144219,58.978416],[28.148346,58.972639],[28.171611,58.976491],[28.174018,58.971332],[28.146438,58.96356],[28.18745,58.941172],[28.199796,58.942497],[28.204266,58.940708],[28.196013,58.936788],[28.202272,58.934793],[28.212383,58.924545],[28.206537,58.92286],[28.206813,58.921003],[28.214928,58.920384],[28.217955,58.913919],[28.222357,58.9133],[28.219675,58.90993],[28.21603,58.911924],[28.214516,58.911167],[28.211834,58.906422],[28.225608,58.895641],[28.234412,58.895091],[28.257969,58.898616],[28.257488,58.894558],[28.264985,58.88995],[28.266292,58.88541],[28.256594,58.881971],[28.239743,58.879839],[28.243458,58.87468],[28.260928,58.874749],[28.273326,58.859876],[28.284539,58.840136],[28.287634,58.840067],[28.294324,58.826191],[28.300308,58.823921],[28.311449,58.8308],[28.311311,58.840566],[28.344894,58.824954],[28.349262,58.827155],[28.340251,58.83135],[28.326288,58.844143],[28.321129,58.844418],[28.324706,58.851159],[28.344101,58.854048],[28.345133,58.859825],[28.348778,58.862439],[28.358888,58.861408],[28.363428,58.867168],[28.358544,58.869644],[28.373538,58.878448],[28.378903,58.87439],[28.390733,58.871708],[28.388549,58.867856],[28.411402,58.855132],[28.415136,58.85579],[28.410989,58.857608],[28.412365,58.860841],[28.418211,58.865931],[28.424126,58.868201],[28.425192,58.871898],[28.434545,58.874511],[28.436471,58.881046],[28.448095,58.877607],[28.459311,58.878377],[28.476297,58.872143],[28.477179,58.870156],[28.486302,58.86867],[28.493339,58.862417],[28.491458,58.855139],[28.496028,58.853045],[28.480051,58.847536],[28.493147,58.840975],[28.500377,58.845022],[28.501062,58.837436],[28.509535,58.831869],[28.507251,58.826929],[28.521734,58.821365],[28.522718,58.816958],[28.532614,58.81079],[28.530303,58.801705],[28.535778,58.801342],[28.533681,58.774067],[28.504844,58.7738],[28.514896,58.762044],[28.517641,58.75294],[28.53193,58.744689],[28.540997,58.744864],[28.551218,58.741205],[28.520058,58.735635],[28.517741,58.733601],[28.518244,58.731382],[28.526689,58.731837],[28.526996,58.727776],[28.525005,58.72571],[28.526682,58.725938],[28.527845,58.722237],[28.532719,58.71966],[28.537101,58.719763],[28.538468,58.716952],[28.547966,58.715321],[28.556046,58.708607],[28.555371,58.702599],[28.559711,58.702302],[28.562904,58.699511],[28.559235,58.696354],[28.566934,58.693571],[28.56895,58.691211],[28.566588,58.690217],[28.568904,58.688201],[28.576269,58.687857],[28.574049,58.675332],[28.580129,58.675914],[28.586168,58.67373],[28.578908,58.673775],[28.578711,58.661313],[28.568502,58.664595],[28.566935,58.660538],[28.568882,58.655804],[28.561209,58.657008],[28.551882,58.653612],[28.547829,58.655118],[28.544587,58.652828],[28.546382,58.65078],[28.537118,58.649666],[28.537461,58.647443],[28.53494,58.644998],[28.505414,58.646782],[28.499247,58.645005],[28.497863,58.608747],[28.508943,58.605221],[28.516242,58.598617],[28.494926,58.593781],[28.475115,58.585958],[28.471621,58.580065],[28.461588,58.572975],[28.453462,58.572643],[28.442659,58.566409],[28.438327,58.559677],[28.46001,58.546655],[28.466833,58.539839],[28.46917,58.534977],[28.465333,58.535067],[28.463034,58.532891],[28.467164,58.532931],[28.468776,58.530847],[28.468732,58.524638],[28.462229,58.521977],[28.472951,58.518811],[28.467733,58.517047],[28.469264,58.515551],[28.467482,58.513719],[28.481526,58.511766],[28.481414,58.510234],[28.485681,58.509314],[28.480229,58.508262],[28.483168,58.498504],[28.498073,58.495471],[28.495832,58.494233],[28.496725,58.490995],[28.487239,58.491586],[28.483502,58.488623],[28.478565,58.489202],[28.477411,58.487507],[28.483319,58.486291],[28.483933,58.484355],[28.492336,58.480392],[28.484853,58.462807],[28.49712,58.46154],[28.495708,58.457381],[28.500466,58.45569],[28.499916,58.453985],[28.50469,58.451653],[28.502379,58.450421],[28.492883,58.450923],[28.491273,58.445548],[28.508768,58.443572],[28.512459,58.44086],[28.512145,58.437901],[28.509789,58.437737],[28.50869,58.434325],[28.511515,58.432604],[28.511752,58.429639],[28.522117,58.427132],[28.524857,58.420689],[28.526625,58.420312],[28.527634,58.413155],[28.517399,58.412992],[28.508013,58.407898],[28.506515,58.402795],[28.508125,58.399604],[28.507244,58.391185],[28.505687,58.390282],[28.506797,58.389482],[28.502115,58.387175],[28.51634,58.37688],[28.520803,58.37616],[28.523893,58.372019],[28.52973,58.37346],[28.533163,58.370399],[28.539858,58.370039],[28.537865,58.361723],[28.532425,58.359647],[28.526426,58.352684],[28.519226,58.348041],[28.526418,58.345412],[28.51836,58.340483],[28.513893,58.335029],[28.517703,58.33417],[28.523134,58.327052],[28.528715,58.329323],[28.532013,58.325304],[28.521196,58.32367],[28.523944,58.320413],[28.4862,58.316243],[28.494086,58.297549],[28.438423,58.290789],[28.428401,58.295727],[28.421673,58.295962],[28.418309,58.293134],[28.403282,58.295491],[28.398123,58.300795],[28.384218,58.30103],[28.345417,58.278042],[28.245275,58.277099],[28.227333,58.273855],[28.214661,58.273855],[28.19784,58.269609],[28.182087,58.279378],[28.173839,58.276539],[28.16947,58.272118],[28.165483,58.270902],[28.165814,58.266281],[28.1569,58.264522],[28.140658,58.263387],[28.118909,58.267422],[28.113319,58.270032],[28.105177,58.268822],[28.090647,58.270655],[28.080808,58.266896],[28.06696,58.26445],[28.06525,58.261475],[28.05668,58.260161],[28.045836,58.26249],[28.031231,58.261754],[28.016492,58.256322],[28.008369,58.255532],[27.973861,58.267328],[27.966112,58.267367],[27.946648,58.2496],[27.937503,58.23664],[27.941315,58.231706],[27.933964,58.229198],[27.923421,58.228421],[27.907914,58.223408],[27.899078,58.226033],[27.889261,58.221831],[27.891581,58.217545],[27.882682,58.217607],[27.87766,58.21081],[27.873584,58.209557],[27.807432,58.217678],[27.794736,58.228859],[27.765335,58.216656],[27.741597,58.20356],[27.729195,58.190396],[27.720285,58.189592],[27.716174,58.1862],[27.711315,58.1858],[27.708763,58.17941],[27.697532,58.183741],[27.693582,58.188459],[27.67988,58.190668],[27.603779,58.197984],[27.513626,58.20275],[27.491262,58.224368],[27.486844,58.303687],[27.55319,58.366184],[27.35704,58.787261]]]}},{"type":"Feature","id":"155262-1877","properties":{"id":"155262-1877","name":"Струго-Красненский муниципальный округ","name_ru":"Струго-Красненский муниципальный округ","subject_id":"155262","subject_name":"Псковская область","source_gid":1877,"source_fid":1987,"names_rosstat":"Струго-Красненский муниципальный округ","population":9184,"area_km2":3080.189447163733,"density_km2":2.981634784982694,"source":"Актуализированный объединённый GeoJSON, предоставленный преподавателем","name_en":"Strugo-Krasnenskii Municipal Okrug","name_zh":"Strugo-Krasnenskii市政专区","subject_name_en":"Pskov Oblast","subject_name_zh":"普斯科夫州"},"geometry":{"type":"Polygon","coordinates":[[[28.438423,58.290789],[28.450394,58.258773],[28.4632,58.24213],[28.46271,58.235023],[28.476149,58.217565],[28.472278,58.212231],[28.456503,58.200646],[28.466108,58.199612],[28.482274,58.20135],[28.503652,58.196434],[28.523748,58.198389],[28.535809,58.192178],[28.545809,58.19378],[28.567311,58.176706],[28.586983,58.176666],[28.591003,58.17087],[28.590792,58.16781],[28.584832,58.164277],[28.590897,58.161857],[28.589684,58.16066],[28.591583,58.157878],[28.58894,58.15511],[28.591593,58.153591],[28.587835,58.151591],[28.589244,58.151252],[28.579994,58.142318],[28.580618,58.141141],[28.57044,58.142467],[28.565939,58.140656],[28.568805,58.137651],[28.567218,58.135593],[28.569706,58.13576],[28.568499,58.13147],[28.57026,58.129321],[28.57785,58.129094],[28.580384,58.126969],[28.577933,58.124677],[28.579307,58.123686],[28.574409,58.121934],[28.573502,58.120935],[28.574831,58.120472],[28.571718,58.117976],[28.573529,58.114899],[28.570479,58.113981],[28.572444,58.112127],[28.568956,58.111791],[28.56701,58.107417],[28.559947,58.106975],[28.563532,58.102588],[28.554787,58.099405],[28.559448,58.09667],[28.552581,58.095843],[28.555088,58.094201],[28.552651,58.091254],[28.558805,58.08845],[28.555377,58.087916],[28.555944,58.08652],[28.55147,58.084217],[28.555688,58.084292],[28.555561,58.081689],[28.562265,58.082915],[28.576142,58.073007],[28.588335,58.072668],[28.59039,58.070455],[28.590937,58.065488],[28.585899,58.06123],[28.591984,58.057718],[28.581441,58.048463],[28.590381,58.042976],[28.576531,58.038407],[28.563446,58.036826],[28.555296,58.029406],[28.56035,58.029833],[28.568041,58.022012],[28.573223,58.020494],[28.587107,58.021218],[28.609651,58.013042],[28.61996,58.013087],[28.607874,57.999102],[28.621348,57.996264],[28.623918,57.993105],[28.627793,57.991684],[28.627756,57.989314],[28.615368,57.982372],[28.617306,57.981658],[28.613128,57.979047],[28.612929,57.976031],[28.610926,57.976538],[28.61077,57.971364],[28.615117,57.970232],[28.610935,57.966937],[28.613681,57.965062],[28.611851,57.964747],[28.613216,57.962529],[28.617458,57.963059],[28.634365,57.951234],[28.675067,57.952624],[28.69115,57.948176],[28.700317,57.952047],[28.74725,57.952845],[28.758548,57.957119],[28.773393,57.959075],[28.784928,57.962959],[28.780335,57.955534],[28.785142,57.952785],[28.791681,57.954953],[28.797839,57.951919],[28.811715,57.951772],[28.82089,57.93772],[28.825483,57.940949],[28.842762,57.941748],[28.846275,57.936023],[28.844367,57.929804],[28.85109,57.931468],[28.85264,57.929309],[28.862454,57.931404],[28.863133,57.93257],[28.861411,57.933792],[28.865921,57.936962],[28.900032,57.933593],[28.902619,57.935162],[28.904359,57.933656],[28.908082,57.936557],[28.917366,57.939376],[28.918736,57.937712],[28.921669,57.938851],[28.921431,57.937239],[28.923389,57.936726],[28.942425,57.939788],[28.949364,57.938154],[28.96352,57.939249],[28.970942,57.944665],[28.976266,57.945075],[28.981418,57.945136],[28.985705,57.94289],[28.986849,57.940999],[28.983776,57.940592],[28.984172,57.935895],[28.988308,57.933502],[28.995855,57.933928],[29.012014,57.939046],[29.018104,57.939037],[29.019689,57.939607],[29.015974,57.943335],[29.024248,57.948332],[29.024491,57.951022],[29.043139,57.960586],[29.048238,57.964935],[29.055808,57.967189],[29.069812,57.967064],[29.072908,57.964344],[29.075588,57.965852],[29.072923,57.967961],[29.079431,57.971968],[29.080023,57.974995],[29.100342,57.980728],[29.106805,57.97648],[29.104567,57.975405],[29.108444,57.973704],[29.116879,57.973434],[29.116626,57.976908],[29.119322,57.978654],[29.130184,57.978473],[29.129282,57.981502],[29.113525,57.980909],[29.112511,57.983435],[29.101399,57.986191],[29.131839,58.000627],[29.124502,58.003414],[29.119224,58.003462],[29.118211,58.006786],[29.131408,58.007648],[29.131698,58.004793],[29.139758,57.995042],[29.140887,57.984223],[29.16677,57.982802],[29.17326,57.987256],[29.173079,57.991856],[29.175646,57.993283],[29.179298,57.993187],[29.18031,57.992076],[29.17852,57.991424],[29.178957,57.98969],[29.181362,57.990064],[29.18972,57.985015],[29.194105,57.987812],[29.193916,57.990082],[29.197519,57.993536],[29.201608,57.992754],[29.217779,57.998306],[29.217444,58.000542],[29.220675,58.004649],[29.219696,58.006004],[29.228588,58.003685],[29.231126,58.005231],[29.23664,58.00485],[29.238364,58.006893],[29.23632,58.016895],[29.252667,58.034275],[29.270861,58.038003],[29.32161,58.033451],[29.327541,58.041118],[29.34357,58.049189],[29.3516,58.047041],[29.371807,58.050372],[29.398609,58.048536],[29.431151,58.052251],[29.434513,58.058524],[29.452272,58.062232],[29.454314,58.060961],[29.460519,58.065106],[29.469658,58.066049],[29.466548,58.067574],[29.465302,58.07056],[29.470237,58.07113],[29.471415,58.076248],[29.486842,58.077244],[29.509528,58.09644],[29.531516,58.087502],[29.537194,58.089948],[29.539202,58.088044],[29.599065,58.078414],[29.623225,58.090209],[29.628775,58.100214],[29.645099,58.108115],[29.64968,58.122806],[29.660745,58.1259],[29.661129,58.13301],[29.671525,58.134785],[29.666157,58.143153],[29.677877,58.152712],[29.675659,58.160675],[29.681901,58.16649],[29.70503,58.167498],[29.704761,58.170336],[29.68595,58.177556],[29.676749,58.186279],[29.689551,58.189807],[29.679807,58.198268],[29.689845,58.203471],[29.685597,58.210716],[29.681467,58.209619],[29.680013,58.211265],[29.648927,58.212089],[29.646931,58.21514],[29.636902,58.214907],[29.637322,58.22467],[29.65121,58.224678],[29.65406,58.230159],[29.659028,58.234166],[29.637916,58.235361],[29.637895,58.239307],[29.618726,58.251673],[29.611454,58.259627],[29.603302,58.262537],[29.60062,58.258237],[29.604146,58.255405],[29.600226,58.249752],[29.574548,58.249572],[29.578602,58.245843],[29.472198,58.264416],[29.465034,58.267667],[29.489262,58.279516],[29.489017,58.282805],[29.560497,58.317734],[29.557954,58.319283],[29.558898,58.320163],[29.555636,58.319915],[29.557396,58.321267],[29.555722,58.321515],[29.556237,58.322664],[29.552375,58.323363],[29.554778,58.324399],[29.551774,58.324399],[29.554049,58.326811],[29.551098,58.32905],[29.553577,58.330033],[29.5501,58.331182],[29.552117,58.332128],[29.547525,58.334539],[29.548985,58.335079],[29.544521,58.335688],[29.547139,58.337535],[29.543491,58.337445],[29.546024,58.340171],[29.539715,58.338278],[29.54023,58.340463],[29.535053,58.339982],[29.536426,58.341447],[29.531276,58.339599],[29.520161,58.342167],[29.518831,58.343474],[29.521105,58.344082],[29.519646,58.345591],[29.522994,58.346762],[29.520505,58.351266],[29.5172,58.349689],[29.513078,58.350793],[29.516125,58.348171],[29.514067,58.34728],[29.506297,58.350119],[29.50539,58.351174],[29.507319,58.352631],[29.502057,58.351348],[29.500849,58.354328],[29.497845,58.353315],[29.492996,58.359101],[29.482653,58.358201],[29.481924,58.359889],[29.473255,58.360272],[29.46583,58.364954],[29.455059,58.365539],[29.458277,58.366935],[29.451282,58.368803],[29.448578,58.372201],[29.442469,58.371372],[29.429846,58.364426],[29.429285,58.361887],[29.42343,58.359781],[29.421255,58.357206],[29.41289,58.357323],[29.415901,58.361737],[29.418736,58.362009],[29.418913,58.36838],[29.408987,58.370601],[29.386051,58.369408],[29.385447,58.372686],[29.382589,58.375217],[29.329588,58.372804],[29.290307,58.383643],[29.287049,58.382073],[29.267387,58.388074],[29.268097,58.389376],[29.26455,58.391467],[29.251378,58.390161],[29.251148,58.392073],[29.234448,58.393287],[29.232934,58.399161],[29.256482,58.397452],[29.281993,58.39876],[29.284251,58.397138],[29.289156,58.400655],[29.298745,58.403865],[29.294735,58.405843],[29.294943,58.411623],[29.286168,58.412918],[29.282578,58.408794],[29.279455,58.408812],[29.274183,58.404691],[29.269307,58.404514],[29.237693,58.408244],[29.241011,58.41616],[29.238344,58.41682],[29.2297,58.412974],[29.213168,58.414096],[29.203429,58.416636],[29.191427,58.417022],[29.183146,58.415415],[29.172337,58.416704],[29.163661,58.413237],[29.14743,58.412115],[29.140294,58.404428],[29.140887,58.393641],[29.13367,58.392428],[29.126616,58.398857],[29.106463,58.393723],[29.081751,58.393575],[29.071238,58.398729],[29.051458,58.40049],[29.043301,58.412919],[29.035355,58.410196],[29.020577,58.410519],[29.011079,58.408563],[28.999909,58.422028],[29.000274,58.428731],[28.995361,58.432],[28.987621,58.43325],[28.986832,58.431392],[28.977882,58.436546],[28.973024,58.43705],[28.97192,58.439362],[28.971408,58.437133],[28.962484,58.437269],[28.960604,58.439032],[28.964817,58.441794],[28.964029,58.446942],[28.9567,58.449659],[28.900585,58.461386],[28.897711,58.463412],[28.897667,58.466707],[28.894868,58.468192],[28.895266,58.47206],[28.893689,58.472142],[28.890221,58.466013],[28.876682,58.466295],[28.868808,58.461047],[28.858268,58.459926],[28.850711,58.454184],[28.836702,58.45504],[28.834069,58.457685],[28.830188,58.455148],[28.824645,58.456097],[28.818139,58.453085],[28.809898,58.453931],[28.807335,58.458059],[28.797675,58.462388],[28.798249,58.466169],[28.803471,58.469296],[28.80212,58.473057],[28.810752,58.475506],[28.812814,58.472687],[28.813011,58.476337],[28.81033,58.477285],[28.809778,58.481119],[28.807215,58.482707],[28.808226,58.486553],[28.805211,58.486981],[28.782768,58.480439],[28.780636,58.476944],[28.772161,58.478996],[28.779753,58.485852],[28.774899,58.487149],[28.77532,58.492506],[28.781879,58.497198],[28.778911,58.498711],[28.769454,58.49653],[28.762613,58.491326],[28.747718,58.492129],[28.748145,58.499213],[28.743866,58.499344],[28.734521,58.497304],[28.733023,58.499138],[28.726985,58.499583],[28.726266,58.497486],[28.733417,58.495285],[28.733693,58.493451],[28.730065,58.490477],[28.708655,58.492352],[28.698008,58.488313],[28.693079,58.4926],[28.687244,58.49194],[28.680935,58.495134],[28.669618,58.492991],[28.665558,58.49714],[28.665709,58.498699],[28.671397,58.500539],[28.670278,58.50269],[28.660537,58.504547],[28.659689,58.506372],[28.644154,58.507448],[28.641734,58.509757],[28.636254,58.510926],[28.637627,58.511465],[28.636597,58.513168],[28.639,58.514065],[28.637627,58.51532],[28.633507,58.515051],[28.622864,58.519802],[28.614031,58.520275],[28.614171,58.521789],[28.624961,58.528326],[28.615481,58.527845],[28.617349,58.533784],[28.610267,58.53505],[28.611132,58.540726],[28.620095,58.552143],[28.617371,58.552865],[28.610333,58.551252],[28.593902,58.554053],[28.573421,58.549396],[28.567444,58.551254],[28.569536,58.549427],[28.564425,58.547328],[28.562252,58.548819],[28.559065,58.54567],[28.550192,58.547901],[28.547682,58.545922],[28.549398,58.545295],[28.544903,58.543523],[28.546963,58.542806],[28.543015,58.541911],[28.544731,58.541731],[28.545602,58.539186],[28.542072,58.536986],[28.5405,58.539995],[28.534714,58.537857],[28.537139,58.540171],[28.511315,58.540127],[28.505906,58.539298],[28.504623,58.536795],[28.493012,58.537475],[28.492036,58.539178],[28.48197,58.541302],[28.480158,58.536471],[28.476338,58.536325],[28.47606,58.534637],[28.463008,58.534163],[28.464943,58.532219],[28.467164,58.532931],[28.469295,58.526899],[28.468732,58.524638],[28.462229,58.521977],[28.462774,58.520715],[28.466892,58.521432],[28.472951,58.518811],[28.467733,58.517047],[28.469264,58.515551],[28.467482,58.513719],[28.481526,58.511766],[28.481414,58.510234],[28.485681,58.509314],[28.480229,58.508262],[28.483168,58.498504],[28.498073,58.495471],[28.495832,58.494233],[28.496725,58.490995],[28.487239,58.491586],[28.483502,58.488623],[28.478565,58.489202],[28.477411,58.487507],[28.483319,58.486291],[28.483933,58.484355],[28.492336,58.480392],[28.484853,58.462807],[28.49712,58.46154],[28.495708,58.457381],[28.500466,58.45569],[28.499916,58.453985],[28.50469,58.451653],[28.502379,58.450421],[28.492883,58.450923],[28.491273,58.445548],[28.508768,58.443572],[28.512459,58.44086],[28.512145,58.437901],[28.509789,58.437737],[28.50869,58.434325],[28.511515,58.432604],[28.511752,58.429639],[28.522117,58.427132],[28.524857,58.420689],[28.526625,58.420312],[28.527634,58.413155],[28.517399,58.412992],[28.508013,58.407898],[28.506515,58.402795],[28.508125,58.399604],[28.507244,58.391185],[28.505687,58.390282],[28.506797,58.389482],[28.502115,58.387175],[28.51634,58.37688],[28.520803,58.37616],[28.523893,58.372019],[28.52973,58.37346],[28.533163,58.370399],[28.537626,58.371119],[28.540073,58.368951],[28.538623,58.368287],[28.537865,58.361723],[28.532425,58.359647],[28.526426,58.352684],[28.519226,58.348041],[28.526418,58.345412],[28.51836,58.340483],[28.513893,58.335029],[28.517703,58.33417],[28.523134,58.327052],[28.528715,58.329323],[28.532013,58.325304],[28.521196,58.32367],[28.523944,58.320413],[28.4862,58.316243],[28.494086,58.297549],[28.438423,58.290789]]]}},{"type":"Feature","id":"155262-1879","properties":{"id":"155262-1879","name":"Новоржевский муниципальный округ","name_ru":"Новоржевский муниципальный округ","subject_id":"155262","subject_name":"Псковская область","source_gid":1879,"source_fid":1989,"names_rosstat":"Новоржевский муниципальный округ","population":7556,"area_km2":1688.99289753397,"density_km2":4.473671861517126,"source":"Актуализированный объединённый GeoJSON, предоставленный преподавателем","name_en":"Novorzhevskii Municipal Okrug","name_zh":"Novorzhevskii市政专区","subject_name_en":"Pskov Oblast","subject_name_zh":"普斯科夫州"},"geometry":{"type":"Polygon","coordinates":[[[28.874284,57.14191],[28.875578,57.139765],[28.884472,57.139056],[28.894789,57.143331],[28.909348,57.132554],[28.903018,57.129264],[28.902804,57.125795],[28.889583,57.124329],[28.889051,57.12269],[28.883091,57.123391],[28.878525,57.118555],[28.906548,57.117388],[28.908731,57.121282],[28.912661,57.123754],[28.925058,57.124303],[28.927865,57.121797],[28.937026,57.121091],[28.963132,57.12357],[28.968969,57.129618],[28.978135,57.131844],[28.981842,57.126753],[28.986992,57.125581],[28.989061,57.122908],[29.002075,57.123057],[29.01491,57.118792],[29.029174,57.124375],[29.045577,57.122482],[29.045577,57.119796],[29.04747,57.119201],[29.05162,57.120193],[29.055074,57.118715],[29.060785,57.120337],[29.057009,57.115155],[29.070983,57.109851],[29.076048,57.104374],[29.075709,57.099802],[29.084072,57.087772],[29.082211,57.081978],[29.08364,57.081062],[29.08434,57.073367],[29.097454,57.059528],[29.09467,57.054614],[29.099047,57.051412],[29.094628,57.050862],[29.096701,57.046927],[29.101191,57.045604],[29.097498,57.04359],[29.097983,57.040736],[29.095338,57.038649],[29.090621,57.037498],[29.088637,57.039297],[29.084537,57.036059],[29.086345,57.032676],[29.102967,57.023919],[29.104353,57.018471],[29.097416,57.015007],[29.09902,57.012061],[29.105105,57.008207],[29.09746,57.000364],[29.08834,56.99991],[29.090857,56.993123],[29.087355,56.990379],[29.074861,56.988531],[29.05886,56.978735],[29.047041,56.977761],[29.050432,56.971825],[29.049297,56.966672],[29.035495,56.960195],[29.038035,56.954596],[29.047172,56.945701],[29.052324,56.946593],[29.055106,56.935943],[29.050396,56.934655],[29.04359,56.939688],[29.039989,56.939897],[29.036104,56.937818],[29.03807,56.932382],[29.037054,56.930715],[29.042816,56.924106],[29.048969,56.925044],[29.058975,56.92338],[29.056116,56.918168],[29.059333,56.917685],[29.062115,56.921169],[29.064748,56.921482],[29.062805,56.915144],[29.059268,56.911748],[29.062064,56.908622],[29.058544,56.899426],[29.051331,56.894932],[29.042521,56.895368],[29.033049,56.892696],[29.040413,56.887435],[29.035653,56.88626],[29.028532,56.887561],[29.016399,56.880134],[29.013161,56.874872],[29.018421,56.875461],[29.029051,56.872777],[29.039337,56.867627],[29.048183,56.868236],[29.047339,56.866588],[29.052286,56.86641],[29.052481,56.86456],[29.056842,56.86456],[29.070444,56.859579],[29.071876,56.858298],[29.070509,56.854241],[29.072917,56.852996],[29.075151,56.848314],[29.070378,56.847335],[29.071538,56.845287],[29.069583,56.841154],[29.073726,56.840792],[29.073162,56.839541],[29.075449,56.837782],[29.080785,56.839504],[29.076715,56.843775],[29.078729,56.84702],[29.095865,56.847519],[29.09488,56.846078],[29.097106,56.844419],[29.108313,56.844148],[29.106707,56.842094],[29.110347,56.835099],[29.128889,56.840847],[29.139857,56.83819],[29.147114,56.839824],[29.151586,56.837553],[29.152638,56.835038],[29.164476,56.835348],[29.184839,56.832524],[29.185245,56.834753],[29.180215,56.840528],[29.182758,56.848264],[29.195857,56.850822],[29.195239,56.856894],[29.201055,56.858434],[29.199832,56.861783],[29.210379,56.866773],[29.215745,56.866933],[29.218133,56.864959],[29.224315,56.869375],[29.228661,56.869911],[29.239162,56.867169],[29.242258,56.869037],[29.249607,56.862495],[29.256329,56.864691],[29.275211,56.877213],[29.289938,56.869124],[29.299318,56.871688],[29.298072,56.872849],[29.299172,56.874652],[29.301883,56.875733],[29.31669,56.879757],[29.321754,56.876339],[29.322867,56.873579],[29.325582,56.873873],[29.325598,56.876279],[29.329588,56.875515],[29.331764,56.877186],[29.334925,56.875203],[29.333992,56.872768],[29.331401,56.872088],[29.334459,56.870276],[29.335081,56.863534],[29.341092,56.86005],[29.342077,56.857585],[29.341439,56.845512],[29.344462,56.845961],[29.34516,56.842708],[29.347414,56.842226],[29.341945,56.840305],[29.341532,56.835361],[29.344331,56.836098],[29.347351,56.832905],[29.346686,56.831664],[29.35391,56.829991],[29.354575,56.828342],[29.363919,56.829691],[29.368273,56.828275],[29.381681,56.828628],[29.383176,56.824836],[29.388327,56.823878],[29.400712,56.828046],[29.408329,56.825381],[29.422341,56.832815],[29.42738,56.832175],[29.432143,56.8342],[29.440341,56.8402],[29.448339,56.836144],[29.463068,56.839283],[29.465098,56.838445],[29.466321,56.839648],[29.465446,56.841955],[29.458917,56.843366],[29.459069,56.846415],[29.453331,56.849059],[29.450951,56.845298],[29.446809,56.848841],[29.447016,56.851264],[29.450628,56.851304],[29.449366,56.852237],[29.455059,56.858793],[29.451736,56.861286],[29.452727,56.863749],[29.44884,56.865306],[29.456566,56.871432],[29.460905,56.867387],[29.457582,56.86332],[29.453758,56.862327],[29.454845,56.860176],[29.457153,56.860519],[29.457661,56.862453],[29.462118,56.860422],[29.466484,56.865209],[29.47041,56.863965],[29.467639,56.860052],[29.468951,56.855851],[29.473652,56.856201],[29.47437,56.857943],[29.472586,56.859746],[29.47911,56.869926],[29.487543,56.875583],[29.484305,56.879574],[29.48983,56.884136],[29.500166,56.88509],[29.498526,56.887602],[29.502026,56.891844],[29.493333,56.892144],[29.491143,56.894682],[29.494479,56.898505],[29.48808,56.902029],[29.489065,56.904299],[29.499672,56.904136],[29.498692,56.907192],[29.503692,56.910567],[29.515266,56.909708],[29.52322,56.912291],[29.532909,56.922773],[29.541449,56.918296],[29.547517,56.923018],[29.55234,56.929572],[29.551447,56.932731],[29.558192,56.941075],[29.566732,56.941412],[29.571283,56.948032],[29.569039,56.954443],[29.572755,56.960697],[29.571986,56.962059],[29.577433,56.963666],[29.58384,56.971001],[29.595496,56.978846],[29.596167,56.980919],[29.592053,56.984228],[29.594636,56.987215],[29.593815,56.9891],[29.587093,56.988288],[29.585791,56.990143],[29.578005,56.991301],[29.581975,56.995177],[29.603364,56.998128],[29.600702,57.003033],[29.607256,57.009194],[29.59906,57.013548],[29.601189,57.01821],[29.600477,57.020087],[29.605901,57.020159],[29.607261,57.022379],[29.614465,57.018654],[29.627151,57.017398],[29.627381,57.029564],[29.620335,57.033908],[29.624149,57.035717],[29.632283,57.044807],[29.6373,57.043853],[29.638614,57.046268],[29.638601,57.048284],[29.631669,57.055847],[29.642548,57.059751],[29.656655,57.060313],[29.662932,57.063758],[29.649624,57.06699],[29.64923,57.076084],[29.659998,57.078402],[29.658143,57.081769],[29.649424,57.086876],[29.637709,57.087566],[29.632722,57.095618],[29.639777,57.107495],[29.646873,57.109799],[29.647687,57.111622],[29.638791,57.114832],[29.634721,57.120275],[29.628959,57.118842],[29.628725,57.116672],[29.62496,57.116466],[29.625054,57.114321],[29.621426,57.115607],[29.621384,57.11782],[29.612445,57.118024],[29.608917,57.120732],[29.601201,57.11925],[29.598782,57.122586],[29.592969,57.124358],[29.588174,57.123793],[29.587112,57.126567],[29.579083,57.125924],[29.56911,57.127977],[29.559316,57.135075],[29.560607,57.137831],[29.567335,57.142823],[29.566636,57.146444],[29.570388,57.150011],[29.56332,57.151275],[29.560291,57.149681],[29.549692,57.158223],[29.553193,57.16497],[29.528596,57.167675],[29.527805,57.169423],[29.536504,57.171105],[29.545576,57.176992],[29.564973,57.18225],[29.578238,57.190801],[29.571257,57.191876],[29.569407,57.198868],[29.578614,57.202596],[29.578082,57.207599],[29.580815,57.207594],[29.581083,57.21157],[29.574621,57.212774],[29.574353,57.229451],[29.572022,57.232957],[29.574781,57.237566],[29.578532,57.236777],[29.59891,57.240598],[29.601532,57.244109],[29.585342,57.253794],[29.589531,57.257138],[29.581704,57.261978],[29.567542,57.267332],[29.572287,57.271222],[29.568564,57.272894],[29.568647,57.27781],[29.556054,57.282287],[29.564567,57.294029],[29.557442,57.296949],[29.554128,57.302742],[29.548783,57.302989],[29.549422,57.301326],[29.547096,57.299015],[29.531488,57.294705],[29.5245,57.302012],[29.50114,57.309746],[29.493825,57.31016],[29.482272,57.315419],[29.48892,57.32219],[29.48531,57.32427],[29.483772,57.327996],[29.475332,57.328847],[29.474834,57.326726],[29.469668,57.328219],[29.465429,57.326214],[29.464191,57.320098],[29.458206,57.315214],[29.445213,57.31905],[29.440916,57.324478],[29.440465,57.328029],[29.437423,57.329325],[29.434975,57.327958],[29.4317,57.329951],[29.429219,57.33526],[29.430571,57.336534],[29.426699,57.337164],[29.425353,57.339016],[29.421762,57.337021],[29.420695,57.333995],[29.416524,57.332745],[29.415812,57.327686],[29.403082,57.324677],[29.393556,57.330689],[29.388637,57.328714],[29.385373,57.331846],[29.375903,57.331456],[29.373698,57.335071],[29.369082,57.336297],[29.366105,57.334731],[29.364743,57.336138],[29.365939,57.339089],[29.371919,57.343578],[29.357045,57.346638],[29.344818,57.340543],[29.338441,57.342108],[29.336943,57.338922],[29.325802,57.337334],[29.326788,57.335343],[29.319885,57.33607],[29.319186,57.332209],[29.311135,57.329811],[29.292868,57.324709],[29.275493,57.323678],[29.279011,57.327704],[29.280076,57.332054],[29.272356,57.33242],[29.266518,57.338756],[29.262695,57.339813],[29.26195,57.343371],[29.243432,57.34765],[29.234882,57.35323],[29.227603,57.350787],[29.217292,57.354327],[29.22428,57.339004],[29.231608,57.333158],[29.229843,57.329646],[29.2322,57.32839],[29.231074,57.325407],[29.224763,57.323824],[29.22058,57.318486],[29.212315,57.318371],[29.213643,57.31561],[29.212501,57.314645],[29.200045,57.315878],[29.197175,57.308064],[29.1881,57.311529],[29.178349,57.31243],[29.173366,57.306155],[29.164859,57.309485],[29.156496,57.307505],[29.153521,57.309883],[29.149653,57.309777],[29.14697,57.307959],[29.149615,57.306855],[29.150095,57.303577],[29.142628,57.300939],[29.144792,57.294867],[29.142207,57.290353],[29.13316,57.290568],[29.132763,57.286373],[29.12619,57.282667],[29.131021,57.280171],[29.142799,57.27803],[29.140858,57.274056],[29.143637,57.27196],[29.142901,57.269767],[29.140527,57.266492],[29.136575,57.265127],[29.140211,57.263039],[29.134366,57.260464],[29.135584,57.256262],[29.130926,57.249841],[29.122935,57.248212],[29.118007,57.249903],[29.108541,57.248391],[29.095469,57.242652],[29.089219,57.235513],[29.081255,57.234033],[29.067177,57.236466],[29.067718,57.234733],[29.056479,57.229504],[29.042086,57.230962],[29.040854,57.234689],[29.03636,57.237081],[29.030283,57.237386],[29.02751,57.236731],[29.027553,57.235034],[29.032004,57.233643],[29.026554,57.230779],[29.018734,57.233171],[29.012997,57.228439],[28.995267,57.230941],[28.985068,57.224431],[28.974647,57.224124],[28.961011,57.203025],[28.953395,57.198715],[28.950935,57.194657],[28.945081,57.193571],[28.945521,57.188456],[28.947441,57.186588],[28.937443,57.185639],[28.933913,57.182769],[28.927774,57.181437],[28.916642,57.18272],[28.911606,57.180698],[28.88256,57.180842],[28.88396,57.178256],[28.875302,57.170997],[28.897344,57.168197],[28.897919,57.164791],[28.894169,57.163366],[28.900217,57.15708],[28.894046,57.153274],[28.888612,57.152507],[28.874284,57.14191]]]}}],"metadata":{"source_en":"Updated consolidated GeoJSON supplied by the instructor","source_zh":"教师提供的更新版合并GeoJSON","license_en":"Source-dataset terms were not specified; use within the author-created educational platform","license_zh":"原始数据集未注明许可条款；仅用于本作者教育平台"}}