{"type":"FeatureCollection","features":[{"type":"Feature","id":"145195-270","properties":{"id":"145195-270","name":"Пий-Хемский кожуун","name_ru":"Пий-Хемский кожуун","subject_id":"145195","subject_name":"Тыва","source_gid":270,"source_fid":332,"names_rosstat":"Пий-Хемский муниципальный район","population":10231,"area_km2":8107.701278716475,"density_km2":1.2618866492846001,"source":"Актуализированный объединённый GeoJSON, предоставленный преподавателем","name_en":"Pii-Khemskii Kozhuun","name_zh":"Pii-Khemskii区","subject_name_en":"Tuva","subject_name_zh":"图瓦共和国"},"geometry":{"type":"Polygon","coordinates":[[[92.898372,51.868922],[92.891879,51.839367],[92.904309,51.835456],[92.955252,51.824281],[92.968378,51.82565],[92.982279,51.836525],[92.996888,51.839295],[93.005223,51.834735],[93.015247,51.835967],[93.018605,51.840612],[93.035242,51.835525],[93.045384,51.837421],[93.049799,51.84295],[93.062346,51.844445],[93.075011,51.85069],[93.091836,51.84355],[93.093592,51.839211],[93.102609,51.837442],[93.115922,51.845414],[93.13198,51.847773],[93.14081,51.85965],[93.139276,51.868082],[93.152417,51.873789],[93.161378,51.872393],[93.191785,51.885337],[93.201253,51.87717],[93.221655,51.868975],[93.238391,51.867655],[93.243356,51.870665],[93.263254,51.861982],[93.264467,51.85602],[93.258471,51.84947],[93.266823,51.836615],[93.289952,51.824404],[93.298392,51.823417],[93.321834,51.836783],[93.339867,51.835758],[93.370147,51.846128],[93.391469,51.842171],[93.424602,51.844909],[93.42216,51.85909],[93.432818,51.863097],[93.432609,51.866954],[93.447088,51.872576],[93.481889,51.874622],[93.490942,51.879511],[93.503084,51.877853],[93.510951,51.884917],[93.537082,51.885929],[93.551823,51.899429],[93.564208,51.903594],[93.577396,51.892432],[93.592886,51.889622],[93.582524,51.878704],[93.590985,51.872651],[93.592223,51.86551],[93.601573,51.863054],[93.600893,51.854629],[93.624303,51.83232],[93.622262,51.829949],[93.628228,51.824095],[93.640753,51.826165],[93.648969,51.820968],[93.662697,51.821539],[93.665638,51.827579],[93.729838,51.852402],[93.751746,51.846041],[93.746976,51.835629],[93.749503,51.823318],[93.7948,51.816153],[93.80222,51.806496],[93.817198,51.799649],[93.815413,51.796544],[93.823139,51.795008],[93.852426,51.806065],[93.861687,51.818722],[93.867349,51.821205],[93.87184,51.831996],[93.907709,51.853951],[93.948516,51.856311],[93.979616,51.848902],[93.986004,51.841286],[93.994232,51.843664],[93.99175,51.845801],[93.999281,51.850591],[94.078719,51.844732],[94.081815,51.848816],[94.097602,51.852228],[94.104575,51.846886],[94.117601,51.850643],[94.126534,51.840694],[94.14062,51.845416],[94.178665,51.839798],[94.190632,51.828936],[94.192472,51.810913],[94.233726,51.782193],[94.227148,51.767291],[94.253277,51.740399],[94.290035,51.727218],[94.300726,51.713575],[94.322991,51.706319],[94.408497,51.73283],[94.424508,51.756249],[94.421136,51.767883],[94.433698,51.771018],[94.446776,51.76747],[94.443392,51.807323],[94.421323,51.819856],[94.423364,51.823043],[94.44377,51.821028],[94.442066,51.830328],[94.447436,51.829065],[94.451904,51.834834],[94.446383,51.836886],[94.451887,51.843898],[94.435504,51.849233],[94.442502,51.854595],[94.464396,51.845521],[94.469893,51.841096],[94.467698,51.841212],[94.469385,51.836255],[94.470717,51.834749],[94.47725,51.834846],[94.487247,51.814634],[94.485706,51.808183],[94.490827,51.817157],[94.487261,51.829726],[94.48129,51.832535],[94.473812,51.843809],[94.460522,51.851365],[94.455951,51.864948],[94.448315,51.869301],[94.433296,51.86909],[94.423312,51.873108],[94.423539,51.876693],[94.435791,51.877543],[94.440565,51.87975],[94.445088,51.89725],[94.412078,51.917551],[94.404032,51.930212],[94.431964,51.952614],[94.486652,51.962901],[94.492475,51.973451],[94.485,51.9865],[94.497804,52.011268],[94.490149,52.022649],[94.484444,52.024714],[94.469869,52.022187],[94.452496,52.011907],[94.409659,52.016729],[94.407315,52.021849],[94.419039,52.026183],[94.419752,52.032725],[94.406161,52.043596],[94.402739,52.050656],[94.39245,52.05321],[94.371926,52.051422],[94.358815,52.056422],[94.354309,52.066284],[94.381077,52.088341],[94.382365,52.098241],[94.376721,52.108047],[94.354382,52.119873],[94.355779,52.130077],[94.370241,52.139296],[94.398651,52.146289],[94.424144,52.164021],[94.456361,52.161606],[94.464837,52.165055],[94.469762,52.170905],[94.468464,52.1863],[94.472455,52.195915],[94.488258,52.199078],[94.501251,52.19362],[94.512146,52.196044],[94.529119,52.216676],[94.523829,52.225889],[94.554972,52.244793],[94.566817,52.260241],[94.571986,52.273843],[94.597564,52.27983],[94.59368,52.301814],[94.595911,52.31534],[94.585569,52.318763],[94.547675,52.315602],[94.539285,52.320311],[94.543147,52.32477],[94.559787,52.325124],[94.575226,52.331963],[94.589099,52.331707],[94.61768,52.315359],[94.624836,52.324501],[94.639556,52.328088],[94.642925,52.324993],[94.632207,52.309016],[94.640179,52.305901],[94.649341,52.307921],[94.656926,52.317169],[94.677874,52.325704],[94.693276,52.339705],[94.711209,52.34428],[94.708891,52.354573],[94.711139,52.363205],[94.705356,52.369222],[94.716321,52.373359],[94.717201,52.377826],[94.700732,52.384814],[94.698876,52.391002],[94.704573,52.394576],[94.750015,52.399231],[94.749597,52.403591],[94.743202,52.408005],[94.750074,52.41043],[94.747387,52.426553],[94.756361,52.437736],[94.75804,52.451145],[94.77055,52.460001],[94.78578,52.461775],[94.79896,52.456899],[94.806371,52.450102],[94.815429,52.449532],[94.825316,52.45324],[94.842514,52.46938],[94.857325,52.464437],[94.895539,52.476141],[94.913737,52.476117],[94.917156,52.480921],[94.939276,52.491485],[94.93781,52.499101],[94.9433,52.505256],[94.943214,52.514612],[94.964311,52.514688],[94.993825,52.531277],[95.015342,52.529725],[95.060031,52.543108],[95.068355,52.545966],[95.066356,52.555351],[95.060112,52.564959],[95.03444,52.572059],[95.03154,52.57945],[95.01098,52.587984],[95.005216,52.600089],[94.99937,52.601709],[94.971492,52.632262],[94.981021,52.64823],[94.978465,52.656033],[94.986943,52.698348],[94.94986,52.69882],[94.933715,52.702271],[94.92466,52.701551],[94.912789,52.693312],[94.89999,52.698055],[94.892466,52.696074],[94.842992,52.712128],[94.825527,52.725546],[94.81629,52.718722],[94.798089,52.714091],[94.792558,52.723732],[94.795664,52.735833],[94.791025,52.744354],[94.792403,52.749885],[94.789203,52.751377],[94.792698,52.755481],[94.789387,52.760966],[94.794428,52.773274],[94.787622,52.780664],[94.788009,52.785597],[94.792577,52.788623],[94.79101,52.792504],[94.78724,52.794318],[94.788924,52.796511],[94.781363,52.808265],[94.771217,52.817205],[94.764251,52.843014],[94.74448,52.85749],[94.728448,52.864201],[94.715195,52.878512],[94.68226,52.873874],[94.66546,52.875142],[94.645536,52.867196],[94.604406,52.87508],[94.568603,52.856528],[94.494385,52.843567],[94.485934,52.847001],[94.481361,52.856102],[94.496471,52.867605],[94.498315,52.877653],[94.494474,52.881146],[94.497393,52.886894],[94.493231,52.891667],[94.449952,52.893028],[94.447896,52.896815],[94.451035,52.902226],[94.43426,52.902659],[94.399196,52.914888],[94.378525,52.911966],[94.354283,52.895679],[94.331448,52.893298],[94.320626,52.898276],[94.296925,52.898276],[94.279934,52.886263],[94.261753,52.883774],[94.244221,52.864402],[94.223117,52.856719],[94.209265,52.859532],[94.191083,52.845788],[94.174525,52.841459],[94.167166,52.833775],[94.141842,52.831178],[94.14747,52.820626],[94.159374,52.813159],[94.151799,52.799956],[94.138271,52.791948],[94.131886,52.782208],[94.140002,52.77539],[94.137513,52.770899],[94.13957,52.754449],[94.130154,52.754232],[94.093575,52.73854],[94.09574,52.72117],[94.091519,52.710889],[94.096822,52.707967],[94.103532,52.688163],[94.095632,52.678423],[94.063165,52.666302],[94.058078,52.660891],[94.034161,52.660025],[93.999205,52.649311],[93.981457,52.638489],[93.973124,52.625448],[93.941523,52.613327],[93.948557,52.606725],[93.965223,52.601747],[93.958297,52.58665],[93.960354,52.581023],[93.952453,52.578317],[93.943363,52.566196],[93.919445,52.558404],[93.912627,52.543253],[93.898234,52.531078],[93.859707,52.519877],[93.860248,52.512193],[93.843473,52.50359],[93.833733,52.504239],[93.829404,52.495689],[93.832435,52.478482],[93.81566,52.465496],[93.807977,52.450886],[93.767515,52.451383],[93.765878,52.434219],[93.753649,52.424642],[93.763605,52.399209],[93.765445,52.381136],[93.754407,52.376429],[93.756896,52.371775],[93.752567,52.362035],[93.740771,52.358247],[93.736442,52.354027],[93.736767,52.348399],[93.725403,52.344395],[93.716096,52.326538],[93.687092,52.316366],[93.678002,52.307275],[93.684712,52.297102],[93.677569,52.277243],[93.681357,52.267395],[93.66653,52.257547],[93.655817,52.240935],[93.676812,52.212364],[93.668479,52.209226],[93.662094,52.201217],[93.648133,52.199053],[93.642072,52.192993],[93.622917,52.196239],[93.605277,52.187906],[93.59348,52.189638],[93.583957,52.182549],[93.582117,52.17032],[93.576273,52.166857],[93.560689,52.169238],[93.546404,52.176488],[93.514153,52.170807],[93.472163,52.171023],[93.431796,52.149487],[93.420216,52.135418],[93.400195,52.133903],[93.394784,52.127193],[93.330933,52.126111],[93.309181,52.104683],[93.296844,52.101328],[93.274983,52.085095],[93.266325,52.084229],[93.258641,52.078818],[93.254854,52.074056],[93.257126,52.069619],[93.24717,52.063234],[93.244573,52.044837],[93.237214,52.037694],[93.204206,52.032283],[93.188514,52.035421],[93.146524,52.015617],[93.146632,52.009773],[93.137217,52.003171],[93.130507,51.985748],[93.119252,51.977631],[93.119036,51.966484],[93.107348,51.963887],[93.082998,51.950035],[93.075964,51.935858],[93.01168,51.914159],[92.957677,51.915782],[92.947937,51.904636],[92.904432,51.879745],[92.904324,51.872819],[92.898372,51.868922]]]}},{"type":"Feature","id":"145195-297","properties":{"id":"145195-297","name":"Сут-Хольский кожуун","name_ru":"Сут-Хольский кожуун","subject_id":"145195","subject_name":"Тыва","source_gid":297,"source_fid":363,"names_rosstat":"Сут-Хольский муниципальный район","population":7964,"area_km2":6527.6246975610675,"density_km2":1.2200456320620898,"source":"Актуализированный объединённый GeoJSON, предоставленный преподавателем","name_en":"Sut-Khol'skii Kozhuun","name_zh":"Sut-Khol'skii区","subject_name_en":"Tuva","subject_name_zh":"图瓦共和国"},"geometry":{"type":"Polygon","coordinates":[[[90.011062,51.961587],[90.01836,51.947546],[90.02993,51.936453],[90.060964,51.936352],[90.062711,51.923581],[90.057803,51.907957],[90.067797,51.89921],[90.06074,51.882787],[90.067047,51.861113],[90.073104,51.8543],[90.073127,51.84689],[90.083334,51.832298],[90.081351,51.819487],[90.102107,51.803489],[90.108769,51.791009],[90.121566,51.784685],[90.117587,51.778847],[90.127914,51.767441],[90.161044,51.760011],[90.199558,51.771384],[90.201538,51.782686],[90.238511,51.786498],[90.246654,51.792283],[90.267672,51.796979],[90.29111,51.811064],[90.308166,51.812152],[90.326102,51.807866],[90.338756,51.812629],[90.362305,51.803784],[90.364615,51.798068],[90.375619,51.792283],[90.402029,51.784115],[90.413692,51.770703],[90.446374,51.768388],[90.456167,51.762463],[90.4631,51.750952],[90.447805,51.737393],[90.445604,51.716605],[90.43515,51.714764],[90.422606,51.700376],[90.409071,51.691373],[90.410391,51.682436],[90.402248,51.674863],[90.413583,51.654182],[90.404229,51.627481],[90.481256,51.613817],[90.489949,51.59222],[90.532754,51.545642],[90.532974,51.534349],[90.537596,51.529558],[90.5508,51.526477],[90.570607,51.511755],[90.585857,51.479917],[90.585343,51.473602],[90.595098,51.465766],[90.604083,51.43217],[90.615762,51.416084],[90.613324,51.411441],[90.696623,51.338613],[90.702846,51.32612],[90.715828,51.316612],[90.729003,51.314721],[90.725892,51.294196],[90.752349,51.285367],[90.75722,51.278844],[90.771403,51.273112],[90.789685,51.278736],[90.794299,51.288131],[90.799964,51.290855],[90.827258,51.287796],[90.832987,51.283971],[90.843222,51.28597],[90.845154,51.27986],[90.856419,51.277152],[90.856118,51.270991],[90.864165,51.266265],[90.863113,51.259954],[90.871439,51.254422],[90.889893,51.25692],[90.896845,51.265164],[90.909548,51.264493],[90.925941,51.26938],[90.958257,51.280226],[90.966175,51.286279],[90.978277,51.285528],[90.984285,51.290573],[90.992525,51.289094],[90.993319,51.292922],[91.004198,51.29323],[91.004841,51.297846],[91.017609,51.298128],[91.02366,51.303172],[91.034303,51.297054],[91.049495,51.299416],[91.052134,51.304487],[91.079235,51.30277],[91.08917,51.308189],[91.10952,51.293115],[91.137593,51.284354],[91.14627,51.273067],[91.179708,51.274316],[91.185632,51.292386],[91.197775,51.304413],[91.240233,51.320868],[91.28207,51.326462],[91.325294,51.312737],[91.351534,51.312773],[91.373361,51.328192],[91.359196,51.375542],[91.362425,51.384872],[91.356837,51.403346],[91.359377,51.418191],[91.379279,51.433581],[91.393355,51.432297],[91.409988,51.441993],[91.401938,51.445138],[91.415156,51.451236],[91.408289,51.457333],[91.414641,51.458189],[91.420821,51.464606],[91.417559,51.478079],[91.420992,51.483531],[91.416529,51.487593],[91.429919,51.492724],[91.425455,51.499457],[91.439188,51.503731],[91.440047,51.509928],[91.450518,51.511851],[91.454981,51.508859],[91.470431,51.513026],[91.476096,51.518688],[91.484507,51.517406],[91.492744,51.522183],[91.491888,51.528087],[91.498412,51.533213],[91.489852,51.537103],[91.493266,51.540533],[91.492746,51.550145],[91.499205,51.555461],[91.496965,51.562395],[91.50133,51.572065],[91.515406,51.573239],[91.520384,51.57836],[91.53343,51.582093],[91.549738,51.581133],[91.556948,51.58668],[91.567076,51.585187],[91.570509,51.592013],[91.58613,51.596918],[91.598833,51.605448],[91.633337,51.600437],[91.641406,51.610459],[91.663035,51.618986],[91.685523,51.633159],[91.665065,51.664907],[91.636387,51.684811],[91.609196,51.69254],[91.586992,51.711231],[91.583878,51.720568],[91.586764,51.74305],[91.593446,51.748128],[91.591016,51.757437],[91.594813,51.760727],[91.583118,51.784317],[91.611217,51.80874],[91.610761,51.829583],[91.675759,51.830973],[91.699275,51.82436],[91.771061,51.797604],[91.802746,51.77812],[91.820866,51.757679],[91.831752,51.753434],[91.837777,51.753083],[91.840189,51.759283],[91.852111,51.760403],[91.859271,51.766823],[91.872163,51.759079],[91.871044,51.75399],[91.891994,51.756259],[91.896733,51.746758],[91.889756,51.744958],[91.891327,51.74084],[91.900109,51.743066],[91.903724,51.73941],[91.890244,51.733649],[91.898707,51.731731],[91.902892,51.726009],[91.919538,51.729818],[91.925617,51.740031],[91.930278,51.741834],[91.92736,51.768645],[91.919228,51.772993],[91.914208,51.78892],[91.905021,51.800901],[91.916713,51.834384],[91.909971,51.838801],[91.903813,51.853661],[91.87784,51.867513],[91.860849,51.861452],[91.850568,51.862751],[91.839313,51.85918],[91.823188,51.866106],[91.804399,51.886579],[91.793452,51.884712],[91.781656,51.876141],[91.765787,51.87071],[91.739225,51.865703],[91.729635,51.872492],[91.701036,51.871473],[91.694671,51.876565],[91.635097,51.87945],[91.59275,51.891585],[91.585282,51.901514],[91.533346,51.909322],[91.509499,51.906988],[91.507971,51.903593],[91.485653,51.894428],[91.463249,51.891458],[91.453065,51.896974],[91.428539,51.898671],[91.413519,51.895446],[91.382204,51.898841],[91.355302,51.891458],[91.275361,51.895828],[91.261443,51.89116],[91.259746,51.876564],[91.252448,51.883013],[91.237512,51.886493],[91.232675,51.89447],[91.179211,51.902404],[91.174459,51.897822],[91.164869,51.899264],[91.154855,51.914794],[91.128547,51.924214],[91.105294,51.939871],[91.072364,51.95189],[91.059129,51.944793],[91.02739,51.946235],[90.995736,51.935373],[90.969768,51.937706],[90.947788,51.930238],[90.940235,51.931087],[90.930222,51.925359],[90.913079,51.92748],[90.874891,51.910168],[90.856306,51.906349],[90.849343,51.900385],[90.844085,51.901767],[90.837381,51.903973],[90.838484,51.908301],[90.845358,51.910762],[90.843406,51.916108],[90.83509,51.921582],[90.836448,51.926928],[90.830762,51.931511],[90.826773,51.948568],[90.820238,51.951708],[90.822784,51.961001],[90.818202,51.968044],[90.803944,51.972203],[90.799362,51.984932],[90.789263,51.988157],[90.772091,52.006806],[90.76007,52.013615],[90.765925,52.023035],[90.767113,52.040432],[90.76584,52.047985],[90.755402,52.053586],[90.751753,52.070304],[90.736053,52.074334],[90.730876,52.082736],[90.714413,52.090288],[90.693536,52.090543],[90.666295,52.096992],[90.633029,52.093725],[90.59153,52.120924],[90.567768,52.129749],[90.558348,52.12907],[90.531362,52.145915],[90.51651,52.174938],[90.495804,52.187243],[90.488461,52.195602],[90.43472,52.179217],[90.425617,52.184297],[90.396362,52.185383],[90.380289,52.193383],[90.3745,52.201476],[90.358615,52.203331],[90.348315,52.20089],[90.344559,52.194048],[90.322316,52.184312],[90.317983,52.176965],[90.297019,52.17004],[90.292629,52.169461],[90.282347,52.177695],[90.261652,52.17053],[90.253919,52.175734],[90.241061,52.15936],[90.193806,52.156137],[90.18472,52.147625],[90.163829,52.154156],[90.145333,52.150871],[90.138574,52.140034],[90.146642,52.135806],[90.147564,52.127853],[90.140912,52.123227],[90.138497,52.114186],[90.148633,52.104637],[90.147902,52.098304],[90.154513,52.089543],[90.151825,52.084247],[90.158947,52.073762],[90.158465,52.060766],[90.149953,52.058506],[90.137946,52.046988],[90.131998,52.034247],[90.111641,52.033575],[90.102327,52.019758],[90.083299,52.015483],[90.075817,52.008289],[90.071497,51.99217],[90.053908,51.978973],[90.045184,51.973643],[90.017099,51.969936],[90.011062,51.961587]]]}},{"type":"Feature","id":"145195-344","properties":{"id":"145195-344","name":"Тес-Хемский кожуун","name_ru":"Тес-Хемский кожуун","subject_id":"145195","subject_name":"Тыва","source_gid":344,"source_fid":421,"names_rosstat":"Тес-Хемский муниципальный район","population":8759,"area_km2":6656.495405318235,"density_km2":1.3158575897163485,"source":"Актуализированный объединённый GeoJSON, предоставленный преподавателем","name_en":"Tes-Khemskii Kozhuun","name_zh":"Tes-Khemskii区","subject_name_en":"Tuva","subject_name_zh":"图瓦共和国"},"geometry":{"type":"Polygon","coordinates":[[[93.243033,50.885104],[93.247586,50.87307],[93.247166,50.857783],[93.255397,50.849348],[93.250748,50.842616],[93.289703,50.835225],[93.28802,50.826211],[93.297243,50.815924],[93.323092,50.799408],[93.32604,50.794547],[93.324859,50.780464],[93.31574,50.774219],[93.315949,50.765071],[93.372611,50.707615],[93.313905,50.697266],[93.295126,50.689456],[93.319821,50.667382],[93.337391,50.658077],[93.343519,50.645949],[93.387665,50.63143],[93.397457,50.634504],[93.444665,50.626033],[93.454425,50.629745],[93.511306,50.617231],[93.51801,50.6123],[93.517895,50.604538],[93.527135,50.604838],[93.527728,50.608378],[93.531924,50.608686],[93.536636,50.600585],[93.542206,50.605979],[93.544693,50.602191],[93.553091,50.6033],[93.558155,50.612152],[93.564381,50.610319],[93.559832,50.606956],[93.563161,50.602841],[93.572002,50.605015],[93.570786,50.608706],[93.573725,50.609715],[93.581355,50.604677],[93.635982,50.607075],[93.66696,50.590454],[93.703414,50.586223],[93.750397,50.595264],[93.856174,50.601052],[93.941044,50.589895],[93.994415,50.604832],[94.031017,50.596734],[94.240407,50.58776],[94.283748,50.571925],[94.295945,50.553181],[94.304671,50.525916],[94.341509,50.501224],[94.376576,50.300364],[94.382595,50.281149],[94.383767,50.239549],[94.389747,50.213977],[94.397627,50.205336],[94.420751,50.191869],[94.445365,50.189034],[94.452868,50.192954],[94.461283,50.189846],[94.475441,50.191997],[94.494223,50.183802],[94.494313,50.181004],[94.520289,50.174252],[94.519775,50.169288],[94.524944,50.163605],[94.521007,50.162209],[94.52464,50.153384],[94.530946,50.151465],[94.522157,50.141005],[94.530059,50.135946],[94.558375,50.139485],[94.659389,50.141133],[94.639061,50.159493],[94.628771,50.209004],[94.63429,50.225592],[94.659085,50.257111],[94.673587,50.269445],[94.69654,50.28174],[94.771006,50.309893],[94.803284,50.326449],[94.813432,50.347106],[94.84587,50.354368],[94.865525,50.37048],[94.856356,50.384784],[94.961071,50.469759],[94.976263,50.47829],[94.999411,50.484912],[95.00987,50.482124],[95.039458,50.488535],[95.058307,50.487169],[95.10042,50.498351],[95.121607,50.511066],[95.156776,50.519894],[95.161601,50.524298],[95.149529,50.535174],[95.151423,50.537129],[95.225925,50.552886],[95.238648,50.558974],[95.255896,50.549478],[95.256497,50.542916],[95.266449,50.52877],[95.29537,50.521492],[95.303174,50.521757],[95.308595,50.531046],[95.340757,50.53126],[95.358384,50.521284],[95.361087,50.505879],[95.370989,50.491956],[95.381628,50.487274],[95.39297,50.490726],[95.403188,50.487709],[95.422089,50.489089],[95.450111,50.503077],[95.446937,50.514044],[95.441607,50.516134],[95.447531,50.519628],[95.444995,50.525866],[95.4519,50.543881],[95.450305,50.548743],[95.455444,50.554099],[95.478726,50.55995],[95.475267,50.573784],[95.482526,50.579203],[95.509849,50.583067],[95.524285,50.57639],[95.535108,50.578061],[95.531133,50.590113],[95.54159,50.593699],[95.551602,50.605557],[95.545412,50.612684],[95.545462,50.620025],[95.570392,50.62338],[95.582784,50.635368],[95.607087,50.639118],[95.611447,50.642995],[95.596724,50.657099],[95.594522,50.672918],[95.587549,50.683074],[95.576661,50.689662],[95.562837,50.689352],[95.558592,50.711666],[95.576419,50.731913],[95.566243,50.742712],[95.554077,50.7522],[95.518773,50.74968],[95.507921,50.758204],[95.493899,50.76116],[95.47054,50.772616],[95.468157,50.782376],[95.443262,50.785467],[95.439701,50.779753],[95.419444,50.781722],[95.417867,50.774796],[95.405537,50.768823],[95.40398,50.763551],[95.362191,50.75676],[95.358257,50.764721],[95.368777,50.774891],[95.3343,50.78891],[95.304716,50.791343],[95.291849,50.798691],[95.278205,50.798082],[95.273692,50.807856],[95.266202,50.808763],[95.258934,50.822036],[95.227415,50.804661],[95.210032,50.806173],[95.167267,50.793124],[95.156975,50.782985],[95.141608,50.781787],[95.139697,50.778493],[95.144065,50.77328],[95.136236,50.762971],[95.098853,50.769059],[95.084554,50.763621],[95.055582,50.765631],[95.04362,50.761315],[95.042778,50.769591],[95.037358,50.773965],[95.016984,50.774083],[94.983059,50.781529],[94.953642,50.774414],[94.948926,50.776662],[94.947199,50.7879],[94.910069,50.816144],[94.894555,50.814844],[94.873059,50.824114],[94.851658,50.82376],[94.83876,50.813841],[94.83362,50.818624],[94.818574,50.815317],[94.815863,50.818919],[94.807172,50.81821],[94.785038,50.831103],[94.782456,50.837928],[94.77337,50.840223],[94.772605,50.849402],[94.766006,50.859364],[94.772127,50.869264],[94.739227,50.883083],[94.7157,50.910469],[94.690834,50.912098],[94.671228,50.901725],[94.661091,50.890082],[94.663577,50.884833],[94.657074,50.87717],[94.65497,50.863167],[94.639929,50.866324],[94.631821,50.875113],[94.623085,50.878649],[94.611598,50.879195],[94.607454,50.873196],[94.594257,50.867386],[94.559548,50.876681],[94.542299,50.87749],[94.548278,50.890961],[94.510474,50.885207],[94.494416,50.889386],[94.485032,50.901767],[94.481215,50.89707],[94.4471,50.891915],[94.42794,50.890412],[94.408745,50.894489],[94.406308,50.900359],[94.421944,50.908694],[94.427426,50.915799],[94.427821,50.928721],[94.418722,50.940127],[94.421156,50.950834],[94.405836,50.952351],[94.39841,50.969962],[94.389162,50.972305],[94.395205,50.983313],[94.384597,50.99263],[94.34181,50.98847],[94.322697,50.995881],[94.313116,50.986756],[94.287287,50.991402],[94.242014,50.979073],[94.230081,50.980616],[94.246261,50.970009],[94.248061,50.950879],[94.239288,50.930316],[94.24024,50.917551],[94.234269,50.894724],[94.22331,50.87298],[94.215863,50.865886],[94.188841,50.857403],[94.164438,50.858336],[94.154609,50.853237],[94.151363,50.856404],[94.138815,50.85657],[94.129169,50.85048],[94.077828,50.84229],[94.036866,50.848674],[94.036845,50.85387],[94.024724,50.864198],[94.000533,50.856292],[93.989492,50.857202],[93.939523,50.882609],[93.922933,50.874452],[93.90705,50.877927],[93.892524,50.874345],[93.862113,50.874187],[93.841774,50.886747],[93.803788,50.884781],[93.791419,50.888001],[93.785439,50.883618],[93.764449,50.886978],[93.755004,50.894898],[93.714625,50.878705],[93.681786,50.875079],[93.661654,50.881765],[93.65703,50.890853],[93.644546,50.896419],[93.623773,50.917188],[93.569618,50.921931],[93.562598,50.925787],[93.548972,50.922631],[93.539114,50.928002],[93.54471,50.935877],[93.538779,50.940157],[93.540819,50.946116],[93.52164,50.951357],[93.513616,50.957361],[93.479766,50.965021],[93.471838,50.954403],[93.458034,50.9542],[93.425157,50.942558],[93.407494,50.943694],[93.394829,50.949106],[93.360715,50.950719],[93.342403,50.9567],[93.341882,50.959794],[93.329687,50.956479],[93.305321,50.942288],[93.256689,50.926099],[93.247855,50.911032],[93.254562,50.895343],[93.243033,50.885104]]]}},{"type":"Feature","id":"145195-382","properties":{"id":"145195-382","name":"городской округ Кызыл","name_ru":"городской округ Кызыл","subject_id":"145195","subject_name":"Тыва","source_gid":382,"source_fid":465,"names_rosstat":"Городской округ город Кызыл","population":131981,"area_km2":231.9507841302735,"density_km2":569.0043277709888,"source":"Актуализированный объединённый GeoJSON, предоставленный преподавателем","name_en":"Kyzyl Urban Okrug","name_zh":"Kyzyl城市辖区","subject_name_en":"Tuva","subject_name_zh":"图瓦共和国"},"geometry":{"type":"Polygon","coordinates":[[[94.271472,51.671904],[94.284778,51.658148],[94.291711,51.6559],[94.31058,51.66485],[94.359746,51.651883],[94.352316,51.620354],[94.329556,51.613106],[94.315474,51.604588],[94.339935,51.593897],[94.34623,51.595431],[94.346947,51.599144],[94.359776,51.593551],[94.360732,51.58964],[94.368541,51.589194],[94.384158,51.568397],[94.405034,51.567803],[94.43109,51.550465],[94.439377,51.555568],[94.441449,51.56394],[94.442166,51.573746],[94.434437,51.594739],[94.447186,51.599342],[94.469815,51.599837],[94.453879,51.617008],[94.444636,51.621163],[94.439536,51.630859],[94.467702,51.644762],[94.501948,51.637224],[94.521904,51.6462],[94.51989,51.65622],[94.524516,51.661872],[94.524516,51.675894],[94.546167,51.686689],[94.542693,51.690064],[94.550258,51.705402],[94.612557,51.701652],[94.627908,51.696581],[94.641265,51.699836],[94.632077,51.70693],[94.536,51.71],[94.52496,51.71589],[94.535,51.7155],[94.507,51.724],[94.4753,51.722599],[94.465134,51.727316],[94.470125,51.726216],[94.468129,51.727239],[94.456623,51.728445],[94.463704,51.73371],[94.46471,51.742866],[94.462333,51.740754],[94.458566,51.745365],[94.457107,51.75754],[94.4655,51.7645],[94.462861,51.766142],[94.464619,51.769831],[94.464396,51.766686],[94.470366,51.769539],[94.48157,51.783488],[94.487349,51.814037],[94.477181,51.834943],[94.470717,51.834749],[94.469893,51.841096],[94.464402,51.845517],[94.442502,51.854595],[94.436352,51.847032],[94.451887,51.843898],[94.446383,51.836886],[94.451904,51.834834],[94.447436,51.829065],[94.442066,51.830328],[94.44377,51.821028],[94.423364,51.823043],[94.421323,51.819856],[94.443392,51.807323],[94.446776,51.76747],[94.433698,51.771018],[94.421136,51.767883],[94.424508,51.756249],[94.411268,51.734186],[94.327986,51.708543],[94.330265,51.705797],[94.318456,51.696443],[94.320624,51.694286],[94.295395,51.686079],[94.271472,51.671904]]]}},{"type":"Feature","id":"145195-1014","properties":{"id":"145195-1014","name":"городской округ Ак-Довурак","name_ru":"городской округ Ак-Довурак","subject_id":"145195","subject_name":"Тыва","source_gid":1014,"source_fid":1119,"names_rosstat":"Городской округ город Ак-Довурак","population":11895,"area_km2":54.953354706678766,"density_km2":216.45630304994535,"source":"Актуализированный объединённый GeoJSON, предоставленный преподавателем","name_en":"Ak-Dovurak Urban Okrug","name_zh":"Ak-Dovurak城市辖区","subject_name_en":"Tuva","subject_name_zh":"图瓦共和国"},"geometry":{"type":"Polygon","coordinates":[[[90.513943,51.211242],[90.521821,51.202245],[90.533973,51.175979],[90.549893,51.168249],[90.543197,51.159266],[90.548474,51.14814],[90.585129,51.160083],[90.595558,51.158825],[90.60545,51.168756],[90.614126,51.16606],[90.630705,51.172697],[90.636553,51.170527],[90.643494,51.174352],[90.65006,51.172294],[90.656025,51.176424],[90.668943,51.176922],[90.669692,51.197623],[90.6611,51.209562],[90.650403,51.215251],[90.576121,51.216943],[90.554571,51.209521],[90.520409,51.217273],[90.513943,51.211242]]]}},{"type":"Feature","id":"145195-1020","properties":{"id":"145195-1020","name":"Кызылский кожуун","name_ru":"Кызылский кожуун","subject_id":"145195","subject_name":"Тыва","source_gid":1020,"source_fid":1125,"names_rosstat":"Кызылский муниципальный район","population":36621,"area_km2":7765.5501956959815,"density_km2":4.715828122558143,"source":"Актуализированный объединённый GeoJSON, предоставленный преподавателем","name_en":"Kyzylskii Kozhuun","name_zh":"Kyzylskii区","subject_name_en":"Tuva","subject_name_zh":"图瓦共和国"},"geometry":{"type":"Polygon","coordinates":[[[93.336253,51.590831],[93.34993,51.594398],[93.37986,51.587349],[93.401554,51.592988],[93.410082,51.583039],[93.439859,51.569062],[93.489491,51.564701],[93.498724,51.571103],[93.531527,51.571431],[93.532271,51.564343],[93.518235,51.559854],[93.522204,51.548021],[93.523212,51.513336],[93.53228,51.495481],[93.552856,51.486343],[93.567079,51.47078],[93.64226,51.486036],[93.645569,51.489039],[93.640761,51.491277],[93.649179,51.500414],[93.637702,51.505235],[93.645781,51.515146],[93.671341,51.523316],[93.675144,51.528421],[93.702123,51.52675],[93.710826,51.533778],[93.7264,51.536843],[93.736621,51.543308],[93.741225,51.55735],[93.772126,51.556676],[93.773282,51.547806],[93.770231,51.54412],[93.773011,51.542568],[93.807291,51.540385],[93.826299,51.556052],[93.827413,51.568778],[93.840697,51.56629],[93.861572,51.572153],[93.870223,51.570771],[93.889449,51.556152],[93.910078,51.548136],[93.890703,51.522307],[93.897375,51.513483],[93.906912,51.518218],[93.913622,51.514116],[93.920731,51.51654],[93.956554,51.512976],[93.96728,51.518947],[93.986613,51.51827],[94.005074,51.526181],[94.020194,51.524013],[94.033275,51.530311],[94.049971,51.527488],[94.054624,51.530945],[94.088205,51.529713],[94.103102,51.537111],[94.106929,51.531691],[94.112321,51.532175],[94.11451,51.525224],[94.11758,51.527969],[94.123061,51.516408],[94.13257,51.517141],[94.129474,51.514822],[94.132926,51.513713],[94.130762,51.510814],[94.146245,51.508341],[94.15485,51.502234],[94.195121,51.502027],[94.201189,51.509807],[94.234617,51.504476],[94.238056,51.506692],[94.237317,51.512855],[94.224997,51.524367],[94.223413,51.533539],[94.234938,51.568586],[94.245331,51.572313],[94.254525,51.569455],[94.284371,51.570698],[94.317415,51.588375],[94.340532,51.5909],[94.36385,51.578026],[94.360985,51.577571],[94.363983,51.5608],[94.399359,51.540957],[94.421544,51.509538],[94.426607,51.492286],[94.453722,51.482205],[94.484301,51.460917],[94.599388,51.439382],[94.621506,51.430743],[94.647368,51.426043],[94.663935,51.368066],[94.678865,51.34069],[94.678047,51.3274],[94.738451,51.305029],[94.7512,51.282818],[94.809538,51.277007],[94.836998,51.258953],[94.850393,51.260175],[94.863565,51.256508],[94.860161,51.235859],[94.844756,51.216985],[94.840626,51.20167],[94.8471,51.180962],[94.854858,51.172774],[94.840732,51.172275],[94.84188,51.169449],[94.864583,51.170285],[94.897626,51.160495],[94.907375,51.161067],[94.906533,51.158049],[94.915098,51.156723],[94.912648,51.153617],[94.916184,51.150848],[94.923328,51.151149],[94.920456,51.148736],[94.923482,51.148356],[94.921404,51.139491],[94.94576,51.130178],[94.943027,51.133389],[94.949505,51.130991],[94.967825,51.133425],[94.966262,51.142215],[94.975973,51.145366],[95.019675,51.147117],[95.020122,51.14267],[95.027433,51.139834],[95.026261,51.14274],[95.031954,51.14372],[95.03307,51.148412],[95.024085,51.16392],[95.045684,51.168575],[95.039042,51.178688],[95.047582,51.183516],[95.076983,51.181313],[95.072127,51.190829],[95.114545,51.198034],[95.13927,51.211183],[95.14474,51.222475],[95.149987,51.225586],[95.138377,51.234498],[95.147587,51.25092],[95.149947,51.277013],[95.148935,51.280812],[95.134313,51.283415],[95.148485,51.29066],[95.148766,51.297236],[95.170361,51.297271],[95.172666,51.301561],[95.169067,51.306026],[95.174072,51.322406],[95.153342,51.324663],[95.120184,51.335197],[95.080282,51.358979],[95.038554,51.373278],[95.020219,51.397791],[94.993805,51.415632],[95.000883,51.427797],[94.982583,51.438525],[94.960254,51.436982],[94.939364,51.454665],[94.917898,51.457856],[94.912431,51.464848],[94.848092,51.49284],[94.799726,51.526214],[94.801452,51.540166],[94.758203,51.56148],[94.741495,51.584054],[94.755882,51.596422],[94.749786,51.608353],[94.77496,51.626246],[94.785118,51.650095],[94.758691,51.65964],[94.759574,51.66311],[94.732645,51.684879],[94.719868,51.688541],[94.714866,51.686635],[94.707574,51.693285],[94.69751,51.691305],[94.680997,51.695938],[94.679227,51.709572],[94.687167,51.740252],[94.676417,51.755637],[94.649981,51.767636],[94.645222,51.775379],[94.659498,51.785083],[94.702676,51.796638],[94.72453,51.810696],[94.778811,51.822136],[94.789562,51.83183],[94.801265,51.828894],[94.863594,51.827539],[94.880677,51.834173],[94.90584,51.836241],[95.016648,51.836241],[95.049659,51.84323],[95.062125,51.862195],[95.079901,51.863264],[95.089596,51.867826],[95.105756,51.864048],[95.126301,51.872458],[95.161506,51.870391],[95.190247,51.860413],[95.2318,51.869322],[95.247728,51.869536],[95.265388,51.864975],[95.285241,51.865972],[95.329565,51.8597],[95.336606,51.867042],[95.337414,51.876876],[95.355651,51.886566],[95.357497,51.89369],[95.354266,51.899032],[95.371695,51.902735],[95.385777,51.900456],[95.391202,51.896183],[95.404706,51.902379],[95.42052,51.903448],[95.420866,51.912776],[95.428946,51.918472],[95.433563,51.934202],[95.440603,51.942955],[95.439334,51.953342],[95.425021,51.972687],[95.422251,51.986835],[95.434255,51.98584],[95.44372,51.978944],[95.449029,51.979228],[95.469806,51.987404],[95.482618,52.0024],[95.501894,52.005597],[95.530866,52.002755],[95.577585,52.006338],[95.632043,51.998862],[95.644743,52.015056],[95.646255,52.0305],[95.651244,52.031523],[95.670068,52.022593],[95.709,52.020872],[95.713686,52.016545],[95.736214,52.013102],[95.737046,52.008263],[95.75466,52.001841],[95.772651,52.008077],[95.778094,52.017894],[95.806367,52.019988],[95.826627,52.011892],[95.830482,52.0071],[95.84545,52.003563],[95.854597,52.007472],[95.862081,52.017941],[95.907666,52.017848],[95.944082,52.03118],[95.952637,52.030081],[95.954464,52.043522],[95.943917,52.069364],[95.936662,52.076316],[95.923631,52.07648],[95.91289,52.081711],[95.911201,52.090168],[95.904431,52.09437],[95.89554,52.110592],[95.873124,52.121862],[95.844512,52.125649],[95.841077,52.13041],[95.815081,52.140891],[95.806025,52.153499],[95.792662,52.160174],[95.73224,52.166106],[95.699426,52.176203],[95.685673,52.185355],[95.663403,52.183705],[95.65697,52.193733],[95.662796,52.199331],[95.662658,52.20839],[95.658352,52.213959],[95.646337,52.213065],[95.6414,52.218546],[95.619518,52.21882],[95.608371,52.214576],[95.600585,52.217684],[95.598726,52.222272],[95.587455,52.223951],[95.561262,52.221495],[95.556664,52.219932],[95.556705,52.21581],[95.505277,52.220543],[95.483794,52.22848],[95.450453,52.227643],[95.443587,52.234351],[95.450038,52.238589],[95.451484,52.246066],[95.442682,52.256329],[95.432701,52.259974],[95.426462,52.271708],[95.414021,52.275768],[95.365298,52.271352],[95.352084,52.265656],[95.276222,52.266073],[95.254224,52.254988],[95.23846,52.256347],[95.213226,52.243173],[95.200112,52.249009],[95.175676,52.242702],[95.170221,52.250177],[95.143175,52.241568],[95.101932,52.243924],[95.079084,52.249501],[95.070659,52.257678],[95.027191,52.26175],[94.997161,52.268455],[94.996605,52.280687],[95.023648,52.289243],[95.019742,52.298055],[95.004219,52.306383],[94.988817,52.309129],[94.983572,52.314837],[94.994217,52.330471],[94.968311,52.341454],[94.973961,52.348716],[94.971225,52.35788],[94.981983,52.368793],[94.969353,52.378043],[94.939611,52.383705],[94.935553,52.391955],[94.911943,52.398867],[94.900936,52.409671],[94.891842,52.411131],[94.894449,52.424809],[94.885088,52.431161],[94.877866,52.444489],[94.881001,52.470866],[94.872002,52.470892],[94.857325,52.464437],[94.840487,52.468742],[94.825316,52.45324],[94.815429,52.449532],[94.806371,52.450102],[94.79896,52.456899],[94.777679,52.462318],[94.757407,52.450017],[94.756361,52.437736],[94.747006,52.425025],[94.750074,52.41043],[94.743202,52.408005],[94.749597,52.403591],[94.750015,52.399231],[94.704573,52.394576],[94.698876,52.391002],[94.700732,52.384814],[94.717201,52.377826],[94.716321,52.373359],[94.705356,52.369222],[94.711139,52.363205],[94.71063,52.343812],[94.693276,52.339705],[94.678642,52.326193],[94.656926,52.317169],[94.651133,52.309226],[94.643537,52.306091],[94.632207,52.309016],[94.642925,52.324993],[94.639556,52.328088],[94.624836,52.324501],[94.61768,52.315359],[94.589099,52.331707],[94.572115,52.331471],[94.559787,52.325124],[94.540722,52.323301],[94.539285,52.320311],[94.547675,52.315602],[94.585569,52.318763],[94.595911,52.31534],[94.59368,52.301814],[94.597564,52.27983],[94.571986,52.273843],[94.566817,52.260241],[94.554972,52.244793],[94.523829,52.225889],[94.529119,52.216676],[94.512146,52.196044],[94.501251,52.19362],[94.488258,52.199078],[94.472455,52.195915],[94.468464,52.1863],[94.469762,52.170905],[94.464837,52.165055],[94.456361,52.161606],[94.424144,52.164021],[94.398651,52.146289],[94.366935,52.137557],[94.353676,52.125427],[94.354382,52.119873],[94.376721,52.108047],[94.382365,52.098241],[94.381077,52.088341],[94.354309,52.066284],[94.358815,52.056422],[94.371926,52.051422],[94.39245,52.05321],[94.402739,52.050656],[94.406161,52.043596],[94.419752,52.032725],[94.419039,52.026183],[94.407315,52.021849],[94.409659,52.016729],[94.452496,52.011907],[94.469869,52.022187],[94.484444,52.024714],[94.490149,52.022649],[94.497804,52.011268],[94.485,51.9865],[94.492475,51.973451],[94.486652,51.962901],[94.431964,51.952614],[94.404032,51.930212],[94.412078,51.917551],[94.445088,51.89725],[94.440565,51.87975],[94.423539,51.876693],[94.423312,51.873108],[94.45425,51.86625],[94.459,51.861],[94.460522,51.851365],[94.47435,51.84331],[94.489708,51.823582],[94.490827,51.817157],[94.484759,51.806598],[94.48157,51.783488],[94.470366,51.769539],[94.464396,51.766686],[94.466462,51.769984],[94.464619,51.769831],[94.462861,51.766142],[94.4655,51.7645],[94.457107,51.75754],[94.458566,51.745365],[94.462333,51.740754],[94.46471,51.742866],[94.463704,51.73371],[94.456623,51.728445],[94.468129,51.727239],[94.470125,51.726216],[94.465134,51.727316],[94.4753,51.722599],[94.507,51.724],[94.535,51.7155],[94.52496,51.71589],[94.536,51.71],[94.632077,51.70693],[94.641265,51.699836],[94.627908,51.696581],[94.612557,51.701652],[94.550258,51.705402],[94.542693,51.690064],[94.546167,51.686689],[94.524516,51.675894],[94.524516,51.661872],[94.51989,51.65622],[94.521904,51.6462],[94.501948,51.637224],[94.467702,51.644762],[94.439536,51.630859],[94.444636,51.621163],[94.453879,51.617008],[94.469815,51.599837],[94.447186,51.599342],[94.434437,51.594739],[94.442166,51.573746],[94.439377,51.555568],[94.434995,51.55096],[94.43109,51.550465],[94.405034,51.567803],[94.384158,51.568397],[94.368541,51.589194],[94.360732,51.58964],[94.359776,51.593551],[94.346947,51.599144],[94.34623,51.595431],[94.339935,51.593897],[94.315474,51.604588],[94.329556,51.613106],[94.352316,51.620354],[94.359746,51.651883],[94.31058,51.66485],[94.291711,51.6559],[94.284778,51.658148],[94.271472,51.671904],[94.295395,51.686079],[94.320624,51.694286],[94.318456,51.696443],[94.330265,51.705797],[94.327986,51.708543],[94.322991,51.706319],[94.300726,51.713575],[94.290035,51.727218],[94.253277,51.740399],[94.227148,51.767291],[94.233726,51.782193],[94.192472,51.810913],[94.190632,51.828936],[94.178665,51.839798],[94.14062,51.845416],[94.126534,51.840694],[94.117601,51.850643],[94.104575,51.846886],[94.097602,51.852228],[94.081815,51.848816],[94.078719,51.844732],[93.999281,51.850591],[93.99175,51.845801],[93.994232,51.843664],[93.986004,51.841286],[93.979616,51.848902],[93.948516,51.856311],[93.907709,51.853951],[93.87184,51.831996],[93.867349,51.821205],[93.861687,51.818722],[93.852426,51.806065],[93.823139,51.795008],[93.815413,51.796544],[93.817198,51.799649],[93.80222,51.806496],[93.7948,51.816153],[93.749503,51.823318],[93.755523,51.805852],[93.736242,51.803506],[93.724142,51.79802],[93.732772,51.779289],[93.727608,51.776744],[93.718836,51.777915],[93.685558,51.765318],[93.663858,51.762608],[93.690658,51.782077],[93.676937,51.785763],[93.645909,51.775246],[93.644884,51.771302],[93.612776,51.771731],[93.611214,51.768819],[93.592359,51.766468],[93.610893,51.750186],[93.624261,51.74638],[93.622508,51.739605],[93.584137,51.746028],[93.562689,51.745617],[93.560802,51.738499],[93.548602,51.736152],[93.50675,51.741277],[93.494614,51.75594],[93.510677,51.76449],[93.522436,51.776029],[93.493755,51.806517],[93.484652,51.808322],[93.465466,51.802505],[93.452945,51.804014],[93.419439,51.790742],[93.410425,51.781714],[93.388785,51.784879],[93.356554,51.797519],[93.364085,51.786847],[93.363893,51.780106],[93.359482,51.773808],[93.359706,51.767195],[93.347564,51.763067],[93.348332,51.754992],[93.342552,51.750071],[93.346501,51.73267],[93.340192,51.730584],[93.343077,51.728043],[93.338967,51.723932],[93.339689,51.718778],[93.370414,51.697216],[93.389295,51.675128],[93.386882,51.662628],[93.392648,51.655494],[93.385993,51.652295],[93.393845,51.650208],[93.394601,51.641876],[93.390256,51.634161],[93.396921,51.61516],[93.39483,51.604647],[93.373616,51.607679],[93.344491,51.604548],[93.336253,51.590831]]]}},{"type":"Feature","id":"145195-2064","properties":{"id":"145195-2064","name":"Эрзинский кожуун","name_ru":"Эрзинский кожуун","subject_id":"145195","subject_name":"Тыва","source_gid":2064,"source_fid":2174,"names_rosstat":"Эрзинский муниципальный район","population":8433,"area_km2":11121.954378335144,"density_km2":0.7582300478076898,"source":"Актуализированный объединённый GeoJSON, предоставленный преподавателем","name_en":"Erzinskii Kozhuun","name_zh":"Erzinskii区","subject_name_en":"Tuva","subject_name_zh":"图瓦共和国"},"geometry":{"type":"Polygon","coordinates":[[[94.527997,50.13519],[94.534835,50.131385],[94.54268,50.117811],[94.556354,50.112402],[94.557867,50.10496],[94.568548,50.099138],[94.571214,50.093364],[94.579931,50.091757],[94.591711,50.077905],[94.599372,50.074301],[94.608652,50.059248],[94.611051,50.045489],[94.608021,50.041845],[94.614843,50.035398],[94.674982,50.037158],[94.760652,50.054916],[94.900701,50.050866],[94.965162,50.04369],[94.990329,50.047412],[94.999164,50.04431],[94.997281,50.014636],[95.016529,49.980528],[95.081579,49.962912],[95.199711,49.965334],[95.30125,49.958],[95.425916,49.957641],[95.501163,49.908157],[95.523222,49.903374],[95.531028,49.897285],[95.545492,49.911238],[95.553744,49.910754],[95.57227,49.944283],[95.629299,49.956431],[95.652985,49.956107],[95.666076,49.964349],[95.706958,49.958983],[95.732586,49.959732],[95.7415,49.967462],[95.749479,49.963335],[95.774194,49.960551],[95.777009,49.963735],[95.795551,49.964134],[95.788772,49.983965],[95.761545,50.000642],[95.7604,50.009873],[95.76533,50.017142],[95.783354,50.026133],[95.79068,50.035402],[95.795968,50.030665],[95.814648,50.036581],[95.833317,50.037253],[95.843133,50.043624],[95.860873,50.043625],[95.875753,50.041043],[95.9149,50.022331],[95.914875,50.017649],[95.90646,50.008645],[95.910148,49.996772],[95.935234,49.996767],[95.940707,49.98891],[95.957066,49.983806],[95.967566,49.971139],[95.996367,49.975803],[96.001962,49.98871],[96.017456,50.003355],[96.066248,50.012701],[96.08294,50.009941],[96.09431,49.99636],[96.106887,49.989134],[96.124368,49.986625],[96.149425,49.989946],[96.197418,49.988285],[96.221549,49.977095],[96.243077,49.980188],[96.260708,49.976585],[96.280732,49.955535],[96.29983,49.95422],[96.303528,49.949336],[96.300039,49.944899],[96.318076,49.944808],[96.32509,49.948676],[96.336631,49.942759],[96.337585,49.93161],[96.347292,49.925976],[96.339831,49.915132],[96.348274,49.905292],[96.383254,49.896828],[96.397482,49.884517],[96.424461,49.87581],[96.434617,49.87807],[96.438287,49.883297],[96.461466,49.89519],[96.462859,49.905257],[96.459092,49.907806],[96.473789,49.917819],[96.500277,49.925482],[96.511921,49.941344],[96.525363,49.944184],[96.549249,49.943536],[96.555232,49.939964],[96.577087,49.911552],[96.588073,49.885125],[96.603087,49.873666],[96.610741,49.879811],[96.64065,49.8897],[96.645594,49.896502],[96.665077,49.901417],[96.681039,49.911075],[96.691848,49.922736],[96.7092,49.928731],[96.722933,49.92158],[96.732066,49.909669],[96.74088,49.907572],[96.77081,49.911866],[96.819285,49.911104],[96.817708,49.908323],[96.835362,49.904224],[96.851605,49.89573],[96.873967,49.895049],[96.880208,49.898201],[96.945345,49.891675],[96.992785,49.893405],[96.998753,49.888395],[97.000146,49.881383],[96.995654,49.866409],[96.997335,49.857511],[97.005073,49.841735],[97.010755,49.838129],[97.010128,49.833364],[97.048845,49.832456],[97.068582,49.824114],[97.1197,49.819551],[97.131066,49.811602],[97.11976,49.791953],[97.179057,49.777469],[97.203812,49.755265],[97.218017,49.75065],[97.221208,49.744409],[97.231114,49.74293],[97.255503,49.750529],[97.317854,49.751791],[97.335157,49.757821],[97.336848,49.76869],[97.35733,49.78136],[97.373919,49.781529],[97.384242,49.777176],[97.399237,49.78651],[97.414905,49.780048],[97.421623,49.780696],[97.451019,49.795409],[97.460967,49.795262],[97.466043,49.80293],[97.496746,49.806425],[97.510376,49.814667],[97.51988,49.834087],[97.534418,49.838105],[97.542272,49.844916],[97.557706,49.843593],[97.560983,49.854588],[97.580575,49.858446],[97.582864,49.877659],[97.586495,49.882978],[97.573163,49.892095],[97.567545,49.90132],[97.569548,49.907736],[97.578402,49.910021],[97.575717,49.915384],[97.545359,49.9256],[97.485797,49.935385],[97.477634,49.940472],[97.475634,49.944706],[97.479036,49.955831],[97.462289,49.967812],[97.446138,49.995505],[97.40248,50.006478],[97.372267,50.00568],[97.343065,50.012422],[97.333141,50.007897],[97.321479,50.012798],[97.302111,50.008894],[97.276962,50.015616],[97.257066,50.024596],[97.258074,50.035108],[97.251378,50.041752],[97.234119,50.042323],[97.22128,50.048902],[97.218824,50.05464],[97.201259,50.053836],[97.186847,50.075374],[97.178736,50.079365],[97.169603,50.090797],[97.154306,50.093226],[97.130633,50.088777],[97.113454,50.093582],[97.103679,50.089509],[97.08799,50.092406],[97.076675,50.099942],[97.073839,50.116462],[97.069247,50.120198],[97.070453,50.126372],[97.061728,50.130618],[97.025616,50.132274],[96.996757,50.145496],[96.984657,50.14212],[96.957297,50.146001],[96.954954,50.157417],[96.960123,50.170848],[96.982712,50.181609],[97.003644,50.207191],[97.00145,50.220796],[96.985198,50.240955],[96.980923,50.258398],[96.965675,50.254732],[96.949878,50.268675],[96.935152,50.275102],[96.924459,50.275684],[96.896283,50.290072],[96.870316,50.285188],[96.850776,50.290961],[96.841959,50.298563],[96.840076,50.312545],[96.814866,50.328505],[96.815475,50.336683],[96.824307,50.342934],[96.821927,50.346967],[96.799176,50.341091],[96.786469,50.341715],[96.772343,50.352138],[96.732279,50.363757],[96.686547,50.367859],[96.675738,50.382181],[96.651462,50.394774],[96.647268,50.402614],[96.62981,50.413748],[96.614428,50.419671],[96.60818,50.430441],[96.573127,50.439723],[96.565901,50.449966],[96.554417,50.455705],[96.552624,50.469285],[96.53421,50.483371],[96.51481,50.488269],[96.497834,50.506337],[96.495569,50.515151],[96.486454,50.51957],[96.482077,50.526331],[96.487037,50.530347],[96.485534,50.534906],[96.475992,50.544222],[96.490449,50.553997],[96.498073,50.554609],[96.500013,50.565938],[96.490268,50.588613],[96.482617,50.592467],[96.475059,50.605639],[96.481464,50.611711],[96.477447,50.614949],[96.464816,50.607141],[96.458336,50.614038],[96.433165,50.621993],[96.429252,50.629695],[96.418463,50.623636],[96.408567,50.626935],[96.387346,50.624345],[96.367031,50.633816],[96.352996,50.635191],[96.347239,50.642036],[96.332523,50.643024],[96.334245,50.647786],[96.327243,50.651113],[96.314425,50.643418],[96.300281,50.649553],[96.284282,50.640059],[96.294348,50.629685],[96.287939,50.619608],[96.297232,50.61602],[96.302923,50.608791],[96.302467,50.600804],[96.288971,50.600752],[96.277861,50.593307],[96.254445,50.592329],[96.244462,50.579811],[96.22863,50.583493],[96.211468,50.577212],[96.195773,50.581835],[96.187,50.580862],[96.174749,50.587537],[96.134827,50.568823],[96.13083,50.562085],[96.115872,50.565923],[96.106868,50.580061],[96.090484,50.582909],[96.090293,50.589222],[96.073495,50.589234],[96.060217,50.598175],[96.049082,50.597106],[96.032962,50.605744],[96.028515,50.616224],[96.014745,50.618288],[96.004553,50.626534],[95.990307,50.627865],[95.984364,50.631859],[95.970389,50.628549],[95.95919,50.617938],[95.94684,50.615614],[95.923131,50.625564],[95.910845,50.625212],[95.906041,50.63019],[95.826481,50.617687],[95.824743,50.613132],[95.812878,50.609506],[95.802596,50.614944],[95.777784,50.609273],[95.709861,50.613676],[95.707717,50.622002],[95.699129,50.624256],[95.652891,50.614078],[95.633123,50.604312],[95.604124,50.602069],[95.570392,50.62338],[95.545462,50.620025],[95.545412,50.612684],[95.551602,50.605557],[95.54159,50.593699],[95.531133,50.590113],[95.535108,50.578061],[95.524285,50.57639],[95.509849,50.583067],[95.482526,50.579203],[95.475267,50.573784],[95.478726,50.55995],[95.455444,50.554099],[95.450305,50.548743],[95.4519,50.543881],[95.444995,50.525866],[95.447531,50.519628],[95.441607,50.516134],[95.446937,50.514044],[95.450111,50.503077],[95.438237,50.494901],[95.415484,50.48769],[95.39297,50.490726],[95.381628,50.487274],[95.370989,50.491956],[95.361087,50.505879],[95.358384,50.521284],[95.340757,50.53126],[95.308595,50.531046],[95.303174,50.521757],[95.29537,50.521492],[95.266449,50.52877],[95.256497,50.542916],[95.255896,50.549478],[95.238648,50.558974],[95.225925,50.552886],[95.151423,50.537129],[95.149529,50.535174],[95.161601,50.524298],[95.156776,50.519894],[95.121607,50.511066],[95.10042,50.498351],[95.058307,50.487169],[95.039458,50.488535],[95.00987,50.482124],[94.999411,50.484912],[94.976263,50.47829],[94.961071,50.469759],[94.856356,50.384784],[94.865525,50.37048],[94.84587,50.354368],[94.813432,50.347106],[94.803284,50.326449],[94.673587,50.269445],[94.64502,50.241676],[94.629854,50.217236],[94.628771,50.209004],[94.639061,50.159493],[94.659389,50.141133],[94.558375,50.139485],[94.527997,50.13519]]]}},{"type":"Feature","id":"145195-2070","properties":{"id":"145195-2070","name":"Чеди-Хольский кожуун","name_ru":"Чеди-Хольский кожуун","subject_id":"145195","subject_name":"Тыва","source_gid":2070,"source_fid":2180,"names_rosstat":"Чеди-Хольский муниципальный район","population":7488,"area_km2":3496.3432676751418,"density_km2":2.1416661428038415,"source":"Актуализированный объединённый GeoJSON, предоставленный преподавателем","name_en":"Chedi-Khol'skii Kozhuun","name_zh":"Chedi-Khol'skii区","subject_name_en":"Tuva","subject_name_zh":"图瓦共和国"},"geometry":{"type":"Polygon","coordinates":[[[93.01581,50.986111],[93.023258,50.980324],[93.05897,50.978186],[93.064604,50.969551],[93.078406,50.96731],[93.090415,50.9527],[93.08938,50.944713],[93.112925,50.926958],[93.153182,50.936138],[93.169113,50.925387],[93.235603,50.91956],[93.305321,50.942288],[93.340795,50.959926],[93.342403,50.9567],[93.360715,50.950719],[93.394829,50.949106],[93.407494,50.943694],[93.425157,50.942558],[93.458034,50.9542],[93.471838,50.954403],[93.479766,50.965021],[93.513616,50.957361],[93.52164,50.951357],[93.540819,50.946116],[93.538779,50.940157],[93.54471,50.935877],[93.539114,50.928002],[93.548972,50.922631],[93.562598,50.925787],[93.569618,50.921931],[93.623773,50.917188],[93.644546,50.896419],[93.65703,50.890853],[93.661654,50.881765],[93.681786,50.875079],[93.714625,50.878705],[93.755004,50.894898],[93.764449,50.886978],[93.785439,50.883618],[93.791419,50.888001],[93.803788,50.884781],[93.841774,50.886747],[93.862113,50.874187],[93.892524,50.874345],[93.90705,50.877927],[93.922933,50.874452],[93.939523,50.882609],[93.989492,50.857202],[94.000533,50.856292],[94.024724,50.864198],[94.036845,50.85387],[94.036866,50.848674],[94.077828,50.84229],[94.129169,50.85048],[94.138815,50.85657],[94.151363,50.856404],[94.154609,50.853237],[94.164438,50.858336],[94.188841,50.857403],[94.215863,50.865886],[94.22331,50.87298],[94.234269,50.894724],[94.24024,50.917551],[94.239288,50.930316],[94.248061,50.950879],[94.246261,50.970009],[94.229377,50.979722],[94.245785,50.980192],[94.284629,50.994931],[94.28942,51.000848],[94.284513,51.006743],[94.266358,51.013705],[94.245221,51.01376],[94.237495,51.018953],[94.233294,51.028681],[94.220445,51.030834],[94.21114,51.038339],[94.199884,51.037661],[94.19583,51.031897],[94.188789,51.030112],[94.179059,51.033024],[94.177095,51.029019],[94.150098,51.061849],[94.140849,51.06834],[94.131289,51.072127],[94.111497,51.070125],[94.090381,51.082254],[94.083608,51.09152],[94.07995,51.113252],[94.06975,51.122376],[94.053447,51.127252],[94.047237,51.133831],[94.003439,51.146692],[93.967565,51.151369],[93.949923,51.159913],[93.938624,51.158754],[93.943,51.165763],[93.989752,51.195901],[93.986713,51.199434],[93.993848,51.208638],[93.99317,51.215812],[93.977902,51.227424],[93.969006,51.247856],[93.987436,51.256973],[94.019367,51.251209],[94.021772,51.264667],[94.012818,51.299882],[94.002935,51.302256],[94.000453,51.310511],[93.977228,51.317539],[93.985607,51.326116],[93.983604,51.33132],[94.000862,51.35272],[94.004989,51.363503],[94.01869,51.371303],[94.026407,51.383551],[94.03414,51.381649],[93.988099,51.412073],[93.962266,51.407021],[93.946327,51.4243],[93.903427,51.447937],[93.88912,51.450453],[93.880799,51.458597],[93.850509,51.470944],[93.805902,51.484094],[93.794861,51.478002],[93.751582,51.466288],[93.724472,51.4674],[93.70399,51.461479],[93.70348,51.454652],[93.697607,51.44676],[93.651466,51.435959],[93.642155,51.447649],[93.635289,51.450103],[93.638185,51.453621],[93.629551,51.464365],[93.620486,51.468281],[93.614668,51.48018],[93.597465,51.479088],[93.567079,51.47078],[93.5781,51.462058],[93.578294,51.455616],[93.586562,51.446429],[93.585014,51.427457],[93.575725,51.426215],[93.5592,51.417277],[93.555878,51.409564],[93.521588,51.401047],[93.498011,51.404585],[93.488466,51.398012],[93.488494,51.381265],[93.496414,51.377582],[93.478999,51.345922],[93.464029,51.336921],[93.465267,51.330518],[93.458715,51.312809],[93.470131,51.296726],[93.459876,51.291806],[93.402951,51.282569],[93.38511,51.286193],[93.362571,51.284934],[93.339184,51.298487],[93.261379,51.299803],[93.216436,51.283362],[93.203115,51.274884],[93.181964,51.275863],[93.203505,51.270288],[93.229259,51.273419],[93.279024,51.272581],[93.293736,51.260822],[93.320559,51.250102],[93.321133,51.234255],[93.325689,51.230507],[93.290748,51.210201],[93.26548,51.20309],[93.258041,51.192929],[93.253945,51.181258],[93.254023,51.158069],[93.227715,51.154602],[93.228303,51.176974],[93.154469,51.222441],[93.134774,51.222293],[93.118383,51.23047],[93.091783,51.2335],[93.087601,51.228307],[93.051881,51.211066],[93.048939,51.208662],[93.049681,51.199086],[93.065931,51.187183],[93.066437,51.15897],[93.06977,51.150122],[93.153734,51.145275],[93.166174,51.130572],[93.18694,51.118302],[93.212649,51.115339],[93.212806,51.097517],[93.222952,51.094149],[93.231976,51.078221],[93.238156,51.0737],[93.243695,51.070467],[93.260168,51.072772],[93.263658,51.069243],[93.249412,51.06264],[93.242978,51.063834],[93.230945,51.049129],[93.197172,51.045326],[93.192849,51.037926],[93.168133,51.030792],[93.164269,51.026139],[93.134076,51.028324],[93.114719,51.021388],[93.098655,51.023443],[93.092157,51.008353],[93.07754,50.998959],[93.062868,50.994201],[93.047525,50.995003],[93.01581,50.986111]]]}},{"type":"Feature","id":"145195-2071","properties":{"id":"145195-2071","name":"Чаа-Хольский кожуун","name_ru":"Чаа-Хольский кожуун","subject_id":"145195","subject_name":"Тыва","source_gid":2071,"source_fid":2181,"names_rosstat":"Чаа-Хольский муниципальный район","population":5873,"area_km2":2505.0439774826136,"density_km2":2.3444698188101016,"source":"Актуализированный объединённый GeoJSON, предоставленный преподавателем","name_en":"Chaa-Khol'skii Kozhuun","name_zh":"Chaa-Khol'skii区","subject_name_en":"Tuva","subject_name_zh":"图瓦共和国"},"geometry":{"type":"Polygon","coordinates":[[[91.727529,51.652622],[91.819874,51.588291],[91.855837,51.579082],[91.907256,51.581877],[91.917752,51.547517],[91.923621,51.490508],[91.941726,51.461017],[91.904522,51.446388],[91.878067,51.448418],[91.867106,51.440875],[91.896089,51.418026],[91.89377,51.374946],[91.904975,51.346224],[91.935946,51.347969],[91.959053,51.34491],[91.965273,51.32709],[91.976245,51.322193],[91.979554,51.301334],[92.009486,51.287406],[92.012925,51.272453],[92.0111,51.266543],[92.01955,51.249546],[92.097402,51.234447],[92.080852,51.206692],[92.098738,51.176596],[92.185491,51.157928],[92.253783,51.189836],[92.266979,51.203192],[92.278404,51.244463],[92.293498,51.262387],[92.299792,51.304585],[92.345818,51.324583],[92.351174,51.330406],[92.351325,51.342568],[92.344797,51.343606],[92.353983,51.348552],[92.338467,51.359415],[92.353834,51.368905],[92.354161,51.374962],[92.365237,51.377727],[92.371032,51.385445],[92.388756,51.394385],[92.383416,51.398436],[92.38377,51.407885],[92.3873,51.410909],[92.385738,51.419876],[92.412317,51.425165],[92.428279,51.423011],[92.454692,51.431296],[92.465034,51.422197],[92.484855,51.436886],[92.491317,51.436527],[92.494823,51.442511],[92.492611,51.449887],[92.488324,51.45223],[92.493272,51.458478],[92.489702,51.464303],[92.494821,51.473815],[92.49102,51.481742],[92.482559,51.488017],[92.491692,51.495486],[92.514389,51.502409],[92.519967,51.508401],[92.507009,51.510451],[92.497771,51.518227],[92.515897,51.522382],[92.513213,51.528769],[92.527616,51.533938],[92.539017,51.543559],[92.564727,51.555465],[92.585977,51.559321],[92.554906,51.630014],[92.535285,51.625944],[92.496365,51.639309],[92.482568,51.638863],[92.478051,51.635623],[92.470023,51.637648],[92.44582,51.65308],[92.412914,51.665323],[92.384649,51.669135],[92.375988,51.676303],[92.393944,51.681444],[92.438015,51.703667],[92.458735,51.69887],[92.481684,51.701249],[92.511697,51.731219],[92.528325,51.731416],[92.555,51.711984],[92.564502,51.730139],[92.605303,51.729725],[92.629624,51.723449],[92.636817,51.731716],[92.640339,51.749761],[92.63235,51.753944],[92.60674,51.755364],[92.601174,51.758823],[92.570068,51.75575],[92.563158,51.762037],[92.553099,51.764532],[92.509551,51.753839],[92.490751,51.758396],[92.46535,51.770735],[92.434743,51.766556],[92.427045,51.767807],[92.42227,51.773279],[92.403143,51.769792],[92.389001,51.781827],[92.383868,51.79275],[92.366855,51.791243],[92.358083,51.794587],[92.339337,51.788515],[92.325372,51.791785],[92.316554,51.788814],[92.290631,51.790593],[92.290002,51.795398],[92.283733,51.797678],[92.279956,51.804354],[92.264315,51.799362],[92.224904,51.807782],[92.221938,51.811069],[92.20684,51.807608],[92.19182,51.799037],[92.123231,51.791191],[92.113439,51.781857],[92.092011,51.779043],[92.076566,51.772359],[92.036864,51.788202],[92.024977,51.79622],[91.994356,51.794102],[91.985065,51.799827],[91.974765,51.799763],[91.955204,51.811105],[91.93886,51.807356],[91.92833,51.81535],[91.926764,51.821476],[91.914064,51.824559],[91.905021,51.800901],[91.914208,51.78892],[91.919228,51.772993],[91.92736,51.768645],[91.930724,51.74931],[91.928119,51.745379],[91.930278,51.741834],[91.925617,51.740031],[91.920791,51.730701],[91.901131,51.726569],[91.898707,51.731731],[91.890244,51.733649],[91.903724,51.73941],[91.900109,51.743066],[91.891327,51.74084],[91.889756,51.744958],[91.896733,51.746758],[91.891994,51.756259],[91.871044,51.75399],[91.872163,51.759079],[91.858227,51.766719],[91.854187,51.761234],[91.840189,51.759283],[91.838739,51.753815],[91.82608,51.748397],[91.816472,51.738177],[91.802231,51.736627],[91.801191,51.727577],[91.797437,51.725746],[91.798373,51.718467],[91.789528,51.705855],[91.78181,51.705111],[91.751039,51.687705],[91.747854,51.674326],[91.727529,51.652622]]]}},{"type":"Feature","id":"145195-2072","properties":{"id":"145195-2072","name":"Улуг-Хемский кожуун","name_ru":"Улуг-Хемский кожуун","subject_id":"145195","subject_name":"Тыва","source_gid":2072,"source_fid":2182,"names_rosstat":"Улуг-Хемский муниципальный район","population":19799,"area_km2":6211.487823220546,"density_km2":3.1874810936576177,"source":"Актуализированный объединённый GeoJSON, предоставленный преподавателем","name_en":"Ulug-Khemskii Kozhuun","name_zh":"Ulug-Khemskii区","subject_name_en":"Tuva","subject_name_zh":"图瓦共和国"},"geometry":{"type":"Polygon","coordinates":[[[92.172378,51.144314],[92.190271,51.12636],[92.190761,51.115928],[92.187777,51.112923],[92.209734,51.101543],[92.221256,51.099839],[92.220589,51.092835],[92.214553,51.086846],[92.220158,51.081988],[92.233884,51.080619],[92.242924,51.061418],[92.280128,51.052893],[92.292015,51.053094],[92.321716,51.062761],[92.364425,51.064246],[92.397164,51.072665],[92.411553,51.07218],[92.418716,51.077154],[92.441271,51.077823],[92.47065,51.090026],[92.505487,51.090651],[92.515234,51.110617],[92.534494,51.12199],[92.545881,51.115808],[92.567013,51.117821],[92.597863,51.108741],[92.620609,51.113412],[92.632101,51.100867],[92.681843,51.117674],[92.689992,51.103053],[92.689029,51.094032],[92.709719,51.089791],[92.726554,51.079354],[92.734162,51.0722],[92.735566,51.065075],[92.751194,51.061073],[92.750545,51.055145],[92.758819,51.049537],[92.764747,51.035764],[92.794172,51.020017],[92.814378,50.998343],[92.835046,50.984868],[92.847262,50.983533],[92.861447,50.983271],[92.876392,50.991769],[92.892339,50.995435],[92.990939,51.009806],[93.003532,51.004589],[93.01581,50.986111],[93.047525,50.995003],[93.062868,50.994201],[93.07754,50.998959],[93.092157,51.008353],[93.098655,51.023443],[93.114719,51.021388],[93.134076,51.028324],[93.164269,51.026139],[93.168133,51.030792],[93.192849,51.037926],[93.197172,51.045326],[93.230945,51.049129],[93.242978,51.063834],[93.249412,51.06264],[93.263425,51.070167],[93.254309,51.073279],[93.243695,51.070467],[93.238156,51.0737],[93.231976,51.078221],[93.222952,51.094149],[93.212806,51.097517],[93.212649,51.115339],[93.18694,51.118302],[93.166174,51.130572],[93.153734,51.145275],[93.06977,51.150122],[93.066437,51.15897],[93.065931,51.187183],[93.051728,51.196122],[93.048939,51.208662],[93.087601,51.228307],[93.091783,51.2335],[93.118383,51.23047],[93.134774,51.222293],[93.154469,51.222441],[93.228303,51.176974],[93.227715,51.154602],[93.254023,51.158069],[93.253945,51.181258],[93.258041,51.192929],[93.26548,51.20309],[93.290748,51.210201],[93.325689,51.230507],[93.321133,51.234255],[93.320559,51.250102],[93.293736,51.260822],[93.279024,51.272581],[93.229259,51.273419],[93.203505,51.270288],[93.181003,51.275221],[93.203115,51.274884],[93.216436,51.283362],[93.261379,51.299803],[93.339184,51.298487],[93.362571,51.284934],[93.38511,51.286193],[93.402951,51.282569],[93.459876,51.291806],[93.470131,51.296726],[93.458715,51.312809],[93.465267,51.330518],[93.464029,51.336921],[93.478999,51.345922],[93.496414,51.377582],[93.488494,51.381265],[93.488466,51.398012],[93.498011,51.404585],[93.521588,51.401047],[93.555878,51.409564],[93.5592,51.417277],[93.575725,51.426215],[93.583483,51.425962],[93.586785,51.431699],[93.586562,51.446429],[93.578294,51.455616],[93.5781,51.462058],[93.552856,51.486343],[93.53228,51.495481],[93.523212,51.513336],[93.522204,51.548021],[93.518235,51.559854],[93.532271,51.564343],[93.531527,51.571431],[93.498724,51.571103],[93.489491,51.564701],[93.439859,51.569062],[93.410082,51.583039],[93.401554,51.592988],[93.37986,51.587349],[93.34993,51.594398],[93.336253,51.590831],[93.344491,51.604548],[93.373616,51.607679],[93.39483,51.604647],[93.396921,51.61516],[93.390256,51.634161],[93.394601,51.641876],[93.393845,51.650208],[93.385993,51.652295],[93.392648,51.655494],[93.386882,51.662628],[93.389295,51.675128],[93.370414,51.697216],[93.339689,51.718778],[93.338967,51.723932],[93.343077,51.728043],[93.340192,51.730584],[93.346501,51.73267],[93.342552,51.750071],[93.348332,51.754992],[93.347564,51.763067],[93.359706,51.767195],[93.359482,51.773808],[93.363893,51.780106],[93.364085,51.786847],[93.355441,51.796964],[93.376866,51.791831],[93.388785,51.784879],[93.410425,51.781714],[93.419439,51.790742],[93.452945,51.804014],[93.465466,51.802505],[93.484652,51.808322],[93.493755,51.806517],[93.522436,51.776029],[93.510677,51.76449],[93.494614,51.75594],[93.507919,51.740671],[93.548602,51.736152],[93.560802,51.738499],[93.562689,51.745617],[93.584137,51.746028],[93.623963,51.739769],[93.624261,51.74638],[93.610893,51.750186],[93.592359,51.766468],[93.611214,51.768819],[93.612776,51.771731],[93.644884,51.771302],[93.645909,51.775246],[93.676937,51.785763],[93.690658,51.782077],[93.663858,51.762608],[93.685558,51.765318],[93.718836,51.777915],[93.73158,51.778351],[93.724142,51.79802],[93.736242,51.803506],[93.755523,51.805852],[93.746976,51.835629],[93.751746,51.846041],[93.728767,51.852305],[93.665638,51.827579],[93.662697,51.821539],[93.648969,51.820968],[93.640753,51.826165],[93.628228,51.824095],[93.622262,51.829949],[93.624303,51.83232],[93.600893,51.854629],[93.601573,51.863054],[93.592223,51.86551],[93.590985,51.872651],[93.582524,51.878704],[93.592886,51.889622],[93.577396,51.892432],[93.562149,51.903627],[93.551823,51.899429],[93.537082,51.885929],[93.510951,51.884917],[93.503084,51.877853],[93.490942,51.879511],[93.481889,51.874622],[93.447088,51.872576],[93.432609,51.866954],[93.432818,51.863097],[93.42216,51.85909],[93.424602,51.844909],[93.391469,51.842171],[93.370147,51.846128],[93.339867,51.835758],[93.321834,51.836783],[93.298392,51.823417],[93.289952,51.824404],[93.266823,51.836615],[93.258471,51.84947],[93.264467,51.85602],[93.263254,51.861982],[93.243356,51.870665],[93.238391,51.867655],[93.221655,51.868975],[93.201253,51.87717],[93.190829,51.885372],[93.161378,51.872393],[93.152417,51.873789],[93.139276,51.868082],[93.14081,51.85965],[93.13198,51.847773],[93.115922,51.845414],[93.102609,51.837442],[93.093592,51.839211],[93.091836,51.84355],[93.075011,51.85069],[93.036248,51.835461],[93.018605,51.840612],[93.015247,51.835967],[93.006877,51.834756],[92.997723,51.839232],[92.985654,51.83741],[92.961696,51.824112],[92.904309,51.835456],[92.891879,51.839367],[92.890612,51.84355],[92.873698,51.836023],[92.843287,51.835049],[92.825647,51.840677],[92.81753,51.848685],[92.79502,51.846629],[92.769047,51.855503],[92.764285,51.853988],[92.763095,51.848577],[92.749134,51.846412],[92.737555,51.848901],[92.719373,51.846196],[92.696376,51.851339],[92.662665,51.833047],[92.650653,51.820709],[92.64654,51.820493],[92.64838,51.817896],[92.6447,51.81216],[92.625653,51.808156],[92.593295,51.813459],[92.58994,51.807398],[92.568837,51.807939],[92.5565,51.798199],[92.538751,51.791489],[92.529552,51.791057],[92.512129,51.799065],[92.493947,51.790515],[92.480961,51.790732],[92.472519,51.800255],[92.461589,51.802961],[92.438321,51.7969],[92.408885,51.806532],[92.395465,51.805883],[92.364189,51.818328],[92.307481,51.814648],[92.284322,51.809129],[92.268304,51.819193],[92.25521,51.822656],[92.248283,51.818111],[92.23757,51.817137],[92.232483,51.811293],[92.221938,51.811069],[92.224904,51.807782],[92.264315,51.799362],[92.279956,51.804354],[92.283733,51.797678],[92.290002,51.795398],[92.290631,51.790593],[92.316554,51.788814],[92.325372,51.791785],[92.339337,51.788515],[92.358083,51.794587],[92.366855,51.791243],[92.383868,51.79275],[92.389001,51.781827],[92.403143,51.769792],[92.42227,51.773279],[92.427045,51.767807],[92.434743,51.766556],[92.46535,51.770735],[92.490751,51.758396],[92.509551,51.753839],[92.553099,51.764532],[92.563158,51.762037],[92.570068,51.75575],[92.601174,51.758823],[92.60674,51.755364],[92.63235,51.753944],[92.640216,51.747828],[92.636817,51.731716],[92.629624,51.723449],[92.605303,51.729725],[92.564502,51.730139],[92.555,51.711984],[92.528325,51.731416],[92.511697,51.731219],[92.481684,51.701249],[92.458735,51.69887],[92.438015,51.703667],[92.393944,51.681444],[92.375988,51.676303],[92.384649,51.669135],[92.412914,51.665323],[92.44582,51.65308],[92.470023,51.637648],[92.478051,51.635623],[92.482568,51.638863],[92.496365,51.639309],[92.535285,51.625944],[92.554906,51.630014],[92.585977,51.559321],[92.564727,51.555465],[92.539017,51.543559],[92.527616,51.533938],[92.513213,51.528769],[92.515897,51.522382],[92.497771,51.518227],[92.507009,51.510451],[92.519967,51.508401],[92.514389,51.502409],[92.491692,51.495486],[92.482559,51.488017],[92.49102,51.481742],[92.494821,51.473815],[92.489702,51.464303],[92.493272,51.458478],[92.488324,51.45223],[92.492611,51.449887],[92.494823,51.442511],[92.491317,51.436527],[92.484855,51.436886],[92.465034,51.422197],[92.454692,51.431296],[92.428279,51.423011],[92.412317,51.425165],[92.385738,51.419876],[92.3873,51.410909],[92.38377,51.407885],[92.383416,51.398436],[92.388756,51.394385],[92.371032,51.385445],[92.365237,51.377727],[92.354161,51.374962],[92.353834,51.368905],[92.338467,51.359415],[92.353983,51.348552],[92.344797,51.343606],[92.351325,51.342568],[92.351174,51.330406],[92.345818,51.324583],[92.299792,51.304585],[92.293498,51.262387],[92.278404,51.244463],[92.266979,51.203192],[92.253783,51.189836],[92.185491,51.157928],[92.172378,51.144314]]]}},{"type":"Feature","id":"145195-2073","properties":{"id":"145195-2073","name":"Тоджинский кожуун","name_ru":"Тоджинский кожуун","subject_id":"145195","subject_name":"Тыва","source_gid":2073,"source_fid":2183,"names_rosstat":"Тоджинский муниципальный район","population":6881,"area_km2":44785.425368472344,"density_km2":0.15364373439319898,"source":"Актуализированный объединённый GeoJSON, предоставленный преподавателем","name_en":"Todzhinskii Kozhuun","name_zh":"Todzhinskii区","subject_name_en":"Tuva","subject_name_zh":"图瓦共和国"},"geometry":{"type":"Polygon","coordinates":[[[94.481361,52.856102],[94.485934,52.847001],[94.498432,52.843382],[94.511288,52.848208],[94.568603,52.856528],[94.604406,52.87508],[94.645536,52.867196],[94.66546,52.875142],[94.68226,52.873874],[94.715195,52.878512],[94.728448,52.864201],[94.74448,52.85749],[94.764251,52.843014],[94.771217,52.817205],[94.781363,52.808265],[94.788924,52.796511],[94.78724,52.794318],[94.79101,52.792504],[94.792577,52.788623],[94.788009,52.785597],[94.787622,52.780664],[94.794428,52.773274],[94.789387,52.760966],[94.792698,52.755481],[94.789203,52.751377],[94.792403,52.749885],[94.791025,52.744354],[94.795664,52.735833],[94.792558,52.723732],[94.798089,52.714091],[94.81629,52.718722],[94.825527,52.725546],[94.842992,52.712128],[94.892466,52.696074],[94.89999,52.698055],[94.912789,52.693312],[94.92466,52.701551],[94.933715,52.702271],[94.9885,52.69728],[94.978465,52.656033],[94.981021,52.64823],[94.971492,52.632262],[94.99937,52.601709],[95.005216,52.600089],[95.01098,52.587984],[95.03154,52.57945],[95.03444,52.572059],[95.060112,52.564959],[95.068355,52.545966],[95.015342,52.529725],[94.993825,52.531277],[94.964311,52.514688],[94.943214,52.514612],[94.9433,52.505256],[94.93781,52.499101],[94.939276,52.491485],[94.917156,52.480921],[94.913737,52.476117],[94.895539,52.476141],[94.881001,52.470866],[94.877071,52.453626],[94.883487,52.433379],[94.894449,52.424809],[94.891842,52.411131],[94.900936,52.409671],[94.911943,52.398867],[94.935553,52.391955],[94.939611,52.383705],[94.969353,52.378043],[94.981983,52.368793],[94.971225,52.35788],[94.973961,52.348716],[94.968311,52.341454],[94.994217,52.330471],[94.983572,52.314837],[94.988817,52.309129],[95.004219,52.306383],[95.019742,52.298055],[95.023648,52.289243],[94.996605,52.280687],[94.997161,52.268455],[95.027191,52.26175],[95.070659,52.257678],[95.079084,52.249501],[95.101932,52.243924],[95.143175,52.241568],[95.170221,52.250177],[95.175676,52.242702],[95.200112,52.249009],[95.213226,52.243173],[95.23846,52.256347],[95.254224,52.254988],[95.276222,52.266073],[95.352084,52.265656],[95.365298,52.271352],[95.414021,52.275768],[95.426462,52.271708],[95.432701,52.259974],[95.442682,52.256329],[95.451484,52.246066],[95.450038,52.238589],[95.443587,52.234351],[95.450453,52.227643],[95.483794,52.22848],[95.505277,52.220543],[95.556705,52.21581],[95.556664,52.219932],[95.561262,52.221495],[95.591299,52.22405],[95.608371,52.214576],[95.619518,52.21882],[95.63657,52.219347],[95.646337,52.213065],[95.658352,52.213959],[95.662658,52.20839],[95.662796,52.199331],[95.65697,52.193733],[95.663403,52.183705],[95.685673,52.185355],[95.699426,52.176203],[95.73224,52.166106],[95.792662,52.160174],[95.806025,52.153499],[95.815081,52.140891],[95.841077,52.13041],[95.844512,52.125649],[95.873124,52.121862],[95.89554,52.110592],[95.904431,52.09437],[95.911201,52.090168],[95.91289,52.081711],[95.923631,52.07648],[95.936662,52.076316],[95.949572,52.059664],[95.948884,52.051592],[95.954464,52.043522],[95.950118,52.007497],[95.962918,52.008189],[95.975861,52.004328],[95.975935,51.995999],[95.984214,51.991578],[95.982129,51.98767],[95.98867,51.972429],[95.976438,51.966545],[95.976096,51.955596],[96.004101,51.944564],[96.010838,51.937479],[96.011393,51.931983],[96.074218,51.91221],[96.073921,51.900488],[96.102367,51.895572],[96.111921,51.886118],[96.143753,51.880931],[96.153315,51.877355],[96.158769,51.870091],[96.174646,51.868394],[96.188013,51.847077],[96.203716,51.839537],[96.205844,51.835025],[96.229296,51.826394],[96.246552,51.814037],[96.245284,51.810218],[96.261138,51.796658],[96.271778,51.792598],[96.275889,51.785504],[96.310745,51.780136],[96.334383,51.803343],[96.394893,51.80088],[96.41854,51.80419],[96.453366,51.816771],[96.46781,51.813408],[96.499662,51.793311],[96.515463,51.788391],[96.522014,51.792141],[96.527124,51.790916],[96.536221,51.775632],[96.533194,51.765426],[96.562361,51.745882],[96.561887,51.735493],[96.555168,51.728999],[96.55685,51.725169],[96.577919,51.712873],[96.591442,51.71096],[96.602963,51.704117],[96.625271,51.703142],[96.632213,51.710318],[96.630847,51.721446],[96.660459,51.727767],[96.670991,51.715256],[96.680616,51.711722],[96.694136,51.714434],[96.71274,51.710673],[96.735446,51.717146],[96.755838,51.717102],[96.769895,51.714435],[96.780331,51.706294],[96.81375,51.71225],[96.819591,51.702677],[96.861846,51.70435],[96.882332,51.698745],[96.910439,51.701364],[96.911189,51.707714],[96.919184,51.710056],[96.938459,51.709603],[96.949729,51.7032],[96.957048,51.70619],[96.970374,51.702345],[96.97687,51.692715],[97.003791,51.688452],[97.012117,51.68078],[97.014174,51.677027],[96.991092,51.663741],[96.988109,51.653589],[96.990365,51.646228],[96.99576,51.643606],[96.995989,51.631967],[97.004028,51.621078],[97.002478,51.616453],[97.013792,51.610345],[97.014166,51.602398],[97.062888,51.598188],[97.072116,51.61236],[97.072771,51.622574],[97.095074,51.629196],[97.12787,51.646791],[97.125737,51.658234],[97.129576,51.668245],[97.157836,51.671577],[97.189195,51.669159],[97.209656,51.672515],[97.230241,51.657358],[97.237505,51.662992],[97.251438,51.664949],[97.252307,51.668933],[97.265196,51.677941],[97.303717,51.67241],[97.314261,51.676415],[97.328086,51.672094],[97.33538,51.673515],[97.372418,51.655868],[97.411261,51.652832],[97.416736,51.646883],[97.439454,51.638448],[97.441931,51.633865],[97.465764,51.630393],[97.483135,51.634082],[97.49456,51.622687],[97.510542,51.613679],[97.533755,51.614795],[97.537376,51.609681],[97.545501,51.607255],[97.558866,51.608839],[97.565439,51.619487],[97.557339,51.630717],[97.556532,51.637383],[97.532514,51.643454],[97.531172,51.646649],[97.54312,51.650915],[97.542297,51.659214],[97.548894,51.666384],[97.573847,51.667083],[97.584281,51.677163],[97.596529,51.675838],[97.639103,51.684226],[97.645009,51.675641],[97.660032,51.680368],[97.673543,51.673993],[97.690015,51.680456],[97.724133,51.6712],[97.738076,51.670994],[97.749787,51.663048],[97.772937,51.668799],[97.771797,51.678521],[97.810716,51.668866],[97.838844,51.691533],[97.847481,51.693244],[97.868699,51.684964],[97.877162,51.692473],[97.864261,51.70307],[97.868882,51.709524],[97.861517,51.717027],[97.86612,51.728077],[97.820211,51.760961],[97.817442,51.766114],[97.819225,51.779484],[97.814553,51.783808],[97.812495,51.792943],[97.815196,51.803294],[97.789614,51.818458],[97.787303,51.838847],[97.782376,51.840468],[97.781312,51.846883],[97.773348,51.850653],[97.758119,51.847747],[97.754487,51.85596],[97.75864,51.862897],[97.775505,51.866681],[97.789265,51.862092],[97.804737,51.867438],[97.805611,51.871934],[97.796707,51.881775],[97.809171,51.88459],[97.858897,51.882226],[97.864963,51.882946],[97.869464,51.889401],[97.892612,51.887013],[97.919281,51.872839],[97.923602,51.87818],[97.918773,51.883712],[97.921004,51.892092],[97.907999,51.896384],[97.906101,51.900751],[97.925061,51.915559],[97.947533,51.921372],[97.947695,51.928326],[97.936343,51.940537],[97.936699,51.947188],[97.973325,51.964701],[97.966236,51.986978],[97.986438,51.990847],[97.989758,52.002986],[98.01114,52.00812],[98.049798,52.004404],[98.153737,52.009936],[98.182655,52.022157],[98.183956,52.025998],[98.24329,52.02368],[98.251582,52.026614],[98.249809,52.031501],[98.269223,52.038171],[98.270119,52.044853],[98.278828,52.051771],[98.288511,52.049049],[98.297002,52.055712],[98.293528,52.074933],[98.286665,52.08928],[98.298317,52.094894],[98.296498,52.098837],[98.281741,52.099339],[98.271438,52.11066],[98.251433,52.113663],[98.252453,52.122833],[98.256244,52.126068],[98.252305,52.128204],[98.255067,52.138672],[98.271704,52.151536],[98.272842,52.158815],[98.263213,52.175447],[98.262942,52.187992],[98.253716,52.200364],[98.258561,52.204952],[98.272047,52.208987],[98.28954,52.203882],[98.296232,52.210323],[98.311104,52.21132],[98.3354,52.222737],[98.373613,52.228631],[98.385511,52.237924],[98.40154,52.242022],[98.421832,52.23697],[98.422332,52.230733],[98.425433,52.229896],[98.441224,52.234724],[98.460128,52.231282],[98.476563,52.222478],[98.488983,52.223247],[98.498458,52.217636],[98.500694,52.211405],[98.490077,52.205317],[98.509634,52.198847],[98.515208,52.191127],[98.530105,52.191367],[98.537694,52.185964],[98.537907,52.179904],[98.552034,52.191152],[98.557752,52.220145],[98.567299,52.220796],[98.571258,52.225176],[98.553955,52.25265],[98.564594,52.279388],[98.586908,52.277828],[98.617771,52.26216],[98.621366,52.256669],[98.634174,52.261408],[98.655572,52.2611],[98.65826,52.269178],[98.647721,52.279535],[98.657394,52.288997],[98.66192,52.304137],[98.654134,52.307621],[98.660771,52.315559],[98.668581,52.340666],[98.685672,52.35531],[98.679009,52.358301],[98.675893,52.366669],[98.667117,52.367783],[98.663645,52.378874],[98.65355,52.385434],[98.654374,52.392055],[98.633283,52.394479],[98.634612,52.406414],[98.629919,52.41472],[98.632846,52.423103],[98.644846,52.427938],[98.668197,52.427437],[98.698203,52.445937],[98.698216,52.453825],[98.712559,52.458696],[98.705524,52.465798],[98.711176,52.477157],[98.724688,52.47792],[98.735689,52.486891],[98.734512,52.494248],[98.741743,52.499387],[98.758745,52.497105],[98.770474,52.509286],[98.78566,52.510981],[98.79501,52.506688],[98.802401,52.508002],[98.80856,52.516632],[98.805423,52.532769],[98.812287,52.533756],[98.819248,52.527261],[98.830941,52.537687],[98.82785,52.543741],[98.819044,52.544379],[98.816265,52.549102],[98.785086,52.560261],[98.781583,52.567085],[98.793189,52.568001],[98.800307,52.573014],[98.793692,52.57467],[98.79432,52.58321],[98.785983,52.595312],[98.786071,52.604745],[98.805613,52.610512],[98.808513,52.619502],[98.819798,52.620943],[98.831243,52.615511],[98.835169,52.619624],[98.863874,52.626776],[98.868197,52.633367],[98.866128,52.654431],[98.869996,52.657887],[98.910198,52.649955],[98.931379,52.657532],[98.928992,52.666927],[98.939911,52.671772],[98.935018,52.678519],[98.94043,52.683279],[98.931386,52.690959],[98.931166,52.703481],[98.940326,52.710968],[98.94916,52.713127],[98.954921,52.709958],[98.960205,52.715611],[98.955713,52.721099],[98.955503,52.730328],[98.936529,52.743778],[98.934244,52.748737],[98.934164,52.756909],[98.938314,52.760937],[98.930326,52.768291],[98.946199,52.780132],[98.949812,52.787126],[98.943569,52.792043],[98.929949,52.794719],[98.923505,52.801989],[98.891234,52.799651],[98.879479,52.795658],[98.868496,52.79853],[98.851743,52.792895],[98.849121,52.795336],[98.85372,52.803839],[98.86912,52.814225],[98.868501,52.819063],[98.85291,52.825184],[98.851529,52.836566],[98.860322,52.839825],[98.863108,52.848209],[98.870014,52.851876],[98.865293,52.85568],[98.870718,52.863708],[98.884912,52.871569],[98.901199,52.872397],[98.900712,52.879553],[98.8927,52.88536],[98.892945,52.89524],[98.910075,52.901556],[98.915901,52.914002],[98.924541,52.918846],[98.924084,52.931567],[98.93686,52.937348],[98.96042,52.930202],[98.974136,52.934114],[99.015386,52.907685],[99.054637,52.894991],[99.058733,52.890801],[99.079336,52.889285],[99.089842,52.883585],[99.103153,52.882676],[99.121672,52.873067],[99.169617,52.864592],[99.174875,52.868975],[99.202515,52.874298],[99.215244,52.872853],[99.220285,52.866989],[99.230772,52.867945],[99.233071,52.883228],[99.224288,52.887555],[99.228913,52.898139],[99.223421,52.915082],[99.228494,52.920317],[99.241619,52.921714],[99.258441,52.933754],[99.273702,52.931524],[99.2722,52.938765],[99.263865,52.940369],[99.255982,52.950307],[99.235086,52.957628],[99.23044,52.963329],[99.205327,52.976394],[99.180928,52.976117],[99.171767,52.980008],[99.171571,52.984988],[99.166757,52.987957],[99.128644,52.984975],[99.114848,52.995082],[99.097672,53.000013],[99.08985,52.998396],[99.078919,53.003334],[99.064914,53.002382],[99.052031,53.011814],[98.999776,53.027406],[98.995213,53.031721],[98.993903,53.045119],[99.000962,53.057745],[99.023037,53.06574],[99.022796,53.073891],[99.026824,53.078584],[99.050505,53.084503],[99.063822,53.092185],[99.062062,53.103726],[99.055136,53.109054],[99.009707,53.103005],[98.995115,53.112698],[98.962686,53.125966],[98.957996,53.137637],[98.942297,53.140485],[98.941456,53.145443],[98.927803,53.153476],[98.916679,53.15524],[98.906667,53.147991],[98.891476,53.14788],[98.88616,53.136978],[98.894308,53.132295],[98.899908,53.123675],[98.892343,53.117316],[98.879942,53.125744],[98.863043,53.126618],[98.851137,53.121403],[98.823519,53.123815],[98.800062,53.134208],[98.768621,53.131901],[98.752752,53.138921],[98.750979,53.149171],[98.735983,53.147059],[98.726333,53.153268],[98.68865,53.154337],[98.679244,53.157566],[98.664679,53.152971],[98.667769,53.141561],[98.65817,53.135874],[98.659552,53.130121],[98.651926,53.124137],[98.658027,53.120992],[98.656241,53.115504],[98.643827,53.115161],[98.637791,53.108396],[98.637103,53.101222],[98.583248,53.103138],[98.559658,53.099931],[98.543098,53.10572],[98.530906,53.102656],[98.506846,53.107271],[98.474052,53.096509],[98.451244,53.09574],[98.417877,53.099048],[98.412069,53.106186],[98.40263,53.109054],[98.399156,53.100218],[98.38772,53.096421],[98.379738,53.099902],[98.356451,53.085933],[98.333197,53.098934],[98.319922,53.098751],[98.311002,53.094632],[98.303557,53.096353],[98.311155,53.104647],[98.297127,53.118055],[98.298493,53.133719],[98.290739,53.146472],[98.317999,53.159443],[98.298111,53.174755],[98.315561,53.186771],[98.310946,53.19136],[98.314518,53.19753],[98.305157,53.204468],[98.320378,53.210951],[98.297075,53.227283],[98.239674,53.208021],[98.233416,53.212128],[98.228052,53.227582],[98.188853,53.247414],[98.150268,53.244357],[98.142315,53.23677],[98.123875,53.235104],[98.106793,53.241535],[98.091224,53.241978],[98.079918,53.25081],[98.057371,53.246837],[98.026037,53.247176],[98.018085,53.250944],[98.004601,53.248362],[98.000368,53.257922],[98.004761,53.266542],[98.002163,53.276075],[97.958405,53.303295],[97.9604,53.30821],[97.972462,53.311704],[97.979707,53.323818],[97.989153,53.328596],[97.986545,53.336008],[97.990508,53.341014],[97.981927,53.348318],[97.960139,53.341956],[97.939049,53.349608],[97.909488,53.348656],[97.90092,53.344797],[97.883564,53.351335],[97.866066,53.346704],[97.858801,53.351808],[97.844692,53.354666],[97.841576,53.358916],[97.824599,53.363078],[97.81282,53.373537],[97.798438,53.373563],[97.796632,53.365438],[97.785743,53.362309],[97.735372,53.368733],[97.727208,53.376509],[97.71465,53.368025],[97.69063,53.372161],[97.679494,53.365529],[97.657184,53.365271],[97.645383,53.358551],[97.618312,53.368107],[97.599862,53.370437],[97.589413,53.37747],[97.604164,53.386729],[97.607172,53.39419],[97.595573,53.398052],[97.603642,53.408523],[97.602759,53.425895],[97.592056,53.427628],[97.584142,53.438302],[97.558897,53.443403],[97.541111,53.451521],[97.514066,53.447415],[97.501825,53.452968],[97.484688,53.45173],[97.480829,53.456188],[97.454332,53.456299],[97.446689,53.467266],[97.434317,53.471702],[97.433874,53.476304],[97.440914,53.481417],[97.423754,53.495621],[97.426596,53.507921],[97.405317,53.512451],[97.403185,53.518282],[97.393561,53.524311],[97.382258,53.524024],[97.390145,53.543677],[97.373921,53.544052],[97.371907,53.555592],[97.342489,53.559455],[97.332363,53.569261],[97.329068,53.588836],[97.311918,53.58881],[97.296675,53.57986],[97.276086,53.586307],[97.2541,53.584833],[97.243941,53.59231],[97.23051,53.594979],[97.220093,53.592554],[97.212887,53.596667],[97.203631,53.611184],[97.203084,53.619032],[97.182936,53.623578],[97.176931,53.619464],[97.176389,53.613918],[97.139409,53.610827],[97.126329,53.61482],[97.124574,53.621927],[97.109579,53.623311],[97.09968,53.633713],[97.085672,53.637227],[97.086121,53.6442],[97.089803,53.64617],[97.081362,53.650588],[97.07652,53.659056],[97.057005,53.646688],[97.036444,53.650286],[97.030338,53.647837],[97.009908,53.653011],[96.999813,53.663594],[96.990289,53.663443],[96.976828,53.671945],[96.973248,53.676549],[96.97766,53.681193],[96.972812,53.690818],[96.962216,53.69135],[96.956649,53.695497],[96.942122,53.693826],[96.933053,53.696431],[96.92982,53.701747],[96.91671,53.702279],[96.91276,53.714131],[96.898213,53.716947],[96.893993,53.728158],[96.881778,53.726221],[96.867949,53.72893],[96.839664,53.721173],[96.828171,53.726911],[96.816857,53.723777],[96.797431,53.728251],[96.782391,53.722088],[96.761828,53.719165],[96.742334,53.726794],[96.707312,53.709793],[96.705568,53.701178],[96.714459,53.695211],[96.705863,53.688425],[96.708186,53.684435],[96.70563,53.679985],[96.711275,53.673854],[96.69983,53.667496],[96.701691,53.663635],[96.69658,53.658978],[96.697386,53.654448],[96.68833,53.646337],[96.693952,53.639384],[96.687892,53.632349],[96.705965,53.623475],[96.694602,53.61287],[96.674148,53.604158],[96.674256,53.599288],[96.686377,53.590738],[96.659105,53.573477],[96.658672,53.56417],[96.643304,53.563412],[96.636378,53.555945],[96.62772,53.556919],[96.626205,53.563629],[96.616465,53.56655],[96.596227,53.558704],[96.589409,53.552428],[96.578046,53.555241],[96.559323,53.551778],[96.552722,53.544311],[96.52783,53.545934],[96.513329,53.551886],[96.508026,53.546908],[96.494822,53.546583],[96.482269,53.541713],[96.483567,53.530999],[96.467767,53.527645],[96.460841,53.516822],[96.447962,53.512385],[96.437897,53.516389],[96.441577,53.526779],[96.438655,53.531108],[96.440278,53.535761],[96.433893,53.541064],[96.423395,53.539441],[96.408028,53.548856],[96.396881,53.548856],[96.390604,53.55654],[96.384543,53.557946],[96.387249,53.566713],[96.384543,53.567795],[96.369608,53.570608],[96.367011,53.56563],[96.351968,53.570392],[96.356513,53.577102],[96.370041,53.583054],[96.374695,53.593768],[96.361167,53.599071],[96.333353,53.59788],[96.310085,53.587816],[96.285411,53.59182],[96.276753,53.589331],[96.272532,53.590846],[96.277173,53.598562],[96.277077,53.608161],[96.281947,53.610867],[96.27935,53.613789],[96.273398,53.616386],[96.265714,53.612382],[96.254783,53.613897],[96.241133,53.619464],[96.225455,53.597772],[96.229459,53.589114],[96.228594,53.579266],[96.222208,53.568877],[96.229027,53.561626],[96.240715,53.557946],[96.237576,53.544148],[96.239849,53.540901],[96.23249,53.533488],[96.239092,53.528077],[96.232057,53.517147],[96.224914,53.51877],[96.222858,53.515415],[96.193097,53.509679],[96.187253,53.51509],[96.146236,53.509787],[96.135739,53.511844],[96.119722,53.506216],[96.11284,53.512599],[96.103488,53.504484],[96.106302,53.491281],[96.112795,53.485816],[96.11128,53.468068],[96.115609,53.46125],[96.110523,53.451726],[96.075567,53.451077],[96.033252,53.457029],[96.00533,53.471639],[96.006953,53.476184],[95.993534,53.48008],[95.976218,53.479323],[95.967668,53.483922],[95.967127,53.491281],[95.953707,53.494203],[95.93163,53.488467],[95.885743,53.501454],[95.878492,53.497341],[95.866047,53.498748],[95.860419,53.493229],[95.846242,53.4968],[95.837476,53.495502],[95.835312,53.491497],[95.813667,53.496259],[95.807498,53.491281],[95.794728,53.498099],[95.777629,53.499289],[95.766698,53.508705],[95.760638,53.50957],[95.757066,53.505025],[95.743755,53.514007],[95.745162,53.518769],[95.732224,53.52522],[95.721785,53.521962],[95.724491,53.515035],[95.705119,53.506053],[95.685206,53.506377],[95.670055,53.490794],[95.656852,53.486356],[95.654904,53.480621],[95.66064,53.47521],[95.653605,53.4685],[95.649709,53.45876],[95.65209,53.455621],[95.629147,53.454972],[95.613455,53.447559],[95.594624,53.447342],[95.577308,53.438143],[95.55707,53.435546],[95.549062,53.430892],[95.526984,53.437494],[95.515729,53.432137],[95.512591,53.424886],[95.499279,53.422938],[95.490838,53.415687],[95.499496,53.405731],[95.495275,53.395017],[95.463566,53.40124],[95.430558,53.397343],[95.423415,53.393015],[95.429151,53.388902],[95.425796,53.380353],[95.428394,53.375374],[95.405126,53.365634],[95.387052,53.370504],[95.375473,53.381435],[95.355018,53.381218],[95.336404,53.376457],[95.307184,53.388144],[95.30253,53.391283],[95.30437,53.395503],[95.297119,53.397776],[95.29647,53.40178],[95.284132,53.410059],[95.299608,53.413414],[95.309673,53.421747],[95.311512,53.434301],[95.304586,53.444907],[95.267249,53.448045],[95.260323,53.451292],[95.258699,53.456054],[95.225367,53.462655],[95.218002,53.469366],[95.185649,53.454971],[95.152966,53.434193],[95.146148,53.4185],[95.115088,53.398858],[95.094634,53.401564],[95.061517,53.394529],[95.035869,53.366121],[95.004159,53.370991],[94.991281,53.381813],[94.991064,53.400319],[94.978727,53.399561],[94.960112,53.405189],[94.950156,53.40205],[94.939767,53.388306],[94.925697,53.400427],[94.905784,53.396098],[94.893988,53.397288],[94.884681,53.393176],[94.87137,53.395449],[94.855461,53.390795],[94.839336,53.39415],[94.812821,53.392797],[94.795938,53.389117],[94.782735,53.381867],[94.771588,53.387223],[94.757086,53.382894],[94.750593,53.384626],[94.744424,53.377808],[94.72029,53.376293],[94.698538,53.358923],[94.677218,53.357516],[94.668993,53.347235],[94.659145,53.34388],[94.657413,53.338577],[94.635227,53.337062],[94.618345,53.33111],[94.610444,53.324184],[94.60947,53.314823],[94.600813,53.305732],[94.606332,53.291501],[94.623648,53.291501],[94.635769,53.285765],[94.648539,53.28912],[94.677002,53.28728],[94.681872,53.279921],[94.681655,53.268017],[94.68685,53.257573],[94.708062,53.250972],[94.716071,53.23712],[94.707737,53.226297],[94.698971,53.223592],[94.698322,53.215151],[94.678625,53.211579],[94.65341,53.214285],[94.652544,53.207521],[94.662609,53.200919],[94.656765,53.193993],[94.657089,53.187175],[94.62538,53.183712],[94.602437,53.167803],[94.616614,53.159578],[94.608173,53.148648],[94.606225,53.138367],[94.620943,53.126354],[94.604926,53.12538],[94.590208,53.119969],[94.591939,53.112285],[94.585013,53.107307],[94.587935,53.102112],[94.585879,53.090911],[94.578087,53.084959],[94.57668,53.072514],[94.583066,53.069159],[94.600489,53.046595],[94.590317,53.03956],[94.581226,53.04021],[94.581226,53.03166],[94.571053,53.025816],[94.570187,53.02073],[94.578953,53.01218],[94.578196,53.003739],[94.583282,52.996542],[94.5664,52.987992],[94.555577,52.977278],[94.542374,52.975222],[94.538154,52.96624],[94.525383,52.958123],[94.51283,52.935072],[94.517591,52.931501],[94.525925,52.910019],[94.51402,52.909477],[94.505687,52.898763],[94.493231,52.891667],[94.497393,52.886894],[94.494474,52.881146],[94.498315,52.877653],[94.496471,52.867605],[94.481361,52.856102]]]}},{"type":"Feature","id":"145195-2074","properties":{"id":"145195-2074","name":"Тере-Хольский кожуун","name_ru":"Тере-Хольский кожуун","subject_id":"145195","subject_name":"Тыва","source_gid":2074,"source_fid":2184,"names_rosstat":"Тере-Хольский муниципальный район","population":1938,"area_km2":10518.059119516192,"density_km2":0.18425452623707478,"source":"Актуализированный объединённый GeoJSON, предоставленный преподавателем","name_en":"Tere-Khol'skii Kozhuun","name_zh":"Tere-Khol'skii区","subject_name_en":"Tuva","subject_name_zh":"图瓦共和国"},"geometry":{"type":"Polygon","coordinates":[[[96.563062,50.464253],[96.565901,50.449966],[96.573127,50.439723],[96.60818,50.430441],[96.614428,50.419671],[96.62981,50.413748],[96.647268,50.402614],[96.651462,50.394774],[96.675738,50.382181],[96.686547,50.367859],[96.732279,50.363757],[96.772343,50.352138],[96.786469,50.341715],[96.799176,50.341091],[96.821927,50.346967],[96.824307,50.342934],[96.815475,50.336683],[96.814866,50.328505],[96.840076,50.312545],[96.841959,50.298563],[96.850776,50.290961],[96.870316,50.285188],[96.896283,50.290072],[96.924459,50.275684],[96.935152,50.275102],[96.949878,50.268675],[96.965675,50.254732],[96.980923,50.258398],[96.985198,50.240955],[97.00145,50.220796],[97.003644,50.207191],[96.982712,50.181609],[96.960123,50.170848],[96.954954,50.157417],[96.957297,50.146001],[96.984657,50.14212],[96.996757,50.145496],[97.025616,50.132274],[97.061728,50.130618],[97.070453,50.126372],[97.069247,50.120198],[97.073839,50.116462],[97.076675,50.099942],[97.08799,50.092406],[97.103679,50.089509],[97.113454,50.093582],[97.130633,50.088777],[97.154306,50.093226],[97.169603,50.090797],[97.178736,50.079365],[97.186847,50.075374],[97.201259,50.053836],[97.218824,50.05464],[97.22128,50.048902],[97.234119,50.042323],[97.251378,50.041752],[97.258074,50.035108],[97.257066,50.024596],[97.276962,50.015616],[97.302111,50.008894],[97.321479,50.012798],[97.333141,50.007897],[97.343065,50.012422],[97.372267,50.00568],[97.40248,50.006478],[97.446138,49.995505],[97.462289,49.967812],[97.479036,49.955831],[97.475632,49.942473],[97.485797,49.935385],[97.554838,49.922624],[97.567388,49.929714],[97.57156,49.940797],[97.615672,49.937535],[97.619348,49.94397],[97.6781,49.9618],[97.7004,49.9611],[97.7098,49.9747],[97.739,49.9788],[97.7513,49.9872],[97.7621,50.0005],[97.7804,49.9936],[97.7809,49.9755],[97.7925,49.9587],[97.815,49.9507],[97.8166,49.939],[97.8296,49.923],[97.8617,49.9168],[97.8866,49.9235],[97.8949,49.929],[97.8678,49.9539],[97.8674,49.972],[97.8715,49.9755],[97.8882,49.9785],[97.8978,49.984],[97.9342,49.9781],[97.9783,50.0018],[97.9821,50.0189],[97.989,50.0226],[98.0306,50.0346],[98.0699,50.0359],[98.0624,50.0619],[98.0637,50.07],[98.1027,50.0775],[98.1039,50.0865],[98.1204,50.1002],[98.1202,50.1136],[98.11,50.1313],[98.1127,50.1387],[98.1296,50.1325],[98.1491,50.1343],[98.1629,50.1454],[98.1727,50.1481],[98.1823,50.1581],[98.1849,50.1725],[98.1692,50.1895],[98.169785,50.202677],[98.228312,50.236107],[98.233527,50.26117],[98.248207,50.272845],[98.252121,50.293301],[98.266244,50.307411],[98.30813,50.323294],[98.304018,50.338374],[98.285461,50.341167],[98.299094,50.350026],[98.299746,50.361429],[98.29082,50.367828],[98.288111,50.379247],[98.26937,50.396235],[98.272458,50.400723],[98.283148,50.404527],[98.272249,50.412365],[98.283591,50.421432],[98.285024,50.42746],[98.2905,50.429124],[98.295191,50.439899],[98.299897,50.440891],[98.298293,50.452208],[98.324498,50.470061],[98.328051,50.476294],[98.324955,50.48966],[98.321547,50.491575],[98.323276,50.495246],[98.308491,50.494122],[98.29949,50.49781],[98.287215,50.516323],[98.288034,50.524856],[98.272796,50.538882],[98.187178,50.557458],[98.186523,50.562042],[98.161286,50.569322],[98.15468,50.574931],[98.14674,50.574793],[98.139798,50.581705],[98.131439,50.584091],[98.133001,50.5873],[98.124285,50.59321],[98.096962,50.5972],[98.087,50.6043],[98.0869,50.6096],[98.077,50.6122],[98.0567,50.6364],[98.0252,50.6551],[98.0236,50.6639],[98.008,50.6692],[98.0106,50.6801],[98.0245,50.6885],[98.0245,50.6919],[97.9974,50.6989],[97.991,50.733],[97.981,50.7381],[97.9708,50.7499],[97.9719,50.765],[97.9786,50.7841],[97.9497,50.8081],[97.9849,50.8212],[97.9847,50.8293],[97.9889,50.8327],[98.0087,50.8365],[98.033343,50.864706],[98.015805,50.874542],[98.009684,50.872583],[98.003049,50.87752],[98.003623,50.874961],[97.99868,50.875749],[97.999125,50.880279],[97.993161,50.881186],[97.996547,50.883377],[97.991024,50.882849],[97.991793,50.887573],[97.985148,50.890466],[97.964536,50.889427],[97.966226,50.894049],[97.956299,50.89637],[97.959836,50.900552],[97.954263,50.897681],[97.947353,50.901069],[97.950908,50.904952],[97.94637,50.907096],[97.95073,50.907626],[97.944047,50.907835],[97.944818,50.910959],[97.942211,50.908735],[97.942277,50.915023],[97.935428,50.911329],[97.918779,50.920829],[97.914412,50.920103],[97.910959,50.926191],[97.90179,50.922727],[97.894891,50.92437],[97.90026,50.927203],[97.886689,50.930397],[97.883953,50.941037],[97.877678,50.941597],[97.879345,50.946115],[97.868959,50.948082],[97.867233,50.955592],[97.856514,50.961728],[97.855894,50.969545],[97.861935,50.974989],[97.854833,50.982565],[97.852482,50.993597],[97.828857,51.003173],[97.829403,51.006969],[97.824577,51.009828],[97.834312,51.027599],[97.848693,51.030981],[97.844543,51.033797],[97.846107,51.036174],[97.857589,51.041402],[97.856366,51.045271],[97.86512,51.045611],[97.871231,51.051444],[97.866465,51.055086],[97.870089,51.057587],[97.867407,51.064837],[97.877531,51.068304],[97.875605,51.073397],[97.878841,51.077292],[97.871601,51.080705],[97.878166,51.084624],[97.876492,51.089426],[97.882049,51.091256],[97.879278,51.093621],[97.88457,51.097219],[97.882119,51.100541],[97.889697,51.100464],[97.8962,51.111248],[97.894372,51.115234],[97.900964,51.117978],[97.896624,51.121391],[97.883824,51.120107],[97.832591,51.109864],[97.80532,51.108216],[97.790258,51.116383],[97.752376,51.127412],[97.722252,51.12111],[97.716889,51.116598],[97.72191,51.110509],[97.703425,51.105566],[97.694639,51.106855],[97.670335,51.119821],[97.648997,51.123044],[97.645917,51.121182],[97.646259,51.105852],[97.643406,51.103775],[97.61488,51.097971],[97.588979,51.106211],[97.558969,51.089371],[97.531927,51.095248],[97.506727,51.093621],[97.481123,51.106454],[97.475881,51.105987],[97.459111,51.096752],[97.443288,51.082475],[97.426394,51.076392],[97.419453,51.06572],[97.398014,51.059556],[97.377274,51.047043],[97.373803,51.038311],[97.340811,51.033031],[97.330348,51.025071],[97.285323,51.024103],[97.255798,51.009892],[97.244274,51.015343],[97.241475,51.021485],[97.234844,51.017147],[97.237021,51.011925],[97.225243,51.009488],[97.218927,51.012086],[97.216795,51.017388],[97.203043,51.0196],[97.195377,51.024983],[97.179906,51.028599],[97.167817,51.025375],[97.151622,51.029267],[97.12185,51.021003],[97.116872,51.014041],[97.09013,51.012351],[97.083263,50.994483],[97.071403,50.987851],[97.052842,50.988078],[97.020714,51.002111],[96.989788,50.998097],[96.999065,50.979414],[97.008719,50.979816],[97.007038,50.973564],[97.014499,50.959288],[97.010992,50.954486],[97.01676,50.955042],[97.017958,50.952175],[97.00804,50.94687],[97.013065,50.938125],[97.006764,50.930102],[97.009349,50.923147],[97.000495,50.914561],[97.004906,50.912004],[97.012726,50.914398],[97.014244,50.909019],[97.005859,50.906615],[97.004114,50.902366],[96.995858,50.901976],[97.003565,50.888284],[96.993512,50.886021],[96.993703,50.87901],[96.985399,50.879312],[96.969898,50.870905],[96.965104,50.864013],[96.955705,50.862869],[96.95171,50.845978],[96.90633,50.848745],[96.895739,50.840002],[96.890777,50.829795],[96.87167,50.816003],[96.87454,50.807634],[96.867413,50.798816],[96.869285,50.791868],[96.863474,50.787293],[96.8658,50.768692],[96.862751,50.759507],[96.8345,50.737473],[96.727776,50.718107],[96.717522,50.710036],[96.712292,50.679731],[96.706519,50.677705],[96.700526,50.666193],[96.674519,50.641415],[96.668366,50.627608],[96.651999,50.614161],[96.643738,50.601932],[96.610624,50.586678],[96.611306,50.573941],[96.623684,50.561078],[96.62577,50.554],[96.617984,50.537583],[96.58686,50.522371],[96.577581,50.50176],[96.582298,50.485632],[96.576297,50.473722],[96.563062,50.464253]]]}},{"type":"Feature","id":"145195-2075","properties":{"id":"145195-2075","name":"Тандинский кожуун","name_ru":"Тандинский кожуун","subject_id":"145195","subject_name":"Тыва","source_gid":2075,"source_fid":2185,"names_rosstat":"Тандинский муниципальный район","population":14965,"area_km2":5044.7837283053805,"density_km2":2.9664304370540324,"source":"Актуализированный объединённый GeoJSON, предоставленный преподавателем","name_en":"Tandinskii Kozhuun","name_zh":"Tandinskii区","subject_name_en":"Tuva","subject_name_zh":"图瓦共和国"},"geometry":{"type":"Polygon","coordinates":[[[93.614668,51.48018],[93.620486,51.468281],[93.629551,51.464365],[93.638185,51.453621],[93.635289,51.450103],[93.642155,51.447649],[93.651466,51.435959],[93.697607,51.44676],[93.70348,51.454652],[93.70399,51.461479],[93.724472,51.4674],[93.751582,51.466288],[93.794861,51.478002],[93.805902,51.484094],[93.850509,51.470944],[93.880799,51.458597],[93.88912,51.450453],[93.903427,51.447937],[93.946327,51.4243],[93.962266,51.407021],[93.988099,51.412073],[94.010236,51.395364],[94.027045,51.388486],[94.03414,51.381649],[94.026407,51.383551],[94.01869,51.371303],[94.004989,51.363503],[94.000862,51.35272],[93.983604,51.33132],[93.985607,51.326116],[93.977228,51.317539],[94.000453,51.310511],[94.002935,51.302256],[94.012818,51.299882],[94.021772,51.264667],[94.019367,51.251209],[93.987436,51.256973],[93.969006,51.247856],[93.977902,51.227424],[93.99317,51.215812],[93.993848,51.208638],[93.986713,51.199434],[93.989752,51.195901],[93.943,51.165763],[93.938624,51.158754],[93.949923,51.159913],[93.967565,51.151369],[93.978698,51.151919],[94.019292,51.142314],[94.047237,51.133831],[94.053447,51.127252],[94.06975,51.122376],[94.080048,51.113092],[94.083608,51.09152],[94.090381,51.082254],[94.111497,51.070125],[94.131289,51.072127],[94.140849,51.06834],[94.150098,51.061849],[94.177095,51.029019],[94.179059,51.033024],[94.188789,51.030112],[94.19583,51.031897],[94.199884,51.037661],[94.21114,51.038339],[94.220445,51.030834],[94.233294,51.028681],[94.237495,51.018953],[94.245221,51.01376],[94.266358,51.013705],[94.287992,51.003333],[94.288975,50.999522],[94.284629,50.994931],[94.262384,50.986444],[94.287287,50.991402],[94.313116,50.986756],[94.322697,50.995881],[94.34181,50.98847],[94.384597,50.99263],[94.395205,50.983313],[94.389162,50.972305],[94.39841,50.969962],[94.405836,50.952351],[94.421156,50.950834],[94.418722,50.940127],[94.427821,50.928721],[94.427426,50.915799],[94.421944,50.908694],[94.406308,50.900359],[94.408745,50.894489],[94.42794,50.890412],[94.4471,50.891915],[94.481215,50.89707],[94.485032,50.901767],[94.494416,50.889386],[94.510474,50.885207],[94.548278,50.890961],[94.542299,50.87749],[94.559548,50.876681],[94.594257,50.867386],[94.607454,50.873196],[94.611598,50.879195],[94.623085,50.878649],[94.631821,50.875113],[94.639929,50.866324],[94.65497,50.863167],[94.657074,50.87717],[94.663577,50.884833],[94.661091,50.890082],[94.671228,50.901725],[94.690834,50.912098],[94.7157,50.910469],[94.739227,50.883083],[94.772127,50.869264],[94.766006,50.859364],[94.772605,50.849402],[94.77337,50.840223],[94.782456,50.837928],[94.785038,50.831103],[94.807172,50.81821],[94.815863,50.818919],[94.818574,50.815317],[94.83362,50.818624],[94.83876,50.813841],[94.851658,50.82376],[94.873059,50.824114],[94.894555,50.814844],[94.910069,50.816144],[94.947199,50.7879],[94.950539,50.77554],[94.983059,50.781529],[95.016984,50.774083],[95.037358,50.773965],[95.042778,50.769591],[95.04362,50.761315],[95.055582,50.765631],[95.084554,50.763621],[95.098853,50.769059],[95.136236,50.762971],[95.144065,50.77328],[95.139697,50.778493],[95.141608,50.781787],[95.156975,50.782985],[95.167267,50.793124],[95.210032,50.806173],[95.227415,50.804661],[95.258934,50.822036],[95.266202,50.808763],[95.273692,50.807856],[95.278205,50.798082],[95.293027,50.79848],[95.304716,50.791343],[95.3343,50.78891],[95.358689,50.780103],[95.370025,50.773394],[95.358257,50.764721],[95.359797,50.758977],[95.37688,50.757341],[95.387285,50.762863],[95.40398,50.763551],[95.405537,50.768823],[95.417867,50.774796],[95.419444,50.781722],[95.439701,50.779753],[95.443262,50.785467],[95.4396,50.788239],[95.456333,50.817667],[95.454689,50.834628],[95.447931,50.842126],[95.452589,50.851063],[95.443,50.859481],[95.433319,50.892904],[95.420899,50.900104],[95.429008,50.911909],[95.387385,50.947998],[95.385671,50.97381],[95.375033,50.991069],[95.365403,51.017258],[95.339447,51.01929],[95.341521,51.020954],[95.312582,51.029799],[95.312703,51.037334],[95.303853,51.053223],[95.277365,51.08095],[95.257589,51.081847],[95.206438,51.111689],[95.184523,51.127015],[95.162721,51.148848],[95.07253,51.180507],[95.047582,51.183516],[95.039042,51.178688],[95.045684,51.168575],[95.024085,51.16392],[95.03307,51.148412],[95.031954,51.14372],[95.026261,51.14274],[95.027433,51.139834],[95.020122,51.14267],[95.019675,51.147117],[94.975973,51.145366],[94.966262,51.142215],[94.967825,51.133425],[94.949505,51.130991],[94.943027,51.133389],[94.94576,51.130178],[94.921404,51.139491],[94.923482,51.148356],[94.920456,51.148736],[94.923328,51.151149],[94.916184,51.150848],[94.912648,51.153617],[94.915098,51.156723],[94.906533,51.158049],[94.907375,51.161067],[94.897626,51.160495],[94.864583,51.170285],[94.84188,51.169449],[94.840732,51.172275],[94.854858,51.172774],[94.8471,51.180962],[94.840626,51.20167],[94.844756,51.216985],[94.860161,51.235859],[94.863565,51.256508],[94.850393,51.260175],[94.836998,51.258953],[94.809538,51.277007],[94.7512,51.282818],[94.738451,51.305029],[94.678047,51.3274],[94.678865,51.34069],[94.663935,51.368066],[94.647368,51.426043],[94.621506,51.430743],[94.599388,51.439382],[94.484301,51.460917],[94.453722,51.482205],[94.426607,51.492286],[94.421544,51.509538],[94.399359,51.540957],[94.363983,51.5608],[94.360985,51.577571],[94.36385,51.578026],[94.340532,51.5909],[94.317415,51.588375],[94.284371,51.570698],[94.254525,51.569455],[94.245331,51.572313],[94.234938,51.568586],[94.223413,51.533539],[94.224997,51.524367],[94.237317,51.512855],[94.238056,51.506692],[94.234617,51.504476],[94.201189,51.509807],[94.195121,51.502027],[94.15485,51.502234],[94.146245,51.508341],[94.130762,51.510814],[94.132926,51.513713],[94.129474,51.514822],[94.13257,51.517141],[94.123061,51.516408],[94.11758,51.527969],[94.11451,51.525224],[94.112321,51.532175],[94.106929,51.531691],[94.103102,51.537111],[94.088205,51.529713],[94.054624,51.530945],[94.049971,51.527488],[94.033275,51.530311],[94.020194,51.524013],[94.005074,51.526181],[93.986613,51.51827],[93.96728,51.518947],[93.956554,51.512976],[93.920731,51.51654],[93.913622,51.514116],[93.906912,51.518218],[93.897375,51.513483],[93.890703,51.522307],[93.910078,51.548136],[93.899132,51.550727],[93.864687,51.572304],[93.840697,51.56629],[93.827413,51.568778],[93.826299,51.556052],[93.807291,51.540385],[93.773011,51.542568],[93.770231,51.54412],[93.773282,51.547806],[93.772126,51.556676],[93.741225,51.55735],[93.736621,51.543308],[93.7264,51.536843],[93.710826,51.533778],[93.702123,51.52675],[93.675144,51.528421],[93.671341,51.523316],[93.645781,51.515146],[93.637702,51.505235],[93.649179,51.500414],[93.640761,51.491277],[93.645569,51.489039],[93.63923,51.484752],[93.614668,51.48018]]]}},{"type":"Feature","id":"145195-2076","properties":{"id":"145195-2076","name":"Монгун-Тайгинский кожуун","name_ru":"Монгун-Тайгинский кожуун","subject_id":"145195","subject_name":"Тыва","source_gid":2076,"source_fid":2186,"names_rosstat":"Монгун-Тайгинский муниципальный район","population":5975,"area_km2":4399.232418330848,"density_km2":1.3581914824738965,"source":"Актуализированный объединённый GeoJSON, предоставленный преподавателем","name_en":"Mongun-Taiginskii Kozhuun","name_zh":"Mongun-Taiginskii区","subject_name_en":"Tuva","subject_name_zh":"图瓦共和国"},"geometry":{"type":"Polygon","coordinates":[[[89.309213,50.207711],[89.329373,50.202554],[89.334842,50.195016],[89.351252,50.193231],[89.365699,50.182914],[89.389722,50.187011],[89.402605,50.178838],[89.416969,50.192212],[89.441161,50.205674],[89.451367,50.203843],[89.45652,50.206352],[89.486829,50.198947],[89.494626,50.201171],[89.520175,50.191731],[89.527485,50.181211],[89.526695,50.1633],[89.532474,50.147871],[89.524991,50.142166],[89.522917,50.134942],[89.510025,50.128571],[89.511507,50.119309],[89.548922,50.113012],[89.556775,50.11505],[89.557961,50.108604],[89.565814,50.105937],[89.58241,50.106974],[89.584559,50.088045],[89.592042,50.084192],[89.579225,50.076709],[89.562184,50.076023],[89.555368,50.0683],[89.534707,50.065428],[89.536031,50.053908],[89.524696,50.03935],[89.544432,50.02445],[89.543959,50.01503],[89.56789,50.01992],[89.592932,50.01553],[89.595747,50.013011],[89.594043,50.003676],[89.601452,49.993934],[89.598711,49.984524],[89.605823,49.978005],[89.625434,49.971918],[89.608713,49.963743],[89.604787,49.948221],[89.606268,49.94422],[89.61464,49.941849],[89.613848,49.935768],[89.600786,49.926772],[89.592712,49.913061],[89.629285,49.918775],[89.684496,49.938454],[89.733553,49.947931],[89.79935,49.953375],[89.822573,49.951829],[89.861425,49.959444],[89.870868,49.958939],[89.882758,49.952997],[89.9587,49.9717],[89.97483,49.971259],[90.017299,49.990466],[90.022005,50.001221],[90.031556,49.998638],[90.030721,50.007838],[90.0051,50.0318],[90.0023,50.0542],[90.0077,50.0579],[90.020559,50.06046],[90.066949,50.083146],[90.165213,50.108164],[90.208815,50.102659],[90.247782,50.10431],[90.285204,50.110916],[90.328978,50.152181],[90.343741,50.154711],[90.358675,50.163399],[90.388888,50.192641],[90.4121,50.1991],[90.4389,50.195],[90.4528,50.1971],[90.4815,50.2103],[90.4795,50.2218],[90.4834,50.2282],[90.5443,50.2432],[90.557,50.2407],[90.5807,50.2439],[90.5978,50.2387],[90.5981,50.2326],[90.6182,50.224],[90.6532,50.2247],[90.6691,50.2132],[90.7308,50.2434],[90.7064,50.3129],[90.716513,50.315339],[90.689369,50.323286],[90.672388,50.33521],[90.667703,50.362001],[90.670982,50.374663],[90.683432,50.385091],[90.687497,50.40106],[90.702659,50.418308],[90.705918,50.427081],[90.700132,50.437205],[90.699949,50.452224],[90.73784,50.489745],[90.724212,50.50546],[90.719618,50.517827],[90.689645,50.528096],[90.666867,50.528105],[90.647971,50.538853],[90.647494,50.544839],[90.63927,50.554459],[90.646602,50.561118],[90.636451,50.566651],[90.643749,50.567749],[90.642292,50.577528],[90.650212,50.58525],[90.647671,50.589011],[90.651047,50.601321],[90.647435,50.603507],[90.644635,50.624056],[90.650662,50.628851],[90.651535,50.634549],[90.634004,50.651202],[90.633049,50.657096],[90.624841,50.663271],[90.618305,50.674574],[90.603489,50.683842],[90.58268,50.689055],[90.582588,50.685109],[90.573705,50.686368],[90.576618,50.692515],[90.568433,50.70597],[90.550333,50.700329],[90.533599,50.700761],[90.518483,50.694826],[90.526064,50.675612],[90.519507,50.665007],[90.522786,50.641493],[90.509262,50.61554],[90.491913,50.607825],[90.450455,50.604097],[90.407357,50.616364],[90.39677,50.616017],[90.388369,50.610859],[90.374026,50.61255],[90.368357,50.6171],[90.357565,50.61411],[90.329698,50.619094],[90.287898,50.599069],[90.263788,50.594169],[90.258938,50.571097],[90.21902,50.551625],[90.207345,50.549152],[90.20068,50.543382],[90.175853,50.536018],[90.160286,50.541392],[90.136622,50.537411],[90.124634,50.527573],[90.116045,50.512386],[90.108709,50.510252],[90.091308,50.514718],[90.082764,50.50516],[90.06411,50.504733],[90.058071,50.499725],[90.036957,50.493323],[90.024253,50.496794],[90.016783,50.493351],[89.999561,50.492924],[89.979968,50.49762],[89.97451,50.50294],[89.978089,50.50516],[89.972318,50.51358],[89.955633,50.526066],[89.948386,50.525469],[89.948744,50.52126],[89.941408,50.516481],[89.930851,50.520975],[89.913897,50.518558],[89.905666,50.506724],[89.901104,50.506582],[89.882361,50.507464],[89.873772,50.51961],[89.851572,50.52326],[89.843422,50.514647],[89.842163,50.499885],[89.861649,50.482529],[89.86565,50.472046],[89.855574,50.462859],[89.859278,50.455191],[89.847943,50.441558],[89.829272,50.435168],[89.8189,50.411201],[89.79445,50.41446],[89.786671,50.419795],[89.754146,50.410756],[89.735772,50.409274],[89.723103,50.403106],[89.718806,50.392289],[89.707322,50.384121],[89.664721,50.38501],[89.661461,50.38262],[89.662943,50.374545],[89.655164,50.369729],[89.643383,50.371359],[89.632789,50.378268],[89.613229,50.374267],[89.608561,50.390677],[89.600411,50.399642],[89.597225,50.419387],[89.58989,50.428129],[89.569294,50.431556],[89.548104,50.440816],[89.545363,50.445354],[89.503339,50.460006],[89.510615,50.449948],[89.49928,50.449503],[89.4915,50.44528],[89.493649,50.434556],[89.481795,50.403253],[89.484589,50.399015],[89.493256,50.396582],[89.491575,50.390844],[89.501577,50.385732],[89.492464,50.374989],[89.496835,50.363912],[89.413634,50.337203],[89.381479,50.338889],[89.376663,50.32822],[89.379479,50.314921],[89.407346,50.313744],[89.401706,50.306253],[89.393333,50.304771],[89.391407,50.300474],[89.395344,50.294932],[89.3894,50.28646],[89.34464,50.265698],[89.345788,50.257885],[89.331544,50.244352],[89.331508,50.238546],[89.339898,50.233262],[89.332811,50.22471],[89.336765,50.216527],[89.309213,50.207711]]]}},{"type":"Feature","id":"145195-2077","properties":{"id":"145195-2077","name":"Дзун-Хемчикский кожуун","name_ru":"Дзун-Хемчикский кожуун","subject_id":"145195","subject_name":"Тыва","source_gid":2077,"source_fid":2187,"names_rosstat":"Дзун-Хемчикский муниципальный район","population":18818,"area_km2":6624.353642871694,"density_km2":2.840729981294038,"source":"Актуализированный объединённый GeoJSON, предоставленный преподавателем","name_en":"Dzun-Khemchikskii Kozhuun","name_zh":"Dzun-Khemchikskii区","subject_name_en":"Tuva","subject_name_zh":"图瓦共和国"},"geometry":{"type":"Polygon","coordinates":[[[90.84259,51.137494],[90.87539,51.104673],[90.892626,51.082062],[90.894349,51.072196],[90.910244,51.044271],[90.902393,51.03271],[90.90335,51.01934],[90.940119,50.99982],[90.968462,50.993915],[90.965589,50.962565],[90.938204,50.918641],[90.955283,50.896382],[90.969655,50.853757],[90.972051,50.836439],[90.981273,50.818358],[90.999118,50.805039],[91.005346,50.796107],[90.995046,50.78899],[90.99313,50.777707],[91.015886,50.766725],[91.035648,50.767103],[91.040079,50.748086],[91.018641,50.739826],[91.00367,50.725574],[91.00355,50.721631],[91.015527,50.712607],[91.082801,50.690891],[91.093773,50.658674],[91.081154,50.609384],[91.111467,50.596088],[91.128488,50.577381],[91.145094,50.576849],[91.157514,50.581457],[91.179981,50.59767],[91.212355,50.592001],[91.236218,50.59643],[91.26329,50.594481],[91.285478,50.603162],[91.324411,50.600239],[91.378695,50.609007],[91.385672,50.616888],[91.385029,50.630736],[91.38912,50.638845],[91.404461,50.64425],[91.451507,50.645655],[91.48628,50.667592],[91.502132,50.695349],[91.502473,50.71845],[91.494632,50.73388],[91.497189,50.747148],[91.492075,50.770115],[91.474689,50.778739],[91.462757,50.796411],[91.464632,50.801906],[91.56895,50.812893],[91.584973,50.824954],[91.596394,50.82237],[91.706666,50.828988],[91.7169,50.825958],[91.742695,50.833706],[91.81536,50.832917],[91.837638,50.827262],[91.880738,50.826867],[91.900934,50.83147],[91.923629,50.858947],[91.958816,50.873927],[91.994837,50.879708],[92.007121,50.89061],[92.044599,50.893499],[92.052719,50.944953],[92.072814,50.964055],[92.111214,50.935394],[92.168551,50.949782],[92.170384,50.954087],[92.204553,50.976918],[92.203969,50.988198],[92.212886,50.992132],[92.269056,50.987516],[92.278107,51.00882],[92.250238,51.022578],[92.290276,51.052934],[92.243407,51.061035],[92.233884,51.080619],[92.220158,51.081988],[92.214553,51.086846],[92.220589,51.092835],[92.221256,51.099839],[92.209734,51.101543],[92.196925,51.110625],[92.188125,51.112518],[92.190271,51.12636],[92.172378,51.144314],[92.185491,51.157928],[92.098738,51.176596],[92.080852,51.206692],[92.097402,51.234447],[92.01955,51.249546],[92.0111,51.266543],[92.012925,51.272453],[92.009486,51.287406],[91.979554,51.301334],[91.976245,51.322193],[91.965273,51.32709],[91.959053,51.34491],[91.935946,51.347969],[91.904975,51.346224],[91.89377,51.374946],[91.896089,51.418026],[91.867106,51.440875],[91.878067,51.448418],[91.904522,51.446388],[91.941726,51.461017],[91.923621,51.490508],[91.917752,51.547517],[91.907256,51.581877],[91.855837,51.579082],[91.819874,51.588291],[91.727529,51.652622],[91.747854,51.674326],[91.751039,51.687705],[91.78181,51.705111],[91.789528,51.705855],[91.798373,51.718467],[91.797437,51.725746],[91.801191,51.727577],[91.802231,51.736627],[91.814885,51.737389],[91.82608,51.748397],[91.837777,51.753083],[91.820866,51.757679],[91.802746,51.77812],[91.771061,51.797604],[91.675759,51.830973],[91.610761,51.829583],[91.611217,51.80874],[91.583118,51.784317],[91.594813,51.760727],[91.591016,51.757437],[91.593446,51.748128],[91.586764,51.74305],[91.583878,51.720568],[91.586992,51.711231],[91.609196,51.69254],[91.636387,51.684811],[91.665065,51.664907],[91.685523,51.633159],[91.663035,51.618986],[91.641406,51.610459],[91.633337,51.600437],[91.598833,51.605448],[91.58613,51.596918],[91.570509,51.592013],[91.567076,51.585187],[91.556948,51.58668],[91.549738,51.581133],[91.53343,51.582093],[91.520384,51.57836],[91.515406,51.573239],[91.50133,51.572065],[91.496965,51.562395],[91.499205,51.555461],[91.492746,51.550145],[91.493266,51.540533],[91.489852,51.537103],[91.498412,51.533213],[91.491888,51.528087],[91.492744,51.522183],[91.484507,51.517406],[91.476096,51.518688],[91.470431,51.513026],[91.454981,51.508859],[91.450518,51.511851],[91.440047,51.509928],[91.439188,51.503731],[91.425455,51.499457],[91.429919,51.492724],[91.416529,51.487593],[91.420992,51.483531],[91.417559,51.478079],[91.420821,51.464606],[91.414641,51.458189],[91.408289,51.457333],[91.415156,51.451236],[91.401938,51.445138],[91.409988,51.441993],[91.393355,51.432297],[91.379279,51.433581],[91.359377,51.418191],[91.356837,51.403346],[91.362425,51.384872],[91.359196,51.375542],[91.373361,51.328192],[91.351534,51.312773],[91.325294,51.312737],[91.28207,51.326462],[91.240233,51.320868],[91.197775,51.304413],[91.185632,51.292386],[91.179708,51.274316],[91.14627,51.273067],[91.137593,51.284354],[91.10952,51.293115],[91.08917,51.308189],[91.079235,51.30277],[91.052134,51.304487],[91.049495,51.299416],[91.034303,51.297054],[91.02366,51.303172],[91.017609,51.298128],[91.004841,51.297846],[91.004198,51.29323],[90.993319,51.292922],[90.991108,51.288654],[90.984285,51.290573],[90.978277,51.285528],[90.966175,51.286279],[90.958257,51.280226],[90.925941,51.26938],[90.909548,51.264493],[90.896845,51.265164],[90.889893,51.25692],[90.879764,51.254207],[90.859938,51.255912],[90.853457,51.251642],[90.855174,51.245772],[90.867978,51.238553],[90.896973,51.233154],[90.88105,51.206303],[90.879335,51.197401],[90.855574,51.178976],[90.84259,51.137494]]]}},{"type":"Feature","id":"145195-2078","properties":{"id":"145195-2078","name":"Барун-Хемчикский кожуун","name_ru":"Барун-Хемчикский кожуун","subject_id":"145195","subject_name":"Тыва","source_gid":2078,"source_fid":2188,"names_rosstat":"Барун-Хемчикский муниципальный район","population":11535,"area_km2":6231.0585783859515,"density_km2":1.8512103288536157,"source":"Актуализированный объединённый GeoJSON, предоставленный преподавателем","name_en":"Barun-Khemchikskii Kozhuun","name_zh":"Barun-Khemchikskii区","subject_name_en":"Tuva","subject_name_zh":"图瓦共和国"},"geometry":{"type":"Polygon","coordinates":[[[89.660084,51.539409],[89.663736,51.547449],[89.695579,51.555403],[89.699019,51.564638],[89.7113,51.562489],[89.73703,51.58317],[89.754695,51.58705],[89.760023,51.595033],[89.789674,51.609133],[89.796907,51.618364],[89.806998,51.620814],[89.805607,51.629071],[89.810299,51.648529],[89.825395,51.653542],[89.835682,51.665024],[89.853089,51.672757],[89.856853,51.683958],[89.871164,51.687374],[89.886058,51.701853],[89.89444,51.703565],[89.903588,51.729985],[89.923436,51.740522],[89.926926,51.757194],[89.938898,51.758564],[89.949823,51.754862],[89.965486,51.761888],[89.981767,51.757361],[90.010591,51.762722],[90.03428,51.757125],[90.029218,51.752027],[90.030883,51.746819],[90.049609,51.74512],[90.061876,51.741037],[90.064267,51.735294],[90.085478,51.731635],[90.096269,51.737958],[90.091882,51.743568],[90.093574,51.746608],[90.109664,51.748511],[90.119191,51.755411],[90.126676,51.754936],[90.139477,51.765732],[90.161044,51.760011],[90.187894,51.7658],[90.199558,51.771384],[90.201538,51.782686],[90.238511,51.786498],[90.246654,51.792283],[90.267672,51.796979],[90.29111,51.811064],[90.308166,51.812152],[90.326102,51.807866],[90.338756,51.812629],[90.362305,51.803784],[90.364615,51.798068],[90.375619,51.792283],[90.402029,51.784115],[90.413692,51.770703],[90.446374,51.768388],[90.456167,51.762463],[90.4631,51.750952],[90.447805,51.737393],[90.445604,51.716605],[90.43515,51.714764],[90.422606,51.700376],[90.409071,51.691373],[90.410391,51.682436],[90.402248,51.674863],[90.413583,51.654182],[90.404229,51.627481],[90.481256,51.613817],[90.489949,51.59222],[90.532754,51.545642],[90.532974,51.534349],[90.537596,51.529558],[90.5508,51.526477],[90.570607,51.511755],[90.585857,51.479917],[90.585343,51.473602],[90.595098,51.465766],[90.604083,51.43217],[90.615762,51.416084],[90.613324,51.411441],[90.696623,51.338613],[90.702846,51.32612],[90.715828,51.316612],[90.729003,51.314721],[90.725892,51.294196],[90.752349,51.285367],[90.75722,51.278844],[90.771403,51.273112],[90.789685,51.278736],[90.794299,51.288131],[90.799964,51.290855],[90.827258,51.287796],[90.832987,51.283971],[90.843222,51.28597],[90.845154,51.27986],[90.856419,51.277152],[90.856118,51.270991],[90.864165,51.266265],[90.863113,51.259954],[90.869079,51.257564],[90.869422,51.255013],[90.861633,51.256315],[90.853457,51.251642],[90.855174,51.245772],[90.867978,51.238553],[90.896973,51.233154],[90.88105,51.206303],[90.879335,51.197401],[90.855574,51.178976],[90.84259,51.137494],[90.87539,51.104673],[90.892626,51.082062],[90.894349,51.072196],[90.910244,51.044271],[90.902393,51.03271],[90.90335,51.01934],[90.940119,50.99982],[90.968462,50.993915],[90.965589,50.962565],[90.938204,50.918641],[90.955283,50.896382],[90.969655,50.853757],[90.972051,50.836439],[90.981273,50.818358],[90.999118,50.805039],[91.005346,50.796107],[90.995046,50.78899],[90.99313,50.777707],[91.015886,50.766725],[91.035648,50.767103],[91.040079,50.748086],[91.018641,50.739826],[91.00367,50.725574],[91.00355,50.721631],[91.015527,50.712607],[91.082801,50.690891],[91.093773,50.658674],[91.081154,50.609384],[91.111467,50.596088],[91.119894,50.590144],[91.124103,50.579444],[91.087938,50.564429],[91.071319,50.565841],[91.043464,50.560191],[91.027781,50.553053],[91.017599,50.539815],[91.013152,50.538922],[91.006598,50.541972],[90.977456,50.536393],[90.966805,50.537062],[90.960368,50.5416],[90.924789,50.541749],[90.904073,50.552979],[90.854099,50.563462],[90.823552,50.561827],[90.801549,50.565544],[90.786666,50.561942],[90.762919,50.565077],[90.727156,50.552718],[90.709632,50.550673],[90.699189,50.553399],[90.688961,50.548128],[90.647738,50.539219],[90.647494,50.544839],[90.63927,50.554459],[90.646602,50.561118],[90.636451,50.566651],[90.643749,50.567749],[90.642292,50.577528],[90.650212,50.58525],[90.647671,50.589011],[90.651047,50.601321],[90.647435,50.603507],[90.644635,50.624056],[90.650662,50.628851],[90.651535,50.634549],[90.634004,50.651202],[90.633049,50.657096],[90.624841,50.663271],[90.618305,50.674574],[90.603489,50.683842],[90.58268,50.689055],[90.582588,50.685109],[90.573705,50.686368],[90.576618,50.692515],[90.572122,50.703634],[90.567927,50.703865],[90.567015,50.711101],[90.549581,50.713629],[90.532576,50.723593],[90.519894,50.743802],[90.502288,50.748357],[90.491039,50.755456],[90.47986,50.768601],[90.461988,50.77491],[90.442604,50.803259],[90.435051,50.804866],[90.401247,50.828462],[90.382142,50.857752],[90.357197,50.867231],[90.351273,50.895234],[90.355278,50.913701],[90.367041,50.932529],[90.383894,50.941624],[90.387565,50.966693],[90.371213,50.995687],[90.374143,51.019017],[90.362789,51.041147],[90.352312,51.048154],[90.349348,51.067176],[90.334572,51.087054],[90.327935,51.1102],[90.312198,51.11214],[90.297819,51.106461],[90.265942,51.134914],[90.249147,51.175003],[90.273891,51.193157],[90.256191,51.221562],[90.195291,51.215688],[90.172362,51.217762],[90.140888,51.202704],[90.103769,51.192927],[90.056402,51.166494],[90.04804,51.165407],[89.997716,51.17001],[89.974568,51.182541],[89.956263,51.185321],[89.888909,51.179441],[89.857807,51.190371],[89.844448,51.215098],[89.817986,51.218738],[89.803301,51.225093],[89.804882,51.230457],[89.797744,51.240226],[89.784895,51.249323],[89.779235,51.290315],[89.727585,51.290028],[89.708873,51.321712],[89.715501,51.324452],[89.715501,51.348024],[89.719631,51.35936],[89.7162,51.378825],[89.70751,51.385542],[89.775655,51.424083],[89.786262,51.423355],[89.807745,51.442342],[89.825121,51.443584],[89.839944,51.449795],[89.862427,51.447932],[89.89718,51.454646],[89.888709,51.496153],[89.882855,51.503481],[89.846608,51.522085],[89.826678,51.521465],[89.793233,51.511427],[89.759103,51.510962],[89.717251,51.518985],[89.660084,51.539409]],[[90.521821,51.202245],[90.533973,51.175979],[90.549893,51.168249],[90.543197,51.159266],[90.548474,51.14814],[90.585129,51.160083],[90.595558,51.158825],[90.60545,51.168756],[90.614126,51.16606],[90.630705,51.172697],[90.636553,51.170527],[90.643494,51.174352],[90.65006,51.172294],[90.656025,51.176424],[90.668943,51.176922],[90.669692,51.197623],[90.6611,51.209562],[90.650403,51.215251],[90.576121,51.216943],[90.554571,51.209521],[90.520409,51.217273],[90.513943,51.211242],[90.521821,51.202245]]]}},{"type":"Feature","id":"145195-2079","properties":{"id":"145195-2079","name":"Бай-Тайгинский кожуун","name_ru":"Бай-Тайгинский кожуун","subject_id":"145195","subject_name":"Тыва","source_gid":2079,"source_fid":2189,"names_rosstat":"Бай-Тайгинский муниципальный район","population":10298,"area_km2":7968.845629371511,"density_km2":1.2922825311163904,"source":"Актуализированный объединённый GeoJSON, предоставленный преподавателем","name_en":"Bai-Taiginskii Kozhuun","name_zh":"Bai-Taiginskii区","subject_name_en":"Tuva","subject_name_zh":"图瓦共和国"},"geometry":{"type":"Polygon","coordinates":[[[88.792003,51.553961],[88.80087,51.547234],[88.794541,51.538015],[88.805701,51.534087],[88.814217,51.520661],[88.824541,51.516782],[88.846852,51.516265],[88.854738,51.50775],[88.864376,51.486348],[88.854867,51.479842],[88.864011,51.468191],[88.881999,51.467446],[88.892047,51.472904],[88.919894,51.46392],[88.927007,51.458438],[88.932045,51.447158],[88.957532,51.43284],[88.970868,51.429117],[89.008876,51.394259],[89.006282,51.388443],[89.008431,51.37933],[89.003097,51.368402],[88.986222,51.366258],[88.986649,51.358326],[88.990576,51.354029],[88.986205,51.34699],[88.99754,51.335377],[88.993021,51.327598],[88.997689,51.321504],[88.989761,51.31854],[88.991243,51.30839],[88.981464,51.303982],[88.977981,51.28157],[88.967016,51.265048],[88.974574,51.258418],[88.960126,51.248341],[88.960349,51.243526],[88.9765,51.239932],[88.960719,51.228301],[88.96109,51.22267],[88.967536,51.214112],[88.963164,51.208482],[88.967313,51.202925],[88.982205,51.197646],[88.989614,51.198461],[89.01562,51.183977],[89.031327,51.186793],[89.039328,51.170252],[89.036513,51.167733],[89.049849,51.159806],[89.046515,51.15299],[89.038365,51.15036],[89.036513,51.144359],[89.041033,51.140728],[89.039181,51.130837],[89.04496,51.127652],[89.048664,51.119576],[89.039477,51.112519],[89.028882,51.112445],[89.022288,51.102517],[89.033402,51.099072],[89.054147,51.08231],[89.055421,51.073176],[89.05148,51.070566],[89.051924,51.065212],[89.061556,51.058249],[89.054221,51.047136],[89.100972,51.037486],[89.101342,51.032004],[89.117716,51.025817],[89.119494,51.011574],[89.123199,51.007425],[89.167059,50.997034],[89.175386,50.986371],[89.192472,50.982957],[89.199214,50.971437],[89.198473,50.966325],[89.204697,50.962657],[89.209587,50.952655],[89.221515,50.948414],[89.228628,50.935133],[89.238778,50.93343],[89.24352,50.926521],[89.241964,50.921557],[89.252707,50.914722],[89.268044,50.915982],[89.267747,50.880456],[89.28246,50.876828],[89.296404,50.887459],[89.321928,50.881023],[89.346144,50.881815],[89.343502,50.868649],[89.347334,50.86042],[89.378985,50.860775],[89.382437,50.855785],[89.398041,50.850552],[89.379453,50.836038],[89.375918,50.826409],[89.390736,50.812888],[89.390217,50.809925],[89.413461,50.801709],[89.430892,50.808887],[89.440153,50.799034],[89.453415,50.79257],[89.458379,50.784494],[89.466529,50.780475],[89.465863,50.770139],[89.477939,50.745449],[89.484459,50.742616],[89.485793,50.737652],[89.502537,50.735133],[89.528394,50.724075],[89.539462,50.710817],[89.537878,50.702571],[89.54825,50.687642],[89.55966,50.684901],[89.571763,50.674893],[89.570013,50.666534],[89.565302,50.663898],[89.578924,50.648542],[89.588703,50.644615],[89.592587,50.648249],[89.604738,50.645308],[89.625143,50.648724],[89.639825,50.642893],[89.645826,50.632521],[89.633192,50.624972],[89.631178,50.618345],[89.642336,50.614101],[89.647064,50.605705],[89.648652,50.60181],[89.64195,50.59072],[89.643555,50.581689],[89.648169,50.577317],[89.668482,50.5709],[89.683624,50.576467],[89.696428,50.576297],[89.703616,50.568342],[89.722731,50.57012],[89.735548,50.566416],[89.745847,50.559136],[89.748588,50.552061],[89.764443,50.547542],[89.773334,50.546134],[89.789559,50.550654],[89.801266,50.535817],[89.814231,50.531076],[89.827938,50.531946],[89.844904,50.527705],[89.854,50.521459],[89.873772,50.51961],[89.882361,50.507464],[89.905666,50.506724],[89.913897,50.518558],[89.930851,50.520975],[89.941408,50.516481],[89.951697,50.526521],[89.966145,50.520236],[89.978089,50.50516],[89.97451,50.50294],[89.979968,50.49762],[89.999561,50.492924],[90.016783,50.493351],[90.024253,50.496794],[90.036957,50.493323],[90.058071,50.499725],[90.06411,50.504733],[90.082764,50.50516],[90.091308,50.514718],[90.108709,50.510252],[90.116045,50.512386],[90.124634,50.527573],[90.136622,50.537411],[90.160286,50.541392],[90.175853,50.536018],[90.20068,50.543382],[90.207345,50.549152],[90.21902,50.551625],[90.258938,50.571097],[90.263788,50.594169],[90.287898,50.599069],[90.329698,50.619094],[90.357565,50.61411],[90.368357,50.6171],[90.374026,50.61255],[90.388369,50.610859],[90.39677,50.616017],[90.407357,50.616364],[90.450455,50.604097],[90.491913,50.607825],[90.509262,50.61554],[90.522786,50.641493],[90.519507,50.665007],[90.526064,50.675612],[90.518483,50.694826],[90.533599,50.700761],[90.550333,50.700329],[90.568433,50.70597],[90.566747,50.711292],[90.549581,50.713629],[90.530956,50.724694],[90.519894,50.743802],[90.502288,50.748357],[90.491039,50.755456],[90.47986,50.768601],[90.461988,50.77491],[90.442604,50.803259],[90.435051,50.804866],[90.401247,50.828462],[90.382142,50.857752],[90.357197,50.867231],[90.351273,50.895234],[90.355278,50.913701],[90.367041,50.932529],[90.383894,50.941624],[90.387565,50.966693],[90.371213,50.995687],[90.374143,51.019017],[90.362789,51.041147],[90.352312,51.048154],[90.349348,51.067176],[90.334572,51.087054],[90.327935,51.1102],[90.312198,51.11214],[90.297819,51.106461],[90.265942,51.134914],[90.249147,51.175003],[90.273891,51.193157],[90.256191,51.221562],[90.195291,51.215688],[90.172362,51.217762],[90.140888,51.202704],[90.103769,51.192927],[90.056402,51.166494],[90.04804,51.165407],[90.011023,51.167261],[89.997716,51.17001],[89.974568,51.182541],[89.945811,51.186344],[89.928679,51.18155],[89.888909,51.179441],[89.857807,51.190371],[89.844448,51.215098],[89.817986,51.218738],[89.803301,51.225093],[89.804882,51.230457],[89.797744,51.240226],[89.784895,51.249323],[89.779235,51.290315],[89.727585,51.290028],[89.708873,51.321712],[89.715501,51.324452],[89.715501,51.348024],[89.719631,51.35936],[89.7162,51.378825],[89.70751,51.385542],[89.775655,51.424083],[89.786262,51.423355],[89.807745,51.442342],[89.825121,51.443584],[89.839944,51.449795],[89.862427,51.447932],[89.89718,51.454646],[89.88653,51.499759],[89.846608,51.522085],[89.826678,51.521465],[89.793233,51.511427],[89.759103,51.510962],[89.717251,51.518985],[89.652729,51.54123],[89.642621,51.547702],[89.630468,51.5468],[89.605863,51.532166],[89.580251,51.548857],[89.573547,51.559843],[89.541776,51.566234],[89.508172,51.586279],[89.494564,51.585764],[89.484628,51.59057],[89.464805,51.589855],[89.434577,51.608436],[89.409863,51.608468],[89.39413,51.604391],[89.374818,51.606106],[89.346204,51.59351],[89.335055,51.594172],[89.322164,51.586391],[89.318874,51.580452],[89.296638,51.571694],[89.278483,51.547229],[89.24937,51.543225],[89.236473,51.554119],[89.237723,51.567238],[89.232859,51.58383],[89.243069,51.594725],[89.242696,51.615045],[89.25368,51.618755],[89.253374,51.627711],[89.263824,51.641242],[89.252711,51.653067],[89.222162,51.653349],[89.207623,51.659066],[89.201363,51.651143],[89.188596,51.649742],[89.164921,51.635691],[89.133811,51.635777],[89.123178,51.641499],[89.087319,51.625362],[89.089875,51.619411],[89.081879,51.611902],[89.085431,51.602051],[89.071366,51.587758],[89.034412,51.588131],[89.017031,51.584952],[89.013772,51.578732],[89.002642,51.571226],[88.979509,51.573712],[88.970983,51.567743],[88.963374,51.568117],[88.953025,51.562998],[88.925857,51.571503],[88.913923,51.566848],[88.894213,51.567922],[88.871952,51.562409],[88.852586,51.570949],[88.831989,51.568627],[88.832761,51.561025],[88.82879,51.558749],[88.792003,51.553961]]]}},{"type":"Feature","id":"145195-2080","properties":{"id":"145195-2080","name":"Овюрский кожуун","name_ru":"Овюрский кожуун","subject_id":"145195","subject_name":"Тыва","source_gid":2080,"source_fid":2190,"names_rosstat":"Овюрский кожуун муниципальный район","population":7108,"area_km2":4550.0745216904115,"density_km2":1.562172216326533,"source":"Актуализированный объединённый GeoJSON, предоставленный преподавателем","name_en":"Oviurskii Kozhuun","name_zh":"Oviurskii区","subject_name_en":"Tuva","subject_name_zh":"图瓦共和国"},"geometry":{"type":"Polygon","coordinates":[[[90.647738,50.539219],[90.666867,50.528105],[90.689645,50.528096],[90.719618,50.517827],[90.724212,50.50546],[90.73784,50.489745],[90.699949,50.452224],[90.700132,50.437205],[90.705918,50.427081],[90.702659,50.418308],[90.687497,50.40106],[90.683432,50.385091],[90.674424,50.379346],[90.668113,50.366895],[90.670046,50.340629],[90.679766,50.328818],[90.716513,50.315339],[90.7726,50.3377],[90.7826,50.3343],[90.7844,50.3271],[90.7956,50.3264],[90.8196,50.3547],[90.8293,50.3569],[90.8382,50.3477],[90.8481,50.3454],[90.8594,50.3456],[90.8785,50.3569],[90.9056,50.3482],[90.911,50.3528],[90.9119,50.3645],[90.9082,50.3842],[90.9023,50.3922],[90.903,50.4084],[90.9069,50.4139],[90.9696,50.4294],[91.0048,50.4291],[91.0383,50.4351],[91.0568,50.4309],[91.0765,50.4311],[91.0932,50.436],[91.16,50.4201],[91.2933,50.4696],[91.32,50.4709],[91.4094,50.4506],[91.400034,50.466797],[91.400509,50.476515],[91.439638,50.490648],[91.459026,50.508449],[91.454903,50.548525],[91.524713,50.561963],[91.522529,50.570796],[91.533969,50.572561],[91.534307,50.581418],[91.575315,50.584429],[91.598657,50.580505],[91.649948,50.586239],[91.651624,50.619859],[91.661109,50.640059],[91.723258,50.697479],[91.750279,50.699037],[91.799323,50.720305],[91.855084,50.73383],[91.976947,50.718237],[92.022236,50.705139],[92.072339,50.696362],[92.099272,50.701601],[92.172142,50.706258],[92.266693,50.728706],[92.290206,50.74753],[92.316914,50.755762],[92.316184,50.762142],[92.320175,50.766838],[92.315218,50.776201],[92.318115,50.782768],[92.307173,50.796017],[92.303009,50.809948],[92.329144,50.827626],[92.312931,50.876724],[92.360847,50.884288],[92.380171,50.875433],[92.39394,50.859819],[92.40195,50.859974],[92.405481,50.856159],[92.408495,50.851583],[92.404939,50.829248],[92.419932,50.819181],[92.424631,50.813006],[92.420989,50.811078],[92.432061,50.803243],[92.47676,50.786278],[92.497,50.7867],[92.561524,50.799255],[92.600249,50.785137],[92.61833,50.767802],[92.6066,50.7458],[92.602519,50.720053],[92.627846,50.703399],[92.706714,50.708213],[92.723612,50.712775],[92.7611,50.7336],[92.7624,50.7444],[92.7566,50.7759],[92.7679,50.7928],[92.7777,50.8002],[92.799,50.8083],[92.85394,50.809797],[92.8685,50.8039],[92.907043,50.800537],[92.940307,50.787534],[92.943974,50.791356],[92.958785,50.794399],[93.003385,50.791857],[93.006477,50.78692],[93.0231,50.7779],[93.031948,50.767992],[93.022891,50.716238],[92.994761,50.689852],[92.977585,50.679021],[92.975243,50.669621],[93.049844,50.601118],[93.076612,50.600687],[93.079643,50.596883],[93.110724,50.586316],[93.122283,50.59185],[93.136575,50.593175],[93.140056,50.598289],[93.163823,50.598505],[93.1685,50.5941],[93.1911,50.5989],[93.201,50.5971],[93.2066,50.5908],[93.225,50.5898],[93.249,50.5941],[93.2533,50.605],[93.2717,50.6102],[93.2999,50.6103],[93.343139,50.616744],[93.387665,50.63143],[93.343519,50.645949],[93.337391,50.658077],[93.319821,50.667382],[93.295126,50.689456],[93.313905,50.697266],[93.372611,50.707615],[93.315949,50.765071],[93.31574,50.774219],[93.324859,50.780464],[93.32604,50.794547],[93.323092,50.799408],[93.297243,50.815924],[93.28802,50.826211],[93.289703,50.835225],[93.250748,50.842616],[93.255397,50.849348],[93.247166,50.857783],[93.247586,50.87307],[93.243033,50.885104],[93.254562,50.895343],[93.247855,50.911032],[93.256689,50.926099],[93.235603,50.91956],[93.184595,50.923001],[93.169113,50.925387],[93.153182,50.936138],[93.110344,50.927733],[93.08938,50.944713],[93.090415,50.9527],[93.078406,50.96731],[93.064604,50.969551],[93.060227,50.977197],[93.051761,50.980164],[93.020606,50.981205],[93.003532,51.004589],[92.990939,51.009806],[92.892339,50.995435],[92.876392,50.991769],[92.861447,50.983271],[92.835625,50.984698],[92.814378,50.998343],[92.794172,51.020017],[92.764747,51.035764],[92.758819,51.049537],[92.750545,51.055145],[92.751194,51.061073],[92.735566,51.065075],[92.733203,51.073186],[92.709719,51.089791],[92.689029,51.094032],[92.689992,51.103053],[92.681843,51.117674],[92.632101,51.100867],[92.620609,51.113412],[92.597863,51.108741],[92.567013,51.117821],[92.545881,51.115808],[92.534494,51.12199],[92.515234,51.110617],[92.505487,51.090651],[92.47065,51.090026],[92.441271,51.077823],[92.418716,51.077154],[92.411553,51.07218],[92.397164,51.072665],[92.364425,51.064246],[92.321716,51.062761],[92.294364,51.055427],[92.250238,51.022578],[92.278107,51.00882],[92.269056,50.987516],[92.212886,50.992132],[92.203969,50.988198],[92.204553,50.976918],[92.170384,50.954087],[92.168551,50.949782],[92.111214,50.935394],[92.072814,50.964055],[92.052719,50.944953],[92.044599,50.893499],[92.007121,50.89061],[91.994837,50.879708],[91.958816,50.873927],[91.923629,50.858947],[91.900934,50.83147],[91.880738,50.826867],[91.837638,50.827262],[91.81536,50.832917],[91.742695,50.833706],[91.7169,50.825958],[91.706666,50.828988],[91.596394,50.82237],[91.584973,50.824954],[91.56895,50.812893],[91.464632,50.801906],[91.462757,50.796411],[91.474689,50.778739],[91.492075,50.770115],[91.497189,50.747148],[91.494632,50.73388],[91.502473,50.71845],[91.502132,50.695349],[91.48628,50.667592],[91.451507,50.645655],[91.404461,50.64425],[91.38912,50.638845],[91.385029,50.630736],[91.385672,50.616888],[91.378695,50.609007],[91.324411,50.600239],[91.285478,50.603162],[91.26329,50.594481],[91.236218,50.59643],[91.212355,50.592001],[91.179981,50.59767],[91.157514,50.581457],[91.145094,50.576849],[91.124103,50.579444],[91.087938,50.564429],[91.071319,50.565841],[91.043464,50.560191],[91.027781,50.553053],[91.017599,50.539815],[91.013152,50.538922],[91.006598,50.541972],[90.977456,50.536393],[90.966805,50.537062],[90.960368,50.5416],[90.924789,50.541749],[90.904073,50.552979],[90.854099,50.563462],[90.823552,50.561827],[90.801549,50.565544],[90.786666,50.561942],[90.762919,50.565077],[90.727156,50.552718],[90.709632,50.550673],[90.699189,50.553399],[90.688961,50.548128],[90.647738,50.539219]]]}},{"type":"Feature","id":"145195-2081","properties":{"id":"145195-2081","name":"Каа-Хемский кожуун","name_ru":"Каа-Хемский кожуун","subject_id":"145195","subject_name":"Тыва","source_gid":2081,"source_fid":2191,"names_rosstat":"Каа-Хемский муниципальный район","population":11921,"area_km2":25792.218962921044,"density_km2":0.4621936568209838,"source":"Актуализированный объединённый GeoJSON, предоставленный преподавателем","name_en":"Kaa-Khemskii Kozhuun","name_zh":"Kaa-Khemskii区","subject_name_en":"Tuva","subject_name_zh":"图瓦共和国"},"geometry":{"type":"Polygon","coordinates":[[[94.645222,51.775379],[94.649981,51.767636],[94.676417,51.755637],[94.687167,51.740252],[94.679227,51.709572],[94.680997,51.695938],[94.69751,51.691305],[94.707574,51.693285],[94.714866,51.686635],[94.719868,51.688541],[94.732645,51.684879],[94.759574,51.66311],[94.758691,51.65964],[94.785118,51.650095],[94.77496,51.626246],[94.749786,51.608353],[94.755882,51.596422],[94.741495,51.584054],[94.758203,51.56148],[94.801452,51.540166],[94.799726,51.526214],[94.848092,51.49284],[94.912431,51.464848],[94.917898,51.457856],[94.939364,51.454665],[94.960254,51.436982],[94.982583,51.438525],[95.000883,51.427797],[94.993805,51.415632],[95.020219,51.397791],[95.038554,51.373278],[95.080282,51.358979],[95.120184,51.335197],[95.153342,51.324663],[95.174072,51.322406],[95.169067,51.306026],[95.172666,51.301561],[95.170361,51.297271],[95.148766,51.297236],[95.148485,51.29066],[95.134313,51.283415],[95.148935,51.280812],[95.150601,51.264857],[95.147587,51.25092],[95.138377,51.234498],[95.149987,51.225586],[95.14474,51.222475],[95.13927,51.211183],[95.114545,51.198034],[95.072127,51.190829],[95.076983,51.181313],[95.07253,51.180507],[95.162721,51.148848],[95.184523,51.127015],[95.206438,51.111689],[95.257589,51.081847],[95.277365,51.08095],[95.303853,51.053223],[95.312703,51.037334],[95.312582,51.029799],[95.341521,51.020954],[95.339447,51.01929],[95.365403,51.017258],[95.375033,50.991069],[95.385671,50.97381],[95.387385,50.947998],[95.429008,50.911909],[95.420899,50.900104],[95.433319,50.892904],[95.443,50.859481],[95.452589,50.851063],[95.447931,50.842126],[95.454689,50.834628],[95.456333,50.817667],[95.447383,50.80503],[95.440653,50.786327],[95.468157,50.782376],[95.47054,50.772616],[95.493899,50.76116],[95.507921,50.758204],[95.518773,50.74968],[95.554077,50.7522],[95.576419,50.731913],[95.558592,50.711666],[95.562837,50.689352],[95.576661,50.689662],[95.587549,50.683074],[95.594522,50.672918],[95.596724,50.657099],[95.611447,50.642995],[95.607087,50.639118],[95.582784,50.635368],[95.570392,50.62338],[95.587443,50.611202],[95.604124,50.602069],[95.633123,50.604312],[95.652891,50.614078],[95.699129,50.624256],[95.707717,50.622002],[95.709861,50.613676],[95.777784,50.609273],[95.802596,50.614944],[95.812878,50.609506],[95.824743,50.613132],[95.826481,50.617687],[95.906041,50.63019],[95.910845,50.625212],[95.923131,50.625564],[95.94684,50.615614],[95.95919,50.617938],[95.970389,50.628549],[95.984364,50.631859],[95.990307,50.627865],[96.004553,50.626534],[96.014745,50.618288],[96.028515,50.616224],[96.032962,50.605744],[96.049082,50.597106],[96.060217,50.598175],[96.073495,50.589234],[96.090293,50.589222],[96.090484,50.582909],[96.106868,50.580061],[96.115872,50.565923],[96.13083,50.562085],[96.134827,50.568823],[96.174749,50.587537],[96.187,50.580862],[96.195773,50.581835],[96.211468,50.577212],[96.22863,50.583493],[96.244462,50.579811],[96.254445,50.592329],[96.277861,50.593307],[96.288971,50.600752],[96.302467,50.600804],[96.302923,50.608791],[96.297232,50.61602],[96.287939,50.619608],[96.294348,50.629685],[96.284282,50.640059],[96.300281,50.649553],[96.314425,50.643418],[96.324808,50.650647],[96.331292,50.650543],[96.334245,50.647786],[96.332523,50.643024],[96.347239,50.642036],[96.352996,50.635191],[96.367031,50.633816],[96.387346,50.624345],[96.408567,50.626935],[96.418463,50.623636],[96.429252,50.629695],[96.433165,50.621993],[96.458336,50.614038],[96.46199,50.608011],[96.475892,50.614698],[96.481464,50.611711],[96.475059,50.605639],[96.482617,50.592467],[96.490268,50.588613],[96.500349,50.559452],[96.498073,50.554609],[96.490449,50.553997],[96.475992,50.544222],[96.486915,50.531636],[96.482077,50.526331],[96.486454,50.51957],[96.495569,50.515151],[96.497834,50.506337],[96.51481,50.488269],[96.529658,50.485582],[96.541162,50.47913],[96.552624,50.469285],[96.554417,50.455705],[96.565901,50.449966],[96.563062,50.464253],[96.576297,50.473722],[96.582298,50.485632],[96.577556,50.499699],[96.582505,50.507877],[96.581836,50.513721],[96.587442,50.523185],[96.617984,50.537583],[96.62577,50.554],[96.623684,50.561078],[96.611306,50.573941],[96.610624,50.586678],[96.643738,50.601932],[96.651999,50.614161],[96.668366,50.627608],[96.674519,50.641415],[96.700526,50.666193],[96.706519,50.677705],[96.712292,50.679731],[96.71741,50.709924],[96.727776,50.718107],[96.8345,50.737473],[96.862751,50.759507],[96.8658,50.768692],[96.863474,50.787293],[96.869285,50.791868],[96.867413,50.798816],[96.87454,50.807634],[96.87167,50.816003],[96.890777,50.829795],[96.895739,50.840002],[96.90633,50.848745],[96.95171,50.845978],[96.955705,50.862869],[96.965104,50.864013],[96.969898,50.870905],[96.985399,50.879312],[96.993703,50.87901],[96.993512,50.886021],[97.003565,50.888284],[96.995858,50.901976],[97.004114,50.902366],[97.005859,50.906615],[97.014244,50.909019],[97.012726,50.914398],[97.004906,50.912004],[97.000495,50.914561],[97.009349,50.923147],[97.006764,50.930102],[97.013065,50.938125],[97.00804,50.94687],[97.017958,50.952175],[97.01676,50.955042],[97.010992,50.954486],[97.014499,50.959288],[97.007038,50.973564],[97.008719,50.979816],[96.999065,50.979414],[96.989788,50.998097],[97.020714,51.002111],[97.052842,50.988078],[97.071403,50.987851],[97.083263,50.994483],[97.09013,51.012351],[97.116872,51.014041],[97.12185,51.021003],[97.151622,51.029267],[97.167817,51.025375],[97.179906,51.028599],[97.195377,51.024983],[97.203043,51.0196],[97.216795,51.017388],[97.218927,51.012086],[97.225243,51.009488],[97.237021,51.011925],[97.234844,51.017147],[97.241202,51.021489],[97.244274,51.015343],[97.25554,51.009849],[97.285677,51.024184],[97.330606,51.025114],[97.340811,51.033031],[97.37428,51.038523],[97.377274,51.047043],[97.398014,51.059556],[97.419453,51.06572],[97.426394,51.076392],[97.443288,51.082475],[97.459111,51.096752],[97.475881,51.105987],[97.481123,51.106454],[97.506727,51.093621],[97.531927,51.095248],[97.558969,51.089371],[97.588979,51.106211],[97.61488,51.097971],[97.643406,51.103775],[97.646259,51.105852],[97.645917,51.121182],[97.648997,51.123044],[97.670335,51.119821],[97.694639,51.106855],[97.703425,51.105566],[97.72191,51.110509],[97.716889,51.116598],[97.722252,51.12111],[97.752376,51.127412],[97.790258,51.116383],[97.80532,51.108216],[97.832591,51.109864],[97.851076,51.115738],[97.896624,51.121391],[97.8939,51.1267],[97.9008,51.1386],[97.8991,51.1494],[97.9175,51.155],[97.9203,51.1604],[97.9186,51.1702],[97.9393,51.202],[97.9347,51.2179],[97.9458,51.2324],[97.9396,51.254],[97.9408,51.2632],[97.962,51.2758],[97.9645,51.292],[97.9599,51.3053],[97.9611,51.3145],[97.9535,51.3342],[97.9676,51.3451],[97.9772,51.3649],[97.9873,51.365],[98.0041,51.3849],[98.0211,51.3941],[98.0307,51.4148],[98.049,51.4365],[98.0501,51.4502],[98.073,51.4585],[98.0873,51.4593],[98.103,51.4675],[98.126,51.4713],[98.1809,51.4546],[98.1866,51.4618],[98.2241,51.4567],[98.2409,51.4829],[98.2449,51.5],[98.2563,51.5117],[98.2574,51.5296],[98.2544,51.5351],[98.2341,51.5476],[98.245,51.58],[98.2204,51.587],[98.2232,51.5951],[98.226,51.5978],[98.2477,51.5971],[98.2748,51.6161],[98.2918,51.637],[98.3284,51.6973],[98.3559,51.7011],[98.354,51.7315],[98.3655,51.738],[98.3785,51.7398],[98.4523,51.7366],[98.5156,51.7739],[98.5328,51.7981],[98.5458,51.7981],[98.5546,51.7902],[98.6038,51.7937],[98.6111,51.7966],[98.6124,51.8063],[98.6384,51.8158],[98.65,51.8157],[98.6645,51.8258],[98.6805,51.8203],[98.7122,51.8437],[98.7643,51.8699],[98.7672,51.8735],[98.7699,51.9104],[98.78,51.932],[98.7799,51.9418],[98.809,51.9581],[98.8071,52.0],[98.8167,52.0059],[98.8196,52.0147],[98.8065,52.0255],[98.8268,52.039],[98.8413,52.0588],[98.8397,52.0983],[98.8572,52.1136],[98.8542,52.129],[98.8615,52.1361],[98.8834,52.1361],[98.9111,52.1496],[98.969197,52.142639],[98.970966,52.145052],[98.967094,52.150586],[98.973634,52.156565],[98.986856,52.159088],[98.98831,52.163195],[98.974229,52.170917],[98.960597,52.171566],[98.928163,52.189036],[98.913873,52.188497],[98.894644,52.206699],[98.887909,52.200593],[98.861711,52.197678],[98.853205,52.188641],[98.831576,52.187148],[98.821284,52.196648],[98.830382,52.205445],[98.832462,52.215491],[98.827868,52.222194],[98.839231,52.229204],[98.840335,52.236109],[98.833222,52.242452],[98.831666,52.251029],[98.824767,52.253175],[98.825603,52.259682],[98.831288,52.263187],[98.832638,52.274371],[98.820313,52.273377],[98.812076,52.277471],[98.783015,52.269086],[98.75893,52.273634],[98.756086,52.284328],[98.742461,52.290393],[98.71075,52.29093],[98.702918,52.285299],[98.688803,52.28266],[98.677062,52.265184],[98.650988,52.260516],[98.634174,52.261408],[98.621366,52.256669],[98.617771,52.26216],[98.586908,52.277828],[98.564594,52.279388],[98.553955,52.25265],[98.571258,52.225176],[98.567299,52.220796],[98.557752,52.220145],[98.552034,52.191152],[98.537907,52.179904],[98.537694,52.185964],[98.530105,52.191367],[98.515208,52.191127],[98.509634,52.198847],[98.490077,52.205317],[98.500694,52.211405],[98.498458,52.217636],[98.488983,52.223247],[98.476563,52.222478],[98.460128,52.231282],[98.441224,52.234724],[98.425433,52.229896],[98.422332,52.230733],[98.421832,52.23697],[98.40154,52.242022],[98.385511,52.237924],[98.373613,52.228631],[98.3354,52.222737],[98.311104,52.21132],[98.296232,52.210323],[98.28954,52.203882],[98.272047,52.208987],[98.258561,52.204952],[98.253716,52.200364],[98.262942,52.187992],[98.263213,52.175447],[98.272842,52.158815],[98.271704,52.151536],[98.255067,52.138672],[98.252305,52.128204],[98.256244,52.126068],[98.252453,52.122833],[98.251433,52.113663],[98.271438,52.11066],[98.281741,52.099339],[98.296498,52.098837],[98.298317,52.094894],[98.286665,52.08928],[98.293528,52.074933],[98.297002,52.055712],[98.288511,52.049049],[98.278828,52.051771],[98.270119,52.044853],[98.269223,52.038171],[98.249809,52.031501],[98.251582,52.026614],[98.24329,52.02368],[98.183956,52.025998],[98.182655,52.022157],[98.153737,52.009936],[98.049798,52.004404],[98.01114,52.00812],[97.989758,52.002986],[97.986438,51.990847],[97.966236,51.986978],[97.973325,51.964701],[97.936699,51.947188],[97.936343,51.940537],[97.947695,51.928326],[97.947533,51.921372],[97.925061,51.915559],[97.906101,51.900751],[97.907999,51.896384],[97.921004,51.892092],[97.918773,51.883712],[97.923602,51.87818],[97.919281,51.872839],[97.892612,51.887013],[97.869464,51.889401],[97.864963,51.882946],[97.858897,51.882226],[97.809171,51.88459],[97.796707,51.881775],[97.805611,51.871934],[97.804737,51.867438],[97.789265,51.862092],[97.775505,51.866681],[97.75864,51.862897],[97.754487,51.85596],[97.758119,51.847747],[97.773348,51.850653],[97.781312,51.846883],[97.782376,51.840468],[97.787303,51.838847],[97.789614,51.818458],[97.815196,51.803294],[97.812495,51.792943],[97.814553,51.783808],[97.819225,51.779484],[97.817442,51.766114],[97.820211,51.760961],[97.86612,51.728077],[97.861517,51.717027],[97.868882,51.709524],[97.864261,51.70307],[97.877162,51.692473],[97.868699,51.684964],[97.847481,51.693244],[97.838844,51.691533],[97.810716,51.668866],[97.771797,51.678521],[97.772937,51.668799],[97.749787,51.663048],[97.738076,51.670994],[97.724133,51.6712],[97.690015,51.680456],[97.673543,51.673993],[97.660032,51.680368],[97.645009,51.675641],[97.639103,51.684226],[97.596529,51.675838],[97.584281,51.677163],[97.573847,51.667083],[97.548894,51.666384],[97.542297,51.659214],[97.54312,51.650915],[97.531172,51.646649],[97.532514,51.643454],[97.556532,51.637383],[97.557339,51.630717],[97.565439,51.619487],[97.558866,51.608839],[97.545501,51.607255],[97.537376,51.609681],[97.533755,51.614795],[97.510542,51.613679],[97.49456,51.622687],[97.483135,51.634082],[97.465764,51.630393],[97.441931,51.633865],[97.439454,51.638448],[97.416736,51.646883],[97.411261,51.652832],[97.372418,51.655868],[97.33538,51.673515],[97.328086,51.672094],[97.314261,51.676415],[97.303717,51.67241],[97.265196,51.677941],[97.252307,51.668933],[97.251438,51.664949],[97.237505,51.662992],[97.230241,51.657358],[97.209656,51.672515],[97.189195,51.669159],[97.157836,51.671577],[97.129576,51.668245],[97.125737,51.658234],[97.12787,51.646791],[97.095074,51.629196],[97.072771,51.622574],[97.072116,51.61236],[97.064701,51.59903],[97.015719,51.600924],[97.013792,51.610345],[97.002478,51.616453],[97.004028,51.621078],[96.995989,51.631967],[96.99576,51.643606],[96.990365,51.646228],[96.988109,51.653589],[96.991092,51.663741],[97.014174,51.677027],[97.012117,51.68078],[97.003791,51.688452],[96.97687,51.692715],[96.970374,51.702345],[96.957048,51.70619],[96.949729,51.7032],[96.938459,51.709603],[96.919184,51.710056],[96.911189,51.707714],[96.910439,51.701364],[96.882332,51.698745],[96.861846,51.70435],[96.819591,51.702677],[96.81375,51.71225],[96.780331,51.706294],[96.769895,51.714435],[96.755838,51.717102],[96.735446,51.717146],[96.71274,51.710673],[96.694136,51.714434],[96.680616,51.711722],[96.670991,51.715256],[96.660459,51.727767],[96.630847,51.721446],[96.632213,51.710318],[96.625271,51.703142],[96.602963,51.704117],[96.591442,51.71096],[96.577919,51.712873],[96.55685,51.725169],[96.555168,51.728999],[96.561887,51.735493],[96.562361,51.745882],[96.533194,51.765426],[96.536221,51.775632],[96.527124,51.790916],[96.522014,51.792141],[96.515463,51.788391],[96.499662,51.793311],[96.46781,51.813408],[96.453366,51.816771],[96.41854,51.80419],[96.394893,51.80088],[96.334383,51.803343],[96.310745,51.780136],[96.275889,51.785504],[96.271778,51.792598],[96.261138,51.796658],[96.245284,51.810218],[96.246552,51.814037],[96.229296,51.826394],[96.205844,51.835025],[96.203716,51.839537],[96.188013,51.847077],[96.174646,51.868394],[96.158769,51.870091],[96.153315,51.877355],[96.143753,51.880931],[96.111921,51.886118],[96.102367,51.895572],[96.073921,51.900488],[96.074218,51.91221],[96.011393,51.931983],[96.010838,51.937479],[96.004101,51.944564],[95.979086,51.953149],[95.97554,51.956841],[95.976438,51.966545],[95.98867,51.972429],[95.982129,51.98767],[95.984214,51.991578],[95.975935,51.995999],[95.975861,52.004328],[95.962918,52.008189],[95.950118,52.007497],[95.952637,52.030081],[95.944082,52.03118],[95.907666,52.017848],[95.862081,52.017941],[95.854597,52.007472],[95.84545,52.003563],[95.830482,52.0071],[95.826627,52.011892],[95.806367,52.019988],[95.778094,52.017894],[95.772651,52.008077],[95.75466,52.001841],[95.737046,52.008263],[95.736214,52.013102],[95.713686,52.016545],[95.709,52.020872],[95.670068,52.022593],[95.651244,52.031523],[95.646255,52.0305],[95.644743,52.015056],[95.632043,51.998862],[95.577585,52.006338],[95.530866,52.002755],[95.501894,52.005597],[95.482618,52.0024],[95.469806,51.987404],[95.449029,51.979228],[95.44372,51.978944],[95.434255,51.98584],[95.422251,51.986835],[95.425021,51.972687],[95.439334,51.953342],[95.440603,51.942955],[95.433563,51.934202],[95.428946,51.918472],[95.420866,51.912776],[95.42052,51.903448],[95.404706,51.902379],[95.391202,51.896183],[95.385777,51.900456],[95.371695,51.902735],[95.354266,51.899032],[95.357497,51.89369],[95.355651,51.886566],[95.337414,51.876876],[95.336606,51.867042],[95.329565,51.8597],[95.285241,51.865972],[95.265388,51.864975],[95.247728,51.869536],[95.2318,51.869322],[95.190247,51.860413],[95.161506,51.870391],[95.126301,51.872458],[95.105756,51.864048],[95.089596,51.867826],[95.079901,51.863264],[95.062125,51.862195],[95.049659,51.84323],[95.016648,51.836241],[94.90584,51.836241],[94.880677,51.834173],[94.863594,51.827539],[94.801265,51.828894],[94.789562,51.83183],[94.778811,51.822136],[94.72453,51.810696],[94.702676,51.796638],[94.659498,51.785083],[94.645222,51.775379]]]}}],"metadata":{"source_en":"Updated consolidated GeoJSON supplied by the instructor","source_zh":"教师提供的更新版合并GeoJSON","license_en":"Source-dataset terms were not specified; use within the author-created educational platform","license_zh":"原始数据集未注明许可条款；仅用于本作者教育平台"}}