{"type":"FeatureCollection","features":[{"type":"Feature","id":"81995-61","properties":{"id":"81995-61","name":"Куйбышевский район","name_ru":"Куйбышевский район","subject_id":"81995","subject_name":"Калужская область","source_gid":61,"source_fid":66,"names_rosstat":"Куйбышевский муниципальный район","population":7248,"area_km2":1249.449308713333,"density_km2":5.800955628575198,"source":"Актуализированный объединённый GeoJSON, предоставленный преподавателем","name_en":"Kuibyshevskii District","name_zh":"Kuibyshevskii区","subject_name_en":"Kaluga Oblast","subject_name_zh":"卡卢加州"},"geometry":{"type":"Polygon","coordinates":[[[33.441915,54.057225],[33.44193,54.052956],[33.448951,54.05483],[33.456169,54.052281],[33.462428,54.052251],[33.462778,54.049523],[33.466201,54.049697],[33.475324,54.052821],[33.479538,54.05883],[33.48558,54.057659],[33.491389,54.058565],[33.492824,54.057017],[33.492284,54.054823],[33.496073,54.051439],[33.493313,54.048825],[33.494729,54.045818],[33.496691,54.042365],[33.501748,54.039056],[33.500442,54.036653],[33.471174,54.034521],[33.470866,54.032421],[33.469283,54.032152],[33.469442,54.029233],[33.458662,54.027775],[33.459164,54.026868],[33.469917,54.028799],[33.47909,54.031937],[33.492699,54.033465],[33.495108,54.025958],[33.501915,54.027209],[33.502256,54.024889],[33.509951,54.024106],[33.510098,54.022419],[33.506541,54.019911],[33.505718,54.016959],[33.510015,54.015962],[33.516165,54.012113],[33.516632,54.010174],[33.513775,54.008924],[33.51112,54.010012],[33.510565,54.008152],[33.512485,54.006344],[33.518316,54.006593],[33.517865,54.005434],[33.514996,54.005724],[33.516404,54.004567],[33.520741,54.004864],[33.520033,54.003095],[33.515854,54.003024],[33.51741,54.000456],[33.521366,53.998326],[33.527468,54.001404],[33.523081,54.002793],[33.532714,54.007322],[33.526691,54.010252],[33.557128,54.017583],[33.561215,54.019809],[33.571346,54.01991],[33.570979,54.021309],[33.574952,54.023616],[33.582381,54.026218],[33.579107,54.032095],[33.589123,54.034031],[33.589773,54.032761],[33.598742,54.029558],[33.597059,54.025535],[33.598694,54.020637],[33.612454,54.021674],[33.614365,54.022625],[33.613296,54.024527],[33.61812,54.029177],[33.621747,54.029244],[33.627704,54.024822],[33.627283,54.020095],[33.641805,54.020057],[33.641934,54.023443],[33.650304,54.021798],[33.655242,54.026334],[33.657735,54.026714],[33.680059,54.025621],[33.699826,54.02273],[33.70915,54.024565],[33.73036,54.01836],[33.734974,54.013999],[33.740309,54.012183],[33.743466,54.008953],[33.742874,54.006804],[33.746487,54.004273],[33.7456,54.000093],[33.752317,53.999703],[33.749921,53.998923],[33.750042,53.997543],[33.765881,54.004893],[33.767976,54.002459],[33.763821,53.998948],[33.799498,53.991341],[33.812727,53.990357],[33.816324,53.991682],[33.819259,53.984827],[33.816489,53.982409],[33.813628,53.975491],[33.810701,53.974852],[33.797497,53.965572],[33.798495,53.949689],[33.801173,53.947292],[33.805595,53.946171],[33.814252,53.949596],[33.824031,53.949659],[33.837734,53.941811],[33.83655,53.937825],[33.819858,53.940378],[33.801672,53.937575],[33.800613,53.923748],[33.806967,53.904487],[33.80622,53.89639],[33.838235,53.881022],[33.855799,53.880151],[33.861404,53.878594],[33.88775,53.880463],[33.889681,53.879279],[33.889992,53.875791],[33.888249,53.872054],[33.897965,53.87221],[33.911543,53.867228],[33.925121,53.8681],[33.928733,53.869719],[33.931473,53.874328],[33.961417,53.874477],[33.961713,53.880548],[33.97622,53.880585],[33.978443,53.883085],[33.981175,53.882301],[33.988443,53.88386],[34.003107,53.880899],[34.002437,53.880092],[34.003948,53.879193],[34.002982,53.878891],[34.005176,53.878777],[34.003447,53.877615],[34.005509,53.876523],[34.003841,53.876293],[34.006584,53.875801],[34.006562,53.874196],[34.011802,53.869516],[34.009822,53.867419],[34.011176,53.867415],[34.010196,53.865679],[34.004395,53.862284],[34.002403,53.859622],[34.022545,53.859464],[34.045703,53.86212],[34.046381,53.869392],[34.060783,53.86761],[34.081417,53.869946],[34.088645,53.871983],[34.087128,53.876901],[34.096658,53.880663],[34.106543,53.881701],[34.10603,53.884707],[34.111702,53.893534],[34.132828,53.905773],[34.133301,53.909298],[34.125455,53.914225],[34.110993,53.918456],[34.10655,53.922437],[34.103289,53.926249],[34.10499,53.929366],[34.103809,53.934263],[34.128764,53.939661],[34.131363,53.931926],[34.17735,53.929823],[34.173474,53.932466],[34.1713,53.94735],[34.186708,53.949158],[34.190441,53.942399],[34.204384,53.944207],[34.200981,53.955972],[34.191528,53.955944],[34.173994,53.952106],[34.164258,53.951884],[34.156601,53.953942],[34.155583,53.966248],[34.147197,53.975648],[34.162321,53.985789],[34.1634,53.990721],[34.161158,53.994944],[34.156632,53.998898],[34.15457,53.999123],[34.152079,54.004419],[34.141158,54.006884],[34.13158,54.016265],[34.12848,54.017422],[34.122681,54.015912],[34.117477,54.038167],[34.108342,54.037972],[34.109352,54.063012],[34.076183,54.063733],[34.077616,54.081255],[34.045726,54.08223],[34.046709,54.088925],[34.036534,54.088872],[34.036715,54.093836],[34.034283,54.098536],[34.037975,54.099539],[34.034644,54.102601],[34.052201,54.109411],[34.039326,54.12118],[34.065077,54.148084],[34.059314,54.155625],[34.056343,54.166485],[34.060845,54.170438],[34.054988,54.175476],[34.056102,54.18155],[34.024733,54.20941],[34.020462,54.215303],[34.017864,54.21457],[34.003412,54.22481],[34.0016,54.227509],[33.99569,54.227156],[33.992627,54.229577],[33.988571,54.227055],[33.982709,54.227192],[33.981916,54.225623],[33.969591,54.222377],[33.967182,54.218542],[33.961712,54.215898],[33.952064,54.217832],[33.945346,54.217511],[33.930517,54.223175],[33.920786,54.218],[33.91639,54.21752],[33.91,54.212824],[33.907831,54.213509],[33.903877,54.209964],[33.880767,54.207529],[33.875018,54.208592],[33.877307,54.213086],[33.865857,54.215785],[33.862818,54.222689],[33.861578,54.227815],[33.863405,54.230027],[33.86364,54.235512],[33.85707,54.239351],[33.858881,54.239978],[33.857891,54.243876],[33.854953,54.246658],[33.856302,54.247857],[33.854191,54.249604],[33.859562,54.254049],[33.852857,54.260866],[33.824763,54.256319],[33.825642,54.254811],[33.820906,54.252277],[33.798957,54.25057],[33.789627,54.256567],[33.786678,54.255308],[33.780459,54.265031],[33.778974,54.271346],[33.766734,54.268466],[33.763288,54.285916],[33.790976,54.289107],[33.785985,54.297949],[33.782361,54.300862],[33.779687,54.306617],[33.780542,54.308395],[33.779092,54.309291],[33.780083,54.310313],[33.773706,54.313113],[33.776587,54.314047],[33.794452,54.331222],[33.772737,54.334139],[33.762006,54.325547],[33.750098,54.328361],[33.736654,54.333566],[33.732252,54.331251],[33.731894,54.329031],[33.72872,54.326752],[33.72317,54.32762],[33.719713,54.326392],[33.71863,54.32787],[33.715491,54.328117],[33.688752,54.322322],[33.682179,54.314929],[33.681586,54.311713],[33.671662,54.305132],[33.687777,54.295332],[33.675579,54.290491],[33.673499,54.287369],[33.649845,54.29278],[33.644912,54.292815],[33.646933,54.291497],[33.646101,54.289242],[33.648359,54.285669],[33.647349,54.281645],[33.654327,54.280532],[33.651818,54.269477],[33.645159,54.270594],[33.621204,54.268507],[33.624175,54.264287],[33.62269,54.263341],[33.623095,54.261721],[33.630288,54.25767],[33.603378,54.258885],[33.602703,54.255103],[33.6077,54.251997],[33.604189,54.242408],[33.60851,54.241699],[33.609591,54.238593],[33.625257,54.236838],[33.611371,54.223628],[33.628634,54.207768],[33.620937,54.204257],[33.633767,54.196424],[33.633767,54.193284],[33.629446,54.187207],[33.617021,54.185046],[33.610674,54.180724],[33.598654,54.183695],[33.564217,54.175693],[33.558651,54.179862],[33.565568,54.169751],[33.563542,54.169075],[33.568944,54.164214],[33.562867,54.161479],[33.559221,54.154186],[33.565299,54.15],[33.559086,54.147163],[33.563814,54.136056],[33.571512,54.129708],[33.569081,54.128493],[33.572863,54.123901],[33.536399,54.120356],[33.52384,54.113333],[33.523705,54.10523],[33.527039,54.10274],[33.562986,54.106191],[33.558346,54.101953],[33.539189,54.093207],[33.526838,54.091722],[33.523849,54.088996],[33.517958,54.089542],[33.516627,54.09315],[33.512097,54.09355],[33.509014,54.090096],[33.510367,54.088408],[33.506555,54.085749],[33.49464,54.088716],[33.484923,54.098155],[33.478599,54.095607],[33.470231,54.097197],[33.469394,54.085963],[33.462121,54.083403],[33.456584,54.084605],[33.452551,54.080725],[33.453852,54.076236],[33.451767,54.075349],[33.452617,54.074804],[33.451125,54.074273],[33.452449,54.072855],[33.450945,54.071787],[33.452212,54.070759],[33.45434,54.071418],[33.457133,54.069072],[33.448858,54.062227],[33.453839,54.060043],[33.449403,54.058948],[33.446,54.059952],[33.445627,54.056718],[33.441915,54.057225]]]}},{"type":"Feature","id":"81995-138","properties":{"id":"81995-138","name":"Жуковский район","name_ru":"Жуковский район","subject_id":"81995","subject_name":"Калужская область","source_gid":138,"source_fid":176,"names_rosstat":"Жуковский муниципальный район","population":59288,"area_km2":1272.9020433485014,"density_km2":46.577032623843344,"source":"Актуализированный объединённый GeoJSON, предоставленный преподавателем","name_en":"Zhukovskii District","name_zh":"Zhukovskii区","subject_name_en":"Kaluga Oblast","subject_name_zh":"卡卢加州"},"geometry":{"type":"Polygon","coordinates":[[[36.580298,55.063719],[36.584191,55.061436],[36.580872,55.059298],[36.594451,55.058962],[36.596056,55.057749],[36.592282,55.054611],[36.586142,55.054217],[36.586378,55.05272],[36.597314,55.051983],[36.604805,55.053064],[36.608948,55.048965],[36.61707,55.047611],[36.623045,55.034923],[36.628447,55.029337],[36.630626,55.024335],[36.625555,55.018671],[36.623596,55.012561],[36.619785,55.010672],[36.618043,55.00784],[36.602927,55.007005],[36.59952,55.003745],[36.606322,54.985954],[36.606241,54.974543],[36.620549,54.967861],[36.617483,54.949532],[36.629279,54.939314],[36.642199,54.924564],[36.649007,54.923775],[36.671744,54.913188],[36.669369,54.911255],[36.670681,54.908001],[36.669894,54.906657],[36.679055,54.895944],[36.681254,54.891391],[36.688097,54.89129],[36.693956,54.893627],[36.698319,54.893708],[36.698987,54.89219],[36.708241,54.89474],[36.726396,54.89134],[36.733504,54.893779],[36.740576,54.893111],[36.742933,54.892473],[36.745409,54.888526],[36.747957,54.888508],[36.75143,54.884814],[36.750867,54.88279],[36.753541,54.879005],[36.766155,54.874176],[36.7594,54.862443],[36.746364,54.863658],[36.740576,54.862808],[36.740294,54.857876],[36.728789,54.849805],[36.733433,54.850767],[36.74274,54.848357],[36.739925,54.845966],[36.744411,54.845298],[36.74413,54.842147],[36.74902,54.841367],[36.758291,54.844669],[36.770852,54.840759],[36.771264,54.836439],[36.774835,54.835235],[36.763477,54.833515],[36.754587,54.825799],[36.751087,54.825354],[36.750415,54.82302],[36.752714,54.821837],[36.752622,54.819876],[36.757066,54.81509],[36.76338,54.810127],[36.775303,54.805323],[36.776531,54.802613],[36.795092,54.797433],[36.795282,54.796125],[36.800774,54.798803],[36.797139,54.800725],[36.802959,54.80449],[36.808375,54.802885],[36.812053,54.803909],[36.827961,54.798326],[36.829708,54.79822],[36.833693,54.801259],[36.83374,54.803558],[36.845095,54.79951],[36.851337,54.800716],[36.851551,54.802306],[36.856976,54.802889],[36.86847,54.810657],[36.874478,54.804687],[36.867213,54.802465],[36.86234,54.798609],[36.876194,54.798984],[36.874539,54.797536],[36.877247,54.793781],[36.863002,54.787668],[36.86661,54.785804],[36.871336,54.785933],[36.885957,54.777537],[36.884823,54.780948],[36.88657,54.783264],[36.889175,54.78284],[36.888942,54.784368],[36.890996,54.78527],[36.898474,54.78603],[36.898229,54.784015],[36.906043,54.778768],[36.908956,54.780282],[36.91616,54.773956],[36.917416,54.774911],[36.918489,54.782371],[36.933324,54.784598],[36.937257,54.786367],[36.931643,54.790566],[36.936281,54.793228],[36.946186,54.795989],[36.947746,54.789904],[36.953165,54.790106],[36.952645,54.791916],[36.956004,54.793378],[36.955809,54.794652],[36.958908,54.794765],[36.959212,54.797838],[36.973521,54.79597],[36.976685,54.796382],[36.977856,54.798257],[36.98167,54.797894],[36.98102,54.796895],[36.990859,54.792147],[36.988576,54.791387],[36.988638,54.786121],[36.992398,54.784649],[37.000223,54.789125],[36.998722,54.791475],[37.000101,54.793101],[37.017541,54.800787],[37.02128,54.801247],[37.023181,54.803561],[37.022047,54.804798],[37.014844,54.802925],[37.013771,54.803879],[37.00431,54.802622],[37.009598,54.80597],[37.006699,54.806552],[37.008128,54.810484],[37.002512,54.809677],[37.002923,54.814337],[37.007146,54.813141],[37.008918,54.816987],[37.023178,54.81776],[37.026505,54.824392],[37.032986,54.82749],[37.04503,54.829678],[37.046411,54.831107],[37.043529,54.833734],[37.044658,54.834262],[37.051045,54.834786],[37.061765,54.830942],[37.07971,54.828324],[37.076215,54.829924],[37.076636,54.833501],[37.078284,54.838482],[37.083022,54.840068],[37.108349,54.843093],[37.109583,54.844205],[37.121659,54.84464],[37.12417,54.842251],[37.130098,54.841186],[37.136818,54.837886],[37.157129,54.847367],[37.15377,54.848766],[37.15414,54.850182],[37.155708,54.851491],[37.157885,54.85091],[37.160637,54.853178],[37.162918,54.852582],[37.168437,54.857854],[37.166415,54.861449],[37.161664,54.863121],[37.175774,54.878545],[37.1687,54.879918],[37.170281,54.884958],[37.174152,54.889513],[37.173138,54.891864],[37.16715,54.895109],[37.168786,54.898023],[37.175739,54.902805],[37.177005,54.90885],[37.192994,54.923256],[37.185124,54.931115],[37.171475,54.938384],[37.173904,54.94037],[37.171522,54.943821],[37.166894,54.946298],[37.167614,54.949296],[37.160496,54.950444],[37.164467,54.95364],[37.16635,54.953281],[37.168741,54.956087],[37.162385,54.958691],[37.157729,54.957977],[37.161291,54.962498],[37.16127,54.965073],[37.167728,54.96506],[37.16408,54.963102],[37.162128,54.959763],[37.169917,54.957348],[37.173608,54.960194],[37.171741,54.968152],[37.163716,54.970689],[37.162407,54.97149],[37.164145,54.972512],[37.161313,54.975369],[37.15215,54.980172],[37.146676,54.981414],[37.152291,54.98317],[37.154269,54.9851],[37.138954,54.987892],[37.134298,54.991398],[37.156644,55.000404],[37.149899,55.000159],[37.127839,55.018525],[37.124416,55.01984],[37.122318,55.023302],[37.119629,55.021913],[37.113193,55.023511],[37.095868,55.032409],[37.094554,55.036641],[37.096805,55.044231],[37.083806,55.05655],[37.084497,55.057676],[37.103386,55.061601],[37.111024,55.06151],[37.118145,55.063516],[37.113422,55.066051],[37.111988,55.06826],[37.118762,55.071543],[37.120382,55.073933],[37.111752,55.076541],[37.110572,55.080777],[37.111314,55.087487],[37.117148,55.093352],[37.116322,55.098063],[37.107719,55.099728],[37.098692,55.097106],[37.095129,55.103848],[37.0983,55.105449],[37.096918,55.10843],[37.081437,55.110578],[37.070825,55.114445],[37.063041,55.113051],[37.057037,55.109648],[37.052427,55.112411],[37.052871,55.117893],[37.057398,55.122928],[37.055053,55.124766],[37.060613,55.127079],[37.042354,55.13389],[37.041788,55.135312],[37.04395,55.13703],[37.045632,55.142175],[37.039205,55.142522],[37.03784,55.146016],[37.027937,55.150147],[37.027434,55.152613],[37.015227,55.159999],[37.01989,55.16112],[37.018094,55.177269],[37.014219,55.1773],[37.019714,55.18295],[37.016474,55.184019],[37.010388,55.183332],[37.006551,55.180604],[37.001207,55.181511],[36.997173,55.180142],[36.995165,55.182189],[36.991471,55.18286],[36.982611,55.180466],[36.981068,55.186116],[36.97571,55.189543],[36.967097,55.199737],[36.966304,55.20535],[36.961636,55.208977],[36.965032,55.21207],[36.962187,55.212571],[36.962275,55.214141],[36.957259,55.216611],[36.947071,55.218513],[36.948459,55.220311],[36.945896,55.222805],[36.949641,55.224696],[36.94583,55.230723],[36.950132,55.238262],[36.949439,55.240237],[36.94678,55.241396],[36.93724,55.241391],[36.942127,55.238842],[36.94074,55.237536],[36.938268,55.238799],[36.93665,55.237502],[36.930472,55.23919],[36.928059,55.238062],[36.926102,55.234928],[36.919104,55.235858],[36.907392,55.232421],[36.90378,55.232602],[36.901228,55.233282],[36.899646,55.236584],[36.885303,55.229328],[36.875221,55.229899],[36.871986,55.232608],[36.855839,55.227342],[36.85921,55.224778],[36.863774,55.225465],[36.867343,55.223848],[36.872219,55.218259],[36.872101,55.215076],[36.858964,55.214963],[36.858095,55.213607],[36.860822,55.211567],[36.859161,55.209809],[36.849715,55.21156],[36.850034,55.210664],[36.841016,55.20787],[36.840879,55.205193],[36.836188,55.202256],[36.831952,55.19694],[36.829629,55.197239],[36.829355,55.195731],[36.824892,55.194444],[36.814461,55.194106],[36.804053,55.197811],[36.807629,55.201463],[36.805707,55.203769],[36.794124,55.201671],[36.791801,55.20366],[36.792871,55.209806],[36.790229,55.212262],[36.780206,55.20982],[36.76381,55.210791],[36.76464,55.208055],[36.758746,55.20828],[36.747124,55.205391],[36.745132,55.200792],[36.738324,55.200772],[36.728922,55.19723],[36.722177,55.199492],[36.719126,55.198097],[36.719396,55.193723],[36.714501,55.190617],[36.712945,55.18576],[36.713486,55.184055],[36.711332,55.178928],[36.712556,55.175285],[36.707062,55.17333],[36.705301,55.173933],[36.70103,55.1695],[36.701881,55.166021],[36.701,55.165058],[36.707686,55.159899],[36.713285,55.153292],[36.700867,55.150801],[36.696413,55.151528],[36.688571,55.14434],[36.686649,55.145312],[36.68793,55.146615],[36.667968,55.145303],[36.657978,55.140425],[36.653162,55.13004],[36.65576,55.129733],[36.651011,55.125442],[36.654259,55.123035],[36.653229,55.121741],[36.65408,55.120895],[36.656208,55.121216],[36.664355,55.117939],[36.658398,55.109381],[36.66041,55.108499],[36.659636,55.105514],[36.666559,55.103737],[36.664016,55.102202],[36.663587,55.099041],[36.657633,55.099397],[36.647413,55.102762],[36.64547,55.100642],[36.642784,55.102364],[36.632634,55.079952],[36.625493,55.077981],[36.620018,55.082003],[36.616573,55.080997],[36.612476,55.073316],[36.604784,55.070167],[36.606186,55.06891],[36.609387,55.070239],[36.613713,55.066556],[36.617902,55.065486],[36.628775,55.066225],[36.627878,55.064245],[36.63523,55.062989],[36.63271,55.05726],[36.628103,55.057943],[36.627196,55.055914],[36.619659,55.057021],[36.614895,55.053051],[36.597857,55.057337],[36.595333,55.059063],[36.580298,55.063719]]]}},{"type":"Feature","id":"81995-1328","properties":{"id":"81995-1328","name":"Спас-Деменский район","name_ru":"Спас-Деменский район","subject_id":"81995","subject_name":"Калужская область","source_gid":1328,"source_fid":1438,"names_rosstat":"Спас-Деменский муниципальный район","population":7270,"area_km2":1372.3388211168037,"density_km2":5.297525573228121,"source":"Актуализированный объединённый GeoJSON, предоставленный преподавателем","name_en":"Spas-Demenskii District","name_zh":"Spas-Demenskii区","subject_name_en":"Kaluga Oblast","subject_name_zh":"卡卢加州"},"geometry":{"type":"Polygon","coordinates":[[[33.574333,54.39475],[33.580413,54.396602],[33.592887,54.396745],[33.596155,54.398751],[33.625388,54.398163],[33.629784,54.39927],[33.630497,54.400896],[33.636593,54.401903],[33.630676,54.404562],[33.631626,54.408954],[33.637403,54.410681],[33.629435,54.415273],[33.626517,54.420847],[33.63329,54.429489],[33.626754,54.43177],[33.616713,54.441549],[33.618792,54.444521],[33.631595,54.441507],[33.640439,54.433538],[33.643116,54.434138],[33.657648,54.441746],[33.661535,54.449375],[33.676444,54.453995],[33.683453,54.458726],[33.687234,54.458996],[33.702224,54.465884],[33.702964,54.470098],[33.687453,54.475553],[33.670623,54.469699],[33.634231,54.477413],[33.644287,54.481853],[33.644287,54.484149],[33.647528,54.485229],[33.649529,54.488419],[33.649529,54.491705],[33.659631,54.493448],[33.659683,54.495088],[33.649148,54.507816],[33.695254,54.514735],[33.696351,54.525055],[33.694432,54.534439],[33.700108,54.536527],[33.698151,54.537886],[33.698609,54.540822],[33.701506,54.540939],[33.70541,54.537052],[33.704766,54.536297],[33.70698,54.536253],[33.7078,54.534714],[33.710802,54.545933],[33.733488,54.552797],[33.736201,54.555542],[33.747804,54.560764],[33.760696,54.564877],[33.760831,54.570819],[33.771183,54.573883],[33.776263,54.567826],[33.785557,54.565014],[33.792542,54.559425],[33.7926,54.556948],[33.808186,54.559291],[33.820308,54.558722],[33.82585,54.561935],[33.82406,54.563642],[33.824868,54.567558],[33.858638,54.573247],[33.8636,54.562853],[33.868172,54.558309],[33.889752,54.555341],[33.904988,54.566867],[33.904329,54.568777],[33.915206,54.577757],[33.950364,54.582915],[33.952122,54.584475],[33.961516,54.582183],[33.962779,54.575656],[33.973437,54.577152],[33.974261,54.578872],[33.985467,54.579922],[33.993818,54.576102],[34.003651,54.568013],[34.009364,54.565338],[34.016835,54.564414],[34.028701,54.557375],[34.035523,54.559243],[34.039304,54.562214],[34.049433,54.562484],[34.062533,54.566536],[34.065178,54.563395],[34.078088,54.558744],[34.079461,54.550557],[34.077264,54.546191],[34.079846,54.54428],[34.087262,54.546383],[34.089239,54.547944],[34.088415,54.549728],[34.095447,54.550843],[34.100446,54.555049],[34.116213,54.5597],[34.119524,54.562485],[34.134341,54.564605],[34.134671,54.561579],[34.137307,54.560432],[34.140329,54.555081],[34.153678,54.553966],[34.156425,54.546829],[34.159831,54.543069],[34.164995,54.541093],[34.159062,54.533444],[34.167192,54.530128],[34.167302,54.52592],[34.174553,54.518524],[34.181584,54.520074],[34.212858,54.509038],[34.218302,54.508365],[34.222496,54.50422],[34.242752,54.508157],[34.248463,54.512302],[34.246946,54.514944],[34.252479,54.521315],[34.259975,54.519502],[34.272486,54.520823],[34.273933,54.519753],[34.272688,54.493998],[34.269517,54.495186],[34.262829,54.494747],[34.242787,54.487289],[34.245138,54.483585],[34.233418,54.479843],[34.236553,54.475244],[34.254196,54.460278],[34.27044,54.471996],[34.281,54.468274],[34.284349,54.471421],[34.291985,54.465759],[34.306293,54.462435],[34.30794,54.461379],[34.308144,54.458799],[34.313975,54.454461],[34.309161,54.449503],[34.307828,54.44407],[34.323563,54.438468],[34.329884,54.434767],[34.331153,54.432615],[34.328314,54.430279],[34.331104,54.423636],[34.333428,54.420883],[34.337904,54.42077],[34.344573,54.415926],[34.338296,54.415799],[34.33565,54.410867],[34.334547,54.404003],[34.329317,54.400704],[34.293313,54.402531],[34.291918,54.394589],[34.280847,54.39502],[34.277839,54.389336],[34.271867,54.384183],[34.261549,54.380989],[34.270342,54.379157],[34.281413,54.37347],[34.282067,54.365268],[34.278929,54.362754],[34.278057,54.359935],[34.272391,54.36173],[34.268947,54.359274],[34.27967,54.353051],[34.279844,54.348605],[34.283767,54.344998],[34.283331,54.343753],[34.280411,54.344261],[34.280062,54.343219],[34.272521,54.34205],[34.272565,54.339153],[34.274483,54.337044],[34.273606,54.333505],[34.278801,54.333349],[34.280804,54.331498],[34.281236,54.328299],[34.277352,54.325459],[34.272082,54.318394],[34.262989,54.316705],[34.261356,54.313882],[34.265517,54.309926],[34.264438,54.309495],[34.264962,54.303848],[34.291654,54.305323],[34.288356,54.294927],[34.271157,54.296474],[34.272113,54.293596],[34.257349,54.28559],[34.250199,54.279742],[34.262311,54.273912],[34.25812,54.266856],[34.242616,54.270582],[34.240736,54.262158],[34.244589,54.26232],[34.248688,54.254254],[34.262774,54.25285],[34.261193,54.251203],[34.228583,54.246775],[34.214709,54.239917],[34.198412,54.23764],[34.180594,54.229531],[34.186771,54.225698],[34.171804,54.220837],[34.16729,54.224893],[34.141331,54.215883],[34.134394,54.228619],[34.104384,54.232421],[34.09768,54.235384],[34.086331,54.232383],[34.084467,54.233931],[34.079496,54.233778],[34.063864,54.226954],[34.057421,54.227738],[34.060019,54.232727],[34.056042,54.236349],[34.031992,54.222561],[34.037357,54.219533],[34.036802,54.218505],[34.017864,54.21457],[34.003412,54.22481],[34.0016,54.227509],[33.99569,54.227156],[33.992627,54.229577],[33.988571,54.227055],[33.982709,54.227192],[33.981916,54.225623],[33.969591,54.222377],[33.967182,54.218542],[33.961712,54.215898],[33.952064,54.217832],[33.945346,54.217511],[33.930517,54.223175],[33.920786,54.218],[33.91639,54.21752],[33.91,54.212824],[33.907831,54.213509],[33.903877,54.209964],[33.880767,54.207529],[33.875018,54.208592],[33.877307,54.213086],[33.865857,54.215785],[33.861578,54.227815],[33.863405,54.230027],[33.86364,54.235512],[33.85707,54.239351],[33.858881,54.239978],[33.857891,54.243876],[33.854953,54.246658],[33.856302,54.247857],[33.854191,54.249604],[33.859562,54.254049],[33.852857,54.260866],[33.824763,54.256319],[33.825642,54.254811],[33.820906,54.252277],[33.798957,54.25057],[33.789627,54.256567],[33.786678,54.255308],[33.780459,54.265031],[33.778974,54.271346],[33.766734,54.268466],[33.763288,54.285916],[33.790976,54.289107],[33.785985,54.297949],[33.782361,54.300862],[33.779687,54.306617],[33.780542,54.308395],[33.779092,54.309291],[33.780083,54.310313],[33.773706,54.313113],[33.776587,54.314047],[33.794452,54.331222],[33.772737,54.334139],[33.762006,54.325547],[33.750098,54.328361],[33.736654,54.333566],[33.732252,54.331251],[33.731894,54.329031],[33.72872,54.326752],[33.72317,54.32762],[33.719713,54.326392],[33.71863,54.32787],[33.715491,54.328117],[33.688752,54.322322],[33.685295,54.326515],[33.689826,54.330014],[33.682111,54.32999],[33.676274,54.33356],[33.681639,54.335903],[33.663131,54.336392],[33.659947,54.3402],[33.656518,54.339462],[33.648819,54.341544],[33.645378,54.343871],[33.64627,54.345741],[33.638248,54.348511],[33.641576,54.351178],[33.637476,54.359488],[33.633852,54.362223],[33.633614,54.367312],[33.629158,54.370877],[33.614541,54.374165],[33.603371,54.374476],[33.599509,54.376726],[33.598321,54.383266],[33.591013,54.386207],[33.590953,54.388075],[33.574333,54.39475]]]}},{"type":"Feature","id":"81995-1329","properties":{"id":"81995-1329","name":"Барятинский район","name_ru":"Барятинский район","subject_id":"81995","subject_name":"Калужская область","source_gid":1329,"source_fid":1439,"names_rosstat":"Барятинский муниципальный район","population":5457,"area_km2":1109.0057287924112,"density_km2":4.920623814939252,"source":"Актуализированный объединённый GeoJSON, предоставленный преподавателем","name_en":"Bariatinskii District","name_zh":"Bariatinskii区","subject_name_en":"Kaluga Oblast","subject_name_zh":"卡卢加州"},"geometry":{"type":"Polygon","coordinates":[[[34.795401,54.394585],[34.798353,54.388757],[34.795094,54.386803],[34.798192,54.381464],[34.796704,54.379118],[34.792014,54.378803],[34.788115,54.37501],[34.786727,54.372408],[34.788013,54.369756],[34.797205,54.369583],[34.808284,54.365851],[34.811359,54.362571],[34.821853,54.362203],[34.818738,54.357789],[34.820738,54.356474],[34.826396,54.356364],[34.84842,54.363079],[34.85412,54.356004],[34.863031,54.355247],[34.86597,54.338819],[34.872738,54.339155],[34.875297,54.332461],[34.869396,54.332709],[34.866069,54.329997],[34.866164,54.326263],[34.852544,54.325809],[34.833451,54.321111],[34.826245,54.31556],[34.835758,54.311617],[34.828326,54.308803],[34.820639,54.30306],[34.82757,54.300926],[34.839438,54.306575],[34.844854,54.303652],[34.833802,54.298368],[34.83297,54.292871],[34.819333,54.293065],[34.813422,54.302116],[34.816581,54.304505],[34.817392,54.3071],[34.811826,54.308959],[34.789549,54.313324],[34.786134,54.309284],[34.783734,54.30986],[34.777629,54.306227],[34.77902,54.304234],[34.775637,54.304468],[34.774552,54.299315],[34.778239,54.296209],[34.796399,54.29177],[34.796817,54.289642],[34.817713,54.289747],[34.821289,54.285814],[34.830558,54.288238],[34.830846,54.285908],[34.811609,54.279263],[34.81287,54.276885],[34.809621,54.275533],[34.812437,54.269826],[34.810519,54.267516],[34.811571,54.26291],[34.806874,54.261578],[34.798995,54.264571],[34.789996,54.259695],[34.774465,54.266533],[34.775442,54.269981],[34.774181,54.270138],[34.772713,54.267915],[34.760896,54.271288],[34.749601,54.266646],[34.732149,54.26712],[34.726283,54.258609],[34.721308,54.256552],[34.732207,54.250993],[34.732593,54.24848],[34.73077,54.246772],[34.742958,54.24097],[34.742228,54.239793],[34.74863,54.233357],[34.732814,54.22797],[34.725062,54.220535],[34.716054,54.218916],[34.718443,54.216069],[34.726353,54.213488],[34.736507,54.20755],[34.737636,54.205323],[34.734602,54.204059],[34.73514,54.202734],[34.731163,54.201608],[34.741742,54.195715],[34.763015,54.203708],[34.777884,54.205456],[34.784691,54.208543],[34.79895,54.209242],[34.800917,54.208357],[34.802172,54.203816],[34.807164,54.197503],[34.812531,54.193877],[34.815317,54.194777],[34.810209,54.181711],[34.795472,54.170454],[34.794029,54.165367],[34.794184,54.157739],[34.787613,54.154258],[34.782824,54.153754],[34.782824,54.145676],[34.777789,54.14381],[34.755225,54.143755],[34.744223,54.142335],[34.733967,54.1431],[34.721287,54.13884],[34.715599,54.141844],[34.705901,54.14331],[34.699955,54.139878],[34.695553,54.134197],[34.683992,54.134688],[34.682593,54.132012],[34.667488,54.133487],[34.663013,54.13152],[34.656859,54.132176],[34.645764,54.139058],[34.649867,54.143755],[34.650706,54.147032],[34.661055,54.151892],[34.659314,54.154664],[34.659284,54.15828],[34.656207,54.161228],[34.650889,54.161135],[34.648282,54.159591],[34.644086,54.160628],[34.642074,54.163181],[34.636815,54.164298],[34.626039,54.165195],[34.618497,54.164335],[34.614871,54.166535],[34.608816,54.167729],[34.599603,54.16729],[34.596147,54.166458],[34.597861,54.164297],[34.592125,54.157425],[34.580719,54.154839],[34.572149,54.16171],[34.56938,54.168427],[34.570237,54.175643],[34.561138,54.181354],[34.562193,54.181971],[34.56127,54.183244],[34.547162,54.190497],[34.540371,54.186948],[34.534635,54.185984],[34.530086,54.187488],[34.518746,54.197401],[34.513142,54.1996],[34.511428,54.202338],[34.498704,54.202492],[34.493662,54.204526],[34.483606,54.205654],[34.476288,54.211476],[34.455102,54.207537],[34.454271,54.211006],[34.458244,54.213849],[34.45709,54.214251],[34.457181,54.216104],[34.453185,54.216714],[34.454387,54.218709],[34.452783,54.219322],[34.452739,54.221474],[34.447015,54.221114],[34.435939,54.236183],[34.443257,54.246662],[34.437983,54.253172],[34.410029,54.245737],[34.392251,54.249837],[34.393463,54.25139],[34.379444,54.255309],[34.372439,54.255233],[34.359422,54.252379],[34.338033,54.251608],[34.334289,54.247822],[34.325073,54.242292],[34.328337,54.233704],[34.327311,54.231121],[34.316747,54.225305],[34.303289,54.226341],[34.279582,54.222645],[34.267944,54.227069],[34.264209,54.234432],[34.261193,54.251203],[34.262774,54.25285],[34.248688,54.254254],[34.244589,54.26232],[34.240736,54.262158],[34.242616,54.270582],[34.25812,54.266856],[34.262311,54.273912],[34.250199,54.279742],[34.257349,54.28559],[34.272113,54.293596],[34.271157,54.296474],[34.288356,54.294927],[34.291654,54.305323],[34.264962,54.303848],[34.264438,54.309495],[34.265517,54.309926],[34.261356,54.313882],[34.262989,54.316705],[34.272082,54.318394],[34.277352,54.325459],[34.281236,54.328299],[34.280804,54.331498],[34.278801,54.333349],[34.273606,54.333505],[34.274483,54.337044],[34.272565,54.339153],[34.272521,54.34205],[34.280062,54.343219],[34.280411,54.344261],[34.283331,54.343753],[34.283767,54.344998],[34.279844,54.348605],[34.27967,54.353051],[34.268947,54.359274],[34.272391,54.36173],[34.278057,54.359935],[34.278929,54.362754],[34.282067,54.365268],[34.281413,54.37347],[34.270342,54.379157],[34.261549,54.380989],[34.271867,54.384183],[34.277839,54.389336],[34.280847,54.39502],[34.291918,54.394589],[34.293313,54.402531],[34.329317,54.400704],[34.334547,54.404003],[34.33565,54.410867],[34.338296,54.415799],[34.344573,54.415926],[34.337904,54.42077],[34.333428,54.420883],[34.331104,54.423636],[34.328314,54.430279],[34.331153,54.432615],[34.329884,54.434767],[34.323563,54.438468],[34.307828,54.44407],[34.309161,54.449503],[34.313975,54.454461],[34.308144,54.458799],[34.30794,54.461379],[34.306293,54.462435],[34.291985,54.465759],[34.284349,54.471421],[34.281,54.468274],[34.27044,54.471996],[34.254196,54.460278],[34.236553,54.475244],[34.233418,54.479843],[34.245138,54.483585],[34.242787,54.487289],[34.262829,54.494747],[34.269517,54.495186],[34.272688,54.493998],[34.273933,54.519753],[34.279488,54.517121],[34.285348,54.517632],[34.286891,54.516725],[34.287182,54.514324],[34.293715,54.511384],[34.294454,54.512575],[34.297351,54.511677],[34.298747,54.51273],[34.298539,54.51471],[34.301979,54.515637],[34.310306,54.515699],[34.418526,54.513668],[34.426497,54.510699],[34.435542,54.510306],[34.436357,54.513129],[34.442042,54.514029],[34.443057,54.516009],[34.448774,54.519118],[34.459019,54.516947],[34.461461,54.50627],[34.467019,54.50138],[34.474162,54.503877],[34.4805,54.499476],[34.485249,54.498656],[34.510142,54.506154],[34.51637,54.512265],[34.532439,54.510287],[34.539888,54.510657],[34.544237,54.51568],[34.544348,54.50555],[34.547788,54.501658],[34.553093,54.498549],[34.560965,54.500626],[34.561162,54.497396],[34.56599,54.496544],[34.568915,54.491292],[34.566261,54.484645],[34.567746,54.485579],[34.583405,54.483423],[34.602102,54.474912],[34.609734,54.45899],[34.613295,54.456496],[34.615409,54.452159],[34.617473,54.450691],[34.631069,54.449053],[34.637428,54.454148],[34.641387,54.453259],[34.642195,54.456248],[34.644593,54.458166],[34.651034,54.460588],[34.651588,54.457753],[34.657386,54.457333],[34.668147,54.458537],[34.671177,54.460129],[34.670077,54.463204],[34.670909,54.464436],[34.656819,54.468892],[34.653495,54.475656],[34.659054,54.477308],[34.673772,54.480904],[34.677634,54.476823],[34.699494,54.471517],[34.7295,54.47394],[34.733609,54.470134],[34.742475,54.468257],[34.743719,54.465378],[34.743025,54.463759],[34.744245,54.46125],[34.74049,54.458102],[34.740504,54.455924],[34.741884,54.455688],[34.741207,54.454331],[34.742404,54.453814],[34.738921,54.450698],[34.752611,54.448368],[34.751624,54.445825],[34.756067,54.446284],[34.758437,54.442394],[34.772113,54.438557],[34.775414,54.435501],[34.769837,54.423133],[34.766843,54.42538],[34.763569,54.424101],[34.762345,54.421529],[34.751479,54.414244],[34.753463,54.413502],[34.744516,54.408419],[34.74519,54.407207],[34.749835,54.403836],[34.754304,54.406641],[34.762302,54.407897],[34.763962,54.416069],[34.766558,54.415549],[34.769998,54.417781],[34.776563,54.418638],[34.786321,54.407355],[34.789097,54.40833],[34.791053,54.407358],[34.785379,54.400144],[34.782888,54.399132],[34.784279,54.397659],[34.799187,54.401365],[34.802326,54.396455],[34.795401,54.394585]]]}},{"type":"Feature","id":"81995-1330","properties":{"id":"81995-1330","name":"Кировский район","name_ru":"Кировский район","subject_id":"81995","subject_name":"Калужская область","source_gid":1330,"source_fid":1440,"names_rosstat":"Кировский муниципальный район","population":37404,"area_km2":997.3361839087956,"density_km2":37.50390350163062,"source":"Актуализированный объединённый GeoJSON, предоставленный преподавателем","name_en":"Kirovskii District","name_zh":"Kirovskii区","subject_name_en":"Kaluga Oblast","subject_name_zh":"卡卢加州"},"geometry":{"type":"Polygon","coordinates":[[[34.020462,54.215303],[34.024733,54.20941],[34.056102,54.18155],[34.054988,54.175476],[34.060845,54.170438],[34.056343,54.166485],[34.059314,54.155625],[34.065077,54.148084],[34.039326,54.12118],[34.052201,54.109411],[34.034644,54.102601],[34.037975,54.099539],[34.034283,54.098536],[34.036715,54.093836],[34.036534,54.088872],[34.046709,54.088925],[34.045726,54.08223],[34.077616,54.081255],[34.076183,54.063733],[34.109352,54.063012],[34.108342,54.037972],[34.117477,54.038167],[34.122681,54.015912],[34.12848,54.017422],[34.13158,54.016265],[34.141158,54.006884],[34.152079,54.004419],[34.15457,53.999123],[34.156632,53.998898],[34.161158,53.994944],[34.1634,53.990721],[34.162321,53.985789],[34.147197,53.975648],[34.155583,53.966248],[34.155666,53.962739],[34.180923,53.962467],[34.198736,53.967841],[34.244951,53.97043],[34.257574,53.970625],[34.26048,53.964836],[34.266709,53.970283],[34.280245,53.969428],[34.281378,53.987803],[34.263115,53.988045],[34.26705,53.989668],[34.271102,53.994225],[34.277679,53.993465],[34.282141,53.997504],[34.279381,53.998816],[34.281143,54.004096],[34.320898,53.991359],[34.335167,54.004476],[34.337186,54.012537],[34.343153,54.014276],[34.346261,54.017759],[34.358832,54.018209],[34.376331,54.014242],[34.381012,54.016645],[34.3864,54.016972],[34.385578,54.018723],[34.382304,54.019362],[34.376227,54.024829],[34.353392,54.024923],[34.336066,54.030637],[34.333247,54.034258],[34.340118,54.034913],[34.352546,54.041021],[34.356224,54.038463],[34.366601,54.036741],[34.37124,54.033948],[34.381177,54.02362],[34.382382,54.02079],[34.384167,54.02123],[34.387002,54.018226],[34.386753,54.013884],[34.374296,54.011468],[34.372511,54.010053],[34.391226,54.006127],[34.394225,54.012974],[34.397637,54.012585],[34.398285,54.006664],[34.397167,54.004648],[34.426528,54.003888],[34.42375,54.008217],[34.437115,54.009486],[34.435553,54.024881],[34.436258,54.037539],[34.444707,54.046862],[34.443065,54.049504],[34.476247,54.047125],[34.475132,54.03747],[34.491397,54.036677],[34.489953,54.019076],[34.492441,54.018546],[34.50104,54.025346],[34.501206,54.026629],[34.497473,54.027454],[34.498314,54.02857],[34.504936,54.029849],[34.504324,54.030948],[34.508032,54.031891],[34.506975,54.033399],[34.510554,54.032622],[34.514562,54.034124],[34.519592,54.033732],[34.518457,54.034574],[34.523497,54.03329],[34.525663,54.034074],[34.523636,54.033999],[34.519127,54.044426],[34.523137,54.047482],[34.54736,54.046286],[34.577007,54.054425],[34.579497,54.046813],[34.580948,54.047749],[34.584235,54.046661],[34.592298,54.049388],[34.597973,54.048809],[34.598915,54.047548],[34.603407,54.04796],[34.603144,54.049298],[34.606299,54.047703],[34.610463,54.047793],[34.616721,54.049517],[34.615612,54.052923],[34.620816,54.052522],[34.620038,54.053388],[34.621265,54.054494],[34.626703,54.054275],[34.629523,54.055864],[34.63766,54.054631],[34.640245,54.055788],[34.647989,54.053874],[34.649226,54.055326],[34.656109,54.056045],[34.670921,54.054811],[34.672411,54.055685],[34.676015,54.053023],[34.671962,54.045735],[34.672005,54.038496],[34.678062,54.032834],[34.696703,54.031206],[34.696661,54.028801],[34.716182,54.027208],[34.72131,54.029122],[34.737719,54.03022],[34.757524,54.033672],[34.766325,54.046046],[34.786067,54.045679],[34.793292,54.049159],[34.797065,54.054946],[34.793915,54.057414],[34.790576,54.05788],[34.781576,54.054234],[34.764701,54.060781],[34.764847,54.064849],[34.778983,54.06942],[34.784313,54.069391],[34.786772,54.070913],[34.785485,54.071898],[34.791257,54.073299],[34.79348,54.075446],[34.790577,54.077496],[34.78874,54.083961],[34.81078,54.083133],[34.810049,54.085616],[34.813193,54.086579],[34.811503,54.092675],[34.815618,54.093116],[34.807345,54.10037],[34.81731,54.102231],[34.815548,54.105003],[34.844032,54.1186],[34.847453,54.121948],[34.85187,54.122168],[34.84634,54.136293],[34.849653,54.144179],[34.847057,54.143402],[34.831804,54.154903],[34.820586,54.156116],[34.813814,54.151566],[34.812103,54.148444],[34.807354,54.144911],[34.796363,54.143627],[34.794184,54.157739],[34.787613,54.154258],[34.782824,54.153754],[34.782824,54.145676],[34.777789,54.14381],[34.755225,54.143755],[34.744223,54.142335],[34.733967,54.1431],[34.721287,54.13884],[34.715599,54.141844],[34.705901,54.14331],[34.699955,54.139878],[34.695553,54.134197],[34.683992,54.134688],[34.682593,54.132012],[34.667488,54.133487],[34.663013,54.13152],[34.656859,54.132176],[34.645764,54.139058],[34.649867,54.143755],[34.650706,54.147032],[34.661055,54.151892],[34.659314,54.154664],[34.659284,54.15828],[34.656207,54.161228],[34.650889,54.161135],[34.648282,54.159591],[34.644086,54.160628],[34.642074,54.163181],[34.636815,54.164298],[34.626039,54.165195],[34.618497,54.164335],[34.614871,54.166535],[34.608816,54.167729],[34.599603,54.16729],[34.596147,54.166458],[34.597861,54.164297],[34.592125,54.157425],[34.580719,54.154839],[34.572149,54.16171],[34.56938,54.168427],[34.570237,54.175643],[34.561138,54.181354],[34.562193,54.181971],[34.56127,54.183244],[34.547162,54.190497],[34.540371,54.186948],[34.534635,54.185984],[34.530086,54.187488],[34.518746,54.197401],[34.513142,54.1996],[34.511428,54.202338],[34.498704,54.202492],[34.493662,54.204526],[34.483606,54.205654],[34.476288,54.211476],[34.455102,54.207537],[34.454271,54.211006],[34.458244,54.213849],[34.45709,54.214251],[34.457181,54.216104],[34.453185,54.216714],[34.454387,54.218709],[34.452783,54.219322],[34.452739,54.221474],[34.447015,54.221114],[34.435939,54.236183],[34.443257,54.246662],[34.437983,54.253172],[34.410029,54.245737],[34.392251,54.249837],[34.393463,54.25139],[34.379444,54.255309],[34.372439,54.255233],[34.359422,54.252379],[34.338033,54.251608],[34.334289,54.247822],[34.325073,54.242292],[34.328337,54.233704],[34.327311,54.231121],[34.316747,54.225305],[34.303289,54.226341],[34.279582,54.222645],[34.267944,54.227069],[34.264209,54.234432],[34.261193,54.251203],[34.228583,54.246775],[34.214709,54.239917],[34.198412,54.23764],[34.180594,54.229531],[34.186771,54.225698],[34.171804,54.220837],[34.16729,54.224893],[34.141331,54.215883],[34.134394,54.228619],[34.104384,54.232421],[34.09768,54.235384],[34.086331,54.232383],[34.084467,54.233931],[34.079496,54.233778],[34.063864,54.226954],[34.057421,54.227738],[34.060019,54.232727],[34.056042,54.236349],[34.031992,54.222561],[34.037357,54.219533],[34.036802,54.218505],[34.020462,54.215303]]]}},{"type":"Feature","id":"81995-1337","properties":{"id":"81995-1337","name":"Людиновский район","name_ru":"Людиновский район","subject_id":"81995","subject_name":"Калужская область","source_gid":1337,"source_fid":1447,"names_rosstat":"Людиновский муниципальный район","population":37777,"area_km2":954.0352574307668,"density_km2":39.59706908708395,"source":"Актуализированный объединённый GeoJSON, предоставленный преподавателем","name_en":"Liudinovskii District","name_zh":"Liudinovskii区","subject_name_en":"Kaluga Oblast","subject_name_zh":"卡卢加州"},"geometry":{"type":"Polygon","coordinates":[[[34.103289,53.926249],[34.110993,53.918456],[34.125455,53.914225],[34.133301,53.909298],[34.132828,53.905773],[34.130938,53.903866],[34.111702,53.893534],[34.110847,53.892115],[34.114814,53.886894],[34.132425,53.88697],[34.158227,53.893467],[34.178789,53.902786],[34.18062,53.900824],[34.201182,53.912152],[34.204595,53.91024],[34.22499,53.88601],[34.229152,53.873938],[34.232981,53.867361],[34.227645,53.839433],[34.231982,53.835689],[34.242586,53.83533],[34.253358,53.830293],[34.269016,53.831127],[34.271488,53.826437],[34.265307,53.822164],[34.264189,53.813997],[34.266838,53.814206],[34.266485,53.81716],[34.270841,53.822407],[34.285144,53.828487],[34.291796,53.825985],[34.299213,53.810835],[34.302921,53.80722],[34.307453,53.807185],[34.307983,53.80131],[34.321404,53.79992],[34.321522,53.79321],[34.337885,53.78389],[34.355956,53.767889],[34.349013,53.750962],[34.356722,53.741753],[34.35784,53.735799],[34.369201,53.732143],[34.392039,53.732108],[34.40652,53.733571],[34.408655,53.738323],[34.406901,53.742956],[34.401811,53.747697],[34.499979,53.751],[34.497731,53.753304],[34.518184,53.761169],[34.516449,53.764683],[34.523184,53.771544],[34.527245,53.772058],[34.533406,53.7689],[34.547181,53.76838],[34.550613,53.783635],[34.559697,53.785342],[34.584201,53.785425],[34.584171,53.80629],[34.602149,53.806445],[34.611495,53.80836],[34.616483,53.810749],[34.617416,53.815878],[34.627588,53.824133],[34.626265,53.825208],[34.626709,53.829084],[34.638528,53.833202],[34.653009,53.833654],[34.654304,53.838119],[34.659528,53.837974],[34.665291,53.848724],[34.684004,53.853762],[34.691449,53.853196],[34.697405,53.870605],[34.696837,53.881769],[34.705562,53.894864],[34.710127,53.894076],[34.710659,53.89218],[34.713913,53.891416],[34.717344,53.887612],[34.725562,53.88651],[34.729382,53.884297],[34.731058,53.884855],[34.738311,53.879871],[34.747442,53.878931],[34.749673,53.876763],[34.760885,53.875293],[34.764215,53.876236],[34.764325,53.874534],[34.769937,53.872603],[34.778461,53.873395],[34.782903,53.872405],[34.794531,53.866479],[34.796124,53.866803],[34.799117,53.869971],[34.799699,53.873627],[34.797176,53.876235],[34.80786,53.877548],[34.806777,53.880744],[34.8075,53.885644],[34.795207,53.890677],[34.792725,53.889354],[34.791055,53.890786],[34.787604,53.890615],[34.786127,53.892588],[34.785317,53.896081],[34.792346,53.897168],[34.788282,53.919295],[34.801446,53.927473],[34.80728,53.928234],[34.815707,53.931689],[34.817703,53.938924],[34.812135,53.943477],[34.800069,53.945778],[34.790519,53.951159],[34.775331,53.951761],[34.769613,53.94999],[34.761738,53.954085],[34.734775,53.951898],[34.715344,53.946288],[34.717606,53.949007],[34.720065,53.959703],[34.719454,53.969729],[34.723737,53.9686],[34.7588,53.985042],[34.762436,53.994957],[34.759876,53.999021],[34.767344,54.002064],[34.766745,54.00413],[34.77347,54.00517],[34.77526,54.004344],[34.774356,54.003685],[34.791023,54.001251],[34.795693,53.999031],[34.79842,54.000434],[34.80323,53.998099],[34.801196,53.995774],[34.801738,53.994048],[34.811095,53.992164],[34.823226,54.000909],[34.829661,54.009639],[34.827741,54.015699],[34.81885,54.015677],[34.811031,54.018393],[34.808802,54.022509],[34.806081,54.037113],[34.796362,54.037657],[34.78749,54.045478],[34.766325,54.046046],[34.757524,54.033672],[34.737719,54.03022],[34.72131,54.029122],[34.716182,54.027208],[34.696661,54.028801],[34.696703,54.031206],[34.678062,54.032834],[34.672005,54.038496],[34.671962,54.045735],[34.676015,54.053023],[34.672411,54.055685],[34.670921,54.054811],[34.656109,54.056045],[34.649226,54.055326],[34.647989,54.053874],[34.640245,54.055788],[34.63766,54.054631],[34.633672,54.055994],[34.626703,54.054275],[34.624101,54.054175],[34.623845,54.055201],[34.620347,54.053849],[34.620816,54.052522],[34.615612,54.052923],[34.616721,54.049517],[34.608447,54.047497],[34.603144,54.049298],[34.603407,54.04796],[34.598915,54.047548],[34.594161,54.049465],[34.586316,54.046725],[34.580948,54.047749],[34.579497,54.046813],[34.577007,54.054425],[34.54736,54.046286],[34.523137,54.047482],[34.519127,54.044426],[34.523636,54.033999],[34.525663,54.034074],[34.523497,54.03329],[34.518457,54.034574],[34.519592,54.033732],[34.514562,54.034124],[34.510554,54.032622],[34.506975,54.033399],[34.508032,54.031891],[34.504324,54.030948],[34.504936,54.029849],[34.498314,54.02857],[34.497473,54.027454],[34.501206,54.026629],[34.50104,54.025346],[34.492779,54.018532],[34.489953,54.019076],[34.491397,54.036677],[34.475132,54.03747],[34.476247,54.047125],[34.443065,54.049504],[34.444707,54.046862],[34.436258,54.037539],[34.435553,54.024881],[34.437115,54.009486],[34.42375,54.008217],[34.426528,54.003888],[34.397167,54.004648],[34.398285,54.006664],[34.397637,54.012585],[34.394225,54.012974],[34.391226,54.006127],[34.372511,54.010053],[34.374296,54.011468],[34.386753,54.013884],[34.387002,54.018226],[34.384167,54.02123],[34.382382,54.02079],[34.381177,54.02362],[34.37124,54.033948],[34.366601,54.036741],[34.356224,54.038463],[34.352546,54.041021],[34.340118,54.034913],[34.333247,54.034258],[34.336066,54.030637],[34.353392,54.024923],[34.376227,54.024829],[34.382304,54.019362],[34.385578,54.018723],[34.3864,54.016972],[34.381012,54.016645],[34.376331,54.014242],[34.358832,54.018209],[34.346261,54.017759],[34.343153,54.014276],[34.337186,54.012537],[34.335167,54.004476],[34.320898,53.991359],[34.281143,54.004096],[34.279381,53.998816],[34.282141,53.997504],[34.277679,53.993465],[34.271102,53.994225],[34.26705,53.989668],[34.263115,53.988045],[34.281378,53.987803],[34.280245,53.969428],[34.266709,53.970283],[34.26048,53.964836],[34.257574,53.970625],[34.244951,53.97043],[34.198736,53.967841],[34.180923,53.962467],[34.155666,53.962739],[34.156601,53.953942],[34.164258,53.951884],[34.180563,53.952802],[34.191528,53.955944],[34.200981,53.955972],[34.204384,53.944207],[34.190441,53.942399],[34.186708,53.949158],[34.1713,53.94735],[34.173474,53.932466],[34.17735,53.929823],[34.131363,53.931926],[34.128764,53.939661],[34.103809,53.934263],[34.10499,53.929366],[34.103289,53.926249]]]}},{"type":"Feature","id":"81995-1338","properties":{"id":"81995-1338","name":"городской округ Калуга","name_ru":"городской округ Калуга","subject_id":"81995","subject_name":"Калужская область","source_gid":1338,"source_fid":1448,"names_rosstat":"Городской округ город Калуга","population":346436,"area_km2":547.2291973408368,"density_km2":633.07294582132,"source":"Актуализированный объединённый GeoJSON, предоставленный преподавателем","name_en":"Kaluga Urban Okrug","name_zh":"Kaluga城市辖区","subject_name_en":"Kaluga Oblast","subject_name_zh":"卡卢加州"},"geometry":{"type":"Polygon","coordinates":[[[36.204139,54.386204],[36.208835,54.385061],[36.210158,54.382955],[36.219686,54.383438],[36.217974,54.378735],[36.21181,54.378242],[36.210838,54.371062],[36.207914,54.369142],[36.201055,54.369677],[36.206378,54.364741],[36.208958,54.359149],[36.204205,54.359466],[36.199208,54.362968],[36.195478,54.363538],[36.196326,54.367232],[36.190851,54.373375],[36.192785,54.375056],[36.19209,54.376616],[36.175437,54.385065],[36.174886,54.387249],[36.177885,54.393878],[36.177032,54.395129],[36.165861,54.394243],[36.16247,54.395137],[36.163502,54.397553],[36.175473,54.403042],[36.176733,54.404967],[36.175785,54.406077],[36.150295,54.417828],[36.126975,54.424012],[36.112069,54.426425],[36.109232,54.432708],[36.110615,54.44125],[36.113619,54.447509],[36.118044,54.450736],[36.118979,54.456365],[36.082136,54.457122],[36.071155,54.46416],[36.095019,54.469311],[36.095153,54.473114],[36.072208,54.470502],[36.070779,54.473486],[36.067398,54.474647],[36.071468,54.477048],[36.071756,54.481672],[36.067234,54.479231],[36.065499,54.479995],[36.07675,54.487814],[36.068008,54.490415],[36.054427,54.490059],[36.053468,54.489369],[36.054512,54.48722],[36.043222,54.483405],[36.033577,54.492952],[36.031909,54.502953],[36.029787,54.505505],[36.028521,54.501398],[36.015519,54.500327],[36.011113,54.498443],[36.00933,54.499501],[35.999012,54.498607],[35.999716,54.502949],[35.998485,54.507572],[35.995111,54.509009],[35.995625,54.511887],[35.988456,54.522713],[35.982034,54.522662],[35.973307,54.520218],[35.985051,54.527071],[35.997739,54.52794],[35.987987,54.528921],[36.00085,54.536608],[36.005393,54.534281],[36.00953,54.536726],[36.016212,54.537714],[36.015431,54.53617],[36.019683,54.537682],[36.022624,54.535995],[36.026365,54.536458],[36.02878,54.528597],[36.03237,54.529474],[36.036233,54.523559],[36.070237,54.526818],[36.069802,54.532706],[36.059598,54.537311],[36.06073,54.54314],[36.059268,54.546471],[36.04131,54.560068],[36.045065,54.562379],[36.048653,54.558476],[36.056117,54.558352],[36.063191,54.56132],[36.076108,54.556342],[36.076816,54.566196],[36.061592,54.566601],[36.053194,54.56861],[36.061763,54.575342],[36.077184,54.574936],[36.078472,54.591483],[36.142191,54.59177],[36.143837,54.597214],[36.137672,54.60928],[36.135884,54.621855],[36.137454,54.627118],[36.140381,54.630114],[36.136337,54.634012],[36.137408,54.634392],[36.132287,54.641759],[36.134564,54.643972],[36.137765,54.643377],[36.143604,54.648647],[36.155822,54.652748],[36.160392,54.659055],[36.159467,54.659694],[36.168478,54.663064],[36.175162,54.668007],[36.176851,54.671972],[36.175939,54.675267],[36.178443,54.67531],[36.17943,54.673876],[36.179909,54.670272],[36.178103,54.66773],[36.189354,54.669592],[36.190244,54.670693],[36.188993,54.671368],[36.181824,54.670889],[36.181447,54.673838],[36.184373,54.678193],[36.190138,54.676015],[36.197232,54.676656],[36.203574,54.683044],[36.211039,54.678987],[36.208309,54.677522],[36.213794,54.674219],[36.225956,54.674641],[36.228504,54.682846],[36.226627,54.684762],[36.223689,54.693214],[36.227373,54.705758],[36.230014,54.710293],[36.229313,54.711201],[36.241015,54.712256],[36.240412,54.711239],[36.244002,54.709758],[36.244048,54.707508],[36.252234,54.70587],[36.260354,54.709347],[36.257571,54.720763],[36.263396,54.719843],[36.270709,54.716952],[36.267224,54.714599],[36.268899,54.713893],[36.289792,54.714816],[36.289634,54.707731],[36.291378,54.70318],[36.295663,54.700267],[36.300407,54.692735],[36.306839,54.696188],[36.311889,54.69384],[36.320331,54.695305],[36.322964,54.698601],[36.325772,54.697251],[36.331247,54.697234],[36.332709,54.692236],[36.342142,54.692094],[36.350721,54.699731],[36.355402,54.698678],[36.354053,54.697326],[36.359398,54.698814],[36.356993,54.700569],[36.358347,54.70385],[36.369218,54.704307],[36.371496,54.708945],[36.371099,54.711246],[36.368662,54.712729],[36.361229,54.710929],[36.360166,54.712281],[36.355175,54.711919],[36.360031,54.714208],[36.359683,54.715962],[36.361775,54.716922],[36.361988,54.718438],[36.371684,54.72076],[36.370264,54.724092],[36.372415,54.725077],[36.378582,54.723466],[36.37962,54.719426],[36.391464,54.718117],[36.392209,54.715647],[36.399395,54.715937],[36.39723,54.711266],[36.408901,54.708165],[36.416693,54.708995],[36.413957,54.716557],[36.421731,54.716607],[36.42322,54.718417],[36.422545,54.716577],[36.427013,54.709615],[36.417922,54.706454],[36.4191,54.705303],[36.418805,54.701402],[36.414026,54.700141],[36.405265,54.702892],[36.400399,54.699881],[36.404659,54.69877],[36.402789,54.696559],[36.403949,54.695308],[36.398945,54.691236],[36.401283,54.688502],[36.399825,54.68693],[36.403597,54.682131],[36.40223,54.680539],[36.402288,54.671994],[36.390884,54.672426],[36.39516,54.669673],[36.396799,54.665175],[36.392009,54.658697],[36.397459,54.653362],[36.396654,54.649261],[36.390079,54.646388],[36.39581,54.64122],[36.384435,54.641287],[36.38139,54.642988],[36.379664,54.6414],[36.372954,54.641198],[36.372653,54.638049],[36.368803,54.639694],[36.364222,54.639564],[36.363754,54.635769],[36.353873,54.630361],[36.358131,54.627824],[36.363251,54.628916],[36.363502,54.625109],[36.356582,54.625097],[36.352865,54.620119],[36.34791,54.620811],[36.34956,54.616546],[36.343924,54.615966],[36.345803,54.612726],[36.344568,54.607683],[36.350794,54.606944],[36.354895,54.601717],[36.355142,54.598317],[36.358337,54.595655],[36.342188,54.591585],[36.351927,54.587844],[36.351526,54.589548],[36.35345,54.590387],[36.361881,54.591548],[36.362321,54.590178],[36.372253,54.588046],[36.388846,54.586004],[36.387309,54.585226],[36.391057,54.582118],[36.393436,54.583412],[36.391752,54.580994],[36.396968,54.577992],[36.400592,54.573526],[36.399505,54.569766],[36.402736,54.570089],[36.400706,54.569766],[36.401196,54.568508],[36.399292,54.567522],[36.404307,54.56315],[36.39724,54.561792],[36.39146,54.55881],[36.386097,54.567144],[36.382648,54.579428],[36.379729,54.578071],[36.378004,54.578793],[36.377761,54.58051],[36.374522,54.580516],[36.373278,54.58216],[36.374733,54.577535],[36.37326,54.57945],[36.369069,54.577657],[36.366482,54.574757],[36.367147,54.572831],[36.3641,54.565696],[36.365742,54.560446],[36.375628,54.563757],[36.375192,54.565479],[36.379739,54.566668],[36.381666,54.564968],[36.384201,54.560515],[36.377061,54.560062],[36.378085,54.559336],[36.376389,54.559109],[36.376996,54.558384],[36.374656,54.555918],[36.375282,54.549217],[36.391835,54.536434],[36.394572,54.536136],[36.394551,54.53509],[36.398628,54.535414],[36.395237,54.534318],[36.397758,54.531931],[36.384015,54.529047],[36.379339,54.524055],[36.379564,54.521409],[36.376909,54.518531],[36.379289,54.519328],[36.384715,54.517475],[36.383981,54.512553],[36.380185,54.512185],[36.379903,54.509408],[36.37626,54.512617],[36.368845,54.509525],[36.3689,54.510998],[36.36034,54.510479],[36.359857,54.508228],[36.350013,54.509038],[36.341499,54.504278],[36.340915,54.50333],[36.342995,54.502081],[36.339989,54.501511],[36.340618,54.500092],[36.339053,54.499615],[36.337263,54.496018],[36.353615,54.489399],[36.37081,54.474955],[36.375938,54.468803],[36.376032,54.456407],[36.373117,54.457045],[36.373273,54.455596],[36.368893,54.454177],[36.36281,54.455578],[36.3587,54.453904],[36.34317,54.455317],[36.340843,54.453349],[36.342406,54.450736],[36.334163,54.446393],[36.332059,54.447748],[36.293251,54.445369],[36.29398,54.438834],[36.27831,54.442956],[36.272818,54.432895],[36.262613,54.432247],[36.264489,54.431016],[36.261694,54.427026],[36.253988,54.426723],[36.246803,54.42288],[36.222657,54.420504],[36.217115,54.423643],[36.210529,54.422564],[36.205737,54.423452],[36.186145,54.429569],[36.179102,54.427818],[36.177829,54.425218],[36.179122,54.423448],[36.174352,54.420141],[36.173952,54.417802],[36.169778,54.415701],[36.178146,54.408529],[36.189051,54.411579],[36.199511,54.412103],[36.206099,54.389502],[36.204139,54.386204]]]}},{"type":"Feature","id":"81995-1366","properties":{"id":"81995-1366","name":"городской округ Обнинск","name_ru":"городской округ Обнинск","subject_id":"81995","subject_name":"Калужская область","source_gid":1366,"source_fid":1476,"names_rosstat":"Городской округ город Обнинск","population":132965,"area_km2":43.96876713273199,"density_km2":3024.0784236366703,"source":"Актуализированный объединённый GeoJSON, предоставленный преподавателем","name_en":"Obninsk Urban Okrug","name_zh":"Obninsk城市辖区","subject_name_en":"Kaluga Oblast","subject_name_zh":"卡卢加州"},"geometry":{"type":"Polygon","coordinates":[[[36.537217,55.102679],[36.547538,55.102511],[36.554478,55.105834],[36.555076,55.107384],[36.568229,55.108427],[36.573493,55.104921],[36.578997,55.097368],[36.578986,55.092289],[36.575156,55.088432],[36.565872,55.091235],[36.558353,55.090455],[36.556552,55.085037],[36.559132,55.080626],[36.56367,55.077616],[36.573834,55.077605],[36.586403,55.074952],[36.578598,55.068824],[36.57884,55.062146],[36.576756,55.060002],[36.580872,55.059298],[36.584191,55.061436],[36.580298,55.063719],[36.597857,55.057337],[36.614895,55.053051],[36.619659,55.057021],[36.627196,55.055914],[36.628103,55.057943],[36.63271,55.05726],[36.63523,55.062989],[36.627878,55.064245],[36.628775,55.066225],[36.617902,55.065486],[36.613713,55.066556],[36.609387,55.070239],[36.606186,55.06891],[36.604784,55.070167],[36.612476,55.073316],[36.616573,55.080997],[36.620018,55.082003],[36.625493,55.077981],[36.632634,55.079952],[36.642784,55.102364],[36.64547,55.100642],[36.647413,55.102762],[36.657633,55.099397],[36.663587,55.099041],[36.664016,55.102202],[36.666559,55.103737],[36.659636,55.105514],[36.66041,55.108499],[36.658398,55.109381],[36.659998,55.11061],[36.651851,55.112545],[36.650821,55.111731],[36.645761,55.114118],[36.647931,55.117669],[36.651209,55.119374],[36.64898,55.120322],[36.648808,55.122698],[36.653605,55.132021],[36.657684,55.141403],[36.649615,55.142692],[36.651479,55.136297],[36.654166,55.133978],[36.65351,55.132229],[36.651152,55.132505],[36.648517,55.137122],[36.643302,55.137734],[36.643403,55.134197],[36.63909,55.129506],[36.632802,55.131036],[36.630859,55.126714],[36.626619,55.125569],[36.62162,55.126384],[36.624706,55.133164],[36.623837,55.134911],[36.615672,55.137249],[36.615726,55.139658],[36.619084,55.141254],[36.602631,55.146425],[36.592582,55.137997],[36.559212,55.138643],[36.55287,55.133282],[36.553122,55.132252],[36.556299,55.132046],[36.553661,55.131548],[36.554412,55.126503],[36.544517,55.126323],[36.544223,55.1224],[36.545592,55.121337],[36.543339,55.121095],[36.546683,55.114995],[36.537217,55.102679]]]}},{"type":"Feature","id":"81995-1547","properties":{"id":"81995-1547","name":"Сухиничский район","name_ru":"Сухиничский район","subject_id":"81995","subject_name":"Калужская область","source_gid":1547,"source_fid":1657,"names_rosstat":"Сухиничский муниципальный район","population":22017,"area_km2":1232.5507763869316,"density_km2":17.86295576766426,"source":"Актуализированный объединённый GeoJSON, предоставленный преподавателем","name_en":"Sukhinichskii District","name_zh":"Sukhinichskii区","subject_name_en":"Kaluga Oblast","subject_name_zh":"卡卢加州"},"geometry":{"type":"Polygon","coordinates":[[[34.716054,54.218916],[34.718443,54.216069],[34.726353,54.213488],[34.736507,54.20755],[34.737636,54.205323],[34.734602,54.204059],[34.73514,54.202734],[34.731163,54.201608],[34.741742,54.195715],[34.758369,54.202348],[34.777884,54.205456],[34.784691,54.208543],[34.800917,54.208357],[34.802172,54.203816],[34.807164,54.197503],[34.812531,54.193877],[34.815317,54.194777],[34.810209,54.181711],[34.795472,54.170454],[34.793938,54.158972],[34.796363,54.143627],[34.807354,54.144911],[34.812103,54.148444],[34.813814,54.151566],[34.820586,54.156116],[34.831804,54.154903],[34.847057,54.143402],[34.856384,54.148759],[34.871388,54.152482],[34.889932,54.160629],[34.896695,54.158004],[34.918239,54.155399],[34.930841,54.151587],[34.935533,54.152412],[34.958438,54.146474],[34.967528,54.145811],[34.969518,54.143781],[34.978789,54.140352],[34.979784,54.137744],[34.995809,54.135723],[35.008094,54.127214],[35.006293,54.125228],[34.995379,54.121205],[34.992233,54.117157],[35.006649,54.11505],[35.009763,54.111809],[35.018195,54.109951],[35.028557,54.108964],[35.040861,54.11052],[35.051284,54.106282],[35.058893,54.112089],[35.070239,54.114956],[35.082853,54.110319],[35.082344,54.107883],[35.085484,54.10514],[35.102023,54.10011],[35.103755,54.093425],[35.086508,54.088472],[35.089196,54.085317],[35.088179,54.081661],[35.091009,54.079682],[35.09192,54.07711],[35.109499,54.065376],[35.115211,54.066198],[35.121173,54.064653],[35.125199,54.057163],[35.121457,54.052501],[35.122994,54.048668],[35.122262,54.047451],[35.126761,54.041694],[35.138439,54.045588],[35.154214,54.047238],[35.156101,54.050727],[35.155077,54.051836],[35.148691,54.051484],[35.14792,54.052667],[35.160507,54.058174],[35.161323,54.056174],[35.171713,54.055109],[35.177217,54.056021],[35.180507,54.053653],[35.184488,54.054514],[35.184824,54.051137],[35.188516,54.051273],[35.19045,54.048408],[35.186399,54.044215],[35.194464,54.040863],[35.191086,54.037902],[35.194452,54.036978],[35.186419,54.030536],[35.185027,54.023185],[35.181881,54.02075],[35.184485,54.019686],[35.187427,54.02074],[35.204645,54.029202],[35.213802,54.028648],[35.222504,54.03114],[35.225189,54.02797],[35.222332,54.026162],[35.222716,54.024928],[35.212971,54.021949],[35.225437,54.019066],[35.233731,54.019117],[35.237807,54.016223],[35.244955,54.014278],[35.242364,54.006893],[35.248028,54.005608],[35.247111,54.004814],[35.24064,54.000848],[35.2234,53.999545],[35.21525,53.995596],[35.220165,53.992576],[35.228966,53.991745],[35.227168,53.977101],[35.223257,53.970602],[35.231116,53.97377],[35.244446,53.971533],[35.251772,53.971988],[35.255195,53.970498],[35.25819,53.971634],[35.277368,53.970138],[35.284921,53.956318],[35.292406,53.956598],[35.29448,53.954201],[35.294342,53.951892],[35.298434,53.950119],[35.296041,53.949089],[35.297435,53.947921],[35.296717,53.94717],[35.300062,53.94668],[35.295276,53.9458],[35.307119,53.929652],[35.303701,53.927494],[35.308707,53.925869],[35.312092,53.928434],[35.314599,53.926914],[35.299033,53.916298],[35.300588,53.914172],[35.292781,53.910132],[35.305933,53.899976],[35.309124,53.90194],[35.306992,53.912253],[35.313679,53.918331],[35.320177,53.921858],[35.324288,53.919416],[35.32906,53.918831],[35.329918,53.919921],[35.330375,53.918321],[35.338406,53.913767],[35.33845,53.911725],[35.343438,53.911013],[35.344778,53.909096],[35.326964,53.907119],[35.331131,53.901911],[35.3478,53.899358],[35.345368,53.899242],[35.343827,53.897387],[35.355699,53.896652],[35.338712,53.885083],[35.332763,53.87948],[35.326528,53.876839],[35.327175,53.875119],[35.331462,53.87421],[35.331087,53.873085],[35.333023,53.874263],[35.333419,53.872518],[35.33575,53.873085],[35.336071,53.872011],[35.333888,53.871134],[35.334045,53.869095],[35.33945,53.870049],[35.340812,53.867734],[35.345641,53.873158],[35.350926,53.883725],[35.356402,53.88735],[35.362238,53.883833],[35.366517,53.88341],[35.370637,53.884423],[35.371111,53.887811],[35.378451,53.887536],[35.379267,53.886576],[35.375417,53.883373],[35.378216,53.882911],[35.379086,53.880831],[35.374737,53.877516],[35.370868,53.878257],[35.369937,53.876096],[35.365765,53.876292],[35.366663,53.87471],[35.368363,53.873],[35.37409,53.874479],[35.389238,53.873328],[35.386144,53.870646],[35.387436,53.866785],[35.39561,53.86253],[35.407309,53.863837],[35.402703,53.871023],[35.405846,53.869628],[35.404382,53.868995],[35.405714,53.868021],[35.410974,53.871179],[35.410882,53.869231],[35.413711,53.868432],[35.415194,53.873361],[35.421297,53.871395],[35.422044,53.874249],[35.426362,53.875784],[35.431866,53.875116],[35.485245,53.88155],[35.475923,53.892275],[35.477109,53.892148],[35.478588,53.896108],[35.488171,53.902254],[35.485588,53.906748],[35.486744,53.909207],[35.489499,53.910173],[35.488955,53.912243],[35.493192,53.915632],[35.489539,53.917604],[35.489526,53.922448],[35.491051,53.924127],[35.495143,53.924277],[35.490139,53.935781],[35.49309,53.938341],[35.490366,53.940777],[35.494804,53.942712],[35.48418,53.946863],[35.484364,53.948786],[35.480676,53.951008],[35.484834,53.953151],[35.48615,53.956722],[35.499661,53.956117],[35.501879,53.960285],[35.504702,53.959672],[35.506465,53.962977],[35.511363,53.964471],[35.513578,53.966651],[35.513371,53.971902],[35.516298,53.973386],[35.512732,53.9771],[35.514994,53.97804],[35.540041,53.975764],[35.541095,53.97297],[35.546783,53.973289],[35.555206,53.970329],[35.561553,53.970171],[35.562392,53.974006],[35.566345,53.97618],[35.565925,53.978333],[35.556303,53.984019],[35.548709,53.982824],[35.542416,53.986695],[35.552736,53.991442],[35.56021,53.993136],[35.558742,54.000665],[35.564009,54.000277],[35.563151,54.001919],[35.567788,54.003561],[35.565753,54.004699],[35.569903,54.006646],[35.562568,54.012728],[35.563478,54.014877],[35.554852,54.016112],[35.555701,54.018125],[35.552862,54.02021],[35.555112,54.021491],[35.557346,54.020581],[35.560672,54.024281],[35.55003,54.025231],[35.539966,54.028885],[35.530054,54.034738],[35.531914,54.036503],[35.531611,54.04014],[35.539375,54.044945],[35.536654,54.047021],[35.543179,54.051511],[35.595068,54.053814],[35.597878,54.052553],[35.607811,54.052299],[35.622274,54.06045],[35.624104,54.064365],[35.622757,54.066644],[35.60343,54.067509],[35.597197,54.073194],[35.597251,54.077164],[35.599684,54.079872],[35.589044,54.081697],[35.58952,54.088353],[35.591943,54.087792],[35.595103,54.091489],[35.594174,54.09741],[35.589623,54.09742],[35.58434,54.099454],[35.566855,54.11501],[35.550044,54.122978],[35.557058,54.136886],[35.55353,54.138043],[35.555124,54.139749],[35.554508,54.142912],[35.557899,54.145954],[35.556519,54.147726],[35.565835,54.146802],[35.568571,54.144062],[35.563204,54.142607],[35.564049,54.141421],[35.574738,54.138583],[35.579168,54.144782],[35.574886,54.146954],[35.581655,54.151212],[35.575349,54.166607],[35.578686,54.167094],[35.581227,54.171211],[35.597761,54.169921],[35.608798,54.183744],[35.618865,54.187774],[35.602115,54.191188],[35.601505,54.19498],[35.596616,54.193577],[35.593561,54.194794],[35.580943,54.192984],[35.580459,54.194614],[35.569318,54.200964],[35.559996,54.204374],[35.554351,54.208105],[35.554475,54.210718],[35.548994,54.21457],[35.539855,54.209667],[35.536724,54.20578],[35.525831,54.207698],[35.524566,54.206103],[35.508663,54.209243],[35.505269,54.214725],[35.496046,54.21739],[35.472919,54.219938],[35.468242,54.223567],[35.45625,54.225596],[35.456543,54.22934],[35.458147,54.230947],[35.455484,54.233544],[35.42539,54.22721],[35.428825,54.223735],[35.394602,54.215678],[35.369134,54.200023],[35.365789,54.19994],[35.36316,54.206894],[35.36666,54.211153],[35.34538,54.221243],[35.320953,54.225969],[35.31784,54.230184],[35.298597,54.227833],[35.2887,54.229098],[35.274905,54.216767],[35.269734,54.219061],[35.269275,54.217589],[35.265626,54.216543],[35.265728,54.218615],[35.246685,54.221508],[35.230872,54.220137],[35.221728,54.201137],[35.222201,54.19742],[35.198117,54.187002],[35.194663,54.189023],[35.196877,54.196688],[35.194206,54.199948],[35.174342,54.199067],[35.171592,54.203584],[35.162598,54.203857],[35.14172,54.210966],[35.139615,54.210559],[35.129273,54.216078],[35.113752,54.232655],[35.119207,54.240006],[35.116815,54.24101],[35.115162,54.243934],[35.109684,54.241237],[35.103899,54.247506],[35.104899,54.247889],[35.097356,54.250267],[35.098147,54.252749],[35.094468,54.254149],[35.09502,54.255504],[35.085428,54.260672],[35.076161,54.256626],[35.073182,54.256481],[35.069716,54.257515],[35.068429,54.259492],[35.06566,54.259674],[35.061702,54.257947],[35.038478,54.254463],[35.02842,54.243368],[35.026536,54.236698],[35.008117,54.229819],[35.018921,54.227338],[35.006129,54.22241],[35.001056,54.218587],[34.976954,54.223937],[34.976097,54.224546],[34.988301,54.234064],[34.961293,54.244992],[34.951617,54.251028],[34.976068,54.265816],[34.970362,54.269431],[34.964193,54.270423],[34.958642,54.276432],[34.96625,54.278909],[34.964373,54.285119],[34.961278,54.288603],[34.942095,54.293245],[34.943415,54.295426],[34.942403,54.297199],[34.944181,54.2974],[34.940939,54.300638],[34.941238,54.301969],[34.935991,54.299715],[34.930809,54.300582],[34.930486,54.307127],[34.925012,54.305411],[34.920696,54.311505],[34.917434,54.311019],[34.914509,54.306013],[34.906511,54.307003],[34.902865,54.306157],[34.899337,54.300028],[34.885177,54.290086],[34.879164,54.289254],[34.872922,54.293238],[34.872438,54.297145],[34.874065,54.303554],[34.871176,54.307047],[34.874225,54.31713],[34.874397,54.326625],[34.871238,54.326777],[34.852544,54.325809],[34.833451,54.321111],[34.826245,54.31556],[34.835758,54.311617],[34.828326,54.308803],[34.820639,54.30306],[34.82757,54.300926],[34.839438,54.306575],[34.844854,54.303652],[34.833802,54.298368],[34.83297,54.292871],[34.819333,54.293065],[34.813422,54.302116],[34.816581,54.304505],[34.817392,54.3071],[34.811826,54.308959],[34.789549,54.313324],[34.786134,54.309284],[34.783734,54.30986],[34.777629,54.306227],[34.77902,54.304234],[34.775637,54.304468],[34.774552,54.299315],[34.778239,54.296209],[34.796399,54.29177],[34.796817,54.289642],[34.817713,54.289747],[34.821289,54.285814],[34.830558,54.288238],[34.830846,54.285908],[34.811609,54.279263],[34.81287,54.276885],[34.809621,54.275533],[34.812437,54.269826],[34.810519,54.267516],[34.811625,54.263095],[34.806874,54.261578],[34.798995,54.264571],[34.789996,54.259695],[34.774465,54.266533],[34.775442,54.269981],[34.774181,54.270138],[34.772713,54.267915],[34.760896,54.271288],[34.749601,54.266646],[34.732149,54.26712],[34.726283,54.258609],[34.721308,54.256552],[34.732207,54.250993],[34.732593,54.24848],[34.73077,54.246772],[34.742958,54.24097],[34.742228,54.239793],[34.74863,54.233357],[34.732814,54.22797],[34.725062,54.220535],[34.716054,54.218916]]]}},{"type":"Feature","id":"81995-1548","properties":{"id":"81995-1548","name":"Хвастовичский район","name_ru":"Хвастовичский район","subject_id":"81995","subject_name":"Калужская область","source_gid":1548,"source_fid":1658,"names_rosstat":"Хвастовичский муниципальный район","population":9714,"area_km2":1507.5078704223538,"density_km2":6.4437474527270355,"source":"Актуализированный объединённый GeoJSON, предоставленный преподавателем","name_en":"Khvastovichskii District","name_zh":"Khvastovichskii区","subject_name_en":"Kaluga Oblast","subject_name_zh":"卡卢加州"},"geometry":{"type":"MultiPolygon","coordinates":[[[[34.652021,53.416127],[34.657359,53.413174],[34.665593,53.414064],[34.670307,53.409624],[34.673935,53.380627],[34.682383,53.381462],[34.690654,53.378766],[34.701148,53.378399],[34.714941,53.381603],[34.733579,53.383332],[34.741238,53.380494],[34.749771,53.382111],[34.755967,53.381393],[34.767233,53.383919],[34.781577,53.380544],[34.795904,53.385585],[34.80513,53.386267],[34.809665,53.379739],[34.832551,53.377487],[34.839571,53.378468],[34.841377,53.383366],[34.846632,53.386393],[34.856818,53.387426],[34.857712,53.388926],[34.860738,53.389572],[34.861948,53.38487],[34.85977,53.382759],[34.860466,53.38077],[34.865471,53.378185],[34.865219,53.377022],[34.857791,53.375546],[34.860217,53.371586],[34.864669,53.370944],[34.8599,53.362124],[34.867414,53.361312],[34.870799,53.353358],[34.868365,53.348185],[34.863873,53.346919],[34.863119,53.344002],[34.856399,53.342865],[34.863909,53.341964],[34.871276,53.347606],[34.877205,53.344302],[34.906463,53.346195],[34.902728,53.368254],[34.895612,53.365836],[34.890677,53.366394],[34.891192,53.368114],[34.899145,53.373253],[34.905163,53.371851],[34.907414,53.373914],[34.911217,53.372891],[34.916002,53.374993],[34.920851,53.371676],[34.92627,53.37264],[34.930184,53.37148],[34.934981,53.373436],[34.9382,53.372691],[34.943327,53.375762],[34.954144,53.375534],[34.957268,53.374266],[34.962925,53.376404],[34.968278,53.374221],[34.982773,53.373791],[34.990448,53.369268],[35.001673,53.369984],[35.002538,53.368305],[35.009897,53.366804],[35.008304,53.364444],[35.010239,53.363314],[35.02158,53.362833],[35.02437,53.361404],[35.019,53.354878],[35.02391,53.350448],[35.02385,53.348663],[35.019671,53.345183],[35.023379,53.342481],[35.023905,53.337706],[35.025141,53.336883],[35.028274,53.3366],[35.030479,53.334486],[35.066726,53.333814],[35.066512,53.32492],[35.084294,53.324797],[35.082877,53.322026],[35.078908,53.320678],[35.079931,53.317026],[35.076208,53.313545],[35.07646,53.310663],[35.07453,53.308816],[35.077488,53.303218],[35.088959,53.296025],[35.095357,53.294901],[35.102744,53.29159],[35.107696,53.291944],[35.136677,53.279717],[35.145156,53.279487],[35.15408,53.277183],[35.160036,53.276907],[35.158068,53.281441],[35.166719,53.282714],[35.179103,53.282277],[35.179866,53.283647],[35.178536,53.285006],[35.187147,53.288369],[35.202005,53.290975],[35.199148,53.286379],[35.187199,53.281246],[35.192074,53.280219],[35.204721,53.282489],[35.238381,53.280351],[35.255724,53.289914],[35.248686,53.310487],[35.250877,53.3109],[35.249071,53.31575],[35.247444,53.319465],[35.239834,53.327471],[35.266824,53.31914],[35.306212,53.334766],[35.378812,53.334278],[35.383564,53.337393],[35.384162,53.397573],[35.414056,53.397583],[35.414289,53.406685],[35.426109,53.414185],[35.435809,53.415236],[35.450167,53.414009],[35.463784,53.418118],[35.462683,53.421226],[35.466348,53.4257],[35.465752,53.432907],[35.439237,53.43513],[35.436461,53.437284],[35.443081,53.440316],[35.440281,53.444232],[35.458065,53.445249],[35.478463,53.449774],[35.480272,53.445975],[35.494053,53.446348],[35.528502,53.443965],[35.544013,53.45684],[35.543938,53.447969],[35.533333,53.43788],[35.537282,53.435601],[35.532565,53.43571],[35.528826,53.430185],[35.522072,53.428809],[35.515039,53.429048],[35.507664,53.432196],[35.505039,53.431603],[35.50573,53.430339],[35.503637,53.426499],[35.500214,53.425499],[35.502297,53.424454],[35.50182,53.423672],[35.501566,53.422196],[35.503897,53.422161],[35.50203,53.423703],[35.505136,53.422552],[35.512616,53.424728],[35.513733,53.427185],[35.516835,53.42841],[35.521051,53.428306],[35.521825,53.42765],[35.519396,53.426385],[35.522356,53.426127],[35.528206,53.429024],[35.531137,53.428832],[35.535322,53.434149],[35.540211,53.434596],[35.543579,53.438591],[35.539584,53.440958],[35.543543,53.442628],[35.541255,53.444038],[35.544154,53.445401],[35.545664,53.448405],[35.551794,53.450888],[35.552166,53.452565],[35.555805,53.455094],[35.555037,53.459158],[35.555997,53.460941],[35.552362,53.464606],[35.553919,53.466071],[35.551971,53.465708],[35.5546,53.467395],[35.549216,53.467398],[35.548524,53.469492],[35.546927,53.469506],[35.550106,53.47114],[35.549403,53.47306],[35.552293,53.473649],[35.550979,53.475503],[35.55399,53.475445],[35.554531,53.477183],[35.556767,53.476476],[35.555899,53.479099],[35.557186,53.479458],[35.554596,53.480472],[35.556963,53.481394],[35.555728,53.482993],[35.55995,53.48284],[35.558207,53.483607],[35.55864,53.485316],[35.563575,53.487374],[35.567037,53.486978],[35.566302,53.487705],[35.567708,53.48887],[35.566013,53.489043],[35.567395,53.489692],[35.575733,53.490342],[35.575468,53.492548],[35.573428,53.492525],[35.579373,53.493349],[35.576059,53.495509],[35.579731,53.495676],[35.579482,53.497172],[35.584274,53.496752],[35.583393,53.498012],[35.580483,53.497583],[35.583127,53.498647],[35.585557,53.498266],[35.584529,53.500083],[35.580678,53.498959],[35.581412,53.503218],[35.578893,53.503019],[35.580195,53.506021],[35.578524,53.507512],[35.581097,53.507388],[35.581477,53.509856],[35.584611,53.511722],[35.58389,53.513361],[35.575805,53.517288],[35.563046,53.516926],[35.552656,53.512938],[35.540279,53.511866],[35.53565,53.514117],[35.538249,53.516192],[35.533927,53.519532],[35.533991,53.521153],[35.551124,53.52319],[35.557257,53.534955],[35.555473,53.535048],[35.553419,53.539969],[35.551573,53.539786],[35.55141,53.542645],[35.553266,53.543051],[35.545968,53.543902],[35.54428,53.545948],[35.546303,53.547168],[35.545471,53.550529],[35.549036,53.55295],[35.548686,53.554409],[35.527605,53.556273],[35.515646,53.552052],[35.510881,53.552188],[35.499856,53.552737],[35.49999,53.556213],[35.489222,53.556238],[35.48152,53.544937],[35.508542,53.538222],[35.512412,53.525945],[35.51074,53.523544],[35.478478,53.530065],[35.461797,53.539029],[35.458674,53.538978],[35.448445,53.533242],[35.445447,53.534468],[35.444163,53.537606],[35.444663,53.543349],[35.46172,53.55245],[35.453281,53.56256],[35.454656,53.566676],[35.464342,53.572124],[35.477043,53.568845],[35.491217,53.579811],[35.47349,53.582005],[35.472379,53.584198],[35.475813,53.587851],[35.476505,53.591081],[35.464707,53.588776],[35.449949,53.590059],[35.436538,53.588205],[35.428164,53.580117],[35.433658,53.576965],[35.359759,53.536957],[35.341479,53.537563],[35.336787,53.544439],[35.33512,53.54998],[35.337272,53.553348],[35.337082,53.558092],[35.338541,53.56107],[35.333162,53.561283],[35.330176,53.556143],[35.31785,53.556368],[35.319984,53.557078],[35.322488,53.562813],[35.33705,53.572304],[35.335642,53.573502],[35.337728,53.575153],[35.33819,53.581116],[35.340884,53.581877],[35.339746,53.582901],[35.340691,53.584113],[35.337408,53.585622],[35.339333,53.586421],[35.339158,53.589456],[35.335918,53.597703],[35.334064,53.598191],[35.335535,53.598749],[35.335418,53.602207],[35.331107,53.600468],[35.330752,53.601633],[35.325401,53.602048],[35.326642,53.603681],[35.322575,53.603641],[35.319771,53.605138],[35.324786,53.612045],[35.329165,53.613486],[35.330234,53.615165],[35.326777,53.615875],[35.331944,53.616256],[35.329894,53.617687],[35.332574,53.618417],[35.32771,53.618366],[35.332001,53.621109],[35.331029,53.622761],[35.328387,53.622981],[35.327415,53.625023],[35.327949,53.625837],[35.330628,53.62452],[35.330752,53.627381],[35.324756,53.635783],[35.324972,53.637606],[35.322078,53.639576],[35.319352,53.638913],[35.31846,53.641155],[35.320153,53.64566],[35.315187,53.643839],[35.313928,53.646982],[35.307062,53.646349],[35.307806,53.648441],[35.31019,53.648772],[35.308626,53.650829],[35.302942,53.648636],[35.305039,53.647318],[35.304607,53.645079],[35.291545,53.640514],[35.292175,53.639293],[35.289886,53.638818],[35.290229,53.636613],[35.285614,53.635414],[35.27953,53.639498],[35.269231,53.636943],[35.266141,53.638526],[35.258256,53.637159],[35.255289,53.640165],[35.259551,53.646337],[35.259227,53.649151],[35.254956,53.651327],[35.247861,53.653091],[35.24664,53.655035],[35.222761,53.656075],[35.205589,53.661892],[35.197216,53.67091],[35.191532,53.672797],[35.185467,53.676921],[35.176465,53.678807],[35.174443,53.681123],[35.174595,53.685912],[35.173375,53.687945],[35.164945,53.693095],[35.163266,53.698482],[35.164601,53.702129],[35.162847,53.705053],[35.166776,53.709704],[35.165593,53.711285],[35.160997,53.712109],[35.159757,53.714005],[35.160749,53.715156],[35.158727,53.717436],[35.15973,53.719465],[35.090734,53.717823],[35.09284,53.712559],[35.090864,53.707517],[35.091377,53.704713],[35.095346,53.701832],[35.096749,53.698909],[35.105045,53.694014],[35.103048,53.68761],[35.104258,53.68411],[35.092082,53.682913],[35.068758,53.676093],[35.061415,53.678235],[35.058752,53.683292],[35.060054,53.687294],[35.058922,53.689799],[35.04633,53.688082],[35.04954,53.686285],[35.050612,53.683303],[35.051182,53.674701],[35.053451,53.674785],[35.052509,53.66962],[35.041962,53.665688],[35.043657,53.66282],[35.032724,53.657647],[35.037058,53.653827],[35.024795,53.650815],[35.018172,53.651701],[35.018848,53.654269],[35.013569,53.656627],[35.006078,53.652054],[34.998489,53.655738],[34.991523,53.649545],[34.981218,53.649499],[34.98174,53.645547],[34.978782,53.639709],[34.973965,53.638938],[34.971978,53.630075],[34.967673,53.624852],[34.973154,53.622884],[34.966813,53.61513],[34.957255,53.597649],[34.942523,53.581292],[34.95761,53.580605],[34.95408,53.577158],[34.950641,53.565774],[34.947696,53.566184],[34.939806,53.558878],[34.948828,53.554142],[34.947617,53.551729],[34.94492,53.552604],[34.939958,53.548823],[34.928546,53.54377],[34.922156,53.535924],[34.916117,53.536806],[34.913849,53.538693],[34.905789,53.539532],[34.904577,53.541553],[34.899667,53.543868],[34.901469,53.545186],[34.894368,53.548617],[34.893569,53.550066],[34.894836,53.550755],[34.89325,53.553094],[34.881821,53.554071],[34.875004,53.553454],[34.86027,53.546909],[34.83075,53.546366],[34.813042,53.534094],[34.794235,53.533027],[34.786029,53.524902],[34.772876,53.519693],[34.774016,53.513008],[34.771833,53.509704],[34.771247,53.505364],[34.775219,53.505101],[34.778311,53.501687],[34.783321,53.500371],[34.783008,53.498427],[34.784662,53.497144],[34.774107,53.496599],[34.764731,53.497768],[34.759336,53.489392],[34.760985,53.479046],[34.747414,53.474222],[34.747292,53.471675],[34.74511,53.470554],[34.740083,53.470488],[34.737235,53.46011],[34.733069,53.458698],[34.733619,53.457789],[34.727439,53.455224],[34.720327,53.463909],[34.712899,53.460553],[34.71532,53.435928],[34.708401,53.428723],[34.694955,53.425428],[34.691434,53.426628],[34.691414,53.429394],[34.687964,53.429015],[34.685618,53.430741],[34.681298,53.431126],[34.678474,53.433402],[34.669658,53.434869],[34.666881,53.431823],[34.676473,53.429201],[34.676933,53.426305],[34.674522,53.424855],[34.669931,53.425677],[34.66963,53.422309],[34.666116,53.419844],[34.663951,53.419786],[34.662587,53.425764],[34.660162,53.424481],[34.660853,53.421636],[34.652577,53.41789],[34.652021,53.416127]]],[[[34.679877,53.445999],[34.68152,53.44168],[34.687005,53.442243],[34.690997,53.445484],[34.706896,53.447337],[34.709644,53.450133],[34.709149,53.451098],[34.699927,53.450648],[34.69934,53.448977],[34.69647,53.449304],[34.696223,53.447874],[34.692381,53.446713],[34.682238,53.447398],[34.679877,53.445999]]]]}},{"type":"Feature","id":"81995-1549","properties":{"id":"81995-1549","name":"Думиничский район","name_ru":"Думиничский район","subject_id":"81995","subject_name":"Калужская область","source_gid":1549,"source_fid":1659,"names_rosstat":"Думиничский муниципальный район","population":13170,"area_km2":1178.2612117563451,"density_km2":11.177487528736073,"source":"Актуализированный объединённый GeoJSON, предоставленный преподавателем","name_en":"Duminichskii District","name_zh":"Duminichskii区","subject_name_en":"Kaluga Oblast","subject_name_zh":"卡卢加州"},"geometry":{"type":"Polygon","coordinates":[[[34.715344,53.946288],[34.734775,53.951898],[34.761738,53.954085],[34.769613,53.94999],[34.775331,53.951761],[34.790519,53.951159],[34.800069,53.945778],[34.812135,53.943477],[34.817703,53.938924],[34.815707,53.931689],[34.80728,53.928234],[34.801446,53.927473],[34.788282,53.919295],[34.792346,53.897168],[34.785317,53.896081],[34.786127,53.892588],[34.787604,53.890615],[34.791055,53.890786],[34.792725,53.889354],[34.795207,53.890677],[34.8075,53.885644],[34.806777,53.880744],[34.80786,53.877548],[34.797176,53.876235],[34.799699,53.873627],[34.799117,53.869971],[34.795737,53.867483],[34.796522,53.866341],[34.802344,53.864587],[34.801614,53.863425],[34.803707,53.862088],[34.8058,53.863275],[34.813078,53.861152],[34.812457,53.859749],[34.819475,53.856958],[34.819835,53.85574],[34.82339,53.856631],[34.829687,53.855096],[34.813863,53.840206],[34.828982,53.83505],[34.829416,53.830298],[34.834986,53.825916],[34.833656,53.825026],[34.853574,53.820128],[34.855319,53.816891],[34.8522,53.812165],[34.858499,53.809898],[34.858624,53.807944],[34.864684,53.806317],[34.86098,53.802383],[34.861042,53.800236],[34.863277,53.800068],[34.863451,53.799317],[34.862153,53.799718],[34.862194,53.798223],[34.8589,53.797164],[34.862289,53.792935],[34.86134,53.790227],[34.863224,53.790094],[34.86327,53.788359],[34.865188,53.78765],[34.864705,53.785382],[34.862696,53.784568],[34.862668,53.781299],[34.887208,53.78322],[34.915272,53.778243],[34.922312,53.779743],[34.934325,53.779535],[34.946679,53.782967],[34.952283,53.786796],[34.956415,53.78571],[34.963708,53.787288],[34.966983,53.792316],[34.9757,53.795627],[34.98051,53.799697],[34.996372,53.8023],[34.999474,53.800972],[35.008389,53.802029],[35.014312,53.800801],[35.031433,53.790618],[35.050271,53.784979],[35.062158,53.789583],[35.073722,53.790099],[35.08569,53.778606],[35.064317,53.774341],[35.05649,53.770293],[35.055907,53.762485],[35.057498,53.756732],[35.055135,53.75371],[35.054866,53.7504],[35.044117,53.741548],[35.032019,53.734104],[35.031414,53.717997],[35.065247,53.711036],[35.075332,53.715158],[35.073584,53.718479],[35.07599,53.719011],[35.071112,53.723974],[35.077741,53.727803],[35.089804,53.731166],[35.093677,53.731212],[35.092658,53.727041],[35.089778,53.723125],[35.090734,53.717823],[35.15973,53.719465],[35.164417,53.726644],[35.18151,53.725871],[35.199371,53.7352],[35.220602,53.739782],[35.230509,53.740437],[35.242674,53.746804],[35.244766,53.749326],[35.240339,53.752213],[35.240465,53.753647],[35.24648,53.761182],[35.243658,53.762126],[35.245418,53.764139],[35.243375,53.765728],[35.247065,53.766342],[35.248082,53.768513],[35.250947,53.768999],[35.252564,53.77254],[35.248797,53.772897],[35.253516,53.776196],[35.25357,53.778785],[35.249301,53.778024],[35.248693,53.779001],[35.252014,53.782641],[35.259027,53.785778],[35.256387,53.787049],[35.255882,53.790916],[35.253297,53.791135],[35.258615,53.79275],[35.25942,53.79534],[35.257521,53.796011],[35.262279,53.796371],[35.259097,53.800936],[35.258388,53.804897],[35.254855,53.807463],[35.258717,53.807065],[35.256383,53.809535],[35.256726,53.812492],[35.254885,53.813272],[35.257897,53.816755],[35.255477,53.817495],[35.253678,53.82027],[35.256486,53.823465],[35.252732,53.824796],[35.254664,53.826788],[35.24965,53.825982],[35.249095,53.827181],[35.251024,53.82767],[35.252401,53.830872],[35.260168,53.835611],[35.258823,53.830815],[35.259604,53.829384],[35.281597,53.83471],[35.289821,53.834605],[35.290653,53.828971],[35.30581,53.834405],[35.311803,53.832531],[35.311132,53.834779],[35.313734,53.841597],[35.318634,53.847455],[35.315682,53.851608],[35.324095,53.85198],[35.327932,53.853717],[35.33108,53.858442],[35.333929,53.857949],[35.337507,53.85942],[35.337587,53.863037],[35.339857,53.865469],[35.33832,53.868239],[35.339549,53.870002],[35.334114,53.869052],[35.333888,53.871134],[35.336071,53.872011],[35.33575,53.873085],[35.333419,53.872518],[35.333023,53.874263],[35.331087,53.873085],[35.331462,53.87421],[35.327175,53.875119],[35.326528,53.876839],[35.332763,53.87948],[35.338712,53.885083],[35.355699,53.896652],[35.343827,53.897387],[35.345368,53.899242],[35.3478,53.899358],[35.331131,53.901911],[35.326964,53.907119],[35.344778,53.909096],[35.343438,53.911013],[35.33845,53.911725],[35.338406,53.913767],[35.330375,53.918321],[35.329918,53.919921],[35.32906,53.918831],[35.324288,53.919416],[35.320177,53.921858],[35.313679,53.918331],[35.306992,53.912253],[35.309124,53.90194],[35.305933,53.899976],[35.292781,53.910132],[35.300588,53.914172],[35.299033,53.916298],[35.314599,53.926914],[35.312092,53.928434],[35.308707,53.925869],[35.303701,53.927494],[35.307119,53.929652],[35.295276,53.9458],[35.300062,53.94668],[35.296717,53.94717],[35.297435,53.947921],[35.296041,53.949089],[35.298434,53.950119],[35.294342,53.951892],[35.29448,53.954201],[35.292406,53.956598],[35.284921,53.956318],[35.277368,53.970138],[35.25819,53.971634],[35.255195,53.970498],[35.251772,53.971988],[35.244446,53.971533],[35.231116,53.97377],[35.223257,53.970602],[35.227168,53.977101],[35.228966,53.991745],[35.220165,53.992576],[35.21525,53.995596],[35.2234,53.999545],[35.24064,54.000848],[35.247111,54.004814],[35.248028,54.005608],[35.242364,54.006893],[35.244955,54.014278],[35.237807,54.016223],[35.233731,54.019117],[35.225437,54.019066],[35.212971,54.021949],[35.222716,54.024928],[35.222332,54.026162],[35.225189,54.02797],[35.222504,54.03114],[35.213802,54.028648],[35.204645,54.029202],[35.187427,54.02074],[35.184485,54.019686],[35.181881,54.02075],[35.185027,54.023185],[35.186419,54.030536],[35.194452,54.036978],[35.191086,54.037902],[35.194464,54.040863],[35.186399,54.044215],[35.19045,54.048408],[35.188516,54.051273],[35.184824,54.051137],[35.184488,54.054514],[35.180507,54.053653],[35.177217,54.056021],[35.171713,54.055109],[35.161323,54.056174],[35.160507,54.058174],[35.14792,54.052667],[35.148691,54.051484],[35.155077,54.051836],[35.156101,54.050727],[35.154214,54.047238],[35.138439,54.045588],[35.126761,54.041694],[35.122262,54.047451],[35.122994,54.048668],[35.121457,54.052501],[35.125199,54.057163],[35.121173,54.064653],[35.115211,54.066198],[35.109499,54.065376],[35.09192,54.07711],[35.091009,54.079682],[35.088179,54.081661],[35.089196,54.085317],[35.086508,54.088472],[35.103755,54.093425],[35.102023,54.10011],[35.085484,54.10514],[35.082344,54.107883],[35.082853,54.110319],[35.070239,54.114956],[35.058893,54.112089],[35.051284,54.106282],[35.040861,54.11052],[35.028557,54.108964],[35.009763,54.111809],[35.006649,54.11505],[34.992233,54.117157],[34.995379,54.121205],[35.006293,54.125228],[35.008094,54.127214],[34.995809,54.135723],[34.979784,54.137744],[34.978789,54.140352],[34.969518,54.143781],[34.967528,54.145811],[34.958438,54.146474],[34.935533,54.152412],[34.930841,54.151587],[34.918239,54.155399],[34.896695,54.158004],[34.889932,54.160629],[34.871388,54.152482],[34.851149,54.146644],[34.846313,54.136663],[34.85187,54.122168],[34.847453,54.121948],[34.844032,54.1186],[34.815548,54.105003],[34.81731,54.102231],[34.807345,54.10037],[34.815618,54.093116],[34.811503,54.092675],[34.813193,54.086579],[34.810049,54.085616],[34.81078,54.083133],[34.78874,54.083961],[34.790577,54.077496],[34.79348,54.075446],[34.791257,54.073299],[34.785485,54.071898],[34.786772,54.070913],[34.784313,54.069391],[34.778983,54.06942],[34.764847,54.064849],[34.764701,54.060781],[34.781576,54.054234],[34.790576,54.05788],[34.793915,54.057414],[34.797065,54.054946],[34.793292,54.049159],[34.786067,54.045679],[34.796362,54.037657],[34.806081,54.037113],[34.808802,54.022509],[34.811031,54.018393],[34.81885,54.015677],[34.827741,54.015699],[34.829661,54.009639],[34.823226,54.000909],[34.811095,53.992164],[34.801738,53.994048],[34.801196,53.995774],[34.80323,53.998099],[34.79842,54.000434],[34.795693,53.999031],[34.791023,54.001251],[34.774356,54.003685],[34.77526,54.004344],[34.77347,54.00517],[34.766745,54.00413],[34.767344,54.002064],[34.759876,53.999021],[34.762436,53.994957],[34.7588,53.985042],[34.723737,53.9686],[34.719454,53.969729],[34.720065,53.959703],[34.717606,53.949007],[34.715344,53.946288]]]}},{"type":"Feature","id":"81995-1550","properties":{"id":"81995-1550","name":"Жиздринский район","name_ru":"Жиздринский район","subject_id":"81995","subject_name":"Калужская область","source_gid":1550,"source_fid":1660,"names_rosstat":"Жиздринский муниципальный район","population":9735,"area_km2":1283.690703264033,"density_km2":7.583602479356493,"source":"Актуализированный объединённый GeoJSON, предоставленный преподавателем","name_en":"Zhizdrinskii District","name_zh":"Zhizdrinskii区","subject_name_en":"Kaluga Oblast","subject_name_zh":"卡卢加州"},"geometry":{"type":"Polygon","coordinates":[[[34.401811,53.747697],[34.499979,53.751],[34.497731,53.753304],[34.518184,53.761169],[34.516449,53.764683],[34.523184,53.771544],[34.527245,53.772058],[34.533406,53.7689],[34.547181,53.76838],[34.550613,53.783635],[34.559697,53.785342],[34.584201,53.785425],[34.584171,53.80629],[34.602149,53.806445],[34.611495,53.80836],[34.616483,53.810749],[34.617416,53.815878],[34.627588,53.824133],[34.626265,53.825208],[34.626709,53.829084],[34.638528,53.833202],[34.653009,53.833654],[34.654304,53.838119],[34.659528,53.837974],[34.665291,53.848724],[34.684004,53.853762],[34.691449,53.853196],[34.697405,53.870605],[34.696837,53.881769],[34.705175,53.894595],[34.707404,53.895253],[34.710127,53.894076],[34.710659,53.89218],[34.714088,53.891296],[34.717344,53.887612],[34.725562,53.88651],[34.729382,53.884297],[34.731058,53.884855],[34.738311,53.879871],[34.747442,53.878931],[34.749673,53.876763],[34.760885,53.875293],[34.764215,53.876236],[34.764325,53.874534],[34.769937,53.872603],[34.778461,53.873395],[34.782984,53.872385],[34.794531,53.866479],[34.802216,53.86466],[34.801614,53.863425],[34.803707,53.862088],[34.8058,53.863275],[34.813078,53.861152],[34.812457,53.859749],[34.819475,53.856958],[34.819835,53.85574],[34.828577,53.856018],[34.829687,53.855096],[34.813863,53.840206],[34.828982,53.83505],[34.829416,53.830298],[34.834986,53.825916],[34.833656,53.825026],[34.853574,53.820128],[34.855319,53.816891],[34.8522,53.812165],[34.858499,53.809898],[34.858624,53.807944],[34.864684,53.806317],[34.86098,53.802383],[34.861042,53.800236],[34.863277,53.800068],[34.863451,53.799317],[34.862153,53.799718],[34.862194,53.798223],[34.8589,53.797164],[34.862289,53.792935],[34.86134,53.790227],[34.863224,53.790094],[34.86327,53.788359],[34.865188,53.78765],[34.864705,53.785382],[34.862696,53.784568],[34.862668,53.781299],[34.887208,53.78322],[34.915272,53.778243],[34.922312,53.779743],[34.934325,53.779535],[34.946679,53.782967],[34.952283,53.786796],[34.956415,53.78571],[34.963708,53.787288],[34.966983,53.792316],[34.9757,53.795627],[34.98051,53.799697],[34.996372,53.8023],[34.999474,53.800972],[35.008389,53.802029],[35.014312,53.800801],[35.031433,53.790618],[35.050271,53.784979],[35.062158,53.789583],[35.073722,53.790099],[35.08569,53.778606],[35.064317,53.774341],[35.05649,53.770293],[35.055907,53.762485],[35.057498,53.756732],[35.055135,53.75371],[35.054866,53.7504],[35.044117,53.741548],[35.032019,53.734104],[35.030647,53.718647],[35.043848,53.714753],[35.065247,53.711036],[35.075332,53.715158],[35.073584,53.718479],[35.07599,53.719011],[35.071112,53.723974],[35.077741,53.727803],[35.093677,53.731212],[35.092658,53.727041],[35.089778,53.723125],[35.09284,53.712559],[35.090864,53.707517],[35.091377,53.704713],[35.095346,53.701832],[35.096749,53.698909],[35.105076,53.693593],[35.103048,53.68761],[35.104258,53.68411],[35.092082,53.682913],[35.068758,53.676093],[35.061415,53.678235],[35.058752,53.683292],[35.060054,53.687294],[35.058922,53.689799],[35.04633,53.688082],[35.04954,53.686285],[35.050612,53.683303],[35.051182,53.674701],[35.053451,53.674785],[35.052509,53.66962],[35.041962,53.665688],[35.043657,53.66282],[35.032724,53.657647],[35.037058,53.653827],[35.024795,53.650815],[35.018172,53.651701],[35.018848,53.654269],[35.013569,53.656627],[35.006078,53.652054],[34.998489,53.655738],[34.991523,53.649545],[34.981218,53.649499],[34.98174,53.645547],[34.978782,53.639709],[34.973965,53.638938],[34.971978,53.630075],[34.967673,53.624852],[34.973154,53.622884],[34.966813,53.61513],[34.957255,53.597649],[34.942523,53.581292],[34.95761,53.580605],[34.95408,53.577158],[34.950641,53.565774],[34.947696,53.566184],[34.939806,53.558878],[34.948828,53.554142],[34.947617,53.551729],[34.94492,53.552604],[34.939958,53.548823],[34.928546,53.54377],[34.92351,53.536426],[34.916117,53.536806],[34.913849,53.538693],[34.905789,53.539532],[34.904577,53.541553],[34.899667,53.543868],[34.901469,53.545186],[34.894406,53.548578],[34.893542,53.54993],[34.894824,53.550789],[34.892462,53.553384],[34.875004,53.553454],[34.86027,53.546909],[34.83075,53.546366],[34.813042,53.534094],[34.794235,53.533027],[34.786029,53.524902],[34.772876,53.519693],[34.774016,53.513008],[34.771833,53.509704],[34.771247,53.505364],[34.775219,53.505101],[34.778311,53.501687],[34.783321,53.500371],[34.783008,53.498427],[34.784662,53.497144],[34.774107,53.496599],[34.764731,53.497768],[34.759336,53.489392],[34.760985,53.479046],[34.747414,53.474222],[34.747292,53.471675],[34.74511,53.470554],[34.740083,53.470488],[34.737235,53.46011],[34.733069,53.458698],[34.733619,53.457789],[34.727439,53.455224],[34.720327,53.463909],[34.712899,53.460553],[34.71532,53.435928],[34.708401,53.428723],[34.694955,53.425428],[34.691434,53.426628],[34.691414,53.429394],[34.687964,53.429015],[34.685618,53.430741],[34.681298,53.431126],[34.678474,53.433402],[34.669658,53.434869],[34.666647,53.432802],[34.676636,53.429106],[34.676933,53.426305],[34.674522,53.424855],[34.669931,53.425677],[34.66963,53.422309],[34.666116,53.419844],[34.663951,53.419786],[34.662587,53.425764],[34.660162,53.424481],[34.660853,53.421636],[34.652577,53.41789],[34.652021,53.416127],[34.657359,53.413174],[34.665593,53.414064],[34.670307,53.409624],[34.673505,53.380751],[34.644251,53.381396],[34.637306,53.384091],[34.639015,53.396873],[34.633315,53.403577],[34.624892,53.406647],[34.617098,53.407169],[34.61838,53.408093],[34.605112,53.413915],[34.608199,53.422718],[34.606004,53.426675],[34.599474,53.427774],[34.587668,53.426477],[34.582946,53.428181],[34.571712,53.428654],[34.565238,53.437149],[34.568633,53.447096],[34.56502,53.449287],[34.56052,53.449729],[34.555615,53.452782],[34.554833,53.454638],[34.556046,53.456627],[34.565359,53.457194],[34.568537,53.470416],[34.555739,53.47147],[34.555061,53.478418],[34.544654,53.481917],[34.547537,53.486914],[34.541039,53.496995],[34.53543,53.499718],[34.523482,53.498229],[34.522647,53.50006],[34.519712,53.500843],[34.517678,53.5075],[34.515473,53.508376],[34.515278,53.511169],[34.516386,53.511556],[34.516086,53.513674],[34.518695,53.515349],[34.51743,53.521042],[34.519177,53.522471],[34.518556,53.526756],[34.521712,53.533734],[34.522234,53.540385],[34.520643,53.540695],[34.529251,53.541083],[34.528182,53.542803],[34.517695,53.543982],[34.501547,53.543076],[34.497578,53.58304],[34.51192,53.584867],[34.519041,53.588258],[34.517398,53.588653],[34.519041,53.589815],[34.518585,53.592083],[34.51565,53.591595],[34.508792,53.593686],[34.511959,53.594018],[34.510067,53.59607],[34.510521,53.599579],[34.505669,53.606092],[34.50827,53.607635],[34.507458,53.6092],[34.509986,53.609014],[34.510668,53.611586],[34.513085,53.612013],[34.512016,53.616693],[34.498992,53.618272],[34.498309,53.617462],[34.500006,53.616029],[34.498789,53.615613],[34.489916,53.618053],[34.487684,53.61929],[34.488569,53.620252],[34.484825,53.620679],[34.47609,53.626864],[34.475933,53.630276],[34.472592,53.635772],[34.475659,53.636691],[34.475682,53.63796],[34.479435,53.638521],[34.479089,53.63674],[34.486542,53.63783],[34.484636,53.636528],[34.486166,53.635038],[34.490216,53.637341],[34.492635,53.63593],[34.49508,53.637044],[34.494351,53.638365],[34.490986,53.638137],[34.489879,53.639712],[34.497387,53.64577],[34.493587,53.647739],[34.495819,53.64881],[34.500615,53.648078],[34.496575,53.650352],[34.492535,53.650614],[34.495671,53.651478],[34.495893,53.65267],[34.49117,53.654036],[34.489639,53.652768],[34.488385,53.654692],[34.493162,53.655436],[34.491521,53.659174],[34.49663,53.663284],[34.495524,53.665459],[34.496538,53.667033],[34.498257,53.665895],[34.500605,53.667313],[34.500663,53.670741],[34.495798,53.67409],[34.490815,53.671656],[34.488246,53.674291],[34.47785,53.674021],[34.478372,53.672282],[34.47485,53.671996],[34.47292,53.673024],[34.475463,53.674059],[34.476337,53.676022],[34.468459,53.678548],[34.46808,53.681592],[34.470585,53.683354],[34.469776,53.68459],[34.441641,53.682635],[34.44078,53.683068],[34.443259,53.684327],[34.440285,53.684528],[34.439619,53.686799],[34.432602,53.692051],[34.429785,53.696245],[34.425454,53.693727],[34.425428,53.695673],[34.420745,53.69843],[34.421111,53.699789],[34.417432,53.700392],[34.416506,53.702376],[34.421684,53.702978],[34.416102,53.705519],[34.421345,53.707333],[34.420354,53.708622],[34.421919,53.70961],[34.42548,53.708545],[34.427567,53.712482],[34.426315,53.714675],[34.427684,53.715524],[34.421971,53.717369],[34.418897,53.720369],[34.417775,53.724497],[34.41151,53.73187],[34.407544,53.734498],[34.408655,53.738323],[34.406901,53.742956],[34.401811,53.747697]],[[34.68152,53.44168],[34.688694,53.442872],[34.692301,53.44591],[34.706896,53.447337],[34.709644,53.450133],[34.709149,53.451098],[34.699927,53.450648],[34.69934,53.448977],[34.69647,53.449304],[34.696223,53.447874],[34.691488,53.446507],[34.68101,53.447131],[34.679877,53.445999],[34.68152,53.44168]]]}},{"type":"Feature","id":"81995-1551","properties":{"id":"81995-1551","name":"Козельский район","name_ru":"Козельский район","subject_id":"81995","subject_name":"Калужская область","source_gid":1551,"source_fid":1661,"names_rosstat":"Козельский муниципальный район","population":38073,"area_km2":1524.6043009625203,"density_km2":24.972381342466093,"source":"Актуализированный объединённый GeoJSON, предоставленный преподавателем","name_en":"Kozel'skii District","name_zh":"Kozel'skii区","subject_name_en":"Kaluga Oblast","subject_name_zh":"卡卢加州"},"geometry":{"type":"Polygon","coordinates":[[[35.480676,53.951008],[35.484364,53.948786],[35.48418,53.946863],[35.494804,53.942712],[35.490366,53.940777],[35.49309,53.938341],[35.490139,53.935781],[35.495143,53.924277],[35.491051,53.924127],[35.489526,53.922448],[35.489539,53.917604],[35.493192,53.915632],[35.488955,53.912243],[35.489499,53.910173],[35.486744,53.909207],[35.485588,53.906748],[35.488298,53.902724],[35.4916,53.904784],[35.508102,53.902935],[35.505348,53.894577],[35.492855,53.897675],[35.489661,53.895155],[35.487258,53.890013],[35.489067,53.888894],[35.495171,53.889111],[35.502673,53.885003],[35.51982,53.885656],[35.526494,53.890688],[35.538179,53.895575],[35.541167,53.895688],[35.546227,53.893066],[35.549525,53.896204],[35.554327,53.895826],[35.562569,53.898088],[35.564003,53.901923],[35.566953,53.903036],[35.569625,53.901813],[35.566797,53.898624],[35.569837,53.895817],[35.575998,53.895179],[35.578139,53.896007],[35.578366,53.898131],[35.580848,53.898131],[35.598949,53.890419],[35.606725,53.891241],[35.61471,53.887409],[35.615308,53.885734],[35.628484,53.887327],[35.6366,53.884254],[35.635726,53.88263],[35.630246,53.881433],[35.630748,53.88001],[35.636708,53.879239],[35.633324,53.877862],[35.634787,53.874788],[35.629752,53.87234],[35.631627,53.868336],[35.636054,53.867309],[35.637358,53.86466],[35.635604,53.862842],[35.63513,53.858924],[35.63657,53.857914],[35.640122,53.857236],[35.652463,53.859814],[35.663823,53.859516],[35.663362,53.862064],[35.665295,53.866149],[35.667451,53.866205],[35.680742,53.858276],[35.694294,53.852997],[35.699413,53.852722],[35.700702,53.850719],[35.702497,53.851676],[35.700523,53.846401],[35.708737,53.845998],[35.705897,53.830588],[35.719408,53.824723],[35.734246,53.815305],[35.741394,53.81728],[35.762955,53.807725],[35.766772,53.804466],[35.766072,53.797601],[35.800445,53.785401],[35.799091,53.782426],[35.799903,53.781146],[35.806944,53.784506],[35.802774,53.790136],[35.805683,53.79505],[35.800886,53.802853],[35.805197,53.807578],[35.811531,53.8048],[35.824764,53.804257],[35.829003,53.810587],[35.833231,53.814213],[35.845303,53.813731],[35.856508,53.811493],[35.871084,53.812965],[35.893046,53.809668],[35.898963,53.810476],[35.904486,53.814657],[35.91546,53.814465],[35.917992,53.803058],[35.922933,53.798756],[35.925638,53.791548],[35.916116,53.781109],[35.917533,53.777077],[35.928414,53.788252],[35.931459,53.789541],[35.933389,53.787511],[35.941222,53.790475],[35.945351,53.788252],[35.949265,53.783711],[35.969804,53.797039],[35.973197,53.800197],[35.970227,53.801273],[35.969698,53.802861],[35.964828,53.803708],[35.96144,53.807307],[35.972825,53.816385],[35.965145,53.824244],[35.938151,53.827419],[35.929894,53.832606],[35.925553,53.832712],[35.925447,53.837582],[35.918672,53.840016],[35.900677,53.840863],[35.898555,53.850182],[35.901922,53.848161],[35.905305,53.855216],[35.917958,53.85165],[35.919023,53.85365],[35.923698,53.852935],[35.925364,53.854886],[35.932689,53.854195],[35.932483,53.8532],[35.940601,53.850628],[35.952146,53.852013],[35.958701,53.850602],[35.969758,53.852568],[35.97311,53.855624],[35.977273,53.856746],[35.981718,53.862445],[36.000762,53.872674],[35.99901,53.874751],[36.000818,53.876827],[35.997409,53.881957],[35.992154,53.884333],[35.98865,53.884155],[35.990006,53.886598],[35.98752,53.890295],[35.983188,53.89196],[35.981624,53.894346],[35.982924,53.89731],[35.987539,53.897554],[35.982556,53.901358],[35.9851,53.904718],[35.983555,53.908147],[35.98502,53.909497],[35.989062,53.90897],[35.992499,53.910351],[35.992685,53.912061],[35.995637,53.913833],[36.009941,53.916328],[36.013617,53.919826],[36.012445,53.920909],[36.016068,53.922211],[36.022408,53.923701],[36.026031,53.921646],[36.029068,53.923983],[36.035567,53.923983],[36.032238,53.930697],[36.024086,53.934617],[36.036073,53.938334],[36.036276,53.941801],[36.046438,53.942965],[36.055859,53.946353],[36.057024,53.949529],[36.053742,53.950375],[36.048238,53.948258],[36.046332,53.951222],[36.04792,53.951328],[36.047179,53.95588],[36.063781,53.956695],[36.06528,53.957362],[36.062846,53.957997],[36.066021,53.961279],[36.07703,53.962126],[36.085711,53.95821],[36.091004,53.957469],[36.094391,53.959268],[36.099367,53.957892],[36.100214,53.955987],[36.105824,53.956728],[36.110799,53.95387],[36.112917,53.946354],[36.115563,53.94466],[36.114505,53.943178],[36.120115,53.93852],[36.122444,53.942596],[36.131971,53.943761],[36.141287,53.940373],[36.140334,53.947995],[36.155895,53.953712],[36.156774,53.956238],[36.153142,53.959322],[36.153777,53.960698],[36.150496,53.96091],[36.145414,53.964403],[36.135993,53.966097],[36.134194,53.964615],[36.128371,53.964773],[36.126148,53.968478],[36.126466,53.972713],[36.12456,53.978006],[36.127412,53.980921],[36.116138,53.985847],[36.093469,53.987339],[36.093392,53.991062],[36.096915,53.994169],[36.097346,53.997276],[36.095506,53.99746],[36.097972,54.005675],[36.123732,54.010461],[36.119622,54.018788],[36.125033,54.019096],[36.131549,54.022183],[36.131157,54.025472],[36.127986,54.02699],[36.134328,54.028438],[36.126929,54.033566],[36.134367,54.037843],[36.13977,54.03736],[36.145251,54.042325],[36.13609,54.046624],[36.141062,54.050347],[36.155547,54.05476],[36.180407,54.053289],[36.184283,54.055633],[36.190225,54.055734],[36.192582,54.057839],[36.188237,54.063446],[36.196615,54.062481],[36.196301,54.061585],[36.204248,54.059103],[36.214271,54.062803],[36.215093,54.063905],[36.211334,54.065835],[36.219008,54.069971],[36.208007,54.073003],[36.217129,54.089148],[36.209886,54.089699],[36.209181,54.093098],[36.179624,54.090296],[36.180602,54.097804],[36.176657,54.102655],[36.15954,54.102602],[36.158092,54.100972],[36.153198,54.099732],[36.144907,54.100165],[36.137407,54.096969],[36.135385,54.091927],[36.131862,54.089676],[36.126772,54.089676],[36.123092,54.092547],[36.12327,54.094273],[36.120501,54.096286],[36.119006,54.09976],[36.107041,54.097932],[36.105774,54.101968],[36.100293,54.102033],[36.100515,54.108882],[36.087393,54.104987],[36.071835,54.106837],[36.072777,54.110635],[36.070617,54.111251],[36.067738,54.116217],[36.07106,54.118456],[36.105774,54.118813],[36.105719,54.116184],[36.107601,54.115762],[36.108266,54.11375],[36.107795,54.109856],[36.112031,54.107973],[36.120446,54.112533],[36.121664,54.114659],[36.12756,54.11672],[36.128972,54.118813],[36.128003,54.123534],[36.132239,54.125854],[36.142315,54.125821],[36.142371,54.1278],[36.139879,54.129163],[36.143506,54.133526],[36.130273,54.138051],[36.13174,54.143921],[36.109982,54.143759],[36.096323,54.136974],[36.073014,54.127988],[36.066703,54.129091],[36.066536,54.130811],[36.069,54.131168],[36.069471,54.133373],[36.073651,54.133292],[36.077803,54.140535],[36.088655,54.144913],[36.0819,54.148999],[36.080239,54.152988],[36.074703,54.155452],[36.065402,54.157916],[36.061167,54.152977],[36.054804,54.154891],[36.060819,54.158026],[36.052944,54.162162],[36.046467,54.163426],[36.035293,54.169933],[36.029636,54.170262],[36.025711,54.172097],[36.018476,54.178508],[36.012104,54.176344],[36.009926,54.173376],[36.002153,54.172883],[35.987829,54.164253],[35.977122,54.169139],[35.976999,54.167076],[35.97116,54.167341],[35.970843,54.164871],[35.967697,54.164302],[35.968375,54.163297],[35.965883,54.161028],[35.963115,54.162324],[35.963637,54.1638],[35.953444,54.163961],[35.950152,54.172817],[35.960903,54.180762],[35.964179,54.181215],[35.964944,54.184978],[35.962186,54.187579],[35.971353,54.189819],[35.956496,54.196807],[35.957067,54.197888],[35.948659,54.198657],[35.931469,54.206759],[35.941718,54.213514],[35.944971,54.212085],[35.950949,54.214903],[35.957281,54.21487],[35.964447,54.218794],[35.955048,54.219214],[35.945279,54.221641],[35.940392,54.229663],[35.948555,54.229272],[35.947197,54.232309],[35.94827,54.234757],[35.962923,54.23898],[35.97932,54.236035],[35.988321,54.242713],[35.979129,54.244654],[35.978961,54.250208],[35.976758,54.251913],[35.971852,54.250723],[35.969151,54.248335],[35.964651,54.255669],[35.960735,54.258439],[35.923008,54.263139],[35.931054,54.268823],[35.924449,54.271761],[35.929157,54.276706],[35.932801,54.275502],[35.939619,54.277297],[35.946241,54.275732],[35.949557,54.279391],[35.943685,54.288418],[35.928696,54.286235],[35.927788,54.284984],[35.917232,54.285178],[35.911825,54.286645],[35.901196,54.285099],[35.899684,54.280885],[35.89275,54.275466],[35.872534,54.270856],[35.860439,54.270164],[35.854904,54.265766],[35.850039,54.263946],[35.848769,54.261422],[35.85054,54.257462],[35.849548,54.253463],[35.846641,54.253191],[35.848312,54.250848],[35.84648,54.251121],[35.840513,54.245986],[35.841709,54.243105],[35.831784,54.240076],[35.821112,54.24322],[35.819637,54.245916],[35.815126,54.24876],[35.806094,54.247845],[35.802064,54.244797],[35.794218,54.246891],[35.790523,54.243985],[35.789273,54.240776],[35.783126,54.236443],[35.77773,54.239002],[35.773145,54.238291],[35.772374,54.232119],[35.767347,54.229226],[35.763696,54.23308],[35.759561,54.233501],[35.752787,54.237403],[35.74245,54.237768],[35.742255,54.235391],[35.733518,54.235661],[35.728408,54.232205],[35.71107,54.233327],[35.716499,54.236305],[35.716193,54.238004],[35.719168,54.238027],[35.724043,54.243425],[35.728137,54.244759],[35.72993,54.247651],[35.727172,54.254828],[35.713312,54.251742],[35.703007,54.254309],[35.695437,54.247067],[35.690175,54.248128],[35.684143,54.251914],[35.67837,54.252352],[35.676286,54.254466],[35.659488,54.240183],[35.655997,54.241303],[35.655041,54.243008],[35.643061,54.241494],[35.642559,54.236236],[35.608856,54.227904],[35.584877,54.213514],[35.571823,54.208317],[35.570048,54.209757],[35.563171,54.203564],[35.580459,54.194614],[35.580943,54.192984],[35.593561,54.194794],[35.596616,54.193577],[35.601505,54.19498],[35.602115,54.191188],[35.618865,54.187774],[35.608798,54.183744],[35.597761,54.169921],[35.581227,54.171211],[35.578686,54.167094],[35.575349,54.166607],[35.581655,54.151212],[35.574886,54.146954],[35.579168,54.144782],[35.574738,54.138583],[35.564049,54.141421],[35.563204,54.142607],[35.568571,54.144062],[35.565835,54.146802],[35.556519,54.147726],[35.557899,54.145954],[35.554508,54.142912],[35.555124,54.139749],[35.55353,54.138043],[35.557058,54.136886],[35.550044,54.122978],[35.566855,54.11501],[35.58434,54.099454],[35.589623,54.09742],[35.594174,54.09741],[35.595103,54.091489],[35.591943,54.087792],[35.58952,54.088353],[35.589044,54.081697],[35.599684,54.079872],[35.597251,54.077164],[35.597197,54.073194],[35.60343,54.067509],[35.622757,54.066644],[35.624104,54.064365],[35.622274,54.06045],[35.607811,54.052299],[35.597878,54.052553],[35.595068,54.053814],[35.543179,54.051511],[35.536654,54.047021],[35.539375,54.044945],[35.531611,54.04014],[35.531914,54.036503],[35.530054,54.034738],[35.539966,54.028885],[35.55003,54.025231],[35.560672,54.024281],[35.557346,54.020581],[35.555112,54.021491],[35.552862,54.02021],[35.555701,54.018125],[35.554852,54.016112],[35.563478,54.014877],[35.562568,54.012728],[35.569903,54.006646],[35.565753,54.004699],[35.567788,54.003561],[35.563151,54.001919],[35.564009,54.000277],[35.558742,54.000665],[35.56021,53.993136],[35.552736,53.991442],[35.542416,53.986695],[35.548709,53.982824],[35.556303,53.984019],[35.565925,53.978333],[35.566345,53.97618],[35.562392,53.974006],[35.561553,53.970171],[35.555206,53.970329],[35.546783,53.973289],[35.541095,53.97297],[35.540041,53.975764],[35.514994,53.97804],[35.512732,53.9771],[35.516298,53.973386],[35.513371,53.971902],[35.513578,53.966651],[35.511363,53.964471],[35.506465,53.962977],[35.504702,53.959672],[35.501879,53.960285],[35.499661,53.956117],[35.48615,53.956722],[35.484834,53.953151],[35.480676,53.951008]]]}},{"type":"Feature","id":"81995-1552","properties":{"id":"81995-1552","name":"Ульяновский район","name_ru":"Ульяновский район","subject_id":"81995","subject_name":"Калужская область","source_gid":1552,"source_fid":1662,"names_rosstat":"Ульяновский муниципальный район","population":6828,"area_km2":1550.6607237381072,"density_km2":4.403284287448805,"source":"Актуализированный объединённый GeoJSON, предоставленный преподавателем","name_en":"Ul'ianovskii District","name_zh":"Ul'ianovskii区","subject_name_en":"Kaluga Oblast","subject_name_zh":"卡卢加州"},"geometry":{"type":"Polygon","coordinates":[[[35.158727,53.717436],[35.160749,53.715156],[35.159757,53.714005],[35.160997,53.712109],[35.165593,53.711285],[35.166776,53.709704],[35.162847,53.705053],[35.164601,53.702129],[35.163266,53.698482],[35.164945,53.693095],[35.173375,53.687945],[35.174595,53.685912],[35.174443,53.681123],[35.176465,53.678807],[35.185467,53.676921],[35.191532,53.672797],[35.197216,53.67091],[35.205589,53.661892],[35.222761,53.656075],[35.24664,53.655035],[35.247861,53.653091],[35.254956,53.651327],[35.259227,53.649151],[35.259551,53.646337],[35.255289,53.640165],[35.258256,53.637159],[35.266141,53.638526],[35.269231,53.636943],[35.27953,53.639498],[35.285614,53.635414],[35.290229,53.636613],[35.289886,53.638818],[35.292175,53.639293],[35.291545,53.640514],[35.304607,53.645079],[35.305039,53.647318],[35.302942,53.648636],[35.308626,53.650829],[35.31019,53.648772],[35.307806,53.648441],[35.307062,53.646349],[35.313928,53.646982],[35.315187,53.643839],[35.320153,53.64566],[35.31846,53.641155],[35.319352,53.638913],[35.322078,53.639576],[35.324972,53.637606],[35.324756,53.635783],[35.330752,53.627381],[35.330628,53.62452],[35.327949,53.625837],[35.327415,53.625023],[35.328387,53.622981],[35.331029,53.622761],[35.332001,53.621109],[35.32771,53.618366],[35.332574,53.618417],[35.329894,53.617687],[35.331944,53.616256],[35.326777,53.615875],[35.330234,53.615165],[35.329165,53.613486],[35.324786,53.612045],[35.319771,53.605138],[35.322575,53.603641],[35.326642,53.603681],[35.325401,53.602048],[35.330752,53.601633],[35.331107,53.600468],[35.335418,53.602207],[35.335535,53.598749],[35.334064,53.598191],[35.335918,53.597703],[35.339158,53.589456],[35.339333,53.586421],[35.337408,53.585622],[35.340691,53.584113],[35.339746,53.582901],[35.340884,53.581877],[35.33819,53.581116],[35.337728,53.575153],[35.335642,53.573502],[35.33705,53.572304],[35.322488,53.562813],[35.319984,53.557078],[35.31785,53.556368],[35.330176,53.556143],[35.333162,53.561283],[35.338541,53.56107],[35.337082,53.558092],[35.337272,53.553348],[35.33512,53.54998],[35.336787,53.544439],[35.341479,53.537563],[35.359759,53.536957],[35.433658,53.576965],[35.428164,53.580117],[35.436538,53.588205],[35.449949,53.590059],[35.464707,53.588776],[35.476505,53.591081],[35.475813,53.587851],[35.472379,53.584198],[35.47349,53.582005],[35.491217,53.579811],[35.477043,53.568845],[35.464342,53.572124],[35.454656,53.566676],[35.453281,53.56256],[35.46172,53.55245],[35.444663,53.543349],[35.444163,53.537606],[35.445447,53.534468],[35.448445,53.533242],[35.458674,53.538978],[35.461797,53.539029],[35.478478,53.530065],[35.51074,53.523544],[35.512412,53.525945],[35.508542,53.538222],[35.48152,53.544937],[35.489222,53.556238],[35.49999,53.556213],[35.499856,53.552737],[35.510881,53.552188],[35.515646,53.552052],[35.527605,53.556273],[35.548686,53.554409],[35.549036,53.55295],[35.545471,53.550529],[35.546303,53.547168],[35.54428,53.545948],[35.545968,53.543902],[35.553266,53.543051],[35.55141,53.542645],[35.551573,53.539786],[35.553419,53.539969],[35.555473,53.535048],[35.557257,53.534955],[35.551124,53.52319],[35.533991,53.521153],[35.533927,53.519532],[35.538249,53.516192],[35.53565,53.514117],[35.540279,53.511866],[35.552656,53.512938],[35.563046,53.516926],[35.575805,53.517288],[35.585856,53.512324],[35.592452,53.514836],[35.598019,53.519562],[35.608308,53.520585],[35.612861,53.523258],[35.623268,53.523857],[35.622995,53.525401],[35.624434,53.525633],[35.625454,53.528564],[35.611613,53.52622],[35.614041,53.532421],[35.611777,53.533566],[35.612642,53.535],[35.623408,53.534905],[35.626033,53.538309],[35.613982,53.537294],[35.612016,53.538585],[35.626501,53.539576],[35.629667,53.541586],[35.685123,53.545414],[35.700118,53.530125],[35.692704,53.524075],[35.690501,53.524869],[35.684064,53.519335],[35.698417,53.520848],[35.703931,53.526289],[35.711224,53.518781],[35.723867,53.522402],[35.733337,53.520442],[35.748702,53.520891],[35.753406,53.522328],[35.758281,53.52033],[35.772057,53.505952],[35.783001,53.512385],[35.783808,53.517569],[35.788213,53.519097],[35.794964,53.52476],[35.794253,53.528162],[35.795854,53.532625],[35.794395,53.539902],[35.798517,53.541789],[35.809175,53.550662],[35.809577,53.553305],[35.812841,53.557431],[35.809128,53.564278],[35.813108,53.565793],[35.816375,53.570591],[35.823591,53.57344],[35.824706,53.582127],[35.822518,53.587647],[35.832681,53.591116],[35.835437,53.589548],[35.845899,53.589312],[35.861662,53.593322],[35.865457,53.595546],[35.875331,53.596266],[35.874141,53.598189],[35.878003,53.60729],[35.880319,53.609541],[35.884898,53.610903],[35.890638,53.616003],[35.891262,53.620663],[35.898226,53.629189],[35.906049,53.632266],[35.909112,53.64065],[35.927827,53.640377],[35.930971,53.645814],[35.925304,53.652394],[35.94233,53.651078],[35.954477,53.647133],[35.950344,53.642552],[35.949394,53.638544],[35.950245,53.636841],[35.954401,53.636594],[35.958535,53.632489],[35.961549,53.628214],[35.960637,53.625155],[35.991189,53.626273],[35.993073,53.630749],[35.995934,53.631454],[35.996325,53.632975],[35.995934,53.639872],[35.992539,53.64142],[35.999314,53.647601],[36.003268,53.659763],[36.027956,53.673086],[36.033707,53.674981],[36.048895,53.679656],[36.074004,53.681861],[36.072385,53.693124],[36.079039,53.698215],[36.086493,53.69804],[36.08765,53.702885],[36.079883,53.702683],[36.079092,53.698294],[36.070743,53.699502],[36.067515,53.702336],[36.066608,53.70532],[36.058126,53.709633],[36.052422,53.715762],[36.047041,53.714225],[36.047166,53.713205],[36.04101,53.70951],[36.030425,53.712043],[36.030931,53.716437],[36.029579,53.718422],[36.038127,53.722768],[36.028752,53.726162],[36.017323,53.726304],[36.018026,53.722096],[36.009577,53.724931],[35.999686,53.720999],[35.987757,53.723844],[35.983532,53.722825],[35.983343,53.720819],[35.974575,53.723785],[35.97246,53.72075],[35.963249,53.715868],[35.958491,53.718473],[35.957407,53.719561],[35.958767,53.721888],[35.957934,53.728031],[35.954401,53.73324],[35.955688,53.737261],[35.954912,53.741722],[35.957132,53.744125],[35.954022,53.747215],[35.954574,53.748928],[35.959044,53.749456],[35.958421,53.751863],[35.948862,53.751074],[35.93345,53.752785],[35.934873,53.758832],[35.923459,53.762855],[35.920607,53.766409],[35.921095,53.770506],[35.919083,53.772447],[35.916116,53.781109],[35.925638,53.791548],[35.922933,53.798756],[35.917992,53.803058],[35.91546,53.814465],[35.904486,53.814657],[35.898963,53.810476],[35.893046,53.809668],[35.871084,53.812965],[35.856508,53.811493],[35.845303,53.813731],[35.833231,53.814213],[35.829003,53.810587],[35.824764,53.804257],[35.811531,53.8048],[35.805197,53.807578],[35.800886,53.802853],[35.805683,53.79505],[35.802774,53.790136],[35.806944,53.784506],[35.799903,53.781146],[35.799091,53.782426],[35.800445,53.785401],[35.766072,53.797601],[35.766772,53.804466],[35.762955,53.807725],[35.741394,53.81728],[35.734246,53.815305],[35.719408,53.824723],[35.705897,53.830588],[35.708737,53.845998],[35.700523,53.846401],[35.702497,53.851676],[35.700702,53.850719],[35.699413,53.852722],[35.694294,53.852997],[35.680742,53.858276],[35.667451,53.866205],[35.665295,53.866149],[35.663362,53.862064],[35.663823,53.859516],[35.652463,53.859814],[35.640122,53.857236],[35.63657,53.857914],[35.63513,53.858924],[35.635604,53.862842],[35.637358,53.86466],[35.636054,53.867309],[35.631627,53.868336],[35.629752,53.87234],[35.634787,53.874788],[35.633324,53.877862],[35.636708,53.879239],[35.630748,53.88001],[35.630246,53.881433],[35.635726,53.88263],[35.6366,53.884254],[35.628047,53.887397],[35.615308,53.885734],[35.61471,53.887409],[35.606725,53.891241],[35.598949,53.890419],[35.580848,53.898131],[35.578366,53.898131],[35.578139,53.896007],[35.575998,53.895179],[35.569837,53.895817],[35.566797,53.898624],[35.569625,53.901813],[35.566953,53.903036],[35.564003,53.901923],[35.562569,53.898088],[35.554327,53.895826],[35.549302,53.896135],[35.546976,53.893215],[35.544379,53.893299],[35.540953,53.895749],[35.538179,53.895575],[35.526494,53.890688],[35.51982,53.885656],[35.502673,53.885003],[35.495171,53.889111],[35.489067,53.888894],[35.487258,53.890013],[35.489661,53.895155],[35.492855,53.897675],[35.505348,53.894577],[35.508102,53.902935],[35.4916,53.904784],[35.478588,53.896108],[35.477109,53.892148],[35.475923,53.892275],[35.484811,53.881296],[35.431866,53.875116],[35.426362,53.875784],[35.422044,53.874249],[35.421297,53.871395],[35.415194,53.873361],[35.413711,53.868432],[35.410882,53.869231],[35.410974,53.871179],[35.405714,53.868021],[35.404382,53.868995],[35.405846,53.869628],[35.402703,53.871023],[35.407309,53.863837],[35.39561,53.86253],[35.387436,53.866785],[35.386144,53.870646],[35.389238,53.873328],[35.386388,53.874398],[35.373226,53.874432],[35.368363,53.873],[35.365765,53.876292],[35.369937,53.876096],[35.370868,53.878257],[35.374737,53.877516],[35.379086,53.880831],[35.378216,53.882911],[35.375417,53.883373],[35.379267,53.886576],[35.37831,53.887607],[35.371111,53.887811],[35.370637,53.884423],[35.366517,53.88341],[35.362238,53.883833],[35.357525,53.887212],[35.355208,53.887081],[35.350926,53.883725],[35.342378,53.868314],[35.338398,53.868692],[35.339992,53.866312],[35.337587,53.863037],[35.337277,53.859199],[35.33108,53.858442],[35.330038,53.855408],[35.324095,53.85198],[35.315682,53.851608],[35.318634,53.847455],[35.313734,53.841597],[35.311132,53.834779],[35.311803,53.832531],[35.30581,53.834405],[35.290653,53.828971],[35.289821,53.834605],[35.281597,53.83471],[35.259604,53.829384],[35.258823,53.830815],[35.260168,53.835611],[35.25857,53.835278],[35.248846,53.826707],[35.254396,53.826913],[35.254933,53.825846],[35.252732,53.824796],[35.256486,53.823465],[35.253678,53.82027],[35.255477,53.817495],[35.257897,53.816755],[35.254885,53.813272],[35.256726,53.812492],[35.256383,53.809535],[35.258717,53.807065],[35.254855,53.807463],[35.258388,53.804897],[35.259097,53.800936],[35.262279,53.796371],[35.257521,53.796011],[35.25942,53.79534],[35.258615,53.79275],[35.253347,53.791238],[35.255882,53.790916],[35.256387,53.787049],[35.259005,53.785702],[35.249406,53.780258],[35.248932,53.778105],[35.253732,53.77863],[35.253416,53.776022],[35.248797,53.772897],[35.252447,53.772653],[35.25224,53.77105],[35.250708,53.770354],[35.250693,53.768778],[35.247805,53.768294],[35.247202,53.766417],[35.243375,53.765728],[35.245418,53.764139],[35.243658,53.762126],[35.24648,53.761182],[35.241013,53.754818],[35.240339,53.752213],[35.244309,53.749836],[35.244175,53.748362],[35.230509,53.740437],[35.220602,53.739782],[35.199371,53.7352],[35.18151,53.725871],[35.164417,53.726644],[35.158727,53.717436]]]}},{"type":"Feature","id":"81995-2001","properties":{"id":"81995-2001","name":"Мещовский район","name_ru":"Мещовский район","subject_id":"81995","subject_name":"Калужская область","source_gid":2001,"source_fid":2111,"names_rosstat":"Мещовский муниципальный район","population":11249,"area_km2":1237.6531312782909,"density_km2":9.088976317929761,"source":"Актуализированный объединённый GeoJSON, предоставленный преподавателем","name_en":"Meshchovskii District","name_zh":"Meshchovskii区","subject_name_en":"Kaluga Oblast","subject_name_zh":"卡卢加州"},"geometry":{"type":"Polygon","coordinates":[[[35.619427,54.397732],[35.610181,54.387112],[35.621617,54.382837],[35.624082,54.38532],[35.629914,54.387536],[35.633248,54.383266],[35.639633,54.381682],[35.652333,54.371208],[35.663038,54.367053],[35.671439,54.360001],[35.675739,54.358102],[35.665244,54.354741],[35.665128,54.351532],[35.66202,54.348902],[35.668649,54.34209],[35.665421,54.338252],[35.666632,54.336411],[35.664488,54.336213],[35.670054,54.326931],[35.6637,54.325889],[35.661543,54.318687],[35.686747,54.325835],[35.685055,54.322966],[35.689463,54.319501],[35.710285,54.320188],[35.711736,54.322771],[35.715338,54.32256],[35.72202,54.319321],[35.720832,54.317945],[35.722305,54.317796],[35.725493,54.31261],[35.722777,54.311977],[35.726278,54.30835],[35.726563,54.304756],[35.70581,54.306391],[35.704781,54.296491],[35.701474,54.296091],[35.702296,54.293858],[35.689353,54.291309],[35.682778,54.287635],[35.692697,54.286031],[35.698254,54.282292],[35.692552,54.28085],[35.697844,54.278334],[35.70044,54.279351],[35.704833,54.276343],[35.698004,54.26672],[35.711094,54.264461],[35.727172,54.254828],[35.713312,54.251742],[35.703007,54.254309],[35.695437,54.247067],[35.690175,54.248128],[35.684143,54.251914],[35.67837,54.252352],[35.676286,54.254466],[35.659488,54.240183],[35.655997,54.241303],[35.655041,54.243008],[35.643061,54.241494],[35.642559,54.236236],[35.608856,54.227904],[35.584877,54.213514],[35.571823,54.208317],[35.570048,54.209757],[35.563171,54.203564],[35.554351,54.208105],[35.554475,54.210718],[35.548994,54.21457],[35.539855,54.209667],[35.536724,54.20578],[35.525831,54.207698],[35.524566,54.206103],[35.508663,54.209243],[35.505269,54.214725],[35.496046,54.21739],[35.472919,54.219938],[35.468242,54.223567],[35.45625,54.225596],[35.456543,54.22934],[35.458147,54.230947],[35.455484,54.233544],[35.42539,54.22721],[35.428825,54.223735],[35.395713,54.216106],[35.369134,54.200023],[35.365789,54.19994],[35.36316,54.206894],[35.36666,54.211153],[35.34538,54.221243],[35.320953,54.225969],[35.31784,54.230184],[35.298597,54.227833],[35.288831,54.229116],[35.274905,54.216767],[35.269734,54.219061],[35.269275,54.217589],[35.265626,54.216543],[35.265728,54.218615],[35.246685,54.221508],[35.230872,54.220137],[35.221728,54.201137],[35.222201,54.19742],[35.198117,54.187002],[35.194663,54.189023],[35.196877,54.196688],[35.194206,54.199948],[35.174342,54.199067],[35.171592,54.203584],[35.162598,54.203857],[35.14172,54.210966],[35.139615,54.210559],[35.129273,54.216078],[35.113752,54.232655],[35.119207,54.240006],[35.116815,54.24101],[35.115162,54.243934],[35.109684,54.241237],[35.103899,54.247506],[35.104899,54.247889],[35.097356,54.250267],[35.098147,54.252749],[35.094468,54.254149],[35.09502,54.255504],[35.085428,54.260672],[35.076161,54.256626],[35.073182,54.256481],[35.069716,54.257515],[35.068429,54.259492],[35.06566,54.259674],[35.061702,54.257947],[35.038478,54.254463],[35.02842,54.243368],[35.026536,54.236698],[35.008117,54.229819],[35.018921,54.227338],[35.006129,54.22241],[35.001056,54.218587],[34.976954,54.223937],[34.976097,54.224546],[34.988301,54.234064],[34.961293,54.244992],[34.951617,54.251028],[34.976068,54.265816],[34.970362,54.269431],[34.964193,54.270423],[34.958642,54.276432],[34.96625,54.278909],[34.964373,54.285119],[34.961278,54.288603],[34.942095,54.293245],[34.943415,54.295426],[34.942403,54.297199],[34.944181,54.2974],[34.940939,54.300638],[34.941145,54.302046],[34.935991,54.299715],[34.930809,54.300582],[34.930486,54.307127],[34.925012,54.305411],[34.920696,54.311505],[34.917434,54.311019],[34.914509,54.306013],[34.906511,54.307003],[34.902865,54.306157],[34.899337,54.300028],[34.885177,54.290086],[34.879164,54.289254],[34.872922,54.293238],[34.872438,54.297145],[34.874065,54.303554],[34.871176,54.307047],[34.874225,54.31713],[34.874397,54.326625],[34.866164,54.326263],[34.866032,54.32987],[34.870579,54.333127],[34.875297,54.332461],[34.872738,54.339155],[34.86597,54.338819],[34.863031,54.355247],[34.873294,54.363595],[34.861066,54.371273],[34.869919,54.375665],[34.868839,54.377771],[34.859682,54.379023],[34.855733,54.381763],[34.856934,54.383857],[34.862365,54.385049],[34.874316,54.382454],[34.881018,54.382874],[34.881046,54.384737],[34.877424,54.385504],[34.872439,54.390523],[34.875233,54.393364],[34.870417,54.395879],[34.882921,54.40519],[34.886633,54.403668],[34.889646,54.404828],[34.898812,54.404598],[34.90356,54.401564],[34.912302,54.400779],[34.913651,54.39818],[34.916811,54.39818],[34.917244,54.403827],[34.920322,54.403133],[34.925628,54.398733],[34.935653,54.39712],[34.936779,54.399448],[34.945568,54.404735],[34.950421,54.405414],[34.956846,54.409016],[34.956803,54.410619],[34.963587,54.413878],[34.96471,54.415737],[34.969136,54.410118],[34.966871,54.409796],[34.969764,54.401342],[34.975664,54.400628],[34.978069,54.401663],[34.979578,54.399175],[34.987064,54.397417],[34.989623,54.400013],[34.993989,54.399879],[34.991231,54.405596],[34.998617,54.407077],[35.01638,54.405369],[35.023118,54.408779],[35.030893,54.408923],[35.037358,54.407122],[35.04498,54.407807],[35.046756,54.409292],[35.048984,54.408602],[35.047638,54.419726],[35.052453,54.422873],[35.0594,54.423773],[35.064372,54.421689],[35.065514,54.422509],[35.118727,54.400763],[35.143363,54.406275],[35.145618,54.40483],[35.144972,54.40322],[35.147943,54.401679],[35.150971,54.403869],[35.175351,54.402203],[35.176859,54.404087],[35.169277,54.405733],[35.164956,54.410465],[35.172152,54.409594],[35.186613,54.412481],[35.18528,54.415362],[35.187556,54.418104],[35.186845,54.421302],[35.188716,54.424916],[35.196587,54.428877],[35.197299,54.431725],[35.200116,54.432936],[35.199246,54.434136],[35.204188,54.437599],[35.205126,54.440829],[35.213621,54.439505],[35.217488,54.444197],[35.222108,54.443574],[35.228285,54.445488],[35.229165,54.45229],[35.217387,54.449117],[35.211636,54.449743],[35.212211,54.454219],[35.203054,54.461516],[35.207039,54.46962],[35.206556,54.471759],[35.210618,54.474549],[35.201803,54.487159],[35.20446,54.492203],[35.210293,54.494882],[35.217977,54.504539],[35.218566,54.505738],[35.216846,54.508686],[35.213127,54.509429],[35.286494,54.508829],[35.286258,54.52348],[35.28948,54.523738],[35.291893,54.523707],[35.302651,54.517055],[35.310538,54.519855],[35.315006,54.519211],[35.320854,54.515317],[35.332577,54.51479],[35.333769,54.516872],[35.338772,54.518429],[35.336505,54.521469],[35.342344,54.527216],[35.337539,54.530302],[35.332722,54.530746],[35.332807,54.533352],[35.348928,54.533077],[35.349632,54.538653],[35.359104,54.536428],[35.374464,54.529808],[35.388591,54.5315],[35.39587,54.529486],[35.401343,54.525026],[35.412661,54.524606],[35.416627,54.528669],[35.414186,54.53027],[35.418421,54.535371],[35.419774,54.535076],[35.419673,54.536375],[35.435684,54.535264],[35.44476,54.53871],[35.446609,54.536335],[35.451705,54.535156],[35.4561,54.534554],[35.457672,54.536386],[35.45981,54.536204],[35.458895,54.532644],[35.465001,54.529668],[35.468804,54.522269],[35.463992,54.520667],[35.474507,54.516447],[35.473682,54.511195],[35.471512,54.510137],[35.471954,54.506285],[35.473249,54.503413],[35.479513,54.500998],[35.480689,54.497448],[35.479525,54.494014],[35.481057,54.490237],[35.478904,54.487806],[35.469636,54.48894],[35.468963,54.490746],[35.466222,54.491058],[35.462059,54.488189],[35.45361,54.488888],[35.448318,54.484955],[35.450152,54.48111],[35.448469,54.479831],[35.454003,54.477147],[35.451016,54.475238],[35.452601,54.474331],[35.438713,54.464885],[35.443257,54.464173],[35.448541,54.465442],[35.451251,54.463694],[35.460418,54.467477],[35.464179,54.467159],[35.45181,54.448549],[35.452101,54.431508],[35.466702,54.419916],[35.46408,54.414005],[35.464453,54.410215],[35.476572,54.407762],[35.482846,54.412007],[35.491285,54.414597],[35.502666,54.408557],[35.506153,54.394437],[35.512233,54.395097],[35.529668,54.404009],[35.544024,54.418524],[35.560575,54.423722],[35.567593,54.42438],[35.57416,54.416747],[35.571669,54.411758],[35.58256,54.41029],[35.584689,54.414546],[35.598016,54.40929],[35.601704,54.404374],[35.619427,54.397732]]]}},{"type":"Feature","id":"81995-2002","properties":{"id":"81995-2002","name":"Бабынинский район","name_ru":"Бабынинский район","subject_id":"81995","subject_name":"Калужская область","source_gid":2002,"source_fid":2112,"names_rosstat":"Бабынинский муниципальный район","population":20690,"area_km2":851.383279224682,"density_km2":24.301628308746547,"source":"Актуализированный объединённый GeoJSON, предоставленный преподавателем","name_en":"Babyninskii District","name_zh":"Babyninskii区","subject_name_en":"Kaluga Oblast","subject_name_zh":"卡卢加州"},"geometry":{"type":"Polygon","coordinates":[[[35.944636,54.389023],[35.936045,54.389842],[35.937817,54.388002],[35.936795,54.387039],[35.939082,54.38647],[35.938052,54.385478],[35.943341,54.382239],[35.947504,54.381508],[35.954411,54.376395],[35.935983,54.370967],[35.935212,54.36913],[35.937244,54.367987],[35.940467,54.36166],[35.937605,54.361302],[35.937525,54.359169],[35.944251,54.353698],[35.941098,54.346347],[35.949016,54.342304],[35.941378,54.335237],[35.950627,54.325555],[35.963589,54.328864],[35.963729,54.324329],[35.969335,54.319752],[35.992106,54.324002],[35.995382,54.323113],[35.988638,54.315675],[35.987361,54.311709],[35.984384,54.309542],[35.983789,54.305819],[35.973484,54.304778],[35.974326,54.303391],[35.969223,54.302408],[35.967093,54.295903],[35.948514,54.292982],[35.943658,54.290669],[35.943102,54.28757],[35.928696,54.286235],[35.927788,54.284984],[35.917232,54.285178],[35.911825,54.286645],[35.901196,54.285099],[35.899684,54.280885],[35.89275,54.275466],[35.872534,54.270856],[35.860439,54.270164],[35.854904,54.265766],[35.850039,54.263946],[35.848769,54.261422],[35.85054,54.257462],[35.849548,54.253463],[35.846641,54.253191],[35.848312,54.250848],[35.84648,54.251121],[35.840513,54.245986],[35.841709,54.243105],[35.831784,54.240076],[35.821112,54.24322],[35.819637,54.245916],[35.815126,54.24876],[35.806094,54.247845],[35.802064,54.244797],[35.794218,54.246891],[35.790523,54.243985],[35.789273,54.240776],[35.783009,54.23641],[35.77773,54.239002],[35.773521,54.238446],[35.772374,54.232119],[35.767347,54.229226],[35.763696,54.23308],[35.759561,54.233501],[35.752787,54.237403],[35.74245,54.237768],[35.742255,54.235391],[35.733518,54.235661],[35.728408,54.232205],[35.71107,54.233327],[35.716499,54.236305],[35.716193,54.238004],[35.719168,54.238027],[35.724043,54.243425],[35.728137,54.244759],[35.72993,54.247651],[35.727894,54.25349],[35.716471,54.262032],[35.71122,54.264408],[35.698004,54.26672],[35.704833,54.276343],[35.70044,54.279351],[35.697844,54.278334],[35.692552,54.28085],[35.698254,54.282292],[35.692697,54.286031],[35.682778,54.287635],[35.689353,54.291309],[35.702296,54.293858],[35.701474,54.296091],[35.704781,54.296491],[35.70581,54.306391],[35.726563,54.304756],[35.726278,54.30835],[35.722777,54.311977],[35.725493,54.31261],[35.722305,54.317796],[35.720832,54.317945],[35.72202,54.319321],[35.715338,54.32256],[35.711736,54.322771],[35.710285,54.320188],[35.689463,54.319501],[35.685055,54.322966],[35.686747,54.325835],[35.661543,54.318687],[35.6637,54.325889],[35.670054,54.326931],[35.664488,54.336213],[35.666632,54.336411],[35.665421,54.338252],[35.668649,54.34209],[35.66202,54.348902],[35.665128,54.351532],[35.665244,54.354741],[35.675652,54.358212],[35.671439,54.360001],[35.663038,54.367053],[35.652333,54.371208],[35.639633,54.381682],[35.633248,54.383266],[35.629914,54.387536],[35.624082,54.38532],[35.621617,54.382837],[35.610181,54.387112],[35.619427,54.397732],[35.601704,54.404374],[35.598016,54.40929],[35.584689,54.414546],[35.58256,54.41029],[35.571669,54.411758],[35.57416,54.416747],[35.567593,54.42438],[35.560575,54.423722],[35.544024,54.418524],[35.529668,54.404009],[35.512233,54.395097],[35.506153,54.394437],[35.502666,54.408557],[35.491285,54.414597],[35.482846,54.412007],[35.476572,54.407762],[35.464453,54.410215],[35.46408,54.414005],[35.466702,54.419916],[35.452101,54.431508],[35.45181,54.448549],[35.464179,54.467159],[35.460418,54.467477],[35.451251,54.463694],[35.448541,54.465442],[35.443257,54.464173],[35.438713,54.464885],[35.452601,54.474331],[35.451016,54.475238],[35.454003,54.477147],[35.448469,54.479831],[35.450152,54.48111],[35.448318,54.484955],[35.45361,54.488888],[35.462059,54.488189],[35.466222,54.491058],[35.468963,54.490746],[35.469828,54.488898],[35.479825,54.488385],[35.481091,54.490382],[35.479525,54.494014],[35.480061,54.499626],[35.478026,54.502024],[35.473249,54.503413],[35.471512,54.510137],[35.473622,54.509242],[35.490692,54.511629],[35.497875,54.515048],[35.499083,54.514517],[35.501401,54.519907],[35.506792,54.519482],[35.507147,54.524342],[35.512349,54.53168],[35.526372,54.533511],[35.534061,54.545367],[35.556294,54.535724],[35.563922,54.541894],[35.565084,54.548073],[35.556925,54.555607],[35.573785,54.56054],[35.574747,54.562066],[35.572414,54.567502],[35.577299,54.57454],[35.596269,54.573733],[35.622032,54.566717],[35.645769,54.566753],[35.649857,54.570264],[35.666975,54.568537],[35.667867,54.567219],[35.672894,54.569798],[35.673742,54.569103],[35.67267,54.567333],[35.676278,54.565942],[35.706814,54.559457],[35.704094,54.556567],[35.698664,54.555695],[35.695521,54.5569],[35.692316,54.552035],[35.693797,54.551693],[35.693029,54.550602],[35.703662,54.548503],[35.705315,54.552794],[35.72057,54.560562],[35.733464,54.56292],[35.7379,54.565424],[35.740271,54.565426],[35.744421,54.562603],[35.750763,54.564042],[35.752605,54.562654],[35.750826,54.561048],[35.752674,54.558834],[35.762622,54.555484],[35.769419,54.555542],[35.778601,54.548617],[35.782561,54.543882],[35.786833,54.543701],[35.790401,54.545426],[35.795788,54.540575],[35.786961,54.534771],[35.804554,54.5288],[35.813513,54.528499],[35.826082,54.521986],[35.822126,54.518936],[35.833789,54.517516],[35.852106,54.522783],[35.861778,54.532332],[35.880804,54.537144],[35.869617,54.541837],[35.864041,54.546825],[35.86514,54.547734],[35.877666,54.548071],[35.881444,54.54325],[35.897292,54.537838],[35.900729,54.537258],[35.902214,54.540463],[35.926023,54.536324],[35.928872,54.533455],[35.936075,54.532316],[35.961951,54.534642],[35.973307,54.520218],[35.982034,54.522662],[35.988456,54.522713],[35.995625,54.511887],[35.995111,54.509009],[35.998485,54.507572],[35.999716,54.502949],[35.999012,54.498607],[36.00933,54.499501],[36.011113,54.498443],[36.015519,54.500327],[36.028521,54.501398],[36.029787,54.505505],[36.031909,54.502953],[36.033577,54.492952],[36.043222,54.483405],[36.054512,54.48722],[36.053468,54.489369],[36.054427,54.490059],[36.068008,54.490415],[36.07675,54.487814],[36.065499,54.479995],[36.067234,54.479231],[36.071131,54.481973],[36.071756,54.481672],[36.071468,54.477048],[36.067398,54.474647],[36.070779,54.473486],[36.072208,54.470502],[36.095153,54.473114],[36.095019,54.469311],[36.080408,54.465846],[36.058609,54.46281],[36.049809,54.464698],[36.043108,54.461537],[36.043766,54.459177],[36.030957,54.461136],[36.022815,54.455921],[36.023669,54.455354],[36.022189,54.454101],[36.02084,54.454654],[36.012967,54.448828],[36.003053,54.44441],[36.00213,54.442313],[36.005135,54.441163],[36.003289,54.438076],[36.009655,54.436506],[36.008613,54.43489],[36.010693,54.432828],[35.999198,54.429687],[35.999361,54.424939],[36.001305,54.425033],[36.001528,54.42344],[36.000191,54.421631],[36.002358,54.420615],[36.000451,54.418655],[35.995001,54.416709],[35.991954,54.417041],[35.987544,54.414677],[35.986306,54.415628],[35.98046,54.412442],[35.981772,54.409069],[35.989179,54.410511],[35.989898,54.412601],[35.99349,54.412673],[35.993911,54.411635],[35.999881,54.413812],[36.001626,54.412911],[35.995075,54.410078],[35.996289,54.409415],[35.995471,54.408319],[35.999212,54.407166],[35.991483,54.406272],[35.990046,54.409516],[35.985513,54.408146],[35.97932,54.408579],[35.975084,54.411058],[35.97278,54.410496],[35.976496,54.406344],[35.972989,54.40103],[35.968432,54.401463],[35.965806,54.398637],[35.966402,54.396816],[35.964468,54.395579],[35.961199,54.397306],[35.959331,54.390916],[35.955195,54.389902],[35.948073,54.392938],[35.944636,54.389023]]]}},{"type":"Feature","id":"81995-2003","properties":{"id":"81995-2003","name":"Перемышльский район","name_ru":"Перемышльский район","subject_id":"81995","subject_name":"Калужская область","source_gid":2003,"source_fid":2113,"names_rosstat":"Перемышльский муниципальный район","population":14492,"area_km2":1154.8405976601246,"density_km2":12.548918031945625,"source":"Актуализированный объединённый GeoJSON, предоставленный преподавателем","name_en":"Peremyshl'skii District","name_zh":"Peremyshl'skii区","subject_name_en":"Kaluga Oblast","subject_name_zh":"卡卢加州"},"geometry":{"type":"Polygon","coordinates":[[[36.710251,54.387095],[36.726318,54.383019],[36.737999,54.383841],[36.737924,54.381235],[36.730072,54.371588],[36.734597,54.369479],[36.723966,54.362154],[36.718634,54.356135],[36.712162,54.357494],[36.710461,54.359172],[36.707883,54.353514],[36.707663,54.347423],[36.712518,54.346176],[36.709172,54.3405],[36.713655,54.328303],[36.710242,54.326411],[36.714273,54.323788],[36.714603,54.322092],[36.70621,54.317453],[36.714822,54.310957],[36.710735,54.307005],[36.70248,54.308189],[36.698694,54.304684],[36.69266,54.308317],[36.689219,54.306682],[36.685614,54.30929],[36.675571,54.308449],[36.671677,54.301916],[36.671821,54.29956],[36.673228,54.293489],[36.678546,54.29271],[36.679754,54.290332],[36.648203,54.279618],[36.64156,54.287014],[36.614253,54.286315],[36.615094,54.285452],[36.613157,54.284574],[36.601071,54.28304],[36.58888,54.27715],[36.587616,54.281016],[36.562087,54.285123],[36.557018,54.28998],[36.550858,54.288247],[36.554614,54.283472],[36.546192,54.281889],[36.545061,54.27972],[36.50487,54.28369],[36.501943,54.28765],[36.499666,54.287812],[36.486286,54.288287],[36.471755,54.284268],[36.476749,54.27838],[36.474515,54.276299],[36.476148,54.272536],[36.486949,54.264692],[36.492272,54.257362],[36.505199,54.255318],[36.504608,54.247401],[36.501684,54.24908],[36.49758,54.247811],[36.494429,54.248642],[36.491146,54.246351],[36.483976,54.247228],[36.446754,54.239059],[36.453275,54.23376],[36.449974,54.23231],[36.442073,54.23303],[36.437982,54.229276],[36.432628,54.231494],[36.430426,54.230073],[36.430164,54.224024],[36.436044,54.21733],[36.433728,54.216446],[36.424841,54.215495],[36.42586,54.21757],[36.424562,54.218876],[36.413622,54.22169],[36.391545,54.224283],[36.39373,54.22169],[36.392246,54.219599],[36.393057,54.217839],[36.382379,54.214564],[36.382642,54.21319],[36.379603,54.209972],[36.377813,54.210731],[36.379086,54.207861],[36.381525,54.20636],[36.377139,54.202666],[36.366495,54.206408],[36.362531,54.211163],[36.351465,54.211533],[36.348059,54.213792],[36.337222,54.212088],[36.338391,54.214179],[36.336276,54.213352],[36.332299,54.216415],[36.330509,54.220423],[36.323042,54.220839],[36.315944,54.232107],[36.31294,54.233386],[36.303884,54.233906],[36.304121,54.228715],[36.312193,54.221954],[36.309019,54.221312],[36.311324,54.218697],[36.307848,54.216187],[36.299603,54.214305],[36.291813,54.213342],[36.290166,54.214427],[36.289974,54.219644],[36.268512,54.220848],[36.267337,54.224852],[36.263714,54.22518],[36.263039,54.20917],[36.261189,54.209233],[36.260715,54.218619],[36.241925,54.215533],[36.241964,54.211824],[36.247132,54.211137],[36.248619,54.209328],[36.247171,54.201978],[36.249285,54.199597],[36.249089,54.198314],[36.246427,54.197604],[36.244117,54.198291],[36.24216,54.192772],[36.23516,54.187202],[36.242698,54.182199],[36.240253,54.179783],[36.238648,54.175019],[36.234495,54.172103],[36.216336,54.166399],[36.205867,54.155868],[36.197013,54.156771],[36.174258,54.173658],[36.149787,54.168927],[36.140928,54.177126],[36.125924,54.179621],[36.123488,54.177968],[36.120554,54.178811],[36.115516,54.185453],[36.108706,54.185712],[36.108595,54.179977],[36.092207,54.181889],[36.078144,54.1792],[36.077369,54.176931],[36.063029,54.175149],[36.063804,54.176737],[36.062863,54.177742],[36.06015,54.177806],[36.062033,54.18056],[36.060815,54.1815],[36.055832,54.179913],[36.051569,54.180301],[36.034959,54.171973],[36.027595,54.176121],[36.025436,54.180949],[36.019568,54.181014],[36.012315,54.187785],[36.012481,54.190669],[36.019621,54.193354],[36.022341,54.19658],[36.026493,54.196906],[36.029441,54.199626],[36.020923,54.197521],[36.020294,54.195201],[36.007847,54.195872],[36.006829,54.194864],[36.008181,54.190967],[35.994433,54.19265],[35.990739,54.19529],[35.985954,54.195254],[35.980867,54.192419],[35.983289,54.183542],[35.981866,54.181327],[35.978141,54.179094],[35.970026,54.181327],[35.968451,54.179697],[35.970147,54.177942],[35.96942,54.176595],[35.964938,54.174397],[35.971622,54.167903],[35.961311,54.170748],[35.964358,54.164094],[35.953444,54.163961],[35.950152,54.172817],[35.960903,54.180762],[35.964179,54.181215],[35.964944,54.184978],[35.962186,54.187579],[35.971353,54.189819],[35.956496,54.196807],[35.957067,54.197888],[35.948659,54.198657],[35.931469,54.206759],[35.941718,54.213514],[35.944971,54.212085],[35.950949,54.214903],[35.957281,54.21487],[35.964447,54.218794],[35.955048,54.219214],[35.945279,54.221641],[35.940392,54.229663],[35.948555,54.229272],[35.947197,54.232309],[35.94827,54.234757],[35.962923,54.23898],[35.97932,54.236035],[35.988321,54.242713],[35.979129,54.244654],[35.978961,54.250208],[35.976758,54.251913],[35.971852,54.250723],[35.969151,54.248335],[35.964651,54.255669],[35.960735,54.258439],[35.923008,54.263139],[35.931054,54.268823],[35.924449,54.271761],[35.929157,54.276706],[35.932801,54.275502],[35.939619,54.277297],[35.946557,54.275867],[35.949944,54.280161],[35.943685,54.288418],[35.943658,54.290669],[35.948514,54.292982],[35.967093,54.295903],[35.969223,54.302408],[35.974326,54.303391],[35.973484,54.304778],[35.975614,54.305559],[35.983789,54.305819],[35.984384,54.309542],[35.987361,54.311709],[35.988638,54.315675],[35.995382,54.323113],[35.992106,54.324002],[35.969335,54.319752],[35.963729,54.324329],[35.963589,54.328864],[35.950627,54.325555],[35.941378,54.335237],[35.949016,54.342304],[35.941098,54.346347],[35.944251,54.353698],[35.937525,54.359169],[35.937605,54.361302],[35.940467,54.36166],[35.937244,54.367987],[35.935212,54.36913],[35.935983,54.370967],[35.954411,54.376395],[35.947504,54.381508],[35.943341,54.382239],[35.938052,54.385478],[35.939082,54.38647],[35.936795,54.387039],[35.937817,54.388002],[35.936045,54.389842],[35.938449,54.390664],[35.944636,54.389023],[35.948073,54.392938],[35.955195,54.389902],[35.959331,54.390916],[35.961199,54.397306],[35.964468,54.395579],[35.966402,54.396816],[35.965806,54.398637],[35.968432,54.401463],[35.972989,54.40103],[35.976496,54.406344],[35.97278,54.410496],[35.975084,54.411058],[35.97932,54.408579],[35.985513,54.408146],[35.990046,54.409516],[35.991483,54.406272],[35.999212,54.407166],[35.995471,54.408319],[35.996289,54.409415],[35.995075,54.410078],[36.001626,54.412911],[35.999881,54.413812],[35.993911,54.411635],[35.99349,54.412673],[35.989898,54.412601],[35.989179,54.410511],[35.981772,54.409069],[35.98046,54.412442],[35.986306,54.415628],[35.987544,54.414677],[35.991954,54.417041],[35.995001,54.416709],[36.000451,54.418655],[36.002358,54.420615],[36.000191,54.421631],[36.001528,54.42344],[36.001305,54.425033],[35.999361,54.424939],[35.999198,54.429687],[36.010693,54.432828],[36.008613,54.43489],[36.009655,54.436506],[36.003289,54.438076],[36.005135,54.441163],[36.00213,54.442313],[36.003053,54.44441],[36.012967,54.448828],[36.02084,54.454654],[36.022189,54.454101],[36.023669,54.455354],[36.022815,54.455921],[36.030957,54.461136],[36.043766,54.459177],[36.043108,54.461537],[36.049809,54.464698],[36.052496,54.464755],[36.054878,54.462831],[36.071155,54.46416],[36.082136,54.457122],[36.118979,54.456365],[36.118044,54.450736],[36.113619,54.447509],[36.110615,54.44125],[36.109232,54.432708],[36.112069,54.426425],[36.126975,54.424012],[36.150295,54.417828],[36.175785,54.406077],[36.176733,54.404967],[36.175473,54.403042],[36.163502,54.397553],[36.16247,54.395137],[36.165861,54.394243],[36.177032,54.395129],[36.177885,54.393878],[36.174886,54.387249],[36.175437,54.385065],[36.19209,54.376616],[36.192785,54.375056],[36.190851,54.373375],[36.196326,54.367232],[36.195478,54.363538],[36.199208,54.362968],[36.204205,54.359466],[36.208958,54.359149],[36.206378,54.364741],[36.201055,54.369677],[36.207914,54.369142],[36.210838,54.371062],[36.21181,54.378242],[36.217974,54.378735],[36.219686,54.383438],[36.210158,54.382955],[36.208835,54.385061],[36.204139,54.386204],[36.206099,54.389502],[36.199511,54.412103],[36.189051,54.411579],[36.178146,54.408529],[36.169778,54.415701],[36.173952,54.417802],[36.174352,54.420141],[36.179122,54.423448],[36.177829,54.425218],[36.179102,54.427818],[36.186145,54.429569],[36.205737,54.423452],[36.210529,54.422564],[36.217115,54.423643],[36.222657,54.420504],[36.246803,54.42288],[36.253988,54.426723],[36.261694,54.427026],[36.264489,54.431016],[36.262613,54.432247],[36.272818,54.432895],[36.27831,54.442956],[36.29398,54.438834],[36.293251,54.445369],[36.332059,54.447748],[36.334163,54.446393],[36.342406,54.450736],[36.34136,54.454852],[36.345215,54.455668],[36.351743,54.454012],[36.360409,54.454115],[36.36281,54.455578],[36.368893,54.454177],[36.374448,54.456985],[36.378054,54.456442],[36.381419,54.451478],[36.385836,54.450047],[36.395955,54.449291],[36.415542,54.451098],[36.445,54.446827],[36.486961,54.449908],[36.508344,54.449824],[36.51511,54.448557],[36.533997,54.438432],[36.543132,54.436569],[36.577435,54.443435],[36.584233,54.443263],[36.588806,54.441474],[36.594966,54.436139],[36.602982,54.424079],[36.60827,54.420087],[36.618055,54.419976],[36.638233,54.426978],[36.663704,54.419139],[36.670394,54.419512],[36.672991,54.417014],[36.67017,54.415912],[36.668733,54.412645],[36.66383,54.410641],[36.67057,54.410601],[36.674842,54.407748],[36.673937,54.404922],[36.677983,54.404204],[36.677551,54.401378],[36.680393,54.397775],[36.68542,54.395895],[36.685285,54.392013],[36.695453,54.389396],[36.706334,54.393089],[36.710251,54.387095]]]}},{"type":"Feature","id":"81995-2004","properties":{"id":"81995-2004","name":"Износковский район","name_ru":"Износковский район","subject_id":"81995","subject_name":"Калужская область","source_gid":2004,"source_fid":2114,"names_rosstat":"Износковский муниципальный район","population":6375,"area_km2":1329.5109714069658,"density_km2":4.794996158063746,"source":"Актуализированный объединённый GeoJSON, предоставленный преподавателем","name_en":"Iznoskovskii District","name_zh":"Iznoskovskii区","subject_name_en":"Kaluga Oblast","subject_name_zh":"卡卢加州"},"geometry":{"type":"Polygon","coordinates":[[[35.006546,54.94268],[35.010444,54.936077],[35.021664,54.93316],[35.023835,54.92935],[35.023403,54.925424],[35.031205,54.923629],[35.029869,54.922048],[35.021776,54.923008],[35.016901,54.917684],[35.022262,54.916676],[35.024336,54.918829],[35.03141,54.914906],[35.023729,54.909329],[35.030054,54.897831],[35.055345,54.904748],[35.065284,54.898351],[35.074439,54.896559],[35.074249,54.894168],[35.101674,54.894076],[35.101352,54.889696],[35.106108,54.888852],[35.130339,54.892848],[35.137086,54.878239],[35.134394,54.876581],[35.144724,54.879031],[35.15494,54.878337],[35.153524,54.873825],[35.160203,54.869474],[35.162133,54.865032],[35.157107,54.861917],[35.154001,54.858121],[35.157399,54.851178],[35.155903,54.848827],[35.156968,54.843657],[35.154667,54.841581],[35.163209,54.841957],[35.162347,54.843596],[35.167475,54.845433],[35.174948,54.844057],[35.175525,54.841019],[35.181842,54.837991],[35.181131,54.835158],[35.185857,54.83419],[35.184308,54.831497],[35.188183,54.827715],[35.194669,54.828835],[35.195903,54.831167],[35.202925,54.834684],[35.206008,54.837646],[35.20437,54.837793],[35.203511,54.840077],[35.208713,54.843906],[35.229807,54.849869],[35.232208,54.846832],[35.245915,54.848515],[35.244253,54.844812],[35.232038,54.840055],[35.235282,54.838068],[35.247203,54.842257],[35.250934,54.842133],[35.25231,54.839167],[35.255564,54.838944],[35.254295,54.832372],[35.260967,54.832825],[35.265135,54.829007],[35.273659,54.830181],[35.279621,54.838625],[35.292992,54.835648],[35.294175,54.837069],[35.305159,54.835038],[35.308262,54.842541],[35.320869,54.84865],[35.324454,54.845528],[35.33042,54.844337],[35.329234,54.841978],[35.331289,54.840132],[35.33961,54.836825],[35.341784,54.838901],[35.356344,54.833664],[35.359901,54.839345],[35.374355,54.843164],[35.374538,54.845204],[35.379002,54.848044],[35.389031,54.8407],[35.394259,54.834853],[35.407343,54.83714],[35.396112,54.841358],[35.395295,54.84539],[35.396859,54.846545],[35.394432,54.848064],[35.415107,54.846127],[35.420383,54.847701],[35.434299,54.846191],[35.431246,54.841791],[35.42826,54.830748],[35.430751,54.830235],[35.429129,54.822936],[35.430669,54.822939],[35.430103,54.824256],[35.433335,54.823824],[35.439208,54.826314],[35.442132,54.824812],[35.443883,54.821891],[35.449158,54.823698],[35.458905,54.819703],[35.47448,54.821125],[35.474351,54.823195],[35.484748,54.825907],[35.487118,54.817456],[35.486525,54.814382],[35.482067,54.813009],[35.490948,54.810759],[35.488912,54.805756],[35.490042,54.799461],[35.508498,54.800204],[35.51924,54.804097],[35.5263,54.809241],[35.530155,54.813533],[35.528972,54.816664],[35.533681,54.817895],[35.533459,54.818833],[35.555876,54.8218],[35.554449,54.832732],[35.557852,54.835812],[35.558824,54.840342],[35.565188,54.846474],[35.563111,54.847619],[35.557985,54.847314],[35.557642,54.849236],[35.555311,54.849846],[35.550251,54.84867],[35.546274,54.849738],[35.546727,54.852123],[35.577406,54.864741],[35.584287,54.865086],[35.593889,54.860391],[35.596541,54.858179],[35.594162,54.855129],[35.60233,54.852862],[35.610659,54.852786],[35.610041,54.855202],[35.617169,54.863519],[35.620356,54.864975],[35.638727,54.865381],[35.636414,54.861704],[35.639817,54.858245],[35.652058,54.85378],[35.650312,54.851313],[35.654797,54.842369],[35.66421,54.843705],[35.665911,54.848069],[35.669623,54.847675],[35.69057,54.852496],[35.695254,54.847496],[35.696115,54.841161],[35.705881,54.84396],[35.698435,54.858817],[35.72168,54.866638],[35.729263,54.859995],[35.739974,54.863535],[35.752944,54.855294],[35.774642,54.852661],[35.805265,54.861411],[35.801686,54.865544],[35.804338,54.868545],[35.800299,54.87196],[35.806695,54.876454],[35.806256,54.880379],[35.80771,54.882956],[35.802615,54.8821],[35.799907,54.884723],[35.810104,54.890608],[35.81232,54.894298],[35.805876,54.897124],[35.801766,54.896057],[35.797492,54.8972],[35.79685,54.898001],[35.799229,54.900147],[35.790577,54.902098],[35.786515,54.908412],[35.788359,54.911924],[35.785578,54.917573],[35.772743,54.920244],[35.760851,54.918785],[35.754933,54.923848],[35.741071,54.920356],[35.742462,54.918264],[35.740453,54.91655],[35.727539,54.914304],[35.716886,54.916423],[35.714214,54.919278],[35.707831,54.920465],[35.699247,54.919332],[35.689551,54.915724],[35.676771,54.918849],[35.672053,54.918238],[35.672365,54.913066],[35.668584,54.912635],[35.668147,54.910964],[35.657273,54.912994],[35.657398,54.914539],[35.653141,54.912556],[35.648797,54.914417],[35.648586,54.916766],[35.649679,54.917215],[35.646992,54.928599],[35.642149,54.928564],[35.64318,54.930126],[35.63929,54.931565],[35.64043,54.941238],[35.642993,54.943625],[35.638337,54.948147],[35.630806,54.949278],[35.624651,54.953208],[35.624619,54.957263],[35.625975,54.957886],[35.614009,54.965037],[35.619002,54.96784],[35.623068,54.97484],[35.614628,54.973255],[35.60042,54.973686],[35.591936,54.977123],[35.581198,54.96893],[35.580491,54.967079],[35.576535,54.968322],[35.574171,54.96666],[35.571984,54.966901],[35.570194,54.968347],[35.574547,54.97186],[35.56931,54.972951],[35.568382,54.975627],[35.569797,54.978822],[35.575917,54.982829],[35.578767,54.986581],[35.574967,54.988458],[35.576071,54.993972],[35.569487,54.994098],[35.55254,55.00079],[35.548232,55.00572],[35.540255,55.004782],[35.53915,55.004237],[35.539349,55.001893],[35.536987,55.000338],[35.526691,55.001073],[35.519621,54.993266],[35.520681,54.992277],[35.517897,54.989336],[35.500044,54.981248],[35.484357,54.98604],[35.484357,54.98779],[35.498763,54.998082],[35.498233,55.000287],[35.499514,55.001681],[35.497835,55.002416],[35.498277,55.004216],[35.509987,55.000617],[35.515025,55.011894],[35.531857,55.010351],[35.535405,55.02832],[35.580794,55.043588],[35.585387,55.046838],[35.585559,55.048664],[35.612463,55.051554],[35.624868,55.054875],[35.629493,55.057192],[35.629137,55.059617],[35.639233,55.059002],[35.643104,55.060873],[35.645484,55.064414],[35.638317,55.064717],[35.639238,55.069899],[35.636093,55.07262],[35.641423,55.073642],[35.648803,55.079889],[35.647397,55.080819],[35.642538,55.07945],[35.639054,55.081847],[35.638257,55.084029],[35.646366,55.084709],[35.652287,55.082616],[35.665427,55.086202],[35.667323,55.088113],[35.659521,55.09382],[35.659365,55.099506],[35.664661,55.099327],[35.674098,55.094544],[35.67541,55.094812],[35.673395,55.099148],[35.676207,55.100033],[35.680879,55.105012],[35.683691,55.106299],[35.685285,55.104002],[35.688034,55.104315],[35.679269,55.113198],[35.680301,55.113689],[35.679473,55.114994],[35.685581,55.117049],[35.682988,55.120543],[35.683925,55.123723],[35.6828,55.126162],[35.677738,55.127538],[35.675254,55.122392],[35.672161,55.122142],[35.668599,55.124099],[35.668442,55.130825],[35.660184,55.129148],[35.656818,55.126332],[35.657474,55.122747],[35.644637,55.117592],[35.646029,55.122571],[35.64066,55.123152],[35.63971,55.119917],[35.636506,55.118995],[35.634164,55.120461],[35.626011,55.120107],[35.624972,55.121117],[35.625878,55.125729],[35.628861,55.126171],[35.632683,55.129784],[35.625635,55.132336],[35.62537,55.135999],[35.617416,55.136731],[35.613306,55.135683],[35.611826,55.13293],[35.604313,55.132588],[35.596514,55.135771],[35.591808,55.135001],[35.587963,55.136289],[35.591034,55.141215],[35.592912,55.151885],[35.58361,55.154776],[35.588582,55.159838],[35.593708,55.162678],[35.598569,55.16322],[35.598215,55.165846],[35.602126,55.164962],[35.609859,55.168155],[35.609263,55.171676],[35.61103,55.172471],[35.61008,55.17348],[35.602789,55.173152],[35.609484,55.176433],[35.5986,55.183136],[35.589443,55.186589],[35.585334,55.187459],[35.573027,55.179638],[35.571502,55.184003],[35.57897,55.187989],[35.577424,55.18983],[35.580539,55.195014],[35.583301,55.194257],[35.594415,55.196427],[35.593796,55.198936],[35.589598,55.202379],[35.58962,55.204774],[35.599872,55.202139],[35.598922,55.206729],[35.601883,55.208607],[35.60206,55.210561],[35.609837,55.208279],[35.618719,55.21065],[35.628972,55.215755],[35.625822,55.221528],[35.629855,55.222448],[35.633321,55.221422],[35.640284,55.224918],[35.640793,55.225762],[35.633678,55.228887],[35.635165,55.231722],[35.627134,55.233789],[35.629524,55.237404],[35.626298,55.238299],[35.625915,55.239598],[35.619822,55.237121],[35.615935,55.240944],[35.620421,55.24369],[35.620096,55.246314],[35.624634,55.247578],[35.623658,55.252121],[35.621509,55.254204],[35.61151,55.251853],[35.607917,55.253473],[35.60091,55.250393],[35.59163,55.249449],[35.58813,55.251551],[35.580037,55.252691],[35.57585,55.251587],[35.564724,55.253133],[35.562365,55.25268],[35.560646,55.250421],[35.556547,55.250513],[35.555468,55.252525],[35.535004,55.258387],[35.526162,55.257674],[35.513309,55.254355],[35.503815,55.255296],[35.503219,55.253088],[35.500959,55.253494],[35.49696,55.250028],[35.509422,55.241414],[35.508232,55.240189],[35.497582,55.238806],[35.481539,55.239919],[35.481549,55.237455],[35.460825,55.23594],[35.446271,55.229013],[35.422191,55.231724],[35.418499,55.228706],[35.408533,55.237546],[35.401815,55.237918],[35.396147,55.234589],[35.382323,55.238127],[35.379905,55.240929],[35.373236,55.244261],[35.369482,55.2448],[35.36341,55.242646],[35.359776,55.24406],[35.358889,55.244861],[35.36074,55.246541],[35.360092,55.247786],[35.356606,55.249262],[35.3585,55.250975],[35.359151,55.253771],[35.357794,55.254756],[35.359539,55.25922],[35.356614,55.260713],[35.350886,55.269062],[35.34306,55.273059],[35.32981,55.270861],[35.325293,55.257561],[35.323253,55.257162],[35.320893,55.25409],[35.29621,55.253143],[35.295598,55.250004],[35.29723,55.246615],[35.308391,55.239139],[35.323487,55.242744],[35.323953,55.238989],[35.327158,55.240019],[35.335114,55.235716],[35.342516,55.233722],[35.33899,55.230581],[35.334444,55.230581],[35.33118,55.226609],[35.336367,55.223467],[35.329098,55.219882],[35.33291,55.216896],[35.330108,55.213828],[35.337361,55.211477],[35.342225,55.206315],[35.345212,55.20588],[35.33835,55.199436],[35.326625,55.197824],[35.321577,55.201011],[35.312385,55.197085],[35.303937,55.18591],[35.299748,55.185732],[35.280357,55.178745],[35.279018,55.17526],[35.283181,55.173236],[35.283881,55.169611],[35.288992,55.163844],[35.289734,55.160831],[35.287302,55.159559],[35.284458,55.14828],[35.28722,55.147691],[35.283717,55.146725],[35.275201,55.136548],[35.279528,55.135052],[35.276553,55.127056],[35.27483,55.128632],[35.272914,55.126594],[35.275605,55.123831],[35.273229,55.116205],[35.276828,55.115455],[35.275852,55.112622],[35.268479,55.110805],[35.264137,55.11188],[35.261788,55.11032],[35.255153,55.111522],[35.256382,55.109797],[35.254605,55.108566],[35.256881,55.108121],[35.254841,55.107009],[35.256075,55.105987],[35.250726,55.100334],[35.247591,55.099246],[35.248863,55.097411],[35.245713,55.096004],[35.254231,55.093416],[35.253731,55.091339],[35.249334,55.090851],[35.243593,55.093103],[35.240423,55.090667],[35.235554,55.092668],[35.231663,55.092202],[35.229327,55.088716],[35.227304,55.088687],[35.221197,55.083237],[35.221022,55.081553],[35.224213,55.080777],[35.222338,55.074211],[35.224251,55.071941],[35.221853,55.070247],[35.218867,55.070637],[35.21631,55.072432],[35.216544,55.075034],[35.21394,55.076534],[35.208554,55.074039],[35.211857,55.072369],[35.211436,55.070455],[35.212921,55.06959],[35.206728,55.065235],[35.208929,55.062557],[35.194533,55.060654],[35.198088,55.057703],[35.196782,55.056636],[35.198983,55.054499],[35.194076,55.053844],[35.192853,55.057094],[35.183581,55.059315],[35.182241,55.05808],[35.182459,55.054865],[35.187574,55.049717],[35.183558,55.048716],[35.178979,55.050097],[35.175116,55.049467],[35.166737,55.051837],[35.162337,55.04849],[35.157004,55.046962],[35.162063,55.043407],[35.154606,55.042253],[35.153682,55.040141],[35.15543,55.037636],[35.154234,55.036822],[35.149835,55.03605],[35.142783,55.037979],[35.136925,55.043155],[35.133967,55.043289],[35.130543,55.042245],[35.132612,55.039214],[35.128421,55.038804],[35.12805,55.04015],[35.121456,55.043149],[35.114697,55.037647],[35.122239,55.027845],[35.123578,55.023442],[35.119187,55.022766],[35.119856,55.021463],[35.117466,55.016978],[35.101646,55.014156],[35.099908,55.009479],[35.10312,55.006614],[35.106576,55.006793],[35.110244,55.008407],[35.110724,55.01102],[35.115629,55.010804],[35.126778,55.004857],[35.10965,54.999975],[35.105107,54.997403],[35.106178,54.995133],[35.109873,54.992786],[35.121409,54.993031],[35.122086,54.991965],[35.11984,54.987673],[35.114771,54.98253],[35.118192,54.979432],[35.124291,54.977493],[35.123797,54.975045],[35.11488,54.971838],[35.106137,54.972904],[35.10113,54.971532],[35.095071,54.973673],[35.092955,54.976121],[35.089434,54.972947],[35.081478,54.973198],[35.080458,54.971994],[35.081801,54.969762],[35.075858,54.967199],[35.071413,54.970802],[35.051015,54.969835],[35.049264,54.968629],[35.049243,54.966251],[35.053529,54.964086],[35.05219,54.960383],[35.034616,54.96003],[35.030264,54.95778],[35.030264,54.955651],[35.034159,54.95242],[35.043906,54.950231],[35.043514,54.945521],[35.036426,54.945414],[35.032614,54.941414],[35.028719,54.940739],[35.023048,54.941391],[35.013161,54.94545],[35.009411,54.945272],[35.006546,54.94268]]]}},{"type":"Feature","id":"81995-2005","properties":{"id":"81995-2005","name":"Медынский район","name_ru":"Медынский район","subject_id":"81995","subject_name":"Калужская область","source_gid":2005,"source_fid":2115,"names_rosstat":"Медынский муниципальный район","population":12342,"area_km2":1152.9313583148287,"density_km2":10.704887078481036,"source":"Актуализированный объединённый GeoJSON, предоставленный преподавателем","name_en":"Medynskii District","name_zh":"Medynskii区","subject_name_en":"Kaluga Oblast","subject_name_zh":"卡卢加州"},"geometry":{"type":"Polygon","coordinates":[[[35.484357,54.98604],[35.500044,54.981248],[35.517897,54.989336],[35.520681,54.992277],[35.519621,54.993266],[35.526691,55.001073],[35.536987,55.000338],[35.539349,55.001893],[35.53915,55.004237],[35.540255,55.004782],[35.548232,55.00572],[35.55254,55.00079],[35.569487,54.994098],[35.576071,54.993972],[35.574967,54.988458],[35.578767,54.986581],[35.575917,54.982829],[35.569797,54.978822],[35.568382,54.975627],[35.56931,54.972951],[35.574547,54.97186],[35.570194,54.968347],[35.571984,54.966901],[35.574171,54.96666],[35.576535,54.968322],[35.580491,54.967079],[35.581198,54.96893],[35.591936,54.977123],[35.60042,54.973686],[35.614628,54.973255],[35.623068,54.97484],[35.619002,54.96784],[35.614009,54.965037],[35.625975,54.957886],[35.624619,54.957263],[35.624651,54.953208],[35.630806,54.949278],[35.638337,54.948147],[35.642993,54.943625],[35.64043,54.941238],[35.63929,54.931565],[35.64318,54.930126],[35.642149,54.928564],[35.646992,54.928599],[35.649679,54.917215],[35.648586,54.916766],[35.648797,54.914417],[35.653141,54.912556],[35.657398,54.914539],[35.657273,54.912994],[35.668147,54.910964],[35.668584,54.912635],[35.672365,54.913066],[35.672053,54.918238],[35.676771,54.918849],[35.689551,54.915724],[35.699247,54.919332],[35.707831,54.920465],[35.714214,54.919278],[35.716886,54.916423],[35.727539,54.914304],[35.740453,54.91655],[35.742462,54.918264],[35.741071,54.920356],[35.755429,54.923768],[35.755617,54.922403],[35.759007,54.921389],[35.760851,54.918785],[35.772743,54.920244],[35.786265,54.917124],[35.788359,54.911924],[35.786515,54.908412],[35.790577,54.902098],[35.799229,54.900147],[35.79685,54.898001],[35.797492,54.8972],[35.801766,54.896057],[35.805876,54.897124],[35.811922,54.895183],[35.810104,54.890608],[35.80045,54.885634],[35.799988,54.884198],[35.802615,54.8821],[35.80771,54.882956],[35.806256,54.880379],[35.806695,54.876454],[35.816191,54.872225],[35.834846,54.876035],[35.840126,54.871854],[35.840785,54.865047],[35.84725,54.863028],[35.853847,54.863489],[35.853775,54.865085],[35.860696,54.867111],[35.86151,54.868434],[35.863508,54.867195],[35.879879,54.869719],[35.907203,54.863715],[35.922289,54.868473],[35.919231,54.873196],[35.924188,54.880621],[35.926558,54.887178],[35.925888,54.889258],[35.92924,54.89372],[35.953959,54.895476],[35.946932,54.899834],[35.949535,54.903388],[35.957147,54.908719],[35.958254,54.912833],[35.961702,54.915526],[35.973186,54.915264],[35.981189,54.917265],[35.987142,54.914853],[35.981872,54.90928],[35.985612,54.904597],[35.993164,54.903063],[35.994838,54.899132],[36.00496,54.898535],[36.007428,54.90255],[36.024954,54.903864],[36.028652,54.908729],[36.026946,54.911553],[36.007022,54.928649],[36.01835,54.928812],[36.029183,54.931885],[36.03196,54.929477],[36.035342,54.929463],[36.034156,54.927621],[36.042965,54.927969],[36.071387,54.934278],[36.070302,54.938309],[36.075805,54.938033],[36.073238,54.942198],[36.070845,54.942832],[36.067736,54.946774],[36.075632,54.948813],[36.084458,54.954014],[36.082334,54.956224],[36.08657,54.964081],[36.082746,54.967133],[36.074791,54.969911],[36.073829,54.972253],[36.067657,54.97212],[36.060093,54.9749],[36.064926,54.988184],[36.07722,54.99132],[36.079144,54.996367],[36.078088,54.997955],[36.083015,54.99743],[36.087449,54.993594],[36.090686,55.001023],[36.088106,55.004844],[36.084516,55.006836],[36.089208,55.009742],[36.095191,55.009459],[36.100845,55.01363],[36.102417,55.016858],[36.094886,55.021377],[36.094886,55.025143],[36.092704,55.026313],[36.091811,55.029205],[36.099515,55.032624],[36.099507,55.041294],[36.101497,55.04753],[36.102626,55.047815],[36.10173,55.050305],[36.095459,55.052319],[36.09088,55.051787],[36.092467,55.067976],[36.098837,55.067919],[36.099003,55.072972],[36.104909,55.076961],[36.099036,55.082868],[36.098671,55.084748],[36.083243,55.082545],[36.078963,55.089552],[36.078133,55.095059],[36.073238,55.105174],[36.06394,55.107345],[36.047102,55.104967],[36.041527,55.108017],[36.041649,55.110617],[36.039255,55.113298],[36.04177,55.117904],[36.032449,55.120203],[36.024911,55.118521],[36.024495,55.120111],[36.032215,55.12264],[36.037785,55.126259],[36.042614,55.119298],[36.049684,55.118637],[36.050962,55.119803],[36.050455,55.12246],[36.057465,55.127251],[36.04936,55.130731],[36.043371,55.126245],[36.042088,55.12662],[36.044866,55.13344],[36.046397,55.133793],[36.044478,55.136308],[36.042258,55.136228],[36.044022,55.136806],[36.042279,55.137606],[36.044747,55.139525],[36.038549,55.139516],[36.033809,55.134755],[36.035884,55.131682],[36.02954,55.130282],[36.017852,55.132886],[36.020339,55.136677],[36.025948,55.139165],[36.027386,55.145891],[36.026359,55.147586],[36.031906,55.151074],[36.033609,55.157732],[36.031672,55.158671],[36.032523,55.159912],[36.039274,55.16179],[36.042091,55.166887],[36.041035,55.167222],[36.043647,55.1692],[36.042502,55.173257],[36.037791,55.175578],[36.040623,55.17966],[36.028876,55.184519],[36.037083,55.19377],[36.029686,55.195621],[36.021732,55.193108],[36.021175,55.194516],[36.022422,55.197472],[36.026795,55.200932],[36.031535,55.209574],[36.028248,55.212354],[36.009075,55.217445],[36.00732,55.219524],[35.998766,55.220075],[35.995983,55.217517],[35.993353,55.220033],[35.985709,55.222952],[35.972338,55.236971],[35.96499,55.23776],[35.958879,55.2418],[35.949889,55.239371],[35.94346,55.235563],[35.943979,55.233452],[35.930504,55.232419],[35.928931,55.235174],[35.92195,55.239766],[35.90189,55.240554],[35.901834,55.244519],[35.900589,55.245523],[35.888598,55.247898],[35.886589,55.242819],[35.886624,55.238095],[35.860387,55.239271],[35.861134,55.237122],[35.850987,55.235958],[35.848609,55.232497],[35.842833,55.232315],[35.814427,55.246011],[35.815583,55.250342],[35.818562,55.253058],[35.817676,55.257603],[35.82125,55.258147],[35.822958,55.25526],[35.826741,55.254675],[35.828911,55.262209],[35.824452,55.264877],[35.814615,55.26209],[35.808321,55.261947],[35.795477,55.264474],[35.793411,55.261105],[35.787069,55.266876],[35.777935,55.270675],[35.775795,55.273357],[35.770515,55.273452],[35.76459,55.278869],[35.766965,55.281723],[35.763657,55.285691],[35.752978,55.29006],[35.748529,55.294716],[35.741156,55.295578],[35.734908,55.292015],[35.721289,55.282609],[35.722417,55.2794],[35.718431,55.279478],[35.716352,55.285573],[35.706761,55.290904],[35.664077,55.278065],[35.642689,55.284687],[35.64216,55.287648],[35.63689,55.289517],[35.632717,55.286759],[35.616332,55.288253],[35.616076,55.292077],[35.610076,55.295669],[35.599991,55.289704],[35.57308,55.290267],[35.575861,55.286684],[35.574857,55.280911],[35.560637,55.275855],[35.576835,55.269049],[35.576493,55.262246],[35.570196,55.259671],[35.564724,55.253133],[35.57585,55.251587],[35.580037,55.252691],[35.58813,55.251551],[35.59163,55.249449],[35.60091,55.250393],[35.607917,55.253473],[35.61151,55.251853],[35.621509,55.254204],[35.623658,55.252121],[35.624634,55.247578],[35.620096,55.246314],[35.620421,55.24369],[35.615935,55.240944],[35.619822,55.237121],[35.625915,55.239598],[35.626298,55.238299],[35.629524,55.237404],[35.627134,55.233789],[35.635165,55.231722],[35.633678,55.228887],[35.640793,55.225762],[35.633321,55.221422],[35.629855,55.222448],[35.625822,55.221528],[35.628972,55.215755],[35.618719,55.21065],[35.609837,55.208279],[35.60206,55.210561],[35.601883,55.208607],[35.598922,55.206729],[35.599872,55.202139],[35.58962,55.204774],[35.589598,55.202379],[35.593796,55.198936],[35.594415,55.196427],[35.583301,55.194257],[35.580539,55.195014],[35.577424,55.18983],[35.57897,55.187989],[35.571502,55.184003],[35.573027,55.179638],[35.585334,55.187459],[35.589443,55.186589],[35.5986,55.183136],[35.609484,55.176433],[35.602789,55.173152],[35.61008,55.17348],[35.61103,55.172471],[35.609263,55.171676],[35.609859,55.168155],[35.602126,55.164962],[35.598215,55.165846],[35.598569,55.16322],[35.593708,55.162678],[35.588582,55.159838],[35.58361,55.154776],[35.592912,55.151885],[35.591034,55.141215],[35.587963,55.136289],[35.591808,55.135001],[35.596514,55.135771],[35.604313,55.132588],[35.611826,55.13293],[35.613306,55.135683],[35.617416,55.136731],[35.62537,55.135999],[35.625635,55.132336],[35.632683,55.129784],[35.628861,55.126171],[35.625878,55.125729],[35.624972,55.121117],[35.626011,55.120107],[35.634164,55.120461],[35.636506,55.118995],[35.63971,55.119917],[35.64066,55.123152],[35.646029,55.122571],[35.644637,55.117592],[35.657474,55.122747],[35.656818,55.126332],[35.660184,55.129148],[35.668442,55.130825],[35.668599,55.124099],[35.672161,55.122142],[35.675254,55.122392],[35.677738,55.127538],[35.6828,55.126162],[35.683925,55.123723],[35.682988,55.120543],[35.685581,55.117049],[35.679473,55.114994],[35.680301,55.113689],[35.679269,55.113198],[35.688034,55.104315],[35.685285,55.104002],[35.683691,55.106299],[35.680879,55.105012],[35.676207,55.100033],[35.673395,55.099148],[35.67541,55.094812],[35.674098,55.094544],[35.664661,55.099327],[35.659365,55.099506],[35.659521,55.09382],[35.667323,55.088113],[35.665427,55.086202],[35.652287,55.082616],[35.646366,55.084709],[35.638257,55.084029],[35.639054,55.081847],[35.642538,55.07945],[35.647397,55.080819],[35.648803,55.079889],[35.641423,55.073642],[35.636093,55.07262],[35.639238,55.069899],[35.638317,55.064717],[35.645484,55.064414],[35.643104,55.060873],[35.639233,55.059002],[35.629137,55.059617],[35.629493,55.057192],[35.624868,55.054875],[35.612463,55.051554],[35.585559,55.048664],[35.585387,55.046838],[35.580794,55.043588],[35.535405,55.02832],[35.531857,55.010351],[35.515025,55.011894],[35.509987,55.000617],[35.498277,55.004216],[35.497835,55.002416],[35.499514,55.001681],[35.498233,55.000287],[35.498763,54.998082],[35.484357,54.98779],[35.484357,54.98604]]]}},{"type":"Feature","id":"81995-2124","properties":{"id":"81995-2124","name":"Боровский район","name_ru":"Боровский район","subject_id":"81995","subject_name":"Калужская область","source_gid":2124,"source_fid":2234,"names_rosstat":"Боровский муниципальный район","population":84597,"area_km2":760.4150880717231,"density_km2":111.25108026791379,"source":"Актуализированный объединённый GeoJSON, предоставленный преподавателем","name_en":"Borovskii District","name_zh":"Borovskii区","subject_name_en":"Kaluga Oblast","subject_name_zh":"卡卢加州"},"geometry":{"type":"Polygon","coordinates":[[[36.017852,55.132886],[36.02954,55.130282],[36.035884,55.131682],[36.033809,55.134755],[36.038549,55.139516],[36.044747,55.139525],[36.042279,55.137606],[36.044022,55.136806],[36.042258,55.136228],[36.044478,55.136308],[36.046397,55.133793],[36.044866,55.13344],[36.042088,55.12662],[36.043371,55.126245],[36.04936,55.130731],[36.057465,55.127251],[36.050455,55.12246],[36.050962,55.119803],[36.049684,55.118637],[36.042614,55.119298],[36.037785,55.126259],[36.032215,55.12264],[36.024495,55.120111],[36.024911,55.118521],[36.032449,55.120203],[36.04177,55.117904],[36.039255,55.113298],[36.041649,55.110617],[36.041527,55.108017],[36.047102,55.104967],[36.06394,55.107345],[36.073238,55.105174],[36.07524,55.101233],[36.081119,55.102102],[36.094582,55.100288],[36.105089,55.095888],[36.110314,55.086834],[36.1221,55.088363],[36.124697,55.085975],[36.134389,55.08575],[36.134451,55.084182],[36.139905,55.083497],[36.137791,55.080012],[36.135228,55.080964],[36.136536,55.075944],[36.134273,55.074631],[36.13693,55.073283],[36.150882,55.073425],[36.162857,55.079021],[36.163924,55.083075],[36.174753,55.086149],[36.178945,55.085484],[36.184372,55.087652],[36.184289,55.090443],[36.186354,55.092213],[36.188469,55.091586],[36.18728,55.090149],[36.188249,55.089267],[36.197994,55.090989],[36.199667,55.086059],[36.204465,55.086378],[36.208222,55.088545],[36.204612,55.094256],[36.20586,55.097338],[36.209098,55.099922],[36.209333,55.102517],[36.215027,55.102878],[36.217038,55.101509],[36.211493,55.095731],[36.21244,55.09321],[36.218615,55.092675],[36.220804,55.09375],[36.226906,55.089831],[36.235996,55.095709],[36.242607,55.096958],[36.248293,55.091345],[36.259325,55.101271],[36.258225,55.102463],[36.259237,55.104218],[36.264843,55.109087],[36.277784,55.110933],[36.275994,55.108154],[36.269536,55.105837],[36.268759,55.104212],[36.272202,55.101663],[36.27118,55.10009],[36.275025,55.099065],[36.277231,55.095718],[36.268878,55.092868],[36.269809,55.091885],[36.278218,55.089009],[36.280442,55.090537],[36.287625,55.089605],[36.29012,55.084683],[36.299498,55.086086],[36.312295,55.083121],[36.332658,55.085062],[36.335459,55.084216],[36.337748,55.077563],[36.34017,55.074774],[36.335694,55.067329],[36.331951,55.065657],[36.336545,55.063867],[36.344338,55.0658],[36.346174,55.069352],[36.348426,55.070207],[36.351445,55.069173],[36.350086,55.065632],[36.37173,55.069789],[36.376779,55.069167],[36.379215,55.075536],[36.385379,55.080425],[36.396444,55.079837],[36.399232,55.077199],[36.404278,55.075759],[36.404687,55.074283],[36.409367,55.073637],[36.421217,55.077118],[36.435122,55.075598],[36.43836,55.077309],[36.454216,55.078782],[36.462892,55.07871],[36.462186,55.077166],[36.463929,55.076406],[36.473642,55.077261],[36.475552,55.075051],[36.480309,55.075879],[36.488129,55.083819],[36.499847,55.080796],[36.500885,55.079193],[36.507339,55.081097],[36.50706,55.077576],[36.513782,55.078613],[36.514814,55.077331],[36.524746,55.081936],[36.532461,55.093532],[36.545204,55.092891],[36.551929,55.096359],[36.572434,55.095694],[36.578786,55.097533],[36.573493,55.104921],[36.568229,55.108427],[36.555076,55.107384],[36.554478,55.105834],[36.547538,55.102511],[36.537217,55.102679],[36.546683,55.114995],[36.543339,55.121095],[36.545592,55.121337],[36.544223,55.1224],[36.544517,55.126323],[36.554412,55.126503],[36.553661,55.131548],[36.556299,55.132046],[36.553122,55.132252],[36.55287,55.133282],[36.560121,55.139199],[36.592582,55.137997],[36.602631,55.146425],[36.619084,55.141254],[36.615726,55.139658],[36.615672,55.137249],[36.623837,55.134911],[36.624706,55.133164],[36.62162,55.126384],[36.626619,55.125569],[36.630859,55.126714],[36.632802,55.131036],[36.63909,55.129506],[36.643403,55.134197],[36.643302,55.137734],[36.648517,55.137122],[36.651152,55.132505],[36.65351,55.132229],[36.654166,55.133978],[36.651479,55.136297],[36.649367,55.14208],[36.653477,55.14295],[36.657684,55.141403],[36.653605,55.132021],[36.648808,55.122698],[36.64898,55.120322],[36.651209,55.119374],[36.647931,55.117669],[36.645761,55.114118],[36.650821,55.111731],[36.651851,55.112545],[36.659998,55.11061],[36.664355,55.117939],[36.656208,55.121216],[36.65408,55.120895],[36.653229,55.121741],[36.654259,55.123035],[36.651011,55.125442],[36.65576,55.129733],[36.653162,55.13004],[36.657978,55.140425],[36.667968,55.145303],[36.68793,55.146615],[36.686649,55.145312],[36.688571,55.14434],[36.696413,55.151528],[36.700867,55.150801],[36.713285,55.153292],[36.707686,55.159899],[36.701,55.165058],[36.701881,55.166021],[36.70103,55.1695],[36.705301,55.173933],[36.707062,55.17333],[36.712556,55.175285],[36.711332,55.178928],[36.713486,55.184055],[36.712945,55.18576],[36.714501,55.190617],[36.719396,55.193723],[36.719126,55.198097],[36.722177,55.199492],[36.728922,55.19723],[36.738324,55.200772],[36.745132,55.200792],[36.747124,55.205391],[36.758746,55.20828],[36.76464,55.208055],[36.76381,55.210791],[36.780206,55.20982],[36.790229,55.212262],[36.792871,55.209806],[36.791801,55.20366],[36.794124,55.201671],[36.802641,55.203283],[36.80179,55.206089],[36.805164,55.210742],[36.811717,55.21252],[36.813384,55.214832],[36.80726,55.219756],[36.805039,55.223682],[36.805946,55.225183],[36.793999,55.225208],[36.794543,55.235434],[36.799951,55.242472],[36.787527,55.246629],[36.790556,55.251736],[36.788497,55.256737],[36.777875,55.258227],[36.763246,55.269828],[36.757279,55.269622],[36.74242,55.263965],[36.737084,55.264163],[36.726267,55.259771],[36.711461,55.263968],[36.706826,55.263309],[36.705454,55.264268],[36.696494,55.261989],[36.691963,55.267482],[36.687764,55.269125],[36.672858,55.268415],[36.659326,55.27749],[36.642988,55.277384],[36.639099,55.267285],[36.63213,55.266024],[36.621651,55.265042],[36.619281,55.268526],[36.614139,55.269467],[36.611736,55.274006],[36.600553,55.2829],[36.606065,55.286703],[36.608423,55.290232],[36.606551,55.291654],[36.612989,55.29431],[36.609432,55.302594],[36.607837,55.311182],[36.613655,55.313149],[36.619718,55.313327],[36.618244,55.310081],[36.624086,55.30808],[36.625938,55.310426],[36.622419,55.313813],[36.627067,55.316018],[36.622934,55.316037],[36.600329,55.334693],[36.602934,55.336292],[36.601861,55.33446],[36.604941,55.333068],[36.612107,55.33643],[36.613155,55.338179],[36.609333,55.340548],[36.62008,55.344622],[36.617343,55.34872],[36.610071,55.349669],[36.609305,55.348317],[36.600825,55.35128],[36.592654,55.34623],[36.590026,55.337704],[36.581561,55.336567],[36.573833,55.330586],[36.559329,55.328106],[36.556526,55.322034],[36.549792,55.319651],[36.545177,55.323126],[36.536994,55.324067],[36.532629,55.320823],[36.534338,55.31874],[36.534272,55.314904],[36.538356,55.312169],[36.535195,55.307073],[36.51643,55.296301],[36.509194,55.303281],[36.502358,55.304707],[36.493123,55.302336],[36.485538,55.304501],[36.479731,55.301485],[36.478536,55.302757],[36.461143,55.301174],[36.462573,55.293134],[36.437436,55.29056],[36.435488,55.290908],[36.435479,55.294671],[36.431434,55.295512],[36.427741,55.294016],[36.423473,55.294388],[36.417366,55.303984],[36.422903,55.306009],[36.417816,55.308878],[36.415494,55.308623],[36.416789,55.305262],[36.408968,55.301005],[36.384994,55.294424],[36.385626,55.292581],[36.388876,55.291862],[36.389821,55.290212],[36.383594,55.287349],[36.389507,55.282997],[36.389854,55.281104],[36.379882,55.277087],[36.375248,55.279931],[36.36929,55.280448],[36.371013,55.277843],[36.368929,55.277218],[36.374189,55.274135],[36.379921,55.272885],[36.37548,55.271284],[36.372137,55.264469],[36.375736,55.263019],[36.380473,55.264946],[36.383039,55.261133],[36.381199,55.259296],[36.383547,55.258372],[36.37965,55.256658],[36.379077,55.25497],[36.368913,55.252423],[36.366667,55.249912],[36.363813,55.249118],[36.362528,55.249135],[36.363842,55.250371],[36.362625,55.251472],[36.362787,55.254229],[36.357004,55.251949],[36.350131,55.255062],[36.346834,55.2538],[36.34347,55.255067],[36.341206,55.251047],[36.340418,55.245893],[36.33347,55.237692],[36.330967,55.229027],[36.334436,55.224302],[36.333297,55.220969],[36.327307,55.214391],[36.31068,55.210545],[36.312246,55.210303],[36.295486,55.190839],[36.297948,55.18814],[36.301228,55.18957],[36.313482,55.18574],[36.29471,55.180998],[36.279491,55.178965],[36.275582,55.176991],[36.277793,55.173893],[36.274694,55.172982],[36.264784,55.171484],[36.262808,55.172821],[36.253937,55.179359],[36.254279,55.183311],[36.248495,55.191041],[36.238393,55.188641],[36.22895,55.189969],[36.228067,55.188549],[36.230277,55.188517],[36.230703,55.186545],[36.225895,55.187184],[36.223014,55.189829],[36.21453,55.189722],[36.190451,55.193375],[36.174593,55.193026],[36.166193,55.190973],[36.157489,55.185672],[36.151058,55.183841],[36.139256,55.174135],[36.122916,55.179226],[36.126512,55.182074],[36.115594,55.184988],[36.115847,55.188169],[36.113321,55.19563],[36.106791,55.204877],[36.097152,55.207665],[36.098203,55.209404],[36.104056,55.209414],[36.103751,55.210854],[36.109338,55.208868],[36.113576,55.210082],[36.109828,55.209909],[36.095673,55.214282],[36.093564,55.209939],[36.084376,55.210561],[36.076826,55.214526],[36.074294,55.2166],[36.075183,55.21809],[36.073189,55.218767],[36.065995,55.215439],[36.061486,55.217445],[36.048653,55.215264],[36.045495,55.217611],[36.046689,55.218212],[36.045379,55.22076],[36.047799,55.222666],[36.043832,55.223942],[36.045367,55.226442],[36.038665,55.227703],[36.031159,55.225357],[36.02625,55.221231],[36.020911,55.220437],[36.022202,55.213082],[36.028248,55.212354],[36.031535,55.209574],[36.026795,55.200932],[36.022422,55.197472],[36.021175,55.194516],[36.021732,55.193108],[36.029686,55.195621],[36.037083,55.19377],[36.028876,55.184519],[36.040623,55.17966],[36.037791,55.175578],[36.042502,55.173257],[36.043647,55.1692],[36.041035,55.167222],[36.042091,55.166887],[36.039274,55.16179],[36.032523,55.159912],[36.031672,55.158671],[36.033609,55.157732],[36.031906,55.151074],[36.026359,55.147586],[36.027386,55.145891],[36.025948,55.139165],[36.020339,55.136677],[36.017852,55.132886]]]}},{"type":"Feature","id":"81995-2125","properties":{"id":"81995-2125","name":"Малоярославецкий район","name_ru":"Малоярославецкий район","subject_id":"81995","subject_name":"Калужская область","source_gid":2125,"source_fid":2235,"names_rosstat":"Малоярославецкий муниципальный район","population":71187,"area_km2":1547.3244295044071,"density_km2":46.006512042726875,"source":"Актуализированный объединённый GeoJSON, предоставленный преподавателем","name_en":"Maloiaroslavetskii District","name_zh":"Maloiaroslavetskii区","subject_name_en":"Kaluga Oblast","subject_name_zh":"卡卢加州"},"geometry":{"type":"Polygon","coordinates":[[[36.052683,54.929796],[36.054827,54.924921],[36.071666,54.922154],[36.074516,54.920393],[36.074548,54.917613],[36.083115,54.917257],[36.082984,54.914393],[36.084873,54.911603],[36.080639,54.907222],[36.084465,54.905106],[36.083636,54.902934],[36.085232,54.901997],[36.088306,54.894246],[36.087081,54.884101],[36.094733,54.881667],[36.109228,54.88172],[36.105945,54.88051],[36.103907,54.870299],[36.096607,54.862609],[36.098538,54.86023],[36.094024,54.857114],[36.100582,54.856054],[36.10142,54.852249],[36.118898,54.852848],[36.117187,54.850545],[36.126388,54.846139],[36.131034,54.846313],[36.132722,54.844995],[36.135052,54.841192],[36.126775,54.838792],[36.120114,54.829264],[36.123337,54.825963],[36.133184,54.819342],[36.144888,54.814878],[36.156205,54.820915],[36.163853,54.819939],[36.164818,54.818066],[36.181158,54.817913],[36.184961,54.814648],[36.182776,54.813482],[36.158109,54.811943],[36.159299,54.799866],[36.152751,54.798703],[36.151972,54.794944],[36.150637,54.794722],[36.153861,54.786345],[36.154781,54.771513],[36.156524,54.764766],[36.155063,54.754612],[36.156199,54.75298],[36.161856,54.751006],[36.16485,54.751705],[36.165053,54.750519],[36.164364,54.748764],[36.146285,54.741874],[36.151209,54.732675],[36.14969,54.723396],[36.151896,54.721258],[36.159374,54.722123],[36.169866,54.721071],[36.171365,54.717876],[36.160223,54.714541],[36.167615,54.689997],[36.165376,54.687817],[36.160638,54.686484],[36.167282,54.676786],[36.178443,54.67531],[36.179909,54.670272],[36.178103,54.66773],[36.185477,54.668528],[36.190244,54.670693],[36.181824,54.670889],[36.181447,54.673838],[36.184373,54.678193],[36.190138,54.676015],[36.197232,54.676656],[36.203574,54.683044],[36.211039,54.678987],[36.208309,54.677522],[36.213794,54.674219],[36.225956,54.674641],[36.228504,54.682846],[36.226627,54.684762],[36.223689,54.693214],[36.227373,54.705758],[36.230014,54.710293],[36.229313,54.711201],[36.241015,54.712256],[36.240412,54.711239],[36.244002,54.709758],[36.244048,54.707508],[36.252234,54.70587],[36.260354,54.709347],[36.257571,54.720763],[36.270709,54.716952],[36.267224,54.714599],[36.268899,54.713893],[36.289792,54.714816],[36.289634,54.707731],[36.291378,54.70318],[36.295663,54.700267],[36.300407,54.692735],[36.306839,54.696188],[36.311889,54.69384],[36.320331,54.695305],[36.322964,54.698601],[36.325772,54.697251],[36.331247,54.697234],[36.332709,54.692236],[36.334394,54.692103],[36.342142,54.692094],[36.350721,54.699731],[36.355402,54.698678],[36.354053,54.697326],[36.35858,54.698291],[36.359398,54.698814],[36.356993,54.700569],[36.358347,54.70385],[36.369218,54.704307],[36.371496,54.708945],[36.371099,54.711246],[36.368662,54.712729],[36.361229,54.710929],[36.360166,54.712281],[36.355175,54.711919],[36.360031,54.714208],[36.359683,54.715962],[36.361775,54.716922],[36.361988,54.718438],[36.371684,54.72076],[36.370264,54.724092],[36.372415,54.725077],[36.378582,54.723466],[36.37962,54.719426],[36.391464,54.718117],[36.392209,54.715647],[36.399395,54.715937],[36.39723,54.711266],[36.408901,54.708165],[36.416693,54.708995],[36.413957,54.716557],[36.421731,54.716607],[36.42322,54.718417],[36.422545,54.716577],[36.427013,54.709615],[36.417922,54.706454],[36.4191,54.705303],[36.418805,54.701402],[36.414026,54.700141],[36.405265,54.702892],[36.403689,54.702232],[36.400399,54.699881],[36.404659,54.69877],[36.402789,54.696559],[36.403949,54.695308],[36.40078,54.693827],[36.402455,54.693131],[36.410581,54.696404],[36.417726,54.693024],[36.425124,54.693044],[36.430405,54.694643],[36.437749,54.685136],[36.43993,54.684149],[36.44342,54.684874],[36.447507,54.683011],[36.451662,54.683122],[36.456243,54.681501],[36.458046,54.678627],[36.467172,54.676458],[36.469271,54.680278],[36.472052,54.680602],[36.474192,54.682675],[36.482472,54.681618],[36.489257,54.679258],[36.48606,54.676848],[36.490617,54.676932],[36.502089,54.671201],[36.506928,54.671779],[36.506191,54.674296],[36.512957,54.681329],[36.515274,54.686669],[36.520089,54.688224],[36.522625,54.686815],[36.526988,54.68743],[36.530984,54.691348],[36.533505,54.690623],[36.53737,54.69642],[36.539589,54.695329],[36.544895,54.69614],[36.545151,54.701653],[36.54842,54.704307],[36.541652,54.706535],[36.549241,54.70712],[36.552426,54.712161],[36.549821,54.712517],[36.551316,54.716423],[36.55366,54.717587],[36.560271,54.715052],[36.567512,54.719837],[36.567758,54.722712],[36.578787,54.725867],[36.592572,54.722755],[36.595588,54.720683],[36.595074,54.71875],[36.596198,54.718005],[36.594938,54.715563],[36.598729,54.715798],[36.599049,54.714045],[36.602424,54.714426],[36.606827,54.712824],[36.606875,54.716751],[36.617959,54.709978],[36.620432,54.710919],[36.629295,54.709205],[36.633222,54.710359],[36.652123,54.701889],[36.654152,54.699995],[36.654086,54.697336],[36.666535,54.694323],[36.668878,54.699252],[36.67592,54.70527],[36.683969,54.704172],[36.683794,54.706771],[36.685867,54.707388],[36.692558,54.705506],[36.694231,54.703489],[36.699981,54.703417],[36.700262,54.707223],[36.705677,54.708722],[36.704524,54.710528],[36.692264,54.712454],[36.682747,54.707498],[36.679071,54.710865],[36.679894,54.714355],[36.678166,54.718074],[36.679606,54.721587],[36.682719,54.722902],[36.6873,54.720292],[36.691249,54.72468],[36.68826,54.72468],[36.688692,54.726679],[36.683049,54.727094],[36.684357,54.735446],[36.692779,54.739107],[36.709016,54.738311],[36.708939,54.740172],[36.711994,54.74045],[36.715305,54.749797],[36.720431,54.756994],[36.730478,54.758374],[36.734568,54.757325],[36.735341,54.75924],[36.731254,54.76306],[36.733324,54.767866],[36.731741,54.76992],[36.740618,54.77464],[36.740204,54.778519],[36.742276,54.780918],[36.733531,54.781085],[36.723132,54.783829],[36.724112,54.785561],[36.707867,54.78763],[36.708688,54.791044],[36.717183,54.794244],[36.72007,54.797108],[36.712712,54.800904],[36.724709,54.807567],[36.732213,54.813599],[36.739973,54.823307],[36.754587,54.825799],[36.763477,54.833515],[36.774835,54.835235],[36.771264,54.836439],[36.770852,54.840759],[36.76744,54.842319],[36.758291,54.844669],[36.74902,54.841367],[36.74413,54.842147],[36.744411,54.845298],[36.739925,54.845966],[36.74274,54.848357],[36.733433,54.850767],[36.728789,54.849805],[36.740294,54.857876],[36.740576,54.862808],[36.746364,54.863658],[36.7594,54.862443],[36.766155,54.874176],[36.753541,54.879005],[36.750867,54.88279],[36.75143,54.884814],[36.747957,54.888508],[36.745409,54.888526],[36.742933,54.892473],[36.733504,54.893779],[36.726396,54.89134],[36.708241,54.89474],[36.698987,54.89219],[36.698319,54.893708],[36.693956,54.893627],[36.688097,54.89129],[36.681254,54.891391],[36.679055,54.895944],[36.669894,54.906657],[36.670681,54.908001],[36.669369,54.911255],[36.671744,54.913188],[36.649007,54.923775],[36.642199,54.924564],[36.629279,54.939314],[36.617483,54.949532],[36.620549,54.967861],[36.606241,54.974543],[36.606322,54.985954],[36.59952,55.003745],[36.602927,55.007005],[36.618043,55.00784],[36.619785,55.010672],[36.623596,55.012561],[36.625555,55.018671],[36.630626,55.024335],[36.628447,55.029337],[36.623045,55.034923],[36.61707,55.047611],[36.608948,55.048965],[36.604805,55.053064],[36.597314,55.051983],[36.585578,55.053429],[36.59346,55.055093],[36.596089,55.057429],[36.594451,55.058962],[36.587107,55.058311],[36.576756,55.060002],[36.57884,55.062146],[36.578598,55.068824],[36.584689,55.072787],[36.585825,55.075439],[36.573834,55.077605],[36.56367,55.077616],[36.559132,55.080626],[36.556552,55.085037],[36.558353,55.090455],[36.565872,55.091235],[36.575156,55.088432],[36.578986,55.092289],[36.578786,55.097533],[36.572434,55.095694],[36.551929,55.096359],[36.545204,55.092891],[36.532461,55.093532],[36.524746,55.081936],[36.514814,55.077331],[36.513782,55.078613],[36.50706,55.077576],[36.507339,55.081097],[36.500885,55.079193],[36.499847,55.080796],[36.488129,55.083819],[36.480309,55.075879],[36.475552,55.075051],[36.473642,55.077261],[36.463929,55.076406],[36.462186,55.077166],[36.462892,55.07871],[36.454216,55.078782],[36.43836,55.077309],[36.435122,55.075598],[36.421217,55.077118],[36.409367,55.073637],[36.404687,55.074283],[36.404278,55.075759],[36.399232,55.077199],[36.396444,55.079837],[36.385379,55.080425],[36.379215,55.075536],[36.376779,55.069167],[36.37173,55.069789],[36.350086,55.065632],[36.351445,55.069173],[36.348426,55.070207],[36.346174,55.069352],[36.344338,55.0658],[36.33923,55.063825],[36.331951,55.065657],[36.335694,55.067329],[36.34017,55.074774],[36.337748,55.077563],[36.335459,55.084216],[36.332658,55.085062],[36.312295,55.083121],[36.299498,55.086086],[36.29012,55.084683],[36.287625,55.089605],[36.280442,55.090537],[36.278218,55.089009],[36.269809,55.091885],[36.268878,55.092868],[36.277231,55.095718],[36.275025,55.099065],[36.27118,55.10009],[36.272202,55.101663],[36.268759,55.104212],[36.269536,55.105837],[36.275994,55.108154],[36.277784,55.110933],[36.264843,55.109087],[36.259237,55.104218],[36.258225,55.102463],[36.259325,55.101271],[36.248293,55.091345],[36.242607,55.096958],[36.235996,55.095709],[36.226906,55.089831],[36.220804,55.09375],[36.218615,55.092675],[36.21244,55.09321],[36.211493,55.095731],[36.217038,55.101509],[36.215027,55.102878],[36.209333,55.102517],[36.209098,55.099922],[36.20586,55.097338],[36.204612,55.094256],[36.208222,55.088545],[36.205551,55.08684],[36.20087,55.085597],[36.197994,55.090989],[36.188249,55.089267],[36.18728,55.090149],[36.188469,55.091586],[36.186354,55.092213],[36.184289,55.090443],[36.184372,55.087652],[36.178945,55.085484],[36.174753,55.086149],[36.163924,55.083075],[36.162857,55.079021],[36.147184,55.07282],[36.13693,55.073283],[36.134273,55.074631],[36.136536,55.075944],[36.135228,55.080964],[36.137791,55.080012],[36.139905,55.083497],[36.134451,55.084182],[36.134389,55.08575],[36.124697,55.085975],[36.1221,55.088363],[36.110314,55.086834],[36.105089,55.095888],[36.094582,55.100288],[36.081119,55.102102],[36.07524,55.101233],[36.078133,55.095059],[36.078963,55.089552],[36.083243,55.082545],[36.098671,55.084748],[36.099036,55.082868],[36.104909,55.076961],[36.099003,55.072972],[36.098837,55.067919],[36.092467,55.067976],[36.09088,55.051787],[36.095459,55.052319],[36.10173,55.050305],[36.102626,55.047815],[36.101497,55.04753],[36.099507,55.041294],[36.099515,55.032624],[36.091811,55.029205],[36.092704,55.026313],[36.094886,55.025143],[36.094886,55.021377],[36.102417,55.016858],[36.100845,55.01363],[36.095191,55.009459],[36.089208,55.009742],[36.084516,55.006836],[36.088106,55.004844],[36.090686,55.001023],[36.087449,54.993594],[36.083015,54.99743],[36.078088,54.997955],[36.079144,54.996367],[36.07722,54.99132],[36.064926,54.988184],[36.060093,54.9749],[36.067657,54.97212],[36.073829,54.972253],[36.074791,54.969911],[36.082746,54.967133],[36.08657,54.964081],[36.082334,54.956224],[36.084458,54.954014],[36.075632,54.948813],[36.067736,54.946774],[36.070845,54.942832],[36.073238,54.942198],[36.075805,54.938033],[36.070302,54.938309],[36.071387,54.934278],[36.052683,54.929796]]]}},{"type":"Feature","id":"81995-2126","properties":{"id":"81995-2126","name":"Ферзиковский район","name_ru":"Ферзиковский район","subject_id":"81995","subject_name":"Калужская область","source_gid":2126,"source_fid":2236,"names_rosstat":"Ферзиковский муниципальный район","population":18409,"area_km2":1251.0407205449937,"density_km2":14.714948680471764,"source":"Актуализированный объединённый GeoJSON, предоставленный преподавателем","name_en":"Ferzikovskii District","name_zh":"Ferzikovskii区","subject_name_en":"Kaluga Oblast","subject_name_zh":"卡卢加州"},"geometry":{"type":"Polygon","coordinates":[[[36.695453,54.389396],[36.685136,54.39214],[36.68542,54.395895],[36.680393,54.397775],[36.677551,54.401378],[36.677983,54.404204],[36.673937,54.404922],[36.674842,54.407748],[36.67057,54.410601],[36.66383,54.410641],[36.668733,54.412645],[36.67017,54.415912],[36.672991,54.417014],[36.670394,54.419512],[36.663704,54.419139],[36.638233,54.426978],[36.618055,54.419976],[36.60827,54.420087],[36.602982,54.424079],[36.594966,54.436139],[36.588806,54.441474],[36.584233,54.443263],[36.577435,54.443435],[36.543132,54.436569],[36.533997,54.438432],[36.51511,54.448557],[36.508344,54.449824],[36.483048,54.449705],[36.449423,54.446673],[36.415542,54.451098],[36.393491,54.449231],[36.382973,54.450757],[36.379334,54.453555],[36.378054,54.456442],[36.376032,54.456407],[36.375938,54.468803],[36.37081,54.474955],[36.353615,54.489399],[36.337263,54.496018],[36.339053,54.499615],[36.340618,54.500092],[36.339989,54.501511],[36.342995,54.502081],[36.340915,54.50333],[36.341499,54.504278],[36.350013,54.509038],[36.359857,54.508228],[36.36034,54.510479],[36.3689,54.510998],[36.368845,54.509525],[36.37626,54.512617],[36.379903,54.509408],[36.380185,54.512185],[36.383981,54.512553],[36.384715,54.517475],[36.379289,54.519328],[36.376909,54.518531],[36.379564,54.521409],[36.379339,54.524055],[36.384015,54.529047],[36.397758,54.531931],[36.395237,54.534318],[36.398628,54.535414],[36.394551,54.53509],[36.394572,54.536136],[36.391835,54.536434],[36.375282,54.549217],[36.374656,54.555918],[36.376996,54.558384],[36.376389,54.559109],[36.378085,54.559336],[36.377061,54.560062],[36.384201,54.560515],[36.381666,54.564968],[36.379739,54.566668],[36.375192,54.565479],[36.375628,54.563757],[36.365742,54.560446],[36.3641,54.565696],[36.367147,54.572831],[36.366482,54.574757],[36.369069,54.577657],[36.37326,54.57945],[36.374971,54.5778],[36.373131,54.581258],[36.373863,54.582181],[36.374522,54.580516],[36.377761,54.58051],[36.378004,54.578793],[36.379729,54.578071],[36.382648,54.579428],[36.386097,54.567144],[36.39146,54.55881],[36.39724,54.561792],[36.403648,54.56245],[36.404307,54.56315],[36.401799,54.56628],[36.399896,54.566227],[36.399292,54.567522],[36.401196,54.568508],[36.400706,54.569766],[36.402736,54.570089],[36.399505,54.569766],[36.400592,54.573526],[36.396968,54.577992],[36.391752,54.580994],[36.393436,54.583412],[36.391057,54.582118],[36.387309,54.585226],[36.388846,54.586004],[36.372253,54.588046],[36.362321,54.590178],[36.361881,54.591548],[36.35345,54.590387],[36.351526,54.589548],[36.351927,54.587844],[36.342188,54.591585],[36.358337,54.595655],[36.355142,54.598317],[36.354895,54.601717],[36.350794,54.606944],[36.344472,54.608254],[36.345803,54.612726],[36.343924,54.615966],[36.34956,54.616546],[36.34791,54.620811],[36.352865,54.620119],[36.356582,54.625097],[36.363502,54.625109],[36.363251,54.628916],[36.358131,54.627824],[36.353873,54.630361],[36.363754,54.635769],[36.364222,54.639564],[36.368803,54.639694],[36.372653,54.638049],[36.372954,54.641198],[36.379664,54.6414],[36.38139,54.642988],[36.384435,54.641287],[36.39581,54.64122],[36.390079,54.646388],[36.396654,54.649261],[36.397459,54.653362],[36.392009,54.658697],[36.396799,54.665175],[36.39516,54.669673],[36.390884,54.672426],[36.402288,54.671994],[36.40223,54.680539],[36.403597,54.682131],[36.399825,54.68693],[36.401283,54.688502],[36.399363,54.69176],[36.410581,54.696404],[36.417726,54.693024],[36.425124,54.693044],[36.430405,54.694643],[36.437749,54.685136],[36.451662,54.683122],[36.456243,54.681501],[36.458046,54.678627],[36.462318,54.676973],[36.467172,54.676458],[36.469271,54.680278],[36.472052,54.680602],[36.474192,54.682675],[36.489257,54.679258],[36.48606,54.676848],[36.490617,54.676932],[36.5011,54.671403],[36.506424,54.67147],[36.507461,54.67285],[36.506191,54.674296],[36.512957,54.681329],[36.515274,54.686669],[36.520089,54.688224],[36.522625,54.686815],[36.526988,54.68743],[36.530984,54.691348],[36.533505,54.690623],[36.53737,54.69642],[36.539589,54.695329],[36.544895,54.69614],[36.545151,54.701653],[36.54842,54.704307],[36.541652,54.706535],[36.549241,54.70712],[36.552426,54.712161],[36.549821,54.712517],[36.551316,54.716423],[36.55366,54.717587],[36.560271,54.715052],[36.567512,54.719837],[36.567758,54.722712],[36.578787,54.725867],[36.592572,54.722755],[36.595588,54.720683],[36.595074,54.71875],[36.596198,54.718005],[36.594938,54.715563],[36.598729,54.715798],[36.599049,54.714045],[36.602424,54.714426],[36.606827,54.712824],[36.606875,54.716751],[36.617959,54.709978],[36.620432,54.710919],[36.629295,54.709205],[36.633222,54.710359],[36.652123,54.701889],[36.654152,54.699995],[36.654086,54.697336],[36.666535,54.694323],[36.668878,54.699252],[36.67592,54.70527],[36.683969,54.704172],[36.683794,54.706771],[36.685867,54.707388],[36.692558,54.705506],[36.694231,54.703489],[36.699981,54.703417],[36.700262,54.707223],[36.705677,54.708722],[36.704524,54.710528],[36.692264,54.712454],[36.682747,54.707498],[36.679071,54.710865],[36.679894,54.714355],[36.678166,54.718074],[36.679606,54.721587],[36.682719,54.722902],[36.6873,54.720292],[36.691249,54.72468],[36.68826,54.72468],[36.688692,54.726679],[36.683049,54.727094],[36.684357,54.735446],[36.692779,54.739107],[36.707734,54.737775],[36.708482,54.738745],[36.713228,54.73509],[36.724215,54.736002],[36.746818,54.729203],[36.751919,54.724103],[36.751529,54.721847],[36.753697,54.718961],[36.758626,54.720473],[36.760265,54.72328],[36.76728,54.725945],[36.770365,54.719762],[36.771275,54.710185],[36.787745,54.691123],[36.783899,54.68935],[36.784591,54.685208],[36.783058,54.685155],[36.782072,54.68764],[36.77932,54.686895],[36.77972,54.689355],[36.776386,54.687598],[36.768416,54.689575],[36.767913,54.688236],[36.769872,54.687109],[36.75936,54.684424],[36.762047,54.682766],[36.759048,54.681356],[36.758748,54.678673],[36.756037,54.676416],[36.758132,54.676079],[36.76011,54.672928],[36.763766,54.672334],[36.768324,54.668672],[36.782545,54.666841],[36.786247,54.667412],[36.786878,54.669141],[36.785534,54.672321],[36.788606,54.673106],[36.786604,54.677063],[36.794188,54.675604],[36.803417,54.668903],[36.811824,54.670085],[36.81325,54.668641],[36.823306,54.671247],[36.823128,54.67583],[36.825432,54.676448],[36.828271,54.673031],[36.838268,54.67422],[36.83809,54.671183],[36.829848,54.669066],[36.833821,54.654572],[36.830434,54.654655],[36.828336,54.653204],[36.825113,54.645577],[36.829965,54.638803],[36.851791,54.643944],[36.855336,54.643127],[36.855137,54.639714],[36.851544,54.639611],[36.845188,54.63421],[36.86009,54.63176],[36.860996,54.630855],[36.858458,54.625941],[36.87326,54.627261],[36.882243,54.630693],[36.899765,54.632793],[36.892484,54.628023],[36.894979,54.626497],[36.894728,54.622327],[36.898102,54.619674],[36.897364,54.618356],[36.900487,54.617184],[36.898274,54.613677],[36.891558,54.610387],[36.892923,54.609469],[36.887191,54.60785],[36.887094,54.610624],[36.880578,54.609568],[36.87796,54.60767],[36.878658,54.606176],[36.882362,54.604154],[36.883515,54.605319],[36.885756,54.604772],[36.88754,54.601211],[36.888959,54.602928],[36.902707,54.604221],[36.906683,54.603446],[36.907254,54.608686],[36.911107,54.610315],[36.912598,54.604311],[36.920789,54.599528],[36.922296,54.592826],[36.918914,54.585653],[36.915952,54.583375],[36.914783,54.579469],[36.908323,54.580067],[36.907507,54.575474],[36.904513,54.572988],[36.907531,54.570864],[36.898867,54.568121],[36.894968,54.563494],[36.902467,54.55923],[36.905794,54.561244],[36.913831,54.554361],[36.918599,54.553807],[36.929285,54.549586],[36.927349,54.5475],[36.922083,54.550073],[36.917915,54.549266],[36.914239,54.547388],[36.913653,54.545569],[36.916211,54.543978],[36.919232,54.54491],[36.922713,54.54379],[36.934261,54.537192],[36.927743,54.533611],[36.934304,54.529929],[36.942882,54.528016],[36.948924,54.530172],[36.955791,54.527413],[36.960318,54.528035],[36.962893,54.524419],[36.961876,54.522084],[36.957813,54.524861],[36.949412,54.521268],[36.946186,54.522474],[36.950693,54.524822],[36.950588,54.526151],[36.945352,54.527678],[36.941686,54.526825],[36.94328,54.525592],[36.937412,54.523872],[36.94034,54.521068],[36.94454,54.520745],[36.937523,54.516568],[36.941926,54.50975],[36.933527,54.506468],[36.924977,54.508013],[36.923425,54.509711],[36.918999,54.509625],[36.917153,54.506441],[36.91576,54.506303],[36.903803,54.511321],[36.896923,54.509644],[36.89716,54.50787],[36.892747,54.506365],[36.879528,54.505084],[36.878239,54.503936],[36.874831,54.504847],[36.874288,54.50394],[36.877219,54.502882],[36.870825,54.493457],[36.875352,54.491919],[36.8783,54.487064],[36.881819,54.485188],[36.863087,54.482051],[36.857101,54.479463],[36.861299,54.473645],[36.866472,54.469871],[36.872695,54.47148],[36.877415,54.469925],[36.880453,54.463613],[36.890521,54.460556],[36.888139,54.455526],[36.885096,54.456571],[36.88013,54.453432],[36.881302,54.451269],[36.878718,54.449585],[36.879887,54.448226],[36.876292,54.447236],[36.88135,54.434093],[36.890038,54.428279],[36.893226,54.428268],[36.913258,54.441254],[36.94146,54.446881],[36.942953,54.443924],[36.941539,54.439279],[36.942835,54.435136],[36.967318,54.432298],[36.972075,54.429366],[36.965112,54.422072],[36.958528,54.41901],[36.965122,54.411305],[36.971959,54.406074],[36.967601,54.40447],[36.968593,54.402624],[36.978075,54.395407],[36.98198,54.393964],[36.984222,54.38842],[36.962116,54.365724],[36.959302,54.364959],[36.959641,54.363588],[36.952185,54.362436],[36.954364,54.359108],[36.947833,54.352658],[36.943038,54.350034],[36.937385,54.35064],[36.94009,54.347258],[36.931142,54.342983],[36.934381,54.341803],[36.945879,54.342117],[36.940593,54.339847],[36.949509,54.333721],[36.955044,54.334038],[36.962597,54.331458],[36.967434,54.332816],[36.968491,54.331395],[36.966335,54.327664],[36.96821,54.32599],[36.967677,54.322828],[36.964354,54.319754],[36.968931,54.309426],[36.963764,54.307303],[36.965185,54.304976],[36.972029,54.306146],[36.97149,54.301003],[36.974841,54.299628],[36.966846,54.291658],[36.963024,54.292902],[36.958474,54.290613],[36.95148,54.291653],[36.945446,54.289428],[36.934722,54.288788],[36.934667,54.291349],[36.926247,54.291733],[36.906197,54.28898],[36.902001,54.289604],[36.891825,54.286082],[36.884255,54.279213],[36.871665,54.282351],[36.86511,54.28653],[36.849709,54.284612],[36.845444,54.288083],[36.840508,54.286994],[36.840754,54.285682],[36.833897,54.279549],[36.818867,54.27894],[36.812544,54.271978],[36.808527,54.273832],[36.801615,54.273608],[36.798817,54.267073],[36.794895,54.268306],[36.791069,54.276412],[36.778493,54.27436],[36.770886,54.274934],[36.767659,54.275941],[36.767961,54.279453],[36.756853,54.283088],[36.748926,54.283808],[36.748021,54.282383],[36.738257,54.282447],[36.730522,54.285922],[36.724598,54.284689],[36.72191,54.281503],[36.722952,54.280334],[36.720209,54.278268],[36.714833,54.277483],[36.712063,54.282175],[36.713599,54.284129],[36.712612,54.285842],[36.715711,54.288083],[36.697801,54.294038],[36.700269,54.299353],[36.69074,54.303132],[36.690413,54.305287],[36.688318,54.305525],[36.692112,54.308333],[36.698694,54.304684],[36.70248,54.308189],[36.710735,54.307005],[36.714822,54.310957],[36.70621,54.317453],[36.714603,54.322092],[36.714273,54.323788],[36.710242,54.326411],[36.713655,54.328303],[36.709172,54.3405],[36.712518,54.346176],[36.707663,54.347423],[36.707883,54.353514],[36.710461,54.359172],[36.712162,54.357494],[36.718634,54.356135],[36.723966,54.362154],[36.734597,54.369479],[36.730072,54.371588],[36.737924,54.381235],[36.737999,54.383841],[36.726318,54.383019],[36.724559,54.384352],[36.718388,54.38448],[36.709534,54.387315],[36.706334,54.393089],[36.695453,54.389396]]]}},{"type":"Feature","id":"81995-2127","properties":{"id":"81995-2127","name":"Тарусский район","name_ru":"Тарусский район","subject_id":"81995","subject_name":"Калужская область","source_gid":2127,"source_fid":2237,"names_rosstat":"Тарусский муниципальный район","population":16336,"area_km2":713.5489250122389,"density_km2":22.894015290850312,"source":"Актуализированный объединённый GeoJSON, предоставленный преподавателем","name_en":"Tarusskii District","name_zh":"Tarusskii区","subject_name_en":"Kaluga Oblast","subject_name_zh":"卡卢加州"},"geometry":{"type":"Polygon","coordinates":[[[36.70964,54.791763],[36.707867,54.78763],[36.724112,54.785561],[36.723132,54.783829],[36.733531,54.781085],[36.742276,54.780918],[36.740204,54.778519],[36.740618,54.77464],[36.731741,54.76992],[36.733324,54.767866],[36.731254,54.76306],[36.735341,54.75924],[36.734568,54.757325],[36.730478,54.758374],[36.720431,54.756994],[36.715305,54.749797],[36.711994,54.74045],[36.708939,54.740172],[36.709074,54.737942],[36.713228,54.73509],[36.724215,54.736002],[36.746818,54.729203],[36.751919,54.724103],[36.751529,54.721847],[36.753697,54.718961],[36.758626,54.720473],[36.760265,54.72328],[36.76728,54.725945],[36.770365,54.719762],[36.771275,54.710185],[36.787745,54.691123],[36.783899,54.68935],[36.784591,54.685208],[36.783058,54.685155],[36.782072,54.68764],[36.77932,54.686895],[36.77972,54.689355],[36.776386,54.687598],[36.768416,54.689575],[36.767913,54.688236],[36.769872,54.687109],[36.75936,54.684424],[36.762047,54.682766],[36.759048,54.681356],[36.758748,54.678673],[36.756037,54.676416],[36.758132,54.676079],[36.76011,54.672928],[36.763766,54.672334],[36.768324,54.668672],[36.782545,54.666841],[36.786247,54.667412],[36.786878,54.669141],[36.785534,54.672321],[36.788606,54.673106],[36.786604,54.677063],[36.794188,54.675604],[36.803417,54.668903],[36.811824,54.670085],[36.81325,54.668641],[36.823306,54.671247],[36.823128,54.67583],[36.825432,54.676448],[36.828271,54.673031],[36.838268,54.67422],[36.83809,54.671183],[36.829848,54.669066],[36.833821,54.654572],[36.830434,54.654655],[36.828336,54.653204],[36.825113,54.645577],[36.829965,54.638803],[36.851791,54.643944],[36.855336,54.643127],[36.855137,54.639714],[36.851544,54.639611],[36.845188,54.63421],[36.86009,54.63176],[36.860996,54.630855],[36.858458,54.625941],[36.87326,54.627261],[36.882243,54.630693],[36.899765,54.632793],[36.892484,54.628023],[36.894979,54.626497],[36.894728,54.622327],[36.898102,54.619674],[36.897364,54.618356],[36.900487,54.617184],[36.898274,54.613677],[36.891558,54.610387],[36.892923,54.609469],[36.887191,54.60785],[36.887094,54.610624],[36.880578,54.609568],[36.87796,54.60767],[36.878658,54.606176],[36.882362,54.604154],[36.883515,54.605319],[36.885756,54.604772],[36.88754,54.601211],[36.888959,54.602928],[36.902707,54.604221],[36.906683,54.603446],[36.907254,54.608686],[36.911107,54.610315],[36.912598,54.604311],[36.920789,54.599528],[36.922296,54.592826],[36.920727,54.589495],[36.933532,54.58985],[36.931633,54.592332],[36.932999,54.592514],[36.943529,54.591986],[36.943497,54.596205],[36.950998,54.598541],[36.950434,54.599914],[36.951595,54.600514],[36.963459,54.600987],[36.971101,54.604586],[36.982416,54.60535],[36.985727,54.604605],[36.985884,54.602378],[36.991,54.602787],[36.991251,54.599432],[36.993589,54.597696],[37.00029,54.599241],[37.001716,54.594263],[37.00452,54.591671],[37.01316,54.59095],[37.016624,54.593015],[37.027094,54.593799],[37.025946,54.59024],[37.031588,54.585756],[37.040661,54.585923],[37.050322,54.590181],[37.057546,54.582346],[37.049999,54.574509],[37.05132,54.571324],[37.061566,54.567373],[37.056829,54.562206],[37.057673,54.560503],[37.062957,54.558588],[37.063477,54.557431],[37.061792,54.55602],[37.066124,54.552419],[37.070141,54.553706],[37.073049,54.552665],[37.072555,54.551174],[37.077036,54.547547],[37.076609,54.545528],[37.078584,54.54508],[37.120677,54.550748],[37.132437,54.558817],[37.143111,54.570797],[37.149144,54.58878],[37.147639,54.606395],[37.151212,54.61288],[37.158425,54.618744],[37.192651,54.635078],[37.198488,54.641399],[37.204087,54.66444],[37.207608,54.671993],[37.229891,54.696522],[37.245391,54.708277],[37.245952,54.710261],[37.243221,54.713214],[37.233128,54.717954],[37.206921,54.72214],[37.20781,54.723775],[37.198243,54.728415],[37.195405,54.732825],[37.196827,54.735545],[37.210352,54.741212],[37.206111,54.744999],[37.237046,54.753696],[37.241509,54.757064],[37.243466,54.762698],[37.243181,54.768467],[37.236578,54.785391],[37.230207,54.795691],[37.228831,54.803396],[37.24188,54.819443],[37.254824,54.827556],[37.27543,54.84733],[37.268148,54.847405],[37.261369,54.850796],[37.256793,54.850832],[37.251186,54.848557],[37.232656,54.845391],[37.228983,54.848678],[37.233334,54.850707],[37.229791,54.85144],[37.226637,54.849885],[37.227267,54.851949],[37.223933,54.853203],[37.219899,54.852438],[37.22022,54.850567],[37.218456,54.849616],[37.215607,54.85279],[37.20974,54.853462],[37.208687,54.851449],[37.203819,54.848783],[37.196688,54.851375],[37.201487,54.852168],[37.195706,54.857624],[37.193256,54.855492],[37.19034,54.855819],[37.190723,54.857815],[37.188101,54.857373],[37.184844,54.859671],[37.185275,54.861188],[37.165545,54.866585],[37.161664,54.863121],[37.166415,54.861449],[37.168437,54.85818],[37.165092,54.853795],[37.162918,54.852582],[37.160637,54.853178],[37.157885,54.85091],[37.155708,54.851491],[37.15377,54.848766],[37.157129,54.847367],[37.136818,54.837886],[37.130098,54.841186],[37.12417,54.842251],[37.121659,54.84464],[37.109583,54.844205],[37.108349,54.843093],[37.078284,54.838482],[37.076215,54.829924],[37.07971,54.828324],[37.061765,54.830942],[37.051045,54.834786],[37.044658,54.834262],[37.043529,54.833734],[37.046411,54.831107],[37.04503,54.829678],[37.032986,54.82749],[37.026505,54.824392],[37.023178,54.81776],[37.008918,54.816987],[37.007146,54.813141],[37.002923,54.814337],[37.002512,54.809677],[37.008128,54.810484],[37.006699,54.806552],[37.009598,54.80597],[37.00431,54.802622],[37.013771,54.803879],[37.014844,54.802925],[37.022047,54.804798],[37.023181,54.803561],[37.02128,54.801247],[37.017541,54.800787],[37.000101,54.793101],[36.998722,54.791475],[37.000223,54.789125],[36.992398,54.784649],[36.988638,54.786121],[36.988576,54.791387],[36.990859,54.792147],[36.98102,54.796895],[36.98167,54.797894],[36.977856,54.798257],[36.976685,54.796382],[36.973521,54.79597],[36.959212,54.797838],[36.958908,54.794765],[36.955809,54.794652],[36.956004,54.793378],[36.952645,54.791916],[36.953165,54.790106],[36.947746,54.789904],[36.946186,54.795989],[36.936281,54.793228],[36.931643,54.790566],[36.937257,54.786367],[36.933324,54.784598],[36.918489,54.782371],[36.917416,54.774911],[36.91616,54.773956],[36.908956,54.780282],[36.906043,54.778768],[36.898229,54.784015],[36.898474,54.78603],[36.890996,54.78527],[36.888942,54.784368],[36.889175,54.78284],[36.88657,54.783264],[36.884823,54.780948],[36.885957,54.777537],[36.871336,54.785933],[36.863978,54.786522],[36.863002,54.787668],[36.877247,54.793781],[36.874539,54.797536],[36.876194,54.798984],[36.86234,54.798609],[36.867213,54.802465],[36.874478,54.804687],[36.86847,54.810657],[36.856976,54.802889],[36.851551,54.802306],[36.851337,54.800716],[36.845095,54.79951],[36.83374,54.803558],[36.833693,54.801259],[36.829708,54.79822],[36.827961,54.798326],[36.812053,54.803909],[36.808375,54.802885],[36.802959,54.80449],[36.797139,54.800725],[36.800774,54.798803],[36.795282,54.796125],[36.795092,54.797433],[36.776531,54.802613],[36.775303,54.805323],[36.76338,54.810127],[36.752622,54.819876],[36.752714,54.821837],[36.750415,54.82302],[36.751087,54.825354],[36.739973,54.823307],[36.732213,54.813599],[36.724709,54.807567],[36.712712,54.800904],[36.72007,54.797108],[36.715713,54.793479],[36.70964,54.791763]]]}},{"type":"Feature","id":"81995-2306","properties":{"id":"81995-2306","name":"Дзержинский район","name_ru":"Дзержинский район","subject_id":"81995","subject_name":"Калужская область","source_gid":2306,"source_fid":2416,"names_rosstat":"Дзержинский муниципальный район","population":56006,"area_km2":1328.7729238548468,"density_km2":42.14866136609961,"source":"Актуализированный объединённый GeoJSON, предоставленный преподавателем","name_en":"Dzerzhinskii District","name_zh":"Dzerzhinskii区","subject_name_en":"Kaluga Oblast","subject_name_zh":"卡卢加州"},"geometry":{"type":"Polygon","coordinates":[[[35.4999,54.672354],[35.501072,54.666338],[35.508486,54.662498],[35.519114,54.665009],[35.53037,54.665393],[35.558721,54.659473],[35.575946,54.658299],[35.581399,54.660126],[35.581512,54.665081],[35.588991,54.6662],[35.591659,54.662443],[35.590949,54.658984],[35.584565,54.656308],[35.590483,54.654685],[35.592922,54.65191],[35.595641,54.652261],[35.593477,54.652712],[35.594889,54.654068],[35.61143,54.657994],[35.614135,54.656815],[35.60919,54.652844],[35.61129,54.64719],[35.619572,54.647309],[35.620614,54.646154],[35.626619,54.645577],[35.628084,54.643473],[35.629961,54.643369],[35.632883,54.639019],[35.635531,54.641531],[35.638177,54.641286],[35.639438,54.643302],[35.643992,54.643146],[35.64486,54.641263],[35.639655,54.639099],[35.640035,54.637718],[35.643125,54.637656],[35.643396,54.633294],[35.64486,54.632573],[35.651866,54.635404],[35.656542,54.63513],[35.656135,54.633992],[35.66176,54.629992],[35.669146,54.628972],[35.663932,54.623347],[35.656824,54.621829],[35.643394,54.626077],[35.638121,54.623233],[35.630063,54.614243],[35.627213,54.613503],[35.631897,54.609653],[35.630915,54.607718],[35.635697,54.604085],[35.63917,54.605071],[35.643559,54.60953],[35.649455,54.612716],[35.653516,54.610478],[35.662,54.609454],[35.670582,54.6027],[35.673497,54.602662],[35.674414,54.598355],[35.680687,54.590422],[35.677638,54.589518],[35.67832,54.587542],[35.67686,54.58484],[35.669499,54.585759],[35.67461,54.579252],[35.67471,54.577407],[35.681277,54.574694],[35.678873,54.572849],[35.679523,54.570402],[35.673612,54.570722],[35.67267,54.567333],[35.706814,54.559457],[35.704094,54.556567],[35.698664,54.555695],[35.695521,54.5569],[35.692316,54.552035],[35.693797,54.551693],[35.693029,54.550602],[35.703662,54.548503],[35.705315,54.552794],[35.72057,54.560562],[35.733464,54.56292],[35.7379,54.565424],[35.740271,54.565426],[35.744421,54.562603],[35.750763,54.564042],[35.752605,54.562654],[35.750826,54.561048],[35.752674,54.558834],[35.762622,54.555484],[35.769419,54.555542],[35.778601,54.548617],[35.782561,54.543882],[35.786833,54.543701],[35.790401,54.545426],[35.795788,54.540575],[35.786961,54.534771],[35.804554,54.5288],[35.813513,54.528499],[35.826082,54.521986],[35.822126,54.518936],[35.833789,54.517516],[35.852106,54.522783],[35.861778,54.532332],[35.880804,54.537144],[35.869617,54.541837],[35.864041,54.546825],[35.870426,54.548092],[35.877666,54.548071],[35.881444,54.54325],[35.900729,54.537258],[35.902214,54.540463],[35.926023,54.536324],[35.928872,54.533455],[35.936075,54.532316],[35.961951,54.534642],[35.973307,54.520218],[35.985051,54.527071],[35.997739,54.52794],[35.987987,54.528921],[36.00085,54.536608],[36.005393,54.534281],[36.00953,54.536726],[36.016212,54.537714],[36.015431,54.53617],[36.019683,54.537682],[36.022624,54.535995],[36.026365,54.536458],[36.02878,54.528597],[36.03237,54.529474],[36.036233,54.523559],[36.070237,54.526818],[36.069802,54.532706],[36.059598,54.537311],[36.06073,54.54314],[36.059268,54.546471],[36.04131,54.560068],[36.045065,54.562379],[36.048653,54.558476],[36.056117,54.558352],[36.063191,54.56132],[36.076108,54.556342],[36.076816,54.566196],[36.061592,54.566601],[36.053194,54.56861],[36.061763,54.575342],[36.077184,54.574936],[36.078472,54.591483],[36.142191,54.59177],[36.143837,54.597214],[36.137672,54.60928],[36.135884,54.621855],[36.137454,54.627118],[36.140381,54.630114],[36.136337,54.634012],[36.137408,54.634392],[36.132287,54.641759],[36.134564,54.643972],[36.137765,54.643377],[36.143604,54.648647],[36.155822,54.652748],[36.160392,54.659055],[36.159467,54.659694],[36.168478,54.663064],[36.176635,54.669995],[36.175939,54.675267],[36.167282,54.676786],[36.160638,54.686484],[36.165376,54.687817],[36.167615,54.689997],[36.160223,54.714541],[36.171365,54.717876],[36.169866,54.721071],[36.159374,54.722123],[36.151896,54.721258],[36.14969,54.723396],[36.151209,54.732675],[36.146285,54.741874],[36.164364,54.748764],[36.165053,54.750519],[36.16485,54.751705],[36.161856,54.751006],[36.156199,54.75298],[36.155063,54.754612],[36.156524,54.764766],[36.154781,54.771513],[36.153861,54.786345],[36.150637,54.794722],[36.151972,54.794944],[36.152751,54.798703],[36.159299,54.799866],[36.158109,54.811943],[36.182776,54.813482],[36.184961,54.814648],[36.181158,54.817913],[36.164818,54.818066],[36.163853,54.819939],[36.156205,54.820915],[36.144888,54.814878],[36.133184,54.819342],[36.123337,54.825963],[36.120114,54.829264],[36.126775,54.838792],[36.135052,54.841192],[36.131034,54.846313],[36.126388,54.846139],[36.117187,54.850545],[36.118898,54.852848],[36.10142,54.852249],[36.100582,54.856054],[36.094024,54.857114],[36.098538,54.86023],[36.096607,54.862609],[36.103907,54.870299],[36.105945,54.88051],[36.109228,54.88172],[36.094733,54.881667],[36.087081,54.884101],[36.088306,54.894246],[36.085232,54.901997],[36.083636,54.902934],[36.084465,54.905106],[36.080639,54.907222],[36.084873,54.911603],[36.082984,54.914393],[36.083115,54.917257],[36.074548,54.917613],[36.074516,54.920393],[36.071666,54.922154],[36.054827,54.924921],[36.052683,54.929796],[36.034156,54.927621],[36.035342,54.929463],[36.03196,54.929477],[36.029183,54.931885],[36.01835,54.928812],[36.007022,54.928649],[36.026946,54.911553],[36.028652,54.908729],[36.024954,54.903864],[36.007428,54.90255],[36.00496,54.898535],[35.994838,54.899132],[35.993164,54.903063],[35.985612,54.904597],[35.981872,54.90928],[35.987142,54.914853],[35.981189,54.917265],[35.973186,54.915264],[35.961702,54.915526],[35.958254,54.912833],[35.957147,54.908719],[35.949535,54.903388],[35.946932,54.899834],[35.953959,54.895476],[35.92924,54.89372],[35.925888,54.889258],[35.926558,54.887178],[35.924188,54.880621],[35.919231,54.873196],[35.922289,54.868473],[35.907203,54.863715],[35.879879,54.869719],[35.863508,54.867195],[35.86151,54.868434],[35.860696,54.867111],[35.853775,54.865085],[35.853847,54.863489],[35.84725,54.863028],[35.840785,54.865047],[35.840126,54.871854],[35.834846,54.876035],[35.816191,54.872225],[35.806695,54.876454],[35.800299,54.87196],[35.804338,54.868545],[35.801686,54.865544],[35.805265,54.861411],[35.774642,54.852661],[35.752944,54.855294],[35.739974,54.863535],[35.729263,54.859995],[35.72168,54.866638],[35.713747,54.864438],[35.698435,54.858817],[35.705881,54.84396],[35.696115,54.841161],[35.695254,54.847496],[35.69057,54.852496],[35.669623,54.847675],[35.665911,54.848069],[35.66421,54.843705],[35.654797,54.842369],[35.650312,54.851313],[35.652058,54.85378],[35.639817,54.858245],[35.636414,54.861704],[35.638727,54.865381],[35.620356,54.864975],[35.617169,54.863519],[35.610041,54.855202],[35.610659,54.852786],[35.60233,54.852862],[35.594162,54.855129],[35.596541,54.858179],[35.593889,54.860391],[35.584287,54.865086],[35.577406,54.864741],[35.546727,54.852123],[35.546274,54.849738],[35.550251,54.84867],[35.555311,54.849846],[35.557642,54.849236],[35.557985,54.847314],[35.563111,54.847619],[35.565188,54.846474],[35.558824,54.840342],[35.557852,54.835812],[35.554449,54.832732],[35.555876,54.8218],[35.533459,54.818833],[35.540123,54.809033],[35.551363,54.799677],[35.550673,54.797642],[35.558814,54.791039],[35.542059,54.775604],[35.545321,54.772976],[35.563716,54.77099],[35.575914,54.771622],[35.583488,54.770035],[35.575222,54.762024],[35.579933,54.76007],[35.57083,54.751922],[35.572308,54.750796],[35.558205,54.738572],[35.551621,54.73813],[35.540182,54.740754],[35.538835,54.737176],[35.531894,54.734035],[35.529086,54.716434],[35.533392,54.715043],[35.532558,54.714531],[35.537814,54.709945],[35.536776,54.698621],[35.515508,54.679957],[35.508703,54.677461],[35.502749,54.677871],[35.4999,54.672354]]]}},{"type":"Feature","id":"81995-2308","properties":{"id":"81995-2308","name":"Мосальский район","name_ru":"Мосальский район","subject_id":"81995","subject_name":"Калужская область","source_gid":2308,"source_fid":2418,"names_rosstat":"Мосальский муниципальный район","population":8968,"area_km2":1314.0208120264633,"density_km2":6.824853851568518,"source":"Актуализированный объединённый GeoJSON, предоставленный преподавателем","name_en":"Mosal'skii District","name_zh":"Mosal'skii区","subject_name_en":"Kaluga Oblast","subject_name_zh":"卡卢加州"},"geometry":{"type":"Polygon","coordinates":[[[34.798353,54.388757],[34.795401,54.394585],[34.802326,54.396455],[34.799187,54.401365],[34.784279,54.397659],[34.782888,54.399132],[34.785379,54.400144],[34.791053,54.407358],[34.789097,54.40833],[34.786321,54.407355],[34.776563,54.418638],[34.769998,54.417781],[34.766558,54.415549],[34.763962,54.416069],[34.762302,54.407897],[34.754304,54.406641],[34.749835,54.403836],[34.74519,54.407207],[34.744516,54.408419],[34.753463,54.413502],[34.751479,54.414244],[34.762345,54.421529],[34.763569,54.424101],[34.766843,54.42538],[34.769837,54.423133],[34.775414,54.435501],[34.772113,54.438557],[34.758437,54.442394],[34.756067,54.446284],[34.751624,54.445825],[34.752611,54.448368],[34.738921,54.450698],[34.742404,54.453814],[34.741207,54.454331],[34.741884,54.455688],[34.740504,54.455924],[34.74049,54.458102],[34.744245,54.46125],[34.743025,54.463759],[34.743719,54.465378],[34.742475,54.468257],[34.733609,54.470134],[34.729653,54.473895],[34.699494,54.471517],[34.677634,54.476823],[34.673772,54.480904],[34.653495,54.475656],[34.656819,54.468892],[34.670909,54.464436],[34.670077,54.463204],[34.671327,54.460323],[34.66994,54.459087],[34.651698,54.457727],[34.651034,54.460588],[34.644593,54.458166],[34.642195,54.456248],[34.641387,54.453259],[34.637428,54.454148],[34.631069,54.449053],[34.617473,54.450691],[34.613295,54.456496],[34.609734,54.45899],[34.602102,54.474912],[34.583405,54.483423],[34.567746,54.485579],[34.566261,54.484645],[34.568915,54.491292],[34.56599,54.496544],[34.561162,54.497396],[34.560965,54.500626],[34.553093,54.498549],[34.547788,54.501658],[34.544348,54.50555],[34.544237,54.51568],[34.539888,54.510657],[34.532439,54.510287],[34.51637,54.512265],[34.510142,54.506154],[34.485249,54.498656],[34.4805,54.499476],[34.474162,54.503877],[34.467019,54.50138],[34.461461,54.50627],[34.459019,54.516947],[34.448774,54.519118],[34.443057,54.516009],[34.442042,54.514029],[34.436357,54.513129],[34.435542,54.510306],[34.426497,54.510699],[34.415867,54.51374],[34.4191,54.523488],[34.410708,54.523574],[34.413257,54.535835],[34.423968,54.535233],[34.426624,54.530246],[34.439188,54.531652],[34.435076,54.545138],[34.442875,54.545485],[34.445813,54.548142],[34.447046,54.552355],[34.452658,54.553408],[34.458292,54.55888],[34.466009,54.562432],[34.465246,54.564025],[34.467255,54.56552],[34.458313,54.577815],[34.48935,54.578494],[34.488192,54.597902],[34.52069,54.598645],[34.518974,54.637374],[34.513148,54.637212],[34.512471,54.646878],[34.512468,54.648516],[34.518556,54.648688],[34.518463,54.651914],[34.51787,54.660966],[34.504729,54.660925],[34.50093,54.658488],[34.495976,54.657851],[34.477073,54.659698],[34.476757,54.661437],[34.483127,54.664466],[34.479893,54.670447],[34.473414,54.667857],[34.469062,54.671571],[34.470419,54.675684],[34.464326,54.68283],[34.459659,54.681411],[34.448673,54.679364],[34.441369,54.679226],[34.440998,54.678444],[34.402897,54.680678],[34.40272,54.682732],[34.405653,54.683105],[34.406122,54.688705],[34.420576,54.691237],[34.434798,54.688873],[34.442064,54.685173],[34.441275,54.679738],[34.447369,54.679854],[34.464108,54.683117],[34.475252,54.688383],[34.475936,54.691313],[34.499166,54.691335],[34.50933,54.685827],[34.51163,54.677671],[34.512942,54.676882],[34.517898,54.677206],[34.523224,54.674934],[34.529684,54.674535],[34.534121,54.671762],[34.542704,54.681139],[34.568264,54.67732],[34.568226,54.675419],[34.575505,54.6761],[34.577943,54.677922],[34.58271,54.678711],[34.587051,54.683531],[34.596001,54.679548],[34.595107,54.678928],[34.597505,54.677292],[34.599755,54.677433],[34.600478,54.675451],[34.602208,54.675033],[34.601545,54.674045],[34.605067,54.673139],[34.604097,54.671829],[34.608555,54.6661],[34.608092,54.664841],[34.620999,54.661333],[34.627689,54.660881],[34.632003,54.662406],[34.635712,54.669083],[34.636341,54.667811],[34.647984,54.673193],[34.663502,54.676906],[34.66963,54.679804],[34.674896,54.677559],[34.677687,54.674539],[34.684616,54.674576],[34.696112,54.682403],[34.702387,54.682468],[34.70275,54.694471],[34.705686,54.697673],[34.70426,54.699581],[34.704817,54.703532],[34.703424,54.706621],[34.706337,54.711553],[34.710585,54.710711],[34.715648,54.711758],[34.71729,54.7113],[34.716562,54.710514],[34.725093,54.709505],[34.734121,54.711159],[34.739021,54.710175],[34.741172,54.707737],[34.758789,54.705038],[34.766171,54.707023],[34.77147,54.705487],[34.773016,54.706982],[34.77144,54.70755],[34.771571,54.709244],[34.773456,54.70991],[34.783776,54.707157],[34.789936,54.707521],[34.794913,54.70473],[34.799176,54.704258],[34.799251,54.702712],[34.801978,54.701568],[34.811063,54.699596],[34.811181,54.696682],[34.814409,54.693551],[34.815401,54.695206],[34.818691,54.695501],[34.817398,54.696667],[34.823916,54.696911],[34.824628,54.697681],[34.823431,54.69889],[34.826719,54.701502],[34.827642,54.702838],[34.826695,54.703108],[34.833539,54.706994],[34.83334,54.709706],[34.829256,54.711939],[34.834051,54.715228],[34.834016,54.717736],[34.831849,54.719525],[34.832601,54.722011],[34.842022,54.727888],[34.850666,54.729085],[34.867382,54.736435],[34.865238,54.739566],[34.866459,54.745452],[34.87104,54.750338],[34.87143,54.753879],[34.874646,54.753641],[34.884409,54.756534],[34.896964,54.757252],[34.907987,54.751304],[34.913767,54.749706],[34.91731,54.741954],[34.915201,54.736204],[34.915788,54.731458],[34.929239,54.724535],[34.928623,54.72258],[34.921289,54.71744],[34.922208,54.714554],[34.944732,54.714433],[34.961608,54.668299],[34.996799,54.687016],[35.000853,54.686772],[34.999157,54.676803],[35.001674,54.677475],[34.999423,54.67237],[35.001448,54.666984],[35.00498,54.664447],[35.004052,54.663056],[35.005138,54.662516],[35.003065,54.660755],[35.003917,54.658317],[35.009197,54.656],[35.010534,54.651081],[35.015974,54.646434],[35.024637,54.647307],[35.026058,54.646085],[35.0357,54.644847],[35.040104,54.641819],[35.037191,54.633743],[35.039941,54.633519],[35.041124,54.628946],[35.049664,54.626572],[35.056071,54.628159],[35.058936,54.627262],[35.065285,54.632012],[35.066234,54.634681],[35.071682,54.634448],[35.073213,54.636733],[35.079634,54.637691],[35.081698,54.641014],[35.08806,54.637755],[35.108319,54.634486],[35.104075,54.626572],[35.106347,54.622208],[35.103318,54.621538],[35.102984,54.619011],[35.098377,54.613563],[35.102986,54.610935],[35.097354,54.608474],[35.103649,54.604353],[35.118914,54.603651],[35.124343,54.606167],[35.125937,54.611363],[35.129091,54.61114],[35.131146,54.614514],[35.133739,54.61493],[35.122966,54.623463],[35.124779,54.625661],[35.128601,54.626742],[35.129866,54.630471],[35.140408,54.634091],[35.148688,54.638704],[35.155845,54.638421],[35.162791,54.636351],[35.157553,54.631908],[35.156101,54.628002],[35.146705,54.615803],[35.152196,54.608388],[35.150726,54.604974],[35.155584,54.594577],[35.155621,54.58889],[35.159934,54.589037],[35.161261,54.592539],[35.179471,54.590259],[35.176679,54.582521],[35.184386,54.570707],[35.192228,54.566606],[35.204482,54.562653],[35.206722,54.55809],[35.21088,54.557604],[35.217448,54.562203],[35.227729,54.564299],[35.244201,54.564357],[35.262112,54.559941],[35.265014,54.547131],[35.278828,54.532866],[35.285097,54.523386],[35.286258,54.52348],[35.286494,54.508829],[35.213127,54.509429],[35.216846,54.508686],[35.218566,54.505738],[35.217977,54.504539],[35.210293,54.494882],[35.20446,54.492203],[35.201803,54.487159],[35.210618,54.474549],[35.206556,54.471759],[35.207039,54.46962],[35.203054,54.461516],[35.212211,54.454219],[35.211636,54.449743],[35.217387,54.449117],[35.229165,54.45229],[35.228285,54.445488],[35.222108,54.443574],[35.217488,54.444197],[35.213621,54.439505],[35.205126,54.440829],[35.204188,54.437599],[35.199246,54.434136],[35.200116,54.432936],[35.197299,54.431725],[35.196587,54.428877],[35.188716,54.424916],[35.186845,54.421302],[35.187556,54.418104],[35.18528,54.415362],[35.186613,54.412481],[35.172152,54.409594],[35.164956,54.410465],[35.169277,54.405733],[35.176859,54.404087],[35.175351,54.402203],[35.150971,54.403869],[35.147943,54.401679],[35.144972,54.40322],[35.145618,54.40483],[35.143363,54.406275],[35.118727,54.400763],[35.065514,54.422509],[35.064372,54.421689],[35.0594,54.423773],[35.052453,54.422873],[35.047638,54.419726],[35.048984,54.408602],[35.046756,54.409292],[35.04498,54.407807],[35.037358,54.407122],[35.030893,54.408923],[35.023118,54.408779],[35.01638,54.405369],[34.998617,54.407077],[34.991231,54.405596],[34.993989,54.399879],[34.989623,54.400013],[34.987064,54.397417],[34.979578,54.399175],[34.978069,54.401663],[34.975664,54.400628],[34.969764,54.401342],[34.966871,54.409796],[34.969136,54.410118],[34.96471,54.415737],[34.963587,54.413878],[34.956803,54.410619],[34.956846,54.409016],[34.950421,54.405414],[34.945568,54.404735],[34.936779,54.399448],[34.935653,54.39712],[34.925628,54.398733],[34.920322,54.403133],[34.917244,54.403827],[34.916811,54.39818],[34.913651,54.39818],[34.912302,54.400779],[34.90356,54.401564],[34.898812,54.404598],[34.889646,54.404828],[34.886633,54.403668],[34.882921,54.40519],[34.870417,54.395879],[34.875233,54.393364],[34.872439,54.390523],[34.877424,54.385504],[34.881046,54.384737],[34.881018,54.382874],[34.874316,54.382454],[34.862365,54.385049],[34.856934,54.383857],[34.855733,54.381763],[34.859682,54.379023],[34.868839,54.377771],[34.869919,54.375665],[34.861066,54.371273],[34.873294,54.363595],[34.863031,54.355247],[34.85412,54.356004],[34.84842,54.363079],[34.826396,54.356364],[34.820738,54.356474],[34.818738,54.357789],[34.821853,54.362203],[34.811359,54.362571],[34.808284,54.365851],[34.797205,54.369583],[34.788013,54.369756],[34.786727,54.372408],[34.788115,54.37501],[34.792014,54.378803],[34.796704,54.379118],[34.798192,54.381464],[34.795094,54.386803],[34.798353,54.388757]]]}},{"type":"Feature","id":"81995-2309","properties":{"id":"81995-2309","name":"Юхновский район","name_ru":"Юхновский район","subject_id":"81995","subject_name":"Калужская область","source_gid":2309,"source_fid":2419,"names_rosstat":"Юхновский муниципальный район","population":12568,"area_km2":1345.6588107379541,"density_km2":9.339663144707355,"source":"Актуализированный объединённый GeoJSON, предоставленный преподавателем","name_en":"Iukhnovskii District","name_zh":"Iukhnovskii区","subject_name_en":"Kaluga Oblast","subject_name_zh":"卡卢加州"},"geometry":{"type":"Polygon","coordinates":[[[34.862968,54.890622],[34.875957,54.886825],[34.87668,54.885581],[34.874551,54.883402],[34.874993,54.881989],[34.876969,54.878189],[34.88058,54.875906],[34.871589,54.868009],[34.872434,54.864741],[34.874861,54.862657],[34.876073,54.855961],[34.87787,54.853397],[34.876072,54.851929],[34.887801,54.847345],[34.878948,54.841147],[34.885047,54.830299],[34.879856,54.825539],[34.882638,54.820066],[34.885019,54.817452],[34.889078,54.820357],[34.895364,54.822208],[34.89945,54.81704],[34.888351,54.809167],[34.892673,54.80157],[34.900235,54.80184],[34.904557,54.793872],[34.908474,54.793197],[34.903477,54.791036],[34.905368,54.787525],[34.924275,54.789686],[34.928462,54.78371],[34.920494,54.780469],[34.90348,54.778007],[34.90753,54.771927],[34.906719,54.76774],[34.893736,54.757531],[34.897462,54.757152],[34.907987,54.751304],[34.913767,54.749706],[34.91731,54.741954],[34.915201,54.736204],[34.915788,54.731458],[34.929239,54.724535],[34.928623,54.72258],[34.921289,54.71744],[34.922208,54.714554],[34.944732,54.714433],[34.961608,54.668299],[34.996799,54.687016],[35.000853,54.686772],[34.999157,54.676803],[35.001674,54.677475],[34.999423,54.67237],[35.001448,54.666984],[35.00498,54.664447],[35.004052,54.663056],[35.005138,54.662516],[35.003065,54.660755],[35.003917,54.658317],[35.009197,54.656],[35.010534,54.651081],[35.015974,54.646434],[35.024637,54.647307],[35.026058,54.646085],[35.0357,54.644847],[35.040104,54.641819],[35.037191,54.633743],[35.039941,54.633519],[35.041124,54.628946],[35.049664,54.626572],[35.056071,54.628159],[35.058936,54.627262],[35.065285,54.632012],[35.066234,54.634681],[35.071682,54.634448],[35.073213,54.636733],[35.079634,54.637691],[35.081698,54.641014],[35.08806,54.637755],[35.108319,54.634486],[35.104075,54.626572],[35.106347,54.622208],[35.103318,54.621538],[35.102984,54.619011],[35.098377,54.613563],[35.102986,54.610935],[35.097354,54.608474],[35.103649,54.604353],[35.118914,54.603651],[35.124343,54.606167],[35.125937,54.611363],[35.129091,54.61114],[35.131146,54.614514],[35.133739,54.61493],[35.122966,54.623463],[35.124779,54.625661],[35.128601,54.626742],[35.129866,54.630471],[35.140408,54.634091],[35.148688,54.638704],[35.155845,54.638421],[35.162791,54.636351],[35.157553,54.631908],[35.156101,54.628002],[35.146705,54.615803],[35.152196,54.608388],[35.150726,54.604974],[35.155584,54.594577],[35.155621,54.58889],[35.159934,54.589037],[35.161261,54.592539],[35.179471,54.590259],[35.176679,54.582521],[35.184386,54.570707],[35.192228,54.566606],[35.204482,54.562653],[35.206722,54.55809],[35.21088,54.557604],[35.217448,54.562203],[35.227729,54.564299],[35.244201,54.564357],[35.262112,54.559941],[35.264825,54.547429],[35.278828,54.532866],[35.285097,54.523386],[35.291893,54.523707],[35.302651,54.517055],[35.310538,54.519855],[35.315006,54.519211],[35.320854,54.515317],[35.329379,54.514454],[35.332577,54.51479],[35.333769,54.516872],[35.338772,54.518429],[35.336505,54.521469],[35.342344,54.527216],[35.337539,54.530302],[35.332722,54.530746],[35.332807,54.533352],[35.348928,54.533077],[35.349492,54.538633],[35.359104,54.536428],[35.374464,54.529808],[35.388591,54.5315],[35.39587,54.529486],[35.401343,54.525026],[35.412661,54.524606],[35.416627,54.528669],[35.414186,54.53027],[35.418421,54.535371],[35.419774,54.535076],[35.419673,54.536375],[35.435684,54.535264],[35.44476,54.53871],[35.446609,54.536335],[35.451705,54.535156],[35.4561,54.534554],[35.457672,54.536386],[35.45981,54.536204],[35.458895,54.532644],[35.465001,54.529668],[35.468804,54.522269],[35.463992,54.520667],[35.474507,54.516447],[35.473682,54.511195],[35.471512,54.510137],[35.473622,54.509242],[35.490692,54.511629],[35.497875,54.515048],[35.499083,54.514517],[35.501401,54.519907],[35.506792,54.519482],[35.507147,54.524342],[35.512349,54.53168],[35.526372,54.533511],[35.534061,54.545367],[35.556294,54.535724],[35.563922,54.541894],[35.565084,54.548073],[35.556925,54.555607],[35.573785,54.56054],[35.574747,54.562066],[35.572414,54.567502],[35.577299,54.57454],[35.596269,54.573733],[35.622032,54.566717],[35.633226,54.566622],[35.645769,54.566753],[35.649857,54.570264],[35.666975,54.568537],[35.667867,54.567219],[35.675204,54.57123],[35.679523,54.570402],[35.678873,54.572849],[35.681277,54.574694],[35.67471,54.577407],[35.67461,54.579252],[35.669499,54.585759],[35.67686,54.58484],[35.67832,54.587542],[35.677638,54.589518],[35.680687,54.590422],[35.674414,54.598355],[35.673497,54.602662],[35.670582,54.6027],[35.662,54.609454],[35.653516,54.610478],[35.649455,54.612716],[35.643559,54.60953],[35.63917,54.605071],[35.635697,54.604085],[35.630915,54.607718],[35.631897,54.609653],[35.627213,54.613503],[35.630063,54.614243],[35.638121,54.623233],[35.643394,54.626077],[35.656824,54.621829],[35.663932,54.623347],[35.669146,54.628972],[35.66176,54.629992],[35.656135,54.633992],[35.656542,54.63513],[35.651866,54.635404],[35.64486,54.632573],[35.643396,54.633294],[35.643125,54.637656],[35.640035,54.637718],[35.639655,54.639099],[35.64486,54.641263],[35.643992,54.643146],[35.639438,54.643302],[35.638177,54.641286],[35.635531,54.641531],[35.632883,54.639019],[35.629961,54.643369],[35.628084,54.643473],[35.626619,54.645577],[35.620614,54.646154],[35.619572,54.647309],[35.61129,54.64719],[35.60919,54.652844],[35.614135,54.656815],[35.61143,54.657994],[35.594889,54.654068],[35.593477,54.652712],[35.595641,54.652261],[35.592922,54.65191],[35.590483,54.654685],[35.584565,54.656308],[35.590949,54.658984],[35.591659,54.662443],[35.588991,54.6662],[35.581512,54.665081],[35.581399,54.660126],[35.575946,54.658299],[35.558721,54.659473],[35.53037,54.665393],[35.521493,54.665306],[35.507697,54.662588],[35.500664,54.666921],[35.500074,54.673629],[35.502749,54.677871],[35.508703,54.677461],[35.515508,54.679957],[35.536776,54.698621],[35.537814,54.709945],[35.532558,54.714531],[35.533392,54.715043],[35.529086,54.716434],[35.531894,54.734035],[35.538835,54.737176],[35.540182,54.740754],[35.551621,54.73813],[35.558205,54.738572],[35.572308,54.750796],[35.57083,54.751922],[35.575749,54.75522],[35.576134,54.757618],[35.578937,54.758165],[35.579933,54.76007],[35.575222,54.762024],[35.583411,54.769438],[35.575914,54.771622],[35.560349,54.771139],[35.55598,54.772648],[35.545321,54.772976],[35.543131,54.774269],[35.542059,54.775604],[35.543527,54.777439],[35.558814,54.791039],[35.550673,54.797642],[35.551363,54.799677],[35.540123,54.809033],[35.533681,54.817895],[35.528972,54.816664],[35.530155,54.813533],[35.51924,54.804097],[35.508498,54.800204],[35.490042,54.799461],[35.488912,54.805756],[35.490948,54.810759],[35.482067,54.813009],[35.486525,54.814382],[35.487118,54.817456],[35.484748,54.825907],[35.474351,54.823195],[35.47448,54.821125],[35.458905,54.819703],[35.449158,54.823698],[35.443883,54.821891],[35.442132,54.824812],[35.439208,54.826314],[35.433335,54.823824],[35.430103,54.824256],[35.430669,54.822939],[35.429129,54.822936],[35.430751,54.830235],[35.42826,54.830748],[35.431246,54.841791],[35.434299,54.846191],[35.420383,54.847701],[35.415107,54.846127],[35.394432,54.848064],[35.396859,54.846545],[35.395295,54.84539],[35.396112,54.841358],[35.407343,54.83714],[35.394259,54.834853],[35.389031,54.8407],[35.379002,54.848044],[35.374538,54.845204],[35.374355,54.843164],[35.359901,54.839345],[35.356344,54.833664],[35.341784,54.838901],[35.33961,54.836825],[35.331289,54.840132],[35.329234,54.841978],[35.33042,54.844337],[35.324454,54.845528],[35.320869,54.84865],[35.308262,54.842541],[35.305159,54.835038],[35.294175,54.837069],[35.292992,54.835648],[35.279621,54.838625],[35.273659,54.830181],[35.265135,54.829007],[35.260967,54.832825],[35.254295,54.832372],[35.255564,54.838944],[35.25231,54.839167],[35.250934,54.842133],[35.247203,54.842257],[35.235282,54.838068],[35.232038,54.840055],[35.244253,54.844812],[35.245915,54.848515],[35.232208,54.846832],[35.229807,54.849869],[35.208713,54.843906],[35.203511,54.840077],[35.20437,54.837793],[35.206008,54.837646],[35.202925,54.834684],[35.195903,54.831167],[35.194669,54.828835],[35.188183,54.827715],[35.184308,54.831497],[35.185857,54.83419],[35.181131,54.835158],[35.181842,54.837991],[35.175525,54.841019],[35.174948,54.844057],[35.167475,54.845433],[35.162347,54.843596],[35.163209,54.841957],[35.154667,54.841581],[35.156968,54.843657],[35.155903,54.848827],[35.157399,54.851178],[35.154001,54.858121],[35.157107,54.861917],[35.162133,54.865032],[35.160203,54.869474],[35.153524,54.873825],[35.15494,54.878337],[35.144724,54.879031],[35.134394,54.876581],[35.137086,54.878239],[35.130339,54.892848],[35.106108,54.888852],[35.101352,54.889696],[35.101674,54.894076],[35.074249,54.894168],[35.074439,54.896559],[35.065284,54.898351],[35.055345,54.904748],[35.030054,54.897831],[35.023729,54.909329],[35.03141,54.914906],[35.024336,54.918829],[35.022262,54.916676],[35.016901,54.917684],[35.021776,54.923008],[35.029869,54.922048],[35.031205,54.923629],[35.023403,54.925424],[35.018293,54.923462],[35.005267,54.926167],[34.999684,54.922039],[35.001777,54.917089],[35.000037,54.915236],[34.976256,54.914239],[34.972807,54.912224],[34.974448,54.908242],[34.982683,54.901973],[34.989582,54.900837],[34.990941,54.897891],[34.987532,54.897817],[34.984516,54.894609],[34.980664,54.8934],[34.958453,54.893673],[34.952908,54.895577],[34.953194,54.902971],[34.943909,54.907997],[34.940925,54.911628],[34.940865,54.915096],[34.943811,54.920633],[34.936157,54.92432],[34.924315,54.926473],[34.918703,54.930825],[34.916388,54.934932],[34.909818,54.933076],[34.904637,54.926913],[34.910782,54.923705],[34.909794,54.9214],[34.917957,54.918392],[34.923574,54.912694],[34.907869,54.90125],[34.906094,54.903091],[34.899556,54.904841],[34.893799,54.901137],[34.884045,54.900572],[34.868939,54.902662],[34.872816,54.901302],[34.867875,54.893729],[34.870271,54.893187],[34.868997,54.890981],[34.862968,54.890622]]]}}],"metadata":{"source_en":"Updated consolidated GeoJSON supplied by the instructor","source_zh":"教师提供的更新版合并GeoJSON","license_en":"Source-dataset terms were not specified; use within the author-created educational platform","license_zh":"原始数据集未注明许可条款；仅用于本作者教育平台"}}