{"type":"FeatureCollection","features":[{"type":"Feature","id":"109876-105","properties":{"id":"109876-105","name":"Агульский район","name_ru":"Агульский район","subject_id":"109876","subject_name":"Дагестан","source_gid":105,"source_fid":135,"names_rosstat":"Агульский муниципальный район","population":10370,"area_km2":798.6743900732305,"density_km2":12.984014673425518,"source":"Актуализированный объединённый GeoJSON, предоставленный преподавателем","name_en":"Agul'skii District","name_zh":"Agul'skii区","subject_name_en":"Dagestan","subject_name_zh":"达吉斯坦共和国"},"geometry":{"type":"Polygon","coordinates":[[[47.306566,41.846151],[47.306609,41.842546],[47.311251,41.837564],[47.309264,41.831709],[47.312885,41.823089],[47.316684,41.820526],[47.314612,41.814374],[47.331499,41.808048],[47.329993,41.804407],[47.330806,41.799214],[47.341281,41.794063],[47.348701,41.786812],[47.357295,41.792302],[47.373694,41.795929],[47.384502,41.787897],[47.390812,41.777091],[47.39642,41.774537],[47.399662,41.775414],[47.397895,41.768751],[47.399369,41.767413],[47.400105,41.760396],[47.40662,41.752314],[47.40791,41.745496],[47.417565,41.744514],[47.425467,41.736585],[47.423672,41.727873],[47.42892,41.726649],[47.431802,41.723312],[47.438089,41.72107],[47.438458,41.718754],[47.446607,41.712627],[47.444935,41.709788],[47.448033,41.702592],[47.454798,41.699132],[47.467771,41.687977],[47.467715,41.681877],[47.463266,41.676159],[47.485647,41.680652],[47.490471,41.685753],[47.503322,41.69221],[47.503876,41.694128],[47.513407,41.70017],[47.530798,41.698637],[47.539463,41.690225],[47.549196,41.694509],[47.555047,41.689133],[47.560271,41.693425],[47.553072,41.703676],[47.546316,41.708088],[47.544453,41.713011],[47.537372,41.716726],[47.539769,41.717994],[47.546715,41.716977],[47.542481,41.721212],[47.539028,41.728318],[47.540213,41.729562],[47.552265,41.728246],[47.554919,41.732126],[47.562661,41.729619],[47.564524,41.732555],[47.57314,41.726483],[47.574671,41.719713],[47.581224,41.719193],[47.58523,41.721862],[47.583574,41.728141],[47.586472,41.731235],[47.594289,41.724915],[47.598199,41.724428],[47.601218,41.720879],[47.606053,41.723126],[47.612481,41.712922],[47.626022,41.702271],[47.624561,41.695459],[47.629335,41.690294],[47.640933,41.700714],[47.633979,41.709134],[47.636715,41.712364],[47.635636,41.719532],[47.64346,41.722734],[47.644236,41.724695],[47.642536,41.733805],[47.639847,41.734555],[47.64021,41.736204],[47.635545,41.741706],[47.652474,41.738229],[47.685622,41.726562],[47.679257,41.716381],[47.695095,41.703013],[47.690506,41.698551],[47.700492,41.690436],[47.702678,41.691792],[47.702356,41.693244],[47.724724,41.701178],[47.728933,41.70771],[47.731452,41.708949],[47.736933,41.710559],[47.754636,41.704577],[47.758568,41.706999],[47.760952,41.714829],[47.769564,41.715901],[47.772549,41.718833],[47.800142,41.723712],[47.7971,41.729346],[47.799039,41.732284],[47.79672,41.732322],[47.798416,41.741669],[47.797227,41.745887],[47.78875,41.753051],[47.789367,41.762961],[47.785981,41.770825],[47.786262,41.774141],[47.783513,41.77569],[47.800805,41.784408],[47.806339,41.791733],[47.8007,41.794193],[47.799242,41.79731],[47.793034,41.802243],[47.786439,41.805315],[47.78127,41.816535],[47.779885,41.82308],[47.790532,41.829709],[47.788043,41.834599],[47.778916,41.835598],[47.758614,41.831678],[47.754911,41.836131],[47.74992,41.833846],[47.740341,41.840944],[47.74187,41.849162],[47.732655,41.853335],[47.731537,41.858422],[47.724683,41.861484],[47.718803,41.868006],[47.722015,41.871539],[47.708662,41.881515],[47.713188,41.888227],[47.727888,41.886535],[47.727058,41.903093],[47.717747,41.905036],[47.714117,41.907951],[47.704692,41.906514],[47.699015,41.907955],[47.691195,41.912346],[47.680934,41.910484],[47.674778,41.914991],[47.704743,41.930468],[47.6928,41.933213],[47.69222,41.93518],[47.693979,41.936754],[47.672294,41.943767],[47.676051,41.951171],[47.674053,41.952881],[47.673178,41.957295],[47.666945,41.957687],[47.659405,41.95296],[47.653684,41.956805],[47.660964,41.958815],[47.66381,41.961043],[47.663105,41.963082],[47.650365,41.968438],[47.638086,41.967162],[47.624651,41.969954],[47.623914,41.977409],[47.617618,41.983835],[47.613423,41.985613],[47.603026,41.985586],[47.591226,41.983323],[47.577921,41.974796],[47.579015,41.970768],[47.566876,41.962427],[47.561639,41.964451],[47.558809,41.962423],[47.561505,41.957851],[47.560558,41.952668],[47.549099,41.947963],[47.550477,41.946035],[47.547955,41.942675],[47.544132,41.94184],[47.545734,41.940783],[47.544699,41.938751],[47.539011,41.937543],[47.537667,41.933249],[47.528519,41.928794],[47.518797,41.929785],[47.513655,41.928256],[47.51317,41.923189],[47.518066,41.918841],[47.514927,41.908097],[47.517101,41.906044],[47.52133,41.88954],[47.515733,41.886611],[47.510288,41.881165],[47.510108,41.877353],[47.502849,41.870508],[47.483417,41.868052],[47.479247,41.868536],[47.472513,41.873417],[47.468733,41.873414],[47.471566,41.879336],[47.479245,41.886294],[47.480315,41.894428],[47.479155,41.901105],[47.474658,41.901417],[47.474431,41.904489],[47.464111,41.903762],[47.458029,41.90585],[47.451642,41.904843],[47.445406,41.910348],[47.439348,41.910927],[47.418613,41.90619],[47.416649,41.904052],[47.402081,41.904109],[47.39623,41.89865],[47.388631,41.899405],[47.379476,41.896438],[47.373987,41.889647],[47.37433,41.888287],[47.378563,41.887592],[47.377438,41.882455],[47.355437,41.875811],[47.346141,41.869125],[47.343085,41.862141],[47.337917,41.857335],[47.330137,41.853896],[47.324443,41.855034],[47.319055,41.851663],[47.309744,41.849846],[47.306566,41.846151]]]}},{"type":"Feature","id":"109876-164","properties":{"id":"109876-164","name":"Кулинский район","name_ru":"Кулинский район","subject_id":"109876","subject_name":"Дагестан","source_gid":164,"source_fid":211,"names_rosstat":"Кулинский муниципальный район","population":10519,"area_km2":643.7828025318903,"density_km2":16.339361596225512,"source":"Актуализированный объединённый GeoJSON, предоставленный преподавателем","name_en":"Kulinskii District","name_zh":"Kulinskii区","subject_name_en":"Dagestan","subject_name_zh":"达吉斯坦共和国"},"geometry":{"type":"Polygon","coordinates":[[[47.075059,41.902376],[47.081947,41.896483],[47.083776,41.888271],[47.092473,41.882082],[47.102283,41.881744],[47.110831,41.88439],[47.119126,41.8839],[47.120537,41.886488],[47.129325,41.888469],[47.141361,41.886162],[47.145663,41.888109],[47.15165,41.886615],[47.164114,41.881436],[47.171257,41.870482],[47.17592,41.867687],[47.177802,41.864214],[47.186369,41.860879],[47.188511,41.855482],[47.200249,41.855531],[47.209153,41.858863],[47.211785,41.861668],[47.222964,41.862658],[47.223368,41.865429],[47.225399,41.866121],[47.225323,41.86032],[47.227981,41.859715],[47.233829,41.854155],[47.242584,41.851822],[47.240032,41.847532],[47.242697,41.84563],[47.245261,41.839811],[47.243215,41.837338],[47.245854,41.829873],[47.237918,41.825369],[47.237233,41.821101],[47.244329,41.819957],[47.265825,41.802195],[47.270854,41.808305],[47.28353,41.812528],[47.299444,41.808217],[47.304391,41.808745],[47.313685,41.813369],[47.316684,41.820526],[47.312885,41.823089],[47.309264,41.831709],[47.311251,41.837564],[47.306609,41.842546],[47.307655,41.848802],[47.319055,41.851663],[47.324443,41.855034],[47.330137,41.853896],[47.336816,41.856783],[47.343085,41.862141],[47.34791,41.870933],[47.355437,41.875811],[47.377904,41.883142],[47.378563,41.887592],[47.37433,41.888287],[47.373987,41.889647],[47.379476,41.896438],[47.374439,41.904271],[47.372352,41.905001],[47.370192,41.918787],[47.368269,41.921728],[47.368104,41.92475],[47.378432,41.932983],[47.375456,41.94456],[47.372267,41.948004],[47.375911,41.952173],[47.382159,41.953831],[47.395466,41.969381],[47.407338,41.97566],[47.403456,41.980615],[47.407113,41.982874],[47.405696,41.984682],[47.401608,41.98525],[47.402437,41.98834],[47.398316,41.991529],[47.39311,41.99172],[47.391141,41.994113],[47.38191,41.998344],[47.379878,42.011857],[47.375563,42.016239],[47.377282,42.018589],[47.374874,42.023681],[47.376355,42.027031],[47.364753,42.028072],[47.359148,42.026311],[47.347396,42.02624],[47.342486,42.021078],[47.323384,42.033746],[47.331447,42.042399],[47.329785,42.043108],[47.331666,42.046611],[47.324769,42.049058],[47.324139,42.054513],[47.319866,42.057106],[47.322539,42.063191],[47.315951,42.064832],[47.311449,42.072814],[47.313875,42.073597],[47.31291,42.076225],[47.306082,42.081761],[47.305725,42.083627],[47.316062,42.08988],[47.30771,42.09315],[47.291913,42.091545],[47.294609,42.094672],[47.295299,42.100649],[47.301477,42.105161],[47.30329,42.107994],[47.303036,42.111462],[47.306711,42.114011],[47.302229,42.116021],[47.303033,42.123905],[47.298721,42.129564],[47.298158,42.133671],[47.289201,42.131955],[47.286001,42.134671],[47.280695,42.135579],[47.282927,42.140174],[47.276858,42.146244],[47.268045,42.148775],[47.27095,42.156442],[47.267921,42.160017],[47.256989,42.16305],[47.256727,42.167207],[47.252669,42.166887],[47.248352,42.161788],[47.232742,42.165397],[47.229382,42.164483],[47.230647,42.159509],[47.227401,42.157063],[47.224262,42.158181],[47.219854,42.155656],[47.221386,42.148908],[47.219512,42.149076],[47.219836,42.146563],[47.216545,42.144522],[47.21529,42.141087],[47.20818,42.139617],[47.198574,42.149045],[47.191905,42.148514],[47.191421,42.146057],[47.175071,42.149714],[47.174009,42.147763],[47.17515,42.146167],[47.170494,42.146404],[47.167062,42.137078],[47.169728,42.135558],[47.169679,42.133233],[47.173383,42.13136],[47.168625,42.130319],[47.167967,42.126702],[47.170167,42.126462],[47.166914,42.123968],[47.169868,42.119801],[47.172527,42.119469],[47.168295,42.107011],[47.181333,42.102729],[47.184634,42.099409],[47.181964,42.097346],[47.181465,42.094466],[47.176974,42.09546],[47.174003,42.09121],[47.170367,42.089456],[47.162335,42.078522],[47.158501,42.08319],[47.151877,42.086848],[47.140949,42.082385],[47.137356,42.085056],[47.138954,42.085936],[47.133672,42.088401],[47.116506,42.0796],[47.103409,42.06558],[47.082652,42.057984],[47.078815,42.051941],[47.086205,42.039324],[47.094675,42.03668],[47.098065,42.02887],[47.102353,42.026944],[47.104199,42.019423],[47.108667,42.013103],[47.09901,42.006623],[47.099125,42.001779],[47.092531,41.997183],[47.096865,41.993946],[47.099848,41.987439],[47.103482,41.985429],[47.098377,41.972779],[47.114841,41.975088],[47.110404,41.969029],[47.107909,41.962058],[47.109927,41.952618],[47.105878,41.948217],[47.107915,41.941846],[47.104368,41.936194],[47.107186,41.932949],[47.104635,41.931513],[47.107229,41.923546],[47.09428,41.920149],[47.087456,41.921774],[47.082185,41.916644],[47.079723,41.905847],[47.075059,41.902376]]]}},{"type":"Feature","id":"109876-167","properties":{"id":"109876-167","name":"Докузпаринский район","name_ru":"Докузпаринский район","subject_id":"109876","subject_name":"Дагестан","source_gid":167,"source_fid":214,"names_rosstat":"Докузпаринский муниципальный район","population":15280,"area_km2":395.3511665310814,"density_km2":38.64918405090561,"source":"Актуализированный объединённый GeoJSON, предоставленный преподавателем","name_en":"Dokuzparinskii District","name_zh":"Dokuzparinskii区","subject_name_en":"Dagestan","subject_name_zh":"达吉斯坦共和国"},"geometry":{"type":"MultiPolygon","coordinates":[[[[47.706762,41.212942],[47.711518,41.208749],[47.716678,41.206825],[47.726075,41.206792],[47.725403,41.198081],[47.727809,41.192579],[47.744902,41.189819],[47.749521,41.187664],[47.755162,41.19268],[47.762352,41.188146],[47.778033,41.187457],[47.783264,41.185097],[47.790421,41.194159],[47.794275,41.204793],[47.807673,41.211393],[47.810505,41.219239],[47.820353,41.221909],[47.83967,41.215742],[47.849994,41.215311],[47.857922,41.220634],[47.876159,41.217351],[47.885837,41.219583],[47.893572,41.230164],[47.900438,41.233225],[47.90197,41.237651],[47.905769,41.240943],[47.904419,41.245348],[47.911543,41.255162],[47.909347,41.263292],[47.905673,41.266564],[47.909574,41.278254],[47.894614,41.287605],[47.890319,41.287735],[47.892864,41.291869],[47.896727,41.292228],[47.89947,41.29608],[47.899081,41.299468],[47.914409,41.300563],[47.937453,41.313604],[47.948491,41.312868],[47.964457,41.316316],[47.964601,41.31877],[47.968963,41.320793],[47.96961,41.323419],[47.957806,41.332077],[47.955836,41.341634],[47.953564,41.342408],[47.952387,41.347465],[47.949785,41.350596],[47.953566,41.353727],[47.954971,41.358997],[47.962873,41.360726],[47.971594,41.354834],[47.977323,41.353273],[47.990305,41.355178],[47.99386,41.367332],[48.003321,41.37329],[48.005773,41.381062],[47.997314,41.385503],[48.0007,41.391088],[47.998498,41.395741],[48.006512,41.404287],[48.003267,41.409426],[48.002645,41.414321],[48.007592,41.424659],[48.013769,41.428633],[48.020428,41.440798],[48.018895,41.455415],[48.017239,41.455136],[48.013917,41.460728],[48.008313,41.460888],[48.003493,41.466051],[48.010235,41.471123],[48.009642,41.47519],[48.001361,41.480652],[47.982908,41.46126],[47.979537,41.461057],[47.970147,41.455274],[47.970993,41.452574],[47.968097,41.449397],[47.955215,41.449785],[47.947716,41.446635],[47.938982,41.440607],[47.928328,41.428111],[47.921959,41.429302],[47.913897,41.428371],[47.909096,41.424461],[47.895899,41.423041],[47.882387,41.424788],[47.86339,41.433925],[47.856575,41.435254],[47.845381,41.434128],[47.840306,41.435836],[47.83762,41.440511],[47.830224,41.445031],[47.820699,41.439631],[47.8113,41.429915],[47.809226,41.421173],[47.804513,41.419063],[47.803483,41.414114],[47.798882,41.406949],[47.798513,41.403419],[47.801416,41.396044],[47.799333,41.391227],[47.81037,41.380955],[47.810975,41.37361],[47.804678,41.365463],[47.796991,41.330259],[47.793716,41.322954],[47.790047,41.320899],[47.782957,41.305718],[47.767303,41.300825],[47.759897,41.286384],[47.757211,41.285569],[47.754676,41.281872],[47.756892,41.279495],[47.768811,41.275902],[47.769444,41.27418],[47.773607,41.273249],[47.780119,41.268412],[47.76668,41.266674],[47.73415,41.25467],[47.726076,41.237932],[47.716383,41.22748],[47.71213,41.219008],[47.709687,41.21809],[47.706762,41.212942]]],[[[48.300775,41.935897],[48.303004,41.930828],[48.312827,41.930163],[48.319774,41.920008],[48.3264,41.92029],[48.329581,41.918181],[48.335527,41.903054],[48.337182,41.902775],[48.336879,41.905236],[48.343406,41.908899],[48.339902,41.908876],[48.339587,41.910415],[48.34439,41.911397],[48.342138,41.913415],[48.344119,41.914455],[48.34367,41.916989],[48.348021,41.926321],[48.350758,41.924433],[48.35542,41.927707],[48.345223,41.941403],[48.367793,41.946064],[48.359421,41.955642],[48.357329,41.955577],[48.317651,41.948715],[48.321147,41.940542],[48.318568,41.93973],[48.314341,41.943259],[48.311166,41.942779],[48.308478,41.947226],[48.303592,41.947282],[48.302663,41.936872],[48.300775,41.935897]]]]}},{"type":"Feature","id":"109876-176","properties":{"id":"109876-176","name":"Курахский район","name_ru":"Курахский район","subject_id":"109876","subject_name":"Дагестан","source_gid":176,"source_fid":223,"names_rosstat":"Курахский муниципальный район","population":14801,"area_km2":712.8985244782309,"density_km2":20.761720626133744,"source":"Актуализированный объединённый GeoJSON, предоставленный преподавателем","name_en":"Kurakhskii District","name_zh":"Kurakhskii区","subject_name_en":"Dagestan","subject_name_zh":"达吉斯坦共和国"},"geometry":{"type":"MultiPolygon","coordinates":[[[[47.462007,41.674759],[47.468374,41.668837],[47.472972,41.668018],[47.485593,41.65866],[47.492616,41.656411],[47.509339,41.63632],[47.511073,41.630504],[47.51403,41.630006],[47.523073,41.620819],[47.538799,41.618216],[47.540858,41.610951],[47.545708,41.606216],[47.551458,41.607312],[47.568405,41.603077],[47.574717,41.598663],[47.57586,41.593981],[47.579158,41.590018],[47.586684,41.588832],[47.595525,41.591094],[47.608439,41.583939],[47.612028,41.585811],[47.622213,41.57526],[47.639642,41.575114],[47.645555,41.571549],[47.64648,41.569301],[47.65869,41.564674],[47.662757,41.561305],[47.670901,41.559349],[47.682448,41.561413],[47.691308,41.559874],[47.691192,41.558044],[47.686221,41.555286],[47.699272,41.547259],[47.700594,41.548833],[47.712554,41.53614],[47.717765,41.534647],[47.740892,41.534626],[47.74206,41.532525],[47.75692,41.535861],[47.760208,41.528011],[47.766308,41.530223],[47.7754,41.521688],[47.790926,41.514145],[47.803874,41.512232],[47.803791,41.508188],[47.812647,41.500592],[47.810732,41.494886],[47.813961,41.49458],[47.81841,41.497233],[47.821624,41.495534],[47.827323,41.499502],[47.832541,41.494585],[47.83644,41.493588],[47.852894,41.48317],[47.851111,41.47883],[47.862374,41.483613],[47.865535,41.481901],[47.883235,41.484158],[47.882454,41.481109],[47.896855,41.48521],[47.89893,41.489029],[47.907106,41.493786],[47.91101,41.501772],[47.913277,41.500231],[47.949613,41.49404],[47.952934,41.49777],[47.956553,41.498996],[47.958165,41.496131],[47.965907,41.500001],[47.965716,41.504289],[47.987559,41.509886],[47.992591,41.507853],[47.99644,41.509045],[48.004295,41.513989],[48.006685,41.519953],[48.011028,41.522321],[48.012173,41.52632],[48.018026,41.527627],[48.028877,41.522905],[48.055498,41.526286],[48.054634,41.527585],[48.059615,41.531308],[48.063338,41.531249],[48.063222,41.533416],[48.0656,41.535014],[48.066628,41.533585],[48.071954,41.537174],[48.0808,41.536494],[48.085507,41.544129],[48.091732,41.541924],[48.096951,41.536734],[48.104221,41.538977],[48.097723,41.542251],[48.095988,41.545561],[48.097137,41.561038],[48.094254,41.558838],[48.086745,41.563834],[48.086655,41.567534],[48.080127,41.567558],[48.079996,41.57021],[48.078173,41.570867],[48.083402,41.575428],[48.082478,41.579672],[48.074493,41.57226],[48.051707,41.574284],[48.048352,41.580204],[48.043526,41.583565],[48.045015,41.587181],[48.043393,41.59034],[48.036021,41.592537],[48.021526,41.588066],[48.024937,41.591009],[48.028995,41.598686],[48.032717,41.601187],[48.027493,41.59922],[48.024728,41.603607],[48.025888,41.605747],[48.023013,41.607374],[48.010716,41.602331],[48.0112,41.59748],[48.006174,41.596857],[48.004116,41.603298],[48.000665,41.603168],[47.993903,41.598197],[47.995403,41.597521],[47.991044,41.593104],[47.984501,41.590689],[47.983292,41.584633],[47.975668,41.579991],[47.963756,41.583471],[47.971498,41.588095],[47.968491,41.592666],[47.962825,41.596345],[47.953829,41.58445],[47.952626,41.577183],[47.945566,41.58005],[47.940531,41.586211],[47.938021,41.584084],[47.926207,41.581282],[47.909025,41.584695],[47.915053,41.591196],[47.914721,41.593022],[47.895275,41.600914],[47.888423,41.609509],[47.882027,41.610835],[47.886366,41.617882],[47.866385,41.626752],[47.853637,41.636217],[47.854321,41.647149],[47.858929,41.650324],[47.854425,41.650592],[47.839278,41.659721],[47.837247,41.663448],[47.822333,41.672981],[47.829387,41.679743],[47.830036,41.686599],[47.83572,41.689274],[47.83611,41.692476],[47.839459,41.695142],[47.838494,41.69948],[47.839716,41.702646],[47.836221,41.705472],[47.841505,41.714208],[47.834983,41.715932],[47.807806,41.716213],[47.800142,41.723712],[47.772549,41.718833],[47.769564,41.715901],[47.760952,41.714829],[47.758568,41.706999],[47.754636,41.704577],[47.736933,41.710559],[47.731452,41.708949],[47.728933,41.70771],[47.724724,41.701178],[47.702356,41.693244],[47.702678,41.691792],[47.700492,41.690436],[47.690506,41.698551],[47.695095,41.703013],[47.679257,41.716381],[47.685622,41.726562],[47.652474,41.738229],[47.635545,41.741706],[47.64021,41.736204],[47.639847,41.734555],[47.642536,41.733805],[47.644236,41.724695],[47.64346,41.722734],[47.635636,41.719532],[47.636715,41.712364],[47.633979,41.709134],[47.640933,41.700714],[47.629335,41.690294],[47.624561,41.695459],[47.626022,41.702271],[47.612481,41.712922],[47.606053,41.723126],[47.601218,41.720879],[47.598199,41.724428],[47.594289,41.724915],[47.586472,41.731235],[47.583574,41.728141],[47.58523,41.721862],[47.581224,41.719193],[47.574671,41.719713],[47.57314,41.726483],[47.564524,41.732555],[47.562661,41.729619],[47.554919,41.732126],[47.552265,41.728246],[47.540213,41.729562],[47.539028,41.728318],[47.542481,41.721212],[47.546715,41.716977],[47.539769,41.717994],[47.537372,41.716726],[47.544453,41.713011],[47.546316,41.708088],[47.553072,41.703676],[47.560271,41.693425],[47.555047,41.689133],[47.549196,41.694509],[47.539463,41.690225],[47.530798,41.698637],[47.513407,41.70017],[47.503876,41.694128],[47.503322,41.69221],[47.490471,41.685753],[47.485647,41.680652],[47.463621,41.67628],[47.462007,41.674759]]],[[[48.339587,41.910415],[48.339902,41.908876],[48.343406,41.908899],[48.344049,41.906079],[48.346443,41.904999],[48.362473,41.905673],[48.36479,41.903579],[48.372661,41.901637],[48.379589,41.892735],[48.385012,41.894121],[48.383297,41.89655],[48.385303,41.906075],[48.389337,41.91297],[48.394355,41.917726],[48.395344,41.927925],[48.387644,41.932978],[48.383601,41.930319],[48.38003,41.936028],[48.367793,41.946064],[48.345223,41.941403],[48.35542,41.927707],[48.350758,41.924433],[48.348143,41.926472],[48.34367,41.916989],[48.344119,41.914455],[48.342138,41.913415],[48.34439,41.911397],[48.339587,41.910415]]],[[[48.380877,41.767907],[48.390221,41.763213],[48.390913,41.755514],[48.403026,41.754842],[48.402575,41.756659],[48.400644,41.756803],[48.397617,41.773129],[48.398215,41.777271],[48.393836,41.778094],[48.388204,41.771229],[48.380877,41.767907]]],[[[48.39974,41.848157],[48.400631,41.846999],[48.406212,41.847401],[48.40929,41.841017],[48.410617,41.843407],[48.414094,41.843518],[48.413653,41.834438],[48.417579,41.830002],[48.414678,41.82423],[48.417685,41.823054],[48.421316,41.826031],[48.42507,41.837016],[48.43049,41.844816],[48.428813,41.84674],[48.41767,41.850695],[48.39974,41.848157]]]]}},{"type":"Feature","id":"109876-210","properties":{"id":"109876-210","name":"Кизилюртовский район","name_ru":"Кизилюртовский район","subject_id":"109876","subject_name":"Дагестан","source_gid":210,"source_fid":265,"names_rosstat":"Кизилюртовский муниципальный район","population":77655,"area_km2":531.9349867509294,"density_km2":145.98588536978636,"source":"Актуализированный объединённый GeoJSON, предоставленный преподавателем","name_en":"Kiziliurtovskii District","name_zh":"Kiziliurtovskii区","subject_name_en":"Dagestan","subject_name_zh":"达吉斯坦共和国"},"geometry":{"type":"Polygon","coordinates":[[[46.730612,43.125012],[46.739046,43.131553],[46.760208,43.13858],[46.764772,43.141654],[46.775148,43.142223],[46.789501,43.146507],[46.802003,43.14708],[46.805503,43.148903],[46.797972,43.149732],[46.795993,43.151841],[46.787116,43.150561],[46.789053,43.154546],[46.7836,43.155671],[46.785699,43.156535],[46.778334,43.157441],[46.777257,43.159211],[46.780902,43.158409],[46.784091,43.165478],[46.767898,43.169283],[46.765356,43.176466],[46.769995,43.189135],[46.76875,43.190799],[46.761695,43.191974],[46.762124,43.195453],[46.767925,43.196389],[46.802613,43.192859],[46.807791,43.203542],[46.807205,43.209139],[46.805067,43.210453],[46.819488,43.208774],[46.819302,43.206893],[46.828241,43.205138],[46.83005,43.182662],[46.82941,43.171635],[46.826818,43.165489],[46.833722,43.15101],[46.849378,43.152956],[46.851613,43.156906],[46.85108,43.161472],[46.853408,43.161189],[46.848132,43.167701],[46.847202,43.174144],[46.84416,43.177953],[46.844169,43.187573],[46.850902,43.188125],[46.849727,43.184553],[46.860321,43.184019],[46.862493,43.190952],[46.884086,43.190502],[46.891372,43.198512],[46.894674,43.198839],[46.8944,43.202948],[46.91156,43.201662],[46.910714,43.208865],[46.907244,43.207241],[46.900183,43.212928],[46.891652,43.217031],[46.886225,43.217192],[46.886852,43.218423],[46.873494,43.218855],[46.872578,43.213197],[46.861304,43.212764],[46.854954,43.210794],[46.850493,43.211821],[46.852928,43.213798],[46.849542,43.215161],[46.84569,43.213398],[46.842709,43.209024],[46.837254,43.211001],[46.833126,43.209681],[46.832689,43.224927],[46.833578,43.228971],[46.836022,43.230904],[46.835355,43.238422],[46.832933,43.24134],[46.838122,43.243161],[46.838543,43.244985],[46.835245,43.250135],[46.836543,43.2538],[46.830882,43.256084],[46.829443,43.261729],[46.834677,43.269544],[46.831241,43.273003],[46.83487,43.275015],[46.829435,43.276401],[46.830096,43.279415],[46.827186,43.281519],[46.830231,43.286043],[46.836463,43.285435],[46.841258,43.288453],[46.8421,43.292075],[46.847121,43.29195],[46.845512,43.295723],[46.849026,43.297636],[46.847052,43.300041],[46.850614,43.301665],[46.84791,43.305163],[46.850168,43.309096],[46.84652,43.310783],[46.848022,43.312781],[46.850828,43.312346],[46.849502,43.314361],[46.854011,43.315881],[46.853153,43.319388],[46.856662,43.325034],[46.863034,43.325935],[46.861534,43.331615],[46.864144,43.33225],[46.866103,43.330721],[46.868672,43.33194],[46.867222,43.334602],[46.872746,43.337013],[46.877757,43.343375],[46.882345,43.34023],[46.893942,43.343082],[46.897178,43.345117],[46.897374,43.34847],[46.903655,43.35218],[46.911392,43.351471],[46.922689,43.346503],[46.925903,43.348113],[46.920816,43.352864],[46.918283,43.352075],[46.914269,43.353563],[46.912186,43.357158],[46.911728,43.359365],[46.917586,43.362533],[46.885733,43.384205],[46.876823,43.38828],[46.859076,43.384998],[46.860182,43.389598],[46.865599,43.396009],[46.935942,43.412198],[46.937068,43.405007],[46.946572,43.390369],[46.960001,43.383188],[46.956844,43.381187],[46.95691,43.379655],[46.942275,43.377589],[46.948176,43.369993],[46.967909,43.36581],[46.970651,43.36265],[46.968343,43.357778],[46.972509,43.353771],[46.974424,43.355684],[46.975063,43.366058],[46.979734,43.363693],[46.984029,43.365758],[46.986681,43.364435],[46.987256,43.360576],[46.991576,43.361486],[46.999206,43.3671],[47.006086,43.378643],[47.008367,43.379448],[47.017211,43.372666],[47.023512,43.376966],[47.031135,43.375969],[47.040181,43.379674],[47.057241,43.377379],[47.058138,43.371705],[47.059844,43.370439],[47.069373,43.371645],[47.06263,43.368649],[47.042987,43.365534],[47.033802,43.3667],[47.029468,43.360154],[47.021803,43.357097],[47.01971,43.35377],[47.020727,43.349186],[47.014194,43.342523],[47.0159,43.337835],[47.00942,43.335156],[47.006205,43.328835],[47.000033,43.329025],[46.993276,43.326874],[46.993011,43.324681],[46.998105,43.321434],[46.999871,43.317521],[46.99518,43.312103],[46.987886,43.313028],[46.983023,43.31706],[46.967832,43.322573],[46.966394,43.318192],[46.972103,43.316704],[46.975995,43.313187],[46.984368,43.313523],[46.973947,43.300082],[46.954932,43.29123],[46.957195,43.285669],[46.981929,43.285391],[46.989075,43.278448],[47.004774,43.272123],[47.014617,43.272622],[47.026082,43.269688],[47.027202,43.265307],[47.037328,43.267101],[47.039315,43.265276],[47.030986,43.261854],[47.031798,43.258567],[47.029943,43.254189],[47.028814,43.254609],[47.04099,43.241287],[47.051353,43.226417],[47.064284,43.237979],[47.083169,43.239165],[47.081325,43.23323],[47.073143,43.228801],[47.073147,43.221677],[47.075401,43.220638],[47.077727,43.215366],[47.080916,43.214378],[47.080914,43.210903],[47.088719,43.204185],[47.096348,43.201452],[47.101696,43.191228],[47.107751,43.189636],[47.11079,43.183419],[47.118294,43.178152],[47.104222,43.161144],[47.098624,43.161258],[47.096196,43.159126],[47.0886,43.149316],[47.092357,43.1476],[47.086204,43.140095],[47.079822,43.134757],[47.071342,43.137778],[47.047328,43.106008],[47.042351,43.104373],[47.030556,43.11054],[47.016669,43.108686],[46.993449,43.110956],[46.990513,43.10799],[46.979053,43.105136],[46.975623,43.107005],[46.964471,43.107261],[46.961208,43.110749],[46.962426,43.113156],[46.959375,43.113968],[46.95547,43.113579],[46.948805,43.107199],[46.911737,43.118895],[46.899424,43.116883],[46.897833,43.1151],[46.882247,43.118325],[46.87893,43.117743],[46.851745,43.128633],[46.844836,43.12899],[46.844697,43.124599],[46.841521,43.120238],[46.845587,43.099166],[46.845017,43.091667],[46.841251,43.082038],[46.831738,43.073224],[46.831482,43.066795],[46.829307,43.064831],[46.824798,43.064749],[46.820989,43.073737],[46.811981,43.07786],[46.813097,43.079043],[46.80724,43.080707],[46.79645,43.079997],[46.79492,43.081266],[46.804377,43.085033],[46.811998,43.091277],[46.805126,43.092311],[46.799893,43.096139],[46.789696,43.098922],[46.792689,43.098997],[46.791896,43.100321],[46.781386,43.10092],[46.784142,43.10291],[46.778233,43.104182],[46.775692,43.107745],[46.775923,43.109614],[46.784694,43.111954],[46.781889,43.117084],[46.764027,43.112797],[46.759041,43.115806],[46.747332,43.117568],[46.746425,43.119617],[46.743754,43.120291],[46.743668,43.12235],[46.736587,43.122497],[46.730612,43.125012]],[[46.973637,43.353202],[46.975103,43.350532],[46.979798,43.349643],[46.980612,43.353811],[46.983116,43.353793],[46.983027,43.355448],[46.98067,43.354792],[46.976813,43.35699],[46.973637,43.353202]],[[47.05695,43.205631],[47.060932,43.205112],[47.063213,43.208046],[47.060215,43.207585],[47.058703,43.209167],[47.05695,43.205631]],[[47.069991,43.185624],[47.073362,43.182126],[47.076802,43.184879],[47.073279,43.187053],[47.069991,43.185624]]]}},{"type":"Feature","id":"109876-357","properties":{"id":"109876-357","name":"Хивский район","name_ru":"Хивский район","subject_id":"109876","subject_name":"Дагестан","source_gid":357,"source_fid":437,"names_rosstat":"Хивский муниципальный район","population":20490,"area_km2":485.93706181770847,"density_km2":42.16595442083505,"source":"Актуализированный объединённый GeoJSON, предоставленный преподавателем","name_en":"Khivskii District","name_zh":"Khivskii区","subject_name_en":"Dagestan","subject_name_zh":"达吉斯坦共和国"},"geometry":{"type":"MultiPolygon","coordinates":[[[[47.708662,41.881515],[47.722015,41.871539],[47.718803,41.868006],[47.724683,41.861484],[47.731537,41.858422],[47.732655,41.853335],[47.741101,41.850066],[47.742409,41.846776],[47.740341,41.840944],[47.74992,41.833846],[47.754911,41.836131],[47.758614,41.831678],[47.778916,41.835598],[47.788043,41.834599],[47.790532,41.829709],[47.779885,41.82308],[47.78127,41.816535],[47.786439,41.805315],[47.793034,41.802243],[47.799242,41.79731],[47.8007,41.794193],[47.806339,41.791733],[47.800805,41.784408],[47.783513,41.77569],[47.786262,41.774141],[47.785981,41.770825],[47.789367,41.762961],[47.78875,41.753051],[47.797227,41.745887],[47.798416,41.741669],[47.79672,41.732322],[47.799039,41.732284],[47.797064,41.730896],[47.797699,41.728106],[47.807806,41.716213],[47.834983,41.715932],[47.841505,41.714208],[47.836221,41.705472],[47.838687,41.702957],[47.849164,41.708252],[47.85543,41.706906],[47.856851,41.700883],[47.863251,41.699281],[47.862348,41.691148],[47.864044,41.688755],[47.863981,41.683136],[47.87456,41.671621],[47.876568,41.670268],[47.881058,41.671285],[47.880825,41.669621],[47.882123,41.669852],[47.875124,41.666195],[47.891022,41.665125],[47.901147,41.667118],[47.911648,41.670952],[47.923868,41.679165],[47.944856,41.687024],[47.949479,41.688367],[47.951868,41.6869],[47.961947,41.687732],[47.963511,41.689668],[47.969909,41.687946],[47.974724,41.69471],[47.986325,41.690276],[47.997585,41.688309],[48.005409,41.684266],[48.025286,41.683185],[48.030937,41.68611],[48.02975,41.688943],[48.033947,41.691222],[48.038207,41.700647],[48.032447,41.70399],[48.038942,41.715908],[48.038135,41.721628],[48.040072,41.724914],[48.051408,41.732895],[48.054306,41.731627],[48.060564,41.736052],[48.063427,41.73292],[48.074761,41.732991],[48.075701,41.727652],[48.082718,41.727864],[48.085368,41.725941],[48.088944,41.72936],[48.087775,41.732056],[48.083882,41.733086],[48.088438,41.736236],[48.086903,41.738345],[48.089386,41.743326],[48.088287,41.747067],[48.097029,41.751184],[48.098608,41.753082],[48.096677,41.759555],[48.103223,41.761947],[48.100258,41.7636],[48.10009,41.768254],[48.102129,41.772316],[48.099789,41.776864],[48.102035,41.781437],[48.104663,41.782225],[48.107346,41.778504],[48.116285,41.779242],[48.116957,41.780604],[48.121485,41.778038],[48.118218,41.775834],[48.11759,41.772267],[48.128065,41.774063],[48.136657,41.771067],[48.148493,41.774699],[48.142324,41.780568],[48.143198,41.782233],[48.149307,41.782747],[48.156524,41.788705],[48.145547,41.800858],[48.139052,41.796662],[48.131646,41.795569],[48.125425,41.789983],[48.107856,41.792898],[48.09528,41.785334],[48.089935,41.787686],[48.079551,41.787597],[48.083178,41.793465],[48.080805,41.798498],[48.085128,41.799496],[48.081196,41.804674],[48.0844,41.806096],[48.081573,41.811177],[48.077424,41.804721],[48.057793,41.81067],[48.049672,41.822296],[48.040176,41.817946],[48.034933,41.820194],[48.033399,41.821937],[48.034836,41.823559],[48.034103,41.825347],[48.031455,41.826453],[48.035649,41.830745],[48.030468,41.83453],[48.027775,41.832956],[48.027279,41.827092],[48.021552,41.826343],[48.021934,41.824183],[48.014756,41.824373],[48.009064,41.828497],[48.00423,41.826511],[48.001284,41.833469],[48.002633,41.835641],[47.999998,41.843377],[47.995397,41.850073],[47.989482,41.845084],[47.974785,41.843296],[47.966625,41.845103],[47.967329,41.847173],[47.96326,41.848757],[47.953638,41.844136],[47.946401,41.844669],[47.945201,41.848614],[47.940322,41.852401],[47.932452,41.869031],[47.927947,41.870726],[47.927348,41.864032],[47.923315,41.862032],[47.914864,41.861394],[47.911774,41.869922],[47.900766,41.880412],[47.902117,41.885809],[47.893659,41.898139],[47.889519,41.897443],[47.88364,41.893526],[47.872869,41.89234],[47.864694,41.888238],[47.860245,41.879841],[47.853016,41.874204],[47.84506,41.872041],[47.838673,41.872391],[47.834198,41.875535],[47.826571,41.874602],[47.815757,41.878447],[47.811508,41.875484],[47.815171,41.8728],[47.813847,41.87214],[47.807849,41.873312],[47.803961,41.876302],[47.795422,41.875307],[47.794442,41.877365],[47.798421,41.880291],[47.793147,41.885879],[47.77691,41.891532],[47.772442,41.895736],[47.763377,41.89565],[47.751342,41.899163],[47.74425,41.898076],[47.736533,41.890692],[47.727888,41.886535],[47.713188,41.888227],[47.708662,41.881515]]],[[[48.335113,41.853555],[48.344499,41.846749],[48.348601,41.846221],[48.355244,41.842083],[48.359175,41.847418],[48.363324,41.847348],[48.361769,41.850565],[48.365768,41.854059],[48.362062,41.857844],[48.356276,41.85665],[48.353473,41.859601],[48.350247,41.858506],[48.347117,41.861774],[48.335113,41.853555]]],[[[48.340803,41.727615],[48.368482,41.71823],[48.369515,41.713287],[48.367018,41.707795],[48.367798,41.705122],[48.373123,41.704897],[48.374827,41.702792],[48.377598,41.7095],[48.376823,41.716212],[48.382315,41.716609],[48.379858,41.747348],[48.362018,41.749058],[48.355005,41.745126],[48.347539,41.7359],[48.343466,41.733698],[48.340803,41.727615]]]]}},{"type":"Feature","id":"109876-395","properties":{"id":"109876-395","name":"Тарумовский район","name_ru":"Тарумовский район","subject_id":"109876","subject_name":"Дагестан","source_gid":395,"source_fid":484,"names_rosstat":"Тарумовский муниципальный район","population":35942,"area_km2":3568.360187486729,"density_km2":10.072413689077365,"source":"Актуализированный объединённый GeoJSON, предоставленный преподавателем","name_en":"Tarumovskii District","name_zh":"Tarumovskii区","subject_name_en":"Dagestan","subject_name_zh":"达吉斯坦共和国"},"geometry":{"type":"MultiPolygon","coordinates":[[[[46.312024,44.019168],[46.315055,44.01193],[46.309867,44.011305],[46.306365,44.014359],[46.308618,44.018718],[46.312024,44.019168]]],[[[46.55251,43.901205],[46.538886,43.897007],[46.525455,43.90003],[46.520483,43.898113],[46.509208,43.903804],[46.505026,43.903852],[46.503012,43.910059],[46.500568,43.911488],[46.497683,43.917132],[46.499315,43.936328],[46.492396,43.948267],[46.459844,43.958804],[46.453218,43.967808],[46.444458,43.96806],[46.433502,43.971467],[46.433649,43.973749],[46.439614,43.975029],[46.440774,43.977077],[46.437801,43.978947],[46.436884,43.984796],[46.43092,43.984776],[46.427945,43.987278],[46.43723,43.994346],[46.440632,44.00289],[46.321416,44.010513],[46.31411,44.014854],[46.312472,44.020353],[46.311968,44.022843],[46.313434,44.024873],[46.316629,44.026891],[46.316468,44.029967],[46.31014,44.040438],[46.300532,44.046912],[46.304552,44.049563],[46.311667,44.047539],[46.317038,44.049535],[46.322339,44.054144],[46.336403,44.055702],[46.347981,44.060269],[46.348639,44.064099],[46.352463,44.068417],[46.365015,44.073565],[46.375352,44.074292],[46.390994,44.071246],[46.403038,44.072357],[46.406923,44.076735],[46.413134,44.07697],[46.414187,44.078885],[46.417477,44.079527],[46.425709,44.089101],[46.433035,44.089901],[46.435832,44.094913],[46.426045,44.105946],[46.426431,44.113411],[46.423234,44.117062],[46.383312,44.120559],[46.374629,44.123376],[46.374993,44.239544],[46.372956,44.239963],[46.372964,44.244886],[46.375234,44.245242],[46.375464,44.258945],[46.438246,44.259527],[46.438382,44.306331],[46.416474,44.301066],[46.41684,44.337698],[46.428009,44.347555],[46.438501,44.347433],[46.440208,44.938955],[46.449376,44.939128],[46.470751,44.935783],[46.484505,44.930393],[46.504579,44.934297],[46.511642,44.92965],[46.570563,44.907346],[46.574652,44.902886],[46.575024,44.899912],[46.584875,44.889875],[46.628926,44.866084],[46.63506,44.861066],[46.639335,44.864226],[46.651974,44.862367],[46.657736,44.859207],[46.664427,44.860137],[46.6661,44.858464],[46.677066,44.858836],[46.690077,44.846569],[46.707735,44.841922],[46.712381,44.842852],[46.718701,44.838577],[46.724649,44.839135],[46.740076,44.835603],[46.74305,44.832815],[46.769815,44.82631],[46.77186,44.824637],[46.772789,44.819433],[46.767957,44.813299],[46.762009,44.810697],[46.759407,44.804563],[46.755322,44.801833],[46.755171,44.799929],[46.765727,44.796943],[46.773865,44.790518],[46.787011,44.789059],[46.792932,44.785139],[46.798685,44.783898],[46.797979,44.779737],[46.805866,44.776563],[46.805447,44.772432],[46.813179,44.771817],[46.814294,44.767537],[46.813211,44.764384],[46.820741,44.760495],[46.831252,44.76296],[46.830585,44.766541],[46.83498,44.766548],[46.838114,44.769385],[46.828459,44.773918],[46.822485,44.781153],[46.822443,44.783254],[46.827047,44.787589],[46.825192,44.790525],[46.81586,44.794999],[46.809168,44.796028],[46.809065,44.805373],[46.81368,44.807724],[46.82316,44.808653],[46.860148,44.799174],[46.86498,44.79936],[46.872787,44.801405],[46.886913,44.810513],[46.898436,44.812],[46.901224,44.808654],[46.932962,44.791387],[46.931162,44.753872],[46.934075,44.734871],[46.949153,44.733845],[46.966937,44.741162],[46.976775,44.74133],[46.984013,44.734968],[46.994145,44.733936],[47.012484,44.741671],[47.025994,44.740119],[47.03637,44.741662],[47.033962,44.746994],[47.041069,44.748943],[47.048671,44.747343],[47.071266,44.729894],[47.077467,44.722832],[47.078385,44.719206],[47.08147,44.718995],[47.082782,44.7153],[47.086056,44.713338],[47.089332,44.70869],[47.087631,44.707899],[47.080837,44.711961],[47.078345,44.710815],[47.078727,44.708789],[47.09179,44.700748],[47.090153,44.698912],[47.094007,44.693973],[47.090233,44.692136],[47.094368,44.691585],[47.095646,44.689031],[47.09427,44.685043],[47.095189,44.681621],[47.089673,44.685761],[47.089483,44.687548],[47.082918,44.685379],[47.084574,44.683708],[47.08104,44.673524],[47.081157,44.665349],[47.072942,44.660008],[47.06603,44.658779],[47.05425,44.659611],[47.049358,44.664195],[47.043936,44.666444],[47.04393,44.668523],[47.042595,44.668572],[47.046191,44.672552],[47.043613,44.673441],[47.038359,44.666622],[47.028152,44.668795],[47.026497,44.666603],[47.022753,44.669326],[47.019384,44.669363],[47.016259,44.675024],[47.011257,44.673914],[47.008667,44.675867],[47.005361,44.683045],[47.00215,44.683382],[47.000802,44.681693],[46.998607,44.683701],[47.000741,44.685214],[46.998699,44.68766],[46.982244,44.693152],[46.981187,44.691371],[46.974129,44.689455],[46.977607,44.685511],[46.977501,44.682771],[46.97453,44.681302],[46.975336,44.679925],[46.972485,44.678016],[46.966651,44.679124],[46.963984,44.674421],[46.960704,44.674553],[46.960436,44.672278],[46.957375,44.669528],[46.957853,44.666946],[46.952343,44.66477],[46.952581,44.661515],[46.950395,44.65884],[46.945569,44.658657],[46.941399,44.661007],[46.940404,44.657864],[46.938004,44.657026],[46.930367,44.658844],[46.928551,44.656684],[46.924925,44.659717],[46.923111,44.659622],[46.921835,44.65713],[46.915869,44.660457],[46.906346,44.663633],[46.904709,44.662586],[46.892659,44.668087],[46.881351,44.670738],[46.881525,44.668628],[46.876724,44.664812],[46.871117,44.664997],[46.871239,44.660261],[46.874426,44.655892],[46.870055,44.652162],[46.869719,44.648157],[46.868293,44.649118],[46.869231,44.644723],[46.864783,44.63162],[46.860708,44.631314],[46.859904,44.628143],[46.857841,44.62793],[46.850016,44.630191],[46.850088,44.627103],[46.842909,44.630843],[46.841628,44.629766],[46.843206,44.625897],[46.838938,44.629624],[46.838193,44.627906],[46.837341,44.629514],[46.83472,44.629589],[46.836385,44.62741],[46.833773,44.624931],[46.833799,44.617779],[46.828776,44.615639],[46.83185,44.615316],[46.838458,44.606558],[46.835639,44.606128],[46.834236,44.602384],[46.836099,44.600949],[46.837905,44.603467],[46.845526,44.602297],[46.862309,44.59534],[46.86605,44.591698],[46.864366,44.591393],[46.866439,44.589502],[46.86609,44.584927],[46.869873,44.58134],[46.87279,44.575238],[46.871955,44.573024],[46.874588,44.570416],[46.872956,44.570192],[46.874094,44.567837],[46.871973,44.566268],[46.875948,44.560975],[46.875372,44.558579],[46.879113,44.552115],[46.878909,44.550043],[46.874454,44.54822],[46.880947,44.544576],[46.880208,44.541502],[46.887438,44.538825],[46.889263,44.534748],[46.888405,44.533454],[46.89036,44.531279],[46.889623,44.528349],[46.893794,44.529087],[46.89562,44.524096],[46.902772,44.51754],[46.902876,44.514569],[46.905342,44.513252],[46.905096,44.511431],[46.90725,44.511476],[46.908182,44.507642],[46.915215,44.499698],[46.913288,44.498657],[46.913681,44.49548],[46.910838,44.493668],[46.911707,44.492212],[46.908334,44.490367],[46.888838,44.48597],[46.870476,44.485546],[46.867488,44.486747],[46.867796,44.488159],[46.862284,44.488428],[46.831584,44.482882],[46.825527,44.48509],[46.802249,44.484307],[46.775837,44.489939],[46.774335,44.492658],[46.755956,44.502524],[46.753552,44.505805],[46.750593,44.503831],[46.748135,44.505291],[46.748742,44.508857],[46.74509,44.513422],[46.74329,44.514056],[46.743727,44.513054],[46.740656,44.511673],[46.741354,44.510205],[46.739053,44.508292],[46.740106,44.506661],[46.738946,44.505901],[46.74549,44.502258],[46.738307,44.503056],[46.741195,44.499557],[46.73949,44.498043],[46.742355,44.494604],[46.743364,44.491702],[46.74217,44.4905],[46.749106,44.478416],[46.747161,44.478105],[46.74683,44.476439],[46.74941,44.47601],[46.74829,44.475047],[46.749856,44.474094],[46.761428,44.474914],[46.76349,44.476672],[46.767469,44.474831],[46.768414,44.478135],[46.772291,44.478881],[46.774526,44.476422],[46.772876,44.475862],[46.772629,44.473581],[46.774883,44.47126],[46.777505,44.471184],[46.77746,44.46893],[46.782618,44.467096],[46.778004,44.465627],[46.774653,44.46063],[46.775406,44.457201],[46.772811,44.452959],[46.774856,44.450373],[46.779642,44.453281],[46.778759,44.450748],[46.782246,44.45252],[46.791158,44.450065],[46.800811,44.449902],[46.806924,44.451684],[46.815447,44.448129],[46.818704,44.45111],[46.842828,44.460829],[46.864802,44.466913],[46.88852,44.470777],[46.903037,44.467959],[46.906493,44.464704],[46.906406,44.462084],[46.909787,44.461982],[46.909357,44.458745],[46.92398,44.443055],[46.923487,44.44164],[46.929774,44.442398],[46.932821,44.441211],[46.929324,44.43925],[46.940267,44.427696],[46.939331,44.423162],[46.943092,44.420237],[46.944951,44.414417],[46.944636,44.408594],[46.939768,44.407693],[46.938707,44.405729],[46.941716,44.404302],[46.94022,44.402905],[46.944207,44.397962],[46.950878,44.394734],[46.908513,44.371875],[46.901185,44.371419],[46.900366,44.367604],[46.890544,44.364815],[46.884809,44.358574],[46.873812,44.35544],[46.86685,44.346554],[46.860677,44.341624],[46.85684,44.340839],[46.850445,44.333365],[46.860643,44.316366],[46.857535,44.30858],[46.860708,44.295346],[46.855081,44.277379],[46.866899,44.253855],[46.868237,44.236936],[46.849268,44.234763],[46.84303,44.239799],[46.839801,44.240074],[46.838011,44.238596],[46.834639,44.221758],[46.832428,44.221618],[46.832363,44.219614],[46.830542,44.218728],[46.828005,44.220101],[46.822999,44.217983],[46.810991,44.221646],[46.801499,44.214601],[46.793578,44.213498],[46.770958,44.21407],[46.762186,44.224177],[46.748285,44.221968],[46.746075,44.203758],[46.747599,44.192744],[46.743328,44.180573],[46.746687,44.175702],[46.745067,44.174332],[46.742642,44.164959],[46.743543,44.161227],[46.751976,44.152883],[46.753328,44.148202],[46.752191,44.14038],[46.740805,44.136975],[46.739938,44.13111],[46.742596,44.125343],[46.742825,44.120483],[46.745939,44.117718],[46.747094,44.112518],[46.750785,44.107065],[46.75064,44.103631],[46.745189,44.088996],[46.732248,44.088505],[46.731006,44.085741],[46.722117,44.085123],[46.713219,44.077663],[46.710457,44.073337],[46.710947,44.067905],[46.706663,44.061658],[46.709518,44.055676],[46.713605,44.052276],[46.713461,44.046527],[46.718112,44.046293],[46.726416,44.039597],[46.726399,44.032782],[46.729753,44.029994],[46.7305,44.018661],[46.733759,44.008756],[46.735501,44.008331],[46.735781,44.013849],[46.738491,44.015937],[46.739487,44.022856],[46.743136,44.02214],[46.744586,44.018068],[46.743195,44.015629],[46.748672,44.012693],[46.750214,44.017275],[46.756168,44.018093],[46.761957,44.008265],[46.766332,44.008765],[46.765833,44.004171],[46.76174,44.001157],[46.751589,44.002096],[46.7357,43.996321],[46.736457,43.992478],[46.72992,43.986063],[46.722081,43.98745],[46.719567,43.984684],[46.723368,43.983831],[46.723113,43.976818],[46.727964,43.97003],[46.725299,43.966495],[46.725449,43.963025],[46.73,43.9599],[46.723413,43.952507],[46.722484,43.9502],[46.723862,43.949004],[46.718744,43.945892],[46.720397,43.945499],[46.717863,43.943094],[46.705213,43.941623],[46.700146,43.946997],[46.695119,43.948016],[46.692805,43.96216],[46.696063,43.964168],[46.696731,43.961488],[46.698403,43.961956],[46.699798,43.963382],[46.69916,43.970447],[46.705894,43.971069],[46.702529,43.97539],[46.70107,43.984693],[46.703514,43.989134],[46.690932,43.991039],[46.690029,43.984108],[46.693287,43.955074],[46.694842,43.947961],[46.693207,43.943767],[46.672214,43.947341],[46.654152,43.952463],[46.648947,43.948707],[46.64957,43.942297],[46.654143,43.937301],[46.653729,43.935427],[46.643949,43.929359],[46.641582,43.923921],[46.631832,43.923085],[46.629924,43.92054],[46.630606,43.909437],[46.632317,43.909441],[46.635455,43.903681],[46.637499,43.895184],[46.642667,43.89022],[46.648094,43.887611],[46.640573,43.887314],[46.634225,43.889299],[46.607599,43.903525],[46.60191,43.899308],[46.595492,43.90043],[46.583519,43.896968],[46.573577,43.89914],[46.566413,43.902607],[46.559532,43.899806],[46.55251,43.901205]],[[46.316896,44.026339],[46.314138,44.025194],[46.312585,44.023519],[46.316618,44.023929],[46.316896,44.026339]]]]}},{"type":"Feature","id":"109876-396","properties":{"id":"109876-396","name":"Табасаранский район","name_ru":"Табасаранский район","subject_id":"109876","subject_name":"Дагестан","source_gid":396,"source_fid":485,"names_rosstat":"Табасаранский муниципальный район","population":52830,"area_km2":796.4938000074482,"density_km2":66.32819991757121,"source":"Актуализированный объединённый GeoJSON, предоставленный преподавателем","name_en":"Tabasaranskii District","name_zh":"Tabasaranskii区","subject_name_en":"Dagestan","subject_name_zh":"达吉斯坦共和国"},"geometry":{"type":"Polygon","coordinates":[[[47.684096,41.918743],[47.704743,41.930468],[47.716,41.927576],[47.738406,41.936378],[47.747338,41.939002],[47.753198,41.938909],[47.770113,41.946866],[47.796749,41.949559],[47.802457,41.952928],[47.808691,41.960535],[47.815418,41.964596],[47.830134,41.961445],[47.837882,41.962822],[47.837249,41.96424],[47.840134,41.965175],[47.839053,41.967056],[47.841668,41.972434],[47.840127,41.975842],[47.858544,41.992846],[47.862731,41.991833],[47.862131,41.996714],[47.864409,41.996804],[47.862704,41.999931],[47.869228,42.003013],[47.86732,42.008188],[47.86566,42.008506],[47.867202,42.01017],[47.863842,42.011961],[47.866439,42.014522],[47.871564,42.010944],[47.87527,42.013055],[47.872878,42.015577],[47.875023,42.018367],[47.878959,42.014961],[47.901729,42.024136],[47.903157,42.026824],[47.924359,42.022001],[47.935607,42.028399],[47.943966,42.027128],[47.945427,42.025352],[47.950923,42.027633],[47.951569,42.033461],[47.952995,42.033144],[47.95645,42.041125],[47.961903,42.04813],[47.966938,42.059841],[47.964172,42.062303],[47.959507,42.073926],[47.962107,42.077626],[47.973256,42.080445],[47.977719,42.089157],[47.985994,42.093111],[48.00589,42.110709],[48.008656,42.106648],[48.004631,42.104079],[48.00308,42.10016],[48.015972,42.100387],[48.01917,42.092664],[48.023184,42.088982],[48.025275,42.091046],[48.033652,42.092592],[48.042494,42.098413],[48.052805,42.098788],[48.057061,42.113042],[48.061827,42.118869],[48.065765,42.116888],[48.070003,42.117811],[48.07371,42.116307],[48.073704,42.117576],[48.079927,42.115972],[48.090646,42.122203],[48.088991,42.113513],[48.075271,42.100913],[48.074219,42.094966],[48.076376,42.081216],[48.071752,42.074487],[48.07562,42.072617],[48.070987,42.068866],[48.069951,42.064434],[48.079113,42.051354],[48.078994,42.046065],[48.082512,42.045075],[48.082857,42.042917],[48.086446,42.040738],[48.084673,42.030775],[48.087063,42.027074],[48.088259,42.016222],[48.089428,42.016342],[48.086871,42.011707],[48.08571,41.999504],[48.098779,42.000948],[48.10019,41.995886],[48.099241,41.993627],[48.10583,41.989842],[48.1046,41.996023],[48.10693,41.995721],[48.107324,41.998657],[48.137838,41.999614],[48.147606,41.990576],[48.163457,41.957269],[48.175414,41.944362],[48.199446,41.934474],[48.202246,41.930443],[48.201238,41.928982],[48.207684,41.924305],[48.223071,41.920194],[48.229144,41.911196],[48.226397,41.90726],[48.219879,41.91498],[48.204534,41.917618],[48.202973,41.919869],[48.20847,41.919462],[48.208328,41.920738],[48.198285,41.924651],[48.190881,41.933951],[48.173257,41.933149],[48.176637,41.925478],[48.133962,41.919058],[48.137034,41.913394],[48.152754,41.89517],[48.162131,41.890937],[48.17639,41.87707],[48.187408,41.873955],[48.207386,41.863552],[48.217385,41.862258],[48.230501,41.852373],[48.254743,41.851167],[48.270761,41.854667],[48.277262,41.853045],[48.298967,41.872501],[48.295936,41.877422],[48.304444,41.877317],[48.336746,41.852125],[48.354805,41.842229],[48.355404,41.836189],[48.344915,41.837524],[48.322212,41.818017],[48.323486,41.815371],[48.310319,41.811482],[48.306723,41.80003],[48.30354,41.795136],[48.303393,41.783997],[48.291111,41.784155],[48.288838,41.781975],[48.272456,41.77696],[48.26741,41.776119],[48.262955,41.777671],[48.257195,41.785256],[48.252048,41.788906],[48.24104,41.785719],[48.22797,41.784713],[48.222221,41.793127],[48.186976,41.802095],[48.184568,41.80605],[48.179328,41.802791],[48.170013,41.800178],[48.145547,41.800858],[48.139052,41.796662],[48.131646,41.795569],[48.125425,41.789983],[48.107856,41.792898],[48.09528,41.785334],[48.089935,41.787686],[48.079551,41.787597],[48.083178,41.793465],[48.080805,41.798498],[48.085128,41.799496],[48.081196,41.804674],[48.0844,41.806096],[48.081573,41.811177],[48.077424,41.804721],[48.057793,41.81067],[48.049672,41.822296],[48.040176,41.817946],[48.034933,41.820194],[48.033399,41.821937],[48.034836,41.823559],[48.034103,41.825347],[48.031455,41.826453],[48.035649,41.830745],[48.030468,41.83453],[48.027775,41.832956],[48.027279,41.827092],[48.021552,41.826343],[48.021934,41.824183],[48.014756,41.824373],[48.009064,41.828497],[48.00423,41.826511],[48.001284,41.833469],[48.002633,41.835641],[47.999998,41.843377],[47.995397,41.850073],[47.989482,41.845084],[47.974785,41.843296],[47.966625,41.845103],[47.967329,41.847173],[47.96326,41.848757],[47.951217,41.843725],[47.946401,41.844669],[47.945201,41.848614],[47.940322,41.852401],[47.932452,41.869031],[47.927947,41.870726],[47.927348,41.864032],[47.923315,41.862032],[47.914864,41.861394],[47.911774,41.869922],[47.900766,41.880412],[47.902117,41.885809],[47.893659,41.898139],[47.889519,41.897443],[47.88364,41.893526],[47.872869,41.89234],[47.864694,41.888238],[47.860245,41.879841],[47.853016,41.874204],[47.847127,41.872345],[47.838673,41.872391],[47.834198,41.875535],[47.826571,41.874602],[47.815757,41.878447],[47.811508,41.875484],[47.815171,41.8728],[47.81025,41.872442],[47.803961,41.876302],[47.795422,41.875307],[47.794442,41.877365],[47.798421,41.880291],[47.797213,41.882528],[47.793147,41.885879],[47.77691,41.891532],[47.771755,41.895868],[47.763377,41.89565],[47.751342,41.899163],[47.74425,41.898076],[47.736533,41.890692],[47.727888,41.886535],[47.727058,41.903093],[47.717747,41.905036],[47.714117,41.907951],[47.704692,41.906514],[47.699015,41.907955],[47.691195,41.912346],[47.680934,41.910484],[47.674439,41.91585],[47.684096,41.918743]],[[47.809035,41.960258],[47.81062,41.958278],[47.810702,41.960864],[47.809035,41.960258]]]}},{"type":"Feature","id":"109876-397","properties":{"id":"109876-397","name":"Сулейман-Стальский район","name_ru":"Сулейман-Стальский район","subject_id":"109876","subject_name":"Дагестан","source_gid":397,"source_fid":486,"names_rosstat":"Сулейман-Стальский муниципальный район","population":57356,"area_km2":656.9191514643333,"density_km2":87.31059198403365,"source":"Актуализированный объединённый GeoJSON, предоставленный преподавателем","name_en":"Suleiman-Stal'skii District","name_zh":"Suleiman-Stal'skii区","subject_name_en":"Dagestan","subject_name_zh":"达吉斯坦共和国"},"geometry":{"type":"Polygon","coordinates":[[[47.822333,41.672981],[47.837247,41.663448],[47.839278,41.659721],[47.854425,41.650592],[47.858929,41.650324],[47.854321,41.647149],[47.853637,41.636217],[47.866385,41.626752],[47.886366,41.617882],[47.882027,41.610835],[47.888423,41.609509],[47.895275,41.600914],[47.914721,41.593022],[47.915053,41.591196],[47.909025,41.584695],[47.910539,41.583877],[47.926207,41.581282],[47.938021,41.584084],[47.940531,41.586211],[47.945566,41.58005],[47.952626,41.577183],[47.953829,41.58445],[47.962825,41.596345],[47.968491,41.592666],[47.971498,41.588095],[47.963756,41.583471],[47.975668,41.579991],[47.983292,41.584633],[47.984501,41.590689],[47.991044,41.593104],[47.995403,41.597521],[47.993903,41.598197],[48.000665,41.603168],[48.004116,41.603298],[48.006174,41.596857],[48.0112,41.59748],[48.010716,41.602331],[48.023013,41.607374],[48.025888,41.605747],[48.024728,41.603607],[48.027493,41.59922],[48.032717,41.601187],[48.028995,41.598686],[48.024937,41.591009],[48.021526,41.588066],[48.036021,41.592537],[48.043393,41.59034],[48.045015,41.587181],[48.043526,41.583565],[48.048352,41.580204],[48.051707,41.574284],[48.074493,41.57226],[48.082478,41.579672],[48.083402,41.575428],[48.078173,41.570867],[48.079996,41.57021],[48.080127,41.567558],[48.086655,41.567534],[48.086745,41.563834],[48.094254,41.558838],[48.097137,41.561038],[48.095988,41.545561],[48.097723,41.542251],[48.102597,41.539752],[48.114648,41.548798],[48.116434,41.544149],[48.119772,41.541151],[48.127979,41.538598],[48.13416,41.538775],[48.142876,41.544616],[48.151334,41.546362],[48.153466,41.542363],[48.157977,41.541673],[48.157831,41.548229],[48.163364,41.549973],[48.167966,41.547958],[48.174298,41.554484],[48.188166,41.547745],[48.193087,41.549101],[48.195156,41.551534],[48.193049,41.554347],[48.193744,41.564321],[48.195113,41.565463],[48.193327,41.566358],[48.198711,41.574681],[48.200726,41.587307],[48.206122,41.593179],[48.205076,41.594648],[48.207373,41.595671],[48.205983,41.596151],[48.207299,41.603926],[48.213921,41.613042],[48.211846,41.61481],[48.211138,41.627457],[48.208624,41.628926],[48.215122,41.638462],[48.223004,41.644443],[48.233353,41.648582],[48.23082,41.651026],[48.237843,41.651771],[48.238299,41.66647],[48.247394,41.672158],[48.252,41.67111],[48.262092,41.672937],[48.276094,41.680087],[48.286167,41.682026],[48.29286,41.690323],[48.302621,41.69433],[48.313118,41.70246],[48.321578,41.706676],[48.328533,41.714066],[48.311431,41.721517],[48.315675,41.727134],[48.33449,41.747045],[48.34554,41.754075],[48.352454,41.751563],[48.356196,41.758523],[48.368039,41.754129],[48.372647,41.757224],[48.380311,41.767461],[48.388204,41.771229],[48.399825,41.782646],[48.404362,41.789955],[48.405227,41.794552],[48.40893,41.799],[48.408271,41.801842],[48.412289,41.811281],[48.387523,41.809468],[48.387072,41.813147],[48.371718,41.815329],[48.365445,41.817788],[48.364774,41.831705],[48.355404,41.836189],[48.344915,41.837524],[48.322212,41.818017],[48.323486,41.815371],[48.310319,41.811482],[48.306723,41.80003],[48.30354,41.795136],[48.303393,41.783997],[48.291111,41.784155],[48.288838,41.781975],[48.26741,41.776119],[48.262955,41.777671],[48.257195,41.785256],[48.252048,41.788906],[48.24104,41.785719],[48.22797,41.784713],[48.222221,41.793127],[48.186976,41.802095],[48.184568,41.80605],[48.179328,41.802791],[48.170013,41.800178],[48.145547,41.800858],[48.156524,41.788705],[48.149307,41.782747],[48.143198,41.782233],[48.142324,41.780568],[48.148493,41.774699],[48.136657,41.771067],[48.128065,41.774063],[48.11759,41.772267],[48.118218,41.775834],[48.121485,41.778038],[48.116957,41.780604],[48.116285,41.779242],[48.107346,41.778504],[48.104663,41.782225],[48.102035,41.781437],[48.099789,41.776864],[48.102129,41.772316],[48.10009,41.768254],[48.100258,41.7636],[48.103223,41.761947],[48.096677,41.759555],[48.098608,41.753082],[48.097029,41.751184],[48.088287,41.747067],[48.089386,41.743326],[48.086903,41.738345],[48.088438,41.736236],[48.083882,41.733086],[48.087775,41.732056],[48.088944,41.72936],[48.085368,41.725941],[48.082718,41.727864],[48.075701,41.727652],[48.074761,41.732991],[48.063427,41.73292],[48.060564,41.736052],[48.054306,41.731627],[48.051408,41.732895],[48.040072,41.724914],[48.038135,41.721628],[48.038942,41.715908],[48.032447,41.70399],[48.038207,41.700647],[48.033947,41.691222],[48.02975,41.688943],[48.030937,41.68611],[48.025286,41.683185],[48.005409,41.684266],[47.997585,41.688309],[47.986325,41.690276],[47.974724,41.69471],[47.969909,41.687946],[47.963511,41.689668],[47.961947,41.687732],[47.951868,41.6869],[47.949479,41.688367],[47.944856,41.687024],[47.923868,41.679165],[47.911648,41.670952],[47.901147,41.667118],[47.891022,41.665125],[47.875124,41.666195],[47.882123,41.669852],[47.880825,41.669621],[47.881058,41.671285],[47.876568,41.670268],[47.87456,41.671621],[47.863981,41.683136],[47.864044,41.688755],[47.862348,41.691148],[47.863251,41.699281],[47.857781,41.700124],[47.85543,41.706906],[47.851023,41.708392],[47.838687,41.702957],[47.839459,41.695142],[47.83611,41.692476],[47.83572,41.689274],[47.830036,41.686599],[47.829387,41.679743],[47.822333,41.672981]]]}},{"type":"Feature","id":"109876-398","properties":{"id":"109876-398","name":"Сергокалинский район","name_ru":"Сергокалинский район","subject_id":"109876","subject_name":"Дагестан","source_gid":398,"source_fid":487,"names_rosstat":"Сергокалинский муниципальный район","population":26838,"area_km2":693.9479753433526,"density_km2":38.674368905999124,"source":"Актуализированный объединённый GeoJSON, предоставленный преподавателем","name_en":"Sergokalinskii District","name_zh":"Sergokalinskii区","subject_name_en":"Dagestan","subject_name_zh":"达吉斯坦共和国"},"geometry":{"type":"MultiPolygon","coordinates":[[[[45.856969,44.335204],[46.005521,44.335304],[46.002791,44.28528],[46.000069,44.281623],[45.982951,44.271113],[45.930954,44.264391],[45.930061,44.302646],[45.881533,44.302919],[45.876604,44.279425],[45.826068,44.288627],[45.831225,44.312964],[45.856859,44.313325],[45.856969,44.335204]]],[[[46.005539,44.336035],[45.926371,44.33649],[45.914649,44.411231],[46.004524,44.368249],[46.005539,44.336035]]],[[[46.034606,44.644444],[46.00954,44.644427],[46.009137,44.673357],[45.973434,44.674228],[45.9733,44.697527],[46.009895,44.697888],[46.009161,44.673359],[46.033624,44.673282],[46.034606,44.644444]]],[[[46.310421,44.098871],[46.306473,44.078092],[46.302109,44.068066],[46.30608,44.067087],[46.308884,44.058139],[46.29778,44.044063],[46.294713,44.048968],[46.298502,44.051248],[46.299738,44.099194],[46.310421,44.098871]]],[[[47.492732,42.399008],[47.493048,42.407272],[47.49653,42.406745],[47.494078,42.399923],[47.497375,42.402089],[47.499835,42.40731],[47.503152,42.424488],[47.517888,42.418505],[47.521088,42.425528],[47.548344,42.421665],[47.548078,42.413829],[47.557498,42.413527],[47.564216,42.417171],[47.565609,42.420217],[47.562944,42.424865],[47.578061,42.429142],[47.572757,42.444218],[47.532309,42.446419],[47.526655,42.449324],[47.524826,42.461214],[47.529198,42.461507],[47.531794,42.463897],[47.537116,42.463802],[47.537159,42.470435],[47.540184,42.472872],[47.539864,42.484998],[47.55681,42.486022],[47.569576,42.492357],[47.58072,42.500686],[47.576292,42.503494],[47.580907,42.507944],[47.588595,42.508755],[47.591679,42.506473],[47.599295,42.507622],[47.603785,42.503358],[47.614112,42.506769],[47.623157,42.503316],[47.633304,42.507052],[47.659235,42.505859],[47.673201,42.508146],[47.68001,42.499263],[47.687531,42.482855],[47.694367,42.476223],[47.701177,42.463339],[47.705847,42.468254],[47.707509,42.47463],[47.709705,42.475543],[47.722445,42.474245],[47.737406,42.476613],[47.738548,42.472091],[47.745957,42.473056],[47.746133,42.478741],[47.753774,42.480016],[47.758826,42.478368],[47.768591,42.478278],[47.788354,42.487839],[47.795487,42.494727],[47.811973,42.497242],[47.83654,42.505088],[47.850369,42.474624],[47.783476,42.44143],[47.774982,42.439261],[47.77254,42.440439],[47.762519,42.438842],[47.742595,42.429792],[47.732295,42.417504],[47.722605,42.412475],[47.719168,42.408421],[47.715782,42.402163],[47.712794,42.388502],[47.700939,42.387934],[47.696369,42.375815],[47.689315,42.372162],[47.692553,42.369033],[47.68599,42.36225],[47.699487,42.351752],[47.709454,42.346177],[47.728069,42.343797],[47.727523,42.350899],[47.74093,42.351346],[47.746149,42.336143],[47.748283,42.335225],[47.750469,42.330942],[47.759652,42.328024],[47.774394,42.313202],[47.770604,42.303245],[47.779729,42.301295],[47.792587,42.30288],[47.791756,42.298451],[47.785997,42.295524],[47.775483,42.285141],[47.766583,42.281007],[47.764234,42.277201],[47.766197,42.274433],[47.751634,42.267108],[47.768135,42.261457],[47.760212,42.254597],[47.768034,42.239998],[47.763034,42.233618],[47.756348,42.235018],[47.753871,42.232419],[47.755063,42.226846],[47.750818,42.221855],[47.748201,42.221536],[47.74815,42.230215],[47.73856,42.225158],[47.736197,42.229531],[47.740905,42.233858],[47.738471,42.234932],[47.733204,42.231392],[47.729883,42.232534],[47.729993,42.236318],[47.732016,42.238907],[47.741414,42.241662],[47.736821,42.24585],[47.735884,42.244524],[47.737881,42.243279],[47.733467,42.241227],[47.733025,42.247917],[47.737611,42.248896],[47.733894,42.25212],[47.724583,42.245533],[47.693502,42.240054],[47.68607,42.2415],[47.680045,42.23907],[47.670809,42.227324],[47.6686,42.235835],[47.672241,42.238279],[47.671247,42.243541],[47.675933,42.24591],[47.677414,42.242817],[47.686278,42.24517],[47.679464,42.250169],[47.665467,42.248449],[47.667474,42.24574],[47.664976,42.242962],[47.650485,42.239336],[47.641401,42.233075],[47.63937,42.238181],[47.632758,42.236941],[47.621145,42.227525],[47.614119,42.22406],[47.612074,42.224564],[47.60815,42.229731],[47.595048,42.236351],[47.602049,42.244276],[47.589113,42.25023],[47.582706,42.25083],[47.571846,42.244849],[47.570185,42.234092],[47.574004,42.229381],[47.553945,42.231095],[47.552559,42.237176],[47.544588,42.243817],[47.546237,42.247089],[47.54451,42.249732],[47.545902,42.254982],[47.543192,42.256121],[47.538469,42.262059],[47.534538,42.261796],[47.532972,42.264025],[47.535332,42.267177],[47.539658,42.268664],[47.537703,42.278032],[47.534857,42.280722],[47.528103,42.280459],[47.522461,42.283876],[47.529149,42.285854],[47.52994,42.2896],[47.525052,42.292081],[47.519495,42.291539],[47.522272,42.292839],[47.521812,42.29524],[47.523313,42.293301],[47.525958,42.294869],[47.532103,42.294692],[47.546634,42.289524],[47.552137,42.293333],[47.557733,42.294437],[47.560787,42.298308],[47.551092,42.319928],[47.536288,42.319815],[47.54097,42.322801],[47.541375,42.326047],[47.533753,42.32482],[47.52557,42.327506],[47.51739,42.327702],[47.51567,42.334219],[47.521324,42.335149],[47.527029,42.340868],[47.522654,42.344476],[47.52696,42.352518],[47.523608,42.361698],[47.532493,42.375669],[47.533435,42.380514],[47.529344,42.381704],[47.526444,42.384752],[47.52116,42.383564],[47.515379,42.384538],[47.503524,42.390218],[47.488722,42.387009],[47.485285,42.394303],[47.490757,42.393864],[47.492732,42.399008]]],[[[47.7187,42.349079],[47.715284,42.348252],[47.715713,42.350238],[47.7187,42.349079]]],[[[47.790093,42.556005],[47.794759,42.562546],[47.800244,42.56609],[47.803347,42.557162],[47.798927,42.553262],[47.803395,42.547126],[47.811758,42.546457],[47.812157,42.541419],[47.785413,42.545101],[47.770789,42.551319],[47.781992,42.556529],[47.790093,42.556005]]],[[[47.806808,42.564154],[47.812459,42.558156],[47.813967,42.555296],[47.805949,42.556095],[47.80112,42.564945],[47.801911,42.566737],[47.806808,42.564154]]],[[[47.844217,42.307601],[47.853139,42.313791],[47.852358,42.316034],[47.846253,42.318768],[47.852094,42.322121],[47.863554,42.315233],[47.865454,42.31077],[47.859651,42.309161],[47.852499,42.303109],[47.85044,42.29663],[47.853145,42.293191],[47.848317,42.287486],[47.847369,42.282685],[47.838283,42.284357],[47.835464,42.296527],[47.844217,42.307601]]],[[[47.861915,42.453025],[47.865913,42.447167],[47.872412,42.44788],[47.869284,42.446111],[47.872303,42.443177],[47.868738,42.442608],[47.866942,42.436687],[47.861451,42.43331],[47.859821,42.42962],[47.838241,42.430822],[47.835191,42.437695],[47.829418,42.436572],[47.827684,42.443638],[47.833666,42.447043],[47.844868,42.449056],[47.84726,42.451054],[47.861915,42.453025]]],[[[47.927247,42.481932],[47.932722,42.475206],[47.92331,42.474987],[47.912695,42.469257],[47.901716,42.473022],[47.927247,42.481932]]],[[[47.9937,42.313967],[48.01902,42.31749],[48.031379,42.326009],[48.052911,42.296662],[48.034714,42.291197],[48.04204,42.271993],[48.029877,42.266592],[48.027538,42.264863],[48.027198,42.262114],[48.021323,42.261095],[48.017589,42.257914],[48.007032,42.257871],[48.000501,42.266775],[47.999699,42.27092],[48.001807,42.272079],[47.996582,42.277124],[48.001445,42.284819],[47.998095,42.293629],[48.005062,42.295138],[47.99797,42.303994],[47.988432,42.311769],[47.9937,42.313967]]]]}},{"type":"Feature","id":"109876-399","properties":{"id":"109876-399","name":"Рутульский район","name_ru":"Рутульский район","subject_id":"109876","subject_name":"Дагестан","source_gid":399,"source_fid":488,"names_rosstat":"Рутульский муниципальный район","population":20305,"area_km2":2157.783861571184,"density_km2":9.410117649695913,"source":"Актуализированный объединённый GeoJSON, предоставленный преподавателем","name_en":"Rutul'skii District","name_zh":"Rutul'skii区","subject_name_en":"Dagestan","subject_name_zh":"达吉斯坦共和国"},"geometry":{"type":"MultiPolygon","coordinates":[[[[46.759934,41.858276],[46.764221,41.870438],[46.781094,41.881144],[46.783947,41.887426],[46.794857,41.887029],[46.800098,41.888287],[46.804202,41.891829],[46.812311,41.893203],[46.815402,41.902771],[46.824157,41.911303],[46.832137,41.913817],[46.850389,41.905355],[46.856815,41.898424],[46.870025,41.897252],[46.876151,41.90054],[46.875609,41.906932],[46.878747,41.909153],[46.885107,41.907929],[46.896,41.917893],[46.901559,41.918113],[46.90655,41.922533],[46.930949,41.926865],[46.948749,41.937314],[46.950467,41.935784],[46.954958,41.936222],[46.963133,41.93366],[46.981434,41.924746],[46.990946,41.925184],[46.992342,41.921997],[46.998729,41.919643],[46.998813,41.91581],[47.00071,41.913623],[47.008241,41.909333],[47.016451,41.908297],[47.026489,41.911711],[47.034186,41.911858],[47.037784,41.910879],[47.042275,41.906838],[47.046793,41.906359],[47.04922,41.902298],[47.056377,41.902757],[47.062576,41.899614],[47.075059,41.902376],[47.081947,41.896483],[47.083776,41.888271],[47.092473,41.882082],[47.102283,41.881744],[47.110831,41.88439],[47.119126,41.8839],[47.120537,41.886488],[47.129325,41.888469],[47.141361,41.886162],[47.145663,41.888109],[47.15165,41.886615],[47.164114,41.881436],[47.171257,41.870482],[47.17592,41.867687],[47.177802,41.864214],[47.186369,41.860879],[47.188511,41.855482],[47.200249,41.855531],[47.209153,41.858863],[47.211785,41.861668],[47.222964,41.862658],[47.223368,41.865429],[47.225399,41.866121],[47.225323,41.86032],[47.227981,41.859715],[47.233829,41.854155],[47.242584,41.851822],[47.240032,41.847532],[47.242697,41.84563],[47.245261,41.839811],[47.243215,41.837338],[47.245854,41.829873],[47.237918,41.825369],[47.237233,41.821101],[47.244329,41.819957],[47.265825,41.802195],[47.270854,41.808305],[47.276338,41.810913],[47.28587,41.812606],[47.299716,41.808195],[47.307393,41.809552],[47.314612,41.814374],[47.329569,41.809625],[47.331499,41.808048],[47.329993,41.804407],[47.330806,41.799214],[47.341281,41.794063],[47.348701,41.786812],[47.357295,41.792302],[47.373694,41.795929],[47.384502,41.787897],[47.390812,41.777091],[47.39642,41.774537],[47.399662,41.775414],[47.397895,41.768751],[47.399369,41.767413],[47.400105,41.760396],[47.40662,41.752314],[47.40791,41.745496],[47.417565,41.744514],[47.425467,41.736585],[47.423672,41.727873],[47.42892,41.726649],[47.431802,41.723312],[47.438089,41.72107],[47.438458,41.718754],[47.446607,41.712627],[47.444935,41.709788],[47.448033,41.702592],[47.454798,41.699132],[47.467771,41.687977],[47.467715,41.681877],[47.462007,41.674759],[47.468374,41.668837],[47.472972,41.668018],[47.485593,41.65866],[47.492616,41.656411],[47.509339,41.63632],[47.511073,41.630504],[47.51403,41.630006],[47.519429,41.62318],[47.523073,41.620819],[47.538799,41.618216],[47.540858,41.610951],[47.545708,41.606216],[47.555137,41.601219],[47.557851,41.593164],[47.561295,41.590998],[47.562818,41.586111],[47.560189,41.580613],[47.560791,41.578463],[47.557841,41.576597],[47.559643,41.573964],[47.55916,41.571359],[47.557345,41.567732],[47.551628,41.56406],[47.548716,41.555811],[47.554117,41.553235],[47.550762,41.550429],[47.553282,41.54847],[47.555691,41.542261],[47.553325,41.53765],[47.548404,41.533775],[47.54978,41.532567],[47.548789,41.528094],[47.544475,41.524216],[47.54927,41.519572],[47.545656,41.516396],[47.546483,41.513559],[47.543667,41.509826],[47.544432,41.50548],[47.542998,41.501476],[47.549297,41.493435],[47.553646,41.490808],[47.540584,41.473196],[47.539198,41.468521],[47.543586,41.464072],[47.543879,41.460811],[47.540012,41.459934],[47.534462,41.454951],[47.540048,41.442598],[47.542755,41.442798],[47.54688,41.440098],[47.547187,41.434354],[47.538057,41.4319],[47.538977,41.429754],[47.537029,41.426565],[47.539889,41.419331],[47.528996,41.420139],[47.515498,41.41722],[47.512389,41.418583],[47.508551,41.414808],[47.492608,41.407449],[47.486538,41.411746],[47.468396,41.416246],[47.463453,41.422356],[47.446715,41.430768],[47.441389,41.438289],[47.435492,41.439],[47.4265,41.44291],[47.416137,41.438958],[47.412516,41.439354],[47.40576,41.430488],[47.404908,41.422857],[47.406346,41.419117],[47.39526,41.414543],[47.383258,41.414253],[47.383664,41.411838],[47.378982,41.403358],[47.356244,41.388775],[47.344352,41.386601],[47.339951,41.382909],[47.336621,41.382247],[47.327293,41.38366],[47.323038,41.386174],[47.308436,41.38367],[47.299621,41.387207],[47.293324,41.385368],[47.291455,41.380395],[47.279121,41.378579],[47.276412,41.373452],[47.265251,41.372297],[47.260008,41.379583],[47.263568,41.384128],[47.263377,41.38901],[47.257337,41.397209],[47.252119,41.398679],[47.242798,41.395181],[47.240432,41.398179],[47.233866,41.401337],[47.22686,41.400177],[47.222818,41.397785],[47.218765,41.400038],[47.224303,41.401833],[47.227523,41.404712],[47.228716,41.408428],[47.228472,41.41316],[47.226522,41.416021],[47.223496,41.416694],[47.222482,41.420589],[47.226922,41.427758],[47.236522,41.434098],[47.235912,41.435682],[47.239556,41.439027],[47.242561,41.445594],[47.227959,41.449383],[47.221553,41.446595],[47.21739,41.449851],[47.21118,41.450321],[47.204806,41.457445],[47.205583,41.458777],[47.202554,41.464154],[47.193156,41.470741],[47.198226,41.473975],[47.197724,41.477309],[47.193822,41.48207],[47.192825,41.488433],[47.181172,41.486633],[47.177037,41.489814],[47.175471,41.495221],[47.173217,41.496439],[47.170226,41.495236],[47.159058,41.498333],[47.157083,41.506362],[47.168007,41.514917],[47.172578,41.522305],[47.171622,41.527043],[47.157665,41.531627],[47.154065,41.535409],[47.149146,41.537136],[47.146864,41.541061],[47.128996,41.550821],[47.125429,41.555944],[47.124177,41.559816],[47.125352,41.560245],[47.122842,41.564808],[47.1141,41.570277],[47.110119,41.575146],[47.112256,41.580737],[47.1114,41.585769],[47.11336,41.595287],[47.099633,41.589222],[47.09421,41.584281],[47.08931,41.583038],[47.087477,41.579321],[47.082398,41.577775],[47.077312,41.579038],[47.072654,41.573224],[47.068012,41.571894],[47.066894,41.570236],[47.069983,41.567677],[47.070549,41.562687],[47.073178,41.559158],[47.066202,41.554795],[47.059202,41.556415],[47.051536,41.554918],[47.046637,41.557654],[47.03896,41.558018],[47.034982,41.56116],[47.033515,41.564939],[47.023972,41.560854],[47.018572,41.555875],[47.015981,41.559781],[47.022479,41.577185],[47.016189,41.579853],[47.008278,41.578716],[47.003426,41.581554],[47.004385,41.584652],[47.000312,41.585912],[46.996976,41.590518],[46.992844,41.592754],[46.990689,41.599794],[46.996193,41.601155],[47.000072,41.612416],[47.006304,41.617852],[47.008665,41.623862],[47.012304,41.627448],[47.000844,41.634159],[46.999211,41.64088],[46.990986,41.644221],[46.976712,41.646887],[46.956918,41.654469],[46.955124,41.657469],[46.946116,41.663519],[46.94289,41.674961],[46.939305,41.677905],[46.927476,41.676574],[46.921057,41.685509],[46.925249,41.690798],[46.929257,41.707848],[46.928638,41.710506],[46.913585,41.726685],[46.906947,41.728064],[46.898891,41.732801],[46.891253,41.729148],[46.882673,41.727407],[46.878728,41.728149],[46.870594,41.719522],[46.864985,41.720287],[46.862246,41.724914],[46.858744,41.727163],[46.857704,41.730942],[46.852617,41.734382],[46.852597,41.73696],[46.836996,41.74814],[46.832513,41.747517],[46.830871,41.749134],[46.83022,41.76135],[46.823081,41.763456],[46.819536,41.761268],[46.806907,41.761992],[46.796855,41.771821],[46.790753,41.773827],[46.792453,41.77911],[46.789387,41.780284],[46.77974,41.791334],[46.771403,41.795065],[46.765608,41.800955],[46.76955,41.809646],[46.771988,41.811355],[46.782815,41.812933],[46.784305,41.816287],[46.773812,41.826005],[46.770463,41.834892],[46.765444,41.840368],[46.760895,41.84994],[46.761879,41.851846],[46.759934,41.858276]]],[[[46.996682,43.492544],[47.003009,43.492922],[47.00535,43.489893],[47.005635,43.485452],[46.997299,43.483363],[46.995069,43.484442],[46.996682,43.492544]]],[[[47.01454,43.485939],[47.018687,43.484028],[47.02855,43.485383],[47.030026,43.480531],[47.028494,43.479853],[47.026925,43.481764],[47.023581,43.478593],[47.014746,43.479053],[47.013195,43.479731],[47.01454,43.485939]]],[[[47.042334,43.491404],[47.053616,43.491621],[47.055503,43.489859],[47.054644,43.487108],[47.061014,43.48685],[47.061313,43.485387],[47.059165,43.482649],[47.056325,43.483313],[47.052869,43.47804],[47.043324,43.479599],[47.038019,43.486037],[47.042334,43.491404]]],[[[47.090299,43.510993],[47.099097,43.50804],[47.098705,43.506075],[47.100759,43.504368],[47.092783,43.505696],[47.08957,43.508921],[47.090299,43.510993]]],[[[47.135743,43.525464],[47.135518,43.521536],[47.128196,43.52243],[47.12743,43.523988],[47.12941,43.526602],[47.135743,43.525464]]]]}},{"type":"Feature","id":"109876-407","properties":{"id":"109876-407","name":"Ногайский район","name_ru":"Ногайский район","subject_id":"109876","subject_name":"Дагестан","source_gid":407,"source_fid":499,"names_rosstat":"Ногайский муниципальный район","population":17438,"area_km2":8615.40726395937,"density_km2":2.024048250504416,"source":"Актуализированный объединённый GeoJSON, предоставленный преподавателем","name_en":"Nogaiskii District","name_zh":"Nogaiskii区","subject_name_en":"Dagestan","subject_name_zh":"达吉斯坦共和国"},"geometry":{"type":"MultiPolygon","coordinates":[[[[46.312585,44.023519],[46.316539,44.02631],[46.317416,44.025804],[46.316618,44.023929],[46.312585,44.023519]]],[[[45.24334,44.561013],[45.26072,44.589344],[45.313644,44.591911],[45.335132,44.596527],[45.342573,44.593583],[45.347507,44.602258],[45.384315,44.606814],[45.41233,44.594161],[45.497763,44.662426],[45.521916,44.679398],[45.55948,44.714396],[45.656609,44.797784],[45.613474,44.873985],[45.705116,44.977363],[45.70962,44.977594],[45.714267,44.974249],[45.721701,44.974806],[45.734712,44.972762],[45.748838,44.975364],[45.783409,44.968488],[45.797349,44.976852],[45.797721,44.979268],[45.793632,44.987632],[45.801461,44.987511],[45.813705,44.991721],[45.82969,44.990235],[45.846047,44.985774],[45.86928,44.987447],[45.874113,44.985403],[45.881362,44.988005],[45.911658,44.987076],[45.930803,44.98466],[45.949018,44.986333],[45.969277,44.980757],[45.974296,44.98243],[45.982474,44.989121],[45.999388,44.987263],[46.01054,44.980758],[46.016302,44.979642],[46.025595,44.979271],[46.028941,44.981315],[46.031915,44.980758],[46.038606,44.977784],[46.066673,44.971279],[46.076709,44.964774],[46.079683,44.96496],[46.083029,44.968677],[46.117415,44.969793],[46.155332,44.958827],[46.159793,44.958455],[46.161465,44.963102],[46.200312,44.958456],[46.213323,44.964218],[46.223731,44.972768],[46.226147,44.972954],[46.239881,44.97093],[46.248823,44.965705],[46.325959,44.949721],[46.347334,44.951023],[46.358672,44.9408],[46.362389,44.943774],[46.367965,44.944518],[46.368895,44.946562],[46.375214,44.947492],[46.383207,44.947306],[46.404024,44.942288],[46.412946,44.937641],[46.427072,44.934481],[46.430874,44.93553],[46.431024,44.938776],[46.440208,44.938955],[46.438501,44.347433],[46.428009,44.347555],[46.41684,44.337698],[46.416474,44.301066],[46.438382,44.306331],[46.438246,44.259527],[46.375464,44.258945],[46.375234,44.245242],[46.372964,44.244886],[46.372956,44.239963],[46.374993,44.239544],[46.374629,44.123376],[46.370856,44.114516],[46.373811,44.108831],[46.369965,44.107499],[46.371591,44.105049],[46.370426,44.102915],[46.371961,44.101616],[46.387185,44.094462],[46.406127,44.092401],[46.407328,44.097591],[46.410059,44.100827],[46.430147,44.100706],[46.435532,44.095691],[46.435056,44.092368],[46.433035,44.089901],[46.425709,44.089101],[46.417477,44.079527],[46.414187,44.078885],[46.413134,44.07697],[46.406923,44.076735],[46.403038,44.072357],[46.390994,44.071246],[46.375352,44.074292],[46.365015,44.073565],[46.352463,44.068417],[46.348639,44.064099],[46.347981,44.060269],[46.336403,44.055702],[46.322339,44.054144],[46.317038,44.049535],[46.311667,44.047539],[46.304552,44.049563],[46.301183,44.047448],[46.308884,44.058139],[46.30608,44.067087],[46.302109,44.068066],[46.306473,44.078092],[46.310421,44.098871],[46.299738,44.099194],[46.298502,44.051248],[46.294713,44.048968],[46.294877,44.047679],[46.29778,44.044063],[46.300532,44.046912],[46.31014,44.040438],[46.316468,44.029967],[46.316629,44.026891],[46.313434,44.024873],[46.311968,44.022843],[46.31411,44.014854],[46.320705,44.012124],[46.322409,44.002862],[46.328855,43.998448],[46.336276,43.998082],[46.338111,43.992292],[46.345614,43.987518],[46.340169,43.985307],[46.341651,43.982429],[46.346626,43.980062],[46.346575,43.976489],[46.343118,43.97209],[46.346949,43.969376],[46.346279,43.966405],[46.349831,43.964595],[46.353815,43.95307],[46.359786,43.951395],[46.355475,43.947775],[46.360415,43.944446],[46.251133,43.945879],[46.250473,43.881487],[46.218182,43.859734],[46.095675,43.860698],[46.095397,43.840338],[46.079883,43.84233],[46.080342,43.816469],[46.044647,43.82028],[46.003579,43.881382],[46.03532,43.887608],[46.059293,43.885235],[46.07208,43.930299],[46.001913,43.939607],[45.888267,43.950432],[45.860112,43.970991],[45.796003,43.970605],[45.795626,43.952226],[45.719592,43.952675],[45.712748,43.962495],[45.521548,44.006877],[45.52128,44.009734],[45.488887,44.010023],[45.491051,44.090725],[45.490015,44.129559],[45.502641,44.129614],[45.502986,44.175688],[45.461152,44.175063],[45.395012,44.176938],[45.367388,44.180809],[45.310786,44.183609],[45.310576,44.180581],[45.290662,44.180462],[45.290812,44.184074],[45.166675,44.19175],[45.114765,44.192701],[45.103422,44.190908],[45.136672,44.253797],[45.216877,44.263939],[45.217672,44.270863],[45.37151,44.290144],[45.425904,44.394064],[45.428468,44.424968],[45.394855,44.433879],[45.385688,44.450562],[45.367535,44.452264],[45.352005,44.461984],[45.298822,44.461982],[45.225406,44.467069],[45.227258,44.50725],[45.242669,44.503523],[45.262037,44.502307],[45.266544,44.51445],[45.256489,44.525787],[45.236678,44.555699],[45.24334,44.561013]],[[45.654029,44.60242],[45.657343,44.600184],[45.660507,44.602457],[45.704207,44.603104],[45.704241,44.701552],[45.701891,44.706255],[45.691354,44.706677],[45.682731,44.703862],[45.67005,44.704709],[45.666901,44.700374],[45.6588,44.69545],[45.64994,44.694013],[45.641325,44.696209],[45.641285,44.690826],[45.6308,44.689717],[45.622034,44.698111],[45.607618,44.701766],[45.596477,44.702873],[45.586566,44.699755],[45.584859,44.651223],[45.588736,44.602287],[45.654029,44.60242]],[[45.930061,44.302646],[45.930954,44.264391],[45.982951,44.271113],[46.000069,44.281623],[46.002791,44.28528],[46.005521,44.335304],[45.856969,44.335204],[45.856859,44.313325],[45.831225,44.312964],[45.826068,44.288627],[45.876604,44.279425],[45.881533,44.302919],[45.930061,44.302646]],[[46.004524,44.368249],[45.949692,44.395045],[45.914649,44.411231],[45.926371,44.33649],[46.005539,44.336035],[46.004524,44.368249]],[[45.950434,44.69225],[45.947214,44.694456],[45.940841,44.691487],[45.943565,44.68739],[45.947693,44.687401],[45.950797,44.689526],[45.950434,44.69225]],[[46.033624,44.673282],[46.009161,44.673359],[46.009895,44.697888],[45.9733,44.697527],[45.973434,44.674228],[46.009137,44.673357],[46.00954,44.644427],[46.034606,44.644444],[46.033624,44.673282]],[[46.315055,44.01193],[46.312024,44.019168],[46.308102,44.018199],[46.30713,44.013295],[46.309867,44.011305],[46.315055,44.01193]]]]}},{"type":"Feature","id":"109876-415","properties":{"id":"109876-415","name":"Новолакский район","name_ru":"Новолакский район","subject_id":"109876","subject_name":"Дагестан","source_gid":415,"source_fid":509,"names_rosstat":"Новолакский муниципальный район","population":35125,"area_km2":294.97645523126835,"density_km2":119.07730050000495,"source":"Актуализированный объединённый GeoJSON, предоставленный преподавателем","name_en":"Novolakskii District","name_zh":"Novolakskii区","subject_name_en":"Dagestan","subject_name_zh":"达吉斯坦共和国"},"geometry":{"type":"MultiPolygon","coordinates":[[[[47.426483,43.030736],[47.421498,43.027655],[47.420631,43.021993],[47.408741,43.026065],[47.413076,43.032992],[47.409123,43.034576],[47.41086,43.038322],[47.396706,43.041517],[47.398319,43.04463],[47.38631,43.052647],[47.389895,43.055917],[47.395961,43.05729],[47.406687,43.055331],[47.412572,43.077861],[47.425581,43.085341],[47.426139,43.087762],[47.424701,43.088644],[47.419224,43.089133],[47.416483,43.089553],[47.413162,43.089227],[47.412961,43.089443],[47.395545,43.119131],[47.401575,43.123857],[47.380418,43.133382],[47.429286,43.177343],[47.453361,43.177875],[47.44937,43.173306],[47.478188,43.172775],[47.473378,43.134326],[47.467427,43.105462],[47.464264,43.099931],[47.464429,43.093596],[47.460621,43.077075],[47.46378,43.070981],[47.460329,43.071329],[47.457941,43.048826],[47.454192,43.041995],[47.46311,43.043103],[47.462586,43.026904],[47.449131,43.02541],[47.446539,43.030677],[47.429438,43.034686],[47.427997,43.0326],[47.423902,43.034564],[47.426483,43.030736]],[[47.413226,43.08938],[47.422674,43.089926],[47.423228,43.089521],[47.440044,43.093859],[47.434618,43.098189],[47.449001,43.108716],[47.432843,43.119943],[47.413844,43.120072],[47.402017,43.124021],[47.396002,43.119205],[47.413226,43.08938]]],[[[46.541353,43.10145],[46.534709,43.10105],[46.526857,43.094348],[46.532726,43.087235],[46.530125,43.08469],[46.532065,43.078268],[46.520323,43.079737],[46.515132,43.084681],[46.506392,43.084649],[46.50179,43.088133],[46.491458,43.090879],[46.489536,43.087092],[46.468085,43.08771],[46.435352,43.084115],[46.420748,43.105777],[46.423531,43.110867],[46.419172,43.116044],[46.422989,43.117646],[46.422723,43.119687],[46.413748,43.126479],[46.411991,43.124693],[46.398514,43.128502],[46.394775,43.134805],[46.39524,43.137933],[46.391816,43.140635],[46.388042,43.14773],[46.40582,43.156036],[46.405569,43.157375],[46.422491,43.169187],[46.438949,43.185895],[46.430293,43.189562],[46.422502,43.190546],[46.424848,43.200517],[46.391716,43.201677],[46.409243,43.230394],[46.409653,43.242268],[46.4616,43.242569],[46.462181,43.258337],[46.479033,43.259314],[46.479467,43.255087],[46.489594,43.255703],[46.490525,43.258967],[46.52019,43.253234],[46.523969,43.262167],[46.523481,43.268433],[46.526867,43.265713],[46.531318,43.265624],[46.531684,43.270708],[46.542265,43.269],[46.544976,43.265473],[46.545236,43.261277],[46.548882,43.259349],[46.54801,43.255418],[46.553211,43.253824],[46.553911,43.241443],[46.5667,43.239564],[46.56141,43.233877],[46.563063,43.233178],[46.560466,43.230266],[46.55941,43.223613],[46.560965,43.223261],[46.560727,43.220744],[46.555322,43.217241],[46.553946,43.211904],[46.543179,43.196788],[46.536493,43.195594],[46.559293,43.182744],[46.574053,43.181164],[46.574267,43.179865],[46.591074,43.18377],[46.583475,43.144172],[46.570712,43.147941],[46.559432,43.14812],[46.550478,43.117296],[46.537673,43.116104],[46.541353,43.10145]]],[[[46.475495,43.399539],[46.510507,43.394729],[46.507173,43.385788],[46.492627,43.385795],[46.488434,43.392055],[46.479152,43.39324],[46.478429,43.395059],[46.480273,43.395846],[46.475495,43.399539]]]]}},{"type":"Feature","id":"109876-416","properties":{"id":"109876-416","name":"Магарамкентский район","name_ru":"Магарамкентский район","subject_id":"109876","subject_name":"Дагестан","source_gid":416,"source_fid":510,"names_rosstat":"Магарамкентский муниципальный район","population":55337,"area_km2":668.459003777877,"density_km2":82.78293760313832,"source":"Актуализированный объединённый GeoJSON, предоставленный преподавателем","name_en":"Magaramkentskii District","name_zh":"Magaramkentskii区","subject_name_en":"Dagestan","subject_name_zh":"达吉斯坦共和国"},"geometry":{"type":"Polygon","coordinates":[[[48.592551,41.842518],[48.58322,41.835319],[48.57669,41.824338],[48.579345,41.816775],[48.566255,41.802805],[48.555853,41.800923],[48.557002,41.797593],[48.553264,41.788285],[48.555616,41.782373],[48.554721,41.780679],[48.542313,41.771783],[48.536387,41.764439],[48.515913,41.747234],[48.511582,41.741277],[48.491119,41.727745],[48.483376,41.719026],[48.478867,41.710144],[48.47452,41.70658],[48.474879,41.704436],[48.46491,41.695622],[48.456749,41.690834],[48.453083,41.684932],[48.436906,41.670385],[48.433999,41.664984],[48.427327,41.660118],[48.42017,41.650441],[48.415538,41.637907],[48.417727,41.635461],[48.412773,41.623155],[48.401185,41.610351],[48.396094,41.6087],[48.38667,41.597661],[48.377344,41.591014],[48.355343,41.582056],[48.348687,41.576391],[48.321648,41.568081],[48.314409,41.564105],[48.291929,41.563956],[48.284465,41.560848],[48.259546,41.541389],[48.25952,41.535558],[48.252321,41.528402],[48.224275,41.516933],[48.202967,41.512283],[48.167378,41.512362],[48.138165,41.508134],[48.119541,41.499395],[48.076911,41.497774],[48.069766,41.495432],[48.064789,41.492288],[48.062101,41.484055],[48.057687,41.479212],[48.054184,41.467142],[48.064338,41.459992],[48.063734,41.457513],[48.058391,41.455879],[48.036595,41.438987],[48.02495,41.434751],[48.01655,41.434171],[48.020428,41.440798],[48.018895,41.455415],[48.017239,41.455136],[48.013917,41.460728],[48.008313,41.460888],[48.003493,41.466051],[48.010235,41.471123],[48.009642,41.47519],[48.002487,41.481095],[47.998579,41.478706],[47.991121,41.468478],[47.982908,41.46126],[47.979537,41.461057],[47.970147,41.455274],[47.970993,41.452574],[47.968097,41.449397],[47.955215,41.449785],[47.947716,41.446635],[47.938982,41.440607],[47.928328,41.428111],[47.921959,41.429302],[47.913897,41.428371],[47.909096,41.424461],[47.897277,41.423124],[47.882387,41.424788],[47.86339,41.433925],[47.855418,41.435244],[47.848213,41.433627],[47.841325,41.435392],[47.83762,41.440511],[47.830224,41.445031],[47.819921,41.445341],[47.827903,41.451916],[47.841775,41.458947],[47.843876,41.462042],[47.841317,41.465009],[47.850938,41.471705],[47.851111,41.47883],[47.862374,41.483613],[47.865535,41.481901],[47.883235,41.484158],[47.882454,41.481109],[47.896855,41.48521],[47.89893,41.489029],[47.907106,41.493786],[47.91101,41.501772],[47.913277,41.500231],[47.949613,41.49404],[47.952934,41.49777],[47.956553,41.498996],[47.958165,41.496131],[47.965907,41.500001],[47.965716,41.504289],[47.987559,41.509886],[47.992591,41.507853],[47.99644,41.509045],[48.004295,41.513989],[48.006685,41.519953],[48.011028,41.522321],[48.012173,41.52632],[48.018026,41.527627],[48.028877,41.522905],[48.055498,41.526286],[48.054634,41.527585],[48.059615,41.531308],[48.063338,41.531249],[48.063222,41.533416],[48.0656,41.535014],[48.066628,41.533585],[48.071954,41.537174],[48.0808,41.536494],[48.085507,41.544129],[48.091732,41.541924],[48.096951,41.536734],[48.104221,41.538977],[48.102597,41.539752],[48.114648,41.548798],[48.116434,41.544149],[48.119772,41.541151],[48.132512,41.538526],[48.142876,41.544616],[48.151334,41.546362],[48.153466,41.542363],[48.157977,41.541673],[48.157831,41.548229],[48.163364,41.549973],[48.167966,41.547958],[48.174298,41.554484],[48.188166,41.547745],[48.193087,41.549101],[48.195156,41.551534],[48.193049,41.554347],[48.193744,41.564321],[48.195113,41.565463],[48.193327,41.566358],[48.198711,41.574681],[48.200726,41.587307],[48.206122,41.593179],[48.205076,41.594648],[48.207373,41.595671],[48.205983,41.596151],[48.207299,41.603926],[48.213921,41.613042],[48.211846,41.61481],[48.211138,41.627457],[48.208624,41.628926],[48.215122,41.638462],[48.223004,41.644443],[48.233353,41.648582],[48.23082,41.651026],[48.237843,41.651771],[48.238299,41.66647],[48.247394,41.672158],[48.252,41.67111],[48.262092,41.672937],[48.276094,41.680087],[48.286167,41.682026],[48.29286,41.690323],[48.302621,41.69433],[48.313118,41.70246],[48.321578,41.706676],[48.328533,41.714066],[48.311431,41.721517],[48.33449,41.747045],[48.34554,41.754075],[48.352454,41.751563],[48.356196,41.758523],[48.368039,41.754129],[48.373596,41.758174],[48.380877,41.767907],[48.390221,41.763213],[48.390913,41.755514],[48.403026,41.754842],[48.402575,41.756659],[48.400644,41.756803],[48.397617,41.773129],[48.398791,41.776146],[48.393836,41.778094],[48.399825,41.782646],[48.404362,41.789955],[48.405227,41.794552],[48.40893,41.799],[48.408271,41.801842],[48.411897,41.812247],[48.406227,41.810224],[48.39678,41.811177],[48.387523,41.809468],[48.387072,41.813147],[48.371718,41.815329],[48.365445,41.817788],[48.364774,41.831705],[48.381038,41.82585],[48.405689,41.824092],[48.413079,41.824947],[48.417685,41.823054],[48.421316,41.826031],[48.421787,41.828481],[48.426877,41.829064],[48.429578,41.831292],[48.426939,41.832958],[48.427642,41.834624],[48.436335,41.834043],[48.446621,41.839177],[48.448465,41.8387],[48.447038,41.836897],[48.448055,41.835085],[48.453078,41.836404],[48.455653,41.834585],[48.466579,41.845329],[48.466695,41.853343],[48.475218,41.864116],[48.476466,41.875011],[48.473704,41.87767],[48.481362,41.884033],[48.477976,41.88614],[48.479589,41.888582],[48.486757,41.891486],[48.488325,41.895474],[48.486937,41.899943],[48.487934,41.901263],[48.478825,41.9029],[48.477538,41.907387],[48.484039,41.905216],[48.4867,41.910541],[48.490682,41.913933],[48.518515,41.891542],[48.543673,41.879061],[48.570034,41.855527],[48.592551,41.842518]],[[48.324247,41.663077],[48.333443,41.669421],[48.342208,41.671598],[48.344674,41.678364],[48.348967,41.681969],[48.347792,41.683604],[48.344756,41.684785],[48.329993,41.674537],[48.322168,41.665166],[48.322473,41.66327],[48.324247,41.663077]],[[48.340803,41.727615],[48.368482,41.71823],[48.369515,41.713287],[48.367018,41.707795],[48.367798,41.705122],[48.375681,41.703276],[48.377598,41.7095],[48.376823,41.716212],[48.382315,41.716609],[48.379858,41.747348],[48.362018,41.749058],[48.35639,41.746177],[48.349221,41.739443],[48.347539,41.7359],[48.342917,41.733011],[48.340803,41.727615]],[[48.349046,41.691818],[48.355736,41.693908],[48.359252,41.692102],[48.360747,41.694267],[48.36349,41.694054],[48.349769,41.703656],[48.351309,41.700134],[48.348303,41.693987],[48.349046,41.691818]]]}},{"type":"Feature","id":"109876-417","properties":{"id":"109876-417","name":"Левашинский район","name_ru":"Левашинский район","subject_id":"109876","subject_name":"Дагестан","source_gid":417,"source_fid":511,"names_rosstat":"Левашинский муниципальный район","population":83226,"area_km2":816.1024005375049,"density_km2":101.97984952033633,"source":"Актуализированный объединённый GeoJSON, предоставленный преподавателем","name_en":"Levashinskii District","name_zh":"Levashinskii区","subject_name_en":"Dagestan","subject_name_zh":"达吉斯坦共和国"},"geometry":{"type":"Polygon","coordinates":[[[47.055042,42.455988],[47.062579,42.450589],[47.061203,42.442173],[47.06739,42.436297],[47.067207,42.427585],[47.06586,42.425702],[47.076257,42.420248],[47.09095,42.408243],[47.115825,42.392055],[47.107588,42.385535],[47.10813,42.384274],[47.104094,42.384211],[47.105002,42.382379],[47.102134,42.377484],[47.103037,42.376139],[47.09969,42.375864],[47.095599,42.369953],[47.097376,42.365547],[47.086613,42.339214],[47.094888,42.335341],[47.104069,42.338341],[47.132198,42.335057],[47.131959,42.326931],[47.142232,42.328124],[47.14177,42.326833],[47.143447,42.326723],[47.142477,42.320128],[47.146669,42.319924],[47.145105,42.316422],[47.145589,42.302286],[47.148958,42.307561],[47.159997,42.30649],[47.165779,42.312838],[47.189104,42.297941],[47.194338,42.303137],[47.190701,42.305067],[47.188469,42.309354],[47.19026,42.310202],[47.195546,42.306564],[47.19751,42.309988],[47.203046,42.312972],[47.198023,42.317105],[47.200038,42.320146],[47.181973,42.331613],[47.186814,42.335226],[47.187355,42.339118],[47.184786,42.343525],[47.185462,42.348765],[47.187101,42.351004],[47.189895,42.351461],[47.19509,42.349044],[47.20374,42.358805],[47.213747,42.36248],[47.212221,42.362797],[47.211892,42.367457],[47.219158,42.36608],[47.225321,42.361924],[47.243632,42.358827],[47.245965,42.356978],[47.252845,42.358315],[47.255775,42.35237],[47.265976,42.344381],[47.268139,42.34376],[47.273129,42.346807],[47.277299,42.346384],[47.279119,42.344178],[47.282806,42.345698],[47.285928,42.344987],[47.283447,42.340713],[47.295077,42.338174],[47.299477,42.335026],[47.310329,42.331094],[47.316623,42.331064],[47.325118,42.327036],[47.339614,42.333041],[47.345882,42.333419],[47.352394,42.333161],[47.362558,42.326665],[47.367997,42.329667],[47.370017,42.329059],[47.371505,42.331636],[47.377215,42.33379],[47.381211,42.337765],[47.381522,42.340612],[47.387959,42.340123],[47.392226,42.33789],[47.397091,42.341192],[47.406467,42.338189],[47.415842,42.343319],[47.423008,42.337463],[47.430356,42.33576],[47.435972,42.331106],[47.466729,42.322328],[47.493213,42.321923],[47.501131,42.326315],[47.508091,42.324542],[47.512439,42.32631],[47.516525,42.324962],[47.51739,42.327702],[47.51567,42.334219],[47.521324,42.335149],[47.527029,42.340868],[47.522654,42.344476],[47.52696,42.352518],[47.523608,42.361698],[47.532493,42.375669],[47.533435,42.380514],[47.529344,42.381704],[47.526444,42.384752],[47.52116,42.383564],[47.515379,42.384538],[47.503524,42.390218],[47.488722,42.387009],[47.485285,42.394303],[47.491158,42.394446],[47.491535,42.398544],[47.493487,42.400053],[47.493048,42.407272],[47.49653,42.406745],[47.494078,42.399923],[47.497375,42.402089],[47.500612,42.410268],[47.503152,42.424488],[47.517888,42.418505],[47.521088,42.425528],[47.548344,42.421665],[47.548078,42.413829],[47.557498,42.413527],[47.564216,42.417171],[47.565609,42.420217],[47.562944,42.424865],[47.578061,42.429142],[47.572757,42.444218],[47.532309,42.446419],[47.526655,42.449324],[47.524826,42.461214],[47.529198,42.461507],[47.531794,42.463897],[47.537116,42.463802],[47.537159,42.470435],[47.540184,42.472872],[47.539864,42.484998],[47.534523,42.495089],[47.526823,42.493465],[47.522599,42.48449],[47.51529,42.483434],[47.492395,42.472454],[47.49324,42.465289],[47.497375,42.455562],[47.504351,42.447866],[47.498807,42.449358],[47.49153,42.448241],[47.491349,42.452387],[47.48709,42.462237],[47.477424,42.463831],[47.470972,42.462859],[47.469792,42.466157],[47.466544,42.465936],[47.462638,42.463045],[47.456971,42.462509],[47.466424,42.468168],[47.460287,42.474731],[47.463829,42.482092],[47.463472,42.488501],[47.468195,42.49061],[47.466254,42.495091],[47.468033,42.499728],[47.466701,42.503253],[47.453059,42.508626],[47.450066,42.506287],[47.449182,42.502634],[47.439317,42.508914],[47.436768,42.508816],[47.434857,42.512261],[47.426877,42.510642],[47.425338,42.513308],[47.416821,42.511051],[47.41487,42.514671],[47.411564,42.515801],[47.416726,42.529838],[47.411016,42.539745],[47.406732,42.539817],[47.403791,42.537212],[47.394569,42.534541],[47.379124,42.532981],[47.376818,42.531119],[47.365559,42.528657],[47.358639,42.529655],[47.351174,42.534923],[47.347102,42.558562],[47.351654,42.565339],[47.362345,42.573228],[47.367035,42.57438],[47.377906,42.572947],[47.376856,42.584978],[47.377939,42.585553],[47.371282,42.592273],[47.362962,42.591383],[47.356539,42.587996],[47.353196,42.585683],[47.349929,42.579567],[47.33959,42.575323],[47.308364,42.572548],[47.297776,42.578196],[47.275651,42.583743],[47.261514,42.579854],[47.224911,42.588828],[47.217408,42.588441],[47.214496,42.589754],[47.197464,42.585555],[47.162175,42.58703],[47.140861,42.595835],[47.122879,42.607085],[47.11734,42.606763],[47.115202,42.608479],[47.106518,42.609367],[47.092245,42.607954],[47.088869,42.610164],[47.080964,42.606207],[47.075897,42.606924],[47.076591,42.599088],[47.081603,42.595204],[47.081194,42.592813],[47.08409,42.590516],[47.090831,42.590643],[47.104896,42.586356],[47.108924,42.580387],[47.109627,42.575834],[47.119208,42.566196],[47.131683,42.568973],[47.13973,42.568093],[47.158211,42.573862],[47.165937,42.560629],[47.162789,42.560804],[47.157236,42.558032],[47.150278,42.551648],[47.156601,42.544453],[47.157765,42.539797],[47.155038,42.537289],[47.166543,42.526688],[47.17977,42.521682],[47.181705,42.518201],[47.198111,42.513595],[47.201374,42.505262],[47.19201,42.501635],[47.185802,42.502377],[47.17038,42.479675],[47.166912,42.484339],[47.156011,42.490846],[47.150206,42.481946],[47.141614,42.478025],[47.132564,42.468992],[47.130699,42.469424],[47.130171,42.466791],[47.134129,42.462448],[47.12746,42.459882],[47.11526,42.465791],[47.111447,42.470021],[47.105893,42.463061],[47.105996,42.460854],[47.098475,42.4574],[47.091619,42.457334],[47.079933,42.46563],[47.070602,42.467664],[47.066095,42.462839],[47.055042,42.455988]]]}},{"type":"Feature","id":"109876-418","properties":{"id":"109876-418","name":"Лакский район","name_ru":"Лакский район","subject_id":"109876","subject_name":"Дагестан","source_gid":418,"source_fid":512,"names_rosstat":"Лакский муниципальный район","population":12132,"area_km2":705.715131931423,"density_km2":17.191072503712324,"source":"Актуализированный объединённый GeoJSON, предоставленный преподавателем","name_en":"Lakskii District","name_zh":"Lakskii区","subject_name_en":"Dagestan","subject_name_zh":"达吉斯坦共和国"},"geometry":{"type":"MultiPolygon","coordinates":[[[[46.931783,42.002446],[46.935227,42.006789],[46.932156,42.012722],[46.93672,42.027449],[46.936252,42.032551],[46.943616,42.037322],[46.944246,42.043458],[46.948656,42.047522],[46.952048,42.04812],[46.959528,42.0535],[46.959072,42.056766],[46.965412,42.065303],[46.974017,42.066566],[46.977689,42.069579],[46.977569,42.076931],[46.979336,42.077506],[46.974312,42.091224],[46.967884,42.098505],[46.968282,42.102824],[46.959887,42.104367],[46.954275,42.101967],[46.9486,42.102751],[46.941721,42.107454],[46.943115,42.112818],[46.941994,42.123388],[46.946019,42.126584],[46.954011,42.139947],[46.952764,42.14419],[46.945068,42.153167],[46.947521,42.155508],[46.944735,42.163328],[46.945695,42.16602],[46.93398,42.176696],[46.94275,42.183134],[46.94849,42.190512],[46.951338,42.191052],[46.952146,42.196687],[46.963254,42.198356],[46.97237,42.204223],[46.963605,42.204943],[46.958684,42.208376],[46.961094,42.210877],[46.960315,42.213564],[46.97259,42.223829],[46.988256,42.228589],[46.996523,42.229204],[47.00464,42.233346],[47.008933,42.232166],[47.011848,42.23418],[47.016444,42.234475],[47.01434,42.23778],[47.018182,42.238019],[47.022974,42.234507],[47.026376,42.236736],[47.033901,42.230871],[47.038472,42.231465],[47.04469,42.224817],[47.042326,42.222039],[47.062916,42.223908],[47.066816,42.227072],[47.070203,42.226343],[47.077902,42.2321],[47.07986,42.234515],[47.069426,42.242287],[47.066814,42.247557],[47.062635,42.250744],[47.060942,42.257023],[47.054719,42.265254],[47.063526,42.267065],[47.073462,42.260605],[47.07997,42.260232],[47.079298,42.26412],[47.081764,42.266302],[47.081768,42.269101],[47.087553,42.27251],[47.085222,42.276413],[47.078761,42.276678],[47.070731,42.279485],[47.0698,42.283199],[47.077213,42.284843],[47.077037,42.287996],[47.071733,42.291653],[47.074071,42.292213],[47.071404,42.300778],[47.073791,42.303522],[47.083722,42.300613],[47.084602,42.301751],[47.093451,42.299962],[47.097497,42.30807],[47.093717,42.313743],[47.090528,42.326347],[47.096044,42.336552],[47.104069,42.338341],[47.130229,42.335783],[47.132198,42.335057],[47.131959,42.326931],[47.142232,42.328124],[47.14177,42.326833],[47.143447,42.326723],[47.142477,42.320128],[47.146669,42.319924],[47.145105,42.316422],[47.145589,42.302286],[47.148958,42.307561],[47.159997,42.30649],[47.165779,42.312838],[47.172132,42.309539],[47.189104,42.297941],[47.202352,42.2862],[47.213018,42.269095],[47.213792,42.264114],[47.234263,42.249208],[47.233154,42.246031],[47.235949,42.242921],[47.243512,42.238714],[47.248216,42.24092],[47.265839,42.225067],[47.25925,42.218469],[47.254055,42.220938],[47.253654,42.22466],[47.250472,42.22393],[47.242871,42.211568],[47.239518,42.209379],[47.232846,42.211013],[47.225794,42.208319],[47.230128,42.203116],[47.238845,42.20179],[47.237981,42.198671],[47.235905,42.197917],[47.239284,42.195332],[47.237006,42.19022],[47.241114,42.188788],[47.244103,42.1857],[47.243142,42.182821],[47.246168,42.180849],[47.2437,42.175315],[47.245159,42.168843],[47.241141,42.162716],[47.235897,42.165091],[47.229382,42.164483],[47.230647,42.159509],[47.227401,42.157063],[47.224262,42.158181],[47.219854,42.155656],[47.221386,42.148908],[47.219512,42.149076],[47.219836,42.146563],[47.216545,42.144522],[47.21529,42.141087],[47.20818,42.139617],[47.198574,42.149045],[47.191905,42.148514],[47.191421,42.146057],[47.175071,42.149714],[47.174009,42.147763],[47.17515,42.146167],[47.170494,42.146404],[47.167062,42.137078],[47.169728,42.135558],[47.169679,42.133233],[47.173383,42.13136],[47.168625,42.130319],[47.167967,42.126702],[47.170167,42.126462],[47.166914,42.123968],[47.169868,42.119801],[47.172527,42.119469],[47.168295,42.107011],[47.181333,42.102729],[47.184634,42.099409],[47.181964,42.097346],[47.181465,42.094466],[47.176974,42.09546],[47.176273,42.093302],[47.167098,42.085954],[47.162335,42.078522],[47.158501,42.08319],[47.151877,42.086848],[47.140949,42.082385],[47.137356,42.085056],[47.138954,42.085936],[47.135435,42.08792],[47.129848,42.086922],[47.125025,42.083087],[47.116506,42.0796],[47.103409,42.06558],[47.082652,42.057984],[47.078815,42.051941],[47.086205,42.039324],[47.094675,42.03668],[47.098065,42.02887],[47.102353,42.026944],[47.104199,42.019423],[47.108667,42.013103],[47.09901,42.006623],[47.099125,42.001779],[47.092531,41.997183],[47.096865,41.993946],[47.099848,41.987439],[47.103482,41.985429],[47.098377,41.972779],[47.114841,41.975088],[47.110404,41.969029],[47.107909,41.962058],[47.109927,41.952618],[47.105878,41.948217],[47.107915,41.941846],[47.104368,41.936194],[47.107186,41.932949],[47.104635,41.931513],[47.107229,41.923546],[47.09428,41.920149],[47.087456,41.921774],[47.082185,41.916644],[47.079723,41.905847],[47.075059,41.902376],[47.062576,41.899614],[47.056377,41.902757],[47.04922,41.902298],[47.046793,41.906359],[47.042275,41.906838],[47.037784,41.910879],[47.034186,41.911858],[47.026489,41.911711],[47.016451,41.908297],[47.008241,41.909333],[47.00071,41.913623],[46.998813,41.91581],[46.998729,41.919643],[46.992342,41.921997],[46.990946,41.925184],[46.981434,41.924746],[46.963133,41.93366],[46.954958,41.936222],[46.950467,41.935784],[46.94831,41.939023],[46.938714,41.940989],[46.929814,41.946841],[46.929053,41.955176],[46.92223,41.95936],[46.931532,41.966133],[46.931375,41.969411],[46.933163,41.97158],[46.930594,41.978011],[46.92623,41.980417],[46.927979,41.990153],[46.921417,41.994962],[46.931783,42.002446]]],[[[47.143567,43.542592],[47.14721,43.547548],[47.150964,43.547561],[47.153636,43.5466],[47.155149,43.543892],[47.143567,43.542592]]],[[[47.145204,43.602978],[47.150416,43.602518],[47.153274,43.598906],[47.149015,43.591006],[47.146624,43.592561],[47.14866,43.597919],[47.144391,43.601118],[47.145204,43.602978]]],[[[47.176086,43.595509],[47.17675,43.592897],[47.174868,43.588509],[47.166675,43.588372],[47.168699,43.594947],[47.176086,43.595509]]],[[[47.182305,43.387351],[47.190252,43.391396],[47.197598,43.39247],[47.200108,43.390888],[47.19137,43.385575],[47.18436,43.384732],[47.184087,43.383567],[47.181625,43.384861],[47.182305,43.387351]]],[[[47.209723,43.380478],[47.215649,43.378777],[47.214755,43.376048],[47.205658,43.371056],[47.203981,43.371748],[47.203545,43.373426],[47.209723,43.380478]]],[[[47.237266,43.543171],[47.241186,43.541398],[47.239765,43.537705],[47.235725,43.53641],[47.231368,43.538639],[47.233376,43.542597],[47.237266,43.543171]]],[[[47.288146,43.575884],[47.28832,43.572927],[47.282717,43.573332],[47.281851,43.575551],[47.288146,43.575884]]]]}},{"type":"Feature","id":"109876-419","properties":{"id":"109876-419","name":"Кумторкалинский район","name_ru":"Кумторкалинский район","subject_id":"109876","subject_name":"Дагестан","source_gid":419,"source_fid":513,"names_rosstat":"Кумторкалинский муниципальный район","population":30008,"area_km2":1172.775816873869,"density_km2":25.587157893474313,"source":"Актуализированный объединённый GeoJSON, предоставленный преподавателем","name_en":"Kumtorkalinskii District","name_zh":"Kumtorkalinskii区","subject_name_en":"Dagestan","subject_name_zh":"达吉斯坦共和国"},"geometry":{"type":"MultiPolygon","coordinates":[[[[47.422674,43.089926],[47.413022,43.089425],[47.396002,43.119205],[47.402017,43.124021],[47.413844,43.120072],[47.432843,43.119943],[47.449001,43.108716],[47.434618,43.098189],[47.440044,43.093859],[47.422674,43.089926]]],[[[47.148595,42.996565],[47.129738,43.011982],[47.132245,43.014836],[47.131985,43.019878],[47.116994,43.046101],[47.116574,43.049019],[47.118967,43.051357],[47.115529,43.054641],[47.109965,43.053028],[47.106302,43.05408],[47.104862,43.056299],[47.09539,43.047094],[47.106097,43.041188],[47.097735,43.028894],[47.092698,43.025897],[47.095757,43.021247],[47.093719,43.018626],[47.095033,43.012884],[47.092709,43.005435],[47.107337,42.9947],[47.104313,42.992493],[47.107769,42.987898],[47.106818,42.984692],[47.11,42.976794],[47.109027,42.973691],[47.110981,42.95743],[47.108572,42.948587],[47.103737,42.949069],[47.096404,42.955368],[47.085668,42.956224],[47.078673,42.959724],[47.078677,42.961365],[47.073604,42.956942],[47.068194,42.95782],[47.067127,42.961243],[47.070875,42.963591],[47.065255,42.966269],[47.072405,42.97132],[47.066918,42.974215],[47.059434,42.975155],[47.051188,42.973109],[47.041939,42.9786],[47.026723,42.983152],[47.025259,42.99077],[47.026049,42.99915],[47.033964,43.010796],[47.030141,43.013863],[47.027403,43.013427],[47.024213,43.015272],[47.00541,43.02807],[47.006324,43.030584],[47.00345,43.03378],[47.006928,43.039558],[47.011212,43.042209],[47.015585,43.039808],[47.025321,43.04205],[47.036759,43.055558],[47.021337,43.061758],[47.009477,43.07225],[47.00425,43.081844],[47.004796,43.086696],[46.998382,43.094452],[46.979005,43.103564],[46.983297,43.107148],[46.990992,43.108213],[46.993449,43.110956],[47.016669,43.108686],[47.030556,43.11054],[47.042351,43.104373],[47.045744,43.104933],[47.071342,43.137778],[47.079822,43.134757],[47.086204,43.140095],[47.092357,43.1476],[47.0886,43.149316],[47.096196,43.159126],[47.098624,43.161258],[47.104222,43.161144],[47.118316,43.17806],[47.11079,43.183419],[47.107751,43.189636],[47.101696,43.191228],[47.096348,43.201452],[47.088719,43.204185],[47.080914,43.210903],[47.080916,43.214378],[47.077727,43.215366],[47.075401,43.220638],[47.073147,43.221677],[47.073143,43.228801],[47.081325,43.23323],[47.083169,43.239165],[47.064284,43.237979],[47.051353,43.226417],[47.04099,43.241287],[47.028814,43.254609],[47.029943,43.254189],[47.031798,43.258567],[47.030986,43.261854],[47.039315,43.265276],[47.037328,43.267101],[47.027202,43.265307],[47.026082,43.269688],[47.014617,43.272622],[47.004774,43.272123],[46.989075,43.278448],[46.981929,43.285391],[46.957195,43.285669],[46.954932,43.29123],[46.973947,43.300082],[46.984368,43.313523],[46.975995,43.313187],[46.972103,43.316704],[46.966394,43.318192],[46.966561,43.321665],[46.972312,43.321894],[46.983023,43.31706],[46.987886,43.313028],[46.99518,43.312103],[46.999871,43.317521],[46.998105,43.321434],[46.993011,43.324681],[46.993276,43.326874],[47.000033,43.329025],[47.006205,43.328835],[47.00942,43.335156],[47.0159,43.337835],[47.014194,43.342523],[47.020727,43.349186],[47.020359,43.355593],[47.029468,43.360154],[47.033802,43.3667],[47.042987,43.365534],[47.06263,43.368649],[47.072843,43.372044],[47.08972,43.366608],[47.103921,43.367392],[47.112681,43.365193],[47.122563,43.348397],[47.130839,43.350893],[47.145389,43.351121],[47.155775,43.358354],[47.159701,43.357119],[47.160995,43.354732],[47.156455,43.346516],[47.160807,43.344852],[47.165078,43.347149],[47.168492,43.355981],[47.172016,43.357398],[47.174845,43.355993],[47.178131,43.346465],[47.187123,43.341483],[47.191022,43.344746],[47.186335,43.347806],[47.185843,43.350812],[47.188164,43.35122],[47.191849,43.347998],[47.194343,43.347998],[47.200184,43.352356],[47.205763,43.35341],[47.209439,43.350393],[47.209964,43.344836],[47.211998,43.343687],[47.214263,43.34354],[47.218234,43.346848],[47.223141,43.346991],[47.230454,43.331937],[47.233565,43.329438],[47.246478,43.325009],[47.251612,43.325804],[47.256124,43.332391],[47.262036,43.334549],[47.273298,43.329048],[47.280364,43.332221],[47.288017,43.332051],[47.290506,43.329325],[47.288031,43.322243],[47.290289,43.319044],[47.296267,43.317486],[47.297333,43.314947],[47.292224,43.308903],[47.28628,43.306023],[47.285187,43.302958],[47.288437,43.301583],[47.291565,43.303003],[47.303644,43.31648],[47.307549,43.318691],[47.313148,43.318584],[47.316384,43.315096],[47.312979,43.309596],[47.312486,43.30417],[47.30722,43.299186],[47.309803,43.295083],[47.314862,43.297111],[47.313614,43.300361],[47.31793,43.305612],[47.327647,43.308045],[47.324738,43.312996],[47.326663,43.315581],[47.330919,43.316102],[47.335313,43.314218],[47.338113,43.304333],[47.340821,43.302609],[47.352575,43.308859],[47.356851,43.308404],[47.358983,43.30518],[47.361878,43.305082],[47.367722,43.310706],[47.373748,43.311543],[47.376246,43.310145],[47.377099,43.307373],[47.374428,43.305095],[47.37408,43.300773],[47.368394,43.293374],[47.369589,43.289898],[47.372644,43.289626],[47.377309,43.292923],[47.382042,43.293197],[47.384536,43.292074],[47.38533,43.289395],[47.388348,43.289113],[47.402267,43.301227],[47.40943,43.302908],[47.419337,43.297902],[47.4307,43.295214],[47.436587,43.291548],[47.440483,43.285924],[47.440249,43.276722],[47.446236,43.271645],[47.453832,43.271754],[47.458053,43.276267],[47.474609,43.274451],[47.474477,43.263112],[47.468297,43.255565],[47.465733,43.24073],[47.500071,43.226998],[47.494712,43.209649],[47.481194,43.209316],[47.476612,43.206701],[47.469199,43.210458],[47.470132,43.202222],[47.46732,43.203363],[47.466059,43.207399],[47.463566,43.208227],[47.451858,43.201105],[47.456708,43.195516],[47.455986,43.184034],[47.454355,43.183963],[47.45428,43.181448],[47.47787,43.181376],[47.480038,43.179933],[47.478188,43.172775],[47.44937,43.173306],[47.453361,43.177875],[47.429286,43.177343],[47.380418,43.133382],[47.36135,43.144275],[47.355183,43.142198],[47.354325,43.139713],[47.339191,43.132537],[47.339669,43.123441],[47.334659,43.125497],[47.312818,43.127376],[47.284217,43.116774],[47.278966,43.083524],[47.309407,43.084392],[47.313491,43.075161],[47.318525,43.073257],[47.317442,43.068347],[47.312389,43.06331],[47.322195,43.058679],[47.3213,43.055783],[47.33116,43.052034],[47.328382,43.049515],[47.332343,43.049334],[47.329461,43.049214],[47.32559,43.044197],[47.324109,43.046771],[47.318767,43.04556],[47.317478,43.040772],[47.311533,43.043447],[47.307367,43.041543],[47.301403,43.041706],[47.296477,43.044304],[47.283767,43.035495],[47.299091,43.028079],[47.333205,43.001322],[47.325636,42.968016],[47.337311,42.963239],[47.348661,42.96276],[47.368969,42.955608],[47.367274,42.953322],[47.352558,42.954246],[47.358208,42.948777],[47.377763,42.943665],[47.377915,42.946061],[47.36939,42.953062],[47.370865,42.955264],[47.385768,42.948708],[47.391653,42.948033],[47.402184,42.94103],[47.405001,42.94188],[47.418087,42.939059],[47.428955,42.932775],[47.440209,42.922429],[47.487811,42.901144],[47.475936,42.895008],[47.461195,42.90068],[47.451691,42.900088],[47.445202,42.904354],[47.435015,42.904786],[47.423319,42.91151],[47.412478,42.921136],[47.405985,42.923138],[47.405418,42.926115],[47.400969,42.927375],[47.397877,42.92494],[47.395255,42.927171],[47.3905,42.924755],[47.372946,42.931568],[47.368983,42.931554],[47.360366,42.937009],[47.350352,42.939878],[47.35015,42.945775],[47.34613,42.948417],[47.327972,42.953172],[47.305911,42.958036],[47.27293,42.961699],[47.268483,42.964635],[47.21305,42.968059],[47.191379,42.962168],[47.195931,42.943711],[47.191803,42.940768],[47.181728,42.942039],[47.179539,42.937779],[47.181348,42.933795],[47.182324,42.92243],[47.180024,42.91397],[47.181048,42.913714],[47.178386,42.910825],[47.176197,42.90388],[47.165594,42.910295],[47.165324,42.909009],[47.161563,42.910245],[47.160556,42.907958],[47.158784,42.907842],[47.158922,42.909636],[47.152266,42.918001],[47.152287,42.922695],[47.158233,42.926437],[47.157137,42.933495],[47.162205,42.935068],[47.1658,42.93936],[47.16434,42.940444],[47.173414,42.954768],[47.173961,42.960206],[47.167643,42.965824],[47.156948,42.97145],[47.166323,42.968834],[47.178618,42.971156],[47.18506,42.970781],[47.184295,42.972816],[47.186586,42.978214],[47.174827,42.985289],[47.158454,42.991144],[47.148595,42.996565]],[[47.016557,43.287441],[47.022321,43.291602],[47.022429,43.294695],[47.013588,43.294382],[47.012623,43.291743],[47.016904,43.289441],[47.016557,43.287441]],[[47.022832,43.278924],[47.03201,43.280282],[47.033256,43.283184],[47.026923,43.285189],[47.026269,43.28708],[47.019074,43.285467],[47.018619,43.281618],[47.022832,43.278924]],[[47.053652,43.315877],[47.049006,43.307699],[47.051515,43.307644],[47.05062,43.309837],[47.052732,43.307417],[47.056277,43.309143],[47.073476,43.311095],[47.073507,43.312471],[47.066705,43.312609],[47.064737,43.315584],[47.066881,43.319663],[47.065642,43.320395],[47.066881,43.321888],[47.064585,43.322148],[47.065058,43.323932],[47.049581,43.326128],[47.046829,43.319604],[47.053652,43.315877]],[[47.080636,43.034621],[47.082442,43.035715],[47.081296,43.03884],[47.069363,43.044051],[47.064293,43.043849],[47.067958,43.040379],[47.080636,43.034621]],[[47.098253,43.255797],[47.097802,43.258993],[47.102083,43.261837],[47.102909,43.265868],[47.100109,43.26647],[47.09812,43.271281],[47.096739,43.271343],[47.091436,43.261651],[47.092341,43.255063],[47.098253,43.255797]],[[47.157019,43.306503],[47.156604,43.31075],[47.143279,43.311962],[47.144203,43.308531],[47.147907,43.30637],[47.153838,43.304871],[47.157019,43.306503]]]]}},{"type":"Feature","id":"109876-430","properties":{"id":"109876-430","name":"Кизлярский район","name_ru":"Кизлярский район","subject_id":"109876","subject_name":"Дагестан","source_gid":430,"source_fid":525,"names_rosstat":"Кизлярский муниципальный район","population":80389,"area_km2":3070.1879110724185,"density_km2":26.183739343798038,"source":"Актуализированный объединённый GeoJSON, предоставленный преподавателем","name_en":"Kizliarskii District","name_zh":"Kizliarskii区","subject_name_en":"Dagestan","subject_name_zh":"达吉斯坦共和国"},"geometry":{"type":"MultiPolygon","coordinates":[[[[46.538324,43.729453],[46.539581,43.73589],[46.545192,43.747696],[46.551128,43.755092],[46.558166,43.760376],[46.569152,43.761372],[46.573957,43.764508],[46.582102,43.765614],[46.587072,43.768069],[46.604523,43.768341],[46.613981,43.765324],[46.630241,43.769546],[46.633446,43.777152],[46.647104,43.783883],[46.648773,43.788018],[46.655251,43.793042],[46.655002,43.795239],[46.649945,43.800043],[46.650045,43.806613],[46.647995,43.812276],[46.648159,43.816699],[46.6515,43.820572],[46.661905,43.824639],[46.67946,43.823346],[46.673328,43.818799],[46.672872,43.814429],[46.675756,43.817876],[46.699579,43.812552],[46.70402,43.813928],[46.705459,43.821203],[46.709817,43.825025],[46.729433,43.821989],[46.732489,43.824583],[46.74005,43.824948],[46.74458,43.832458],[46.742631,43.835851],[46.744774,43.840308],[46.740534,43.847094],[46.747856,43.849512],[46.7555,43.855344],[46.765394,43.854999],[46.775493,43.857597],[46.792292,43.853713],[46.796349,43.869975],[46.7866,43.871629],[46.782161,43.85939],[46.768933,43.86277],[46.757928,43.861077],[46.750834,43.869406],[46.757095,43.872515],[46.758767,43.878903],[46.741643,43.869918],[46.737794,43.869176],[46.732224,43.871918],[46.731262,43.869302],[46.728933,43.869639],[46.728048,43.864909],[46.725379,43.86553],[46.725987,43.86439],[46.721574,43.860445],[46.717411,43.860147],[46.714106,43.866433],[46.717763,43.872294],[46.714435,43.87169],[46.711773,43.868917],[46.714065,43.863416],[46.702547,43.862113],[46.702764,43.859701],[46.704233,43.859256],[46.701797,43.85739],[46.700597,43.860281],[46.690383,43.869309],[46.684312,43.881476],[46.679233,43.88776],[46.689549,43.893945],[46.691898,43.903747],[46.700412,43.912126],[46.700257,43.912926],[46.694752,43.922872],[46.698035,43.930723],[46.699674,43.936931],[46.695119,43.948016],[46.700146,43.946997],[46.705213,43.941623],[46.717863,43.943094],[46.720397,43.945499],[46.718744,43.945892],[46.723862,43.949004],[46.722484,43.9502],[46.723413,43.952507],[46.73,43.9599],[46.725449,43.963025],[46.725299,43.966495],[46.727964,43.97003],[46.723113,43.976818],[46.723368,43.983831],[46.719567,43.984684],[46.722081,43.98745],[46.72992,43.986063],[46.736457,43.992478],[46.7357,43.996321],[46.751589,44.002096],[46.76174,44.001157],[46.765833,44.004171],[46.766332,44.008765],[46.761957,44.008265],[46.756168,44.018093],[46.750214,44.017275],[46.748672,44.012693],[46.743195,44.015629],[46.744491,44.019655],[46.741622,44.022807],[46.739487,44.022856],[46.738491,44.015937],[46.735781,44.013849],[46.735501,44.008331],[46.733759,44.008756],[46.7305,44.018661],[46.729753,44.029994],[46.726399,44.032782],[46.726416,44.039597],[46.718112,44.046293],[46.713461,44.046527],[46.713605,44.052276],[46.709518,44.055676],[46.706663,44.061658],[46.710947,44.067905],[46.710457,44.073337],[46.713219,44.077663],[46.722117,44.085123],[46.731006,44.085741],[46.732248,44.088505],[46.745189,44.088996],[46.75064,44.103631],[46.750785,44.107065],[46.747094,44.112518],[46.745939,44.117718],[46.742825,44.120483],[46.742596,44.125343],[46.739938,44.13111],[46.740805,44.136975],[46.752191,44.14038],[46.753328,44.148202],[46.751976,44.152883],[46.743543,44.161227],[46.742642,44.164959],[46.745067,44.174332],[46.746687,44.175702],[46.743328,44.180573],[46.747599,44.192744],[46.746075,44.203758],[46.748285,44.221968],[46.762186,44.224177],[46.770958,44.21407],[46.793578,44.213498],[46.801499,44.214601],[46.810991,44.221646],[46.822999,44.217983],[46.828005,44.220101],[46.830542,44.218728],[46.832363,44.219614],[46.832428,44.221618],[46.834639,44.221758],[46.838011,44.238596],[46.839801,44.240074],[46.84303,44.239799],[46.849268,44.234763],[46.868237,44.236936],[46.866899,44.253855],[46.855081,44.277379],[46.860708,44.295346],[46.857535,44.30858],[46.860643,44.316366],[46.850445,44.333365],[46.85684,44.340839],[46.860677,44.341624],[46.86685,44.346554],[46.873812,44.35544],[46.884809,44.358574],[46.890544,44.364815],[46.900366,44.367604],[46.901185,44.371419],[46.908513,44.371875],[46.916602,44.37739],[46.951275,44.394435],[46.954561,44.394264],[46.950233,44.393303],[46.954021,44.391108],[46.962776,44.391108],[46.998578,44.383114],[47.012987,44.376708],[47.013567,44.374147],[47.021463,44.372214],[47.026527,44.366232],[47.034681,44.360272],[47.039155,44.353805],[47.040056,44.349402],[47.044315,44.344392],[47.044004,44.33965],[47.049808,44.333733],[47.0485,44.327609],[47.046483,44.32777],[47.046783,44.326135],[47.050838,44.309891],[47.05358,44.306802],[47.052984,44.303697],[47.056889,44.29821],[47.057533,44.292351],[47.061675,44.28595],[47.060945,44.283699],[47.062651,44.283853],[47.065913,44.279183],[47.086244,44.265593],[47.089098,44.260376],[47.087444,44.25765],[47.09341,44.25562],[47.093223,44.248773],[47.10017,44.235868],[47.112122,44.222999],[47.114256,44.221717],[47.11637,44.223321],[47.126584,44.216401],[47.139459,44.212987],[47.138611,44.209111],[47.151761,44.207885],[47.166624,44.211449],[47.166334,44.213049],[47.162107,44.214648],[47.162236,44.217709],[47.170248,44.218923],[47.166753,44.222168],[47.171388,44.226148],[47.184713,44.230145],[47.18541,44.231863],[47.200334,44.2335],[47.209986,44.231961],[47.213139,44.230391],[47.212468,44.2296],[47.22202,44.227575],[47.233663,44.21792],[47.240353,44.207505],[47.240619,44.205045],[47.240151,44.20739],[47.239197,44.206634],[47.240136,44.203248],[47.242917,44.202422],[47.241524,44.197611],[47.242635,44.193307],[47.274436,44.114951],[47.287884,44.090278],[47.290673,44.089139],[47.314009,44.055824],[47.33905,44.030621],[47.362966,44.0127],[47.380468,43.991579],[47.392356,43.963614],[47.396823,43.959152],[47.410611,43.935867],[47.417112,43.917994],[47.421274,43.895459],[47.422579,43.893939],[47.422159,43.895104],[47.424085,43.894545],[47.429475,43.884278],[47.434516,43.879805],[47.43458,43.876052],[47.456335,43.874848],[47.462638,43.877342],[47.469405,43.872496],[47.468898,43.861043],[47.470646,43.858805],[47.473431,43.858845],[47.469502,43.856461],[47.463057,43.84132],[47.460419,43.828149],[47.461536,43.826279],[47.468847,43.823352],[47.471621,43.816464],[47.496435,43.804947],[47.500574,43.806168],[47.503528,43.813343],[47.525738,43.82541],[47.528376,43.81976],[47.528672,43.806593],[47.530501,43.800414],[47.528517,43.792921],[47.524476,43.788104],[47.506937,43.779936],[47.50302,43.775002],[47.479967,43.759611],[47.464252,43.744791],[47.439995,43.717779],[47.445431,43.7183],[47.446131,43.713679],[47.455252,43.711042],[47.465482,43.701602],[47.465455,43.695762],[47.458138,43.682712],[47.441425,43.665372],[47.424257,43.640842],[47.408423,43.625637],[47.406936,43.640259],[47.401987,43.641192],[47.400456,43.645213],[47.401708,43.646634],[47.400413,43.648661],[47.401654,43.653573],[47.391922,43.659457],[47.384979,43.660997],[47.391213,43.667079],[47.391493,43.672223],[47.389587,43.677146],[47.392766,43.679935],[47.393078,43.68707],[47.394562,43.687646],[47.393402,43.689451],[47.382042,43.691496],[47.380374,43.695298],[47.382868,43.695151],[47.382238,43.698673],[47.374901,43.702397],[47.3737,43.704567],[47.370988,43.702608],[47.369508,43.707119],[47.370319,43.710674],[47.366697,43.710654],[47.368579,43.714209],[47.369744,43.712623],[47.372202,43.713834],[47.370738,43.71724],[47.364088,43.718814],[47.360173,43.72618],[47.356386,43.727476],[47.355958,43.730285],[47.351883,43.728451],[47.349272,43.730639],[47.349475,43.728293],[47.348251,43.728186],[47.346038,43.730843],[47.340112,43.732478],[47.338356,43.73495],[47.335841,43.733868],[47.335729,43.736602],[47.32937,43.745046],[47.324131,43.744618],[47.326122,43.747411],[47.323033,43.748593],[47.326738,43.750411],[47.31977,43.750709],[47.319802,43.754972],[47.316573,43.755753],[47.316275,43.758594],[47.310284,43.761275],[47.307816,43.767383],[47.304171,43.769201],[47.300343,43.768421],[47.284665,43.770729],[47.263165,43.781813],[47.272197,43.782442],[47.275921,43.784575],[47.272561,43.788345],[47.273856,43.79153],[47.263794,43.800906],[47.265402,43.803551],[47.271442,43.804522],[47.271688,43.810473],[47.270595,43.810838],[47.263599,43.808695],[47.25176,43.808492],[47.241475,43.803664],[47.23185,43.80564],[47.22459,43.802577],[47.222695,43.803291],[47.225791,43.807322],[47.224248,43.810789],[47.219558,43.806545],[47.212478,43.806874],[47.209009,43.810431],[47.202318,43.80774],[47.191055,43.809452],[47.19107,43.814127],[47.186415,43.816058],[47.170569,43.813433],[47.166934,43.809088],[47.161104,43.808477],[47.138959,43.815338],[47.133586,43.810536],[47.134891,43.808519],[47.140009,43.80749],[47.137133,43.806808],[47.138725,43.804586],[47.136285,43.80198],[47.128368,43.801742],[47.123375,43.797027],[47.114982,43.797425],[47.106422,43.794613],[47.101557,43.795188],[47.09902,43.79786],[47.096336,43.796945],[47.072703,43.799208],[47.065882,43.802605],[47.051369,43.805334],[47.049136,43.808356],[47.028601,43.810147],[47.027217,43.811295],[47.029796,43.812675],[47.029596,43.814107],[47.017974,43.818923],[47.015429,43.818049],[47.016496,43.815347],[47.013899,43.809039],[47.002339,43.80637],[46.990676,43.807824],[46.987872,43.811825],[46.97869,43.815672],[46.987715,43.800891],[46.945196,43.801318],[46.925122,43.809232],[46.924787,43.811356],[46.918517,43.815393],[46.910644,43.812274],[46.908806,43.809677],[46.910489,43.8083],[46.907293,43.806192],[46.904318,43.806528],[46.903953,43.802937],[46.90079,43.800598],[46.889812,43.801309],[46.885004,43.795783],[46.878971,43.797783],[46.877414,43.781795],[46.881073,43.773582],[46.884666,43.771801],[46.882638,43.768404],[46.877902,43.767637],[46.873179,43.762775],[46.866544,43.760117],[46.86505,43.753373],[46.86139,43.75542],[46.862405,43.765971],[46.860762,43.7702],[46.854479,43.774231],[46.851006,43.774396],[46.834451,43.761142],[46.826426,43.759917],[46.81627,43.762414],[46.816488,43.767283],[46.812073,43.770251],[46.794635,43.770677],[46.793455,43.773959],[46.785259,43.775532],[46.777318,43.774957],[46.749474,43.764022],[46.73803,43.75552],[46.724266,43.750022],[46.679793,43.748872],[46.670715,43.747009],[46.666692,43.745513],[46.659393,43.739106],[46.644881,43.737028],[46.640784,43.730447],[46.636818,43.729407],[46.611397,43.72701],[46.599038,43.731216],[46.588772,43.732581],[46.578579,43.730358],[46.569713,43.731491],[46.556626,43.737679],[46.550836,43.736372],[46.538324,43.729453]]],[[[46.554001,43.866988],[46.539106,43.85834],[46.494572,43.858592],[46.499037,43.862236],[46.497351,43.866074],[46.493041,43.867635],[46.494059,43.873304],[46.495446,43.873812],[46.495052,43.878425],[46.451091,43.875061],[46.448136,43.87663],[46.447979,43.878943],[46.454966,43.887892],[46.454593,43.890161],[46.449309,43.894253],[46.452201,43.899799],[46.453165,43.912361],[46.450238,43.915215],[46.449492,43.919195],[46.451198,43.921592],[46.45728,43.922545],[46.46232,43.929719],[46.462094,43.932537],[46.455078,43.936271],[46.456854,43.943868],[46.453735,43.947839],[46.441341,43.955654],[46.439196,43.955529],[46.436085,43.951907],[46.432931,43.95285],[46.433015,43.956702],[46.436929,43.960576],[46.434735,43.964328],[46.443913,43.965078],[46.444458,43.96806],[46.453218,43.967808],[46.459844,43.958804],[46.492396,43.948267],[46.499315,43.936328],[46.497683,43.917132],[46.500568,43.911488],[46.503012,43.910059],[46.505026,43.903852],[46.509208,43.903804],[46.517944,43.898686],[46.525455,43.90003],[46.538886,43.897007],[46.54983,43.901229],[46.559532,43.899806],[46.566413,43.902607],[46.573577,43.89914],[46.583519,43.896968],[46.595492,43.90043],[46.60191,43.899308],[46.607599,43.903525],[46.640573,43.887314],[46.648094,43.887611],[46.642667,43.89022],[46.637499,43.895184],[46.635455,43.903681],[46.632317,43.909441],[46.630606,43.909437],[46.62974,43.919987],[46.631832,43.923085],[46.641582,43.923921],[46.643949,43.929359],[46.653729,43.935427],[46.654143,43.937301],[46.64957,43.942297],[46.648947,43.948707],[46.650548,43.950584],[46.654152,43.952463],[46.672214,43.947341],[46.693207,43.943767],[46.694842,43.947961],[46.699468,43.937071],[46.694531,43.92287],[46.700198,43.912192],[46.691646,43.903722],[46.689442,43.894016],[46.67906,43.888221],[46.679224,43.887114],[46.684287,43.8812],[46.690142,43.869341],[46.696444,43.862803],[46.692627,43.861517],[46.696198,43.860261],[46.698059,43.857564],[46.690596,43.844702],[46.681994,43.838265],[46.675171,43.836824],[46.672682,43.840811],[46.667566,43.839892],[46.665927,43.842385],[46.662089,43.835899],[46.659913,43.836554],[46.65014,43.831011],[46.644197,43.830557],[46.636395,43.832924],[46.619329,43.830028],[46.618598,43.831511],[46.621711,43.834619],[46.619029,43.837254],[46.616754,43.850054],[46.607694,43.849906],[46.605164,43.847914],[46.588786,43.870339],[46.589689,43.872152],[46.570605,43.873563],[46.554001,43.866988]]],[[[47.47878,44.458531],[47.480785,44.471309],[47.486402,44.481628],[47.497465,44.492835],[47.507035,44.495956],[47.519254,44.496474],[47.529607,44.493364],[47.52942,44.490124],[47.526503,44.486366],[47.528302,44.481508],[47.523028,44.477141],[47.522607,44.482713],[47.521181,44.483659],[47.517991,44.478071],[47.520728,44.4746],[47.52222,44.467951],[47.5196,44.459535],[47.521595,44.456079],[47.516777,44.450854],[47.519162,44.446619],[47.516857,44.441643],[47.486122,44.454163],[47.481524,44.453906],[47.48357,44.453038],[47.481591,44.452523],[47.47878,44.458531]]]]}},{"type":"Feature","id":"109876-431","properties":{"id":"109876-431","name":"Каякентский район","name_ru":"Каякентский район","subject_id":"109876","subject_name":"Дагестан","source_gid":431,"source_fid":526,"names_rosstat":"Каякентский муниципальный район","population":60945,"area_km2":662.2496454630049,"density_km2":92.02722933492996,"source":"Актуализированный объединённый GeoJSON, предоставленный преподавателем","name_en":"Kaiakentskii District","name_zh":"Kaiakentskii区","subject_name_en":"Dagestan","subject_name_zh":"达吉斯坦共和国"},"geometry":{"type":"MultiPolygon","coordinates":[[[[47.515566,42.210119],[47.522218,42.210088],[47.525871,42.204264],[47.52451,42.200722],[47.519356,42.19993],[47.516461,42.203126],[47.511388,42.205128],[47.511236,42.207709],[47.515566,42.210119]]],[[[47.664274,42.216073],[47.665731,42.219917],[47.66496,42.223514],[47.670809,42.227324],[47.680045,42.23907],[47.687739,42.242091],[47.693502,42.240054],[47.706339,42.241756],[47.709078,42.243673],[47.707302,42.228146],[47.704082,42.229535],[47.711373,42.215762],[47.703597,42.213466],[47.703665,42.211551],[47.700568,42.210457],[47.698577,42.211827],[47.684525,42.200803],[47.668612,42.195859],[47.666486,42.195906],[47.666006,42.198414],[47.663007,42.199413],[47.660244,42.199341],[47.659028,42.197734],[47.661541,42.197529],[47.657945,42.196027],[47.649947,42.197157],[47.646648,42.200075],[47.648126,42.203903],[47.646091,42.20416],[47.654419,42.212814],[47.664274,42.216073]]],[[[47.692553,42.369033],[47.689315,42.372162],[47.696369,42.375815],[47.700939,42.387934],[47.712794,42.388502],[47.715782,42.402163],[47.719168,42.408421],[47.722605,42.412475],[47.732295,42.417504],[47.742595,42.429792],[47.762519,42.438842],[47.77254,42.440439],[47.774982,42.439261],[47.783476,42.44143],[47.850369,42.474624],[47.83654,42.505088],[47.811973,42.497242],[47.795487,42.494727],[47.795869,42.500356],[47.806081,42.521851],[47.805446,42.529106],[47.812157,42.541419],[47.811758,42.546457],[47.803395,42.547126],[47.798927,42.553262],[47.803347,42.557162],[47.799712,42.564982],[47.801911,42.566737],[47.80112,42.564945],[47.805949,42.556095],[47.813967,42.555296],[47.805064,42.565591],[47.806887,42.567932],[47.814662,42.570709],[47.814341,42.572862],[47.819134,42.578864],[47.8179,42.581216],[47.819081,42.582565],[47.818205,42.588807],[47.819424,42.588716],[47.826906,42.581926],[47.844117,42.572711],[47.842062,42.571055],[47.847665,42.564591],[47.851459,42.564377],[47.853838,42.566101],[47.868688,42.545336],[47.872728,42.54951],[47.893627,42.527487],[47.900055,42.529815],[47.905152,42.522732],[47.911246,42.523453],[47.951471,42.463067],[48.01761,42.385667],[48.044063,42.3639],[48.090012,42.337506],[48.11043,42.319536],[48.102349,42.317221],[48.107526,42.306844],[48.092433,42.299785],[48.078062,42.305542],[48.077764,42.30826],[48.081153,42.314254],[48.072993,42.317585],[48.070233,42.322284],[48.041731,42.313622],[48.039255,42.314246],[48.037774,42.31887],[48.031379,42.326009],[48.01902,42.31749],[47.999772,42.315236],[47.988432,42.311769],[47.99797,42.303994],[48.005062,42.295138],[47.998539,42.293979],[47.997853,42.292482],[48.001445,42.284819],[47.996582,42.277124],[48.001807,42.272079],[47.999699,42.27092],[48.00075,42.266124],[48.007032,42.257871],[48.018281,42.258417],[48.021871,42.251225],[48.019509,42.243274],[48.013086,42.239289],[47.996673,42.238894],[47.979747,42.230246],[47.971767,42.228513],[47.952248,42.229659],[47.918222,42.227058],[47.907545,42.224451],[47.892089,42.228556],[47.883681,42.235149],[47.872971,42.23902],[47.868665,42.234169],[47.85134,42.232909],[47.840112,42.238773],[47.833924,42.233516],[47.816371,42.228992],[47.808947,42.224019],[47.800648,42.22323],[47.794726,42.226495],[47.777059,42.223083],[47.773838,42.223977],[47.775747,42.230412],[47.775779,42.238879],[47.768034,42.239998],[47.760212,42.254597],[47.768135,42.261457],[47.751634,42.267108],[47.766197,42.274433],[47.764234,42.277201],[47.766583,42.281007],[47.775483,42.285141],[47.785997,42.295524],[47.791756,42.298451],[47.792587,42.30288],[47.779729,42.301295],[47.770604,42.303245],[47.774394,42.313202],[47.759652,42.328024],[47.750469,42.330942],[47.748283,42.335225],[47.746149,42.336143],[47.74093,42.351346],[47.727523,42.350899],[47.728069,42.343797],[47.709454,42.346177],[47.699487,42.351752],[47.68599,42.36225],[47.692553,42.369033]],[[47.715284,42.348252],[47.7187,42.349079],[47.715713,42.350238],[47.715284,42.348252]],[[47.838241,42.430822],[47.859821,42.42962],[47.861451,42.43331],[47.866942,42.436687],[47.868738,42.442608],[47.872303,42.443177],[47.869284,42.446111],[47.872512,42.447743],[47.865913,42.447167],[47.861915,42.453025],[47.84726,42.451054],[47.844868,42.449056],[47.833666,42.447043],[47.827684,42.443638],[47.829418,42.436572],[47.835191,42.437695],[47.838241,42.430822]],[[47.838283,42.284357],[47.847369,42.282685],[47.848317,42.287486],[47.853145,42.293191],[47.85044,42.29663],[47.852499,42.303109],[47.859651,42.309161],[47.865454,42.31077],[47.863554,42.315233],[47.852094,42.322121],[47.846253,42.318768],[47.852358,42.316034],[47.853139,42.313791],[47.842109,42.305918],[47.835464,42.296527],[47.838283,42.284357]],[[47.910884,42.46954],[47.917729,42.470829],[47.92331,42.474987],[47.932722,42.475206],[47.927247,42.481932],[47.901716,42.473022],[47.910884,42.46954]],[[47.908996,42.369395],[47.914984,42.364011],[47.912365,42.360388],[47.916562,42.360881],[47.916907,42.358759],[47.919709,42.358027],[47.918763,42.360723],[47.925533,42.357807],[47.927312,42.35847],[47.927014,42.359859],[47.931174,42.363532],[47.92665,42.364548],[47.919553,42.371543],[47.91391,42.373295],[47.908996,42.369395]]]]}},{"type":"Feature","id":"109876-432","properties":{"id":"109876-432","name":"Карабудахкентский район","name_ru":"Карабудахкентский район","subject_id":"109876","subject_name":"Дагестан","source_gid":432,"source_fid":527,"names_rosstat":"Карабудахкентский муниципальный район","population":104951,"area_km2":1413.4437019121701,"density_km2":74.25198460895017,"source":"Актуализированный объединённый GeoJSON, предоставленный преподавателем","name_en":"Karabudakhkentskii District","name_zh":"Karabudakhkentskii区","subject_name_en":"Dagestan","subject_name_zh":"达吉斯坦共和国"},"geometry":{"type":"MultiPolygon","coordinates":[[[[47.295879,42.72268],[47.287864,42.739709],[47.312156,42.762382],[47.316103,42.772858],[47.292548,42.797755],[47.301196,42.809356],[47.308462,42.81584],[47.30802,42.81891],[47.312772,42.829143],[47.320509,42.83045],[47.320741,42.834548],[47.348349,42.835488],[47.371117,42.83295],[47.378681,42.830039],[47.380333,42.832593],[47.398551,42.829954],[47.399642,42.831237],[47.403869,42.830458],[47.407918,42.827292],[47.410683,42.831688],[47.418443,42.834595],[47.434759,42.830116],[47.453473,42.832171],[47.489165,42.825936],[47.496327,42.823298],[47.500693,42.822842],[47.508513,42.82517],[47.512648,42.820554],[47.520053,42.818211],[47.522234,42.8511],[47.524019,42.852239],[47.53289,42.850296],[47.543728,42.854284],[47.533604,42.868817],[47.537373,42.87237],[47.530055,42.880375],[47.522458,42.883122],[47.514055,42.891808],[47.507354,42.889048],[47.496225,42.89757],[47.502453,42.898325],[47.519431,42.896328],[47.521432,42.897181],[47.522891,42.89846],[47.523111,42.901985],[47.528565,42.89425],[47.539816,42.895179],[47.538216,42.901959],[47.548712,42.899759],[47.5555,42.889141],[47.559267,42.878897],[47.57116,42.873495],[47.583997,42.859608],[47.597905,42.865596],[47.600646,42.862978],[47.586942,42.856564],[47.598966,42.843603],[47.602609,42.844667],[47.601667,42.846572],[47.607457,42.849058],[47.594195,42.859815],[47.600702,42.862927],[47.612327,42.85542],[47.623098,42.858027],[47.633811,42.84992],[47.644181,42.859056],[47.649735,42.857359],[47.67774,42.869348],[47.687311,42.866749],[47.697219,42.868388],[47.713086,42.837111],[47.717156,42.759409],[47.716455,42.738731],[47.719035,42.709991],[47.720529,42.701657],[47.724528,42.695167],[47.733559,42.668867],[47.745902,42.655282],[47.749377,42.647835],[47.762675,42.630517],[47.78736,42.610405],[47.800606,42.605374],[47.807943,42.605033],[47.810294,42.607528],[47.814732,42.608109],[47.851817,42.60021],[47.848617,42.594801],[47.839012,42.594682],[47.828779,42.596509],[47.81942,42.600966],[47.814177,42.600525],[47.819171,42.586927],[47.8179,42.581216],[47.819134,42.578864],[47.814341,42.572862],[47.814662,42.570709],[47.806887,42.567932],[47.805064,42.565591],[47.801911,42.566737],[47.798096,42.565259],[47.790093,42.556005],[47.781992,42.556529],[47.770789,42.551319],[47.785413,42.545101],[47.812157,42.541419],[47.805446,42.529106],[47.806081,42.521851],[47.795869,42.500356],[47.795563,42.494369],[47.788354,42.487839],[47.768591,42.478278],[47.758826,42.478368],[47.753774,42.480016],[47.746133,42.478741],[47.745957,42.473056],[47.738548,42.472091],[47.737406,42.476613],[47.722445,42.474245],[47.709705,42.475543],[47.707509,42.47463],[47.705847,42.468254],[47.701177,42.463339],[47.694367,42.476223],[47.687531,42.482855],[47.68001,42.499263],[47.673201,42.508146],[47.659235,42.505859],[47.633304,42.507052],[47.623157,42.503316],[47.614112,42.506769],[47.603785,42.503358],[47.599295,42.507622],[47.591679,42.506473],[47.588595,42.508755],[47.580907,42.507944],[47.576292,42.503494],[47.58072,42.500686],[47.569576,42.492357],[47.55681,42.486022],[47.539864,42.484998],[47.534523,42.495089],[47.528141,42.49462],[47.522599,42.48449],[47.51529,42.483434],[47.492395,42.472454],[47.49324,42.465289],[47.497375,42.455562],[47.504351,42.447866],[47.498807,42.449358],[47.49153,42.448241],[47.491349,42.452387],[47.48709,42.462237],[47.477424,42.463831],[47.470972,42.462859],[47.469792,42.466157],[47.466544,42.465936],[47.462638,42.463045],[47.456971,42.462509],[47.466424,42.468168],[47.460287,42.474731],[47.463829,42.482092],[47.463472,42.488501],[47.468195,42.49061],[47.466254,42.495091],[47.468033,42.499728],[47.466701,42.503253],[47.453059,42.508626],[47.450066,42.506287],[47.449182,42.502634],[47.439317,42.508914],[47.436768,42.508816],[47.434857,42.512261],[47.426877,42.510642],[47.425338,42.513308],[47.416821,42.511051],[47.41487,42.514671],[47.411564,42.515801],[47.416726,42.529838],[47.411016,42.539745],[47.406732,42.539817],[47.403791,42.537212],[47.394569,42.534541],[47.379124,42.532981],[47.376818,42.531119],[47.365559,42.528657],[47.358639,42.529655],[47.351174,42.534923],[47.347102,42.558562],[47.351654,42.565339],[47.362345,42.573228],[47.367035,42.57438],[47.377906,42.572947],[47.376856,42.584978],[47.377939,42.585553],[47.371282,42.592273],[47.362962,42.591383],[47.361971,42.592697],[47.364691,42.595209],[47.365075,42.599238],[47.370531,42.604909],[47.376245,42.605699],[47.378659,42.609525],[47.380394,42.614194],[47.378116,42.622268],[47.373459,42.62194],[47.370711,42.619038],[47.371158,42.615874],[47.375391,42.613019],[47.36829,42.607101],[47.371542,42.611365],[47.369196,42.615887],[47.36613,42.616803],[47.36229,42.613046],[47.363405,42.615254],[47.361366,42.616716],[47.359365,42.614328],[47.358302,42.615614],[47.355176,42.614284],[47.353963,42.616362],[47.347434,42.619248],[47.33965,42.620165],[47.323699,42.635952],[47.32049,42.633923],[47.302289,42.636768],[47.30449,42.641458],[47.289656,42.647179],[47.284882,42.645458],[47.281811,42.642257],[47.26166,42.645525],[47.259943,42.647977],[47.252276,42.647704],[47.254705,42.652358],[47.260605,42.678188],[47.264241,42.682776],[47.264685,42.688277],[47.266869,42.689413],[47.26672,42.695361],[47.279331,42.701034],[47.283926,42.705482],[47.293595,42.709317],[47.297163,42.716954],[47.304237,42.719999],[47.30102,42.722903],[47.295879,42.72268]]],[[[47.418087,42.939059],[47.405001,42.94188],[47.405971,42.945977],[47.404184,42.947141],[47.403788,42.95241],[47.401074,42.953961],[47.402703,42.955438],[47.400259,42.958159],[47.401304,42.959153],[47.405933,42.959692],[47.412919,42.954468],[47.426307,42.950461],[47.427675,42.952655],[47.419328,42.9567],[47.417046,42.959602],[47.426853,42.95566],[47.436816,42.9426],[47.443387,42.93792],[47.456049,42.931266],[47.477621,42.924825],[47.484735,42.921076],[47.496352,42.919164],[47.510225,42.912508],[47.520349,42.907569],[47.51881,42.902321],[47.522763,42.902031],[47.522838,42.899256],[47.518734,42.896599],[47.508316,42.898061],[47.502388,42.898553],[47.499363,42.898321],[47.487811,42.901144],[47.440209,42.922429],[47.428955,42.932775],[47.418087,42.939059]]]]}},{"type":"Feature","id":"109876-433","properties":{"id":"109876-433","name":"Кайтагский район","name_ru":"Кайтагский район","subject_id":"109876","subject_name":"Дагестан","source_gid":433,"source_fid":528,"names_rosstat":"Кайтагский муниципальный район","population":33836,"area_km2":680.8026111857756,"density_km2":49.70016190312014,"source":"Актуализированный объединённый GeoJSON, предоставленный преподавателем","name_en":"Kaitagskii District","name_zh":"Kaitagskii区","subject_name_en":"Dagestan","subject_name_zh":"达吉斯坦共和国"},"geometry":{"type":"MultiPolygon","coordinates":[[[[47.628259,41.992194],[47.634422,41.98936],[47.634128,41.985578],[47.636902,41.982078],[47.635511,41.980439],[47.646479,41.976809],[47.651271,41.971631],[47.651183,41.967935],[47.663105,41.963082],[47.66381,41.961043],[47.660964,41.958815],[47.653684,41.956805],[47.659405,41.95296],[47.666945,41.957687],[47.673178,41.957295],[47.674053,41.952881],[47.676051,41.951171],[47.672294,41.943767],[47.693979,41.936754],[47.69222,41.93518],[47.6928,41.933213],[47.709945,41.928128],[47.716,41.927576],[47.738406,41.936378],[47.747338,41.939002],[47.753198,41.938909],[47.774095,41.947942],[47.796749,41.949559],[47.802457,41.952928],[47.808691,41.960535],[47.815418,41.964596],[47.830134,41.961445],[47.837882,41.962822],[47.837249,41.96424],[47.840134,41.965175],[47.839053,41.967056],[47.841668,41.972434],[47.840127,41.975842],[47.858544,41.992846],[47.862731,41.991833],[47.862131,41.996714],[47.864409,41.996804],[47.862704,41.999931],[47.869228,42.003013],[47.86732,42.008188],[47.86566,42.008506],[47.867202,42.01017],[47.863842,42.011961],[47.866439,42.014522],[47.871564,42.010944],[47.87527,42.013055],[47.872878,42.015577],[47.875023,42.018367],[47.878959,42.014961],[47.901729,42.024136],[47.903157,42.026824],[47.924359,42.022001],[47.935607,42.028399],[47.943966,42.027128],[47.945427,42.025352],[47.950923,42.027633],[47.951569,42.033461],[47.952995,42.033144],[47.95645,42.041125],[47.961903,42.04813],[47.966938,42.059841],[47.964172,42.062303],[47.959507,42.073926],[47.962107,42.077626],[47.973256,42.080445],[47.977719,42.089157],[47.985994,42.093111],[47.993928,42.099617],[48.00589,42.110709],[48.006942,42.113877],[48.022268,42.121837],[48.025736,42.125782],[48.027336,42.124831],[48.029954,42.126389],[48.031623,42.124781],[48.031751,42.12988],[48.039334,42.136029],[48.051925,42.131593],[48.053137,42.133296],[48.052129,42.133745],[48.057735,42.139194],[48.047923,42.142306],[48.040107,42.149314],[48.038313,42.15418],[48.024347,42.1643],[48.017303,42.166417],[48.010173,42.163698],[48.007997,42.166689],[47.995435,42.163727],[47.996817,42.165461],[47.992599,42.168963],[48.007909,42.179431],[48.008951,42.183765],[48.006433,42.190765],[47.999632,42.195681],[47.990904,42.207272],[47.986467,42.209846],[47.979996,42.220196],[47.979719,42.228138],[47.978117,42.229723],[47.971767,42.228513],[47.952248,42.229659],[47.918222,42.227058],[47.907545,42.224451],[47.892089,42.228556],[47.883681,42.235149],[47.872971,42.23902],[47.868665,42.234169],[47.85134,42.232909],[47.840112,42.238773],[47.833924,42.233516],[47.816371,42.228992],[47.808947,42.224019],[47.800648,42.22323],[47.794726,42.226495],[47.777059,42.223083],[47.773838,42.223977],[47.775747,42.230412],[47.775779,42.238879],[47.768034,42.239998],[47.763034,42.233618],[47.756348,42.235018],[47.753871,42.232419],[47.755063,42.226846],[47.753044,42.223149],[47.748201,42.221536],[47.74815,42.230215],[47.73856,42.225158],[47.736197,42.229531],[47.740905,42.233858],[47.738471,42.234932],[47.733204,42.231392],[47.729883,42.232534],[47.729993,42.236318],[47.732016,42.238907],[47.741414,42.241662],[47.736821,42.24585],[47.735884,42.244524],[47.737881,42.243279],[47.733467,42.241227],[47.733025,42.247917],[47.737611,42.248896],[47.733894,42.25212],[47.724583,42.245533],[47.709078,42.243673],[47.707302,42.228146],[47.704082,42.229535],[47.711373,42.215762],[47.708212,42.211068],[47.708269,42.206198],[47.720132,42.207327],[47.720615,42.205592],[47.72381,42.207057],[47.730848,42.200506],[47.735683,42.198249],[47.736805,42.194954],[47.732099,42.190422],[47.733441,42.187726],[47.728282,42.183706],[47.735619,42.173601],[47.742667,42.187159],[47.749189,42.186194],[47.744555,42.176968],[47.745869,42.174892],[47.743825,42.174084],[47.74351,42.170536],[47.741688,42.171095],[47.742123,42.168561],[47.736844,42.163003],[47.7375,42.161783],[47.732405,42.160456],[47.730673,42.154528],[47.73757,42.153577],[47.73739,42.152007],[47.741808,42.153631],[47.744357,42.151944],[47.750616,42.142243],[47.75688,42.136048],[47.77549,42.12227],[47.771803,42.118173],[47.772244,42.102263],[47.765225,42.102805],[47.759283,42.105992],[47.752247,42.105535],[47.74634,42.102478],[47.74501,42.104389],[47.737588,42.103477],[47.725501,42.097603],[47.723384,42.093492],[47.719289,42.091415],[47.711858,42.092991],[47.696995,42.087828],[47.692677,42.088174],[47.691013,42.091097],[47.685777,42.092459],[47.682947,42.094991],[47.674799,42.097086],[47.669598,42.094748],[47.665005,42.096976],[47.670911,42.087344],[47.675657,42.083445],[47.672769,42.078375],[47.667164,42.07591],[47.665485,42.070429],[47.666739,42.067432],[47.671439,42.065566],[47.668907,42.061099],[47.67191,42.061903],[47.669522,42.058666],[47.661181,42.054723],[47.660891,42.04747],[47.667781,42.04274],[47.667,42.041644],[47.655968,42.044469],[47.655864,42.042294],[47.66671,42.039068],[47.669182,42.039678],[47.666556,42.034754],[47.659833,42.031813],[47.644525,42.035423],[47.643551,42.029549],[47.648832,42.024026],[47.648055,42.020802],[47.655578,42.021915],[47.654908,42.020807],[47.656642,42.019258],[47.655462,42.015908],[47.652789,42.015217],[47.648051,42.008594],[47.643196,42.007551],[47.645658,42.007131],[47.646053,42.003601],[47.644913,42.001234],[47.646192,42.000158],[47.643878,41.998012],[47.628377,41.995508],[47.628259,41.992194]]],[[[47.712413,42.096551],[47.72006,42.095246],[47.722103,42.096835],[47.71974,42.099429],[47.715596,42.100271],[47.712413,42.096551]]],[[[47.810702,41.960864],[47.809311,41.959021],[47.81062,41.958278],[47.810702,41.960864]]]]}},{"type":"Feature","id":"109876-434","properties":{"id":"109876-434","name":"Казбековский район","name_ru":"Казбековский район","subject_id":"109876","subject_name":"Дагестан","source_gid":434,"source_fid":529,"names_rosstat":"Казбековский муниципальный район","population":51954,"area_km2":599.5137768250509,"density_km2":86.66022701787074,"source":"Актуализированный объединённый GeoJSON, предоставленный преподавателем","name_en":"Kazbekovskii District","name_zh":"Kazbekovskii区","subject_name_en":"Dagestan","subject_name_zh":"达吉斯坦共和国"},"geometry":{"type":"MultiPolygon","coordinates":[[[[46.568953,42.93532],[46.554178,42.929214],[46.54669,42.930851],[46.5355,42.929366],[46.533578,42.92378],[46.514254,42.933223],[46.51126,42.934971],[46.510458,42.937489],[46.495571,42.945463],[46.493876,42.950798],[46.496501,42.955054],[46.495762,42.957507],[46.499934,42.962726],[46.497661,42.964355],[46.497286,42.974511],[46.49537,42.975454],[46.492173,42.982665],[46.487662,42.984178],[46.484283,42.988616],[46.484981,42.989741],[46.481517,42.992005],[46.477829,42.999834],[46.479082,43.005374],[46.471411,43.010086],[46.472622,43.012627],[46.469922,43.014527],[46.480644,43.018897],[46.492975,43.019565],[46.500816,43.018242],[46.506394,43.015224],[46.509321,43.016831],[46.504393,43.019949],[46.507134,43.026532],[46.521988,43.022995],[46.520907,43.028726],[46.510864,43.028313],[46.506351,43.032204],[46.5032,43.032217],[46.497679,43.024371],[46.492687,43.033454],[46.491709,43.039437],[46.498054,43.035776],[46.519771,43.042485],[46.524275,43.039154],[46.524,43.04287],[46.525663,43.044338],[46.525465,43.049486],[46.517794,43.066229],[46.506051,43.071907],[46.501136,43.071608],[46.506392,43.084649],[46.515132,43.084681],[46.520323,43.079737],[46.532065,43.078268],[46.530125,43.08469],[46.532726,43.087235],[46.526857,43.094348],[46.534709,43.10105],[46.541353,43.10145],[46.537673,43.116104],[46.550478,43.117296],[46.559432,43.14812],[46.570712,43.147941],[46.58327,43.14401],[46.58389,43.147695],[46.593506,43.139849],[46.624189,43.132545],[46.623503,43.130555],[46.619151,43.128162],[46.619215,43.127004],[46.622569,43.1269],[46.62078,43.119267],[46.615274,43.117549],[46.62914,43.114743],[46.634483,43.116882],[46.63837,43.110753],[46.644213,43.111038],[46.64665,43.113487],[46.64866,43.112256],[46.659726,43.11276],[46.656011,43.11402],[46.65735,43.114761],[46.656522,43.116452],[46.660937,43.115836],[46.659964,43.117403],[46.664663,43.118418],[46.668574,43.116308],[46.664755,43.11489],[46.670145,43.113299],[46.671559,43.115578],[46.674095,43.114136],[46.671318,43.112811],[46.675797,43.112872],[46.675487,43.113916],[46.677703,43.111708],[46.681268,43.113636],[46.677431,43.117119],[46.681697,43.117315],[46.686282,43.12059],[46.700516,43.118741],[46.704593,43.120375],[46.719304,43.121214],[46.722746,43.124299],[46.730456,43.125445],[46.736587,43.122497],[46.743668,43.12235],[46.743754,43.120291],[46.746425,43.119617],[46.747332,43.117568],[46.759041,43.115806],[46.764027,43.112797],[46.781889,43.117084],[46.784694,43.111954],[46.775923,43.109614],[46.775692,43.107745],[46.778233,43.104182],[46.784142,43.10291],[46.781386,43.10092],[46.791896,43.100321],[46.792689,43.098997],[46.789696,43.098922],[46.799893,43.096139],[46.805126,43.092311],[46.811998,43.091277],[46.804377,43.085033],[46.79492,43.081266],[46.79645,43.079997],[46.80724,43.080707],[46.813097,43.079043],[46.811981,43.07786],[46.820989,43.073737],[46.824798,43.064749],[46.829307,43.064831],[46.831482,43.066795],[46.831738,43.073224],[46.841624,43.083165],[46.854274,43.082597],[46.86803,43.079052],[46.869572,43.080326],[46.887691,43.072987],[46.887392,43.06485],[46.881476,43.052143],[46.882575,43.042339],[46.878071,43.027047],[46.865984,43.022451],[46.867545,43.018883],[46.86562,43.014332],[46.853491,43.010834],[46.852555,43.006354],[46.845911,43.004475],[46.844992,42.99942],[46.847619,42.995879],[46.852404,42.99484],[46.851759,42.991949],[46.85783,42.987573],[46.861676,42.986136],[46.864425,42.986918],[46.867629,42.984595],[46.864282,42.979944],[46.858172,42.977655],[46.854172,42.972856],[46.847313,42.973279],[46.841603,42.971622],[46.822079,42.974477],[46.8146,42.970933],[46.813681,42.971952],[46.806669,42.970458],[46.80456,42.971864],[46.798179,42.970045],[46.791576,42.975376],[46.787029,42.982255],[46.785724,42.980523],[46.780614,42.979684],[46.775876,42.97487],[46.776006,42.97252],[46.772441,42.970406],[46.776072,42.984702],[46.77082,42.987762],[46.762941,42.980198],[46.761662,42.96947],[46.746339,42.959359],[46.742685,42.960312],[46.732116,42.958145],[46.7365,42.954527],[46.735063,42.951402],[46.732057,42.948612],[46.729653,42.948648],[46.729247,42.946548],[46.724858,42.947299],[46.723904,42.94497],[46.718814,42.944504],[46.724229,42.942221],[46.716592,42.935982],[46.710782,42.935907],[46.704579,42.932814],[46.704874,42.92901],[46.698172,42.929415],[46.68818,42.925597],[46.677588,42.924159],[46.675147,42.921322],[46.655512,42.917609],[46.649822,42.914508],[46.645037,42.908648],[46.640763,42.909822],[46.635685,42.904783],[46.628693,42.88652],[46.652668,42.881383],[46.658466,42.877424],[46.670965,42.876188],[46.675347,42.872503],[46.6847,42.868767],[46.700385,42.866455],[46.716953,42.866893],[46.714158,42.85955],[46.716642,42.858049],[46.715541,42.854506],[46.717866,42.850454],[46.716343,42.846488],[46.69878,42.846261],[46.692991,42.850776],[46.689793,42.848977],[46.680173,42.850087],[46.664812,42.847647],[46.653757,42.844328],[46.643935,42.856564],[46.645646,42.859373],[46.643555,42.863863],[46.616112,42.873965],[46.611891,42.873875],[46.621954,42.876484],[46.628634,42.88644],[46.618259,42.883259],[46.61159,42.883735],[46.59916,42.889074],[46.593142,42.893392],[46.587122,42.906944],[46.591486,42.909105],[46.598306,42.920519],[46.597502,42.922369],[46.585856,42.929018],[46.586258,42.935187],[46.582911,42.933667],[46.568953,42.93532]]],[[[46.693718,42.925041],[46.695505,42.925752],[46.697227,42.924374],[46.693083,42.921912],[46.693718,42.925041]]],[[[46.70099,42.921019],[46.699437,42.918972],[46.69801,42.92019],[46.699255,42.921294],[46.70099,42.921019]]],[[[46.763778,42.914949],[46.769915,42.915782],[46.770687,42.913629],[46.763048,42.912702],[46.763778,42.914949]]],[[[46.966343,43.429482],[46.979441,43.430322],[46.979529,43.440448],[46.984611,43.445615],[46.989118,43.443867],[47.001095,43.43088],[46.98453,43.41682],[46.98335,43.41453],[46.985267,43.411037],[46.943197,43.41204],[46.966343,43.429482]]],[[[47.117108,43.49757],[47.132168,43.496799],[47.132986,43.493208],[47.11594,43.490326],[47.115389,43.495014],[47.117108,43.49757]]]]}},{"type":"Feature","id":"109876-435","properties":{"id":"109876-435","name":"Дербентский район","name_ru":"Дербентский район","subject_id":"109876","subject_name":"Дагестан","source_gid":435,"source_fid":530,"names_rosstat":"Дербентский муниципальный район","population":101229,"area_km2":825.079126693775,"density_km2":122.69005083868853,"source":"Актуализированный объединённый GeoJSON, предоставленный преподавателем","name_en":"Derbentskii District","name_zh":"Derbentskii区","subject_name_en":"Dagestan","subject_name_zh":"达吉斯坦共和国"},"geometry":{"type":"Polygon","coordinates":[[[47.97811,42.229219],[47.996673,42.238894],[48.008624,42.238388],[48.016173,42.240632],[48.019509,42.243274],[48.022106,42.2488],[48.018281,42.258417],[48.021323,42.261095],[48.027198,42.262114],[48.027538,42.264863],[48.029877,42.266592],[48.04204,42.271993],[48.034714,42.291197],[48.052911,42.296662],[48.039255,42.314246],[48.048585,42.314671],[48.070233,42.322284],[48.072993,42.317585],[48.081153,42.314254],[48.077764,42.30826],[48.078062,42.305542],[48.092433,42.299785],[48.107614,42.306961],[48.102399,42.316986],[48.104115,42.317777],[48.114109,42.306943],[48.130771,42.28204],[48.132705,42.282675],[48.133035,42.28476],[48.131275,42.285076],[48.133614,42.286913],[48.143841,42.271018],[48.20727,42.190084],[48.229155,42.150251],[48.240518,42.136035],[48.236774,42.134751],[48.232668,42.127937],[48.227982,42.125995],[48.224479,42.129783],[48.211509,42.12304],[48.21241,42.120424],[48.214599,42.11939],[48.22398,42.124014],[48.234197,42.1214],[48.237453,42.128299],[48.241278,42.123441],[48.244808,42.125236],[48.246095,42.122228],[48.248042,42.123079],[48.253228,42.11828],[48.243552,42.112271],[48.240932,42.113223],[48.235207,42.108768],[48.249183,42.101296],[48.250516,42.101998],[48.254075,42.096612],[48.258334,42.097387],[48.269131,42.090298],[48.267491,42.086648],[48.270259,42.079126],[48.268873,42.077043],[48.266896,42.078001],[48.270916,42.068912],[48.266716,42.06722],[48.271107,42.058217],[48.265654,42.057116],[48.270047,42.047994],[48.271431,42.047349],[48.27472,42.050093],[48.280535,42.045277],[48.287063,42.037146],[48.289558,42.029237],[48.298234,42.031519],[48.302282,42.03062],[48.301696,42.03436],[48.305804,42.035155],[48.307679,42.026248],[48.304846,42.025882],[48.30829,42.021466],[48.318525,42.02377],[48.319716,42.021546],[48.323922,42.022431],[48.328203,42.014061],[48.3334,42.014069],[48.333519,42.008223],[48.335478,42.008305],[48.343097,41.994358],[48.346359,41.987596],[48.348628,41.976913],[48.362441,41.956352],[48.370284,41.94846],[48.396135,41.930529],[48.417404,41.921155],[48.454913,41.91178],[48.471143,41.910525],[48.490682,41.913933],[48.4867,41.910541],[48.484039,41.905216],[48.478997,41.907467],[48.477001,41.906621],[48.478825,41.9029],[48.487934,41.901263],[48.486937,41.899943],[48.488325,41.895474],[48.485672,41.890615],[48.479589,41.888582],[48.477976,41.88614],[48.48117,41.883387],[48.473704,41.87767],[48.476466,41.875011],[48.475218,41.864116],[48.466695,41.853343],[48.467338,41.8488],[48.465216,41.843328],[48.455653,41.834585],[48.453078,41.836404],[48.448055,41.835085],[48.447038,41.836897],[48.448465,41.8387],[48.446621,41.839177],[48.436335,41.834043],[48.427642,41.834624],[48.426939,41.832958],[48.429578,41.831292],[48.422687,41.828363],[48.42507,41.837016],[48.43049,41.844816],[48.428813,41.84674],[48.41767,41.850695],[48.399967,41.848929],[48.400631,41.846999],[48.406212,41.847401],[48.40929,41.841017],[48.410617,41.843407],[48.414094,41.843518],[48.413653,41.834438],[48.417579,41.830002],[48.414678,41.82423],[48.381038,41.82585],[48.357804,41.834144],[48.354332,41.837842],[48.354805,41.842229],[48.358174,41.846703],[48.363324,41.847348],[48.361769,41.850565],[48.365768,41.854059],[48.363536,41.856901],[48.360444,41.858005],[48.356276,41.85665],[48.353473,41.859601],[48.350247,41.858506],[48.347117,41.861774],[48.335113,41.853555],[48.304444,41.877317],[48.295936,41.877422],[48.298967,41.872501],[48.277262,41.853045],[48.270761,41.854667],[48.254743,41.851167],[48.230501,41.852373],[48.217385,41.862258],[48.207386,41.863552],[48.187408,41.873955],[48.17639,41.87707],[48.162131,41.890937],[48.152754,41.89517],[48.137034,41.913394],[48.133962,41.919058],[48.176637,41.925478],[48.173257,41.933149],[48.190881,41.933951],[48.198285,41.924651],[48.208328,41.920738],[48.20847,41.919462],[48.202973,41.919869],[48.204534,41.917618],[48.219879,41.91498],[48.226397,41.90726],[48.229144,41.911196],[48.223071,41.920194],[48.207684,41.924305],[48.201238,41.928982],[48.202246,41.930443],[48.199446,41.934474],[48.175414,41.944362],[48.163457,41.957269],[48.147606,41.990576],[48.137838,41.999614],[48.107324,41.998657],[48.10693,41.995721],[48.1046,41.996023],[48.10583,41.989842],[48.099241,41.993627],[48.10019,41.995886],[48.098779,42.000948],[48.08571,41.999504],[48.086871,42.011707],[48.089428,42.016342],[48.088259,42.016222],[48.087063,42.027074],[48.084673,42.030775],[48.086446,42.040738],[48.082857,42.042917],[48.082512,42.045075],[48.078994,42.046065],[48.079113,42.051354],[48.069951,42.064434],[48.070987,42.068866],[48.07562,42.072617],[48.071752,42.074487],[48.076376,42.081216],[48.074219,42.094966],[48.075271,42.100913],[48.088991,42.113513],[48.090646,42.122203],[48.079927,42.115972],[48.073704,42.117576],[48.07371,42.116307],[48.070003,42.117811],[48.065765,42.116888],[48.061827,42.118869],[48.057061,42.113042],[48.052805,42.098788],[48.042494,42.098413],[48.033652,42.092592],[48.025275,42.091046],[48.023184,42.088982],[48.01917,42.092664],[48.015972,42.100387],[48.00308,42.10016],[48.004631,42.104079],[48.008656,42.106648],[48.00589,42.110709],[48.006942,42.113877],[48.022268,42.121837],[48.025736,42.125782],[48.027336,42.124831],[48.029954,42.126389],[48.031623,42.124781],[48.031751,42.12988],[48.039334,42.136029],[48.051925,42.131593],[48.053137,42.133296],[48.052129,42.133745],[48.057735,42.139194],[48.047923,42.142306],[48.040107,42.149314],[48.038313,42.15418],[48.024347,42.1643],[48.017303,42.166417],[48.010173,42.163698],[48.007997,42.166689],[47.995435,42.163727],[47.996817,42.165461],[47.992599,42.168963],[48.007909,42.179431],[48.008951,42.183765],[48.006433,42.190765],[47.999632,42.195681],[47.990904,42.207272],[47.986467,42.209846],[47.979779,42.220763],[47.979719,42.228138],[47.97811,42.229219]],[[48.137052,42.237157],[48.145198,42.236269],[48.147645,42.239529],[48.145282,42.243187],[48.137871,42.240724],[48.139076,42.239735],[48.136338,42.23866],[48.137052,42.237157]],[[48.161141,42.119022],[48.177157,42.110037],[48.171736,42.104976],[48.198724,42.103308],[48.206955,42.099856],[48.208146,42.104893],[48.215112,42.113737],[48.220162,42.117517],[48.194818,42.1253],[48.197519,42.131735],[48.186274,42.1389],[48.177654,42.136204],[48.17417,42.13179],[48.168691,42.133491],[48.169218,42.129677],[48.161141,42.119022]],[[48.303004,41.930828],[48.312827,41.930163],[48.319774,41.920008],[48.328604,41.91903],[48.335527,41.903054],[48.337182,41.902775],[48.336879,41.905236],[48.343406,41.908899],[48.344049,41.906079],[48.346443,41.904999],[48.362473,41.905673],[48.36479,41.903579],[48.372661,41.901637],[48.379589,41.892735],[48.385012,41.894121],[48.383297,41.89655],[48.385303,41.906075],[48.389337,41.91297],[48.394355,41.917726],[48.39522,41.922277],[48.395344,41.927925],[48.387644,41.932978],[48.385048,41.930155],[48.382079,41.931355],[48.38003,41.936028],[48.370651,41.943323],[48.359421,41.955642],[48.317651,41.948715],[48.321147,41.940542],[48.318568,41.93973],[48.314341,41.943259],[48.311166,41.942779],[48.308478,41.947226],[48.303592,41.947282],[48.302663,41.936872],[48.300775,41.935897],[48.303004,41.930828]]]}},{"type":"Feature","id":"109876-436","properties":{"id":"109876-436","name":"Дахадаевский район","name_ru":"Дахадаевский район","subject_id":"109876","subject_name":"Дагестан","source_gid":436,"source_fid":531,"names_rosstat":"Дахадаевский муниципальный район","population":36449,"area_km2":745.5804551924043,"density_km2":48.88674286746691,"source":"Актуализированный объединённый GeoJSON, предоставленный преподавателем","name_en":"Dakhadaevskii District","name_zh":"Dakhadaevskii区","subject_name_en":"Dagestan","subject_name_zh":"达吉斯坦共和国"},"geometry":{"type":"MultiPolygon","coordinates":[[[[47.378432,41.932983],[47.372746,41.949212],[47.375911,41.952173],[47.382159,41.953831],[47.395466,41.969381],[47.407338,41.97566],[47.403456,41.980615],[47.407113,41.982874],[47.405696,41.984682],[47.401608,41.98525],[47.401961,41.989238],[47.395995,41.992199],[47.395289,41.996506],[47.392657,41.999033],[47.398599,42.003698],[47.402305,42.011408],[47.425088,42.014926],[47.427758,42.017638],[47.431973,42.017535],[47.436191,42.021786],[47.432041,42.024968],[47.43295,42.030474],[47.427881,42.036998],[47.42922,42.045948],[47.426359,42.04515],[47.420283,42.046805],[47.419098,42.051195],[47.423455,42.050551],[47.425603,42.05294],[47.423677,42.053164],[47.423994,42.054848],[47.43187,42.057506],[47.432964,42.060354],[47.428826,42.061494],[47.432386,42.064451],[47.431626,42.066524],[47.426322,42.069416],[47.432304,42.077878],[47.428693,42.076847],[47.425675,42.078755],[47.428467,42.088151],[47.418115,42.090575],[47.42913,42.101665],[47.426289,42.103498],[47.428054,42.104729],[47.426204,42.107002],[47.431129,42.107017],[47.42779,42.10939],[47.428623,42.111793],[47.426811,42.114942],[47.428899,42.115237],[47.426722,42.115748],[47.428934,42.117853],[47.426639,42.117208],[47.425025,42.130424],[47.425809,42.132383],[47.427029,42.131876],[47.427275,42.129037],[47.429963,42.136127],[47.423235,42.141047],[47.426803,42.141674],[47.434835,42.147139],[47.444377,42.149175],[47.464325,42.149144],[47.466669,42.155592],[47.473641,42.161681],[47.473801,42.16599],[47.477289,42.170248],[47.479178,42.185707],[47.476687,42.190866],[47.4757,42.19883],[47.476612,42.203003],[47.479402,42.20491],[47.476498,42.223883],[47.465615,42.247319],[47.466007,42.252433],[47.469648,42.256939],[47.480549,42.25965],[47.491963,42.255325],[47.500098,42.254429],[47.50435,42.250567],[47.508299,42.249896],[47.510553,42.245108],[47.517482,42.240611],[47.52728,42.246843],[47.532693,42.253772],[47.540721,42.249215],[47.541318,42.25569],[47.544029,42.255949],[47.54619,42.253099],[47.54464,42.251322],[47.546237,42.247089],[47.544588,42.243817],[47.552559,42.237176],[47.553945,42.231095],[47.574004,42.229381],[47.570185,42.234092],[47.571846,42.244849],[47.582706,42.25083],[47.589113,42.25023],[47.602049,42.244276],[47.595048,42.236351],[47.60815,42.229731],[47.612074,42.224564],[47.614119,42.22406],[47.621145,42.227525],[47.632758,42.236941],[47.63937,42.238181],[47.641401,42.233075],[47.650485,42.239336],[47.664976,42.242962],[47.667474,42.24574],[47.665467,42.248449],[47.679464,42.250169],[47.686278,42.24517],[47.677414,42.242817],[47.675933,42.24591],[47.671247,42.243541],[47.672241,42.238279],[47.6686,42.235835],[47.670002,42.227366],[47.66496,42.223514],[47.665731,42.219917],[47.664274,42.216073],[47.654419,42.212814],[47.646091,42.20416],[47.648126,42.203903],[47.646648,42.200075],[47.649947,42.197157],[47.657945,42.196027],[47.661541,42.197529],[47.659028,42.197734],[47.660244,42.199341],[47.663007,42.199413],[47.666006,42.198414],[47.666486,42.195906],[47.668612,42.195859],[47.684525,42.200803],[47.698577,42.211827],[47.700568,42.210457],[47.703665,42.211551],[47.703597,42.213466],[47.711373,42.215762],[47.708212,42.211068],[47.708269,42.206198],[47.720132,42.207327],[47.720615,42.205592],[47.72381,42.207057],[47.730848,42.200506],[47.735683,42.198249],[47.736805,42.194954],[47.732099,42.190422],[47.733441,42.187726],[47.728282,42.183706],[47.735619,42.173601],[47.742667,42.187159],[47.749189,42.186194],[47.744555,42.176968],[47.745869,42.174892],[47.743825,42.174084],[47.74351,42.170536],[47.741688,42.171095],[47.742123,42.168561],[47.736844,42.163003],[47.7375,42.161783],[47.732405,42.160456],[47.730673,42.154528],[47.73757,42.153577],[47.73739,42.152007],[47.741808,42.153631],[47.744357,42.151944],[47.750616,42.142243],[47.75688,42.136048],[47.77549,42.12227],[47.771803,42.118173],[47.772244,42.102263],[47.765225,42.102805],[47.759283,42.105992],[47.752247,42.105535],[47.74634,42.102478],[47.74501,42.104389],[47.737588,42.103477],[47.725501,42.097603],[47.723384,42.093492],[47.719289,42.091415],[47.711858,42.092991],[47.696995,42.087828],[47.692677,42.088174],[47.691013,42.091097],[47.685777,42.092459],[47.682947,42.094991],[47.674799,42.097086],[47.669598,42.094748],[47.665005,42.096976],[47.670911,42.087344],[47.675657,42.083445],[47.672769,42.078375],[47.667164,42.07591],[47.665485,42.070429],[47.666739,42.067432],[47.671439,42.065566],[47.668907,42.061099],[47.67191,42.061903],[47.669522,42.058666],[47.661181,42.054723],[47.660891,42.04747],[47.667781,42.04274],[47.667,42.041644],[47.655968,42.044469],[47.655864,42.042294],[47.66671,42.039068],[47.669182,42.039678],[47.666556,42.034754],[47.659833,42.031813],[47.644525,42.035423],[47.643551,42.029549],[47.648832,42.024026],[47.648055,42.020802],[47.655578,42.021915],[47.654908,42.020807],[47.656642,42.019258],[47.655462,42.015908],[47.652789,42.015217],[47.648051,42.008594],[47.643196,42.007551],[47.645658,42.007131],[47.646053,42.003601],[47.644913,42.001234],[47.646192,42.000158],[47.643878,41.998012],[47.628377,41.995508],[47.628259,41.992194],[47.634422,41.98936],[47.634128,41.985578],[47.636902,41.982078],[47.635511,41.980439],[47.643714,41.978321],[47.649269,41.974998],[47.651271,41.971631],[47.651183,41.967935],[47.632387,41.967563],[47.624651,41.969954],[47.623914,41.977409],[47.617618,41.983835],[47.613423,41.985613],[47.595471,41.984666],[47.58495,41.979622],[47.577921,41.974796],[47.579015,41.970768],[47.566876,41.962427],[47.561639,41.964451],[47.558809,41.962423],[47.561505,41.957851],[47.560558,41.952668],[47.549099,41.947963],[47.550477,41.946035],[47.547955,41.942675],[47.544132,41.94184],[47.545734,41.940783],[47.544699,41.938751],[47.539011,41.937543],[47.537667,41.933249],[47.528519,41.928794],[47.518797,41.929785],[47.513655,41.928256],[47.51317,41.923189],[47.518066,41.918841],[47.514927,41.908097],[47.517101,41.906044],[47.52133,41.88954],[47.515733,41.886611],[47.510288,41.881165],[47.510108,41.877353],[47.502849,41.870508],[47.491028,41.868111],[47.479247,41.868536],[47.472513,41.873417],[47.468572,41.873758],[47.47309,41.881137],[47.478744,41.885193],[47.480313,41.890069],[47.479865,41.899873],[47.474658,41.901417],[47.474431,41.904489],[47.464111,41.903762],[47.458029,41.90585],[47.451642,41.904843],[47.445406,41.910348],[47.439348,41.910927],[47.418613,41.90619],[47.416649,41.904052],[47.402081,41.904109],[47.39623,41.89865],[47.388631,41.899405],[47.379476,41.896438],[47.374439,41.904271],[47.372352,41.905001],[47.368104,41.92475],[47.378432,41.932983]],[[47.511388,42.205128],[47.519356,42.19993],[47.522101,42.199616],[47.525591,42.202008],[47.525871,42.204264],[47.522218,42.210088],[47.518346,42.210579],[47.511236,42.207709],[47.511388,42.205128]],[[47.712413,42.096551],[47.72006,42.095246],[47.722103,42.096835],[47.71974,42.099429],[47.715596,42.100271],[47.712413,42.096551]]],[[[48.211733,42.123166],[48.224479,42.129783],[48.227982,42.125995],[48.214599,42.11939],[48.21241,42.120424],[48.211733,42.123166]]],[[[48.138822,42.239956],[48.137871,42.240724],[48.145282,42.243187],[48.147645,42.239529],[48.145777,42.236655],[48.143262,42.236003],[48.137052,42.237157],[48.136338,42.23866],[48.138822,42.239956]]],[[[47.91391,42.373295],[47.919553,42.371543],[47.92665,42.364548],[47.931174,42.363532],[47.927014,42.359859],[47.927312,42.35847],[47.925533,42.357807],[47.918763,42.360723],[47.919709,42.358027],[47.916907,42.358759],[47.916562,42.360881],[47.912365,42.360388],[47.91478,42.364862],[47.908996,42.369395],[47.91391,42.373295]]]]}},{"type":"Feature","id":"109876-437","properties":{"id":"109876-437","name":"Гунибский район","name_ru":"Гунибский район","subject_id":"109876","subject_name":"Дагестан","source_gid":437,"source_fid":532,"names_rosstat":"Гунибский муниципальный район","population":30368,"area_km2":615.4400010421248,"density_km2":49.34355899612936,"source":"Актуализированный объединённый GeoJSON, предоставленный преподавателем","name_en":"Gunibskii District","name_zh":"Gunibskii区","subject_name_en":"Dagestan","subject_name_zh":"达吉斯坦共和国"},"geometry":{"type":"MultiPolygon","coordinates":[[[[46.750592,43.412744],[46.756565,43.410503],[46.769715,43.411381],[46.773044,43.415074],[46.783976,43.419333],[46.793898,43.420361],[46.793202,43.40703],[46.789664,43.401302],[46.767487,43.394815],[46.745677,43.400351],[46.750592,43.412744]]],[[[46.752934,42.375345],[46.757553,42.379068],[46.762225,42.388936],[46.750565,42.391466],[46.753569,42.400076],[46.751731,42.411726],[46.753883,42.418241],[46.752449,42.423332],[46.758005,42.4267],[46.758903,42.432008],[46.763946,42.428746],[46.78238,42.437344],[46.786894,42.446447],[46.781211,42.450375],[46.779041,42.455376],[46.775861,42.457617],[46.770246,42.460909],[46.750371,42.466554],[46.749143,42.469832],[46.765913,42.470843],[46.764622,42.474959],[46.759488,42.479092],[46.758463,42.48213],[46.758017,42.486678],[46.760602,42.490065],[46.789208,42.488246],[46.796211,42.482024],[46.80679,42.49376],[46.808961,42.491832],[46.812296,42.493101],[46.817414,42.48965],[46.840029,42.486928],[46.841856,42.480817],[46.844554,42.479634],[46.850511,42.470907],[46.853276,42.469963],[46.857054,42.471922],[46.874476,42.47299],[46.875839,42.477732],[46.884117,42.488283],[46.88937,42.489386],[46.890877,42.485479],[46.893769,42.483627],[46.899907,42.482612],[46.900921,42.479953],[46.910455,42.476986],[46.91476,42.471179],[46.914924,42.467791],[46.920682,42.464966],[46.915346,42.457239],[46.92195,42.455661],[46.91917,42.452468],[46.922166,42.444447],[46.965009,42.432703],[46.984771,42.428944],[46.988997,42.433328],[47.013088,42.442598],[47.017829,42.446028],[47.024085,42.44269],[47.034469,42.440559],[47.041054,42.435092],[47.042762,42.430254],[47.046047,42.428786],[47.069217,42.424254],[47.115825,42.392055],[47.107588,42.385535],[47.10813,42.384274],[47.104094,42.384211],[47.105002,42.382379],[47.102134,42.377484],[47.103037,42.376139],[47.09969,42.375864],[47.095599,42.369953],[47.097376,42.365547],[47.086613,42.339214],[47.094888,42.335341],[47.090528,42.326347],[47.093717,42.313743],[47.096459,42.311155],[47.097635,42.306603],[47.093451,42.299962],[47.084602,42.301751],[47.083722,42.300613],[47.073791,42.303522],[47.071404,42.300778],[47.074071,42.292213],[47.071733,42.291653],[47.077037,42.287996],[47.077213,42.284843],[47.0698,42.283199],[47.070731,42.279485],[47.078761,42.276678],[47.085222,42.276413],[47.087553,42.27251],[47.081768,42.269101],[47.081764,42.266302],[47.079298,42.26412],[47.07997,42.260232],[47.073462,42.260605],[47.063526,42.267065],[47.054719,42.265254],[47.060942,42.257023],[47.062635,42.250744],[47.066814,42.247557],[47.069426,42.242287],[47.07986,42.234515],[47.077902,42.2321],[47.070203,42.226343],[47.066816,42.227072],[47.062916,42.223908],[47.042326,42.222039],[47.04469,42.224817],[47.038472,42.231465],[47.033901,42.230871],[47.026376,42.236736],[47.022974,42.234507],[47.018182,42.238019],[47.01434,42.23778],[47.016444,42.234475],[47.011848,42.23418],[47.008933,42.232166],[47.00464,42.233346],[46.996523,42.229204],[46.988256,42.228589],[46.97259,42.223829],[46.960315,42.213564],[46.961094,42.210877],[46.958684,42.208376],[46.963605,42.204943],[46.97237,42.204223],[46.963254,42.198356],[46.952146,42.196687],[46.951338,42.191052],[46.94849,42.190512],[46.94275,42.183134],[46.93398,42.176696],[46.93203,42.178546],[46.933999,42.183357],[46.931702,42.184728],[46.930346,42.192965],[46.92408,42.194815],[46.923072,42.197916],[46.92049,42.198853],[46.920774,42.202564],[46.918568,42.20652],[46.910247,42.21323],[46.893535,42.218105],[46.885697,42.223269],[46.886691,42.229847],[46.884849,42.233699],[46.886583,42.236683],[46.886665,42.244713],[46.891409,42.249289],[46.890779,42.252321],[46.894311,42.258302],[46.898676,42.259601],[46.896933,42.264591],[46.890858,42.267527],[46.878122,42.269523],[46.866344,42.273542],[46.840589,42.274113],[46.842761,42.277403],[46.846779,42.278143],[46.854057,42.28366],[46.859037,42.285243],[46.866977,42.291767],[46.852262,42.297039],[46.839064,42.297664],[46.839824,42.293802],[46.830805,42.294487],[46.827427,42.299473],[46.831069,42.29979],[46.835275,42.304294],[46.847012,42.308304],[46.851872,42.315895],[46.853256,42.321491],[46.833744,42.321457],[46.83083,42.317464],[46.825799,42.316384],[46.825871,42.319325],[46.814046,42.319893],[46.815082,42.33174],[46.808986,42.332007],[46.805622,42.330183],[46.80089,42.3318],[46.790747,42.330512],[46.777231,42.336918],[46.772769,42.340628],[46.766947,42.340355],[46.75552,42.348517],[46.745924,42.348558],[46.745223,42.364667],[46.750648,42.369248],[46.752934,42.375345]]]]}},{"type":"Feature","id":"109876-440","properties":{"id":"109876-440","name":"Гумбетовский район","name_ru":"Гумбетовский район","subject_id":"109876","subject_name":"Дагестан","source_gid":440,"source_fid":537,"names_rosstat":"Гумбетовский муниципальный район","population":21607,"area_km2":737.0905182558594,"density_km2":29.313903061902856,"source":"Актуализированный объединённый GeoJSON, предоставленный преподавателем","name_en":"Gumbetovskii District","name_zh":"Gumbetovskii区","subject_name_en":"Dagestan","subject_name_zh":"达吉斯坦共和国"},"geometry":{"type":"MultiPolygon","coordinates":[[[[46.56034,42.685507],[46.553255,42.69071],[46.553474,42.692773],[46.551213,42.692582],[46.55279,42.694128],[46.549689,42.694463],[46.542698,42.682746],[46.53268,42.67811],[46.528754,42.67008],[46.521783,42.667936],[46.521427,42.670139],[46.523264,42.671117],[46.520729,42.67106],[46.514084,42.665587],[46.511324,42.668101],[46.512887,42.669403],[46.511787,42.671196],[46.505258,42.676627],[46.501318,42.67752],[46.494174,42.675194],[46.489526,42.676495],[46.488957,42.677987],[46.492769,42.68227],[46.500336,42.683016],[46.501289,42.685099],[46.490815,42.687914],[46.486311,42.685838],[46.481772,42.688987],[46.476746,42.689789],[46.465739,42.685931],[46.438186,42.684698],[46.426085,42.68547],[46.420041,42.688845],[46.415452,42.68627],[46.380267,42.689574],[46.383578,42.698244],[46.386973,42.702183],[46.38863,42.700979],[46.388123,42.704658],[46.393599,42.712008],[46.388205,42.715346],[46.388542,42.716864],[46.384448,42.717924],[46.383483,42.723246],[46.385987,42.726823],[46.378622,42.728818],[46.382339,42.730225],[46.382836,42.73326],[46.386181,42.733647],[46.385879,42.740186],[46.381648,42.743042],[46.383243,42.749451],[46.38119,42.752017],[46.380684,42.758403],[46.384119,42.764573],[46.381785,42.764224],[46.374297,42.77224],[46.368291,42.773138],[46.366482,42.77655],[46.368044,42.779049],[46.360041,42.788014],[46.360419,42.792103],[46.346653,42.8036],[46.336597,42.809467],[46.330161,42.81956],[46.328192,42.830449],[46.339162,42.833313],[46.358218,42.832473],[46.362538,42.838279],[46.366762,42.839705],[46.367669,42.841604],[46.379336,42.845374],[46.394195,42.854027],[46.429115,42.857844],[46.43374,42.860333],[46.436647,42.865716],[46.442369,42.869042],[46.448264,42.877745],[46.438144,42.881011],[46.438952,42.886546],[46.45053,42.889752],[46.453674,42.893319],[46.465165,42.897057],[46.490299,42.91144],[46.499513,42.914831],[46.526166,42.915823],[46.53233,42.920834],[46.5355,42.929366],[46.54669,42.930851],[46.555349,42.929342],[46.568953,42.93532],[46.582911,42.933667],[46.586258,42.935187],[46.585856,42.929018],[46.597502,42.922369],[46.598306,42.920519],[46.591486,42.909105],[46.587122,42.906944],[46.593142,42.893392],[46.59916,42.889074],[46.61159,42.883735],[46.618259,42.883259],[46.628634,42.88644],[46.621954,42.876484],[46.611891,42.873875],[46.616112,42.873965],[46.643555,42.863863],[46.645646,42.859373],[46.643935,42.856564],[46.653757,42.844328],[46.664812,42.847647],[46.680173,42.850087],[46.689793,42.848977],[46.692991,42.850776],[46.69878,42.846261],[46.716343,42.846488],[46.717866,42.850454],[46.715541,42.854506],[46.716642,42.858049],[46.714158,42.85955],[46.716953,42.866893],[46.730229,42.863582],[46.73781,42.858163],[46.746332,42.857318],[46.770877,42.849689],[46.818932,42.859401],[46.848304,42.87495],[46.862093,42.883732],[46.865585,42.887756],[46.874124,42.889927],[46.889921,42.906616],[46.892586,42.912514],[46.900033,42.914649],[46.895666,42.903442],[46.895582,42.898642],[46.890569,42.888979],[46.885032,42.883832],[46.885309,42.880945],[46.877821,42.871466],[46.883768,42.867362],[46.881944,42.86508],[46.874057,42.859999],[46.866719,42.8607],[46.862296,42.859184],[46.866598,42.855479],[46.866151,42.847979],[46.859967,42.846213],[46.856933,42.842912],[46.850468,42.840304],[46.845184,42.828798],[46.830921,42.82449],[46.827861,42.816406],[46.80921,42.814454],[46.798093,42.809803],[46.795203,42.794851],[46.797424,42.787944],[46.791239,42.787203],[46.788242,42.781449],[46.782812,42.783242],[46.777018,42.780776],[46.771753,42.782779],[46.762273,42.780078],[46.759198,42.78184],[46.756498,42.778943],[46.747878,42.775717],[46.746911,42.779482],[46.740131,42.7798],[46.73774,42.777096],[46.734992,42.780104],[46.723633,42.783232],[46.719838,42.780735],[46.712867,42.781176],[46.711334,42.783713],[46.70812,42.784284],[46.703718,42.780248],[46.694447,42.783237],[46.688823,42.780035],[46.681939,42.782508],[46.676261,42.775101],[46.677846,42.7713],[46.677062,42.765376],[46.665351,42.762562],[46.666743,42.759639],[46.66624,42.754855],[46.671252,42.750258],[46.669309,42.748835],[46.670715,42.747821],[46.666388,42.747916],[46.657611,42.743498],[46.64837,42.736521],[46.643405,42.735844],[46.644485,42.738878],[46.617536,42.732174],[46.652302,42.727697],[46.646825,42.724461],[46.651819,42.723754],[46.668224,42.7161],[46.673825,42.711662],[46.669097,42.703232],[46.668033,42.696466],[46.664015,42.691586],[46.664262,42.689309],[46.659467,42.688772],[46.658226,42.678712],[46.663366,42.664847],[46.66181,42.662215],[46.667328,42.660762],[46.665963,42.654087],[46.696458,42.644792],[46.688116,42.635873],[46.67662,42.639309],[46.673306,42.63763],[46.674362,42.64296],[46.663517,42.649122],[46.665127,42.652045],[46.657752,42.65541],[46.641799,42.657232],[46.640589,42.660061],[46.641648,42.663971],[46.64004,42.666505],[46.635681,42.666956],[46.637026,42.668112],[46.627121,42.669448],[46.61914,42.668497],[46.61087,42.664009],[46.606019,42.659802],[46.605291,42.657044],[46.597112,42.663302],[46.585472,42.668775],[46.579539,42.67038],[46.574722,42.669441],[46.569523,42.673137],[46.571315,42.680294],[46.566584,42.681455],[46.56789,42.683561],[46.56034,42.685507]]],[[[46.646383,43.526102],[46.657145,43.534623],[46.668805,43.557624],[46.697496,43.567948],[46.699686,43.554295],[46.699061,43.517244],[46.70052,43.510489],[46.65642,43.503433],[46.643995,43.504223],[46.628938,43.507904],[46.639795,43.516019],[46.646383,43.526102]]],[[[46.672305,43.486543],[46.681596,43.492856],[46.684568,43.487313],[46.68683,43.48647],[46.679601,43.482596],[46.678915,43.480614],[46.672305,43.486543]]],[[[46.752074,43.63166],[46.757469,43.617903],[46.75674,43.614143],[46.757894,43.61358],[46.756066,43.611123],[46.750374,43.606154],[46.73961,43.606035],[46.739429,43.613413],[46.733226,43.613493],[46.733451,43.623493],[46.739928,43.624139],[46.749046,43.631798],[46.752074,43.63166]]],[[[46.76848,43.627479],[46.757475,43.624564],[46.755458,43.626705],[46.755573,43.629096],[46.759161,43.630253],[46.760971,43.63292],[46.763928,43.63139],[46.766328,43.632543],[46.772125,43.631307],[46.76848,43.627479]]],[[[46.845932,43.612984],[46.856411,43.609715],[46.864007,43.609335],[46.867483,43.610438],[46.870991,43.617405],[46.874532,43.619006],[46.898704,43.611409],[46.901928,43.614147],[46.914153,43.615301],[46.913767,43.619161],[46.917297,43.620505],[46.921974,43.619145],[46.923605,43.616303],[46.926656,43.618766],[46.919004,43.583036],[46.835295,43.601125],[46.845932,43.612984]]],[[[47.038978,43.536942],[47.047763,43.538682],[47.048224,43.535102],[47.052317,43.532135],[47.050394,43.531053],[47.043978,43.532593],[47.038978,43.536942]]]]}},{"type":"Feature","id":"109876-441","properties":{"id":"109876-441","name":"Гергебильский район","name_ru":"Гергебильский район","subject_id":"109876","subject_name":"Дагестан","source_gid":441,"source_fid":538,"names_rosstat":"Гергебильский муниципальный район","population":20572,"area_km2":347.377873419397,"density_km2":59.22081276363554,"source":"Актуализированный объединённый GeoJSON, предоставленный преподавателем","name_en":"Gergebil'skii District","name_zh":"Gergebil'skii区","subject_name_en":"Dagestan","subject_name_zh":"达吉斯坦共和国"},"geometry":{"type":"Polygon","coordinates":[[[46.832321,42.614123],[46.846038,42.600437],[46.852021,42.596917],[46.849907,42.592424],[46.852482,42.590056],[46.849496,42.586346],[46.84668,42.587982],[46.838503,42.583922],[46.87233,42.566294],[46.868509,42.551929],[46.873385,42.553933],[46.875973,42.549725],[46.870982,42.543873],[46.871442,42.54153],[46.887892,42.543287],[46.890308,42.535513],[46.899068,42.536702],[46.899711,42.534032],[46.904148,42.531455],[46.901012,42.529661],[46.908358,42.527773],[46.917368,42.529238],[46.914467,42.522657],[46.910958,42.522584],[46.908147,42.520086],[46.909386,42.515324],[46.902278,42.511256],[46.902165,42.508332],[46.892408,42.496219],[46.88937,42.489386],[46.890877,42.485479],[46.893769,42.483627],[46.899907,42.482612],[46.900921,42.479953],[46.910455,42.476986],[46.91476,42.471179],[46.914924,42.467791],[46.920682,42.464966],[46.915346,42.457239],[46.92195,42.455661],[46.91917,42.452468],[46.920912,42.445273],[46.928002,42.442281],[46.984771,42.428944],[46.988997,42.433328],[47.013088,42.442598],[47.017829,42.446028],[47.024085,42.44269],[47.034469,42.440559],[47.041054,42.435092],[47.042762,42.430254],[47.046047,42.428786],[47.06586,42.425702],[47.067207,42.427585],[47.06739,42.436297],[47.061203,42.442173],[47.062579,42.450589],[47.055048,42.456332],[47.064875,42.461925],[47.070602,42.467664],[47.079933,42.46563],[47.091619,42.457334],[47.096825,42.457062],[47.105996,42.460854],[47.105893,42.463061],[47.112141,42.469974],[47.11526,42.465791],[47.12746,42.459882],[47.134129,42.462448],[47.130171,42.466791],[47.130699,42.469424],[47.132564,42.468992],[47.141614,42.478025],[47.150206,42.481946],[47.156011,42.490846],[47.166912,42.484339],[47.17038,42.479675],[47.185802,42.502377],[47.19201,42.501635],[47.201374,42.505262],[47.198111,42.513595],[47.181705,42.518201],[47.17977,42.521682],[47.166543,42.526688],[47.155038,42.537289],[47.157765,42.539797],[47.156601,42.544453],[47.150278,42.551648],[47.157236,42.558032],[47.162789,42.560804],[47.165937,42.560629],[47.158211,42.573862],[47.13973,42.568093],[47.131683,42.568973],[47.119208,42.566196],[47.109627,42.575834],[47.108924,42.580387],[47.102862,42.587763],[47.098867,42.587424],[47.090831,42.590643],[47.085469,42.590413],[47.083266,42.587272],[47.086142,42.584967],[47.08036,42.575699],[47.07546,42.575499],[47.059521,42.589312],[47.045454,42.593973],[47.041574,42.596753],[47.022423,42.60141],[47.018014,42.592285],[47.014522,42.591037],[47.00556,42.59383],[46.995151,42.590375],[46.980413,42.588855],[46.96437,42.593623],[46.962437,42.591512],[46.961638,42.58611],[46.964557,42.57897],[46.963549,42.576125],[46.957795,42.571584],[46.960447,42.565656],[46.929798,42.574204],[46.913138,42.582059],[46.897399,42.591228],[46.892019,42.597142],[46.892398,42.599257],[46.875881,42.608279],[46.848997,42.617436],[46.83831,42.617109],[46.832321,42.614123]]]}},{"type":"Feature","id":"109876-442","properties":{"id":"109876-442","name":"Буйнакский район","name_ru":"Буйнакский район","subject_id":"109876","subject_name":"Дагестан","source_gid":442,"source_fid":539,"names_rosstat":"Буйнакский муниципальный район","population":87002,"area_km2":1792.6015862663098,"density_km2":48.533930052583884,"source":"Актуализированный объединённый GeoJSON, предоставленный преподавателем","name_en":"Buinakskii District","name_zh":"Buinakskii区","subject_name_en":"Dagestan","subject_name_zh":"达吉斯坦共和国"},"geometry":{"type":"MultiPolygon","coordinates":[[[[46.949342,42.723235],[46.925542,42.734014],[46.925445,42.737471],[46.921645,42.742547],[46.909315,42.75143],[46.905841,42.751915],[46.896419,42.758376],[46.879931,42.764392],[46.869032,42.775442],[46.83809,42.794366],[46.83946,42.799811],[46.845623,42.806114],[46.846024,42.81022],[46.857015,42.815166],[46.861182,42.8154],[46.864087,42.821378],[46.863016,42.825299],[46.867145,42.830008],[46.872378,42.830705],[46.873315,42.832712],[46.885497,42.840266],[46.886854,42.845565],[46.894997,42.849971],[46.901272,42.857743],[46.900135,42.86284],[46.901664,42.867778],[46.89918,42.872205],[46.900301,42.877443],[46.898834,42.883794],[46.895693,42.879231],[46.892525,42.879164],[46.885309,42.880945],[46.885032,42.883832],[46.890569,42.888979],[46.895582,42.898642],[46.895666,42.903442],[46.900033,42.914649],[46.892586,42.912514],[46.889921,42.906616],[46.874124,42.889927],[46.865585,42.887756],[46.862093,42.883732],[46.837217,42.869857],[46.829529,42.863927],[46.818932,42.859401],[46.770877,42.849689],[46.746332,42.857318],[46.73781,42.858163],[46.725549,42.865085],[46.6847,42.868767],[46.675347,42.872503],[46.670965,42.876188],[46.658466,42.877424],[46.652668,42.881383],[46.628693,42.88652],[46.633222,42.900226],[46.640763,42.909822],[46.645037,42.908648],[46.649822,42.914508],[46.658638,42.918782],[46.675147,42.921322],[46.677588,42.924159],[46.68818,42.925597],[46.698172,42.929415],[46.704874,42.92901],[46.704579,42.932814],[46.710782,42.935907],[46.716592,42.935982],[46.724229,42.942221],[46.718814,42.944504],[46.723904,42.94497],[46.724858,42.947299],[46.729247,42.946548],[46.729653,42.948648],[46.732057,42.948612],[46.735063,42.951402],[46.7365,42.954527],[46.732116,42.958145],[46.742685,42.960312],[46.746339,42.959359],[46.761662,42.96947],[46.762941,42.980198],[46.77082,42.987762],[46.776072,42.984702],[46.772995,42.975674],[46.773028,42.970344],[46.776006,42.97252],[46.777373,42.977049],[46.787029,42.982255],[46.791576,42.975376],[46.798179,42.970045],[46.80456,42.971864],[46.806669,42.970458],[46.813681,42.971952],[46.8146,42.970933],[46.822079,42.974477],[46.841603,42.971622],[46.847313,42.973279],[46.854172,42.972856],[46.858172,42.977655],[46.864282,42.979944],[46.867629,42.984595],[46.866775,42.985858],[46.859182,42.986949],[46.851759,42.991949],[46.852404,42.99484],[46.847619,42.995879],[46.844992,42.99942],[46.845911,43.004475],[46.852555,43.006354],[46.853491,43.010834],[46.86562,43.014332],[46.867545,43.018883],[46.865984,43.022451],[46.878071,43.027047],[46.882575,43.042339],[46.881476,43.052143],[46.887392,43.06485],[46.887691,43.072987],[46.869572,43.080326],[46.86803,43.079052],[46.854274,43.082597],[46.841624,43.083165],[46.84559,43.097651],[46.841521,43.120238],[46.844697,43.124599],[46.844836,43.12899],[46.851745,43.128633],[46.87893,43.117743],[46.882247,43.118325],[46.897833,43.1151],[46.899424,43.116883],[46.911737,43.118895],[46.948805,43.107199],[46.95547,43.113579],[46.959375,43.113968],[46.962426,43.113156],[46.961208,43.110749],[46.962818,43.10806],[46.981742,43.105638],[46.979005,43.103564],[46.998382,43.094452],[47.004796,43.086696],[47.00425,43.081844],[47.009477,43.07225],[47.021337,43.061758],[47.036759,43.055558],[47.025321,43.04205],[47.015585,43.039808],[47.011212,43.042209],[47.006928,43.039558],[47.00345,43.03378],[47.006324,43.030584],[47.00541,43.02807],[47.024213,43.015272],[47.027403,43.013427],[47.030141,43.013863],[47.033964,43.010796],[47.026049,42.99915],[47.025259,42.99077],[47.026723,42.983152],[47.041939,42.9786],[47.051188,42.973109],[47.059434,42.975155],[47.066918,42.974215],[47.072405,42.97132],[47.065255,42.966269],[47.070875,42.963591],[47.067127,42.961243],[47.068194,42.95782],[47.073604,42.956942],[47.078677,42.961365],[47.078673,42.959724],[47.085668,42.956224],[47.096404,42.955368],[47.103737,42.949069],[47.107208,42.948531],[47.109842,42.950696],[47.111112,42.963086],[47.109202,42.970357],[47.11,42.976794],[47.106818,42.984692],[47.107769,42.987898],[47.104313,42.992493],[47.107337,42.9947],[47.092799,43.004827],[47.092718,43.008438],[47.095033,43.012884],[47.093318,43.016492],[47.095757,43.021247],[47.092698,43.025897],[47.097735,43.028894],[47.106097,43.041188],[47.09539,43.047094],[47.097521,43.049973],[47.104862,43.056299],[47.106302,43.05408],[47.109965,43.053028],[47.115529,43.054641],[47.118967,43.051357],[47.116574,43.049019],[47.116994,43.046101],[47.131985,43.019878],[47.132245,43.014836],[47.129738,43.011982],[47.148595,42.996565],[47.158454,42.991144],[47.174827,42.985289],[47.186586,42.978214],[47.184295,42.972816],[47.18506,42.970781],[47.178618,42.971156],[47.166323,42.968834],[47.156948,42.97145],[47.167643,42.965824],[47.173961,42.960206],[47.173414,42.954768],[47.16434,42.940444],[47.1658,42.93936],[47.162205,42.935068],[47.157137,42.933495],[47.158233,42.926437],[47.152287,42.922695],[47.152266,42.918001],[47.158922,42.909636],[47.158784,42.907842],[47.160556,42.907958],[47.161563,42.910245],[47.165324,42.909009],[47.165594,42.910295],[47.176197,42.90388],[47.178386,42.910825],[47.181048,42.913714],[47.180024,42.91397],[47.182324,42.92243],[47.181348,42.933795],[47.179539,42.937779],[47.181728,42.942039],[47.191803,42.940768],[47.195931,42.943711],[47.191379,42.962168],[47.21305,42.968059],[47.268483,42.964635],[47.27293,42.961699],[47.305911,42.958036],[47.34613,42.948417],[47.35015,42.945775],[47.350352,42.939878],[47.360366,42.937009],[47.368983,42.931554],[47.372946,42.931568],[47.3905,42.924755],[47.395255,42.927171],[47.397877,42.92494],[47.400969,42.927375],[47.405418,42.926115],[47.405985,42.923138],[47.412478,42.921136],[47.423319,42.91151],[47.432807,42.905658],[47.439038,42.903859],[47.445202,42.904354],[47.451691,42.900088],[47.461195,42.90068],[47.475936,42.895008],[47.461968,42.889368],[47.453883,42.880583],[47.439534,42.889124],[47.427201,42.883948],[47.425763,42.881786],[47.427418,42.876617],[47.414431,42.875663],[47.417336,42.867433],[47.421863,42.873991],[47.426734,42.858476],[47.433214,42.85623],[47.453835,42.860174],[47.463759,42.848377],[47.475357,42.840093],[47.484423,42.849352],[47.481301,42.853127],[47.479059,42.861142],[47.472235,42.871459],[47.46922,42.873574],[47.473877,42.879156],[47.477696,42.877607],[47.47864,42.890999],[47.482379,42.896454],[47.488645,42.8995],[47.500468,42.897641],[47.496225,42.89757],[47.507354,42.889048],[47.514055,42.891808],[47.522458,42.883122],[47.530055,42.880375],[47.537373,42.87237],[47.533604,42.868817],[47.543728,42.854284],[47.53289,42.850296],[47.524019,42.852239],[47.522234,42.8511],[47.520053,42.818211],[47.512648,42.820554],[47.508513,42.82517],[47.500693,42.822842],[47.496327,42.823298],[47.489165,42.825936],[47.453473,42.832171],[47.434759,42.830116],[47.418443,42.834595],[47.410683,42.831688],[47.407918,42.827292],[47.403869,42.830458],[47.399642,42.831237],[47.398551,42.829954],[47.380333,42.832593],[47.378681,42.830039],[47.371117,42.83295],[47.348349,42.835488],[47.320741,42.834548],[47.320509,42.83045],[47.312772,42.829143],[47.30802,42.81891],[47.308462,42.81584],[47.301196,42.809356],[47.292548,42.797755],[47.316103,42.772858],[47.312156,42.762382],[47.287864,42.739709],[47.293632,42.730267],[47.295879,42.72268],[47.30102,42.722903],[47.304237,42.719999],[47.297163,42.716954],[47.293595,42.709317],[47.283926,42.705482],[47.279331,42.701034],[47.26672,42.695361],[47.266869,42.689413],[47.264685,42.688277],[47.264241,42.682776],[47.260605,42.678188],[47.254705,42.652358],[47.252276,42.647704],[47.259943,42.647977],[47.26166,42.645525],[47.281811,42.642257],[47.284882,42.645458],[47.289656,42.647179],[47.30449,42.641458],[47.302289,42.636768],[47.32049,42.633923],[47.323699,42.635952],[47.33965,42.620165],[47.347434,42.619248],[47.353963,42.616362],[47.355176,42.614284],[47.358302,42.615614],[47.359365,42.614328],[47.361366,42.616716],[47.363405,42.615254],[47.36229,42.613046],[47.36613,42.616803],[47.369196,42.615887],[47.371542,42.611365],[47.36829,42.607101],[47.375391,42.613019],[47.371158,42.615874],[47.370711,42.619038],[47.373459,42.62194],[47.378116,42.622268],[47.38036,42.61369],[47.376245,42.605699],[47.370531,42.604909],[47.364463,42.598245],[47.364691,42.595209],[47.361971,42.592697],[47.362962,42.591383],[47.353196,42.585683],[47.349929,42.579567],[47.33959,42.575323],[47.308364,42.572548],[47.297776,42.578196],[47.275651,42.583743],[47.261514,42.579854],[47.224911,42.588828],[47.217408,42.588441],[47.214496,42.589754],[47.197464,42.585555],[47.171113,42.585874],[47.151181,42.590785],[47.131191,42.601563],[47.141546,42.609439],[47.134207,42.61518],[47.131493,42.616269],[47.12855,42.615111],[47.123825,42.621331],[47.104129,42.620036],[47.102834,42.623259],[47.105213,42.639085],[47.10174,42.641463],[47.0938,42.640579],[47.077943,42.642063],[47.059507,42.648129],[47.056881,42.650877],[47.055599,42.659873],[47.046483,42.667723],[47.041281,42.669354],[47.030301,42.677668],[47.028057,42.691366],[47.011692,42.695965],[46.971025,42.70082],[46.958989,42.706068],[46.954793,42.709564],[46.951818,42.713348],[46.950629,42.719759],[46.94834,42.722353],[46.949342,42.723235]],[[46.693718,42.925041],[46.693083,42.921912],[46.697227,42.924374],[46.695505,42.925752],[46.693718,42.925041]],[[46.70099,42.921019],[46.69801,42.92019],[46.699437,42.918972],[46.70099,42.921019]],[[46.769915,42.915782],[46.763778,42.914949],[46.763048,42.912702],[46.770687,42.913629],[46.769915,42.915782]],[[47.136856,42.819751],[47.142114,42.826529],[47.13923,42.829122],[47.139962,42.83264],[47.134777,42.836719],[47.121673,42.834302],[47.114554,42.837319],[47.113604,42.839026],[47.116493,42.840107],[47.112567,42.846821],[47.120513,42.850143],[47.113005,42.853801],[47.107594,42.853494],[47.095236,42.845446],[47.086278,42.846847],[47.070468,42.835871],[47.075811,42.821195],[47.082771,42.820964],[47.088483,42.814221],[47.093418,42.817082],[47.099826,42.815879],[47.100798,42.813157],[47.10575,42.811255],[47.105563,42.807536],[47.102283,42.807585],[47.094355,42.801501],[47.094788,42.795939],[47.089264,42.79745],[47.087329,42.796218],[47.09113,42.795087],[47.092057,42.792771],[47.100172,42.790086],[47.102379,42.792825],[47.106024,42.791721],[47.095992,42.785528],[47.098755,42.786209],[47.099444,42.784737],[47.096755,42.783701],[47.099377,42.781835],[47.105154,42.784395],[47.107045,42.787977],[47.113886,42.792293],[47.111452,42.797601],[47.113248,42.799549],[47.115907,42.799194],[47.114703,42.802434],[47.121167,42.804725],[47.124644,42.802635],[47.128777,42.802546],[47.134187,42.804972],[47.136228,42.809964],[47.14245,42.809763],[47.139945,42.812013],[47.140479,42.814231],[47.136856,42.819751]]],[[[47.069363,43.044051],[47.081296,43.03884],[47.081911,43.034689],[47.067958,43.040379],[47.064293,43.043849],[47.069363,43.044051]]]]}},{"type":"Feature","id":"109876-443","properties":{"id":"109876-443","name":"Ботлихский район","name_ru":"Ботлихский район","subject_id":"109876","subject_name":"Дагестан","source_gid":443,"source_fid":540,"names_rosstat":"Ботлихский муниципальный район","population":62503,"area_km2":701.2461563887132,"density_km2":89.1313263260918,"source":"Актуализированный объединённый GeoJSON, предоставленный преподавателем","name_en":"Botlikhskii District","name_zh":"Botlikhskii区","subject_name_en":"Dagestan","subject_name_zh":"达吉斯坦共和国"},"geometry":{"type":"MultiPolygon","coordinates":[[[[46.009717,42.639595],[46.011924,42.642574],[46.009558,42.646326],[46.009453,42.6578],[46.014406,42.659752],[46.01685,42.666503],[46.013533,42.674606],[46.04374,42.680947],[46.074636,42.68102],[46.081244,42.687462],[46.085494,42.692915],[46.084846,42.703407],[46.076505,42.710993],[46.074891,42.717809],[46.082339,42.714333],[46.090578,42.713629],[46.094834,42.710435],[46.100774,42.719157],[46.099712,42.724662],[46.105138,42.724518],[46.11078,42.720197],[46.136964,42.721988],[46.15176,42.725824],[46.151561,42.727039],[46.156891,42.730283],[46.167187,42.729267],[46.172786,42.731063],[46.177165,42.735947],[46.178508,42.739638],[46.177561,42.742627],[46.160789,42.746918],[46.165868,42.75086],[46.168235,42.756491],[46.164122,42.7566],[46.16649,42.762921],[46.166135,42.769321],[46.160611,42.773116],[46.154055,42.774461],[46.148258,42.790762],[46.139539,42.796416],[46.117027,42.802909],[46.123199,42.816661],[46.13897,42.828289],[46.140175,42.833673],[46.146324,42.8364],[46.153069,42.844266],[46.159411,42.847464],[46.160953,42.850551],[46.164019,42.849635],[46.167572,42.851141],[46.168762,42.855932],[46.187096,42.872018],[46.190772,42.878766],[46.187331,42.886217],[46.201066,42.890096],[46.207953,42.889672],[46.216112,42.882105],[46.224635,42.866608],[46.22928,42.862704],[46.239047,42.860175],[46.260046,42.868211],[46.262493,42.875663],[46.267251,42.881241],[46.278284,42.884492],[46.282385,42.877747],[46.285952,42.878012],[46.294564,42.873805],[46.295291,42.870215],[46.300427,42.864656],[46.307426,42.880364],[46.310097,42.882058],[46.305541,42.898341],[46.307423,42.901425],[46.305363,42.905914],[46.309006,42.909748],[46.316752,42.90514],[46.321346,42.899729],[46.338462,42.892544],[46.352611,42.876336],[46.358722,42.873026],[46.360214,42.869118],[46.370955,42.861617],[46.372042,42.855182],[46.366611,42.846628],[46.367043,42.840196],[46.362538,42.838279],[46.358218,42.832473],[46.339162,42.833313],[46.334358,42.832761],[46.327681,42.829184],[46.330161,42.81956],[46.336597,42.809467],[46.346653,42.8036],[46.360419,42.792103],[46.360041,42.788014],[46.368044,42.779049],[46.366482,42.77655],[46.368291,42.773138],[46.374297,42.77224],[46.381785,42.764224],[46.384119,42.764573],[46.380684,42.758403],[46.38119,42.752017],[46.383243,42.749451],[46.381648,42.743042],[46.385879,42.740186],[46.386181,42.733647],[46.382836,42.73326],[46.382339,42.730225],[46.378622,42.728818],[46.385987,42.726823],[46.383483,42.723246],[46.384448,42.717924],[46.388542,42.716864],[46.388205,42.715346],[46.393599,42.712008],[46.388123,42.704658],[46.38863,42.700979],[46.386973,42.702183],[46.383578,42.698244],[46.380267,42.689574],[46.415452,42.68627],[46.420041,42.688845],[46.426085,42.68547],[46.438186,42.684698],[46.465739,42.685931],[46.476746,42.689789],[46.481772,42.688987],[46.486311,42.685838],[46.490815,42.687914],[46.501289,42.685099],[46.500336,42.683016],[46.492769,42.68227],[46.488957,42.677987],[46.489526,42.676495],[46.494174,42.675194],[46.501318,42.67752],[46.505258,42.676627],[46.512887,42.669403],[46.510006,42.667839],[46.506002,42.669154],[46.498857,42.66364],[46.490211,42.663475],[46.489887,42.660501],[46.487219,42.659669],[46.47551,42.659348],[46.472361,42.66393],[46.470753,42.661106],[46.471116,42.657333],[46.465544,42.654329],[46.469927,42.65298],[46.46812,42.649758],[46.470682,42.646943],[46.471382,42.642216],[46.468149,42.641048],[46.463043,42.634625],[46.464961,42.634085],[46.462581,42.633757],[46.469551,42.62388],[46.461014,42.629425],[46.455083,42.625843],[46.453057,42.619308],[46.450882,42.617499],[46.453868,42.600699],[46.444039,42.588249],[46.42297,42.594453],[46.419519,42.601229],[46.424644,42.608317],[46.419542,42.610749],[46.407285,42.624615],[46.400307,42.627093],[46.41082,42.644728],[46.384069,42.647764],[46.38326,42.644226],[46.377159,42.638205],[46.368675,42.643582],[46.359981,42.645379],[46.353322,42.645184],[46.351506,42.642676],[46.307085,42.650952],[46.299368,42.641314],[46.28593,42.644256],[46.269253,42.641015],[46.263975,42.638253],[46.246026,42.642443],[46.244341,42.634038],[46.248104,42.627124],[46.248037,42.624066],[46.243869,42.622035],[46.243592,42.617005],[46.241087,42.612879],[46.24356,42.612952],[46.244338,42.611285],[46.241208,42.60954],[46.232401,42.587403],[46.225315,42.574832],[46.205555,42.582571],[46.203279,42.582867],[46.203448,42.580106],[46.168034,42.586202],[46.159644,42.594854],[46.150356,42.60935],[46.144225,42.605734],[46.124924,42.602681],[46.117569,42.603815],[46.112732,42.606816],[46.091556,42.610464],[46.080445,42.608939],[46.0621,42.610517],[46.057245,42.609218],[46.051601,42.61418],[46.042153,42.615322],[46.029822,42.621845],[46.024998,42.621825],[46.021518,42.625256],[46.020436,42.630205],[46.014113,42.633487],[46.009717,42.639595]]],[[[46.370587,44.107814],[46.373811,44.108831],[46.370856,44.114516],[46.374629,44.123376],[46.383312,44.120559],[46.423234,44.117062],[46.426431,44.113411],[46.426045,44.105946],[46.430147,44.100706],[46.410059,44.100827],[46.407328,44.097591],[46.406341,44.09254],[46.398783,44.092586],[46.396589,44.094004],[46.387185,44.094462],[46.372175,44.101455],[46.370426,44.102915],[46.371596,44.104413],[46.370587,44.107814]]],[[[46.782532,43.484252],[46.791844,43.483068],[46.796694,43.481543],[46.797767,43.479705],[46.789699,43.474816],[46.783218,43.473103],[46.774592,43.47519],[46.77721,43.479986],[46.782532,43.484252]]],[[[46.817658,43.699326],[46.827893,43.703716],[46.831884,43.701141],[46.825404,43.693725],[46.817229,43.696161],[46.817658,43.699326]]],[[[46.875336,43.705686],[46.864135,43.705251],[46.863019,43.707966],[46.857676,43.711471],[46.874692,43.711223],[46.875336,43.705686]]],[[[46.907346,43.658824],[46.907682,43.653429],[46.900431,43.649429],[46.898466,43.652641],[46.898989,43.657854],[46.900369,43.659323],[46.907346,43.658824]]]]}},{"type":"Feature","id":"109876-444","properties":{"id":"109876-444","name":"Бабаюртовский район","name_ru":"Бабаюртовский район","subject_id":"109876","subject_name":"Дагестан","source_gid":444,"source_fid":541,"names_rosstat":"Бабаюртовский муниципальный район","population":54274,"area_km2":3174.09863531129,"density_km2":17.099027546343798,"source":"Актуализированный объединённый GeoJSON, предоставленный преподавателем","name_en":"Babaiurtovskii District","name_zh":"Babaiurtovskii区","subject_name_en":"Dagestan","subject_name_zh":"达吉斯坦共和国"},"geometry":{"type":"Polygon","coordinates":[[[46.549925,43.530918],[46.548878,43.539641],[46.533626,43.535326],[46.511269,43.525805],[46.508964,43.526678],[46.508013,43.529473],[46.505257,43.530207],[46.498642,43.529012],[46.486123,43.523207],[46.464939,43.524885],[46.4452,43.522383],[46.444674,43.523859],[46.43256,43.523188],[46.432042,43.518511],[46.422274,43.517657],[46.422464,43.523632],[46.41564,43.525499],[46.420477,43.529905],[46.435086,43.535384],[46.436894,43.537595],[46.437163,43.541961],[46.429162,43.548677],[46.426375,43.553877],[46.432635,43.565142],[46.432746,43.578807],[46.418012,43.58788],[46.415116,43.594704],[46.427422,43.59996],[46.432379,43.604505],[46.432618,43.606339],[46.428292,43.611987],[46.429298,43.615711],[46.431392,43.61715],[46.443398,43.617743],[46.44644,43.620486],[46.44749,43.62762],[46.456163,43.631008],[46.455615,43.634149],[46.450495,43.638144],[46.449186,43.643469],[46.451777,43.653536],[46.458496,43.663572],[46.4674,43.670897],[46.47733,43.673965],[46.480272,43.682258],[46.485117,43.687746],[46.499033,43.693469],[46.50413,43.699656],[46.517607,43.704532],[46.519118,43.706527],[46.519517,43.713318],[46.52617,43.717405],[46.527949,43.721014],[46.538324,43.729453],[46.550836,43.736372],[46.556626,43.737679],[46.569713,43.731491],[46.578579,43.730358],[46.588772,43.732581],[46.599038,43.731216],[46.611397,43.72701],[46.62598,43.727482],[46.640784,43.730447],[46.644881,43.737028],[46.659393,43.739106],[46.666692,43.745513],[46.670715,43.747009],[46.679793,43.748872],[46.724266,43.750022],[46.73803,43.75552],[46.747582,43.76305],[46.756336,43.766939],[46.777318,43.774957],[46.785259,43.775532],[46.793455,43.773959],[46.794635,43.770677],[46.814823,43.769273],[46.816488,43.767283],[46.81627,43.762414],[46.826426,43.759917],[46.834451,43.761142],[46.851006,43.774396],[46.854479,43.774231],[46.860762,43.7702],[46.862405,43.765971],[46.86139,43.75542],[46.86505,43.753373],[46.866544,43.760117],[46.873179,43.762775],[46.877902,43.767637],[46.882638,43.768404],[46.884666,43.771801],[46.881073,43.773582],[46.877414,43.781795],[46.878971,43.797783],[46.885004,43.795783],[46.889812,43.801309],[46.90079,43.800598],[46.903953,43.802937],[46.904318,43.806528],[46.907293,43.806192],[46.910489,43.8083],[46.908806,43.809677],[46.910644,43.812274],[46.918517,43.815393],[46.924787,43.811356],[46.925122,43.809232],[46.945196,43.801318],[46.987715,43.800891],[46.97869,43.815672],[46.987872,43.811825],[46.990676,43.807824],[47.002339,43.80637],[47.013899,43.809039],[47.016496,43.815347],[47.015429,43.818049],[47.017974,43.818923],[47.029596,43.814107],[47.029796,43.812675],[47.027217,43.811295],[47.028601,43.810147],[47.049136,43.808356],[47.051369,43.805334],[47.065882,43.802605],[47.072703,43.799208],[47.096336,43.796945],[47.09902,43.79786],[47.101557,43.795188],[47.106422,43.794613],[47.114982,43.797425],[47.123375,43.797027],[47.128368,43.801742],[47.136285,43.80198],[47.138725,43.804586],[47.137133,43.806808],[47.140009,43.80749],[47.134891,43.808519],[47.133586,43.810536],[47.138959,43.815338],[47.161104,43.808477],[47.166934,43.809088],[47.170569,43.813433],[47.186415,43.816058],[47.19107,43.814127],[47.191055,43.809452],[47.202318,43.80774],[47.209009,43.810431],[47.212478,43.806874],[47.219558,43.806545],[47.224248,43.810789],[47.225791,43.807322],[47.222695,43.803291],[47.22459,43.802577],[47.23185,43.80564],[47.241475,43.803664],[47.25176,43.808492],[47.263599,43.808695],[47.270595,43.810838],[47.271688,43.810473],[47.271442,43.804522],[47.265402,43.803551],[47.263794,43.800906],[47.273856,43.79153],[47.272561,43.788345],[47.275921,43.784575],[47.272197,43.782442],[47.263165,43.781813],[47.284665,43.770729],[47.300343,43.768421],[47.304171,43.769201],[47.307816,43.767383],[47.310284,43.761275],[47.316275,43.758594],[47.316573,43.755753],[47.319802,43.754972],[47.31977,43.750709],[47.326738,43.750411],[47.323033,43.748593],[47.326122,43.747411],[47.324131,43.744618],[47.32937,43.745046],[47.335729,43.736602],[47.335841,43.733868],[47.338356,43.73495],[47.340112,43.732478],[47.346038,43.730843],[47.348251,43.728186],[47.349475,43.728293],[47.349272,43.730639],[47.351883,43.728451],[47.355958,43.730285],[47.356386,43.727476],[47.360173,43.72618],[47.364088,43.718814],[47.370738,43.71724],[47.372202,43.713834],[47.369744,43.712623],[47.368579,43.714209],[47.366697,43.710654],[47.370319,43.710674],[47.369508,43.707119],[47.370988,43.702608],[47.3737,43.704567],[47.374901,43.702397],[47.382238,43.698673],[47.382868,43.695151],[47.380374,43.695298],[47.382042,43.691496],[47.392483,43.690029],[47.394562,43.687646],[47.393078,43.68707],[47.391964,43.678156],[47.389587,43.677146],[47.391493,43.672223],[47.391213,43.667079],[47.384979,43.660997],[47.391922,43.659457],[47.401654,43.653573],[47.400413,43.648661],[47.401708,43.646634],[47.400456,43.645213],[47.401987,43.641192],[47.406936,43.640259],[47.408423,43.625637],[47.396897,43.610496],[47.389912,43.610931],[47.382263,43.614433],[47.375312,43.62052],[47.370744,43.610598],[47.370028,43.60432],[47.383414,43.570961],[47.376773,43.556058],[47.392818,43.555232],[47.40396,43.55793],[47.414357,43.552109],[47.413984,43.547595],[47.405745,43.539951],[47.403244,43.531694],[47.404839,43.523085],[47.409902,43.51922],[47.410332,43.512531],[47.408013,43.512088],[47.411579,43.499882],[47.416898,43.490569],[47.42452,43.490141],[47.432874,43.496128],[47.43776,43.494078],[47.443948,43.486779],[47.44412,43.478936],[47.442283,43.475224],[47.446358,43.472372],[47.451578,43.475811],[47.455259,43.482013],[47.46826,43.494053],[47.462353,43.512027],[47.464991,43.524287],[47.471513,43.540883],[47.474922,43.543345],[47.480132,43.551239],[47.491152,43.582695],[47.491362,43.607814],[47.506227,43.654307],[47.519036,43.680509],[47.526228,43.707394],[47.533077,43.707142],[47.53548,43.712966],[47.543755,43.781865],[47.549536,43.791504],[47.547118,43.794419],[47.551563,43.800467],[47.549478,43.80933],[47.556728,43.818317],[47.561619,43.845753],[47.559248,43.861149],[47.565384,43.869233],[47.577565,43.8791],[47.6006,43.89181],[47.621576,43.898375],[47.642294,43.874385],[47.675916,43.852792],[47.641704,43.8091],[47.614164,43.766889],[47.576945,43.698527],[47.556836,43.651488],[47.531894,43.583226],[47.506723,43.496046],[47.501071,43.481765],[47.497367,43.46467],[47.495999,43.464848],[47.495301,43.462096],[47.497443,43.461786],[47.497119,43.456581],[47.491789,43.439522],[47.49046,43.43984],[47.489709,43.435239],[47.490973,43.435232],[47.491169,43.43282],[47.479585,43.353086],[47.474123,43.338543],[47.47103,43.32425],[47.472149,43.316616],[47.487455,43.287856],[47.467289,43.297159],[47.462761,43.301446],[47.447768,43.306833],[47.439732,43.306521],[47.447784,43.293993],[47.45384,43.291111],[47.458053,43.276267],[47.452538,43.271276],[47.446236,43.271645],[47.441217,43.275388],[47.439873,43.277852],[47.440157,43.287122],[47.436587,43.291548],[47.4307,43.295214],[47.416679,43.298993],[47.411141,43.302527],[47.404364,43.302515],[47.388348,43.289113],[47.38533,43.289395],[47.384536,43.292074],[47.382042,43.293197],[47.377309,43.292923],[47.372644,43.289626],[47.369589,43.289898],[47.368394,43.293374],[47.37408,43.300773],[47.374428,43.305095],[47.377099,43.307373],[47.376246,43.310145],[47.373748,43.311543],[47.367722,43.310706],[47.361878,43.305082],[47.358983,43.30518],[47.356851,43.308404],[47.352575,43.308859],[47.340821,43.302609],[47.338113,43.304333],[47.335313,43.314218],[47.330919,43.316102],[47.326663,43.315581],[47.324738,43.312996],[47.327647,43.308045],[47.31793,43.305612],[47.313614,43.300361],[47.314862,43.297111],[47.309803,43.295083],[47.30722,43.299186],[47.312486,43.30417],[47.312979,43.309596],[47.316384,43.315096],[47.314115,43.318152],[47.309289,43.319043],[47.300238,43.313809],[47.29272,43.303818],[47.286633,43.301835],[47.284964,43.303737],[47.285773,43.305501],[47.292224,43.308903],[47.297333,43.314947],[47.296267,43.317486],[47.290289,43.319044],[47.288031,43.322243],[47.290506,43.329325],[47.288017,43.332051],[47.280364,43.332221],[47.273298,43.329048],[47.262036,43.334549],[47.256124,43.332391],[47.251612,43.325804],[47.2435,43.325744],[47.230454,43.331937],[47.223141,43.346991],[47.218234,43.346848],[47.214263,43.34354],[47.211998,43.343687],[47.209964,43.344836],[47.209439,43.350393],[47.205763,43.35341],[47.200184,43.352356],[47.194343,43.347998],[47.191849,43.347998],[47.188164,43.35122],[47.185843,43.350812],[47.186335,43.347806],[47.191022,43.344746],[47.187123,43.341483],[47.178131,43.346465],[47.173283,43.357191],[47.168492,43.355981],[47.165078,43.347149],[47.160807,43.344852],[47.156455,43.346516],[47.160995,43.354732],[47.159701,43.357119],[47.155775,43.358354],[47.145389,43.351121],[47.130839,43.350893],[47.123196,43.348333],[47.121423,43.348956],[47.119016,43.355771],[47.112681,43.365193],[47.107692,43.366879],[47.08972,43.366608],[47.072843,43.372044],[47.059844,43.370439],[47.058138,43.371705],[47.057241,43.377379],[47.040181,43.379674],[47.031135,43.375969],[47.023512,43.376966],[47.016564,43.37283],[47.009462,43.37925],[47.006086,43.378643],[46.998952,43.39562],[47.000522,43.402364],[46.985488,43.410477],[46.98335,43.41453],[47.001095,43.43088],[46.989118,43.443867],[46.973702,43.450103],[46.975277,43.477998],[46.96783,43.483388],[46.969324,43.485016],[46.960791,43.488229],[46.955119,43.492937],[46.950159,43.491],[46.932912,43.493101],[46.926715,43.487895],[46.889101,43.484645],[46.885717,43.4821],[46.88655,43.478895],[46.882693,43.473927],[46.864832,43.474591],[46.85288,43.478077],[46.84822,43.476117],[46.845948,43.471393],[46.837714,43.465136],[46.838575,43.462226],[46.830825,43.46158],[46.817332,43.456823],[46.80905,43.45774],[46.785692,43.455254],[46.775641,43.45961],[46.773803,43.465325],[46.764615,43.473523],[46.757525,43.474547],[46.753374,43.478007],[46.744345,43.477542],[46.738339,43.48187],[46.729359,43.482862],[46.723357,43.481244],[46.717831,43.482088],[46.71673,43.480153],[46.713169,43.481263],[46.69603,43.471626],[46.691078,43.472127],[46.687132,43.474553],[46.676391,43.482439],[46.674547,43.484059],[46.670741,43.487724],[46.65642,43.503433],[46.70052,43.510489],[46.699061,43.517244],[46.699686,43.554295],[46.697496,43.567948],[46.668805,43.557624],[46.657145,43.534623],[46.646383,43.526102],[46.639795,43.516019],[46.628938,43.507904],[46.594872,43.515636],[46.60244,43.522394],[46.606832,43.523981],[46.607287,43.525894],[46.605156,43.527692],[46.607456,43.531952],[46.605436,43.532375],[46.606227,43.535146],[46.60973,43.534433],[46.611983,43.53628],[46.610891,43.537813],[46.608483,43.536189],[46.567563,43.532606],[46.559549,43.533261],[46.549925,43.530918]],[[46.455013,43.608045],[46.45807,43.60169],[46.457759,43.59793],[46.462244,43.597969],[46.46027,43.611409],[46.457083,43.611215],[46.457426,43.608333],[46.455013,43.608045]],[[46.461645,43.564446],[46.465531,43.557696],[46.476882,43.558225],[46.476868,43.560957],[46.482005,43.563343],[46.483073,43.5675],[46.490657,43.574146],[46.489909,43.579499],[46.478476,43.582822],[46.47167,43.569646],[46.461848,43.567568],[46.461645,43.564446]],[[46.657167,43.680496],[46.660592,43.684377],[46.670574,43.681783],[46.672385,43.683151],[46.670639,43.689421],[46.663045,43.691212],[46.663644,43.693416],[46.658236,43.693792],[46.654874,43.689778],[46.654025,43.684583],[46.657167,43.680496]],[[46.672369,43.487142],[46.678915,43.480614],[46.679601,43.482596],[46.68683,43.48647],[46.684568,43.487313],[46.682851,43.491906],[46.68062,43.492957],[46.672369,43.487142]],[[46.70504,43.692527],[46.707242,43.695684],[46.714133,43.694442],[46.716218,43.704425],[46.711251,43.714663],[46.70986,43.712276],[46.704091,43.710171],[46.699818,43.714148],[46.703195,43.700348],[46.707547,43.699656],[46.705889,43.696743],[46.697878,43.691246],[46.70504,43.692527]],[[46.747001,43.631426],[46.739455,43.623906],[46.733451,43.623493],[46.733226,43.613493],[46.739429,43.613413],[46.73961,43.606035],[46.750374,43.606154],[46.757894,43.61358],[46.75674,43.614143],[46.756997,43.621351],[46.752074,43.63166],[46.747001,43.631426]],[[46.755573,43.629096],[46.757475,43.624564],[46.76848,43.627479],[46.772125,43.631307],[46.766328,43.632543],[46.763928,43.63139],[46.760971,43.63292],[46.759161,43.630253],[46.755573,43.629096]],[[46.789699,43.474816],[46.797767,43.479705],[46.796694,43.481543],[46.782532,43.484252],[46.77721,43.479986],[46.774592,43.47519],[46.783218,43.473103],[46.789699,43.474816]],[[46.809075,43.489413],[46.811199,43.491382],[46.814354,43.490494],[46.817014,43.492573],[46.811918,43.493919],[46.812691,43.499577],[46.806457,43.49876],[46.801758,43.49339],[46.801908,43.490977],[46.809075,43.489413]],[[46.814318,43.666314],[46.819552,43.66386],[46.820909,43.660132],[46.823453,43.662253],[46.822779,43.665301],[46.824117,43.666183],[46.833068,43.664986],[46.834706,43.66731],[46.834618,43.673007],[46.826199,43.670715],[46.816559,43.67231],[46.814318,43.666314]],[[46.825511,43.69447],[46.831884,43.701141],[46.831584,43.702475],[46.826284,43.703592],[46.82461,43.701218],[46.817658,43.699326],[46.817229,43.696161],[46.825511,43.69447]],[[46.864135,43.705251],[46.875336,43.705686],[46.874692,43.711223],[46.857676,43.711471],[46.863019,43.707966],[46.864135,43.705251]],[[46.835295,43.601125],[46.919004,43.583036],[46.926656,43.618766],[46.923605,43.616303],[46.921974,43.619145],[46.917297,43.620505],[46.913767,43.619161],[46.914153,43.615301],[46.901928,43.614147],[46.898704,43.611409],[46.881076,43.617778],[46.872729,43.618842],[46.867483,43.610438],[46.864007,43.609335],[46.856411,43.609715],[46.845932,43.612984],[46.835295,43.601125]],[[46.879401,43.518788],[46.884647,43.520584],[46.883586,43.525258],[46.875909,43.529151],[46.867986,43.527935],[46.867986,43.522871],[46.871401,43.519982],[46.879401,43.518788]],[[46.888934,43.55382],[46.891873,43.550554],[46.891075,43.555079],[46.888934,43.55382]],[[46.900369,43.659323],[46.898466,43.652641],[46.900431,43.649429],[46.902765,43.6497],[46.907682,43.653429],[46.907346,43.658824],[46.900369,43.659323]],[[46.982464,43.723677],[46.983649,43.728011],[46.985709,43.729599],[46.983751,43.733697],[46.978623,43.732453],[46.976,43.730029],[46.975008,43.725848],[46.97245,43.724356],[46.979438,43.722564],[46.982464,43.723677]],[[46.996097,43.483478],[47.004575,43.48482],[47.006141,43.487598],[47.001349,43.493771],[46.996682,43.492544],[46.994974,43.485911],[46.996097,43.483478]],[[46.999018,43.724855],[47.003406,43.725979],[47.002773,43.72746],[46.999158,43.72677],[46.999018,43.724855]],[[47.014677,43.73148],[47.018727,43.73198],[47.021356,43.728484],[47.025724,43.72874],[47.029263,43.726158],[47.029349,43.723521],[47.026981,43.723757],[47.026988,43.718947],[47.032535,43.716744],[47.033211,43.713999],[47.035335,43.715426],[47.040303,43.715248],[47.047427,43.724049],[47.039219,43.730584],[47.045678,43.734786],[47.043897,43.736399],[47.038254,43.736205],[47.030078,43.732918],[47.02572,43.73482],[47.022128,43.734081],[47.021565,43.737054],[47.018883,43.737953],[47.0187,43.743379],[47.011077,43.744437],[47.008545,43.742042],[47.009758,43.741616],[47.006636,43.735251],[47.014173,43.73505],[47.014677,43.73148]],[[47.023581,43.478593],[47.026925,43.481764],[47.028494,43.479853],[47.030026,43.480531],[47.02855,43.485383],[47.018687,43.484028],[47.013868,43.485532],[47.013195,43.479731],[47.023581,43.478593]],[[47.026768,43.388367],[47.023795,43.385401],[47.03123,43.388157],[47.033322,43.383405],[47.039206,43.382903],[47.038907,43.380907],[47.043951,43.3794],[47.04821,43.384817],[47.043726,43.391428],[47.033835,43.389916],[47.035956,43.394849],[47.034162,43.39626],[47.028904,43.393389],[47.023814,43.393383],[47.024299,43.390491],[47.026768,43.388367]],[[47.035123,43.705453],[47.03459,43.686941],[47.022563,43.685404],[47.020085,43.676507],[47.031039,43.678127],[47.038957,43.685097],[47.040894,43.684989],[47.049878,43.702889],[47.035123,43.705453]],[[47.04097,43.484058],[47.043324,43.479599],[47.052869,43.47804],[47.056325,43.483313],[47.059165,43.482649],[47.061014,43.48685],[47.054644,43.487108],[47.055503,43.489859],[47.051599,43.492149],[47.042334,43.491404],[47.038019,43.486037],[47.04097,43.484058]],[[47.042066,43.576643],[47.053574,43.579859],[47.05229,43.586855],[47.041567,43.590971],[47.028914,43.580704],[47.028298,43.577382],[47.042066,43.576643]],[[47.045271,43.532113],[47.050394,43.531053],[47.052317,43.532135],[47.048224,43.535102],[47.04724,43.538939],[47.03944,43.53769],[47.039394,43.536217],[47.045271,43.532113]],[[47.100759,43.504368],[47.097528,43.509056],[47.09198,43.51121],[47.089607,43.50995],[47.092783,43.505696],[47.100759,43.504368]],[[47.11594,43.490326],[47.132986,43.493208],[47.132168,43.496799],[47.118085,43.498451],[47.115389,43.495014],[47.11594,43.490326]],[[47.136359,43.522362],[47.135743,43.525464],[47.127953,43.526101],[47.128196,43.52243],[47.136359,43.522362]],[[47.14577,43.542473],[47.152449,43.544298],[47.155149,43.543892],[47.153636,43.5466],[47.14721,43.547548],[47.143137,43.54396],[47.14577,43.542473]],[[47.144419,43.602694],[47.14866,43.597919],[47.146624,43.592561],[47.149015,43.591006],[47.153274,43.598906],[47.150416,43.602518],[47.144419,43.602694]],[[47.174868,43.588509],[47.176086,43.595509],[47.1721,43.59607],[47.168699,43.594947],[47.166223,43.58972],[47.166675,43.588372],[47.171198,43.588062],[47.174868,43.588509]],[[47.18436,43.384732],[47.19137,43.385575],[47.200108,43.390888],[47.197598,43.39247],[47.190252,43.391396],[47.189256,43.389679],[47.182305,43.387351],[47.181625,43.384861],[47.184087,43.383567],[47.18436,43.384732]],[[47.211888,43.37399],[47.215649,43.378777],[47.209723,43.380478],[47.203545,43.373426],[47.205658,43.371056],[47.211888,43.37399]],[[47.234701,43.536645],[47.239765,43.537705],[47.241186,43.541398],[47.23916,43.542993],[47.233376,43.542597],[47.231368,43.538639],[47.234701,43.536645]],[[47.28832,43.572927],[47.288146,43.575884],[47.281851,43.575551],[47.282717,43.573332],[47.28832,43.572927]]]}},{"type":"Feature","id":"109876-445","properties":{"id":"109876-445","name":"Ахтынский район","name_ru":"Ахтынский район","subject_id":"109876","subject_name":"Дагестан","source_gid":445,"source_fid":543,"names_rosstat":"Ахтынский муниципальный район","population":31765,"area_km2":1130.02055623079,"density_km2":28.110108108079825,"source":"Актуализированный объединённый GeoJSON, предоставленный преподавателем","name_en":"Akhtynskii District","name_zh":"Akhtynskii区","subject_name_en":"Dagestan","subject_name_zh":"达吉斯坦共和国"},"geometry":{"type":"MultiPolygon","coordinates":[[[[47.257882,41.339301],[47.267772,41.332598],[47.270465,41.328405],[47.281543,41.327735],[47.289461,41.325067],[47.289153,41.319597],[47.295125,41.315182],[47.301597,41.307164],[47.321998,41.301759],[47.328606,41.295881],[47.338876,41.294629],[47.344235,41.292084],[47.346952,41.28756],[47.35363,41.285986],[47.355521,41.2816],[47.36333,41.278893],[47.368963,41.274771],[47.37685,41.272337],[47.385513,41.274085],[47.391883,41.270856],[47.401858,41.26901],[47.403357,41.264842],[47.40824,41.262298],[47.409198,41.26717],[47.427312,41.267937],[47.433041,41.266092],[47.44154,41.271695],[47.453673,41.273912],[47.473057,41.255467],[47.475685,41.260261],[47.480679,41.264161],[47.498465,41.268468],[47.500999,41.263929],[47.506005,41.261111],[47.502687,41.257966],[47.505465,41.253783],[47.503883,41.251198],[47.507763,41.246463],[47.505331,41.237732],[47.500824,41.23381],[47.503846,41.22972],[47.50324,41.228227],[47.517754,41.220557],[47.522228,41.219744],[47.525618,41.214844],[47.532187,41.211656],[47.536973,41.206001],[47.545476,41.205631],[47.557588,41.198026],[47.564795,41.19828],[47.565476,41.206062],[47.5676,41.20771],[47.567619,41.210895],[47.576883,41.217264],[47.586923,41.216176],[47.591282,41.218387],[47.59511,41.216552],[47.596206,41.21857],[47.601047,41.21973],[47.61036,41.216839],[47.612944,41.220582],[47.611326,41.22594],[47.613244,41.225308],[47.614814,41.230205],[47.618316,41.232875],[47.618088,41.236435],[47.619917,41.238302],[47.622463,41.234921],[47.6288,41.231521],[47.646897,41.22888],[47.647897,41.225181],[47.65106,41.223064],[47.656564,41.224291],[47.665549,41.224304],[47.67219,41.222237],[47.678809,41.224386],[47.684575,41.223444],[47.689227,41.227416],[47.693753,41.225838],[47.701108,41.226005],[47.706762,41.212942],[47.709687,41.21809],[47.71213,41.219008],[47.716383,41.22748],[47.726076,41.237932],[47.73415,41.25467],[47.76668,41.266674],[47.780119,41.268412],[47.773607,41.273249],[47.769444,41.27418],[47.768811,41.275902],[47.756892,41.279495],[47.754676,41.281872],[47.757211,41.285569],[47.759897,41.286384],[47.767303,41.300825],[47.782957,41.305718],[47.790047,41.320899],[47.793716,41.322954],[47.796991,41.330259],[47.804678,41.365463],[47.810975,41.37361],[47.81037,41.380955],[47.799333,41.391227],[47.801416,41.396044],[47.798513,41.403419],[47.798882,41.406949],[47.803483,41.414114],[47.804513,41.419063],[47.809226,41.421173],[47.8113,41.429915],[47.820699,41.439631],[47.828355,41.445016],[47.819921,41.445341],[47.827903,41.451916],[47.841775,41.458947],[47.843876,41.462042],[47.841317,41.465009],[47.850938,41.471705],[47.852894,41.48317],[47.83644,41.493588],[47.832541,41.494585],[47.827323,41.499502],[47.821624,41.495534],[47.81841,41.497233],[47.813961,41.49458],[47.810732,41.494886],[47.812647,41.500592],[47.803791,41.508188],[47.803874,41.512232],[47.790926,41.514145],[47.7754,41.521688],[47.766308,41.530223],[47.760208,41.528011],[47.75692,41.535861],[47.74206,41.532525],[47.740892,41.534626],[47.717765,41.534647],[47.712554,41.53614],[47.700594,41.548833],[47.699272,41.547259],[47.686221,41.555286],[47.691192,41.558044],[47.691308,41.559874],[47.682448,41.561413],[47.670901,41.559349],[47.662757,41.561305],[47.65869,41.564674],[47.64648,41.569301],[47.645555,41.571549],[47.639642,41.575114],[47.622213,41.57526],[47.612028,41.585811],[47.608439,41.583939],[47.595525,41.591094],[47.586684,41.588832],[47.579158,41.590018],[47.57586,41.593981],[47.574717,41.598663],[47.568405,41.603077],[47.551458,41.607312],[47.545708,41.606216],[47.555137,41.601219],[47.557851,41.593164],[47.561295,41.590998],[47.562818,41.586111],[47.560189,41.580613],[47.560791,41.578463],[47.557841,41.576597],[47.559643,41.573964],[47.557991,41.568574],[47.551628,41.56406],[47.548716,41.555811],[47.554117,41.553235],[47.550762,41.550429],[47.553282,41.54847],[47.555691,41.542261],[47.553325,41.53765],[47.548404,41.533775],[47.54978,41.532567],[47.548789,41.528094],[47.544475,41.524216],[47.54927,41.519572],[47.545656,41.516396],[47.546483,41.513559],[47.543667,41.509826],[47.544432,41.50548],[47.542998,41.501476],[47.549297,41.493435],[47.553646,41.490808],[47.540584,41.473196],[47.539198,41.468521],[47.543586,41.464072],[47.543879,41.460811],[47.540012,41.459934],[47.534462,41.454951],[47.540048,41.442598],[47.542755,41.442798],[47.54688,41.440098],[47.547187,41.434354],[47.538057,41.4319],[47.538977,41.429754],[47.537029,41.426565],[47.539889,41.419331],[47.528996,41.420139],[47.515498,41.41722],[47.512389,41.418583],[47.508551,41.414808],[47.492608,41.407449],[47.486538,41.411746],[47.468396,41.416246],[47.463453,41.422356],[47.446715,41.430768],[47.441389,41.438289],[47.435492,41.439],[47.4265,41.44291],[47.416137,41.438958],[47.412516,41.439354],[47.40576,41.430488],[47.404908,41.422857],[47.406346,41.419117],[47.39526,41.414543],[47.383258,41.414253],[47.383664,41.411838],[47.378982,41.403358],[47.357498,41.389346],[47.344352,41.386601],[47.339951,41.382909],[47.336621,41.382247],[47.327293,41.38366],[47.323038,41.386174],[47.308436,41.38367],[47.299621,41.387207],[47.293324,41.385368],[47.291455,41.380395],[47.279121,41.378579],[47.276412,41.373452],[47.265251,41.372297],[47.264353,41.370648],[47.266381,41.36804],[47.265235,41.366526],[47.270834,41.352508],[47.266486,41.34514],[47.257882,41.339301]]],[[[48.322168,41.665166],[48.322473,41.66327],[48.324247,41.663077],[48.333443,41.669421],[48.342208,41.671598],[48.344674,41.678364],[48.348967,41.681969],[48.344756,41.684785],[48.339792,41.682207],[48.329993,41.674537],[48.322168,41.665166]]],[[[48.348183,41.69308],[48.34994,41.69153],[48.357411,41.693925],[48.358986,41.692076],[48.360747,41.694267],[48.36349,41.694054],[48.349769,41.703656],[48.351309,41.700134],[48.348183,41.69308]]]]}},{"type":"Feature","id":"109876-446","properties":{"id":"109876-446","name":"Ахвахский район","name_ru":"Ахвахский район","subject_id":"109876","subject_name":"Дагестан","source_gid":446,"source_fid":544,"names_rosstat":"Ахвахский муниципальный район","population":25204,"area_km2":341.48266729066535,"density_km2":73.80755281071616,"source":"Актуализированный объединённый GeoJSON, предоставленный преподавателем","name_en":"Akhvakhskii District","name_zh":"Akhvakhskii区","subject_name_en":"Dagestan","subject_name_zh":"达吉斯坦共和国"},"geometry":{"type":"MultiPolygon","coordinates":[[[[46.244338,42.611285],[46.24356,42.612952],[46.241087,42.612879],[46.243592,42.617005],[46.243869,42.622035],[46.248037,42.624066],[46.248104,42.627124],[46.244341,42.634038],[46.245511,42.641512],[46.24742,42.642822],[46.255553,42.639263],[46.263975,42.638253],[46.269253,42.641015],[46.28593,42.644256],[46.299368,42.641314],[46.307085,42.650952],[46.351506,42.642676],[46.353322,42.645184],[46.359981,42.645379],[46.368675,42.643582],[46.377159,42.638205],[46.38326,42.644226],[46.384069,42.647764],[46.41082,42.644728],[46.400307,42.627093],[46.407285,42.624615],[46.419542,42.610749],[46.424644,42.608317],[46.419519,42.601229],[46.42297,42.594453],[46.444039,42.588249],[46.448545,42.592543],[46.454056,42.591013],[46.453183,42.587021],[46.461699,42.582165],[46.465651,42.585041],[46.46719,42.58241],[46.461387,42.577635],[46.463029,42.568175],[46.46821,42.566567],[46.468569,42.564538],[46.479583,42.560786],[46.4724,42.55659],[46.457155,42.557584],[46.467423,42.549399],[46.463084,42.537891],[46.447159,42.539518],[46.452063,42.535256],[46.450037,42.532015],[46.453719,42.525347],[46.448281,42.5172],[46.444214,42.518421],[46.443843,42.520564],[46.440748,42.522714],[46.43731,42.521579],[46.433075,42.504775],[46.428316,42.506588],[46.416646,42.506551],[46.408439,42.502668],[46.39328,42.489764],[46.390563,42.477908],[46.391779,42.475544],[46.388487,42.473966],[46.385752,42.468759],[46.379044,42.466737],[46.371138,42.468497],[46.363353,42.463634],[46.346137,42.462294],[46.339083,42.45768],[46.336963,42.449571],[46.332006,42.449412],[46.321431,42.442764],[46.310695,42.446055],[46.299046,42.446592],[46.297589,42.447111],[46.298876,42.457139],[46.293593,42.462551],[46.287298,42.475657],[46.274642,42.478697],[46.267719,42.486451],[46.269343,42.489979],[46.275117,42.491798],[46.281382,42.49667],[46.278084,42.505972],[46.260922,42.514716],[46.257956,42.519145],[46.260132,42.526316],[46.260063,42.532792],[46.264726,42.536979],[46.262478,42.540032],[46.263537,42.547812],[46.260483,42.558783],[46.263118,42.561265],[46.260499,42.563343],[46.261281,42.565814],[46.225315,42.574832],[46.232401,42.587403],[46.241208,42.60954],[46.244338,42.611285]]],[[[46.409025,43.247938],[46.409621,43.256473],[46.413132,43.258184],[46.462181,43.258337],[46.4616,43.242569],[46.4109,43.242861],[46.411586,43.245325],[46.409025,43.247938]]],[[[46.557377,43.482555],[46.549925,43.530918],[46.559549,43.533261],[46.567563,43.532606],[46.608483,43.536189],[46.610891,43.537813],[46.611983,43.53628],[46.60973,43.534433],[46.606227,43.535146],[46.605436,43.532375],[46.607456,43.531952],[46.605156,43.527692],[46.607287,43.525894],[46.606832,43.523981],[46.596581,43.518251],[46.593669,43.513157],[46.588511,43.511996],[46.584105,43.508841],[46.565275,43.491498],[46.612528,43.481149],[46.613367,43.485855],[46.618718,43.490469],[46.618922,43.493558],[46.601058,43.496016],[46.628938,43.507904],[46.643995,43.504223],[46.65642,43.503433],[46.665168,43.493768],[46.650028,43.481217],[46.641296,43.464507],[46.640886,43.453334],[46.625398,43.453658],[46.612482,43.457406],[46.612242,43.462275],[46.605364,43.467106],[46.606165,43.468936],[46.596576,43.473978],[46.592184,43.460795],[46.558839,43.484028],[46.557377,43.482555]]],[[[46.806457,43.49876],[46.812691,43.499577],[46.811918,43.493919],[46.817014,43.492573],[46.808603,43.489265],[46.801908,43.490977],[46.801758,43.49339],[46.806457,43.49876]]],[[[46.875909,43.529151],[46.884647,43.524009],[46.885263,43.521611],[46.883509,43.519413],[46.875124,43.518978],[46.867986,43.522871],[46.867986,43.527935],[46.875909,43.529151]]],[[[47.023477,43.392704],[47.028904,43.393389],[47.034162,43.39626],[47.035956,43.394849],[47.033835,43.389916],[47.043726,43.391428],[47.048004,43.386107],[47.046043,43.380405],[47.040196,43.380215],[47.039206,43.382903],[47.033322,43.383405],[47.03123,43.388157],[47.023795,43.385401],[47.026768,43.388367],[47.023477,43.392704]]]]}},{"type":"Feature","id":"109876-447","properties":{"id":"109876-447","name":"Акушинский район","name_ru":"Акушинский район","subject_id":"109876","subject_name":"Дагестан","source_gid":447,"source_fid":545,"names_rosstat":"Акушинский муниципальный район","population":55249,"area_km2":626.3053291924625,"density_km2":88.2141623658803,"source":"Актуализированный объединённый GeoJSON, предоставленный преподавателем","name_en":"Akushinskii District","name_zh":"Akushinskii区","subject_name_en":"Dagestan","subject_name_zh":"达吉斯坦共和国"},"geometry":{"type":"Polygon","coordinates":[[[47.181973,42.331613],[47.200038,42.320146],[47.198023,42.317105],[47.203046,42.312972],[47.19751,42.309988],[47.195546,42.306564],[47.19026,42.310202],[47.188469,42.309354],[47.190701,42.305067],[47.194338,42.303137],[47.188563,42.297391],[47.202352,42.2862],[47.213018,42.269095],[47.213792,42.264114],[47.234263,42.249208],[47.233154,42.246031],[47.235949,42.242921],[47.243512,42.238714],[47.248216,42.24092],[47.265839,42.225067],[47.25925,42.218469],[47.254055,42.220938],[47.253654,42.22466],[47.250472,42.22393],[47.242871,42.211568],[47.239518,42.209379],[47.232846,42.211013],[47.225794,42.208319],[47.230128,42.203116],[47.238845,42.20179],[47.237981,42.198671],[47.235905,42.197917],[47.239284,42.195332],[47.237006,42.19022],[47.241114,42.188788],[47.244103,42.1857],[47.243142,42.182821],[47.246168,42.180849],[47.2437,42.175315],[47.245159,42.168843],[47.241141,42.162716],[47.248352,42.161788],[47.252669,42.166887],[47.256727,42.167207],[47.256989,42.16305],[47.267921,42.160017],[47.27095,42.156442],[47.268045,42.148775],[47.276858,42.146244],[47.282927,42.140174],[47.280695,42.135579],[47.286001,42.134671],[47.289201,42.131955],[47.298158,42.133671],[47.298721,42.129564],[47.303033,42.123905],[47.302229,42.116021],[47.306711,42.114011],[47.303036,42.111462],[47.30329,42.107994],[47.301477,42.105161],[47.295299,42.100649],[47.294609,42.094672],[47.291913,42.091545],[47.30771,42.09315],[47.316062,42.08988],[47.305725,42.083627],[47.306082,42.081761],[47.31291,42.076225],[47.313875,42.073597],[47.311449,42.072814],[47.315951,42.064832],[47.322539,42.063191],[47.319866,42.057106],[47.324139,42.054513],[47.324769,42.049058],[47.331666,42.046611],[47.329785,42.043108],[47.331447,42.042399],[47.323384,42.033746],[47.342486,42.021078],[47.347396,42.02624],[47.359148,42.026311],[47.364753,42.028072],[47.376355,42.027031],[47.374874,42.023681],[47.377282,42.018589],[47.375563,42.016239],[47.379878,42.011857],[47.381889,41.998385],[47.393248,41.991681],[47.396728,41.993194],[47.392657,41.999033],[47.398599,42.003698],[47.402305,42.011408],[47.425088,42.014926],[47.427758,42.017638],[47.431973,42.017535],[47.436191,42.021786],[47.432041,42.024968],[47.43295,42.030474],[47.427881,42.036998],[47.42922,42.045948],[47.426359,42.04515],[47.420283,42.046805],[47.419098,42.051195],[47.423455,42.050551],[47.425603,42.05294],[47.423677,42.053164],[47.423994,42.054848],[47.43187,42.057506],[47.432964,42.060354],[47.428826,42.061494],[47.432386,42.064451],[47.431626,42.066524],[47.426322,42.069416],[47.432304,42.077878],[47.428693,42.076847],[47.425675,42.078755],[47.428467,42.088151],[47.418115,42.090575],[47.42913,42.101665],[47.426289,42.103498],[47.428054,42.104729],[47.426204,42.107002],[47.431129,42.107017],[47.42779,42.10939],[47.428623,42.111793],[47.426811,42.114942],[47.428899,42.115237],[47.426722,42.115748],[47.428934,42.117853],[47.426639,42.117208],[47.425025,42.130424],[47.425809,42.132383],[47.427029,42.131876],[47.427275,42.129037],[47.429963,42.136127],[47.423235,42.141047],[47.426803,42.141674],[47.434835,42.147139],[47.444377,42.149175],[47.464325,42.149144],[47.466669,42.155592],[47.473641,42.161681],[47.473801,42.16599],[47.477289,42.170248],[47.479178,42.185707],[47.476687,42.190866],[47.4757,42.19883],[47.476612,42.203003],[47.479402,42.20491],[47.47775,42.208916],[47.478645,42.212835],[47.476498,42.223883],[47.465615,42.247319],[47.466007,42.252433],[47.470339,42.257379],[47.475964,42.259487],[47.482191,42.259379],[47.491963,42.255325],[47.502501,42.253447],[47.50435,42.250567],[47.508299,42.249896],[47.510553,42.245108],[47.517482,42.240611],[47.52728,42.246843],[47.532693,42.253772],[47.540721,42.249215],[47.541318,42.25569],[47.543192,42.256121],[47.542085,42.258614],[47.538101,42.262253],[47.534265,42.261915],[47.532972,42.264025],[47.535332,42.267177],[47.539658,42.268664],[47.537968,42.277545],[47.534857,42.280722],[47.528103,42.280459],[47.522461,42.283876],[47.529149,42.285854],[47.52994,42.2896],[47.525052,42.292081],[47.519495,42.291539],[47.522272,42.292839],[47.521812,42.29524],[47.523313,42.293301],[47.525958,42.294869],[47.532103,42.294692],[47.546634,42.289524],[47.560056,42.29629],[47.55985,42.301972],[47.552139,42.318818],[47.548598,42.320405],[47.542332,42.318835],[47.536541,42.319681],[47.541213,42.323099],[47.541375,42.326047],[47.533753,42.32482],[47.52557,42.327506],[47.51739,42.327702],[47.516525,42.324962],[47.512439,42.32631],[47.50969,42.324587],[47.501131,42.326315],[47.493213,42.321923],[47.466729,42.322328],[47.435972,42.331106],[47.430356,42.33576],[47.423008,42.337463],[47.415842,42.343319],[47.406467,42.338189],[47.397091,42.341192],[47.392226,42.33789],[47.387959,42.340123],[47.381522,42.340612],[47.381211,42.337765],[47.377215,42.33379],[47.371505,42.331636],[47.370017,42.329059],[47.367997,42.329667],[47.362558,42.326665],[47.352394,42.333161],[47.345882,42.333419],[47.339614,42.333041],[47.325118,42.327036],[47.316623,42.331064],[47.310329,42.331094],[47.299477,42.335026],[47.295077,42.338174],[47.283447,42.340713],[47.285928,42.344987],[47.282806,42.345698],[47.279119,42.344178],[47.277299,42.346384],[47.273129,42.346807],[47.268139,42.34376],[47.265976,42.344381],[47.255775,42.35237],[47.252845,42.358315],[47.245965,42.356978],[47.243632,42.358827],[47.225321,42.361924],[47.219158,42.36608],[47.211892,42.367457],[47.212221,42.362797],[47.213747,42.36248],[47.20374,42.358805],[47.19509,42.349044],[47.189895,42.351461],[47.187101,42.351004],[47.184786,42.343525],[47.187355,42.339118],[47.186814,42.335226],[47.181973,42.331613]]]}},{"type":"Feature","id":"109876-486","properties":{"id":"109876-486","name":"городской округ Махачкала","name_ru":"городской округ Махачкала","subject_id":"109876","subject_name":"Дагестан","source_gid":486,"source_fid":585,"names_rosstat":"Городской округ город Махачкала","population":763940,"area_km2":555.9100944359715,"density_km2":1374.2150172234171,"source":"Актуализированный объединённый GeoJSON, предоставленный преподавателем","name_en":"Makhachkala Urban Okrug","name_zh":"Makhachkala城市辖区","subject_name_en":"Dagestan","subject_name_zh":"达吉斯坦共和国"},"geometry":{"type":"MultiPolygon","coordinates":[[[[47.417336,42.867433],[47.414431,42.875663],[47.427418,42.876617],[47.425763,42.881786],[47.427201,42.883948],[47.439534,42.889124],[47.453883,42.880583],[47.461968,42.889368],[47.487811,42.901144],[47.499363,42.898321],[47.502388,42.898553],[47.508316,42.898061],[47.518734,42.896599],[47.522435,42.898387],[47.522763,42.902031],[47.51881,42.902321],[47.520349,42.907569],[47.496352,42.919164],[47.484735,42.921076],[47.477621,42.924825],[47.452988,42.932566],[47.436816,42.9426],[47.426853,42.95566],[47.41778,42.959883],[47.419328,42.9567],[47.427675,42.952655],[47.426991,42.950518],[47.412919,42.954468],[47.410182,42.957492],[47.40347,42.960085],[47.400259,42.958159],[47.402703,42.955438],[47.401074,42.953961],[47.403788,42.95241],[47.404184,42.947141],[47.405971,42.945977],[47.405001,42.94188],[47.402184,42.94103],[47.391653,42.948033],[47.385768,42.948708],[47.370865,42.955264],[47.36939,42.953062],[47.377915,42.946061],[47.377763,42.943665],[47.358208,42.948777],[47.352558,42.954246],[47.367274,42.953322],[47.368969,42.955608],[47.348661,42.96276],[47.337311,42.963239],[47.325636,42.968016],[47.333205,43.001322],[47.299091,43.028079],[47.283767,43.035495],[47.296477,43.044304],[47.301403,43.041706],[47.307367,43.041543],[47.311533,43.043447],[47.317478,43.040772],[47.318767,43.04556],[47.324109,43.046771],[47.32559,43.044197],[47.329461,43.049214],[47.332343,43.049334],[47.328382,43.049515],[47.33116,43.052034],[47.3213,43.055783],[47.322195,43.058679],[47.312389,43.06331],[47.317442,43.068347],[47.318525,43.073257],[47.313491,43.075161],[47.309407,43.084392],[47.278966,43.083524],[47.284217,43.116774],[47.312818,43.127376],[47.334659,43.125497],[47.339669,43.123441],[47.339191,43.132537],[47.354325,43.139713],[47.355183,43.142198],[47.36135,43.144275],[47.391286,43.127463],[47.401575,43.123857],[47.395545,43.119131],[47.412961,43.089443],[47.426139,43.087762],[47.425581,43.085341],[47.412572,43.077861],[47.406687,43.055331],[47.395961,43.05729],[47.389895,43.055917],[47.38631,43.052647],[47.398319,43.04463],[47.396706,43.041517],[47.41086,43.038322],[47.409123,43.034576],[47.413076,43.032992],[47.408741,43.026065],[47.420631,43.021993],[47.421498,43.027655],[47.426483,43.030736],[47.423902,43.034564],[47.427997,43.0326],[47.429438,43.034686],[47.446539,43.030677],[47.449131,43.02541],[47.462586,43.026904],[47.465076,43.025504],[47.464022,43.024547],[47.465038,43.015713],[47.468649,43.006014],[47.474885,43.003537],[47.476172,43.000374],[47.474028,42.999666],[47.475596,42.998843],[47.478629,43.000629],[47.477803,42.998695],[47.480497,42.996979],[47.485404,42.999971],[47.480669,42.99689],[47.489139,42.994642],[47.497191,42.997909],[47.494081,43.001039],[47.497862,42.99801],[47.495844,42.997078],[47.496957,42.995648],[47.493203,42.994092],[47.498377,42.991936],[47.503569,42.99303],[47.505249,42.991657],[47.500939,42.990007],[47.507886,42.987753],[47.50853,42.990296],[47.505693,42.994677],[47.500756,42.999518],[47.50116,42.999708],[47.50706,42.994456],[47.513436,42.984376],[47.528293,42.977429],[47.527445,42.97886],[47.544583,42.968899],[47.549246,42.96876],[47.555825,42.965843],[47.555443,42.964122],[47.572539,42.956566],[47.592721,42.934533],[47.603879,42.927499],[47.613736,42.924858],[47.613169,42.92356],[47.617214,42.921683],[47.620392,42.917416],[47.614698,42.912546],[47.611251,42.91418],[47.608539,42.91145],[47.603319,42.91454],[47.59033,42.927085],[47.58186,42.92115],[47.594197,42.909371],[47.593482,42.906683],[47.597101,42.892801],[47.578542,42.889577],[47.567639,42.885038],[47.562309,42.885423],[47.556131,42.888486],[47.558675,42.884722],[47.583092,42.87491],[47.598187,42.86573],[47.583997,42.859608],[47.57116,42.873495],[47.559267,42.878897],[47.5555,42.889141],[47.549435,42.899093],[47.539091,42.90196],[47.540401,42.895908],[47.539108,42.894968],[47.528565,42.89425],[47.523111,42.901985],[47.522891,42.89846],[47.519431,42.896328],[47.499677,42.897963],[47.488645,42.8995],[47.482379,42.896454],[47.47864,42.890999],[47.477696,42.877607],[47.473877,42.879156],[47.46922,42.873574],[47.472235,42.871459],[47.479059,42.861142],[47.481301,42.853127],[47.484423,42.849352],[47.475357,42.840093],[47.463759,42.848377],[47.453835,42.860174],[47.433214,42.85623],[47.426734,42.858476],[47.421863,42.873991],[47.417336,42.867433]]],[[[47.490844,43.176621],[47.483389,43.158584],[47.476091,43.131129],[47.469891,43.095687],[47.4704,43.091601],[47.46922,43.091398],[47.470888,43.091368],[47.463543,43.060137],[47.46311,43.043103],[47.454192,43.041995],[47.457941,43.048826],[47.460329,43.071329],[47.46378,43.070981],[47.460621,43.077075],[47.464429,43.093596],[47.464264,43.099931],[47.467427,43.105462],[47.473378,43.134326],[47.480038,43.179933],[47.47787,43.181376],[47.45428,43.181448],[47.454355,43.183963],[47.455986,43.184034],[47.456708,43.195516],[47.451858,43.201105],[47.463566,43.208227],[47.466059,43.207399],[47.46732,43.203363],[47.470132,43.202222],[47.469199,43.210458],[47.476612,43.206701],[47.481194,43.209316],[47.493746,43.208628],[47.500071,43.226998],[47.465733,43.24073],[47.468297,43.255565],[47.474477,43.263112],[47.474609,43.274451],[47.45729,43.27635],[47.45384,43.291111],[47.447784,43.293993],[47.439732,43.306521],[47.447768,43.306833],[47.462761,43.301446],[47.467289,43.297159],[47.487455,43.287856],[47.472149,43.316616],[47.47103,43.32425],[47.474123,43.338543],[47.479585,43.353086],[47.491169,43.43282],[47.490973,43.435232],[47.489709,43.435239],[47.49046,43.43984],[47.491789,43.439522],[47.497119,43.456581],[47.497443,43.461786],[47.495301,43.462096],[47.495999,43.464848],[47.497367,43.46467],[47.501071,43.481765],[47.506723,43.496046],[47.531894,43.583226],[47.556836,43.651488],[47.576945,43.698527],[47.610452,43.760378],[47.627429,43.787964],[47.652036,43.82333],[47.675916,43.852792],[47.642294,43.874385],[47.621576,43.898375],[47.660655,43.906902],[47.665367,43.913314],[47.672944,43.916811],[47.683661,43.915106],[47.693503,43.91983],[47.706076,43.923302],[47.7191,43.925033],[47.726771,43.924346],[47.733973,43.921604],[47.744353,43.91409],[47.748045,43.914015],[47.748945,43.908758],[47.738171,43.90117],[47.73049,43.890869],[47.693464,43.8629],[47.679119,43.848456],[47.669549,43.833227],[47.66161,43.827592],[47.643212,43.80963],[47.605135,43.748928],[47.581779,43.701293],[47.573711,43.674108],[47.561316,43.644709],[47.524435,43.53706],[47.515408,43.515023],[47.496192,43.446844],[47.485024,43.384197],[47.482751,43.354044],[47.485421,43.313563],[47.494776,43.290358],[47.502329,43.289428],[47.508531,43.291076],[47.525925,43.299746],[47.525274,43.30282],[47.529345,43.310576],[47.528518,43.313805],[47.531984,43.318645],[47.535664,43.320034],[47.533046,43.321821],[47.536941,43.330048],[47.535621,43.333872],[47.537367,43.336041],[47.540284,43.33539],[47.548614,43.318809],[47.553677,43.302586],[47.553098,43.278611],[47.548472,43.257185],[47.513798,43.214246],[47.504703,43.20145],[47.490844,43.176621]]],[[[47.520701,43.358907],[47.521437,43.358199],[47.520743,43.358599],[47.520701,43.358907]]],[[[47.632763,43.957471],[47.636375,43.982085],[47.643285,43.991703],[47.652828,43.997063],[47.682022,44.001779],[47.703043,44.001467],[47.768996,43.989261],[47.850931,43.993417],[47.863612,43.988631],[47.866981,43.985775],[47.868376,43.981251],[47.867749,43.977806],[47.83949,43.9694],[47.826694,43.95898],[47.788167,43.933939],[47.771687,43.926057],[47.740574,43.925655],[47.723043,43.929674],[47.712198,43.928662],[47.692599,43.930916],[47.691125,43.932757],[47.692187,43.936195],[47.686297,43.939486],[47.68664,43.940907],[47.681887,43.941332],[47.683325,43.943124],[47.692198,43.941657],[47.68797,43.943997],[47.689762,43.946153],[47.683958,43.944584],[47.683024,43.94538],[47.68502,43.945658],[47.684108,43.946771],[47.693689,43.947736],[47.690213,43.949775],[47.690449,43.951228],[47.699504,43.956387],[47.723579,43.957082],[47.717121,43.958704],[47.699869,43.957144],[47.694225,43.955228],[47.666523,43.944415],[47.664228,43.942514],[47.666845,43.94151],[47.665901,43.939609],[47.658322,43.935066],[47.655753,43.935377],[47.641118,43.949312],[47.639937,43.952417],[47.632763,43.957471]]]]}},{"type":"Feature","id":"109876-512","properties":{"id":"109876-512","name":"городской округ Южно-Сухокумск","name_ru":"городской округ Южно-Сухокумск","subject_id":"109876","subject_name":"Дагестан","source_gid":512,"source_fid":611,"names_rosstat":"Городской округ город Южно-Сухокумск","population":10700,"area_km2":101.7335271329684,"density_km2":105.17673279935353,"source":"Актуализированный объединённый GeoJSON, предоставленный преподавателем","name_en":"Iuzhno-Sukhokumsk Urban Okrug","name_zh":"Iuzhno-Sukhokumsk城市辖区","subject_name_en":"Dagestan","subject_name_zh":"达吉斯坦共和国"},"geometry":{"type":"MultiPolygon","coordinates":[[[[45.584859,44.651223],[45.588736,44.602287],[45.654029,44.60242],[45.657343,44.600184],[45.660507,44.602457],[45.704207,44.603104],[45.704241,44.701552],[45.701891,44.706255],[45.691354,44.706677],[45.682731,44.703862],[45.67005,44.704709],[45.666901,44.700374],[45.6588,44.69545],[45.64994,44.694013],[45.641325,44.696209],[45.641285,44.690826],[45.6308,44.689717],[45.622034,44.698111],[45.607618,44.701766],[45.596477,44.702873],[45.586566,44.699755],[45.584859,44.651223]]],[[[45.940841,44.691487],[45.943565,44.68739],[45.947693,44.687401],[45.950797,44.689526],[45.950434,44.69225],[45.947214,44.694456],[45.940841,44.691487]]]]}},{"type":"Feature","id":"109876-513","properties":{"id":"109876-513","name":"городской округ Дагестанские Огни","name_ru":"городской округ Дагестанские Огни","subject_id":"109876","subject_name":"Дагестан","source_gid":513,"source_fid":612,"names_rosstat":"Городской округ город Дагестанские Огни","population":32673,"area_km2":11.218880102059364,"density_km2":2912.3227722170295,"source":"Актуализированный объединённый GeoJSON, предоставленный преподавателем","name_en":"Dagestanskie Ogni Urban Okrug","name_zh":"Dagestanskie Ogni城市辖区","subject_name_en":"Dagestan","subject_name_zh":"达吉斯坦共和国"},"geometry":{"type":"Polygon","coordinates":[[[48.161141,42.119022],[48.177157,42.110037],[48.171736,42.104976],[48.198724,42.103308],[48.206955,42.099856],[48.208146,42.104893],[48.215112,42.113737],[48.220162,42.117517],[48.194818,42.1253],[48.197519,42.131735],[48.186274,42.1389],[48.177654,42.136204],[48.17417,42.13179],[48.168691,42.133491],[48.169218,42.129677],[48.161141,42.119022]]]}},{"type":"Feature","id":"109876-516","properties":{"id":"109876-516","name":"городской округ Хасавюрт","name_ru":"городской округ Хасавюрт","subject_id":"109876","subject_name":"Дагестан","source_gid":516,"source_fid":615,"names_rosstat":"Городской округ город Хасавюрт","population":161114,"area_km2":37.66691380301972,"density_km2":4277.3347676571175,"source":"Актуализированный объединённый GeoJSON, предоставленный преподавателем","name_en":"Khasaviurt Urban Okrug","name_zh":"Khasaviurt城市辖区","subject_name_en":"Dagestan","subject_name_zh":"达吉斯坦共和国"},"geometry":{"type":"Polygon","coordinates":[[[46.55529,43.248079],[46.552685,43.251042],[46.552655,43.254851],[46.561743,43.254178],[46.56111,43.251779],[46.567883,43.250441],[46.571083,43.255686],[46.573818,43.264327],[46.560178,43.265945],[46.55685,43.267101],[46.567455,43.265385],[46.569629,43.271839],[46.567462,43.273206],[46.568261,43.275061],[46.56641,43.277393],[46.569489,43.284309],[46.590443,43.283864],[46.604535,43.285367],[46.61027,43.283755],[46.618453,43.277405],[46.623375,43.27718],[46.62419,43.258257],[46.628133,43.25172],[46.625274,43.245308],[46.628439,43.24108],[46.624622,43.233498],[46.632551,43.23088],[46.62974,43.224561],[46.623074,43.226752],[46.621811,43.223344],[46.619,43.223647],[46.612512,43.213144],[46.616551,43.208359],[46.615698,43.206267],[46.607496,43.20753],[46.607051,43.206243],[46.599348,43.206016],[46.598725,43.209594],[46.598082,43.211017],[46.598677,43.208916],[46.587986,43.207846],[46.587664,43.210263],[46.591902,43.213789],[46.580014,43.214896],[46.580465,43.220048],[46.56063,43.220775],[46.560965,43.223261],[46.55941,43.223613],[46.560466,43.230266],[46.563063,43.233178],[46.56141,43.233877],[46.5667,43.239564],[46.564559,43.245468],[46.55529,43.248079]]]}},{"type":"Feature","id":"109876-526","properties":{"id":"109876-526","name":"городской округ Каспийск","name_ru":"городской округ Каспийск","subject_id":"109876","subject_name":"Дагестан","source_gid":526,"source_fid":626,"names_rosstat":"Городской округ город Каспийск","population":133105,"area_km2":37.090600810997394,"density_km2":3588.645022987448,"source":"Актуализированный объединённый GeoJSON, предоставленный преподавателем","name_en":"Kaspiisk Urban Okrug","name_zh":"Kaspiisk城市辖区","subject_name_en":"Dagestan","subject_name_zh":"达吉斯坦共和国"},"geometry":{"type":"Polygon","coordinates":[[[47.556295,42.888512],[47.562309,42.885423],[47.567639,42.885038],[47.578542,42.889577],[47.597101,42.892801],[47.593482,42.906683],[47.594197,42.909371],[47.58186,42.92115],[47.59033,42.927085],[47.603319,42.91454],[47.608539,42.91145],[47.611251,42.91418],[47.614698,42.912546],[47.620392,42.917416],[47.62243,42.916989],[47.629533,42.906421],[47.631365,42.905862],[47.631331,42.903693],[47.635606,42.900891],[47.640655,42.894102],[47.654648,42.886162],[47.661074,42.887141],[47.653435,42.884769],[47.654681,42.884383],[47.653402,42.881704],[47.654954,42.882778],[47.65853,42.880689],[47.659884,42.882113],[47.657774,42.883714],[47.660079,42.882196],[47.659852,42.883581],[47.661001,42.882833],[47.663342,42.885681],[47.668732,42.883756],[47.679355,42.875913],[47.69768,42.869611],[47.697219,42.868388],[47.687311,42.866749],[47.67774,42.869348],[47.649735,42.857359],[47.644181,42.859056],[47.633811,42.84992],[47.623098,42.858027],[47.612327,42.85542],[47.600702,42.862927],[47.594195,42.859815],[47.607457,42.849058],[47.601667,42.846572],[47.602609,42.844667],[47.598966,42.843603],[47.586942,42.856564],[47.600646,42.862978],[47.598187,42.86573],[47.583092,42.87491],[47.558675,42.884722],[47.556295,42.888512]]]}},{"type":"Feature","id":"109876-530","properties":{"id":"109876-530","name":"городской округ Кизляр","name_ru":"городской округ Кизляр","subject_id":"109876","subject_name":"Дагестан","source_gid":530,"source_fid":630,"names_rosstat":"Городской округ город Кизляр","population":53686,"area_km2":33.277431312171366,"density_km2":1613.2855777352056,"source":"Актуализированный объединённый GeoJSON, предоставленный преподавателем","name_en":"Kizliar Urban Okrug","name_zh":"Kizliar城市辖区","subject_name_en":"Dagestan","subject_name_zh":"达吉斯坦共和国"},"geometry":{"type":"Polygon","coordinates":[[[46.658754,43.833887],[46.662633,43.826829],[46.661905,43.824639],[46.67946,43.823346],[46.673328,43.818799],[46.672872,43.814429],[46.675756,43.817876],[46.699579,43.812552],[46.70402,43.813928],[46.705459,43.821203],[46.709817,43.825025],[46.729433,43.821989],[46.732489,43.824583],[46.74005,43.824948],[46.74458,43.832458],[46.742631,43.835851],[46.744774,43.840308],[46.740534,43.847094],[46.747856,43.849512],[46.7555,43.855344],[46.765394,43.854999],[46.775493,43.857597],[46.792292,43.853713],[46.79458,43.861184],[46.796349,43.869975],[46.7866,43.871629],[46.782161,43.85939],[46.768933,43.86277],[46.757928,43.861077],[46.750834,43.869406],[46.757095,43.872515],[46.758767,43.878903],[46.741643,43.869918],[46.737794,43.869176],[46.732224,43.871918],[46.731262,43.869302],[46.728933,43.869639],[46.728048,43.864909],[46.725379,43.86553],[46.725987,43.86439],[46.721574,43.860445],[46.717411,43.860147],[46.714106,43.866433],[46.717763,43.872294],[46.714435,43.87169],[46.711773,43.868917],[46.714065,43.863416],[46.702547,43.862113],[46.702764,43.859701],[46.704233,43.859256],[46.701797,43.85739],[46.700597,43.860281],[46.690383,43.869309],[46.684312,43.881476],[46.679247,43.888144],[46.689549,43.893945],[46.691898,43.903747],[46.700412,43.912126],[46.700257,43.912926],[46.694752,43.922872],[46.698035,43.930723],[46.699674,43.936931],[46.694549,43.94964],[46.692805,43.96216],[46.696063,43.964168],[46.696731,43.961488],[46.698403,43.961956],[46.699798,43.963382],[46.69916,43.970447],[46.705894,43.971069],[46.702529,43.97539],[46.70107,43.984693],[46.703514,43.989134],[46.694417,43.991136],[46.689834,43.990526],[46.693849,43.951314],[46.699468,43.937071],[46.694531,43.92287],[46.700198,43.912192],[46.691646,43.903722],[46.689442,43.894016],[46.67906,43.888221],[46.690142,43.869341],[46.696444,43.862803],[46.692627,43.861517],[46.696198,43.860261],[46.697985,43.857027],[46.690596,43.844702],[46.684561,43.841377],[46.684124,43.839497],[46.675171,43.836824],[46.672682,43.840811],[46.667566,43.839892],[46.665927,43.842385],[46.664525,43.838341],[46.658754,43.833887]]]}},{"type":"Feature","id":"109876-536","properties":{"id":"109876-536","name":"городской округ Кизилюрт","name_ru":"городской округ Кизилюрт","subject_id":"109876","subject_name":"Дагестан","source_gid":536,"source_fid":636,"names_rosstat":"Городской округ город Кизилюрт","population":50887,"area_km2":23.139036014416284,"density_km2":2199.184096014023,"source":"Актуализированный объединённый GeoJSON, предоставленный преподавателем","name_en":"Kiziliurt Urban Okrug","name_zh":"Kiziliurt城市辖区","subject_name_en":"Dagestan","subject_name_zh":"达吉斯坦共和国"},"geometry":{"type":"Polygon","coordinates":[[[46.808622,43.210095],[46.819488,43.208774],[46.819302,43.206893],[46.828241,43.205138],[46.83005,43.182662],[46.82941,43.171635],[46.826818,43.165489],[46.833722,43.15101],[46.849378,43.152956],[46.851613,43.156906],[46.85108,43.161472],[46.853408,43.161189],[46.848132,43.167701],[46.847202,43.174144],[46.84416,43.177953],[46.844169,43.187573],[46.850902,43.188125],[46.849727,43.184553],[46.860321,43.184019],[46.862493,43.190952],[46.884086,43.190502],[46.891372,43.198512],[46.894674,43.198839],[46.8944,43.202948],[46.91156,43.201662],[46.910714,43.208865],[46.907244,43.207241],[46.900183,43.212928],[46.891652,43.217031],[46.886225,43.217192],[46.886852,43.218423],[46.873494,43.218855],[46.872578,43.213197],[46.861304,43.212764],[46.85521,43.21078],[46.850493,43.211821],[46.852928,43.213798],[46.849542,43.215161],[46.84569,43.213398],[46.842709,43.209024],[46.837254,43.211001],[46.83112,43.209782],[46.827545,43.217257],[46.826246,43.217201],[46.809537,43.214591],[46.808622,43.210095]]]}},{"type":"Feature","id":"109876-550","properties":{"id":"109876-550","name":"городской округ Избербаш","name_ru":"городской округ Избербаш","subject_id":"109876","subject_name":"Дагестан","source_gid":550,"source_fid":650,"names_rosstat":"Городской округ город Избербаш","population":59275,"area_km2":26.434330769000436,"density_km2":2242.3491828857586,"source":"Актуализированный объединённый GeoJSON, предоставленный преподавателем","name_en":"Izberbash Urban Okrug","name_zh":"Izberbash城市辖区","subject_name_en":"Dagestan","subject_name_zh":"达吉斯坦共和国"},"geometry":{"type":"Polygon","coordinates":[[[47.814177,42.600525],[47.818205,42.588807],[47.821109,42.587926],[47.827997,42.581248],[47.844117,42.572711],[47.842062,42.571055],[47.847665,42.564591],[47.851459,42.564377],[47.853838,42.566101],[47.868688,42.545336],[47.872728,42.54951],[47.893627,42.527487],[47.900055,42.529815],[47.905152,42.522732],[47.911246,42.523453],[47.905704,42.536794],[47.900897,42.560443],[47.887278,42.581375],[47.881545,42.58349],[47.878617,42.585946],[47.878936,42.587415],[47.874057,42.589464],[47.866979,42.594719],[47.867612,42.59561],[47.857028,42.599697],[47.851817,42.60021],[47.848617,42.594801],[47.839012,42.594682],[47.828779,42.596509],[47.81942,42.600966],[47.814177,42.600525]]]}},{"type":"Feature","id":"109876-551","properties":{"id":"109876-551","name":"городской округ Буйнакск","name_ru":"городской округ Буйнакск","subject_id":"109876","subject_name":"Дагестан","source_gid":551,"source_fid":651,"names_rosstat":"Городской округ город Буйнакск","population":70190,"area_km2":22.55283790311923,"density_km2":3112.2469066428303,"source":"Актуализированный объединённый GeoJSON, предоставленный преподавателем","name_en":"Buinaksk Urban Okrug","name_zh":"Buinaksk城市辖区","subject_name_en":"Dagestan","subject_name_zh":"达吉斯坦共和国"},"geometry":{"type":"Polygon","coordinates":[[[47.136228,42.809964],[47.134187,42.804972],[47.129881,42.802915],[47.126058,42.802306],[47.121167,42.804725],[47.114703,42.802434],[47.115907,42.799194],[47.113248,42.799549],[47.111452,42.797601],[47.113886,42.792293],[47.107045,42.787977],[47.103063,42.783006],[47.097718,42.782326],[47.096755,42.783701],[47.099444,42.784737],[47.098755,42.786209],[47.097531,42.784982],[47.095992,42.785528],[47.097802,42.785927],[47.097392,42.787459],[47.100751,42.787294],[47.106024,42.791721],[47.102379,42.792825],[47.100172,42.790086],[47.092057,42.792771],[47.09113,42.795087],[47.087329,42.796218],[47.089264,42.79745],[47.094788,42.795939],[47.094355,42.801501],[47.102283,42.807585],[47.105563,42.807536],[47.10575,42.811255],[47.100798,42.813157],[47.099826,42.815879],[47.093418,42.817082],[47.088483,42.814221],[47.082771,42.820964],[47.075811,42.821195],[47.070468,42.835871],[47.086278,42.846847],[47.095236,42.845446],[47.109198,42.854053],[47.118697,42.851784],[47.120513,42.850143],[47.112567,42.846821],[47.116493,42.840107],[47.113604,42.839026],[47.114554,42.837319],[47.121673,42.834302],[47.134777,42.836719],[47.139962,42.83264],[47.13923,42.829122],[47.142114,42.826529],[47.14048,42.822128],[47.136856,42.819751],[47.140479,42.814231],[47.139945,42.812013],[47.142716,42.810415],[47.136228,42.809964]]]}},{"type":"Feature","id":"109876-552","properties":{"id":"109876-552","name":"Шамильский район","name_ru":"Шамильский район","subject_id":"109876","subject_name":"Дагестан","source_gid":552,"source_fid":652,"names_rosstat":"Шамильский муниципальный район","population":31482,"area_km2":893.1314193572074,"density_km2":35.24901186732161,"source":"Актуализированный объединённый GeoJSON, предоставленный преподавателем","name_en":"Shamil'skii District","name_zh":"Shamil'skii区","subject_name_en":"Dagestan","subject_name_zh":"达吉斯坦共和国"},"geometry":{"type":"Polygon","coordinates":[[[46.565292,42.19178],[46.554467,42.191732],[46.552285,42.198987],[46.54441,42.201352],[46.535679,42.208494],[46.533314,42.218932],[46.530327,42.223101],[46.519578,42.223118],[46.506036,42.232638],[46.492461,42.235778],[46.489971,42.241943],[46.484683,42.247994],[46.484744,42.250334],[46.478257,42.251367],[46.467853,42.25907],[46.462184,42.258762],[46.455723,42.26127],[46.454212,42.263747],[46.455575,42.26515],[46.452501,42.269388],[46.447506,42.271325],[46.443281,42.276667],[46.433012,42.277223],[46.421475,42.29064],[46.418017,42.292543],[46.415398,42.299726],[46.420079,42.307257],[46.423944,42.308653],[46.423392,42.310769],[46.400332,42.312565],[46.394244,42.318479],[46.391762,42.32307],[46.392356,42.325595],[46.384925,42.332843],[46.373924,42.339165],[46.365842,42.340734],[46.356358,42.339728],[46.354081,42.338268],[46.345571,42.338324],[46.343644,42.334764],[46.336008,42.334716],[46.329195,42.341517],[46.302373,42.355214],[46.296652,42.353712],[46.285282,42.355769],[46.278097,42.351638],[46.277606,42.354223],[46.272233,42.357683],[46.268856,42.363602],[46.270219,42.366574],[46.269625,42.372412],[46.26567,42.376174],[46.267185,42.380388],[46.266303,42.39006],[46.27948,42.39725],[46.284506,42.402675],[46.278137,42.415576],[46.286217,42.421345],[46.280272,42.428177],[46.28019,42.43041],[46.287376,42.432869],[46.297589,42.447111],[46.310695,42.446055],[46.321431,42.442764],[46.332006,42.449412],[46.336963,42.449571],[46.339083,42.45768],[46.346137,42.462294],[46.363353,42.463634],[46.371138,42.468497],[46.379044,42.466737],[46.385752,42.468759],[46.388487,42.473966],[46.391779,42.475544],[46.390563,42.477908],[46.39328,42.489764],[46.408439,42.502668],[46.416646,42.506551],[46.428316,42.506588],[46.433075,42.504775],[46.43731,42.521579],[46.440748,42.522714],[46.443843,42.520564],[46.444214,42.518421],[46.446582,42.518563],[46.45274,42.513253],[46.460068,42.51182],[46.463666,42.512867],[46.46588,42.509645],[46.472364,42.513718],[46.472204,42.516704],[46.47426,42.517774],[46.488657,42.516517],[46.492552,42.51399],[46.499468,42.519227],[46.50304,42.519951],[46.508542,42.518688],[46.5212,42.508968],[46.527257,42.518721],[46.541336,42.526343],[46.541359,42.530091],[46.539225,42.530881],[46.538811,42.534041],[46.547634,42.537653],[46.5589,42.536356],[46.565609,42.533688],[46.568908,42.537023],[46.571386,42.535681],[46.575356,42.53765],[46.579889,42.536196],[46.584441,42.53777],[46.586444,42.535558],[46.594366,42.534693],[46.595667,42.532478],[46.60742,42.530157],[46.611235,42.53095],[46.616401,42.528057],[46.631187,42.529869],[46.639221,42.528179],[46.645831,42.523887],[46.647363,42.521026],[46.648162,42.513233],[46.645401,42.507023],[46.648111,42.507828],[46.653745,42.498896],[46.658449,42.499854],[46.665678,42.483456],[46.672366,42.47878],[46.676873,42.478911],[46.688218,42.483581],[46.696371,42.481036],[46.704869,42.48103],[46.726763,42.490632],[46.733623,42.491153],[46.733204,42.49505],[46.74561,42.495884],[46.75663,42.494647],[46.767919,42.502979],[46.772383,42.504055],[46.804395,42.499968],[46.806937,42.492405],[46.796211,42.482024],[46.789208,42.488246],[46.760602,42.490065],[46.758017,42.486678],[46.758463,42.48213],[46.759488,42.479092],[46.764622,42.474959],[46.765913,42.470843],[46.749143,42.469832],[46.750371,42.466554],[46.770246,42.460909],[46.775861,42.457617],[46.779041,42.455376],[46.781211,42.450375],[46.786894,42.446447],[46.78238,42.437344],[46.763946,42.428746],[46.758903,42.432008],[46.758005,42.4267],[46.752449,42.423332],[46.753883,42.418241],[46.751731,42.411726],[46.753569,42.400076],[46.750565,42.391466],[46.762225,42.388936],[46.757553,42.379068],[46.752934,42.375345],[46.750648,42.369248],[46.745223,42.364667],[46.7424,42.365623],[46.737177,42.363029],[46.722629,42.368709],[46.718011,42.364083],[46.700961,42.359011],[46.699346,42.351725],[46.69418,42.346903],[46.683022,42.346077],[46.674257,42.342707],[46.669548,42.335113],[46.67526,42.332169],[46.674805,42.330452],[46.665231,42.32157],[46.654474,42.318101],[46.642149,42.317213],[46.628571,42.310451],[46.627155,42.303826],[46.621339,42.299077],[46.627348,42.298522],[46.631615,42.293178],[46.629913,42.29054],[46.630943,42.284456],[46.62961,42.279365],[46.62588,42.27579],[46.62763,42.274557],[46.628852,42.262444],[46.61687,42.259907],[46.616929,42.254822],[46.601171,42.246096],[46.59297,42.244332],[46.587674,42.238847],[46.584993,42.23128],[46.58565,42.227083],[46.577518,42.219239],[46.576598,42.211512],[46.570772,42.203888],[46.569758,42.196397],[46.565292,42.19178]]]}},{"type":"Feature","id":"109876-553","properties":{"id":"109876-553","name":"городской округ Дербент","name_ru":"городской округ Дербент","subject_id":"109876","subject_name":"Дагестан","source_gid":553,"source_fid":653,"names_rosstat":"Городской округ город Дербент","population":128141,"area_km2":33.57736112642944,"density_km2":3816.291563756556,"source":"Актуализированный объединённый GeoJSON, предоставленный преподавателем","name_en":"Derbent Urban Okrug","name_zh":"Derbent城市辖区","subject_name_en":"Dagestan","subject_name_zh":"达吉斯坦共和国"},"geometry":{"type":"Polygon","coordinates":[[[48.22398,42.124014],[48.232668,42.127937],[48.234,42.131693],[48.23998,42.136292],[48.26399,42.123456],[48.266667,42.118677],[48.285066,42.106419],[48.288668,42.105503],[48.292344,42.108424],[48.292587,42.106198],[48.289385,42.101789],[48.291215,42.098855],[48.290798,42.093161],[48.311841,42.052488],[48.31764,42.045367],[48.319337,42.039952],[48.330563,42.026551],[48.333443,42.025305],[48.336488,42.011764],[48.335478,42.008305],[48.333519,42.008223],[48.3334,42.014069],[48.328203,42.014061],[48.323922,42.022431],[48.319716,42.021546],[48.318525,42.02377],[48.30829,42.021466],[48.304846,42.025882],[48.307679,42.026248],[48.305804,42.035155],[48.301696,42.03436],[48.302282,42.03062],[48.298234,42.031519],[48.289558,42.029237],[48.287063,42.037146],[48.280535,42.045277],[48.27472,42.050093],[48.271431,42.047349],[48.270047,42.047994],[48.265654,42.057116],[48.271107,42.058217],[48.266716,42.06722],[48.270916,42.068912],[48.266896,42.078001],[48.268873,42.077043],[48.270259,42.079126],[48.267491,42.086648],[48.269131,42.090298],[48.258334,42.097387],[48.254075,42.096612],[48.250516,42.101998],[48.249183,42.101296],[48.235207,42.108768],[48.240932,42.113223],[48.243552,42.112271],[48.253228,42.11828],[48.248042,42.123079],[48.246095,42.122228],[48.244808,42.125236],[48.241278,42.123441],[48.237453,42.128299],[48.234197,42.1214],[48.22398,42.124014]]]}},{"type":"Feature","id":"109876-554","properties":{"id":"109876-554","name":"Чародинский район","name_ru":"Чародинский район","subject_id":"109876","subject_name":"Дагестан","source_gid":554,"source_fid":654,"names_rosstat":"Чародинский муниципальный район","population":14563,"area_km2":1118.8838257277255,"density_km2":13.015649761965394,"source":"Актуализированный объединённый GeoJSON, предоставленный преподавателем","name_en":"Charodinskii District","name_zh":"Charodinskii区","subject_name_en":"Dagestan","subject_name_zh":"达吉斯坦共和国"},"geometry":{"type":"MultiPolygon","coordinates":[[[[46.548982,42.149284],[46.545018,42.149847],[46.544422,42.152142],[46.540235,42.151856],[46.54132,42.163219],[46.536854,42.167062],[46.546062,42.171486],[46.547765,42.176847],[46.552395,42.182487],[46.554467,42.191732],[46.559758,42.190675],[46.565292,42.19178],[46.569758,42.196397],[46.570772,42.203888],[46.576598,42.211512],[46.577518,42.219239],[46.58565,42.227083],[46.586367,42.237446],[46.59297,42.244332],[46.601171,42.246096],[46.616929,42.254822],[46.61687,42.259907],[46.628852,42.262444],[46.62763,42.274557],[46.62588,42.27579],[46.62961,42.279365],[46.630943,42.284456],[46.629913,42.29054],[46.631615,42.293178],[46.627348,42.298522],[46.621339,42.299077],[46.627155,42.303826],[46.628571,42.310451],[46.642149,42.317213],[46.654474,42.318101],[46.665231,42.32157],[46.674805,42.330452],[46.67526,42.332169],[46.669548,42.335113],[46.674257,42.342707],[46.683022,42.346077],[46.69418,42.346903],[46.699346,42.351725],[46.700961,42.359011],[46.718011,42.364083],[46.722629,42.368709],[46.737177,42.363029],[46.7424,42.365623],[46.745223,42.364667],[46.745924,42.348558],[46.75552,42.348517],[46.766947,42.340355],[46.772769,42.340628],[46.777231,42.336918],[46.790747,42.330512],[46.80089,42.3318],[46.805622,42.330183],[46.808986,42.332007],[46.815082,42.33174],[46.814046,42.319893],[46.825871,42.319325],[46.825799,42.316384],[46.83083,42.317464],[46.833744,42.321457],[46.852751,42.321783],[46.851872,42.315895],[46.847012,42.308304],[46.835275,42.304294],[46.831069,42.29979],[46.827427,42.299473],[46.830805,42.294487],[46.839824,42.293802],[46.839064,42.297664],[46.852262,42.297039],[46.866977,42.291767],[46.859037,42.285243],[46.854057,42.28366],[46.846779,42.278143],[46.842761,42.277403],[46.840589,42.274113],[46.866344,42.273542],[46.878122,42.269523],[46.890858,42.267527],[46.898189,42.263078],[46.898676,42.259601],[46.894311,42.258302],[46.890779,42.252321],[46.891409,42.249289],[46.886665,42.244713],[46.886583,42.236683],[46.884849,42.233699],[46.886691,42.229847],[46.885697,42.223269],[46.893535,42.218105],[46.910247,42.21323],[46.918568,42.20652],[46.920774,42.202564],[46.92049,42.198853],[46.923072,42.197916],[46.92408,42.194815],[46.930346,42.192965],[46.931702,42.184728],[46.933999,42.183357],[46.93203,42.178546],[46.945695,42.16602],[46.944735,42.163328],[46.947521,42.155508],[46.945068,42.153167],[46.952764,42.14419],[46.954011,42.139947],[46.946019,42.126584],[46.941994,42.123388],[46.943115,42.112818],[46.941721,42.107454],[46.9486,42.102751],[46.954275,42.101967],[46.959887,42.104367],[46.968282,42.102824],[46.967884,42.098505],[46.974312,42.091224],[46.974879,42.087209],[46.978447,42.081578],[46.977552,42.080442],[46.979336,42.077506],[46.977569,42.076931],[46.977689,42.069579],[46.974017,42.066566],[46.965412,42.065303],[46.959072,42.056766],[46.959528,42.0535],[46.952048,42.04812],[46.948656,42.047522],[46.944246,42.043458],[46.943616,42.037322],[46.936252,42.032551],[46.93672,42.027449],[46.932156,42.012722],[46.935227,42.006789],[46.931783,42.002446],[46.921417,41.994962],[46.927979,41.990153],[46.92623,41.980417],[46.930594,41.978011],[46.933163,41.97158],[46.931375,41.969411],[46.931532,41.966133],[46.92223,41.95936],[46.929053,41.955176],[46.929814,41.946841],[46.935641,41.942346],[46.94831,41.939023],[46.948749,41.937314],[46.930949,41.926865],[46.90655,41.922533],[46.901559,41.918113],[46.896,41.917893],[46.885107,41.907929],[46.878747,41.909153],[46.875609,41.906932],[46.876151,41.90054],[46.870025,41.897252],[46.856815,41.898424],[46.850389,41.905355],[46.831313,41.913775],[46.821665,41.910305],[46.815402,41.902771],[46.812311,41.893203],[46.804202,41.891829],[46.800098,41.888287],[46.794857,41.887029],[46.783947,41.887426],[46.783336,41.890721],[46.762284,41.90665],[46.757412,41.908469],[46.735352,41.910273],[46.730181,41.914756],[46.746697,41.91763],[46.747322,41.919889],[46.747629,41.922535],[46.741966,41.927809],[46.741813,41.937556],[46.734627,41.941153],[46.732386,41.947646],[46.72677,41.95099],[46.723583,41.955285],[46.687356,41.954437],[46.676689,41.956092],[46.672673,41.958742],[46.677833,41.962899],[46.680895,41.979324],[46.68515,41.982325],[46.682515,41.992741],[46.683773,41.99894],[46.680551,42.002973],[46.682034,42.009226],[46.662082,42.010088],[46.652861,42.017033],[46.653027,42.021302],[46.645918,42.026853],[46.644116,42.032153],[46.641538,42.033877],[46.655251,42.042639],[46.655097,42.044793],[46.661515,42.050523],[46.662408,42.058483],[46.658736,42.060851],[46.658247,42.06928],[46.655047,42.072514],[46.654615,42.076939],[46.65842,42.078269],[46.66511,42.087721],[46.676819,42.092698],[46.679249,42.098244],[46.683464,42.099926],[46.669136,42.115787],[46.670867,42.12923],[46.66996,42.132111],[46.66244,42.137745],[46.6542,42.138759],[46.60261,42.119296],[46.594436,42.120685],[46.585208,42.124889],[46.584907,42.127171],[46.575554,42.126236],[46.57215,42.130505],[46.571472,42.135181],[46.569364,42.136211],[46.567129,42.1438],[46.555587,42.145162],[46.548982,42.149284]]],[[[47.029662,43.581298],[47.041567,43.590971],[47.05229,43.586855],[47.053574,43.579859],[47.042066,43.576643],[47.028298,43.577382],[47.029662,43.581298]]]]}},{"type":"Feature","id":"109876-555","properties":{"id":"109876-555","name":"Цунтинский район","name_ru":"Цунтинский район","subject_id":"109876","subject_name":"Дагестан","source_gid":555,"source_fid":655,"names_rosstat":"Цунтинский муниципальный район","population":21731,"area_km2":1313.5320176159885,"density_km2":16.543943892164084,"source":"Актуализированный объединённый GeoJSON, предоставленный преподавателем","name_en":"Tsuntinskii District","name_zh":"Tsuntinskii区","subject_name_en":"Dagestan","subject_name_zh":"达吉斯坦共和国"},"geometry":{"type":"MultiPolygon","coordinates":[[[[45.605942,42.219804],[45.608972,42.233808],[45.622387,42.243973],[45.618165,42.25055],[45.61927,42.253956],[45.62296,42.255528],[45.627306,42.261419],[45.633417,42.264583],[45.63811,42.274645],[45.642129,42.276878],[45.643159,42.281234],[45.652072,42.292134],[45.657518,42.291911],[45.662444,42.286704],[45.669821,42.282813],[45.676941,42.285802],[45.680784,42.285068],[45.685083,42.286518],[45.687725,42.284553],[45.702271,42.296446],[45.715744,42.293071],[45.72141,42.28896],[45.733043,42.293286],[45.738333,42.293453],[45.753571,42.309389],[45.75269,42.312174],[45.754501,42.323039],[45.757466,42.325997],[45.770346,42.329336],[45.773759,42.332141],[45.775292,42.337767],[45.782322,42.336256],[45.799523,42.340835],[45.820295,42.34067],[45.823979,42.343224],[45.829929,42.34],[45.837298,42.330316],[45.839816,42.329346],[45.847267,42.327324],[45.851601,42.33019],[45.85762,42.328133],[45.863212,42.328788],[45.87426,42.336217],[45.886781,42.356221],[45.891404,42.359786],[45.89176,42.363095],[45.898454,42.368384],[45.899219,42.371321],[45.902215,42.372172],[45.903179,42.383783],[45.905892,42.389919],[45.910685,42.3937],[45.917953,42.393747],[45.919434,42.397684],[45.92929,42.398837],[45.932364,42.401532],[45.934486,42.401276],[45.940124,42.406234],[45.944925,42.400922],[45.949455,42.390904],[45.954956,42.387759],[45.959201,42.37923],[45.966522,42.37462],[45.972251,42.367795],[45.978616,42.366678],[45.991463,42.372565],[45.9972,42.364713],[46.003793,42.360922],[46.006614,42.360227],[46.01301,42.362484],[46.026024,42.352276],[46.039152,42.348354],[46.040118,42.342501],[46.03901,42.338747],[46.034165,42.333938],[46.035003,42.305427],[46.038454,42.300775],[46.034601,42.295041],[46.045815,42.290636],[46.050651,42.283377],[46.059338,42.283425],[46.066897,42.286898],[46.077497,42.28332],[46.080441,42.279201],[46.085573,42.278825],[46.103433,42.284167],[46.11013,42.289672],[46.117242,42.290852],[46.120016,42.294598],[46.123354,42.292876],[46.128432,42.294334],[46.133715,42.293513],[46.155219,42.28569],[46.150052,42.277655],[46.150865,42.274227],[46.144385,42.268424],[46.144691,42.259624],[46.140949,42.252289],[46.143122,42.247931],[46.135306,42.242259],[46.134349,42.235046],[46.126936,42.229546],[46.128335,42.223874],[46.125637,42.218666],[46.116715,42.214889],[46.115529,42.209752],[46.122134,42.204583],[46.126557,42.197765],[46.13669,42.190225],[46.144423,42.17472],[46.158924,42.172113],[46.175124,42.180419],[46.182263,42.181026],[46.187082,42.174493],[46.200483,42.169],[46.217418,42.156635],[46.225114,42.160898],[46.231674,42.170251],[46.238263,42.173552],[46.263147,42.17344],[46.273628,42.16488],[46.290106,42.157432],[46.287836,42.15615],[46.28445,42.145027],[46.289454,42.142999],[46.292186,42.138202],[46.285813,42.129008],[46.277026,42.122493],[46.279303,42.10982],[46.276919,42.106106],[46.278448,42.097527],[46.276788,42.095524],[46.28024,42.092256],[46.276656,42.080825],[46.268289,42.077408],[46.266769,42.073915],[46.260634,42.070221],[46.251681,42.060659],[46.24255,42.055147],[46.241652,42.044638],[46.239207,42.041568],[46.229155,42.035812],[46.231961,42.029737],[46.229901,42.028304],[46.227777,42.02257],[46.224962,42.021605],[46.224219,42.015665],[46.221575,42.015548],[46.218839,42.012454],[46.218504,42.009202],[46.20157,42.007033],[46.196976,42.00486],[46.191339,41.998831],[46.173845,41.997689],[46.168862,41.993555],[46.159265,41.990153],[46.153448,41.991646],[46.150739,41.994943],[46.150327,42.007897],[46.147179,42.010812],[46.141973,42.007881],[46.133048,42.00774],[46.124878,42.004193],[46.121133,41.999366],[46.113771,41.996168],[46.115234,41.991852],[46.111789,41.988328],[46.10629,41.986029],[46.104212,41.990409],[46.094678,41.994918],[46.09066,42.002411],[46.085935,42.005384],[46.083864,42.01028],[46.085661,42.016387],[46.083641,42.01979],[46.085071,42.022416],[46.083631,42.028223],[46.077407,42.037819],[46.073375,42.04061],[46.063082,42.032503],[46.060634,42.028739],[46.051826,42.026526],[46.047197,42.021061],[46.04382,42.021608],[46.040485,42.019917],[46.033939,42.024279],[46.02901,42.023922],[46.023431,42.026266],[46.023626,42.033607],[46.02228,42.040847],[46.02083,42.041663],[46.0176,42.041807],[46.004748,42.036872],[45.987334,42.045341],[45.974485,42.038051],[45.972653,42.033993],[45.968784,42.032534],[45.964935,42.027346],[45.957576,42.024081],[45.954341,42.023821],[45.943813,42.029874],[45.943824,42.035783],[45.940289,42.036099],[45.927909,42.031495],[45.934246,42.043835],[45.930244,42.054394],[45.911838,42.064523],[45.912556,42.071617],[45.921273,42.080836],[45.913707,42.088686],[45.913408,42.095385],[45.905796,42.097119],[45.897218,42.106021],[45.887741,42.105865],[45.883006,42.10332],[45.878649,42.104113],[45.870299,42.109211],[45.857015,42.112466],[45.853981,42.115988],[45.850378,42.111655],[45.841721,42.109295],[45.834104,42.11083],[45.822892,42.106133],[45.803924,42.11605],[45.793294,42.108958],[45.791241,42.103512],[45.78603,42.102069],[45.769484,42.116897],[45.769147,42.126909],[45.748371,42.127274],[45.745207,42.131048],[45.738947,42.131543],[45.740253,42.138644],[45.747982,42.146101],[45.74572,42.148732],[45.737812,42.152195],[45.725601,42.153752],[45.721228,42.159011],[45.721881,42.162647],[45.719662,42.165305],[45.709862,42.167954],[45.702912,42.173207],[45.699481,42.172556],[45.692988,42.176815],[45.68352,42.17801],[45.678978,42.182359],[45.672094,42.185388],[45.647516,42.186408],[45.644197,42.190863],[45.632033,42.198096],[45.622504,42.209167],[45.611806,42.210362],[45.608441,42.212182],[45.605942,42.219804]]],[[[46.654025,43.684583],[46.654874,43.689778],[46.658236,43.693792],[46.663644,43.693416],[46.663045,43.691212],[46.670639,43.689421],[46.672385,43.683151],[46.670574,43.681783],[46.660592,43.684377],[46.657679,43.680062],[46.654025,43.684583]]],[[[46.697878,43.691246],[46.707547,43.699656],[46.703195,43.700348],[46.699818,43.714148],[46.704091,43.710171],[46.70986,43.712276],[46.711251,43.714663],[46.716218,43.704425],[46.714133,43.694442],[46.707242,43.695684],[46.706672,43.69343],[46.702667,43.69127],[46.697878,43.691246]]],[[[46.814394,43.66567],[46.816559,43.67231],[46.826199,43.670715],[46.834618,43.673007],[46.834706,43.66731],[46.832239,43.664759],[46.826878,43.666812],[46.824117,43.666183],[46.822779,43.665301],[46.823453,43.662253],[46.820909,43.660132],[46.818572,43.664719],[46.816634,43.664093],[46.814394,43.66567]]]]}},{"type":"Feature","id":"109876-556","properties":{"id":"109876-556","name":"Цумадинский район","name_ru":"Цумадинский район","subject_id":"109876","subject_name":"Дагестан","source_gid":556,"source_fid":656,"names_rosstat":"Цумадинский муниципальный район","population":27826,"area_km2":1151.4886111865314,"density_km2":24.165241175357508,"source":"Актуализированный объединённый GeoJSON, предоставленный преподавателем","name_en":"Tsumadinskii District","name_zh":"Tsumadinskii区","subject_name_en":"Dagestan","subject_name_zh":"达吉斯坦共和国"},"geometry":{"type":"MultiPolygon","coordinates":[[[[45.734701,42.378317],[45.752114,42.397767],[45.755155,42.408183],[45.761802,42.41212],[45.77161,42.423428],[45.77459,42.428526],[45.775638,42.438869],[45.781208,42.446866],[45.77875,42.453609],[45.773453,42.460468],[45.774153,42.467924],[45.776786,42.474373],[45.77514,42.488289],[45.782865,42.490989],[45.783666,42.493373],[45.788261,42.492125],[45.796562,42.495681],[45.798822,42.494796],[45.804148,42.497921],[45.81472,42.499753],[45.820836,42.498659],[45.823635,42.50222],[45.822446,42.506152],[45.828228,42.509333],[45.836886,42.511341],[45.843447,42.516678],[45.842438,42.522939],[45.847479,42.524651],[45.859893,42.534129],[45.862944,42.535709],[45.871354,42.534884],[45.881632,42.536394],[45.886536,42.539767],[45.888385,42.544418],[45.899589,42.551713],[45.907403,42.553925],[45.901203,42.567918],[45.895912,42.574718],[45.897396,42.577097],[45.894428,42.58083],[45.915709,42.589487],[45.918169,42.593963],[45.922839,42.597055],[45.925627,42.602599],[45.935036,42.600408],[45.94598,42.594684],[45.951044,42.585869],[45.95595,42.583821],[45.959696,42.579637],[45.969266,42.578373],[45.971388,42.581603],[45.981291,42.586185],[45.987295,42.590952],[45.998547,42.591321],[46.006873,42.599223],[46.007859,42.609272],[46.01549,42.614835],[46.021656,42.615505],[46.030692,42.621288],[46.037896,42.616745],[46.051601,42.61418],[46.057245,42.609218],[46.0621,42.610517],[46.080445,42.608939],[46.091556,42.610464],[46.112732,42.606816],[46.117569,42.603815],[46.124924,42.602681],[46.144225,42.605734],[46.150356,42.60935],[46.159644,42.594854],[46.168034,42.586202],[46.203448,42.580106],[46.203279,42.582867],[46.205555,42.582571],[46.225315,42.574832],[46.259549,42.567183],[46.261281,42.565814],[46.260499,42.563343],[46.263118,42.561265],[46.260483,42.558783],[46.263537,42.547812],[46.262478,42.540032],[46.264726,42.536979],[46.260063,42.532792],[46.260132,42.526316],[46.257956,42.519145],[46.260922,42.514716],[46.278084,42.505972],[46.281382,42.49667],[46.275117,42.491798],[46.269343,42.489979],[46.267719,42.486451],[46.274642,42.478697],[46.287298,42.475657],[46.293593,42.462551],[46.298876,42.457139],[46.297589,42.447111],[46.293983,42.441432],[46.287376,42.432869],[46.28019,42.43041],[46.280272,42.428177],[46.286217,42.421345],[46.278137,42.415576],[46.284506,42.402675],[46.27948,42.39725],[46.266303,42.39006],[46.267185,42.380388],[46.26567,42.376174],[46.269625,42.372412],[46.270219,42.366574],[46.268856,42.363602],[46.272233,42.357683],[46.277606,42.354223],[46.278097,42.351638],[46.27539,42.346183],[46.265378,42.341446],[46.259758,42.342892],[46.249107,42.339139],[46.239846,42.331393],[46.216651,42.324863],[46.200692,42.312086],[46.170557,42.304383],[46.169396,42.302847],[46.170317,42.300897],[46.166238,42.299268],[46.155219,42.28569],[46.133715,42.293513],[46.128432,42.294334],[46.123354,42.292876],[46.120016,42.294598],[46.117242,42.290852],[46.11013,42.289672],[46.103433,42.284167],[46.085573,42.278825],[46.080441,42.279201],[46.077497,42.28332],[46.066897,42.286898],[46.059338,42.283425],[46.050651,42.283377],[46.045815,42.290636],[46.034601,42.295041],[46.038454,42.300775],[46.035003,42.305427],[46.034165,42.333938],[46.03901,42.338747],[46.040118,42.342501],[46.039152,42.348354],[46.026024,42.352276],[46.01301,42.362484],[46.006614,42.360227],[46.003793,42.360922],[45.9972,42.364713],[45.991463,42.372565],[45.978616,42.366678],[45.972251,42.367795],[45.966522,42.37462],[45.959201,42.37923],[45.954956,42.387759],[45.949455,42.390904],[45.944925,42.400922],[45.940124,42.406234],[45.934486,42.401276],[45.932364,42.401532],[45.92929,42.398837],[45.919434,42.397684],[45.917953,42.393747],[45.910685,42.3937],[45.905892,42.389919],[45.903179,42.383783],[45.902215,42.372172],[45.899219,42.371321],[45.898454,42.368384],[45.89176,42.363095],[45.891404,42.359786],[45.886781,42.356221],[45.87426,42.336217],[45.863212,42.328788],[45.859342,42.328223],[45.851601,42.33019],[45.847267,42.327324],[45.837298,42.330316],[45.829929,42.34],[45.823979,42.343224],[45.820295,42.34067],[45.799523,42.340835],[45.782322,42.336256],[45.775292,42.337767],[45.773759,42.332141],[45.770346,42.329336],[45.757466,42.325997],[45.750096,42.327895],[45.742506,42.333456],[45.743323,42.351282],[45.741855,42.360528],[45.743953,42.362623],[45.739462,42.365775],[45.739967,42.367719],[45.73606,42.371741],[45.734701,42.378317]]],[[[46.457083,43.611215],[46.46027,43.611409],[46.462244,43.597969],[46.457759,43.59793],[46.457341,43.603431],[46.455281,43.603687],[46.455013,43.608045],[46.457426,43.608333],[46.457083,43.611215]]],[[[46.975008,43.725848],[46.978928,43.732689],[46.983751,43.733697],[46.985709,43.729599],[46.983649,43.728011],[46.982464,43.723677],[46.979438,43.722564],[46.97245,43.724356],[46.975008,43.725848]]],[[[46.985488,43.410477],[47.000522,43.402364],[46.998952,43.39562],[47.0063,43.379247],[47.003173,43.379129],[46.98932,43.386301],[46.985473,43.386301],[46.976158,43.381925],[46.960001,43.383188],[46.946572,43.390369],[46.937068,43.405007],[46.943197,43.41204],[46.985488,43.410477]]],[[[46.999018,43.724855],[47.002773,43.72746],[47.003406,43.725979],[46.999018,43.724855]]],[[[47.009758,43.741616],[47.008545,43.742042],[47.011077,43.744437],[47.016694,43.744561],[47.0187,43.743379],[47.018883,43.737953],[47.021565,43.737054],[47.022128,43.734081],[47.02572,43.73482],[47.029359,43.732883],[47.038254,43.736205],[47.043897,43.736399],[47.045678,43.734786],[47.039219,43.730584],[47.047427,43.724049],[47.046633,43.722327],[47.039777,43.714899],[47.035335,43.715426],[47.033211,43.713999],[47.032535,43.716744],[47.026988,43.718947],[47.026981,43.723757],[47.029349,43.723521],[47.029263,43.726158],[47.025724,43.72874],[47.021356,43.728484],[47.018727,43.73198],[47.014677,43.73148],[47.014173,43.73505],[47.006636,43.735251],[47.009758,43.741616]]],[[[47.03459,43.686941],[47.035123,43.705453],[47.049878,43.702889],[47.040894,43.684989],[47.038957,43.685097],[47.031039,43.678127],[47.020085,43.676507],[47.022563,43.685404],[47.03459,43.686941]]]]}},{"type":"Feature","id":"109876-557","properties":{"id":"109876-557","name":"Хунзахский район","name_ru":"Хунзахский район","subject_id":"109876","subject_name":"Дагестан","source_gid":557,"source_fid":657,"names_rosstat":"Хунзахский муниципальный район","population":31739,"area_km2":561.1081753101407,"density_km2":56.56485040956129,"source":"Актуализированный объединённый GeoJSON, предоставленный преподавателем","name_en":"Khunzakhskii District","name_zh":"Khunzakhskii区","subject_name_en":"Dagestan","subject_name_zh":"达吉斯坦共和国"},"geometry":{"type":"MultiPolygon","coordinates":[[[[46.565609,42.533688],[46.546086,42.537288],[46.538811,42.534041],[46.539225,42.530881],[46.541359,42.530091],[46.541336,42.526343],[46.527257,42.518721],[46.5212,42.508968],[46.508542,42.518688],[46.50304,42.519951],[46.499468,42.519227],[46.492552,42.51399],[46.488657,42.516517],[46.47426,42.517774],[46.472204,42.516704],[46.472364,42.513718],[46.46588,42.509645],[46.463666,42.512867],[46.460068,42.51182],[46.45274,42.513253],[46.448281,42.5172],[46.453719,42.525347],[46.450037,42.532015],[46.452063,42.535256],[46.447159,42.539518],[46.463084,42.537891],[46.467423,42.549399],[46.457155,42.557584],[46.4724,42.55659],[46.479583,42.560786],[46.468569,42.564538],[46.46821,42.566567],[46.463029,42.568175],[46.461387,42.577635],[46.46719,42.58241],[46.465651,42.585041],[46.461699,42.582165],[46.453183,42.587021],[46.454056,42.591013],[46.448545,42.592543],[46.450688,42.598032],[46.453868,42.600699],[46.450882,42.617499],[46.453057,42.619308],[46.455083,42.625843],[46.461014,42.629425],[46.469551,42.62388],[46.469839,42.624675],[46.462581,42.633757],[46.464961,42.634085],[46.463043,42.634625],[46.468149,42.641048],[46.471382,42.642216],[46.470682,42.646943],[46.46812,42.649758],[46.469927,42.65298],[46.465544,42.654329],[46.471116,42.657333],[46.470753,42.661106],[46.472361,42.66393],[46.47551,42.659348],[46.487219,42.659669],[46.489887,42.660501],[46.490211,42.663475],[46.498857,42.66364],[46.506002,42.669154],[46.511324,42.668101],[46.514084,42.665587],[46.520729,42.67106],[46.523264,42.671117],[46.521427,42.670139],[46.521783,42.667936],[46.528235,42.66972],[46.53268,42.67811],[46.542006,42.681976],[46.545464,42.686104],[46.545657,42.689236],[46.550858,42.694559],[46.55279,42.694128],[46.551213,42.692582],[46.553474,42.692773],[46.553255,42.69071],[46.555773,42.688156],[46.56789,42.683561],[46.566584,42.681455],[46.571315,42.680294],[46.569523,42.673137],[46.574722,42.669441],[46.579539,42.67038],[46.585472,42.668775],[46.597112,42.663302],[46.605291,42.657044],[46.606019,42.659802],[46.61087,42.664009],[46.61914,42.668497],[46.627121,42.669448],[46.637026,42.668112],[46.635681,42.666956],[46.64004,42.666505],[46.641648,42.663971],[46.640589,42.660061],[46.641799,42.657232],[46.657752,42.65541],[46.665127,42.652045],[46.663517,42.649122],[46.674362,42.64296],[46.673306,42.63763],[46.67662,42.639309],[46.688116,42.635873],[46.696458,42.644792],[46.700505,42.644087],[46.710747,42.639941],[46.705766,42.633564],[46.725418,42.622959],[46.732422,42.624477],[46.733118,42.633597],[46.752827,42.629195],[46.765737,42.62911],[46.767798,42.640506],[46.764037,42.640193],[46.757774,42.643365],[46.756552,42.645354],[46.757419,42.648306],[46.750253,42.653888],[46.751405,42.662884],[46.760143,42.657166],[46.784121,42.652578],[46.79131,42.651646],[46.796799,42.654293],[46.79865,42.648995],[46.793151,42.641472],[46.775965,42.638731],[46.803872,42.634724],[46.826228,42.634788],[46.828167,42.636693],[46.836665,42.62268],[46.848997,42.617436],[46.83831,42.617109],[46.832321,42.614123],[46.846038,42.600437],[46.852021,42.596917],[46.849907,42.592424],[46.852482,42.590056],[46.849496,42.586346],[46.84668,42.587982],[46.838503,42.583922],[46.87233,42.566294],[46.868509,42.551929],[46.873385,42.553933],[46.875973,42.549725],[46.870982,42.543873],[46.871442,42.54153],[46.887892,42.543287],[46.890308,42.535513],[46.899068,42.536702],[46.899711,42.534032],[46.904148,42.531455],[46.901012,42.529661],[46.908358,42.527773],[46.917368,42.529238],[46.914467,42.522657],[46.910958,42.522584],[46.908147,42.520086],[46.909386,42.515324],[46.902278,42.511256],[46.900336,42.505299],[46.897475,42.503422],[46.896951,42.500371],[46.890292,42.492695],[46.890372,42.489986],[46.884117,42.488283],[46.875839,42.477732],[46.875194,42.473587],[46.857054,42.471922],[46.853276,42.469963],[46.850511,42.470907],[46.844554,42.479634],[46.841856,42.480817],[46.840029,42.486928],[46.817414,42.48965],[46.812296,42.493101],[46.808961,42.491832],[46.804395,42.499968],[46.772383,42.504055],[46.767919,42.502979],[46.75663,42.494647],[46.74561,42.495884],[46.733204,42.49505],[46.733623,42.491153],[46.726763,42.490632],[46.704869,42.48103],[46.696371,42.481036],[46.688218,42.483581],[46.676873,42.478911],[46.672366,42.47878],[46.665678,42.483456],[46.658449,42.499854],[46.653745,42.498896],[46.648111,42.507828],[46.645401,42.507023],[46.648162,42.513233],[46.647363,42.521026],[46.645831,42.523887],[46.639221,42.528179],[46.631187,42.529869],[46.616401,42.528057],[46.611235,42.53095],[46.60742,42.530157],[46.595667,42.532478],[46.594366,42.534693],[46.586444,42.535558],[46.584441,42.53777],[46.579889,42.536196],[46.575356,42.53765],[46.571386,42.535681],[46.568908,42.537023],[46.565609,42.533688]]],[[[46.667328,42.660762],[46.682065,42.656641],[46.694342,42.652761],[46.686757,42.647097],[46.683084,42.64819],[46.665963,42.654087],[46.667328,42.660762]]],[[[46.780424,43.430883],[46.795413,43.435951],[46.797718,43.430031],[46.792363,43.430011],[46.791958,43.427431],[46.789718,43.427051],[46.787691,43.428918],[46.786756,43.426282],[46.780085,43.427582],[46.780424,43.430883]]],[[[46.800815,43.449784],[46.807888,43.447935],[46.808765,43.445776],[46.807052,43.443752],[46.80285,43.44281],[46.799843,43.444138],[46.800815,43.449784]]],[[[46.837908,43.463466],[46.843809,43.46355],[46.847045,43.461533],[46.837847,43.460409],[46.835893,43.461675],[46.838575,43.462226],[46.837908,43.463466]]],[[[46.860767,43.430202],[46.866154,43.428837],[46.859531,43.425057],[46.856202,43.426827],[46.860767,43.430202]]],[[[46.883871,43.432429],[46.888211,43.439925],[46.893442,43.443917],[46.898091,43.443341],[46.892578,43.439703],[46.894117,43.436941],[46.891776,43.433715],[46.883871,43.432429]]],[[[46.891075,43.555079],[46.892363,43.553404],[46.891577,43.550361],[46.889012,43.551283],[46.888934,43.55382],[46.891075,43.555079]]],[[[46.928787,43.46473],[46.93417,43.469559],[46.944013,43.472132],[46.948029,43.470424],[46.944147,43.469402],[46.945227,43.465812],[46.936239,43.466023],[46.93481,43.46254],[46.928787,43.46473]]],[[[46.967606,43.456755],[46.974,43.454213],[46.966633,43.454347],[46.967606,43.456755]]],[[[46.976813,43.35699],[46.98067,43.354792],[46.983027,43.355448],[46.983116,43.353793],[46.980612,43.353811],[46.979798,43.349643],[46.975103,43.350532],[46.97326,43.353776],[46.976813,43.35699]]],[[[47.02303,43.293695],[47.017222,43.287464],[47.016904,43.289441],[47.012623,43.291743],[47.013974,43.294585],[47.02303,43.293695]]],[[[47.026339,43.286876],[47.026923,43.285189],[47.033256,43.283184],[47.03201,43.280282],[47.022832,43.278924],[47.018619,43.281618],[47.020255,43.286485],[47.026339,43.286876]]],[[[47.049581,43.326128],[47.065058,43.323932],[47.064585,43.322148],[47.066881,43.321888],[47.065642,43.320395],[47.066881,43.319663],[47.064737,43.315584],[47.066705,43.312609],[47.073507,43.312471],[47.073476,43.311095],[47.056277,43.309143],[47.052732,43.307417],[47.05062,43.309837],[47.051515,43.307644],[47.049006,43.307699],[47.053652,43.315877],[47.046829,43.319604],[47.049581,43.326128]]],[[[47.062274,43.208906],[47.062815,43.206767],[47.060932,43.205112],[47.056671,43.205857],[47.058703,43.209167],[47.060215,43.207585],[47.062274,43.208906]]],[[[47.073279,43.187053],[47.075922,43.186062],[47.076447,43.183331],[47.073362,43.182126],[47.06996,43.185971],[47.073279,43.187053]]],[[[47.095227,43.270173],[47.09812,43.271281],[47.100109,43.26647],[47.102909,43.265868],[47.102083,43.261837],[47.097802,43.258993],[47.097802,43.254828],[47.092341,43.255063],[47.091436,43.261651],[47.094444,43.265478],[47.095227,43.270173]]],[[[47.156604,43.31075],[47.157019,43.306503],[47.153838,43.304871],[47.144203,43.308531],[47.143279,43.311962],[47.156604,43.31075]]]]}},{"type":"Feature","id":"109876-558","properties":{"id":"109876-558","name":"Хасавюртовский район","name_ru":"Хасавюртовский район","subject_id":"109876","subject_name":"Дагестан","source_gid":558,"source_fid":658,"names_rosstat":"Хасавюртовский муниципальный район","population":178158,"area_km2":1341.301683564418,"density_km2":132.82470467535478,"source":"Актуализированный объединённый GeoJSON, предоставленный преподавателем","name_en":"Khasaviurtovskii District","name_zh":"Khasaviurtovskii区","subject_name_en":"Dagestan","subject_name_zh":"达吉斯坦共和国"},"geometry":{"type":"MultiPolygon","coordinates":[[[[46.543179,43.196788],[46.553946,43.211904],[46.555322,43.217241],[46.560727,43.220744],[46.580465,43.220048],[46.580014,43.214896],[46.591902,43.213789],[46.587664,43.210263],[46.587986,43.207846],[46.598677,43.208916],[46.598082,43.211017],[46.598725,43.209594],[46.599348,43.206016],[46.607051,43.206243],[46.607496,43.20753],[46.615698,43.206267],[46.616551,43.208359],[46.612512,43.213144],[46.619,43.223647],[46.621811,43.223344],[46.623074,43.226752],[46.62974,43.224561],[46.632551,43.23088],[46.624622,43.233498],[46.628439,43.24108],[46.625274,43.245308],[46.628133,43.25172],[46.62419,43.258257],[46.623375,43.27718],[46.618453,43.277405],[46.61027,43.283755],[46.604535,43.285367],[46.590443,43.283864],[46.569489,43.284309],[46.56641,43.277393],[46.568261,43.275061],[46.567462,43.273206],[46.569629,43.271839],[46.567455,43.265385],[46.55685,43.267101],[46.573818,43.264327],[46.571083,43.255686],[46.567883,43.250441],[46.56111,43.251779],[46.561743,43.254178],[46.552655,43.254851],[46.553262,43.25385],[46.552945,43.252062],[46.552685,43.251042],[46.553817,43.248456],[46.564559,43.245468],[46.56512,43.240189],[46.553911,43.241443],[46.552634,43.25104],[46.553211,43.253824],[46.54801,43.255418],[46.548882,43.259349],[46.545236,43.261277],[46.544976,43.265473],[46.542265,43.269],[46.535312,43.271124],[46.531684,43.270708],[46.531318,43.265624],[46.522765,43.267836],[46.523969,43.262167],[46.52019,43.253234],[46.490525,43.258967],[46.489594,43.255703],[46.479467,43.255087],[46.479033,43.259314],[46.413132,43.258184],[46.418161,43.265088],[46.417807,43.270012],[46.422948,43.278622],[46.421279,43.288513],[46.424242,43.294019],[46.424356,43.298904],[46.418605,43.299664],[46.414397,43.303899],[46.414437,43.312393],[46.409563,43.324211],[46.401408,43.328078],[46.396052,43.335658],[46.370212,43.341225],[46.370305,43.350231],[46.363282,43.356078],[46.358571,43.370415],[46.354494,43.373928],[46.354323,43.382847],[46.34677,43.385257],[46.343755,43.391747],[46.335257,43.400427],[46.327642,43.450099],[46.330222,43.450369],[46.333485,43.456581],[46.339189,43.457746],[46.355436,43.468494],[46.373495,43.472025],[46.387851,43.478631],[46.389779,43.486303],[46.384313,43.494955],[46.386596,43.496956],[46.399815,43.498225],[46.409414,43.502338],[46.413284,43.507278],[46.412821,43.51723],[46.41564,43.525499],[46.422464,43.523632],[46.422274,43.517657],[46.432042,43.518511],[46.43256,43.523188],[46.444674,43.523859],[46.4452,43.522383],[46.464939,43.524885],[46.486123,43.523207],[46.498642,43.529012],[46.505257,43.530207],[46.508013,43.529473],[46.508964,43.526678],[46.511269,43.525805],[46.533626,43.535326],[46.548878,43.539641],[46.557377,43.482555],[46.558839,43.484028],[46.592184,43.460795],[46.596576,43.473978],[46.606165,43.468936],[46.605364,43.467106],[46.612242,43.462275],[46.612482,43.457406],[46.625398,43.453658],[46.640886,43.453334],[46.641296,43.464507],[46.650028,43.481217],[46.665168,43.493768],[46.676391,43.482439],[46.691078,43.472127],[46.69603,43.471626],[46.713169,43.481263],[46.71673,43.480153],[46.717831,43.482088],[46.723357,43.481244],[46.729359,43.482862],[46.738339,43.48187],[46.744345,43.477542],[46.753374,43.478007],[46.757525,43.474547],[46.764615,43.473523],[46.773803,43.465325],[46.775641,43.45961],[46.786089,43.455162],[46.80905,43.45774],[46.817332,43.456823],[46.832305,43.461795],[46.837847,43.460409],[46.845644,43.461134],[46.847045,43.461533],[46.846187,43.462822],[46.837908,43.463466],[46.837714,43.465136],[46.845948,43.471393],[46.84822,43.476117],[46.85288,43.478077],[46.864832,43.474591],[46.882693,43.473927],[46.88655,43.478895],[46.885717,43.4821],[46.889101,43.484645],[46.926715,43.487895],[46.932912,43.493101],[46.950159,43.491],[46.955119,43.492937],[46.960791,43.488229],[46.969324,43.485016],[46.96783,43.483388],[46.975277,43.477998],[46.975311,43.466861],[46.973702,43.450103],[46.984611,43.445615],[46.979529,43.440448],[46.979441,43.430322],[46.966992,43.430192],[46.943197,43.41204],[46.937068,43.405007],[46.935942,43.412198],[46.865599,43.396009],[46.860182,43.389598],[46.859076,43.384998],[46.876823,43.38828],[46.886257,43.383906],[46.917586,43.362533],[46.911728,43.359365],[46.912186,43.357158],[46.914269,43.353563],[46.918283,43.352075],[46.920816,43.352864],[46.925903,43.348113],[46.922689,43.346503],[46.911392,43.351471],[46.903655,43.35218],[46.897374,43.34847],[46.897178,43.345117],[46.893942,43.343082],[46.882345,43.34023],[46.877757,43.343375],[46.872746,43.337013],[46.867222,43.334602],[46.868672,43.33194],[46.866103,43.330721],[46.864144,43.33225],[46.861534,43.331615],[46.863034,43.325935],[46.856662,43.325034],[46.853153,43.319388],[46.854011,43.315881],[46.849502,43.314361],[46.850828,43.312346],[46.848022,43.312781],[46.84652,43.310783],[46.850168,43.309096],[46.84791,43.305163],[46.850614,43.301665],[46.847052,43.300041],[46.849026,43.297636],[46.845512,43.295723],[46.847121,43.29195],[46.8421,43.292075],[46.841258,43.288453],[46.836463,43.285435],[46.830231,43.286043],[46.827186,43.281519],[46.830096,43.279415],[46.829435,43.276401],[46.83487,43.275015],[46.831241,43.273003],[46.834677,43.269544],[46.829443,43.261729],[46.830882,43.256084],[46.836543,43.2538],[46.835245,43.250135],[46.838543,43.244985],[46.838122,43.243161],[46.832933,43.24134],[46.835355,43.238422],[46.836022,43.230904],[46.833578,43.228971],[46.832689,43.224927],[46.833126,43.209681],[46.83112,43.209782],[46.827545,43.217257],[46.809537,43.214591],[46.808622,43.210095],[46.805067,43.210453],[46.807205,43.209139],[46.807791,43.203542],[46.802613,43.192859],[46.767925,43.196389],[46.762124,43.195453],[46.761695,43.191974],[46.76875,43.190799],[46.769995,43.189135],[46.765356,43.176466],[46.767898,43.169283],[46.784091,43.165478],[46.780902,43.158409],[46.777334,43.159268],[46.777788,43.158036],[46.789053,43.154546],[46.787116,43.150561],[46.795993,43.151841],[46.797972,43.149732],[46.805503,43.148903],[46.804597,43.148091],[46.789501,43.146507],[46.775148,43.142223],[46.764772,43.141654],[46.760208,43.13858],[46.739046,43.131553],[46.730456,43.125445],[46.722746,43.124299],[46.719304,43.121214],[46.704593,43.120375],[46.700516,43.118741],[46.686282,43.12059],[46.681697,43.117315],[46.677431,43.117119],[46.681268,43.113636],[46.677703,43.111708],[46.675487,43.113916],[46.675797,43.112872],[46.671318,43.112811],[46.674095,43.114136],[46.671559,43.115578],[46.670145,43.113299],[46.664755,43.11489],[46.668574,43.116308],[46.664663,43.118418],[46.659964,43.117403],[46.660937,43.115836],[46.656522,43.116452],[46.65735,43.114761],[46.656011,43.11402],[46.659726,43.11276],[46.64866,43.112256],[46.64665,43.113487],[46.644213,43.111038],[46.63837,43.110753],[46.634483,43.116882],[46.62914,43.114743],[46.615274,43.117549],[46.62078,43.119267],[46.622569,43.1269],[46.619215,43.127004],[46.619151,43.128162],[46.623503,43.130555],[46.624189,43.132545],[46.593506,43.139849],[46.58389,43.147695],[46.591074,43.18377],[46.574267,43.179865],[46.574053,43.181164],[46.559293,43.182744],[46.536493,43.195594],[46.543179,43.196788]],[[46.475559,43.399792],[46.480273,43.395846],[46.478429,43.395059],[46.479152,43.39324],[46.488434,43.392055],[46.492627,43.385795],[46.507173,43.385788],[46.510507,43.394729],[46.475559,43.399792]],[[46.767487,43.394815],[46.789664,43.401302],[46.792997,43.406599],[46.793898,43.420361],[46.783976,43.419333],[46.773044,43.415074],[46.769715,43.411381],[46.756565,43.410503],[46.750592,43.412744],[46.745677,43.400351],[46.767487,43.394815]],[[46.787691,43.428918],[46.791958,43.427431],[46.792363,43.430011],[46.797718,43.430031],[46.795413,43.435951],[46.783283,43.430598],[46.780424,43.430883],[46.780085,43.427582],[46.786756,43.426282],[46.787691,43.428918]],[[46.799843,43.444138],[46.807052,43.443752],[46.809189,43.447034],[46.800815,43.449784],[46.799843,43.444138]],[[46.810979,43.427166],[46.816135,43.421556],[46.831103,43.421771],[46.837809,43.429907],[46.839109,43.435154],[46.832193,43.440176],[46.807168,43.436679],[46.810979,43.427166]],[[46.859531,43.425057],[46.866057,43.429552],[46.859691,43.430034],[46.856202,43.426827],[46.859531,43.425057]],[[46.883871,43.432429],[46.891776,43.433715],[46.894117,43.436941],[46.892578,43.439703],[46.898091,43.443341],[46.893442,43.443917],[46.893209,43.442445],[46.889051,43.440732],[46.883871,43.432429]],[[46.945227,43.465812],[46.944147,43.469402],[46.948029,43.470424],[46.946847,43.472036],[46.93417,43.469559],[46.928787,43.46473],[46.93481,43.46254],[46.936239,43.466023],[46.945227,43.465812]],[[46.966633,43.454347],[46.974017,43.454638],[46.967606,43.456755],[46.966633,43.454347]]],[[[46.942275,43.377589],[46.946729,43.377219],[46.952665,43.37998],[46.95691,43.379655],[46.957144,43.38147],[46.96133,43.383579],[46.976158,43.381925],[46.986991,43.386398],[47.003173,43.379129],[47.0063,43.379247],[46.999206,43.3671],[46.991576,43.361486],[46.987256,43.360576],[46.986681,43.364435],[46.984029,43.365758],[46.979734,43.363693],[46.974776,43.365843],[46.974424,43.355684],[46.972509,43.353771],[46.968343,43.357778],[46.970651,43.36265],[46.967909,43.36581],[46.948176,43.369993],[46.942275,43.377589]]],[[[46.565275,43.491498],[46.587576,43.5114],[46.593669,43.513157],[46.594872,43.515636],[46.628938,43.507904],[46.601058,43.496016],[46.618922,43.493558],[46.618718,43.490469],[46.613367,43.485855],[46.612528,43.481149],[46.565275,43.491498]]]]}},{"type":"Feature","id":"109876-559","properties":{"id":"109876-559","name":"Унцукульский район","name_ru":"Унцукульский район","subject_id":"109876","subject_name":"Дагестан","source_gid":559,"source_fid":659,"names_rosstat":"Унцукульский муниципальный район","population":32414,"area_km2":547.1540350720206,"density_km2":59.24108737630605,"source":"Актуализированный объединённый GeoJSON, предоставленный преподавателем","name_en":"Untsukul'skii District","name_zh":"Untsukul'skii区","subject_name_en":"Dagestan","subject_name_zh":"达吉斯坦共和国"},"geometry":{"type":"MultiPolygon","coordinates":[[[[46.652302,42.727697],[46.617324,42.731893],[46.644485,42.738878],[46.643405,42.735844],[46.64837,42.736521],[46.657611,42.743498],[46.666388,42.747916],[46.670715,42.747821],[46.669309,42.748835],[46.671252,42.750258],[46.66624,42.754855],[46.666743,42.759639],[46.665351,42.762562],[46.677062,42.765376],[46.677846,42.7713],[46.676261,42.775101],[46.681939,42.782508],[46.688823,42.780035],[46.694447,42.783237],[46.703718,42.780248],[46.70812,42.784284],[46.711334,42.783713],[46.712867,42.781176],[46.719838,42.780735],[46.723633,42.783232],[46.734992,42.780104],[46.73774,42.777096],[46.740131,42.7798],[46.746911,42.779482],[46.747878,42.775717],[46.756498,42.778943],[46.759198,42.78184],[46.762273,42.780078],[46.771753,42.782779],[46.777018,42.780776],[46.782812,42.783242],[46.788242,42.781449],[46.791239,42.787203],[46.797424,42.787944],[46.795203,42.794851],[46.798093,42.809803],[46.80921,42.814454],[46.825533,42.815367],[46.827861,42.816406],[46.830921,42.82449],[46.845184,42.828798],[46.850468,42.840304],[46.856933,42.842912],[46.859967,42.846213],[46.866151,42.847979],[46.866598,42.855479],[46.862296,42.859184],[46.866719,42.8607],[46.874057,42.859999],[46.881944,42.86508],[46.883768,42.867362],[46.877821,42.871466],[46.881822,42.87724],[46.885309,42.880945],[46.895693,42.879231],[46.898834,42.883794],[46.900301,42.877443],[46.89918,42.872205],[46.901664,42.867778],[46.900135,42.86284],[46.901272,42.857743],[46.894997,42.849971],[46.886854,42.845565],[46.885497,42.840266],[46.873315,42.832712],[46.872378,42.830705],[46.867145,42.830008],[46.863016,42.825299],[46.864087,42.821378],[46.861182,42.8154],[46.857015,42.815166],[46.846024,42.81022],[46.845623,42.806114],[46.83946,42.799811],[46.838248,42.793858],[46.869032,42.775442],[46.879931,42.764392],[46.896419,42.758376],[46.905841,42.751915],[46.909315,42.75143],[46.921645,42.742547],[46.925445,42.737471],[46.925542,42.734014],[46.948084,42.724521],[46.951818,42.713348],[46.958989,42.706068],[46.973075,42.700297],[47.011692,42.695965],[47.028057,42.691366],[47.030301,42.677668],[47.041281,42.669354],[47.046483,42.667723],[47.055599,42.659873],[47.056881,42.650877],[47.059507,42.648129],[47.077943,42.642063],[47.0938,42.640579],[47.10174,42.641463],[47.105213,42.639085],[47.102834,42.623259],[47.104129,42.620036],[47.123825,42.621331],[47.12855,42.615111],[47.131493,42.616269],[47.134207,42.61518],[47.141546,42.609439],[47.131191,42.601563],[47.128008,42.604949],[47.122879,42.607085],[47.11734,42.606763],[47.112144,42.608897],[47.092245,42.607954],[47.088869,42.610164],[47.080964,42.606207],[47.075897,42.606924],[47.076591,42.599088],[47.081603,42.595204],[47.081194,42.592813],[47.085469,42.590413],[47.083266,42.587272],[47.086142,42.584967],[47.08036,42.575699],[47.07546,42.575499],[47.059521,42.589312],[47.045454,42.593973],[47.041574,42.596753],[47.022423,42.60141],[47.018014,42.592285],[47.014522,42.591037],[47.00556,42.59383],[46.995151,42.590375],[46.980413,42.588855],[46.96437,42.593623],[46.962437,42.591512],[46.961638,42.58611],[46.964557,42.57897],[46.963549,42.576125],[46.957795,42.571584],[46.960447,42.565656],[46.929798,42.574204],[46.897399,42.591228],[46.892019,42.597142],[46.892398,42.599257],[46.876931,42.607793],[46.855878,42.614096],[46.836665,42.62268],[46.828167,42.636693],[46.826228,42.634788],[46.803872,42.634724],[46.775965,42.638731],[46.793151,42.641472],[46.79865,42.648995],[46.796799,42.654293],[46.79131,42.651646],[46.784121,42.652578],[46.760143,42.657166],[46.751405,42.662884],[46.750253,42.653888],[46.757419,42.648306],[46.756552,42.645354],[46.757774,42.643365],[46.764037,42.640193],[46.767798,42.640506],[46.765737,42.62911],[46.752827,42.629195],[46.733118,42.633597],[46.732422,42.624477],[46.725418,42.622959],[46.705766,42.633564],[46.710747,42.639941],[46.700505,42.644087],[46.686757,42.647097],[46.694342,42.652761],[46.66181,42.662215],[46.663366,42.664847],[46.658226,42.678712],[46.66005,42.685654],[46.65895,42.687404],[46.659467,42.688772],[46.664262,42.689309],[46.664015,42.691586],[46.668033,42.696466],[46.669097,42.703232],[46.673825,42.711662],[46.668224,42.7161],[46.651819,42.723754],[46.646825,42.724461],[46.652302,42.727697]]],[[[46.807168,43.436679],[46.832193,43.440176],[46.835043,43.438965],[46.839109,43.435154],[46.837809,43.429907],[46.831103,43.421771],[46.816135,43.421556],[46.810979,43.427166],[46.807168,43.436679]]]]}},{"type":"Feature","id":"109876-560","properties":{"id":"109876-560","name":"Тляратинский район","name_ru":"Тляратинский район","subject_id":"109876","subject_name":"Дагестан","source_gid":560,"source_fid":660,"names_rosstat":"Тляратинский муниципальный район","population":24317,"area_km2":1605.7793033910814,"density_km2":15.143425966848252,"source":"Актуализированный объединённый GeoJSON, предоставленный преподавателем","name_en":"Tliaratinskii District","name_zh":"Tliaratinskii区","subject_name_en":"Dagestan","subject_name_zh":"达吉斯坦共和国"},"geometry":{"type":"MultiPolygon","coordinates":[[[[46.558973,41.820314],[46.554735,41.82266],[46.553629,41.829211],[46.550889,41.833919],[46.551791,41.847122],[46.550215,41.848497],[46.554539,41.856947],[46.551355,41.864002],[46.551598,41.867149],[46.541805,41.869121],[46.538435,41.871707],[46.538095,41.878036],[46.536096,41.881067],[46.518875,41.888361],[46.512351,41.887511],[46.50874,41.889722],[46.475904,41.879763],[46.468956,41.874184],[46.463673,41.865622],[46.461177,41.86832],[46.457953,41.868521],[46.448532,41.863165],[46.442946,41.863784],[46.438454,41.870989],[46.441268,41.878422],[46.43264,41.891263],[46.427948,41.894681],[46.423746,41.894703],[46.421918,41.899641],[46.422069,41.908043],[46.426389,41.913005],[46.421378,41.916177],[46.421334,41.921088],[46.408354,41.918428],[46.404411,41.920688],[46.405187,41.924502],[46.402012,41.927611],[46.399513,41.940196],[46.358907,41.933045],[46.355903,41.934301],[46.356312,41.939424],[46.344239,41.942724],[46.338853,41.946056],[46.330727,41.943283],[46.330749,41.936972],[46.324202,41.934772],[46.32381,41.932061],[46.320048,41.92927],[46.31145,41.936276],[46.281459,41.946425],[46.284083,41.950784],[46.278757,41.961169],[46.275469,41.965852],[46.272255,41.966577],[46.266151,41.972386],[46.270298,41.982971],[46.260182,41.98251],[46.243689,41.978935],[46.249774,41.994259],[46.258221,41.997551],[46.256233,42.002251],[46.243006,42.007237],[46.238668,42.010434],[46.236953,42.016045],[46.224219,42.015665],[46.224962,42.021605],[46.227777,42.02257],[46.229901,42.028304],[46.231961,42.029737],[46.229155,42.035812],[46.239207,42.041568],[46.241652,42.044638],[46.24255,42.055147],[46.251681,42.060659],[46.260634,42.070221],[46.266769,42.073915],[46.268289,42.077408],[46.273972,42.078752],[46.27783,42.082889],[46.28024,42.092256],[46.276788,42.095524],[46.278448,42.097527],[46.276919,42.106106],[46.279303,42.10982],[46.277026,42.122493],[46.280749,42.124342],[46.291729,42.135866],[46.292186,42.138202],[46.289454,42.142999],[46.28445,42.145027],[46.287836,42.15615],[46.290106,42.157432],[46.273628,42.16488],[46.263147,42.17344],[46.238263,42.173552],[46.231674,42.170251],[46.225114,42.160898],[46.217418,42.156635],[46.200483,42.169],[46.187082,42.174493],[46.182263,42.181026],[46.175124,42.180419],[46.158924,42.172113],[46.144423,42.17472],[46.13669,42.190225],[46.126557,42.197765],[46.122134,42.204583],[46.115529,42.209752],[46.116715,42.214889],[46.125637,42.218666],[46.128335,42.223874],[46.126936,42.229546],[46.134349,42.235046],[46.135306,42.242259],[46.142071,42.24607],[46.143122,42.247931],[46.140949,42.252289],[46.144691,42.259624],[46.144385,42.268424],[46.150865,42.274227],[46.150052,42.277655],[46.159315,42.291788],[46.166238,42.299268],[46.170317,42.300897],[46.169396,42.302847],[46.170557,42.304383],[46.200692,42.312086],[46.216651,42.324863],[46.239846,42.331393],[46.249107,42.339139],[46.259758,42.342892],[46.265378,42.341446],[46.272247,42.343622],[46.278097,42.351638],[46.285282,42.355769],[46.296652,42.353712],[46.302373,42.355214],[46.329195,42.341517],[46.336008,42.334716],[46.343644,42.334764],[46.345571,42.338324],[46.354081,42.338268],[46.356358,42.339728],[46.365842,42.340734],[46.373355,42.33945],[46.385664,42.332298],[46.392356,42.325595],[46.391762,42.32307],[46.394244,42.318479],[46.400332,42.312565],[46.423392,42.310769],[46.423944,42.308653],[46.420079,42.307257],[46.415398,42.299726],[46.418017,42.292543],[46.421475,42.29064],[46.433012,42.277223],[46.443281,42.276667],[46.447506,42.271325],[46.452501,42.269388],[46.455575,42.26515],[46.454212,42.263747],[46.455723,42.26127],[46.462184,42.258762],[46.467853,42.25907],[46.478257,42.251367],[46.484744,42.250334],[46.484683,42.247994],[46.489971,42.241943],[46.492461,42.235778],[46.506036,42.232638],[46.519578,42.223118],[46.530327,42.223101],[46.533314,42.218932],[46.535679,42.208494],[46.54441,42.201352],[46.552285,42.198987],[46.554467,42.191732],[46.552395,42.182487],[46.547765,42.176847],[46.546062,42.171486],[46.536854,42.167062],[46.54132,42.163219],[46.540235,42.151856],[46.544422,42.152142],[46.545018,42.149847],[46.557222,42.14467],[46.567129,42.1438],[46.569364,42.136211],[46.571472,42.135181],[46.57215,42.130505],[46.575554,42.126236],[46.584907,42.127171],[46.585208,42.124889],[46.594436,42.120685],[46.60261,42.119296],[46.6542,42.138759],[46.66244,42.137745],[46.66996,42.132111],[46.670867,42.12923],[46.669136,42.115787],[46.683464,42.099926],[46.679249,42.098244],[46.676819,42.092698],[46.66511,42.087721],[46.65842,42.078269],[46.654615,42.076939],[46.655047,42.072514],[46.658247,42.06928],[46.658736,42.060851],[46.662408,42.058483],[46.661515,42.050523],[46.655097,42.044793],[46.655251,42.042639],[46.641538,42.033877],[46.644116,42.032153],[46.645918,42.026853],[46.653027,42.021302],[46.652861,42.017033],[46.662082,42.010088],[46.682034,42.009226],[46.680551,42.002973],[46.683773,41.99894],[46.682515,41.992741],[46.68515,41.982325],[46.680895,41.979324],[46.677833,41.962899],[46.672673,41.958742],[46.676689,41.956092],[46.687356,41.954437],[46.723583,41.955285],[46.72677,41.95099],[46.732386,41.947646],[46.734627,41.941153],[46.741813,41.937556],[46.741966,41.927809],[46.747629,41.922535],[46.746697,41.91763],[46.730181,41.914756],[46.737053,41.90961],[46.757412,41.908469],[46.762284,41.90665],[46.783336,41.890721],[46.783453,41.884968],[46.781094,41.881144],[46.764221,41.870438],[46.761042,41.862897],[46.757131,41.862605],[46.750569,41.857985],[46.734533,41.856236],[46.724356,41.849279],[46.716299,41.847467],[46.715914,41.839103],[46.722691,41.830492],[46.720377,41.827988],[46.710063,41.826991],[46.701029,41.833159],[46.698579,41.83263],[46.691748,41.835378],[46.682168,41.832998],[46.674222,41.835136],[46.666493,41.834988],[46.651068,41.831647],[46.646977,41.828455],[46.636269,41.830557],[46.631323,41.834003],[46.624588,41.834323],[46.618032,41.828875],[46.621483,41.824241],[46.613326,41.817187],[46.605023,41.811838],[46.597138,41.811023],[46.584325,41.802598],[46.575788,41.808538],[46.573688,41.812599],[46.566854,41.813038],[46.563401,41.820115],[46.558973,41.820314]]],[[[46.461468,43.567225],[46.47167,43.569646],[46.478476,43.582822],[46.489909,43.579499],[46.491219,43.575997],[46.486018,43.568984],[46.483073,43.5675],[46.482005,43.563343],[46.476868,43.560957],[46.476882,43.558225],[46.465531,43.557696],[46.461468,43.567225]]]]}}],"metadata":{"source_en":"Updated consolidated GeoJSON supplied by the instructor","source_zh":"教师提供的更新版合并GeoJSON","license_en":"Source-dataset terms were not specified; use within the author-created educational platform","license_zh":"原始数据集未注明许可条款；仅用于本作者教育平台"}}