{"type":"FeatureCollection","features":[{"type":"Feature","id":"77687-47","properties":{"id":"77687-47","name":"Троицкий городской округ","name_ru":"Троицкий городской округ","subject_id":"77687","subject_name":"Челябинская область","source_gid":47,"source_fid":47,"names_rosstat":"Троицкий городской округ","population":69471,"area_km2":128.89108464320816,"density_km2":538.9899556847334,"source":"Актуализированный объединённый GeoJSON, предоставленный преподавателем","name_en":"Troitskii Urban Okrug","name_zh":"Troitskii城市辖区","subject_name_en":"Chelyabinsk Oblast","subject_name_zh":"车里雅宾斯克州"},"geometry":{"type":"Polygon","coordinates":[[[61.550877,54.029253],[61.551387,54.032812],[61.543308,54.033138],[61.541088,54.030635],[61.515628,54.036671],[61.510689,54.027489],[61.534879,54.021215],[61.530611,54.018072],[61.480629,54.03011],[61.483387,54.05072],[61.472894,54.070448],[61.481423,54.074789],[61.480565,54.082765],[61.430397,54.082599],[61.425137,54.08441],[61.419334,54.082619],[61.42365,54.087916],[61.430059,54.089348],[61.454168,54.090153],[61.448369,54.096775],[61.474887,54.096578],[61.481939,54.093375],[61.483464,54.103933],[61.516881,54.100086],[61.51917,54.105006],[61.516282,54.106816],[61.522751,54.119972],[61.547857,54.129333],[61.54923,54.136217],[61.5445,54.140329],[61.561336,54.142914],[61.56061,54.139764],[61.563205,54.139427],[61.5667,54.145514],[61.568484,54.14123],[61.574636,54.140999],[61.629787,54.150627],[61.634112,54.138182],[61.67467,54.147082],[61.670351,54.123565],[61.689558,54.128882],[61.694091,54.122424],[61.657633,54.116853],[61.658123,54.11459],[61.635041,54.108281],[61.646828,54.097124],[61.665818,54.098642],[61.667127,54.096618],[61.661933,54.094846],[61.663444,54.083708],[61.640071,54.081299],[61.647084,54.0726],[61.63572,54.07317],[61.62827,54.070921],[61.632241,54.062723],[61.613165,54.054583],[61.617761,54.047072],[61.640786,54.054077],[61.64453,54.041158],[61.676738,54.041179],[61.676673,54.031748],[61.673298,54.024876],[61.669624,54.0229],[61.667972,54.028987],[61.627462,54.036094],[61.62156,54.039588],[61.611047,54.040026],[61.609382,54.036584],[61.602967,54.03761],[61.593901,54.03407],[61.583901,54.040047],[61.554672,54.026906],[61.550877,54.029253]]]}},{"type":"Feature","id":"77687-54","properties":{"id":"77687-54","name":"Саткинский муниципальный округ","name_ru":"Саткинский муниципальный округ","subject_id":"77687","subject_name":"Челябинская область","source_gid":54,"source_fid":55,"names_rosstat":"Саткинский муниципальный округ","population":73432,"area_km2":2402.3748929159597,"density_km2":30.566420010687654,"source":"Актуализированный объединённый GeoJSON, предоставленный преподавателем","name_en":"Satkinskii Municipal Okrug","name_zh":"Satkinskii市政专区","subject_name_en":"Chelyabinsk Oblast","subject_name_zh":"车里雅宾斯克州"},"geometry":{"type":"Polygon","coordinates":[[[58.577669,55.167915],[58.575257,55.160964],[58.592333,55.160459],[58.600273,55.156299],[58.588508,55.146656],[58.599029,55.142959],[58.6088,55.14255],[58.614915,55.145147],[58.624068,55.140464],[58.624281,55.144295],[58.630667,55.141954],[58.641309,55.147062],[58.733479,55.12019],[58.734756,55.115507],[58.742472,55.107684],[58.74998,55.105211],[58.748499,55.099022],[58.761151,55.094807],[58.76213,55.088138],[58.7738,55.08287],[58.771552,55.077121],[58.798403,55.055589],[58.823733,55.053886],[58.829204,55.049925],[58.824159,55.0475],[58.806493,55.028715],[58.773863,55.016528],[58.730947,54.996176],[58.726859,54.981066],[58.727088,54.967864],[58.694956,54.967996],[58.672643,54.961052],[58.652717,54.958664],[58.682308,54.921748],[58.680216,54.84936],[58.685218,54.84822],[58.684666,54.842588],[58.688344,54.841141],[58.691267,54.843713],[58.703551,54.831206],[58.711334,54.827189],[58.703133,54.819285],[58.681523,54.814814],[58.676615,54.81031],[58.676654,54.806698],[58.709922,54.802409],[58.725591,54.805295],[58.730392,54.802184],[58.75063,54.802743],[58.751514,54.797031],[58.783297,54.79461],[58.786853,54.797565],[58.885261,54.786337],[58.872552,54.711693],[58.81999,54.71584],[58.816987,54.698472],[58.808036,54.695862],[58.806203,54.68479],[58.799998,54.678175],[58.796635,54.666365],[58.787223,54.66049],[58.786482,54.657279],[58.771031,54.649483],[58.769244,54.644405],[58.796411,54.639128],[58.793344,54.626057],[58.800267,54.616178],[58.827594,54.612127],[58.850456,54.603519],[58.885037,54.607745],[58.899999,54.605582],[58.907923,54.598936],[58.928566,54.596179],[58.938083,54.601447],[58.958808,54.60157],[59.00348,54.617929],[59.066472,54.649768],[59.081347,54.64723],[59.110976,54.670523],[59.131805,54.693259],[59.155459,54.704719],[59.172348,54.716485],[59.187063,54.736695],[59.194781,54.753196],[59.227881,54.762351],[59.249308,54.781123],[59.270467,54.811203],[59.267455,54.813894],[59.27247,54.818726],[59.269111,54.82693],[59.324928,54.860532],[59.321656,54.868928],[59.330126,54.884757],[59.320818,54.908807],[59.33787,55.000759],[59.335208,55.005679],[59.316672,55.007754],[59.31814,55.047694],[59.253028,55.050974],[59.256624,55.08489],[59.258234,55.088472],[59.270765,55.097282],[59.280368,55.101048],[59.278484,55.113257],[59.202333,55.120438],[59.202099,55.123432],[59.213582,55.171725],[59.255098,55.178725],[59.264705,55.183763],[59.251613,55.20612],[59.258175,55.211708],[59.290206,55.225936],[59.304539,55.228635],[59.319335,55.238636],[59.317349,55.242889],[59.308707,55.246009],[59.309611,55.252653],[59.149421,55.267051],[59.151466,55.270585],[59.140889,55.279855],[59.13388,55.282345],[59.127141,55.291352],[59.108648,55.294335],[59.107548,55.296571],[59.113046,55.304565],[59.092778,55.312831],[59.093204,55.31049],[59.077453,55.306605],[59.078517,55.302773],[59.074686,55.291918],[59.05638,55.297452],[59.048717,55.295323],[59.041906,55.288299],[59.042119,55.280157],[59.034243,55.277177],[59.018279,55.285265],[59.014873,55.283349],[59.013809,55.271429],[59.015938,55.269301],[59.006998,55.265256],[58.997845,55.26632],[58.988905,55.261425],[58.990395,55.250356],[58.9855,55.248014],[58.983797,55.24993],[58.984648,55.26185],[58.973579,55.265043],[58.966394,55.262515],[58.963999,55.292502],[58.965275,55.315969],[58.930579,55.317033],[58.911314,55.325935],[58.846925,55.326824],[58.837773,55.293352],[58.865658,55.290372],[58.933335,55.294488],[58.935476,55.286275],[58.938882,55.283721],[58.931858,55.272014],[58.886732,55.275845],[58.854377,55.275631],[58.725384,55.289679],[58.70942,55.279674],[58.693031,55.23194],[58.773067,55.212571],[58.765618,55.189103],[58.758638,55.180068],[58.756247,55.180739],[58.758372,55.178741],[58.755525,55.174526],[58.757036,55.172967],[58.755401,55.16372],[58.748552,55.159025],[58.734584,55.155899],[58.734112,55.152962],[58.726659,55.152079],[58.726805,55.141847],[58.715331,55.140073],[58.712158,55.145318],[58.692895,55.150956],[58.689094,55.163193],[58.692447,55.168618],[58.691626,55.172128],[58.675532,55.172606],[58.664724,55.162655],[58.656113,55.160968],[58.654166,55.167231],[58.64635,55.170743],[58.643565,55.175055],[58.652377,55.185909],[58.652377,55.192295],[58.633548,55.190894],[58.622304,55.195017],[58.615642,55.194217],[58.614326,55.185728],[58.60896,55.181618],[58.589659,55.182976],[58.581235,55.178566],[58.58294,55.170118],[58.577669,55.167915]]]}},{"type":"Feature","id":"77687-103","properties":{"id":"77687-103","name":"Агаповский район","name_ru":"Агаповский район","subject_id":"77687","subject_name":"Челябинская область","source_gid":103,"source_fid":132,"names_rosstat":"Агаповский муниципальный район","population":31603,"area_km2":2603.7230620653304,"density_km2":12.137619572694419,"source":"Актуализированный объединённый GeoJSON, предоставленный преподавателем","name_en":"Agapovskii District","name_zh":"Agapovskii区","subject_name_en":"Chelyabinsk Oblast","subject_name_zh":"车里雅宾斯克州"},"geometry":{"type":"Polygon","coordinates":[[[58.872275,53.201817],[58.906597,53.21144],[58.904256,53.204203],[58.908301,53.203138],[58.907237,53.193347],[58.911068,53.191218],[58.913414,53.056053],[58.975995,53.048551],[58.987064,53.041314],[58.991746,53.041952],[58.989192,53.037695],[58.992385,53.036418],[58.986851,53.034502],[58.989618,53.032374],[58.985574,53.032161],[58.987064,53.02982],[58.98451,53.026201],[58.987916,53.025775],[58.98451,53.021305],[58.988805,53.019322],[58.978337,53.012492],[58.976406,53.015613],[58.979563,53.017505],[58.972669,53.016033],[58.968263,53.017167],[58.970511,53.018397],[58.968837,53.019122],[58.963217,53.016615],[58.967222,53.01495],[58.96289,53.012929],[58.967555,53.00977],[58.967998,53.005552],[58.972905,53.006542],[58.974378,52.999724],[58.993132,53.004756],[59.008778,53.005139],[59.013018,52.999798],[59.019438,52.999254],[59.023166,52.995063],[59.026874,52.996195],[59.03504,52.990449],[59.044509,52.991065],[59.049328,52.987494],[59.056281,52.987567],[59.065385,52.991504],[59.080305,52.990827],[59.085547,52.994443],[59.104892,52.994385],[59.111526,52.99229],[59.125045,52.994187],[59.140151,53.00003],[59.171221,53.006443],[59.171456,53.011028],[59.239187,53.009975],[59.240727,53.022743],[59.316646,53.021536],[59.371131,53.060883],[59.371607,53.058147],[59.383243,53.054883],[59.381392,53.05237],[59.385593,53.049931],[59.382806,53.046821],[59.482411,53.020768],[59.495591,53.025955],[59.503748,53.026325],[59.518768,53.033251],[59.524308,53.041898],[59.5364,53.046748],[59.541939,53.051537],[59.550947,53.053747],[59.555986,53.051771],[59.572362,53.060504],[59.619069,53.078264],[59.644714,53.085145],[59.664454,53.085563],[59.669761,53.089662],[59.682359,53.092951],[59.699901,53.103882],[59.705016,53.112035],[59.720081,53.123492],[59.719268,53.126462],[59.72401,53.132058],[59.735383,53.140049],[59.746331,53.143553],[59.734506,53.152165],[59.759242,53.186986],[59.75583,53.187702],[59.755474,53.202023],[59.762269,53.205013],[59.75522,53.207201],[59.762073,53.211781],[59.753332,53.215767],[59.76615,53.234151],[59.766469,53.239508],[59.778669,53.250778],[59.787087,53.265902],[59.76227,53.278342],[59.75137,53.278043],[59.747345,53.283209],[59.739749,53.284874],[59.737661,53.287517],[59.733383,53.285917],[59.72302,53.293394],[59.731269,53.304381],[59.659982,53.356105],[59.623051,53.385811],[59.610196,53.383286],[59.610215,53.375647],[59.599939,53.369145],[59.591357,53.367687],[59.588473,53.37231],[59.583934,53.366831],[59.589824,53.360318],[59.585467,53.35888],[59.576779,53.35922],[59.572382,53.36315],[59.57425,53.366123],[59.558637,53.367085],[59.553065,53.371955],[59.547892,53.370923],[59.547215,53.375892],[59.534958,53.374305],[59.526329,53.367573],[59.510965,53.369891],[59.502681,53.367813],[59.499135,53.370025],[59.501021,53.370686],[59.502169,53.379534],[59.508381,53.387997],[59.504862,53.39813],[59.505685,53.402241],[59.499032,53.410084],[59.501026,53.413831],[59.498914,53.414407],[59.513794,53.438078],[59.513213,53.457266],[59.506031,53.489645],[59.511937,53.496767],[59.466946,53.508924],[59.462715,53.504086],[59.302745,53.51658],[59.309813,53.524081],[59.304593,53.52698],[59.291583,53.542669],[59.269616,53.559083],[59.287538,53.564223],[59.288108,53.600306],[59.280757,53.602234],[59.255867,53.5995],[59.259927,53.598218],[59.251717,53.593871],[59.253967,53.589857],[59.266027,53.588991],[59.262562,53.58618],[59.250547,53.584559],[59.220522,53.597072],[59.217796,53.591793],[59.214757,53.593766],[59.205514,53.588101],[59.198099,53.594115],[59.197947,53.59804],[59.181076,53.595523],[59.171582,53.598651],[59.18092,53.60838],[59.175423,53.636001],[59.153774,53.635887],[59.165535,53.648],[59.107144,53.670097],[59.106897,53.67963],[59.057724,53.679376],[59.058324,53.655345],[59.055276,53.646213],[59.057997,53.643252],[59.059217,53.62549],[59.041069,53.625373],[59.03703,53.602219],[58.991478,53.601906],[58.992696,53.585407],[58.930853,53.584666],[58.931368,53.568263],[58.924684,53.568252],[58.941695,53.554444],[58.926066,53.549759],[58.906374,53.547702],[58.907014,53.493796],[58.897223,53.49353],[58.897216,53.471953],[58.92055,53.472727],[58.920762,53.466617],[58.962987,53.468362],[58.977394,53.474763],[58.96977,53.481197],[58.980601,53.485105],[58.969527,53.499088],[58.923283,53.490842],[58.916674,53.515716],[58.946001,53.544253],[58.956892,53.542943],[58.970757,53.531785],[58.974208,53.532556],[58.977578,53.53022],[58.990222,53.51815],[59.015631,53.514829],[59.013069,53.522829],[59.039883,53.534819],[59.047803,53.541011],[59.056503,53.542596],[59.062623,53.551288],[59.060661,53.535154],[59.061109,53.531806],[59.06649,53.530071],[59.066455,53.51896],[59.054915,53.510252],[59.021985,53.50172],[59.184606,53.465247],[59.185604,53.451112],[59.203665,53.45301],[59.197523,53.446219],[59.191567,53.444986],[59.18146,53.437318],[59.203834,53.425461],[59.212832,53.42406],[59.219087,53.427876],[59.219677,53.424942],[59.215139,53.422749],[59.209034,53.414366],[59.210772,53.411917],[59.206148,53.405458],[59.204335,53.395549],[59.205644,53.383629],[59.208337,53.382861],[59.215139,53.390278],[59.228067,53.395409],[59.226544,53.385741],[59.233089,53.385939],[59.235556,53.383168],[59.227392,53.379245],[59.227821,53.374669],[59.223615,53.373392],[59.225704,53.368982],[59.218092,53.369259],[59.21353,53.365451],[59.201909,53.366691],[59.195842,53.353943],[59.191933,53.353904],[59.192426,53.352101],[59.178749,53.36011],[59.162224,53.356796],[59.16052,53.354306],[59.166184,53.349147],[59.157976,53.339379],[59.14596,53.339784],[59.146035,53.323019],[59.134067,53.325822],[59.123868,53.333755],[59.100593,53.337805],[59.098027,53.33176],[59.090268,53.330308],[59.083895,53.322507],[59.10681,53.312656],[59.105216,53.307015],[59.102211,53.306041],[59.097844,53.309188],[59.087122,53.308505],[59.07828,53.312435],[59.076247,53.312235],[59.079053,53.308216],[58.998572,53.30476],[58.995219,53.304427],[58.994807,53.300009],[58.966292,53.300494],[58.967366,53.321345],[58.946847,53.320485],[58.940856,53.326599],[58.929111,53.326755],[58.92822,53.314363],[58.900002,53.31516],[58.901036,53.276868],[58.874232,53.276546],[58.874029,53.231076],[58.876158,53.228521],[58.873817,53.224903],[58.872275,53.201817]]]}},{"type":"Feature","id":"77687-128","properties":{"id":"77687-128","name":"Верхнеуфалейский городской округ","name_ru":"Верхнеуфалейский городской округ","subject_id":"77687","subject_name":"Челябинская область","source_gid":128,"source_fid":163,"names_rosstat":"Верхнеуфалейский городской округ","population":24775,"area_km2":1615.6078250207643,"density_km2":15.33478584116265,"source":"Актуализированный объединённый GeoJSON, предоставленный преподавателем","name_en":"Verkhneufaleiskii Urban Okrug","name_zh":"Verkhneufaleiskii城市辖区","subject_name_en":"Chelyabinsk Oblast","subject_name_zh":"车里雅宾斯克州"},"geometry":{"type":"Polygon","coordinates":[[[59.802262,55.778746],[60.104477,55.753068],[60.117753,55.752065],[60.123692,55.754065],[60.130913,55.749374],[60.128754,55.745496],[60.147125,55.749737],[60.221062,55.78333],[60.256765,55.786219],[60.265854,55.792852],[60.263624,55.797418],[60.273726,55.806557],[60.296322,55.810476],[60.307322,55.819324],[60.323043,55.826804],[60.258528,55.833965],[60.295271,55.970047],[60.423179,55.957059],[60.419603,55.960677],[60.5002,55.957645],[60.507969,56.034467],[60.542534,56.033164],[60.544339,56.052228],[60.531306,56.052621],[60.511714,56.069348],[60.516418,56.118215],[60.511441,56.118878],[60.511069,56.121238],[60.565624,56.161854],[60.580785,56.168604],[60.591014,56.169637],[60.593554,56.198104],[60.581119,56.209621],[60.580488,56.212966],[60.568049,56.219984],[60.535095,56.224508],[60.504244,56.236042],[60.465611,56.221987],[60.363507,56.233393],[60.341753,56.230044],[60.321559,56.231307],[60.304361,56.224655],[60.284108,56.228319],[60.278023,56.226087],[60.277871,56.222687],[60.264117,56.220616],[60.25016,56.208866],[60.25472,56.203722],[60.255226,56.198524],[60.198653,56.203685],[60.19146,56.209124],[60.172738,56.216644],[60.141167,56.214209],[60.099001,56.218551],[60.074398,56.217179],[60.065229,56.213109],[60.053941,56.213014],[60.033851,56.222499],[60.019871,56.224036],[60.004742,56.220793],[60.000309,56.208344],[60.004749,56.197333],[59.996422,56.1793],[59.992852,56.160569],[59.985839,56.14715],[59.981666,56.128356],[59.976388,56.121353],[59.968481,56.099857],[59.966244,56.09226],[59.967964,56.078484],[59.958364,56.060703],[59.958146,56.054561],[59.949601,56.050809],[59.932385,56.032596],[59.916582,56.022435],[59.917382,56.018835],[59.922401,56.016816],[59.923298,56.010532],[59.920888,56.004329],[59.914409,55.998799],[59.903419,55.994378],[59.900047,55.986682],[59.895433,55.985049],[59.918019,55.982974],[59.921051,55.97733],[59.911112,55.9712],[59.908228,55.966255],[59.911755,55.962146],[59.910925,55.955301],[59.915135,55.948798],[59.897786,55.941963],[59.906591,55.933971],[59.902115,55.923027],[59.904321,55.920501],[59.895912,55.913774],[59.898725,55.908945],[59.891878,55.905855],[59.868187,55.906504],[59.868707,55.903394],[59.866356,55.902106],[59.846657,55.901695],[59.852976,55.898669],[59.842054,55.891054],[59.841736,55.88568],[59.844318,55.882769],[59.835852,55.870022],[59.836932,55.865943],[59.833842,55.861539],[59.835706,55.85727],[59.817722,55.83823],[59.819884,55.828494],[59.811462,55.820251],[59.802262,55.778746]]]}},{"type":"Feature","id":"77687-169","properties":{"id":"77687-169","name":"Локомотивный городской округ","name_ru":"Локомотивный городской округ","subject_id":"77687","subject_name":"Челябинская область","source_gid":169,"source_fid":216,"names_rosstat":"Локомотивный городской округ","population":8593,"area_km2":10.475145025344073,"density_km2":820.3227715902434,"source":"Актуализированный объединённый GeoJSON, предоставленный преподавателем","name_en":"Lokomotivnyi Urban Okrug","name_zh":"Lokomotivnyi城市辖区","subject_name_en":"Chelyabinsk Oblast","subject_name_zh":"车里雅宾斯克州"},"geometry":{"type":"Polygon","coordinates":[[[60.549882,53.009453],[60.554768,53.005338],[60.568976,53.007033],[60.572342,53.004433],[60.576003,53.011094],[60.573786,53.015077],[60.58061,53.029099],[60.582333,53.030943],[60.58999,53.029328],[60.585894,53.032871],[60.597789,53.03912],[60.616341,53.032301],[60.613305,53.01981],[60.623474,53.019816],[60.624168,53.024355],[60.620741,53.0287],[60.62548,53.03062],[60.626018,53.033862],[60.621593,53.04921],[60.627754,53.050241],[60.622662,53.054585],[60.60567,53.053844],[60.59069,53.049608],[60.56937,53.033943],[60.561154,53.023193],[60.562195,53.018967],[60.549882,53.009453]]]}},{"type":"Feature","id":"77687-225","properties":{"id":"77687-225","name":"Нязепетровский муниципальный округ","name_ru":"Нязепетровский муниципальный округ","subject_id":"77687","subject_name":"Челябинская область","source_gid":225,"source_fid":281,"names_rosstat":"Нязепетровский муниципальный округ","population":13384,"area_km2":3463.2504469739256,"density_km2":3.864577570962129,"source":"Актуализированный объединённый GeoJSON, предоставленный преподавателем","name_en":"Niazepetrovskii Municipal Okrug","name_zh":"Niazepetrovskii市政专区","subject_name_en":"Chelyabinsk Oblast","subject_name_zh":"车里雅宾斯克州"},"geometry":{"type":"Polygon","coordinates":[[[59.018862,56.197846],[59.030051,56.173308],[59.040966,56.171432],[59.040779,56.168541],[59.061452,56.168936],[59.096787,56.152495],[59.152557,56.14909],[59.153621,56.141215],[59.162775,56.133766],[59.175972,56.137384],[59.175333,56.139512],[59.179164,56.139725],[59.186238,56.145369],[59.188956,56.142067],[59.239191,56.132915],[59.258561,56.131],[59.267076,56.13249],[59.267075,56.142068],[59.264947,56.14526],[59.282614,56.150209],[59.279556,56.159468],[59.288999,56.156807],[59.300494,56.159148],[59.314117,56.157446],[59.329868,56.159787],[59.328879,56.162525],[59.332635,56.164683],[59.330524,56.15959],[59.335616,56.153136],[59.330277,56.149484],[59.332423,56.144622],[59.323425,56.144013],[59.321006,56.151696],[59.31687,56.151258],[59.313978,56.146688],[59.316672,56.144622],[59.315057,56.142107],[59.317475,56.138885],[59.326125,56.136121],[59.319046,56.128918],[59.324548,56.11823],[59.332093,56.114858],[59.339969,56.114858],[59.342098,56.112304],[59.338905,56.110601],[59.328049,56.113315],[59.326985,56.108845],[59.335136,56.103183],[59.323543,56.103593],[59.314427,56.087507],[59.316768,56.085166],[59.326772,56.089423],[59.3355,56.087933],[59.334436,56.084528],[59.327199,56.082825],[59.321149,56.07013],[59.315827,56.069917],[59.314124,56.067575],[59.316466,56.06417],[59.312209,56.057784],[59.300076,56.058635],[59.300289,56.055868],[59.307952,56.05374],[59.308165,56.04629],[59.301992,56.041128],[59.286454,56.034742],[59.283474,56.035593],[59.284112,56.042617],[59.281771,56.043469],[59.277088,56.041766],[59.280068,56.03836],[59.278365,56.035167],[59.259208,56.03538],[59.252184,56.032613],[59.247075,56.036444],[59.241541,56.036018],[59.241328,56.033464],[59.24758,56.031218],[59.192583,56.025162],[59.221959,55.98871],[59.216214,55.951833],[59.245875,55.950825],[59.248468,55.946678],[59.247259,55.942322],[59.249379,55.942062],[59.249558,55.935981],[59.245324,55.932711],[59.247549,55.929796],[59.245902,55.926415],[59.248549,55.924155],[59.244774,55.923758],[59.242997,55.918265],[59.237705,55.915325],[59.233514,55.906945],[59.234443,55.903394],[59.226674,55.897673],[59.223406,55.89877],[59.209724,55.893205],[59.205983,55.890216],[59.207437,55.886855],[59.20434,55.885465],[59.207477,55.881184],[59.204315,55.876696],[59.207276,55.874896],[59.207503,55.86508],[59.21447,55.861994],[59.212792,55.858296],[59.216709,55.8523],[59.225119,55.849763],[59.192378,55.828322],[59.193902,55.820163],[59.159811,55.817891],[59.133416,55.820019],[59.135716,55.789494],[59.137768,55.788713],[59.154604,55.791872],[59.15587,55.790157],[59.16335,55.791708],[59.167697,55.790112],[59.178916,55.793785],[59.192665,55.791991],[59.19978,55.788639],[59.235095,55.791647],[59.257755,55.78963],[59.262859,55.791413],[59.289812,55.783553],[59.293712,55.779892],[59.29441,55.773276],[59.298848,55.769652],[59.313218,55.766219],[59.318393,55.767126],[59.320522,55.761379],[59.318606,55.758399],[59.27561,55.709122],[59.298611,55.701453],[59.291363,55.690603],[59.288809,55.677991],[59.317333,55.676678],[59.314445,55.673547],[59.318919,55.666735],[59.322137,55.66613],[59.320476,55.659075],[59.323741,55.656384],[59.322318,55.652225],[59.326774,55.649861],[59.327551,55.641753],[59.336585,55.632795],[59.294442,55.622577],[59.276466,55.605938],[59.250497,55.607003],[59.249646,55.58146],[59.267526,55.582737],[59.275828,55.579757],[59.335428,55.609558],[59.382895,55.620681],[59.390982,55.644734],[59.464419,55.643457],[59.463568,55.634943],[59.469741,55.631112],[59.471444,55.627067],[59.464097,55.611353],[59.466123,55.607005],[59.461653,55.602322],[59.468494,55.594828],[59.527427,55.594448],[59.530833,55.596789],[59.538709,55.592745],[59.549352,55.592745],[59.564465,55.594022],[59.601502,55.60573],[59.624278,55.601686],[59.62811,55.59828],[59.640668,55.597642],[59.669439,55.606615],[59.67672,55.61223],[59.687605,55.613251],[59.694869,55.622952],[59.704095,55.624296],[59.719062,55.631591],[59.726784,55.632379],[59.743017,55.628278],[59.770292,55.63355],[59.808323,55.620373],[59.820271,55.60542],[59.852792,55.58758],[59.873685,55.586541],[59.920119,55.602112],[59.976238,55.584758],[59.979789,55.591416],[59.990886,55.596636],[59.9877,55.599098],[59.990094,55.601226],[59.988365,55.601702],[60.0027,55.613352],[60.001885,55.616943],[60.004622,55.61765],[60.00291,55.619146],[60.006986,55.621427],[60.00708,55.624984],[60.012145,55.629707],[60.013147,55.637923],[60.011388,55.638024],[60.026518,55.651883],[60.035356,55.649873],[60.058836,55.650731],[60.056816,55.648746],[60.061577,55.648016],[60.068695,55.65023],[60.074122,55.648989],[60.071988,55.653597],[60.074898,55.655041],[60.07395,55.657702],[60.077872,55.658319],[60.077994,55.663564],[60.08144,55.663194],[60.085054,55.667395],[60.079421,55.669437],[60.079441,55.672545],[60.082687,55.674707],[60.074639,55.678557],[60.050364,55.681936],[60.052831,55.683821],[60.050928,55.688205],[60.05222,55.691071],[60.054524,55.691412],[60.052879,55.689763],[60.054378,55.688536],[60.059291,55.691327],[60.057097,55.693273],[60.058364,55.696653],[60.067879,55.703107],[60.059599,55.708806],[60.063668,55.707566],[60.072484,55.716952],[60.076866,55.718024],[60.08185,55.717497],[60.081787,55.715328],[60.092526,55.71613],[60.092875,55.714251],[60.101602,55.716444],[60.106514,55.71993],[60.107588,55.727539],[60.117873,55.732572],[60.125298,55.739646],[60.130913,55.749374],[60.123692,55.754065],[60.117753,55.752065],[60.104477,55.753068],[59.802262,55.778746],[59.811462,55.820251],[59.819884,55.828494],[59.817722,55.83823],[59.835706,55.85727],[59.833842,55.861539],[59.836932,55.865943],[59.835852,55.870022],[59.844318,55.882769],[59.841736,55.88568],[59.842054,55.891054],[59.852976,55.898669],[59.846657,55.901695],[59.866356,55.902106],[59.868707,55.903394],[59.867055,55.906297],[59.890091,55.905595],[59.898725,55.908945],[59.895912,55.913774],[59.904321,55.920501],[59.902115,55.923027],[59.906591,55.933971],[59.897786,55.941963],[59.915135,55.948798],[59.910925,55.955301],[59.911755,55.962146],[59.908228,55.966255],[59.911112,55.9712],[59.921051,55.97733],[59.918019,55.982974],[59.895433,55.985049],[59.900047,55.986682],[59.903419,55.994378],[59.914409,55.998799],[59.920888,56.004329],[59.923298,56.010532],[59.922401,56.016816],[59.917382,56.018835],[59.916582,56.022435],[59.932385,56.032596],[59.949601,56.050809],[59.958146,56.054561],[59.958364,56.060703],[59.967964,56.078484],[59.966244,56.09226],[59.968481,56.099857],[59.976388,56.121353],[59.981666,56.128356],[59.985839,56.14715],[59.992852,56.160569],[59.996422,56.1793],[60.004749,56.197333],[60.000309,56.208344],[60.004742,56.220793],[59.999649,56.226438],[59.97938,56.237724],[59.961201,56.239258],[59.91537,56.257484],[59.876289,56.257034],[59.86376,56.26034],[59.852861,56.252585],[59.835654,56.24731],[59.83212,56.24416],[59.810677,56.241425],[59.800196,56.234859],[59.794743,56.235751],[59.792268,56.23315],[59.78573,56.232938],[59.783302,56.225597],[59.761218,56.2275],[59.756771,56.224673],[59.757639,56.223236],[59.634707,56.248048],[59.714008,56.323517],[59.572353,56.320981],[59.571764,56.337873],[59.554775,56.338906],[59.412691,56.336071],[59.420376,56.320776],[59.28884,56.327483],[59.278461,56.331043],[59.2844,56.344473],[59.262379,56.343599],[59.222805,56.355335],[59.159478,56.34547],[59.16523,56.343114],[59.16794,56.33885],[59.163089,56.332323],[59.165381,56.3278],[59.162663,56.325456],[59.158466,56.325845],[59.159343,56.330044],[59.157399,56.331726],[59.143728,56.331565],[59.140513,56.334527],[59.137687,56.333964],[59.141941,56.330622],[59.139769,56.320693],[59.145385,56.319653],[59.150232,56.322185],[59.160981,56.31972],[59.151845,56.319384],[59.150432,56.31596],[59.163257,56.314563],[59.161581,56.309019],[59.163415,56.305881],[59.187869,56.294993],[59.191094,56.289311],[59.190204,56.276319],[59.198336,56.271061],[59.16889,56.230173],[59.168521,56.198713],[59.133246,56.202394],[59.128532,56.194747],[59.12171,56.18946],[59.111326,56.194007],[59.110191,56.19764],[59.067759,56.19996],[59.018862,56.197846]]]}},{"type":"Feature","id":"77687-262","properties":{"id":"77687-262","name":"Снежинский городской округ","name_ru":"Снежинский городской округ","subject_id":"77687","subject_name":"Челябинская область","source_gid":262,"source_fid":324,"names_rosstat":"Снежинский городской округ","population":50895,"area_km2":374.664795683475,"density_km2":135.84142568600763,"source":"Актуализированный объединённый GeoJSON, предоставленный преподавателем","name_en":"Snezhinskii Urban Okrug","name_zh":"Snezhinskii城市辖区","subject_name_en":"Chelyabinsk Oblast","subject_name_zh":"车里雅宾斯克州"},"geometry":{"type":"Polygon","coordinates":[[[60.511069,56.121238],[60.511441,56.118878],[60.516418,56.118215],[60.511714,56.069348],[60.531306,56.052621],[60.578317,56.051316],[60.577644,56.042045],[60.646637,56.039951],[60.645553,56.029799],[60.714178,56.026899],[60.712848,56.013981],[60.717612,56.009068],[60.713799,56.001657],[60.684566,55.987176],[60.690979,55.978649],[60.7016,55.971347],[60.70473,55.966226],[60.705639,55.95643],[60.723511,55.940434],[60.728599,55.941439],[60.731056,55.94479],[60.751736,55.948125],[60.766309,55.960256],[60.772006,55.972676],[60.783588,55.972693],[60.798822,55.979804],[60.807075,55.978651],[60.818804,55.990984],[60.826406,55.988219],[60.84023,56.006037],[60.833,56.00712],[60.831857,56.012163],[60.827018,56.010792],[60.825846,56.014555],[60.821035,56.014626],[60.819105,56.009416],[60.814323,56.016334],[60.816788,56.022714],[60.824667,56.020583],[60.826985,56.02436],[60.813741,56.024562],[60.81165,56.028636],[60.806253,56.027229],[60.806614,56.033227],[60.797876,56.028993],[60.802003,56.023561],[60.794058,56.022477],[60.786366,56.046809],[60.793147,56.066346],[60.791718,56.081751],[60.70194,56.143152],[60.70124,56.146294],[60.719868,56.145863],[60.723875,56.143387],[60.722789,56.13916],[60.729916,56.135421],[60.744586,56.135962],[60.747866,56.132898],[60.745986,56.128768],[60.748824,56.126781],[60.748398,56.123846],[60.760705,56.123982],[60.760298,56.128059],[60.766169,56.130468],[60.769562,56.137343],[60.744457,56.14058],[60.746656,56.145796],[60.726233,56.147812],[60.72766,56.151223],[60.716567,56.152002],[60.696231,56.190967],[60.699199,56.220166],[60.668264,56.221336],[60.655096,56.21474],[60.67741,56.309319],[60.575474,56.316799],[60.553154,56.222334],[60.563983,56.221325],[60.577295,56.215153],[60.593554,56.198104],[60.591014,56.169637],[60.580785,56.168604],[60.565624,56.161854],[60.511069,56.121238]]]}},{"type":"Feature","id":"77687-341","properties":{"id":"77687-341","name":"Усть-Катавский городской округ","name_ru":"Усть-Катавский городской округ","subject_id":"77687","subject_name":"Челябинская область","source_gid":341,"source_fid":416,"names_rosstat":"Усть-Катавский городской округ","population":23028,"area_km2":674.2051896604586,"density_km2":34.155773869965756,"source":"Актуализированный объединённый GeoJSON, предоставленный преподавателем","name_en":"Ust'-Katavskii Urban Okrug","name_zh":"Ust'-Katavskii城市辖区","subject_name_en":"Chelyabinsk Oblast","subject_name_zh":"车里雅宾斯克州"},"geometry":{"type":"Polygon","coordinates":[[[58.044102,54.916133],[58.051587,54.902591],[58.091969,54.892873],[58.109969,54.89319],[58.120991,54.881392],[58.119773,54.877539],[58.115937,54.875478],[58.152469,54.875599],[58.152513,54.858006],[58.183475,54.857904],[58.183572,54.838406],[58.214667,54.838008],[58.214596,54.834624],[58.290748,54.84643],[58.300035,54.871689],[58.347964,54.866541],[58.354638,54.884842],[58.371739,54.882782],[58.37597,54.893489],[58.380682,54.893758],[58.394767,54.902339],[58.409569,54.892177],[58.41923,54.916706],[58.450165,54.912945],[58.456937,54.931589],[58.502407,54.923599],[58.549718,54.918937],[58.556304,54.938501],[58.655527,54.926292],[58.662677,54.947846],[58.648553,54.962674],[58.641316,54.96459],[58.621954,54.964708],[58.59768,54.956288],[58.586824,54.959268],[58.566836,54.970946],[58.504528,54.976267],[58.492619,54.983327],[58.525578,54.995214],[58.531031,55.003883],[58.54638,55.018543],[58.548465,55.026735],[58.542547,55.024029],[58.531053,55.027435],[58.510193,55.024029],[58.501678,55.020623],[58.475284,55.001678],[58.46379,55.004658],[58.453279,54.99672],[58.445271,55.004019],[58.426965,55.010618],[58.422069,55.017908],[58.433776,55.035576],[58.438884,55.038769],[58.439522,55.048134],[58.42973,55.06628],[58.379285,55.065779],[58.380772,55.070537],[58.400355,55.07953],[58.373321,55.09592],[58.361401,55.096559],[58.346927,55.103849],[58.362039,55.116833],[58.372584,55.121166],[58.366533,55.129174],[58.362907,55.141101],[58.359626,55.143921],[58.351874,55.144995],[58.349552,55.14824],[58.337106,55.149635],[58.33169,55.154307],[58.323744,55.155363],[58.318366,55.15882],[58.289333,55.165889],[58.281797,55.164728],[58.27219,55.167313],[58.271673,55.1715],[58.26324,55.171735],[58.2541,55.168955],[58.244872,55.170093],[58.244258,55.167541],[58.234405,55.161274],[58.238073,55.158346],[58.234893,55.156792],[58.234589,55.153655],[58.229501,55.150522],[58.224292,55.150789],[58.220384,55.145322],[58.211678,55.144216],[58.211938,55.142084],[58.204351,55.143425],[58.194621,55.149102],[58.169117,55.131165],[58.148631,55.132581],[58.129706,55.127122],[58.129276,55.119913],[58.142972,55.117329],[58.153224,55.111882],[58.158972,55.105496],[58.155546,55.100978],[58.139741,55.097977],[58.137446,55.094692],[58.138766,55.086716],[58.154215,55.083354],[58.164869,55.094179],[58.184031,55.09852],[58.192196,55.097528],[58.201476,55.091994],[58.195127,55.082365],[58.19403,55.071725],[58.191286,55.068222],[58.18472,55.06582],[58.165623,55.067202],[58.149253,55.056085],[58.162844,55.055669],[58.167007,55.051207],[58.152652,55.043371],[58.15218,55.037395],[58.160688,55.036215],[58.177285,55.040162],[58.181324,55.038127],[58.182145,55.033417],[58.17897,55.030567],[58.166406,55.031496],[58.154122,55.029282],[58.145796,55.023996],[58.149023,55.018543],[58.137391,55.021501],[58.128323,55.017213],[58.087454,55.012955],[58.133525,54.997937],[58.120022,54.99167],[58.10342,54.990393],[58.101504,54.98422],[58.125557,54.975493],[58.130453,54.976131],[58.125557,54.982091],[58.127047,54.983368],[58.1362,54.983369],[58.141096,54.981666],[58.143438,54.976344],[58.132156,54.970757],[58.123216,54.960965],[58.124026,54.957302],[58.130958,54.953776],[58.129684,54.949437],[58.112943,54.945214],[58.121002,54.940097],[58.117319,54.938628],[58.098701,54.947849],[58.096586,54.945581],[58.082774,54.946511],[58.080007,54.929994],[58.058722,54.919989],[58.044102,54.916133]]]}},{"type":"Feature","id":"77687-1034","properties":{"id":"77687-1034","name":"Трёхгорный городской округ","name_ru":"Трёхгорный городской округ","subject_id":"77687","subject_name":"Челябинская область","source_gid":1034,"source_fid":1139,"names_rosstat":"Трехгорный городской округ","population":32496,"area_km2":162.7560061795593,"density_km2":199.6608344158374,"source":"Актуализированный объединённый GeoJSON, предоставленный преподавателем","name_en":"Triokhgornyi Urban Okrug","name_zh":"Triokhgornyi城市辖区","subject_name_en":"Chelyabinsk Oblast","subject_name_zh":"车里雅宾斯克州"},"geometry":{"type":"Polygon","coordinates":[[[58.324443,54.752188],[58.420194,54.740693],[58.426528,54.759777],[58.508383,54.749601],[58.516484,54.778669],[58.530418,54.768593],[58.553459,54.760042],[58.647179,54.750009],[58.654549,54.757855],[58.664267,54.757335],[58.675109,54.785865],[58.672258,54.786215],[58.671474,54.795301],[58.678323,54.794858],[58.681477,54.800038],[58.680328,54.806306],[58.676654,54.806698],[58.676615,54.81031],[58.681523,54.814814],[58.685246,54.814762],[58.673492,54.823831],[58.652725,54.831916],[58.648541,54.8328],[58.64551,54.829794],[58.643825,54.83255],[58.64006,54.830676],[58.634968,54.834172],[58.619712,54.832794],[58.616215,54.831599],[58.609017,54.805032],[58.592994,54.806959],[58.589167,54.796458],[58.541053,54.801017],[58.516795,54.818351],[58.520255,54.826857],[58.451942,54.835541],[58.411257,54.834536],[58.392732,54.827546],[58.379062,54.826005],[58.360363,54.812927],[58.346464,54.811629],[58.324443,54.752188]]]}},{"type":"Feature","id":"77687-1037","properties":{"id":"77687-1037","name":"Озёрский городской округ","name_ru":"Озёрский городской округ","subject_id":"77687","subject_name":"Челябинская область","source_gid":1037,"source_fid":1142,"names_rosstat":"Озерский городской округ","population":85527,"area_km2":594.1879331300933,"density_km2":143.93930814019825,"source":"Актуализированный объединённый GeoJSON, предоставленный преподавателем","name_en":"Oziorskii Urban Okrug","name_zh":"Oziorskii城市辖区","subject_name_en":"Chelyabinsk Oblast","subject_name_zh":"车里雅宾斯克州"},"geometry":{"type":"Polygon","coordinates":[[[60.570996,55.640375],[60.592582,55.622859],[60.618633,55.620416],[60.621053,55.623009],[60.614942,55.624098],[60.618827,55.62508],[60.619329,55.627556],[60.616675,55.629508],[60.619104,55.629747],[60.615257,55.631223],[60.633275,55.635764],[60.648248,55.633847],[60.653588,55.629247],[60.675642,55.626651],[60.68004,55.622943],[60.692645,55.620641],[60.720926,55.598698],[60.715016,55.595307],[60.727963,55.586736],[60.734397,55.589494],[60.743451,55.587898],[60.765428,55.59272],[60.773927,55.59964],[60.775288,55.604278],[60.799305,55.604247],[60.805265,55.613791],[60.798053,55.613354],[60.797812,55.618811],[60.80273,55.626072],[60.801676,55.629165],[60.80577,55.629735],[60.816893,55.646068],[60.83633,55.644708],[60.83924,55.627876],[60.842392,55.623353],[60.909995,55.662195],[60.91094,55.666807],[60.929054,55.671783],[60.945161,55.680768],[60.962742,55.692087],[60.936949,55.704965],[60.950324,55.711849],[60.971384,55.697853],[61.019851,55.701814],[61.041471,55.701017],[61.057434,55.691106],[61.081779,55.690991],[61.080826,55.694409],[61.085529,55.704967],[61.071453,55.719327],[61.083298,55.722518],[61.084027,55.724355],[61.077161,55.726651],[61.081581,55.737404],[61.076603,55.73953],[61.072226,55.737114],[61.056862,55.744555],[61.051884,55.74011],[61.059179,55.734215],[61.057806,55.728995],[61.023774,55.727424],[61.01562,55.730904],[61.008325,55.726168],[61.006608,55.72056],[61.005707,55.723146],[60.996265,55.727303],[60.99412,55.731798],[61.011028,55.748009],[61.021585,55.749169],[61.026651,55.777844],[61.050081,55.777925],[61.051154,55.797253],[61.02957,55.797586],[61.034954,55.814931],[61.013947,55.812544],[61.012917,55.821055],[61.004844,55.827663],[61.008458,55.828598],[60.99992,55.845048],[61.001228,55.850537],[61.012524,55.856041],[61.008356,55.860321],[61.048622,55.899581],[61.066094,55.897224],[61.06837,55.900976],[61.073541,55.916032],[61.05978,55.958762],[61.040185,55.973891],[61.036844,55.964637],[61.026837,55.959384],[61.015363,55.949292],[60.994356,55.946271],[60.99206,55.93609],[60.993887,55.933681],[60.975637,55.902335],[60.966561,55.901885],[60.94599,55.906329],[60.942879,55.891727],[60.936098,55.888983],[60.935154,55.885325],[60.926828,55.885469],[60.925198,55.883159],[60.908718,55.886095],[60.901937,55.8782],[60.904512,55.866643],[60.902023,55.86332],[60.895414,55.859996],[60.883312,55.847904],[60.873527,55.847759],[60.848122,55.820862],[60.834646,55.8239],[60.822372,55.812182],[60.835333,55.806877],[60.824432,55.793658],[60.802288,55.775414],[60.797567,55.777056],[60.800228,55.782172],[60.799799,55.79221],[60.821257,55.81469],[60.640978,55.797582],[60.642034,55.77455],[60.639418,55.753283],[60.635407,55.74855],[60.62439,55.717726],[60.623203,55.707078],[60.606615,55.656636],[60.598462,55.638655],[60.580501,55.643741],[60.570996,55.640375]]]}},{"type":"Feature","id":"77687-1045","properties":{"id":"77687-1045","name":"Карталинский район","name_ru":"Карталинский район","subject_id":"77687","subject_name":"Челябинская область","source_gid":1045,"source_fid":1150,"names_rosstat":"Карталинский муниципальный район","population":42939,"area_km2":4732.828716725434,"density_km2":9.072586939023813,"source":"Актуализированный объединённый GeoJSON, предоставленный преподавателем","name_en":"Kartalinskii District","name_zh":"Kartalinskii区","subject_name_en":"Chelyabinsk Oblast","subject_name_zh":"车里雅宾斯克州"},"geometry":{"type":"Polygon","coordinates":[[[59.710436,53.116422],[59.720081,53.123492],[59.719268,53.126462],[59.72401,53.132058],[59.735383,53.140049],[59.746331,53.143553],[59.734506,53.152165],[59.759242,53.186986],[59.75583,53.187702],[59.755474,53.202023],[59.764852,53.202238],[59.776446,53.197538],[59.83099,53.197036],[59.831302,53.199656],[59.825571,53.199815],[59.849772,53.245106],[59.859913,53.244409],[59.862655,53.246476],[59.861493,53.253127],[59.849351,53.255349],[59.845941,53.258662],[59.90107,53.253388],[59.904582,53.263658],[59.94747,53.256464],[59.967039,53.266471],[59.968925,53.276387],[59.975353,53.282745],[59.975314,53.292105],[59.985236,53.293914],[59.99745,53.285072],[60.122875,53.274944],[60.139885,53.295933],[60.150704,53.314038],[60.2442,53.316827],[60.243266,53.3094],[60.258473,53.309773],[60.262879,53.306855],[60.263077,53.303861],[60.278111,53.302868],[60.280027,53.306663],[60.304015,53.313112],[60.280732,53.334411],[60.296965,53.350212],[60.275951,53.36972],[60.268983,53.371683],[60.264258,53.378221],[60.237939,53.394538],[60.247523,53.399055],[60.253607,53.427373],[60.263141,53.449446],[60.296467,53.442357],[60.362086,53.436894],[60.379653,53.437939],[60.41482,53.419054],[60.415306,53.376822],[60.459553,53.376984],[60.459182,53.373729],[60.495093,53.372103],[60.578941,53.372163],[60.557933,53.307631],[60.57948,53.309268],[60.598617,53.304515],[60.617295,53.307903],[60.664727,53.294681],[60.685255,53.293478],[60.715834,53.300816],[60.716928,53.284489],[60.729504,53.267907],[60.703924,53.252928],[60.710907,53.242704],[60.741493,53.250211],[60.754615,53.260871],[60.774258,53.262607],[60.791818,53.25843],[60.791967,53.264535],[60.803421,53.277203],[60.824421,53.278265],[60.845564,53.270023],[60.862804,53.256101],[60.883594,53.285375],[60.900323,53.283315],[60.911108,53.271797],[60.903971,53.257662],[60.889792,53.246454],[60.895907,53.231805],[60.934359,53.226112],[60.903396,53.198315],[60.930675,53.157747],[60.990957,53.113178],[60.984502,53.111629],[60.99723,53.08662],[60.994945,53.078957],[60.990988,53.078973],[60.992956,53.067122],[61.043573,53.00382],[61.060639,52.979123],[61.049295,52.980817],[61.036477,52.980483],[61.030641,52.977421],[61.008637,52.978109],[61.03041,52.950466],[61.076205,52.927843],[61.069372,52.921586],[61.046885,52.917032],[61.037272,52.903781],[61.025427,52.898293],[60.984228,52.885244],[60.977877,52.877682],[60.97822,52.874366],[60.973757,52.867631],[60.965861,52.866491],[60.960196,52.857889],[60.94097,52.847938],[60.92552,52.846072],[60.909899,52.839954],[60.902346,52.834458],[60.890876,52.834084],[60.887786,52.830825],[60.870612,52.832756],[60.884817,52.82125],[60.8344,52.774141],[60.820999,52.774985],[60.731932,52.760997],[60.711907,52.764361],[60.713604,52.698707],[60.650676,52.699471],[60.647888,52.714736],[60.640965,52.714954],[60.609621,52.710989],[60.565558,52.694875],[60.552133,52.714326],[60.555134,52.728513],[60.544065,52.748822],[60.570434,52.762549],[60.561398,52.769483],[60.519267,52.770164],[60.521067,52.772224],[60.415161,52.772272],[60.405743,52.768735],[60.399249,52.762775],[60.396387,52.718759],[60.342423,52.719639],[60.334399,52.738532],[60.248439,52.779061],[60.213286,52.766824],[60.150106,52.765842],[60.088,52.761034],[60.038814,52.763671],[60.034533,52.769669],[60.013944,52.772444],[60.009249,52.76848],[59.991552,52.768941],[59.98354,52.779338],[59.975323,52.784797],[59.960993,52.785297],[59.961941,52.800948],[59.927408,52.803184],[59.912337,52.801193],[59.907256,52.819969],[59.898371,52.825866],[59.899136,52.836355],[59.890928,52.83714],[59.890504,52.844388],[59.875949,52.867334],[59.83877,52.881289],[59.839936,52.88671],[59.795787,52.891503],[59.830065,52.924617],[59.831287,52.944623],[59.868899,52.970748],[59.862154,52.979241],[59.809621,53.000575],[59.785213,53.015054],[59.796226,53.017504],[59.808294,53.027923],[59.823794,53.034813],[59.833816,53.048763],[59.811102,53.05316],[59.780728,53.063523],[59.74647,53.106403],[59.710436,53.116422]],[[60.554768,53.005338],[60.568976,53.007033],[60.572342,53.004433],[60.576003,53.011094],[60.573786,53.015077],[60.58061,53.029099],[60.582333,53.030943],[60.58999,53.029328],[60.585894,53.032871],[60.597789,53.03912],[60.616341,53.032301],[60.613305,53.01981],[60.623474,53.019816],[60.624168,53.024355],[60.620741,53.0287],[60.62548,53.03062],[60.626018,53.033862],[60.621593,53.04921],[60.627754,53.050241],[60.626486,53.052489],[60.622662,53.054585],[60.60567,53.053844],[60.59069,53.049608],[60.5859,53.044364],[60.579037,53.042148],[60.561154,53.023193],[60.562195,53.018967],[60.549882,53.009453],[60.554768,53.005338]]]}},{"type":"Feature","id":"77687-2153","properties":{"id":"77687-2153","name":"Чебаркульский городской округ","name_ru":"Чебаркульский городской округ","subject_id":"77687","subject_name":"Челябинская область","source_gid":2153,"source_fid":2263,"names_rosstat":"Чебаркульский городской округ","population":44341,"area_km2":94.85173176140394,"density_km2":467.4769682807496,"source":"Актуализированный объединённый GeoJSON, предоставленный преподавателем","name_en":"Chebarkul'skii Urban Okrug","name_zh":"Chebarkul'skii城市辖区","subject_name_en":"Chelyabinsk Oblast","subject_name_zh":"车里雅宾斯克州"},"geometry":{"type":"Polygon","coordinates":[[[60.263347,54.96292],[60.277314,54.945458],[60.295766,54.934077],[60.316253,54.93048],[60.3158,54.934281],[60.323364,54.933646],[60.332896,54.937202],[60.339907,54.946571],[60.352205,54.946988],[60.360197,54.946029],[60.358635,54.939915],[60.368768,54.939532],[60.377992,54.935507],[60.402641,54.948703],[60.401262,54.954134],[60.464305,54.963713],[60.464474,54.977378],[60.458017,54.994334],[60.46409,54.995846],[60.463531,55.006056],[60.435713,54.998059],[60.416425,55.000899],[60.401735,55.00939],[60.395545,55.018141],[60.392998,55.015047],[60.381135,55.02525],[60.350691,55.025422],[60.334036,55.035693],[60.33247,55.030336],[60.334496,55.027745],[60.332223,55.0246],[60.312764,55.021785],[60.300119,55.025207],[60.29092,55.023805],[60.287828,55.012058],[60.278481,55.007999],[60.274124,54.988528],[60.276167,54.986874],[60.263347,54.96292]]]}},{"type":"Feature","id":"77687-2154","properties":{"id":"77687-2154","name":"Аргаяшский район","name_ru":"Аргаяшский район","subject_id":"77687","subject_name":"Челябинская область","source_gid":2154,"source_fid":2264,"names_rosstat":"Аргаяшский муниципальный район","population":39152,"area_km2":2741.1283479431127,"density_km2":14.283169202704014,"source":"Актуализированный объединённый GeoJSON, предоставленный преподавателем","name_en":"Argaiashskii District","name_zh":"Argaiashskii区","subject_name_en":"Chelyabinsk Oblast","subject_name_zh":"车里雅宾斯克州"},"geometry":{"type":"Polygon","coordinates":[[[61.15022,55.410021],[61.074027,55.383753],[61.072272,55.37417],[61.068723,55.372254],[61.07044,55.370589],[61.061694,55.351081],[61.020649,55.33857],[61.011768,55.333449],[60.997915,55.318747],[60.989335,55.301842],[60.983867,55.296053],[60.982137,55.281814],[60.971459,55.26467],[60.967608,55.242621],[60.939944,55.204699],[60.908147,55.202563],[60.886939,55.220546],[60.825876,55.223181],[60.832437,55.198501],[60.824675,55.192714],[60.83191,55.183424],[60.861491,55.182375],[60.86015,55.165767],[60.853609,55.152397],[60.828157,55.143803],[60.827038,55.139286],[60.820951,55.140164],[60.815931,55.144629],[60.812038,55.139783],[60.804971,55.139495],[60.793462,55.14275],[60.79359,55.145851],[60.797341,55.145604],[60.796911,55.147944],[60.793602,55.148445],[60.794366,55.146599],[60.790183,55.147921],[60.790051,55.150784],[60.784069,55.150581],[60.785253,55.153463],[60.768228,55.151501],[60.760483,55.154411],[60.761656,55.157629],[60.757188,55.157492],[60.756737,55.160361],[60.740966,55.159188],[60.725516,55.147104],[60.719191,55.135607],[60.697251,55.133177],[60.696945,55.121252],[60.646914,55.140206],[60.613706,55.149582],[60.608229,55.147505],[60.592737,55.149101],[60.580303,55.146397],[60.575469,55.155015],[60.569695,55.153014],[60.569916,55.15014],[60.554797,55.151188],[60.55485,55.149187],[60.539808,55.148558],[60.530627,55.148833],[60.528346,55.156487],[60.518695,55.15638],[60.519257,55.150074],[60.489846,55.150913],[60.489295,55.148344],[60.486214,55.149065],[60.487485,55.140692],[60.479654,55.139854],[60.470336,55.147157],[60.444382,55.151187],[60.43192,55.150337],[60.431813,55.148643],[60.403585,55.14875],[60.389706,55.150695],[60.381983,55.15453],[60.368401,55.154229],[60.367128,55.15749],[60.372678,55.161938],[60.366118,55.161751],[60.353497,55.155817],[60.338277,55.152513],[60.333399,55.153809],[60.338174,55.156518],[60.334314,55.159415],[60.342193,55.1615],[60.330137,55.165558],[60.327934,55.16453],[60.329893,55.159577],[60.302366,55.157239],[60.311585,55.159557],[60.296785,55.161879],[60.30263,55.166424],[60.299388,55.168875],[60.296734,55.180213],[60.276624,55.189414],[60.270494,55.189444],[60.270181,55.192234],[60.212214,55.218607],[60.21188,55.223551],[60.220329,55.22605],[60.223346,55.231394],[60.23005,55.2332],[60.195717,55.236767],[60.20604,55.256064],[60.22216,55.302424],[60.250892,55.335071],[60.266793,55.34355],[60.262826,55.346471],[60.268239,55.371761],[60.273236,55.373663],[60.271755,55.384003],[60.27439,55.391701],[60.272106,55.393413],[60.289941,55.425374],[60.320993,55.450321],[60.344617,55.449116],[60.374635,55.468683],[60.387106,55.47047],[60.447343,55.494594],[60.476263,55.533165],[60.485104,55.559011],[60.50567,55.562352],[60.507198,55.567751],[60.540562,55.564475],[60.546209,55.583781],[60.614167,55.576867],[60.626913,55.618924],[60.618633,55.620416],[60.621053,55.623009],[60.615068,55.623836],[60.619614,55.626868],[60.616675,55.629508],[60.619104,55.629747],[60.616738,55.62999],[60.615556,55.631379],[60.639029,55.635415],[60.648248,55.633847],[60.653588,55.629247],[60.675642,55.626651],[60.68004,55.622943],[60.692645,55.620641],[60.720926,55.598698],[60.715016,55.595307],[60.727963,55.586736],[60.734397,55.589494],[60.748527,55.588569],[60.765428,55.59272],[60.773927,55.59964],[60.775288,55.604278],[60.799305,55.604247],[60.805265,55.613791],[60.798053,55.613354],[60.797812,55.618811],[60.80273,55.626072],[60.801676,55.629165],[60.80577,55.629735],[60.816893,55.646068],[60.83633,55.644708],[60.83924,55.627876],[60.842392,55.623353],[60.909995,55.662195],[60.91094,55.666807],[60.929054,55.671783],[60.951247,55.684469],[60.962742,55.692087],[60.936949,55.704965],[60.950324,55.711849],[60.971384,55.697853],[61.019851,55.701814],[61.041471,55.701017],[61.057434,55.691106],[61.081779,55.690991],[61.080826,55.694409],[61.083735,55.700271],[61.09903,55.699611],[61.110208,55.678019],[61.119063,55.678622],[61.128799,55.685641],[61.147737,55.69218],[61.146216,55.708657],[61.15435,55.728738],[61.172042,55.724437],[61.195426,55.72915],[61.197261,55.728208],[61.196309,55.725849],[61.233176,55.725955],[61.247982,55.685198],[61.243917,55.679171],[61.221867,55.681044],[61.22154,55.664459],[61.215644,55.660098],[61.207067,55.661117],[61.198899,55.656829],[61.211514,55.652091],[61.212047,55.644116],[61.220781,55.639088],[61.220186,55.633794],[61.227264,55.633654],[61.233734,55.624836],[61.236135,55.614894],[61.254741,55.609891],[61.286725,55.610465],[61.294394,55.589637],[61.312265,55.574441],[61.28602,55.56589],[61.279339,55.565914],[61.259116,55.542273],[61.245743,55.535314],[61.25859,55.519059],[61.260321,55.512014],[61.246844,55.503132],[61.267766,55.490209],[61.292654,55.483103],[61.301118,55.475081],[61.305066,55.466536],[61.303394,55.462919],[61.292236,55.45601],[61.281273,55.457486],[61.301498,55.435882],[61.294704,55.427561],[61.239359,55.419516],[61.234012,55.418093],[61.232768,55.414745],[61.191663,55.403349],[61.15022,55.410021]]]}},{"type":"Feature","id":"77687-2155","properties":{"id":"77687-2155","name":"Челябинский городской округ","name_ru":"Челябинский городской округ","subject_id":"77687","subject_name":"Челябинская область","source_gid":2155,"source_fid":2265,"names_rosstat":"Челябинский городской округ","population":1176770,"area_km2":500.80456613147425,"density_km2":2349.7589271002516,"source":"Актуализированный объединённый GeoJSON, предоставленный преподавателем","name_en":"Cheliabinskii Urban Okrug","name_zh":"Cheliabinskii城市辖区","subject_name_en":"Chelyabinsk Oblast","subject_name_zh":"车里雅宾斯克州"},"geometry":{"type":"Polygon","coordinates":[[[61.557446,55.165845],[61.543123,55.118323],[61.537655,55.111949],[61.523665,55.112075],[61.517447,55.10904],[61.517617,55.10524],[61.529738,55.101875],[61.535714,55.103731],[61.551212,55.096867],[61.539927,55.089153],[61.54208,55.086458],[61.490865,55.059432],[61.439171,55.039287],[61.441325,55.036729],[61.423737,55.039057],[61.42651,55.03831],[61.393133,54.991211],[61.388221,54.997458],[61.392509,55.012481],[61.3849,55.01861],[61.384483,55.021981],[61.378093,55.024712],[61.369614,55.024289],[61.366979,55.016922],[61.357,55.016736],[61.359598,55.024881],[61.354004,55.02886],[61.338204,55.026288],[61.325986,55.036477],[61.339462,55.039896],[61.328404,55.048888],[61.322139,55.057964],[61.327699,55.065757],[61.330104,55.066007],[61.328688,55.067409],[61.332078,55.067366],[61.333125,55.071894],[61.330544,55.074762],[61.319267,55.078136],[61.314828,55.075905],[61.31206,55.078206],[61.251005,55.047493],[61.239322,55.045735],[61.228094,55.038277],[61.22119,55.036772],[61.198436,55.039065],[61.18076,55.047733],[61.170792,55.040381],[61.166475,55.040233],[61.157837,55.046832],[61.147145,55.049525],[61.143596,55.05351],[61.153023,55.050751],[61.157936,55.055111],[61.181082,55.055008],[61.190012,55.053983],[61.194371,55.049712],[61.203083,55.046915],[61.214246,55.04652],[61.225659,55.055467],[61.228766,55.065938],[61.23704,55.074824],[61.236746,55.081394],[61.241397,55.08259],[61.240759,55.085331],[61.244232,55.088893],[61.263489,55.102903],[61.285234,55.111397],[61.29826,55.124134],[61.299741,55.129588],[61.284328,55.137476],[61.285055,55.139983],[61.273582,55.142954],[61.243527,55.142473],[61.272266,55.224368],[61.285178,55.23046],[61.278498,55.235916],[61.283945,55.238711],[61.271647,55.24833],[61.302056,55.26362],[61.322829,55.270328],[61.327475,55.260908],[61.348476,55.260779],[61.34568,55.265525],[61.360566,55.265804],[61.358297,55.268973],[61.359795,55.274656],[61.353256,55.277878],[61.354478,55.284061],[61.348565,55.288415],[61.346744,55.293299],[61.355749,55.300761],[61.350374,55.305601],[61.35167,55.308296],[61.348717,55.311625],[61.356171,55.315518],[61.359773,55.312447],[61.355612,55.309291],[61.37198,55.309898],[61.372099,55.306899],[61.380043,55.30965],[61.373046,55.305827],[61.378413,55.301261],[61.399051,55.304811],[61.401796,55.320983],[61.432156,55.319797],[61.440323,55.310677],[61.439825,55.301313],[61.460341,55.301215],[61.466623,55.310087],[61.475729,55.310651],[61.500477,55.307959],[61.510764,55.309737],[61.524848,55.307439],[61.524341,55.305476],[61.545774,55.302935],[61.551589,55.29019],[61.552264,55.2794],[61.543376,55.279211],[61.521117,55.259368],[61.493669,55.255139],[61.485263,55.240323],[61.52657,55.240248],[61.531755,55.233685],[61.556563,55.232844],[61.556348,55.220962],[61.559693,55.215756],[61.557351,55.212574],[61.558707,55.192768],[61.5772,55.184879],[61.580361,55.181398],[61.59206,55.181481],[61.565146,55.167027],[61.557446,55.165845]]]}},{"type":"Feature","id":"77687-2157","properties":{"id":"77687-2157","name":"Миасский городской округ","name_ru":"Миасский городской округ","subject_id":"77687","subject_name":"Челябинская область","source_gid":2157,"source_fid":2267,"names_rosstat":"Миасский городской округ","population":159986,"area_km2":1757.8052106030257,"density_km2":91.0146352024499,"source":"Актуализированный объединённый GeoJSON, предоставленный преподавателем","name_en":"Miasskii Urban Okrug","name_zh":"Miasskii城市辖区","subject_name_en":"Chelyabinsk Oblast","subject_name_zh":"车里雅宾斯克州"},"geometry":{"type":"Polygon","coordinates":[[[60.021861,55.388202],[60.02254,55.395122],[60.044436,55.414273],[60.050622,55.430387],[60.063909,55.427258],[60.07994,55.430229],[60.087928,55.428328],[60.092327,55.424537],[60.095739,55.414575],[60.119363,55.413119],[60.126561,55.406571],[60.128921,55.399172],[60.13162,55.40439],[60.146949,55.402475],[60.148154,55.399161],[60.154843,55.397947],[60.15355,55.39534],[60.158624,55.389384],[60.157313,55.387945],[60.163397,55.383685],[60.178756,55.382201],[60.183678,55.378972],[60.186781,55.380201],[60.189223,55.376235],[60.202005,55.383077],[60.207466,55.381239],[60.223286,55.385933],[60.225645,55.389613],[60.236416,55.393347],[60.238769,55.39718],[60.231635,55.399193],[60.230747,55.401408],[60.235668,55.403654],[60.233595,55.40648],[60.248867,55.413409],[60.25094,55.417349],[60.254536,55.415374],[60.256563,55.417867],[60.270767,55.422013],[60.271478,55.417431],[60.262518,55.407452],[60.254263,55.402335],[60.261055,55.389473],[60.245046,55.383129],[60.250876,55.377126],[60.234603,55.374572],[60.23169,55.36996],[60.226219,55.369854],[60.22664,55.363529],[60.22271,55.362746],[60.231097,55.360144],[60.233067,55.352056],[60.230489,55.350453],[60.241429,55.350387],[60.245047,55.341533],[60.253737,55.336885],[60.22216,55.302424],[60.20604,55.256064],[60.195717,55.236767],[60.23005,55.2332],[60.223346,55.231394],[60.220329,55.22605],[60.21188,55.223551],[60.212214,55.218607],[60.270181,55.192234],[60.270494,55.189444],[60.276624,55.189414],[60.296734,55.180213],[60.299388,55.168875],[60.30263,55.166424],[60.296785,55.161879],[60.311585,55.159557],[60.301354,55.157145],[60.297762,55.15875],[60.295233,55.156665],[60.30412,55.15564],[60.306171,55.152448],[60.304,55.149474],[60.297708,55.149496],[60.292232,55.155992],[60.288138,55.153981],[60.285054,55.144031],[60.287462,55.140208],[60.286274,55.135557],[60.279077,55.134518],[60.277609,55.131935],[60.273142,55.135712],[60.272181,55.130575],[60.269004,55.128507],[60.273338,55.124947],[60.270436,55.120218],[60.267677,55.120116],[60.277771,55.115769],[60.276168,55.113604],[60.279766,55.108677],[60.276833,55.107821],[60.268752,55.111418],[60.258815,55.105462],[60.26285,55.094413],[60.279417,55.091581],[60.281199,55.087323],[60.294266,55.085036],[60.298625,55.077942],[60.314663,55.074024],[60.317292,55.068521],[60.305313,55.064954],[60.282621,55.062856],[60.285093,55.058441],[60.283408,55.056787],[60.298851,55.052721],[60.292256,55.045],[60.288088,55.043518],[60.288696,55.038445],[60.2813,55.036599],[60.28049,55.03356],[60.290319,55.033009],[60.287252,55.025958],[60.270193,55.027918],[60.278607,55.023668],[60.291313,55.022188],[60.287828,55.012058],[60.278481,55.007999],[60.274124,54.988528],[60.276167,54.986874],[60.263347,54.96292],[60.277314,54.945458],[60.286192,54.940317],[60.285614,54.936386],[60.273209,54.937809],[60.278745,54.928509],[60.279821,54.920367],[60.271372,54.920221],[60.267939,54.908495],[60.261913,54.90195],[60.256047,54.900017],[60.237218,54.901401],[60.229851,54.895781],[60.230654,54.891141],[60.226559,54.879725],[60.201301,54.873092],[60.186181,54.866292],[60.147416,54.856521],[60.135188,54.857916],[60.137725,54.854459],[60.123784,54.840124],[60.115565,54.842524],[60.096854,54.835933],[60.096829,54.828384],[60.091926,54.825819],[60.094343,54.819219],[60.098117,54.816505],[60.088088,54.809725],[60.029596,54.772503],[60.010171,54.773797],[60.007959,54.759038],[59.962369,54.768903],[59.959538,54.776823],[59.954841,54.781783],[59.937421,54.78428],[59.929122,54.78889],[59.938274,54.817892],[59.983612,54.846256],[59.99319,54.853281],[60.001809,54.864135],[59.969137,54.865254],[59.963815,54.868446],[59.915283,54.869936],[59.909749,54.867807],[59.909536,54.865253],[59.905492,54.865892],[59.900383,54.860144],[59.901235,54.857803],[59.89719,54.85759],[59.896339,54.852481],[59.88527,54.849714],[59.886761,54.84418],[59.875479,54.838433],[59.866752,54.842051],[59.868668,54.845457],[59.859089,54.854184],[59.845466,54.847159],[59.848659,54.844818],[59.843125,54.845031],[59.844402,54.842689],[59.842486,54.841838],[59.83014,54.849501],[59.825031,54.847798],[59.812047,54.848862],[59.804597,54.852055],[59.802042,54.855035],[59.804596,54.858227],[59.797785,54.856525],[59.796721,54.858706],[59.776712,54.860409],[59.774157,54.865518],[59.765856,54.868923],[59.766707,54.871265],[59.76394,54.87318],[59.757341,54.874245],[59.736906,54.885739],[59.727753,54.887228],[59.710299,54.884674],[59.688374,54.888505],[59.659425,54.90282],[59.660276,54.907928],[59.64197,54.908779],[59.617976,54.906112],[59.624307,54.924414],[59.668622,54.96626],[59.667437,54.968269],[59.70436,54.993344],[59.717226,55.004689],[59.726577,55.0243],[59.743597,55.036056],[59.758698,55.054721],[59.787809,55.076972],[59.786308,55.114877],[59.790136,55.117249],[59.795954,55.129503],[59.802764,55.13038],[59.88728,55.196948],[59.886606,55.204102],[59.890905,55.210774],[59.907837,55.222453],[59.91444,55.247307],[59.924258,55.260904],[59.928245,55.262651],[59.934746,55.271186],[59.956124,55.27916],[59.958147,55.284684],[59.962322,55.287262],[59.968613,55.303106],[59.958392,55.307805],[59.95962,55.330327],[60.016906,55.370533],[60.013947,55.379896],[60.021861,55.388202]]]}},{"type":"Feature","id":"77687-2158","properties":{"id":"77687-2158","name":"Сосновский район","name_ru":"Сосновский район","subject_id":"77687","subject_name":"Челябинская область","source_gid":2158,"source_fid":2268,"names_rosstat":"Сосновский муниципальный район","population":96489,"area_km2":2056.0426511342207,"density_km2":46.92947393225117,"source":"Актуализированный объединённый GeoJSON, предоставленный преподавателем","name_en":"Sosnovskii District","name_zh":"Sosnovskii区","subject_name_en":"Chelyabinsk Oblast","subject_name_zh":"车里雅宾斯克州"},"geometry":{"type":"Polygon","coordinates":[[[61.570211,55.312504],[61.544689,55.317968],[61.543106,55.310009],[61.545774,55.302935],[61.524341,55.305476],[61.524848,55.307439],[61.510764,55.309737],[61.500477,55.307959],[61.475729,55.310651],[61.466623,55.310087],[61.460341,55.301215],[61.439825,55.301313],[61.440323,55.310677],[61.432156,55.319797],[61.401796,55.320983],[61.399051,55.304811],[61.378413,55.301261],[61.373046,55.305827],[61.380043,55.30965],[61.372099,55.306899],[61.37198,55.309898],[61.355612,55.309291],[61.359773,55.312447],[61.356171,55.315518],[61.351538,55.313716],[61.348717,55.311625],[61.35167,55.308296],[61.350349,55.305646],[61.355835,55.300995],[61.348024,55.295747],[61.34717,55.290691],[61.354478,55.284061],[61.353256,55.277878],[61.359795,55.274656],[61.358297,55.268973],[61.360566,55.265804],[61.34568,55.265525],[61.348476,55.260779],[61.327475,55.260908],[61.322829,55.270328],[61.302056,55.26362],[61.271647,55.24833],[61.283945,55.238711],[61.278498,55.235916],[61.285178,55.23046],[61.272266,55.224368],[61.243527,55.142473],[61.273582,55.142954],[61.285055,55.139983],[61.284328,55.137476],[61.299741,55.129588],[61.29826,55.124134],[61.285234,55.111397],[61.263489,55.102903],[61.244232,55.088893],[61.240759,55.085331],[61.241397,55.08259],[61.236746,55.081394],[61.23704,55.074824],[61.228766,55.065938],[61.225659,55.055467],[61.214246,55.04652],[61.203083,55.046915],[61.18833,55.054279],[61.157936,55.055111],[61.153023,55.050751],[61.143609,55.053653],[61.147145,55.049525],[61.157837,55.046832],[61.166475,55.040233],[61.170792,55.040381],[61.18076,55.047733],[61.198436,55.039065],[61.22119,55.036772],[61.228094,55.038277],[61.239322,55.045735],[61.251005,55.047493],[61.31206,55.078206],[61.314828,55.075905],[61.319267,55.078136],[61.330544,55.074762],[61.333125,55.071894],[61.332078,55.067366],[61.328688,55.067409],[61.330104,55.066007],[61.327699,55.065757],[61.322139,55.057964],[61.328404,55.048888],[61.339462,55.039896],[61.325986,55.036477],[61.338204,55.026288],[61.354004,55.02886],[61.359598,55.024881],[61.357,55.016736],[61.366979,55.016922],[61.369614,55.024289],[61.378093,55.024712],[61.385205,55.021358],[61.3849,55.01861],[61.392509,55.012481],[61.389032,54.994733],[61.391437,54.990996],[61.395639,54.991409],[61.4058,54.9782],[61.362719,54.950192],[61.348772,54.956526],[61.321868,54.954912],[61.311526,54.94584],[61.30966,54.940672],[61.311212,54.933283],[61.315096,54.932995],[61.301522,54.910592],[61.321006,54.906718],[61.322679,54.902252],[61.332906,54.898389],[61.329374,54.896058],[61.329975,54.887864],[61.323688,54.869088],[61.320448,54.869483],[61.319354,54.865223],[61.297746,54.871051],[61.292896,54.876952],[61.294398,54.882335],[61.291437,54.884803],[61.275086,54.879026],[61.269293,54.881866],[61.2644,54.880508],[61.263714,54.877594],[61.257105,54.877644],[61.212473,54.887667],[61.139946,54.886432],[61.143079,54.864235],[61.139474,54.863568],[61.130625,54.866863],[61.108263,54.901821],[60.986766,54.897274],[60.98947,54.905788],[60.975658,54.91286],[60.964689,54.907844],[60.95151,54.909081],[60.941617,54.91325],[60.942228,54.944467],[60.935452,54.948685],[60.944391,54.961829],[60.922311,55.005719],[60.926413,55.008628],[60.925001,55.019139],[60.888138,55.018721],[60.890178,55.01164],[60.862681,55.0071],[60.869143,54.99156],[60.838047,54.982445],[60.838038,54.997034],[60.843583,54.998456],[60.843353,55.043629],[60.852096,55.043188],[60.869701,55.048486],[60.874833,55.053043],[60.818449,55.080024],[60.792375,55.097261],[60.731735,55.106767],[60.696945,55.121252],[60.697251,55.133177],[60.719191,55.135607],[60.725516,55.147104],[60.740966,55.159188],[60.756737,55.160361],[60.757188,55.157492],[60.761656,55.157629],[60.760483,55.154411],[60.768228,55.151501],[60.785253,55.153463],[60.784069,55.150581],[60.790051,55.150784],[60.790183,55.147921],[60.794366,55.146599],[60.793602,55.148445],[60.796911,55.147944],[60.797341,55.145604],[60.79359,55.145851],[60.793462,55.14275],[60.804971,55.139495],[60.808839,55.141089],[60.809489,55.139107],[60.815234,55.141352],[60.813375,55.142899],[60.815931,55.144629],[60.820951,55.140164],[60.827038,55.139286],[60.828157,55.143803],[60.853609,55.152397],[60.86015,55.165767],[60.861491,55.182375],[60.83191,55.183424],[60.824675,55.192714],[60.832437,55.198501],[60.825876,55.223181],[60.886939,55.220546],[60.908147,55.202563],[60.939944,55.204699],[60.967608,55.242621],[60.971459,55.26467],[60.982137,55.281814],[60.983867,55.296053],[60.989335,55.301842],[60.997915,55.318747],[61.011768,55.333449],[61.020649,55.33857],[61.061694,55.351081],[61.07044,55.370589],[61.068723,55.372254],[61.072272,55.37417],[61.074313,55.383963],[61.083463,55.385016],[61.15022,55.410021],[61.191663,55.403349],[61.232768,55.414745],[61.234012,55.418093],[61.239359,55.419516],[61.294704,55.427561],[61.301498,55.435882],[61.281273,55.457486],[61.293237,55.456364],[61.303394,55.462919],[61.304521,55.468664],[61.292654,55.483103],[61.267766,55.490209],[61.246844,55.503132],[61.260321,55.512014],[61.25859,55.519059],[61.245743,55.535314],[61.259116,55.542273],[61.279339,55.565914],[61.28602,55.56589],[61.312265,55.574441],[61.294394,55.589637],[61.286725,55.610465],[61.254741,55.609891],[61.236135,55.614894],[61.233734,55.624836],[61.227264,55.633654],[61.220186,55.633794],[61.220781,55.639088],[61.215535,55.642549],[61.304153,55.639802],[61.314145,55.642375],[61.312258,55.645228],[61.380363,55.654404],[61.383507,55.660147],[61.391564,55.664662],[61.394474,55.66169],[61.39241,55.653888],[61.404287,55.648096],[61.409329,55.635747],[61.426913,55.635631],[61.432201,55.629583],[61.430011,55.627779],[61.431328,55.624167],[61.437931,55.624478],[61.482014,55.580575],[61.498197,55.552728],[61.50542,55.552691],[61.50427,55.554103],[61.507425,55.554812],[61.507595,55.557009],[61.515693,55.559825],[61.520446,55.558986],[61.519986,55.555512],[61.525519,55.555633],[61.528161,55.561763],[61.532534,55.56499],[61.527861,55.568829],[61.537977,55.572024],[61.538192,55.577077],[61.540883,55.576799],[61.546798,55.582737],[61.565881,55.586035],[61.583853,55.576574],[61.578158,55.566712],[61.577786,55.514473],[61.603568,55.472096],[61.605311,55.441457],[61.600132,55.44113],[61.598943,55.453422],[61.541864,55.451553],[61.539603,55.463888],[61.511262,55.463922],[61.510717,55.458503],[61.512704,55.440415],[61.50817,55.431268],[61.509862,55.426219],[61.507213,55.402628],[61.519904,55.395618],[61.518549,55.393368],[61.591217,55.388543],[61.594966,55.385451],[61.595064,55.381259],[61.590475,55.377067],[61.595516,55.377229],[61.600627,55.372531],[61.604851,55.373981],[61.602888,55.346237],[61.578506,55.345041],[61.582016,55.34209],[61.568174,55.331437],[61.565089,55.325552],[61.57776,55.31353],[61.570211,55.312504]],[[61.345659,55.316346],[61.352039,55.315759],[61.34989,55.318029],[61.345659,55.316346]]]}},{"type":"Feature","id":"77687-2161","properties":{"id":"77687-2161","name":"Каслинский район","name_ru":"Каслинский район","subject_id":"77687","subject_name":"Челябинская область","source_gid":2161,"source_fid":2271,"names_rosstat":"Каслинский муниципальный район","population":28695,"area_km2":2786.7267268416094,"density_km2":10.297026875154721,"source":"Актуализированный объединённый GeoJSON, предоставленный преподавателем","name_en":"Kaslinskii District","name_zh":"Kaslinskii区","subject_name_en":"Chelyabinsk Oblast","subject_name_zh":"车里雅宾斯克州"},"geometry":{"type":"Polygon","coordinates":[[[61.559197,56.000517],[61.538078,56.004183],[61.513117,55.998129],[61.513669,55.993547],[61.493461,55.992826],[61.494854,55.980167],[61.44052,55.974382],[61.430674,55.980056],[61.424118,55.980314],[61.419895,55.975617],[61.377705,55.960395],[61.373465,55.955956],[61.370107,55.956871],[61.363008,55.952676],[61.322311,55.953842],[61.312998,55.949983],[61.298506,55.935928],[61.295929,55.935917],[61.286879,55.940241],[61.259444,55.94105],[61.220513,55.949577],[61.220133,55.987566],[61.216205,55.993455],[61.199905,55.993585],[61.199965,55.998959],[61.18115,56.006062],[61.096911,56.017394],[61.07222,55.999122],[61.075558,55.992848],[61.082895,55.99159],[61.077652,55.987533],[61.078745,55.984514],[61.075753,55.982336],[61.08349,55.974906],[61.087014,55.967373],[61.096682,55.961006],[61.095576,55.956337],[61.098789,55.951335],[61.098257,55.942508],[61.091322,55.928162],[61.08027,55.915204],[61.085121,55.908746],[61.07032,55.906569],[61.072938,55.919433],[61.066056,55.93511],[61.05978,55.958762],[61.040185,55.973891],[61.036844,55.964637],[61.026837,55.959384],[61.015363,55.949292],[60.994356,55.946271],[60.99206,55.93609],[60.993887,55.933681],[60.975637,55.902335],[60.966561,55.901885],[60.94599,55.906329],[60.942879,55.891727],[60.936098,55.888983],[60.935154,55.885325],[60.926828,55.885469],[60.925198,55.883159],[60.908718,55.886095],[60.901937,55.8782],[60.904512,55.866643],[60.902023,55.86332],[60.895414,55.859996],[60.883312,55.847904],[60.873527,55.847759],[60.848122,55.820862],[60.834646,55.8239],[60.822372,55.812182],[60.835333,55.806877],[60.824432,55.793658],[60.802288,55.775414],[60.797567,55.777056],[60.800228,55.782172],[60.799799,55.79221],[60.821257,55.81469],[60.640978,55.797582],[60.636732,55.808345],[60.638578,55.811985],[60.555892,55.821198],[60.559827,55.8594],[60.42476,55.863927],[60.422375,55.836765],[60.330656,55.848127],[60.335268,55.86162],[60.369607,55.858533],[60.376386,55.882949],[60.317459,55.887804],[60.312473,55.869356],[60.30203,55.870352],[60.291021,55.831706],[60.326468,55.828374],[60.324466,55.827219],[60.258528,55.833965],[60.295271,55.970047],[60.423179,55.957059],[60.419603,55.960677],[60.5002,55.957645],[60.507969,56.034467],[60.542534,56.033164],[60.544339,56.052228],[60.578317,56.051316],[60.577644,56.042045],[60.646637,56.039951],[60.645553,56.029799],[60.714178,56.026899],[60.712848,56.013981],[60.717612,56.009068],[60.713799,56.001657],[60.684566,55.987176],[60.690979,55.978649],[60.7016,55.971347],[60.70473,55.966226],[60.705639,55.95643],[60.723511,55.940434],[60.728599,55.941439],[60.731056,55.94479],[60.751736,55.948125],[60.766309,55.960256],[60.772006,55.972676],[60.783588,55.972693],[60.798822,55.979804],[60.807075,55.978651],[60.818804,55.990984],[60.826406,55.988219],[60.840158,56.00688],[60.833,56.00712],[60.831857,56.012163],[60.827018,56.010792],[60.825846,56.014555],[60.821035,56.014626],[60.819105,56.009416],[60.814323,56.016334],[60.816788,56.022714],[60.824667,56.020583],[60.826985,56.02436],[60.813741,56.024562],[60.81165,56.028636],[60.806253,56.027229],[60.806614,56.033227],[60.797876,56.028993],[60.802003,56.023561],[60.794058,56.022477],[60.786366,56.046809],[60.793147,56.066346],[60.791718,56.081751],[60.70194,56.143152],[60.701097,56.146195],[60.719868,56.145863],[60.723875,56.143387],[60.722789,56.13916],[60.729916,56.135421],[60.744586,56.135962],[60.747866,56.132898],[60.745986,56.128768],[60.748824,56.126781],[60.748398,56.123846],[60.760705,56.123982],[60.760298,56.128059],[60.766169,56.130468],[60.769562,56.137343],[60.744457,56.14058],[60.746656,56.145796],[60.726233,56.147812],[60.72766,56.151223],[60.716567,56.152002],[60.696231,56.190967],[60.699199,56.220166],[60.668264,56.221336],[60.699464,56.239539],[60.77049,56.237147],[60.768023,56.218626],[60.802267,56.21772],[60.801971,56.221178],[60.811297,56.219414],[60.824759,56.220985],[60.839533,56.21495],[60.843734,56.224558],[60.878591,56.220431],[60.874043,56.214681],[60.963869,56.190952],[60.975885,56.200681],[60.981791,56.199487],[61.001091,56.1866],[61.011974,56.188159],[61.014071,56.185192],[61.045921,56.200374],[61.079829,56.184058],[61.10351,56.181671],[61.103934,56.184782],[61.11112,56.188912],[61.135792,56.192347],[61.164702,56.20425],[61.185875,56.208264],[61.172658,56.233637],[61.160201,56.240154],[61.145691,56.28019],[61.091729,56.319258],[61.092861,56.33866],[61.119934,56.352382],[61.154287,56.356296],[61.155878,56.364496],[61.160666,56.36572],[61.177127,56.361098],[61.173717,56.358511],[61.179659,56.35311],[61.219175,56.34935],[61.253721,56.338886],[61.259727,56.332982],[61.285125,56.333956],[61.310186,56.339583],[61.316369,56.337012],[61.318863,56.329714],[61.318687,56.320456],[61.315123,56.319048],[61.313334,56.313398],[61.337457,56.315371],[61.342939,56.322967],[61.351863,56.322949],[61.364654,56.32724],[61.367548,56.330931],[61.382513,56.337852],[61.397959,56.341688],[61.411257,56.343593],[61.42114,56.333917],[61.433457,56.351331],[61.442158,56.352968],[61.460572,56.344826],[61.47209,56.34386],[61.467676,56.336059],[61.47179,56.330829],[61.487767,56.333962],[61.505686,56.330843],[61.506988,56.323753],[61.504732,56.321221],[61.52114,56.322221],[61.528166,56.316999],[61.531708,56.309542],[61.539091,56.305878],[61.543823,56.304245],[61.563007,56.309286],[61.561382,56.306186],[61.564772,56.29539],[61.569177,56.294878],[61.569105,56.292282],[61.562373,56.28845],[61.566856,56.283515],[61.5719,56.283237],[61.574804,56.286624],[61.582118,56.286041],[61.584296,56.293741],[61.594196,56.303149],[61.605082,56.301783],[61.609989,56.310747],[61.619298,56.319778],[61.669631,56.317157],[61.684077,56.309879],[61.69364,56.308398],[61.697051,56.300436],[61.735213,56.286424],[61.723386,56.272129],[61.742794,56.269835],[61.748581,56.25915],[61.751506,56.257803],[61.746688,56.253584],[61.74992,56.2445],[61.761202,56.244273],[61.764803,56.238883],[61.768023,56.238851],[61.772089,56.232188],[61.77241,56.226853],[61.788095,56.227309],[61.792651,56.233258],[61.800274,56.232674],[61.798794,56.230173],[61.805822,56.228829],[61.78969,56.193137],[61.790554,56.177995],[61.752293,56.120695],[61.726195,56.088589],[61.718322,56.069134],[61.699236,56.067119],[61.701769,56.065421],[61.700413,56.063249],[61.680201,56.065817],[61.676251,56.063028],[61.676995,56.059391],[61.671467,56.057681],[61.679011,56.057278],[61.683734,56.054019],[61.683066,56.052284],[61.686564,56.051103],[61.685684,56.043033],[61.694289,56.040118],[61.697892,56.036335],[61.68903,56.026979],[61.663452,56.018138],[61.681218,56.015239],[61.683028,55.988215],[61.664956,55.987263],[61.633108,55.992519],[61.632069,55.990283],[61.635995,55.990477],[61.638114,55.98913],[61.636048,55.98839],[61.641622,55.986174],[61.635451,55.984479],[61.632985,55.981354],[61.634516,55.980618],[61.63037,55.978064],[61.624759,55.979731],[61.617051,55.974951],[61.611196,55.976227],[61.610399,55.97442],[61.595976,55.975999],[61.585482,55.980923],[61.559197,56.000517]]]}},{"type":"Feature","id":"77687-2162","properties":{"id":"77687-2162","name":"Магнитогорский городской округ","name_ru":"Магнитогорский городской округ","subject_id":"77687","subject_name":"Челябинская область","source_gid":2162,"source_fid":2272,"names_rosstat":"Магнитогорский городской округ","population":408487,"area_km2":394.72561856255277,"density_km2":1034.8631575714826,"source":"Актуализированный объединённый GeoJSON, предоставленный преподавателем","name_en":"Magnitogorskii Urban Okrug","name_zh":"Magnitogorskii城市辖区","subject_name_en":"Chelyabinsk Oblast","subject_name_zh":"车里雅宾斯克州"},"geometry":{"type":"Polygon","coordinates":[[[58.897216,53.471953],[58.900002,53.31516],[58.92822,53.314363],[58.929111,53.326755],[58.940856,53.326599],[58.946847,53.320485],[58.967366,53.321345],[58.966292,53.300494],[58.994807,53.300009],[58.995219,53.304427],[58.998572,53.30476],[59.079053,53.308216],[59.076247,53.312235],[59.07828,53.312435],[59.087122,53.308505],[59.097844,53.309188],[59.102211,53.306041],[59.105216,53.307015],[59.10681,53.312656],[59.083895,53.322507],[59.090268,53.330308],[59.098027,53.33176],[59.100593,53.337805],[59.123868,53.333755],[59.134067,53.325822],[59.146035,53.323019],[59.14596,53.339784],[59.157976,53.339379],[59.166184,53.349147],[59.16052,53.354306],[59.162224,53.356796],[59.178749,53.36011],[59.192426,53.352101],[59.191933,53.353904],[59.195842,53.353943],[59.201909,53.366691],[59.21353,53.365451],[59.218092,53.369259],[59.225704,53.368982],[59.223615,53.373392],[59.227821,53.374669],[59.227392,53.379245],[59.235556,53.383168],[59.233089,53.385939],[59.226544,53.385741],[59.228067,53.395409],[59.215139,53.390278],[59.208337,53.382861],[59.205644,53.383629],[59.204335,53.395549],[59.206148,53.405458],[59.210772,53.411917],[59.209034,53.414366],[59.215139,53.422749],[59.219677,53.424942],[59.219087,53.427876],[59.212832,53.42406],[59.203834,53.425461],[59.18146,53.437318],[59.191567,53.444986],[59.197523,53.446219],[59.203665,53.45301],[59.185604,53.451112],[59.184606,53.465247],[59.021985,53.50172],[59.054915,53.510252],[59.066455,53.51896],[59.06649,53.530071],[59.061109,53.531806],[59.060661,53.535154],[59.062623,53.551288],[59.056503,53.542596],[59.047803,53.541011],[59.039883,53.534819],[59.013069,53.522829],[59.015631,53.514829],[58.990222,53.51815],[58.977578,53.53022],[58.974208,53.532556],[58.970757,53.531785],[58.956892,53.542943],[58.946001,53.544253],[58.916674,53.515716],[58.923283,53.490842],[58.969527,53.499088],[58.980601,53.485105],[58.96977,53.481197],[58.977394,53.474763],[58.962987,53.468362],[58.920762,53.466617],[58.92055,53.472727],[58.897216,53.471953]]]}},{"type":"Feature","id":"77687-2163","properties":{"id":"77687-2163","name":"Кунашакский район","name_ru":"Кунашакский район","subject_id":"77687","subject_name":"Челябинская область","source_gid":2163,"source_fid":2273,"names_rosstat":"Кунашакский муниципальный район","population":27255,"area_km2":3141.382907559253,"density_km2":8.676115202134401,"source":"Актуализированный объединённый GeoJSON, предоставленный преподавателем","name_en":"Kunashakskii District","name_zh":"Kunashakskii区","subject_name_en":"Chelyabinsk Oblast","subject_name_zh":"车里雅宾斯克州"},"geometry":{"type":"Polygon","coordinates":[[[61.565881,55.586035],[61.54372,55.581333],[61.540883,55.576799],[61.538192,55.577077],[61.537977,55.572024],[61.529187,55.570134],[61.527871,55.568616],[61.532534,55.56499],[61.528161,55.561763],[61.525519,55.555633],[61.519986,55.555512],[61.520446,55.558986],[61.515693,55.559825],[61.507595,55.557009],[61.507425,55.554812],[61.50427,55.554103],[61.50542,55.552691],[61.498197,55.552728],[61.482014,55.580575],[61.437931,55.624478],[61.431328,55.624167],[61.430011,55.627779],[61.432201,55.629583],[61.426913,55.635631],[61.409329,55.635747],[61.404287,55.648096],[61.39241,55.653888],[61.394474,55.66169],[61.391564,55.664662],[61.383507,55.660147],[61.380363,55.654404],[61.312258,55.645228],[61.314145,55.642375],[61.304153,55.639802],[61.215535,55.642549],[61.212047,55.644116],[61.211514,55.652091],[61.198899,55.656829],[61.207067,55.661117],[61.215644,55.660098],[61.22154,55.664459],[61.221867,55.681044],[61.243917,55.679171],[61.247982,55.685198],[61.233176,55.725955],[61.196309,55.725849],[61.197261,55.728208],[61.195426,55.72915],[61.172042,55.724437],[61.15435,55.728738],[61.146216,55.708657],[61.147737,55.69218],[61.128799,55.685641],[61.119063,55.678622],[61.110208,55.678019],[61.09903,55.699611],[61.083735,55.700271],[61.085529,55.704967],[61.071453,55.719327],[61.083298,55.722518],[61.084027,55.724355],[61.077161,55.726651],[61.081581,55.737404],[61.076603,55.73953],[61.072226,55.737114],[61.056862,55.744555],[61.051884,55.74011],[61.059179,55.734215],[61.057806,55.728995],[61.023774,55.727424],[61.01562,55.730904],[61.008325,55.726168],[61.006608,55.72056],[61.005707,55.723146],[60.996265,55.727303],[60.99412,55.731798],[61.011028,55.748009],[61.021585,55.749169],[61.026651,55.777844],[61.050081,55.777925],[61.051154,55.797253],[61.02957,55.797586],[61.034954,55.814931],[61.013947,55.812544],[61.011994,55.822851],[61.004844,55.827663],[61.008458,55.828598],[61.000252,55.843736],[61.001228,55.850537],[61.012524,55.856041],[61.008356,55.860321],[61.048622,55.899581],[61.066094,55.897224],[61.07032,55.906569],[61.085121,55.908746],[61.08027,55.915204],[61.091322,55.928162],[61.098257,55.942508],[61.098789,55.951335],[61.095432,55.957492],[61.096682,55.961006],[61.087014,55.967373],[61.08349,55.974906],[61.075753,55.982336],[61.078745,55.984514],[61.077652,55.987533],[61.082895,55.99159],[61.075558,55.992848],[61.07222,55.999122],[61.096911,56.017394],[61.18115,56.006062],[61.199965,55.998959],[61.199905,55.993585],[61.216205,55.993455],[61.220133,55.987566],[61.220513,55.949577],[61.259444,55.94105],[61.286879,55.940241],[61.295929,55.935917],[61.298506,55.935928],[61.312998,55.949983],[61.322311,55.953842],[61.363008,55.952676],[61.370107,55.956871],[61.373465,55.955956],[61.377705,55.960395],[61.419895,55.975617],[61.424118,55.980314],[61.430674,55.980056],[61.44052,55.974382],[61.494854,55.980167],[61.493461,55.992826],[61.513669,55.993547],[61.513117,55.998129],[61.538078,56.004183],[61.559197,56.000517],[61.585482,55.980923],[61.595976,55.975999],[61.610399,55.97442],[61.611196,55.976227],[61.617051,55.974951],[61.624759,55.979731],[61.630447,55.978096],[61.634516,55.980618],[61.632985,55.981354],[61.635451,55.984479],[61.641639,55.986244],[61.636048,55.98839],[61.638114,55.98913],[61.635995,55.990477],[61.632069,55.990283],[61.633108,55.992519],[61.664956,55.987263],[61.683028,55.988215],[61.681218,56.015239],[61.663452,56.018138],[61.68903,56.026979],[61.697892,56.036335],[61.694289,56.040118],[61.685684,56.043033],[61.686564,56.051103],[61.683066,56.052284],[61.683734,56.054019],[61.679011,56.057278],[61.671467,56.057681],[61.676995,56.059391],[61.676251,56.063028],[61.680201,56.065817],[61.700413,56.063249],[61.701769,56.065421],[61.699236,56.067119],[61.718322,56.069134],[61.726195,56.088589],[61.752293,56.120695],[61.790554,56.177995],[61.78969,56.193137],[61.802924,56.224908],[61.811143,56.235901],[61.819374,56.238948],[61.835693,56.24013],[61.870744,56.222679],[61.869512,56.20931],[61.877835,56.2065],[61.872491,56.198288],[61.867917,56.199464],[61.858888,56.194921],[61.836979,56.177833],[61.851164,56.177883],[61.85981,56.173263],[61.880159,56.171295],[61.936046,56.153162],[61.982036,56.145927],[62.02809,56.135244],[62.049672,56.134241],[62.058887,56.131006],[62.148541,56.116316],[62.151776,56.111757],[62.113867,56.090665],[62.124984,56.081645],[62.192658,56.047608],[62.210509,56.039062],[62.221618,56.038015],[62.223701,56.032982],[62.230419,56.027999],[62.218997,55.996339],[62.222588,55.967266],[62.230334,55.939633],[62.238595,55.933735],[62.228532,55.918458],[62.155389,55.914272],[62.157846,55.904389],[62.12471,55.898147],[62.075597,55.89583],[62.056097,55.888041],[62.017394,55.855633],[62.001934,55.834672],[61.967319,55.797191],[61.866343,55.710498],[61.868143,55.657762],[61.861588,55.635896],[61.860372,55.604963],[61.869588,55.583686],[61.869937,55.573115],[61.860132,55.56463],[61.85224,55.564346],[61.850969,55.560629],[61.845692,55.558162],[61.846466,55.555121],[61.840917,55.550145],[61.84058,55.545509],[61.833901,55.534792],[61.837561,55.53285],[61.830337,55.520859],[61.830147,55.505181],[61.820764,55.499723],[61.832732,55.483843],[61.837542,55.482254],[61.832797,55.467481],[61.837418,55.458316],[61.800175,55.451066],[61.795877,55.457515],[61.775084,55.456875],[61.772344,55.462959],[61.764686,55.466557],[61.756364,55.475968],[61.709425,55.466305],[61.703351,55.463495],[61.70379,55.460043],[61.697721,55.456731],[61.650547,55.45207],[61.649077,55.461869],[61.640719,55.46297],[61.635655,55.466867],[61.63831,55.479761],[61.611758,55.482008],[61.598326,55.480682],[61.577786,55.514473],[61.578158,55.566712],[61.583853,55.576574],[61.565881,55.586035]]]}},{"type":"Feature","id":"77687-2164","properties":{"id":"77687-2164","name":"Красноармейский район","name_ru":"Красноармейский район","subject_id":"77687","subject_name":"Челябинская область","source_gid":2164,"source_fid":2274,"names_rosstat":"Красноармейский муниципальный район","population":50490,"area_km2":3842.6808951998114,"density_km2":13.139264325349249,"source":"Актуализированный объединённый GeoJSON, предоставленный преподавателем","name_en":"Krasnoarmeiskii District","name_zh":"Krasnoarmeiskii区","subject_name_en":"Chelyabinsk Oblast","subject_name_zh":"车里雅宾斯克州"},"geometry":{"type":"Polygon","coordinates":[[[61.519904,55.395618],[61.507213,55.402628],[61.509862,55.426219],[61.50817,55.431268],[61.512704,55.440415],[61.511262,55.463922],[61.539603,55.463888],[61.541864,55.451553],[61.598943,55.453422],[61.600132,55.44113],[61.605311,55.441457],[61.604058,55.469427],[61.598326,55.480682],[61.611758,55.482008],[61.63831,55.479761],[61.635655,55.466867],[61.640719,55.46297],[61.649077,55.461869],[61.650547,55.45207],[61.697721,55.456731],[61.70379,55.460043],[61.703351,55.463495],[61.709425,55.466305],[61.756364,55.475968],[61.764686,55.466557],[61.772344,55.462959],[61.775084,55.456875],[61.795877,55.457515],[61.800175,55.451066],[61.837418,55.458316],[61.832797,55.467481],[61.837542,55.482254],[61.832732,55.483843],[61.820764,55.499723],[61.830147,55.505181],[61.830337,55.520859],[61.837561,55.53285],[61.833901,55.534792],[61.84058,55.545509],[61.840917,55.550145],[61.846466,55.555121],[61.845692,55.558162],[61.850969,55.560629],[61.85224,55.564346],[61.860132,55.56463],[61.869937,55.573115],[61.869588,55.583686],[61.860372,55.604963],[61.861588,55.635896],[61.868143,55.657762],[61.866343,55.710498],[61.967319,55.797191],[62.001934,55.834672],[62.017394,55.855633],[62.056097,55.888041],[62.075597,55.89583],[62.12471,55.898147],[62.157846,55.904389],[62.155389,55.914272],[62.228532,55.918458],[62.238595,55.933735],[62.317661,55.947603],[62.326217,55.942845],[62.330921,55.943349],[62.364329,55.933387],[62.369971,55.923328],[62.35857,55.916725],[62.344562,55.901515],[62.313568,55.900655],[62.310055,55.86677],[62.29181,55.866571],[62.304293,55.837975],[62.360737,55.805429],[62.390936,55.813193],[62.41601,55.834826],[62.421908,55.834604],[62.440321,55.827573],[62.420078,55.806317],[62.453753,55.800783],[62.469247,55.800751],[62.470061,55.798331],[62.498942,55.780707],[62.525893,55.769909],[62.524176,55.754644],[62.519925,55.742906],[62.524791,55.738228],[62.520464,55.735227],[62.515934,55.72578],[62.534557,55.716146],[62.543848,55.709547],[62.544644,55.705854],[62.524614,55.691232],[62.517429,55.679204],[62.531782,55.674925],[62.536746,55.664477],[62.551791,55.662811],[62.554016,55.646069],[62.546249,55.624153],[62.524592,55.625249],[62.519153,55.608323],[62.523405,55.590302],[62.49938,55.585768],[62.472397,55.585984],[62.468967,55.563626],[62.534669,55.574883],[62.55157,55.567405],[62.597863,55.531209],[62.602374,55.513439],[62.62009,55.490569],[62.585075,55.48449],[62.541959,55.483939],[62.499635,55.472144],[62.474825,55.472013],[62.454923,55.467246],[62.47628,55.433965],[62.452115,55.4276],[62.383235,55.427026],[62.378011,55.417973],[62.336159,55.415738],[62.326112,55.412284],[62.319534,55.413738],[62.299507,55.403819],[62.288312,55.427604],[62.283607,55.430535],[62.263253,55.433236],[62.263046,55.438024],[62.20855,55.446311],[62.18825,55.445441],[62.166861,55.409406],[62.168946,55.401652],[62.180311,55.397237],[62.241682,55.359085],[62.244451,55.337179],[62.239143,55.335746],[62.23198,55.33817],[62.234974,55.340199],[62.232287,55.340838],[62.223984,55.336485],[62.223244,55.33907],[62.218086,55.337593],[62.212564,55.339548],[62.214509,55.34124],[62.211154,55.344082],[62.19621,55.342276],[62.192253,55.343678],[62.19017,55.348085],[62.183746,55.349235],[62.178139,55.347206],[62.17239,55.349964],[62.161149,55.312684],[62.140724,55.311579],[62.106083,55.304462],[62.103194,55.297734],[62.066351,55.303627],[62.043157,55.260574],[62.071679,55.259332],[62.160815,55.231132],[62.161321,55.221331],[62.176319,55.205866],[62.174374,55.202504],[62.225938,55.203206],[62.225564,55.195471],[62.201699,55.170596],[62.208643,55.150343],[62.224007,55.150734],[62.237112,55.108568],[62.274191,55.113405],[62.283391,55.107393],[62.278491,55.105709],[62.281275,55.099212],[62.271134,55.096985],[62.263906,55.084684],[62.274112,55.084811],[62.28477,55.078212],[62.280158,55.074402],[62.275417,55.077216],[62.25832,55.073978],[62.25291,55.064172],[62.223947,55.065911],[62.209049,55.007085],[62.201742,54.992589],[62.193825,54.99019],[62.147238,55.03827],[62.137827,55.034888],[62.088271,55.033948],[62.081408,55.032419],[62.069132,55.021577],[62.046347,55.021295],[62.014551,55.030216],[61.966185,55.030312],[61.995559,54.980732],[61.98787,54.970678],[61.961439,54.956157],[61.946004,54.976147],[61.916594,54.968332],[61.783823,54.979151],[61.713689,54.979662],[61.70127,54.987808],[61.643176,54.9789],[61.638965,54.974683],[61.626175,54.970881],[61.622005,55.008245],[61.601575,55.034202],[61.6281,55.040857],[61.619454,55.046635],[61.636553,55.072775],[61.700575,55.080036],[61.736702,55.088811],[61.746197,55.105288],[61.730558,55.115353],[61.704695,55.117682],[61.711186,55.142295],[61.69871,55.142064],[61.708837,55.157812],[61.696374,55.170592],[61.698185,55.173413],[61.718922,55.179794],[61.719804,55.190241],[61.723965,55.196238],[61.752915,55.203072],[61.748551,55.208181],[61.756074,55.229874],[61.753183,55.233576],[61.757034,55.242204],[61.75536,55.24521],[61.747247,55.246469],[61.741934,55.244763],[61.740648,55.234264],[61.728266,55.230978],[61.727844,55.235114],[61.71675,55.239638],[61.710252,55.238485],[61.70496,55.233445],[61.708069,55.227875],[61.702708,55.226141],[61.70642,55.218517],[61.694252,55.198144],[61.662163,55.197608],[61.661822,55.189751],[61.618122,55.193046],[61.615228,55.190669],[61.618174,55.187064],[61.58387,55.18081],[61.558707,55.192768],[61.557351,55.212574],[61.559693,55.215756],[61.556348,55.220962],[61.556563,55.232844],[61.531755,55.233685],[61.52657,55.240248],[61.485263,55.240323],[61.493669,55.255139],[61.521117,55.259368],[61.543376,55.279211],[61.552264,55.2794],[61.551589,55.29019],[61.543582,55.307232],[61.544689,55.317968],[61.570211,55.312504],[61.57776,55.31353],[61.565089,55.325552],[61.568174,55.331437],[61.582016,55.34209],[61.578506,55.345041],[61.602888,55.346237],[61.604851,55.373981],[61.600627,55.372531],[61.595516,55.377229],[61.590475,55.377067],[61.595064,55.381259],[61.594966,55.385451],[61.591217,55.388543],[61.518549,55.393368],[61.519904,55.395618]]]}},{"type":"Feature","id":"77687-2165","properties":{"id":"77687-2165","name":"Варненский район","name_ru":"Варненский район","subject_id":"77687","subject_name":"Челябинская область","source_gid":2165,"source_fid":2275,"names_rosstat":"Варненский муниципальный район","population":23786,"area_km2":3848.887410114172,"density_km2":6.179967732362019,"source":"Актуализированный объединённый GeoJSON, предоставленный преподавателем","name_en":"Varnenskii District","name_zh":"Varnenskii区","subject_name_en":"Chelyabinsk Oblast","subject_name_zh":"车里雅宾斯克州"},"geometry":{"type":"Polygon","coordinates":[[[61.547924,53.01216],[61.534542,53.016261],[61.522644,53.0155],[61.493408,53.030265],[61.469024,53.036604],[61.39074,52.992349],[61.306843,52.995954],[61.251028,53.036184],[61.231421,53.025062],[61.213225,53.024545],[61.20035,53.019692],[61.19211,53.011018],[61.167541,53.001614],[61.143702,52.998725],[61.12175,52.987679],[61.112253,52.969205],[61.093919,52.967161],[61.081546,52.974692],[61.06467,52.976244],[61.060639,52.979123],[61.043573,53.00382],[60.992956,53.067122],[60.990988,53.078973],[60.994945,53.078957],[60.99723,53.08662],[60.984502,53.111629],[60.990957,53.113178],[60.930675,53.157747],[60.903396,53.198315],[60.934359,53.226112],[60.895907,53.231805],[60.889792,53.246454],[60.903971,53.257662],[60.911108,53.271797],[60.900323,53.283315],[60.883594,53.285375],[60.862804,53.256101],[60.845564,53.270023],[60.824421,53.278265],[60.803421,53.277203],[60.791967,53.264535],[60.791818,53.25843],[60.774258,53.262607],[60.754615,53.260871],[60.741493,53.250211],[60.710907,53.242704],[60.703924,53.252928],[60.729504,53.267907],[60.716928,53.284489],[60.715834,53.300816],[60.685255,53.293478],[60.664727,53.294681],[60.617295,53.307903],[60.598617,53.304515],[60.57948,53.309268],[60.557933,53.307631],[60.606692,53.466927],[60.608058,53.521791],[60.605344,53.524649],[60.618966,53.524839],[60.64428,53.519412],[60.644898,53.568418],[60.634168,53.571809],[60.62862,53.576962],[60.638648,53.58532],[60.638895,53.587942],[60.633558,53.591674],[60.614594,53.597221],[60.615949,53.643428],[60.787517,53.643906],[60.787092,53.656158],[60.784267,53.658211],[60.784241,53.662528],[60.779819,53.664611],[60.804606,53.675293],[60.784762,53.693321],[60.812475,53.70593],[60.853696,53.705772],[60.853384,53.652915],[60.895929,53.667893],[60.900287,53.628667],[60.93117,53.624468],[60.940685,53.625499],[61.089912,53.614856],[61.121777,53.615133],[61.126446,53.589943],[61.163871,53.57734],[61.163109,53.57447],[61.188253,53.572338],[61.198996,53.566887],[61.215552,53.563644],[61.227308,53.564453],[61.229349,53.56765],[61.241817,53.564049],[61.264278,53.56391],[61.272166,53.567125],[61.279944,53.563685],[61.287568,53.565162],[61.292064,53.56209],[61.306882,53.559886],[61.317976,53.561842],[61.330771,53.55852],[61.349509,53.558714],[61.357792,53.561393],[61.391199,53.602103],[61.507226,53.594975],[61.51001,53.589222],[61.553065,53.593052],[61.565178,53.538344],[61.582205,53.540554],[61.593261,53.526124],[61.559175,53.507926],[61.55807,53.505121],[61.568925,53.504542],[61.567243,53.496702],[61.555611,53.497642],[61.556831,53.501876],[61.550458,53.507104],[61.533343,53.505012],[61.514712,53.490578],[61.518639,53.473018],[61.487786,53.475901],[61.464775,53.462839],[61.45389,53.468177],[61.425789,53.462424],[61.42845,53.455542],[61.366882,53.467377],[61.368325,53.480522],[61.359418,53.493068],[61.315134,53.507283],[61.321894,53.51913],[61.29854,53.511588],[61.294495,53.512328],[61.292962,53.515107],[61.271013,53.508282],[61.258652,53.508037],[61.241488,53.491547],[61.228828,53.483914],[61.220112,53.455014],[61.222971,53.444182],[61.216622,53.437707],[61.216689,53.431795],[61.203136,53.429059],[61.203732,53.425479],[61.155253,53.405503],[61.168922,53.357261],[61.177036,53.311756],[61.226235,53.283385],[61.289718,53.286014],[61.341927,53.285047],[61.400233,53.273894],[61.456645,53.239519],[61.52712,53.215336],[61.630476,53.223223],[61.639385,53.248929],[61.663757,53.264913],[61.673926,53.265659],[61.70303,53.249542],[61.73239,53.23916],[61.750747,53.206579],[61.784151,53.184637],[61.915963,53.142057],[62.027399,53.141937],[62.119306,53.111815],[62.147365,53.068002],[62.13044,52.99006],[62.029335,52.951047],[61.960761,52.950151],[61.847847,53.003303],[61.841259,52.995172],[61.834178,52.992863],[61.817965,52.993811],[61.815716,52.997285],[61.811596,52.998112],[61.755936,52.996224],[61.735139,52.991481],[61.716556,52.991445],[61.709629,52.992533],[61.701773,52.998212],[61.673195,52.968535],[61.657119,52.967285],[61.632086,52.95412],[61.557147,53.012116],[61.547924,53.01216]]]}},{"type":"Feature","id":"77687-2166","properties":{"id":"77687-2166","name":"Нагайбакский район","name_ru":"Нагайбакский район","subject_id":"77687","subject_name":"Челябинская область","source_gid":2166,"source_fid":2276,"names_rosstat":"Нагайбакский муниципальный район","population":16746,"area_km2":3018.273500357162,"density_km2":5.54820495823801,"source":"Актуализированный объединённый GeoJSON, предоставленный преподавателем","name_en":"Nagaibakskii District","name_zh":"Nagaibakskii区","subject_name_en":"Chelyabinsk Oblast","subject_name_zh":"车里雅宾斯克州"},"geometry":{"type":"Polygon","coordinates":[[[59.334744,53.513902],[59.462715,53.504086],[59.466946,53.508924],[59.511937,53.496767],[59.506031,53.489645],[59.513213,53.457266],[59.513794,53.438078],[59.498914,53.414407],[59.501026,53.413831],[59.499032,53.410084],[59.505685,53.402241],[59.504862,53.39813],[59.508381,53.387997],[59.502169,53.379534],[59.501021,53.370686],[59.499135,53.370025],[59.502681,53.367813],[59.510965,53.369891],[59.526329,53.367573],[59.534958,53.374305],[59.547215,53.375892],[59.547892,53.370923],[59.553065,53.371955],[59.558637,53.367085],[59.57425,53.366123],[59.572382,53.36315],[59.576779,53.35922],[59.585467,53.35888],[59.589824,53.360318],[59.583934,53.366831],[59.588473,53.37231],[59.591357,53.367687],[59.599939,53.369145],[59.610215,53.375647],[59.610196,53.383286],[59.623051,53.385811],[59.659982,53.356105],[59.731269,53.304381],[59.72302,53.293394],[59.733383,53.285917],[59.737661,53.287517],[59.739749,53.284874],[59.747345,53.283209],[59.75137,53.278043],[59.76227,53.278342],[59.787087,53.265902],[59.778669,53.250778],[59.766469,53.239508],[59.76615,53.234151],[59.753332,53.215767],[59.762073,53.211781],[59.75522,53.207201],[59.776446,53.197538],[59.83099,53.197036],[59.831302,53.199656],[59.825571,53.199815],[59.849772,53.245106],[59.859913,53.244409],[59.862655,53.246476],[59.861493,53.253127],[59.849351,53.255349],[59.845941,53.258662],[59.90107,53.253388],[59.904582,53.263658],[59.94747,53.256464],[59.967039,53.266471],[59.968925,53.276387],[59.975353,53.282745],[59.975314,53.292105],[59.985236,53.293914],[59.99745,53.285072],[60.122875,53.274944],[60.139885,53.295933],[60.150704,53.314038],[60.2442,53.316827],[60.243266,53.3094],[60.258473,53.309773],[60.262879,53.306855],[60.263077,53.303861],[60.278111,53.302868],[60.280027,53.306663],[60.302583,53.312458],[60.304015,53.313112],[60.280732,53.334411],[60.296965,53.350212],[60.275951,53.36972],[60.268983,53.371683],[60.264258,53.378221],[60.237939,53.394538],[60.247523,53.399055],[60.253607,53.427373],[60.263141,53.449446],[60.296467,53.442357],[60.328434,53.439578],[60.262386,53.476009],[60.256329,53.539434],[60.258496,53.546498],[60.239316,53.553513],[60.252524,53.557112],[60.246999,53.564948],[60.248834,53.581812],[60.16128,53.660866],[60.140496,53.658623],[60.104681,53.669761],[60.09918,53.682198],[60.080799,53.705374],[60.097092,53.714071],[60.079466,53.725414],[60.090247,53.755914],[60.062461,53.75867],[60.060412,53.774768],[60.051153,53.784927],[60.038758,53.785246],[60.042536,53.833454],[60.011367,53.833613],[60.001194,53.84458],[60.003042,53.850379],[59.984365,53.852635],[60.01446,53.881368],[59.935359,53.881238],[59.934785,53.890886],[59.852508,53.889844],[59.852972,53.885904],[59.84943,53.883267],[59.851161,53.877938],[59.847844,53.876619],[59.849722,53.8706],[59.855368,53.865258],[59.863401,53.86538],[59.8646,53.859607],[59.888582,53.851886],[59.892867,53.841221],[59.883345,53.834385],[59.877257,53.825192],[59.877267,53.814383],[59.874386,53.814517],[59.874782,53.791967],[59.821578,53.788721],[59.708781,53.787952],[59.684568,53.800774],[59.548192,53.841741],[59.548434,53.868679],[59.581411,53.868898],[59.576144,53.880518],[59.58473,53.892199],[59.584809,53.902538],[59.581517,53.906953],[59.579013,53.920042],[59.497569,53.907224],[59.500434,53.90129],[59.498576,53.887847],[59.479675,53.884058],[59.484676,53.879062],[59.481406,53.877882],[59.481813,53.873733],[59.492442,53.869279],[59.496959,53.861365],[59.453084,53.83384],[59.461589,53.807685],[59.445312,53.789874],[59.433025,53.795242],[59.364888,53.714652],[59.37858,53.710672],[59.344834,53.670572],[59.40439,53.653266],[59.410667,53.661223],[59.418822,53.658495],[59.425716,53.666681],[59.463151,53.655353],[59.443529,53.632537],[59.418932,53.609158],[59.393637,53.617115],[59.388693,53.611871],[59.376111,53.597946],[59.3805,53.596179],[59.379191,53.592915],[59.371518,53.587677],[59.369058,53.582216],[59.37094,53.578945],[59.334744,53.513902]]]}},{"type":"Feature","id":"77687-2188","properties":{"id":"77687-2188","name":"Пластовский муниципальный округ","name_ru":"Пластовский муниципальный округ","subject_id":"77687","subject_name":"Челябинская область","source_gid":2188,"source_fid":2298,"names_rosstat":"Пластовский муниципальный округ","population":24155,"area_km2":1750.9836078932246,"density_km2":13.795103444208243,"source":"Актуализированный объединённый GeoJSON, предоставленный преподавателем","name_en":"Plastovskii Municipal Okrug","name_zh":"Plastovskii市政专区","subject_name_en":"Chelyabinsk Oblast","subject_name_zh":"车里雅宾斯克州"},"geometry":{"type":"Polygon","coordinates":[[[60.238913,54.061057],[60.259728,54.06014],[60.291424,54.017095],[60.300027,54.020393],[60.31376,54.019734],[60.314874,54.01784],[60.321305,54.020135],[60.329539,54.014542],[60.328693,54.010098],[60.335902,54.004816],[60.334293,54.003398],[60.335902,54.00119],[60.33232,53.997495],[60.333576,53.990197],[60.32978,53.983064],[60.330898,53.956429],[60.341148,53.95006],[60.346579,53.949696],[60.346612,53.93419],[60.352753,53.934225],[60.352495,53.907137],[60.399087,53.906788],[60.399544,53.925098],[60.446649,53.925206],[60.448534,53.951819],[60.509166,53.951587],[60.509123,53.98057],[60.511619,53.983791],[60.520885,53.984086],[60.52181,53.987315],[60.533946,53.988004],[60.536957,54.002421],[60.521058,54.012323],[60.524573,54.024814],[60.521729,54.02852],[60.517597,54.029142],[60.519579,54.031408],[60.513192,54.032437],[60.508526,54.029838],[60.504325,54.033084],[60.507146,54.034383],[60.504582,54.034577],[60.506323,54.035535],[60.504278,54.036092],[60.504452,54.039616],[60.502183,54.040522],[60.499855,54.036681],[60.495569,54.038911],[60.497334,54.039729],[60.495984,54.042377],[60.488261,54.046409],[60.488197,54.054339],[60.492026,54.061331],[60.493483,54.073018],[60.506948,54.063764],[60.536441,54.073472],[60.554091,54.073833],[60.567766,54.078842],[60.588261,54.073724],[60.588173,54.070889],[60.595793,54.061841],[60.611066,54.063764],[60.604171,54.06916],[60.603894,54.072736],[60.611883,54.07601],[60.655779,54.071293],[60.659508,54.088912],[60.650761,54.098948],[60.709604,54.093314],[60.707926,54.103641],[60.733442,54.10984],[60.734178,54.127414],[60.730113,54.130475],[60.720679,54.130686],[60.704448,54.136131],[60.703212,54.140635],[60.686823,54.148505],[60.677031,54.160652],[60.681321,54.175849],[60.66786,54.174835],[60.66989,54.185579],[60.658649,54.19164],[60.658969,54.195464],[60.64953,54.199729],[60.65983,54.202136],[60.671663,54.200113],[60.675412,54.205675],[60.684467,54.202621],[60.677256,54.194415],[60.679872,54.19018],[60.689534,54.191004],[60.724497,54.204466],[60.760964,54.2124],[60.757856,54.2205],[60.762893,54.236386],[60.757015,54.238633],[60.760864,54.246742],[60.778118,54.238724],[60.785919,54.245156],[60.779234,54.25285],[60.783505,54.262349],[60.795732,54.263244],[60.795185,54.27902],[60.792162,54.282894],[60.839008,54.276897],[60.848097,54.30059],[60.892735,54.294733],[60.902629,54.32119],[61.002664,54.307861],[61.042831,54.412734],[61.032468,54.414799],[61.040899,54.435514],[61.029897,54.434565],[61.029552,54.432263],[61.026593,54.43173],[61.007717,54.441855],[60.997074,54.453144],[60.95964,54.452264],[60.910154,54.471867],[60.918285,54.491734],[60.863737,54.500443],[60.727154,54.534808],[60.714324,54.528447],[60.70312,54.517905],[60.642827,54.52215],[60.589794,54.522143],[60.599172,54.528107],[60.546876,54.529739],[60.510301,54.566553],[60.436754,54.564214],[60.428161,54.562145],[60.428435,54.556124],[60.423729,54.546229],[60.426077,54.543147],[60.423469,54.541672],[60.440333,54.538826],[60.441586,54.534709],[60.451421,54.526492],[60.427571,54.522846],[60.4217,54.492302],[60.42493,54.491868],[60.420649,54.46544],[60.440838,54.460087],[60.43842,54.458316],[60.43882,54.454974],[60.450161,54.451899],[60.448631,54.44417],[60.442492,54.443354],[60.439449,54.440042],[60.441553,54.433569],[60.437932,54.429916],[60.467844,54.420976],[60.477274,54.39857],[60.486018,54.394789],[60.466064,54.336754],[60.448074,54.328624],[60.435495,54.312004],[60.427339,54.305221],[60.402362,54.299175],[60.39866,54.293493],[60.342065,54.284115],[60.323161,54.267186],[60.33747,54.264543],[60.345326,54.245756],[60.349324,54.215345],[60.38445,54.196346],[60.375076,54.174273],[60.378361,54.170063],[60.334117,54.156037],[60.325819,54.148139],[60.3084,54.143392],[60.30589,54.14157],[60.305959,54.130928],[60.299848,54.125149],[60.275639,54.128915],[60.269108,54.118257],[60.273015,54.105266],[60.249137,54.089177],[60.248853,54.074825],[60.238947,54.063873],[60.238913,54.061057]]]}},{"type":"Feature","id":"77687-2189","properties":{"id":"77687-2189","name":"Троицкий район","name_ru":"Троицкий район","subject_id":"77687","subject_name":"Челябинская область","source_gid":2189,"source_fid":2299,"names_rosstat":"Троицкий муниципальный район","population":22398,"area_km2":3969.7750385341556,"density_km2":5.642133315511624,"source":"Актуализированный объединённый GeoJSON, предоставленный преподавателем","name_en":"Troitskii District","name_zh":"Troitskii区","subject_name_en":"Chelyabinsk Oblast","subject_name_zh":"车里雅宾斯克州"},"geometry":{"type":"Polygon","coordinates":[[[61.542902,54.008643],[61.551808,54.012961],[61.530611,54.018072],[61.534879,54.021215],[61.510689,54.027489],[61.515628,54.036671],[61.541088,54.030635],[61.543308,54.033138],[61.551387,54.032812],[61.550877,54.029253],[61.554672,54.026906],[61.583901,54.040047],[61.593901,54.03407],[61.602967,54.03761],[61.609382,54.036584],[61.611047,54.040026],[61.62156,54.039588],[61.627462,54.036094],[61.667972,54.028987],[61.669624,54.0229],[61.673298,54.024876],[61.676673,54.031748],[61.676738,54.041179],[61.64453,54.041158],[61.640786,54.054077],[61.617761,54.047072],[61.613165,54.054583],[61.632241,54.062723],[61.62827,54.070921],[61.63572,54.07317],[61.647084,54.0726],[61.640071,54.081299],[61.663444,54.083708],[61.661933,54.094846],[61.667127,54.096618],[61.665818,54.098642],[61.646828,54.097124],[61.635041,54.108281],[61.658123,54.11459],[61.657633,54.116853],[61.694091,54.122424],[61.689558,54.128882],[61.670351,54.123565],[61.67467,54.147082],[61.634112,54.138182],[61.629787,54.150627],[61.574636,54.140999],[61.568484,54.14123],[61.5667,54.145514],[61.563205,54.139427],[61.56061,54.139764],[61.561336,54.142914],[61.5445,54.140329],[61.54923,54.136217],[61.547857,54.129333],[61.522751,54.119972],[61.516282,54.106816],[61.51917,54.105006],[61.516881,54.100086],[61.483464,54.103933],[61.481939,54.093375],[61.474887,54.096578],[61.448369,54.096775],[61.454168,54.090153],[61.430059,54.089348],[61.42365,54.087916],[61.418876,54.082394],[61.400265,54.086858],[61.394857,54.084482],[61.379308,54.084695],[61.366958,54.080989],[61.360623,54.074718],[61.353296,54.075843],[61.348884,54.07478],[61.348996,54.072988],[61.33898,54.078618],[61.333357,54.079173],[61.317872,54.077109],[61.306114,54.071106],[61.293834,54.073875],[61.266069,54.041601],[61.246513,54.037814],[61.243568,54.028515],[61.250185,54.023399],[61.272341,53.99272],[61.264647,53.9652],[61.279867,53.928574],[61.205062,53.918861],[61.17136,53.943066],[61.180378,53.971955],[61.099914,53.974838],[61.100003,53.969893],[61.072767,53.970625],[61.029357,53.955111],[60.997135,53.934901],[60.995261,53.920524],[60.965215,53.92066],[60.964292,53.912739],[60.904109,53.913277],[60.902244,53.898384],[60.88406,53.898951],[60.884619,53.911715],[60.755669,53.914515],[60.756714,53.936106],[60.702263,53.937212],[60.701543,53.975896],[60.668137,53.974977],[60.653879,53.977508],[60.645652,53.971077],[60.645022,53.964152],[60.633707,53.956871],[60.615734,53.957082],[60.595482,53.953972],[60.560491,53.939249],[60.539294,53.936591],[60.532188,53.951411],[60.509166,53.951587],[60.509123,53.98057],[60.511619,53.983791],[60.520885,53.984086],[60.52181,53.987315],[60.533946,53.988004],[60.536957,54.002421],[60.521058,54.012323],[60.524217,54.026704],[60.517922,54.028883],[60.520009,54.030897],[60.51659,54.032086],[60.508526,54.029838],[60.504325,54.033084],[60.507146,54.034383],[60.504582,54.034577],[60.506323,54.035535],[60.503563,54.040217],[60.500359,54.038492],[60.500804,54.03655],[60.496192,54.038292],[60.495984,54.042377],[60.488261,54.046409],[60.487812,54.05232],[60.492026,54.061331],[60.493483,54.073018],[60.506948,54.063764],[60.536441,54.073472],[60.554091,54.073833],[60.567766,54.078842],[60.588261,54.073724],[60.588173,54.070889],[60.595793,54.061841],[60.611066,54.063764],[60.604171,54.06916],[60.603894,54.072736],[60.611883,54.07601],[60.655779,54.071293],[60.659508,54.088912],[60.650761,54.098948],[60.709604,54.093314],[60.707926,54.103641],[60.733442,54.10984],[60.734178,54.127414],[60.730113,54.130475],[60.720679,54.130686],[60.704448,54.136131],[60.703212,54.140635],[60.686823,54.148505],[60.677031,54.160652],[60.681321,54.175849],[60.66786,54.174835],[60.66989,54.185579],[60.658649,54.19164],[60.658969,54.195464],[60.64953,54.199729],[60.65983,54.202136],[60.671663,54.200113],[60.675412,54.205675],[60.684467,54.202621],[60.677256,54.194415],[60.679872,54.19018],[60.689534,54.191004],[60.724497,54.204466],[60.760964,54.2124],[60.757856,54.2205],[60.762893,54.236386],[60.757015,54.238633],[60.760864,54.246742],[60.778118,54.238724],[60.785919,54.245156],[60.779234,54.25285],[60.783505,54.262349],[60.795732,54.263244],[60.795185,54.27902],[60.792162,54.282894],[60.839008,54.276897],[60.848097,54.30059],[60.892735,54.294733],[60.902629,54.32119],[61.002664,54.307861],[61.025759,54.368922],[61.063509,54.363735],[61.076824,54.364166],[61.085447,54.359932],[61.105237,54.356689],[61.118412,54.351514],[61.132007,54.34149],[61.148958,54.344496],[61.16289,54.342924],[61.156093,54.324538],[61.193206,54.319636],[61.174633,54.272793],[61.168754,54.273633],[61.174597,54.268116],[61.239164,54.257997],[61.268628,54.274384],[61.312357,54.27522],[61.312513,54.268835],[61.333317,54.269368],[61.335338,54.275682],[61.341281,54.278833],[61.343873,54.285411],[61.340637,54.301799],[61.364711,54.371381],[61.382072,54.369587],[61.380313,54.364036],[61.388485,54.361936],[61.388368,54.355574],[61.397879,54.354482],[61.399141,54.345504],[61.396984,54.345485],[61.396765,54.342883],[61.425728,54.348358],[61.445103,54.319717],[61.507584,54.313255],[61.512896,54.325774],[61.522928,54.339116],[61.546673,54.350425],[61.56226,54.399532],[61.57861,54.407781],[61.640285,54.420832],[61.647024,54.406181],[61.657898,54.402458],[61.659971,54.399468],[61.658074,54.381805],[61.667855,54.373378],[61.667869,54.365961],[61.667281,54.364393],[61.644328,54.365439],[61.611558,54.355436],[61.60078,54.305237],[61.656911,54.305971],[61.6613,54.326413],[61.677827,54.342885],[61.683503,54.354561],[61.707964,54.351843],[61.716626,54.33688],[61.737111,54.337331],[61.746239,54.34148],[61.752128,54.341517],[61.756129,54.338367],[61.775793,54.338047],[61.765608,54.317239],[61.732219,54.301736],[61.749764,54.288059],[61.820552,54.291922],[61.869984,54.301718],[61.879903,54.281422],[61.879982,54.250614],[61.928509,54.248743],[61.948685,54.253099],[61.952364,54.277165],[61.972114,54.281684],[61.955054,54.296384],[61.960285,54.303446],[61.935446,54.325016],[61.947019,54.328895],[61.97562,54.331769],[61.973295,54.33858],[61.996158,54.337852],[61.986831,54.35677],[61.953095,54.360232],[61.952122,54.363445],[62.007374,54.366046],[61.998306,54.375149],[62.047694,54.385869],[62.141936,54.41889],[62.194969,54.43288],[62.206305,54.43143],[62.247128,54.3968],[62.254291,54.379712],[62.254859,54.322764],[62.262864,54.303591],[62.280369,54.304383],[62.286731,54.309461],[62.292141,54.293391],[62.303211,54.293245],[62.297097,54.284151],[62.276547,54.277444],[62.276579,54.267252],[62.294815,54.265855],[62.303867,54.258328],[62.306647,54.250393],[62.324176,54.24534],[62.335845,54.24477],[62.338922,54.180072],[62.338133,54.114866],[62.293184,54.099718],[62.294181,54.035076],[62.282608,54.03454],[62.281132,54.036951],[62.27673,54.033862],[62.260144,54.033878],[62.255394,54.037219],[62.2281,54.033746],[62.225465,54.036169],[62.227442,54.039121],[62.217422,54.039345],[62.211146,54.037737],[62.205772,54.0312],[62.204593,54.033685],[62.190153,54.030614],[62.188856,54.033607],[62.175459,54.028573],[62.172602,54.031978],[62.168247,54.031734],[62.16625,54.033754],[62.168969,54.035823],[62.165446,54.037387],[62.154168,54.03316],[62.152642,54.035298],[62.14446,54.034932],[62.14342,54.037396],[62.130201,54.037703],[62.131948,54.041465],[62.119182,54.041149],[62.114166,54.044089],[62.110475,54.042701],[62.108219,54.046019],[62.098923,54.042649],[62.089813,54.043127],[62.087369,54.045562],[62.08911,54.047737],[62.074333,54.05102],[62.072259,54.049128],[62.07493,54.046734],[62.071078,54.046951],[62.074078,54.045016],[62.069264,54.040101],[62.061561,54.04071],[62.060227,54.038079],[62.052895,54.037666],[62.050265,54.040863],[62.040118,54.038166],[62.040896,54.035382],[62.038118,54.034425],[62.01329,54.039853],[62.008199,54.038685],[62.006083,54.037524],[62.015532,54.009331],[62.043865,53.948456],[61.932332,53.949908],[61.927775,53.954405],[61.857147,53.96257],[61.856325,53.963905],[61.862405,53.967613],[61.861699,53.969331],[61.870168,53.972576],[61.871066,53.976453],[61.876204,53.979933],[61.873687,53.983267],[61.883862,53.993585],[61.886009,53.997603],[61.884513,54.000186],[61.890214,54.002778],[61.89297,54.009083],[61.889538,54.012669],[61.871806,54.016381],[61.864291,54.016047],[61.859326,54.013063],[61.85815,54.008815],[61.85026,54.008441],[61.844308,54.013332],[61.848707,54.019616],[61.84758,54.021732],[61.852723,54.025052],[61.852453,54.029137],[61.845914,54.031717],[61.818658,54.019153],[61.78204,53.984574],[61.745884,54.000565],[61.741308,54.0157],[61.72517,54.029539],[61.712784,54.022192],[61.700646,54.018858],[61.667226,54.017068],[61.665511,54.019505],[61.666753,54.027008],[61.660431,54.029772],[61.640181,54.015762],[61.637885,54.01024],[61.63207,54.007629],[61.63021,54.000016],[61.613855,53.990469],[61.617147,53.982116],[61.611558,53.968146],[61.570988,53.967599],[61.569137,54.00819],[61.542902,54.008643]]]}},{"type":"Feature","id":"77687-2190","properties":{"id":"77687-2190","name":"Верхнеуральский район","name_ru":"Верхнеуральский район","subject_id":"77687","subject_name":"Челябинская область","source_gid":2190,"source_fid":2300,"names_rosstat":"Верхнеуральский муниципальный район","population":30813,"area_km2":3469.418246264542,"density_km2":8.881316063053447,"source":"Актуализированный объединённый GeoJSON, предоставленный преподавателем","name_en":"Verkhneural'skii District","name_zh":"Verkhneural'skii区","subject_name_en":"Chelyabinsk Oblast","subject_name_zh":"车里雅宾斯克州"},"geometry":{"type":"Polygon","coordinates":[[[58.813142,53.54967],[58.906374,53.547702],[58.926066,53.549759],[58.941695,53.554444],[58.924684,53.568252],[58.931368,53.568263],[58.930853,53.584666],[58.992696,53.585407],[58.991478,53.601906],[59.03703,53.602219],[59.041069,53.625373],[59.059217,53.62549],[59.057997,53.643252],[59.055276,53.646213],[59.058324,53.655345],[59.057724,53.679376],[59.106897,53.67963],[59.107144,53.670097],[59.165535,53.648],[59.153774,53.635887],[59.175423,53.636001],[59.18092,53.60838],[59.171582,53.598651],[59.181076,53.595523],[59.197947,53.59804],[59.198099,53.594115],[59.205514,53.588101],[59.214757,53.593766],[59.217796,53.591793],[59.220522,53.597072],[59.250547,53.584559],[59.262562,53.58618],[59.266027,53.588991],[59.253967,53.589857],[59.251717,53.593871],[59.259927,53.598218],[59.255867,53.5995],[59.280757,53.602234],[59.288108,53.600306],[59.287538,53.564223],[59.269616,53.559083],[59.291583,53.542669],[59.304593,53.52698],[59.309813,53.524081],[59.302745,53.51658],[59.334744,53.513902],[59.37094,53.578945],[59.369058,53.582216],[59.371518,53.587677],[59.379191,53.592915],[59.3805,53.596179],[59.376111,53.597946],[59.388693,53.611871],[59.393637,53.617115],[59.418932,53.609158],[59.443529,53.632537],[59.463151,53.655353],[59.425716,53.666681],[59.418822,53.658495],[59.410667,53.661223],[59.40439,53.653266],[59.344834,53.670572],[59.37858,53.710672],[59.364888,53.714652],[59.433025,53.795242],[59.445312,53.789874],[59.461589,53.807685],[59.453084,53.83384],[59.496959,53.861365],[59.492442,53.869279],[59.481813,53.873733],[59.481406,53.877882],[59.484676,53.879062],[59.479675,53.884058],[59.498576,53.887847],[59.500434,53.90129],[59.497569,53.907224],[59.579013,53.920042],[59.581517,53.906953],[59.584809,53.902538],[59.58473,53.892199],[59.576144,53.880518],[59.581411,53.868898],[59.548434,53.868679],[59.548192,53.841741],[59.684568,53.800774],[59.708781,53.787952],[59.821578,53.788721],[59.874782,53.791967],[59.874386,53.814517],[59.877267,53.814383],[59.877257,53.825192],[59.883345,53.834385],[59.892867,53.841221],[59.888582,53.851886],[59.8646,53.859607],[59.863401,53.86538],[59.855368,53.865258],[59.849722,53.8706],[59.847844,53.876619],[59.851161,53.877938],[59.84943,53.883267],[59.852972,53.885904],[59.852508,53.889844],[59.934785,53.890886],[59.935359,53.881238],[60.240312,53.880684],[60.240079,53.865221],[60.300393,53.865696],[60.352228,53.858093],[60.352753,53.934225],[60.346612,53.93419],[60.346579,53.949696],[60.341148,53.95006],[60.330898,53.956429],[60.32978,53.983064],[60.333576,53.990197],[60.33232,53.997495],[60.335902,54.00119],[60.334293,54.003398],[60.33574,54.005438],[60.328693,54.010098],[60.329539,54.014542],[60.321305,54.020135],[60.314874,54.01784],[60.31376,54.019734],[60.300027,54.020393],[60.291424,54.017095],[60.259728,54.06014],[60.238913,54.061057],[60.238947,54.063873],[60.248853,54.074825],[60.249137,54.089177],[60.166251,54.100322],[60.117966,54.100451],[60.11807,54.114443],[60.08722,54.114245],[60.087192,54.123515],[60.009162,54.124914],[59.999099,54.121907],[59.876003,54.122878],[59.877863,54.117712],[59.884775,54.115139],[59.883874,54.106196],[59.849765,54.110322],[59.840268,54.106526],[59.847916,54.0933],[59.84162,54.08248],[59.825657,54.076072],[59.825448,54.067975],[59.79354,54.08309],[59.764771,54.093485],[59.723096,54.08995],[59.720624,54.114289],[59.73467,54.120355],[59.740794,54.156766],[59.70683,54.157657],[59.707596,54.141771],[59.662371,54.142767],[59.657784,54.150667],[59.628224,54.153726],[59.598106,54.160416],[59.560364,54.172188],[59.556847,54.176107],[59.526838,54.187402],[59.484692,54.184634],[59.470643,54.187614],[59.399122,54.183569],[59.378901,54.172926],[59.3491,54.177395],[59.325654,54.187793],[59.309296,54.162442],[59.284818,54.149883],[59.236502,54.069688],[59.224794,54.065218],[59.192228,54.024508],[59.18861,54.017697],[59.188185,54.003595],[59.180522,53.996145],[59.140931,53.972677],[59.145188,53.969697],[59.140505,53.969697],[59.13859,53.967355],[59.139867,53.965014],[59.104745,53.956073],[59.094954,53.960117],[59.090483,53.967355],[59.051317,53.97076],[59.024923,53.963948],[59.007894,53.951815],[59.000232,53.951602],[58.952125,53.967353],[58.939566,53.963096],[58.922964,53.949632],[58.928072,53.948355],[58.910619,53.928772],[58.934033,53.931539],[58.929137,53.938138],[58.942122,53.931539],[58.945315,53.925792],[58.954468,53.923664],[58.96277,53.915096],[58.96128,53.910413],[58.964898,53.907859],[58.957448,53.902325],[58.936589,53.894023],[58.907744,53.862662],[58.925523,53.784827],[58.918712,53.775035],[58.921267,53.772694],[58.904026,53.751993],[58.883166,53.746459],[58.88572,53.741563],[58.889339,53.74135],[58.893171,53.729643],[58.891255,53.719639],[58.902733,53.703055],[58.901462,53.698084],[58.90445,53.693326],[58.909136,53.691435],[58.907221,53.686752],[58.912543,53.678185],[58.905944,53.673927],[58.908081,53.669213],[58.905301,53.667462],[58.907597,53.666373],[58.902964,53.66371],[58.903177,53.661794],[58.910202,53.661582],[58.91145,53.656698],[58.905395,53.655189],[58.906168,53.652609],[58.90396,53.651094],[58.907404,53.650565],[58.90399,53.648829],[58.906866,53.642514],[58.839787,53.611418],[58.827858,53.611843],[58.822129,53.608293],[58.825842,53.602346],[58.813353,53.591603],[58.813142,53.54967]]]}},{"type":"Feature","id":"77687-2191","properties":{"id":"77687-2191","name":"Уйский район","name_ru":"Уйский район","subject_id":"77687","subject_name":"Челябинская область","source_gid":2191,"source_fid":2301,"names_rosstat":"Уйский муниципальный район","population":20743,"area_km2":2634.7303141096827,"density_km2":7.872912035404804,"source":"Актуализированный объединённый GeoJSON, предоставленный преподавателем","name_en":"Uiskii District","name_zh":"Uiskii区","subject_name_en":"Chelyabinsk Oblast","subject_name_zh":"车里雅宾斯克州"},"geometry":{"type":"Polygon","coordinates":[[[59.646489,54.484027],[59.670508,54.474655],[59.670295,54.469334],[59.739901,54.455659],[59.736071,54.400688],[59.725855,54.384883],[59.67179,54.33965],[59.755093,54.314616],[59.789291,54.244344],[59.776308,54.226464],[59.715218,54.19512],[59.705427,54.179954],[59.70683,54.157657],[59.740794,54.156766],[59.73467,54.120355],[59.720624,54.114289],[59.723096,54.08995],[59.764771,54.093485],[59.79354,54.08309],[59.825448,54.067975],[59.825657,54.076072],[59.84162,54.08248],[59.847916,54.0933],[59.840268,54.106526],[59.849765,54.110322],[59.883874,54.106196],[59.884775,54.115139],[59.877863,54.117712],[59.876003,54.122878],[59.999099,54.121907],[60.009162,54.124914],[60.087192,54.123515],[60.08722,54.114245],[60.11807,54.114443],[60.117966,54.100451],[60.166251,54.100322],[60.249137,54.089177],[60.273015,54.105266],[60.269108,54.118257],[60.275639,54.128915],[60.299848,54.125149],[60.305959,54.130928],[60.30589,54.14157],[60.3084,54.143392],[60.325819,54.148139],[60.334117,54.156037],[60.378361,54.170063],[60.375076,54.174273],[60.38445,54.196346],[60.349324,54.215345],[60.345326,54.245756],[60.33747,54.264543],[60.323161,54.267186],[60.342065,54.284115],[60.39866,54.293493],[60.402362,54.299175],[60.427339,54.305221],[60.435495,54.312004],[60.448074,54.328624],[60.466064,54.336754],[60.486018,54.394789],[60.477274,54.39857],[60.467844,54.420976],[60.437932,54.429916],[60.441553,54.433569],[60.439449,54.440042],[60.442492,54.443354],[60.448631,54.44417],[60.450161,54.451899],[60.43882,54.454974],[60.43842,54.458316],[60.440838,54.460087],[60.420649,54.46544],[60.42493,54.491868],[60.4217,54.492302],[60.427571,54.522846],[60.451421,54.526492],[60.441586,54.534709],[60.440333,54.538826],[60.423469,54.541672],[60.426077,54.543147],[60.423729,54.546229],[60.428435,54.556124],[60.428161,54.562145],[60.436754,54.564214],[60.510301,54.566553],[60.546876,54.529739],[60.599172,54.528107],[60.613119,54.541795],[60.615215,54.550938],[60.58629,54.552383],[60.587516,54.558249],[60.594611,54.561625],[60.594493,54.565375],[60.600009,54.567396],[60.59888,54.570954],[60.603378,54.572953],[60.599061,54.57649],[60.595178,54.573611],[60.593809,54.578559],[60.600395,54.580548],[60.595253,54.586349],[60.597808,54.589799],[60.601786,54.590306],[60.601658,54.607523],[60.590055,54.609506],[60.578212,54.617878],[60.462541,54.629434],[60.397928,54.640112],[60.403071,54.663998],[60.39713,54.668753],[60.382669,54.667292],[60.382182,54.664485],[60.356782,54.662022],[60.351026,54.643705],[60.347092,54.640842],[60.322639,54.64128],[60.326036,54.649131],[60.320789,54.651551],[60.320126,54.657264],[60.288865,54.656768],[60.284134,54.638778],[60.267171,54.640417],[60.263632,54.63865],[60.263265,54.632041],[60.256352,54.631498],[60.250673,54.635318],[60.245501,54.63538],[60.248283,54.630596],[60.24496,54.628284],[60.247019,54.624854],[60.234696,54.620321],[60.230267,54.614947],[60.204838,54.617436],[60.199214,54.602682],[60.177536,54.600199],[60.163693,54.616337],[60.068207,54.624358],[60.062179,54.629045],[60.064286,54.631544],[60.060229,54.635988],[60.041589,54.650165],[60.007981,54.641298],[59.993536,54.633762],[59.993243,54.630544],[59.968957,54.625615],[59.956883,54.632815],[59.944394,54.636081],[59.924522,54.636353],[59.918876,54.633405],[59.888008,54.640104],[59.889759,54.648668],[59.881197,54.658256],[59.853775,54.609024],[59.79226,54.572306],[59.757778,54.556341],[59.737343,54.549316],[59.726913,54.551658],[59.725211,54.548465],[59.717973,54.545059],[59.717122,54.541227],[59.709885,54.53862],[59.710949,54.533511],[59.703499,54.531596],[59.689025,54.521804],[59.682214,54.522442],[59.675402,54.518558],[59.676893,54.515365],[59.67221,54.510682],[59.673061,54.507702],[59.680299,54.504296],[59.67668,54.498336],[59.670082,54.495782],[59.666889,54.490673],[59.646489,54.484027]]]}},{"type":"Feature","id":"77687-2192","properties":{"id":"77687-2192","name":"Чесменский район","name_ru":"Чесменский район","subject_id":"77687","subject_name":"Челябинская область","source_gid":2192,"source_fid":2302,"names_rosstat":"Чесменский муниципальный район","population":14788,"area_km2":2720.394755523323,"density_km2":5.435975778873765,"source":"Актуализированный объединённый GeoJSON, предоставленный преподавателем","name_en":"Chesmenskii District","name_zh":"Chesmenskii区","subject_name_en":"Chelyabinsk Oblast","subject_name_zh":"车里雅宾斯克州"},"geometry":{"type":"MultiPolygon","coordinates":[[[[59.984365,53.852635],[60.003042,53.850379],[60.001194,53.84458],[60.011367,53.833613],[60.042536,53.833454],[60.038758,53.785246],[60.051153,53.784927],[60.060412,53.774768],[60.062461,53.75867],[60.090247,53.755914],[60.079466,53.725414],[60.097092,53.714071],[60.080799,53.705374],[60.09918,53.682198],[60.104681,53.669761],[60.140496,53.658623],[60.16128,53.660866],[60.248834,53.581812],[60.246999,53.564948],[60.252524,53.557112],[60.239316,53.553513],[60.258496,53.546498],[60.256329,53.539434],[60.262386,53.476009],[60.328434,53.439578],[60.362086,53.436894],[60.379653,53.437939],[60.413392,53.420259],[60.415306,53.376822],[60.459553,53.376984],[60.459182,53.373729],[60.495093,53.372103],[60.578941,53.372163],[60.606692,53.466927],[60.608058,53.521791],[60.605344,53.524649],[60.618966,53.524839],[60.64428,53.519412],[60.644898,53.568418],[60.634168,53.571809],[60.62862,53.576962],[60.638648,53.58532],[60.638895,53.587942],[60.633558,53.591674],[60.614594,53.597221],[60.615949,53.643428],[60.787517,53.643906],[60.787092,53.656158],[60.784267,53.658211],[60.784241,53.662528],[60.779819,53.664611],[60.804606,53.675293],[60.784762,53.693321],[60.812475,53.70593],[60.853696,53.705772],[60.853384,53.652915],[60.895929,53.667893],[60.995576,53.672921],[60.998604,53.650795],[61.042426,53.653013],[61.058477,53.721317],[61.114672,53.720933],[61.170319,53.772249],[61.19763,53.780255],[61.227176,53.795613],[61.237207,53.841779],[61.210413,53.838152],[61.207323,53.847286],[61.179246,53.852565],[61.136899,53.904515],[61.057291,53.894047],[61.036206,53.9085],[60.993495,53.906975],[60.995261,53.920524],[60.965215,53.92066],[60.964292,53.912739],[60.904109,53.913277],[60.902244,53.898384],[60.88406,53.898951],[60.884619,53.911715],[60.755669,53.914515],[60.756714,53.936106],[60.702263,53.937212],[60.701543,53.975896],[60.668137,53.974977],[60.653879,53.977508],[60.645652,53.971077],[60.645022,53.964152],[60.633707,53.956871],[60.615734,53.957082],[60.595482,53.953972],[60.555999,53.938125],[60.539294,53.936591],[60.532188,53.951411],[60.448534,53.951819],[60.446649,53.925206],[60.399544,53.925098],[60.399087,53.906788],[60.352495,53.907137],[60.352228,53.858093],[60.300393,53.865696],[60.240079,53.865221],[60.240312,53.880684],[60.01446,53.881368],[59.984365,53.852635]]],[[[61.037445,53.958112],[61.054354,53.958376],[61.06471,53.94516],[61.079792,53.945385],[61.088563,53.956418],[61.08016,53.97047],[61.068661,53.969574],[61.037445,53.958112]]]]}},{"type":"Feature","id":"77687-2193","properties":{"id":"77687-2193","name":"Катав-Ивановский район","name_ru":"Катав-Ивановский район","subject_id":"77687","subject_name":"Челябинская область","source_gid":2193,"source_fid":2303,"names_rosstat":"Катав-Ивановский муниципальный район","population":25832,"area_km2":3278.1456500121844,"density_km2":7.880064755482718,"source":"Актуализированный объединённый GeoJSON, предоставленный преподавателем","name_en":"Katav-Ivanovskii District","name_zh":"Katav-Ivanovskii区","subject_name_en":"Chelyabinsk Oblast","subject_name_zh":"车里雅宾斯克州"},"geometry":{"type":"Polygon","coordinates":[[[57.547077,54.730281],[57.603685,54.677981],[57.626835,54.617943],[57.745582,54.582045],[57.739142,54.573989],[57.745597,54.572739],[57.750062,54.566369],[57.763656,54.563003],[57.755083,54.556659],[57.747009,54.544746],[57.749622,54.538957],[57.754197,54.537754],[57.752283,54.534193],[57.755865,54.53078],[57.758024,54.531685],[57.755717,54.530014],[57.751618,54.529646],[57.747304,54.524901],[57.748015,54.5227],[57.755392,54.520111],[57.751858,54.516458],[57.753414,54.502689],[57.825575,54.486173],[57.855538,54.458082],[57.89766,54.429458],[57.901005,54.421494],[57.907336,54.421501],[57.909968,54.418309],[57.984087,54.396542],[58.012355,54.396461],[58.116278,54.458778],[58.168463,54.502437],[58.164014,54.51012],[58.243236,54.513737],[58.25126,54.516141],[58.257066,54.514537],[58.314592,54.534293],[58.348877,54.551068],[58.385974,54.560595],[58.388731,54.557212],[58.422745,54.558996],[58.436784,54.553548],[58.436688,54.544095],[58.478972,54.524411],[58.586124,54.464955],[58.599272,54.461433],[58.714686,54.478191],[58.739084,54.537656],[58.774096,54.552856],[58.805912,54.550781],[58.839247,54.567094],[58.908974,54.572109],[58.920938,54.58336],[58.953371,54.584813],[58.969971,54.597934],[59.00411,54.61513],[59.00348,54.617929],[58.958808,54.60157],[58.938083,54.601447],[58.928566,54.596179],[58.907923,54.598936],[58.899999,54.605582],[58.885037,54.607745],[58.850456,54.603519],[58.827594,54.612127],[58.800267,54.616178],[58.793344,54.626057],[58.796411,54.639128],[58.769244,54.644405],[58.771365,54.649751],[58.786482,54.657279],[58.787223,54.66049],[58.796635,54.666365],[58.799998,54.678175],[58.806203,54.68479],[58.808036,54.695862],[58.816987,54.698472],[58.81999,54.71584],[58.872552,54.711693],[58.885261,54.786337],[58.786853,54.797565],[58.783297,54.79461],[58.751514,54.797031],[58.75063,54.802743],[58.730392,54.802184],[58.725591,54.805295],[58.709922,54.802409],[58.680328,54.806306],[58.681477,54.800038],[58.678323,54.794858],[58.671474,54.795301],[58.672258,54.786215],[58.675109,54.785865],[58.664267,54.757335],[58.654549,54.757855],[58.647179,54.750009],[58.553459,54.760042],[58.530418,54.768593],[58.516484,54.778669],[58.508383,54.749601],[58.426528,54.759777],[58.420194,54.740693],[58.324443,54.752188],[58.346464,54.811629],[58.360363,54.812927],[58.379062,54.826005],[58.392732,54.827546],[58.411257,54.834536],[58.451942,54.835541],[58.520255,54.826857],[58.516795,54.818351],[58.541053,54.801017],[58.589167,54.796458],[58.592994,54.806959],[58.609017,54.805032],[58.616215,54.831599],[58.619712,54.832794],[58.634968,54.834172],[58.64006,54.830676],[58.643825,54.83255],[58.64551,54.829794],[58.648541,54.8328],[58.652725,54.831916],[58.673492,54.823831],[58.685246,54.814762],[58.703842,54.819595],[58.711334,54.827189],[58.703551,54.831206],[58.691267,54.843713],[58.688344,54.841141],[58.684666,54.842588],[58.685218,54.84822],[58.680216,54.84936],[58.682308,54.921748],[58.662677,54.947846],[58.655527,54.926292],[58.556304,54.938501],[58.549718,54.918937],[58.502407,54.923599],[58.456937,54.931589],[58.450165,54.912945],[58.41923,54.916706],[58.409569,54.892177],[58.394767,54.902339],[58.380682,54.893758],[58.37597,54.893489],[58.371739,54.882782],[58.354638,54.884842],[58.347964,54.866541],[58.300035,54.871689],[58.290748,54.84643],[58.214596,54.834624],[58.214667,54.838008],[58.183572,54.838406],[58.183475,54.857904],[58.152513,54.858006],[58.152469,54.875599],[58.115937,54.875478],[58.119773,54.877539],[58.120991,54.881392],[58.109969,54.89319],[58.091969,54.892873],[58.051587,54.902591],[58.044102,54.916133],[58.005082,54.906153],[58.001037,54.907643],[58.001676,54.912538],[57.998483,54.912538],[57.982943,54.927917],[57.963786,54.921106],[57.932921,54.948617],[57.952929,54.960112],[57.958889,54.975916],[57.979749,54.981025],[57.983014,54.984433],[57.947039,54.990881],[57.939402,54.980924],[57.924222,54.972402],[57.89281,54.965204],[57.888182,54.966835],[57.878361,54.950156],[57.881886,54.947314],[57.873338,54.934585],[57.835331,54.919721],[57.829415,54.920665],[57.82947,54.924882],[57.822539,54.927679],[57.81484,54.936538],[57.800984,54.941733],[57.792779,54.940315],[57.789351,54.936519],[57.776754,54.936312],[57.774484,54.933568],[57.763485,54.934377],[57.761105,54.931401],[57.71066,54.925247],[57.666542,54.873947],[57.647657,54.75706],[57.616238,54.756276],[57.602591,54.75285],[57.547077,54.730281]]]}},{"type":"Feature","id":"77687-2194","properties":{"id":"77687-2194","name":"Ашинский район","name_ru":"Ашинский район","subject_id":"77687","subject_name":"Челябинская область","source_gid":2194,"source_fid":2304,"names_rosstat":"Ашинский муниципальный район","population":53309,"area_km2":2799.4048320920774,"density_km2":19.042976345854424,"source":"Актуализированный объединённый GeoJSON, предоставленный преподавателем","name_en":"Ashinskii District","name_zh":"Ashinskii区","subject_name_en":"Chelyabinsk Oblast","subject_name_zh":"车里雅宾斯克州"},"geometry":{"type":"Polygon","coordinates":[[[57.131288,55.085049],[57.135332,55.079728],[57.164282,55.058177],[57.171307,55.043223],[57.168965,55.040456],[57.1745,55.040031],[57.17748,55.034709],[57.183748,55.034801],[57.184717,55.031889],[57.178545,55.030186],[57.179396,55.025503],[57.182802,55.023375],[57.179183,55.023162],[57.178332,55.02082],[57.182376,55.020607],[57.180035,55.014222],[57.177694,55.013743],[57.188432,55.009624],[57.186424,55.006603],[57.190049,55.007883],[57.191896,55.006189],[57.191312,54.99868],[57.18825,54.997689],[57.190887,54.996893],[57.190138,54.994767],[57.193694,54.991109],[57.190307,54.989113],[57.193969,54.987181],[57.188605,54.980649],[57.18971,54.977385],[57.187243,54.976687],[57.194755,54.974353],[57.196626,54.975938],[57.1942,54.977344],[57.204137,54.983556],[57.215805,54.972211],[57.259646,54.960529],[57.250553,54.940933],[57.188767,54.887624],[57.156626,54.870329],[57.155562,54.863518],[57.1413,54.856919],[57.141088,54.852449],[57.162799,54.848777],[57.201329,54.80445],[57.206012,54.806579],[57.217719,54.801896],[57.216442,54.795297],[57.246387,54.769602],[57.340314,54.743703],[57.386058,54.736099],[57.39672,54.719279],[57.452418,54.716564],[57.477316,54.709304],[57.515407,54.692037],[57.510599,54.681387],[57.499356,54.674085],[57.485075,54.669911],[57.485201,54.665911],[57.505369,54.661677],[57.51975,54.654087],[57.592168,54.678735],[57.603685,54.677981],[57.547077,54.730281],[57.602591,54.75285],[57.616238,54.756276],[57.647657,54.75706],[57.666542,54.873947],[57.71066,54.925247],[57.761105,54.931401],[57.763485,54.934377],[57.774484,54.933568],[57.776754,54.936312],[57.789351,54.936519],[57.792779,54.940315],[57.800984,54.941733],[57.81484,54.936538],[57.822539,54.927679],[57.82947,54.924882],[57.829415,54.920665],[57.835331,54.919721],[57.873338,54.934585],[57.881886,54.947314],[57.878361,54.950156],[57.888182,54.966835],[57.89281,54.965204],[57.924222,54.972402],[57.939402,54.980924],[57.947039,54.990881],[57.983014,54.984433],[57.992946,54.978737],[57.999332,54.977886],[58.004227,54.984264],[58.024662,54.988103],[58.027003,54.991296],[58.008779,54.99885],[58.032749,55.027908],[58.023383,55.038976],[58.029441,55.059835],[58.040198,55.062657],[58.04041,55.068191],[58.030449,55.068628],[58.032156,55.071214],[58.019151,55.073998],[58.012475,55.082591],[58.005132,55.082446],[58.001065,55.08543],[58.001618,55.087532],[57.99179,55.091641],[57.994144,55.09498],[57.991463,55.095485],[57.995237,55.101271],[58.00717,55.102289],[58.002335,55.111234],[57.989751,55.112756],[57.995034,55.119893],[57.992619,55.127127],[58.005871,55.141352],[57.994883,55.144988],[57.992917,55.150346],[57.986747,55.154428],[57.98742,55.156934],[57.989916,55.159597],[57.994702,55.158026],[58.005822,55.163422],[58.020398,55.157379],[58.041538,55.154096],[58.080424,55.170789],[58.117674,55.191703],[58.131935,55.194045],[58.136405,55.202985],[58.136618,55.211127],[58.126613,55.217725],[58.078719,55.221556],[58.043919,55.238855],[58.023161,55.276526],[58.008687,55.282699],[57.969733,55.28041],[57.963135,55.285519],[57.953981,55.285731],[57.952917,55.288711],[57.955258,55.291691],[57.940784,55.295736],[57.938655,55.293181],[57.916944,55.297013],[57.915879,55.298928],[57.882886,55.302334],[57.798168,55.299991],[57.792208,55.302332],[57.780501,55.298075],[57.721326,55.304247],[57.641291,55.301479],[57.578071,55.319571],[57.568066,55.319358],[57.530101,55.337019],[57.507614,55.327446],[57.496119,55.328723],[57.457592,55.326381],[57.420129,55.316164],[57.407783,55.314886],[57.393948,55.317228],[57.385646,55.312332],[57.380751,55.294611],[57.362445,55.285671],[57.339883,55.279711],[57.326048,55.259649],[57.315618,55.256669],[57.30391,55.25752],[57.292415,55.26646],[57.277302,55.268375],[57.246225,55.266033],[57.232603,55.246397],[57.263255,55.219152],[57.239841,55.214894],[57.22047,55.236606],[57.211956,55.23022],[57.212596,55.200845],[57.21813,55.197652],[57.21813,55.19446],[57.227709,55.188872],[57.233031,55.179719],[57.259851,55.179028],[57.254743,55.171791],[57.264109,55.170088],[57.256233,55.166256],[57.241546,55.1496],[57.214514,55.138957],[57.210682,55.135125],[57.171517,55.130229],[57.169814,55.124908],[57.156404,55.127249],[57.131288,55.085049]]]}},{"type":"Feature","id":"77687-2195","properties":{"id":"77687-2195","name":"Еманжелинский район","name_ru":"Еманжелинский район","subject_id":"77687","subject_name":"Челябинская область","source_gid":2195,"source_fid":2305,"names_rosstat":"Еманжелинский муниципальный район","population":47144,"area_km2":117.32440179228537,"density_km2":401.82604198114853,"source":"Актуализированный объединённый GeoJSON, предоставленный преподавателем","name_en":"Emanzhelinskii District","name_zh":"Emanzhelinskii区","subject_name_en":"Chelyabinsk Oblast","subject_name_zh":"车里雅宾斯克州"},"geometry":{"type":"Polygon","coordinates":[[[61.19994,54.793121],[61.211357,54.793115],[61.212044,54.790492],[61.208964,54.788936],[61.21017,54.782638],[61.215597,54.780533],[61.218678,54.770276],[61.230215,54.762524],[61.246107,54.770856],[61.254717,54.770176],[61.257363,54.773564],[61.277748,54.771215],[61.282762,54.768285],[61.279249,54.760491],[61.284792,54.761195],[61.281038,54.748796],[61.275176,54.749608],[61.265907,54.736695],[61.254905,54.739259],[61.239166,54.736218],[61.241827,54.713367],[61.239166,54.701019],[61.243372,54.692636],[61.242599,54.675171],[61.240024,54.67398],[61.243114,54.668024],[61.24423,54.656035],[61.241398,54.65601],[61.234531,54.648214],[61.225347,54.649009],[61.226034,54.654198],[61.220541,54.65529],[61.217108,54.652683],[61.220155,54.649306],[61.218567,54.643695],[61.224918,54.641807],[61.239166,54.640218],[61.240754,54.647072],[61.249895,54.646376],[61.254682,54.631022],[61.24727,54.625694],[61.239724,54.62596],[61.24011,54.622158],[61.226936,54.619574],[61.213696,54.62029],[61.207364,54.598279],[61.214432,54.598305],[61.218864,54.594212],[61.233298,54.59298],[61.219417,54.58155],[61.217599,54.578337],[61.222021,54.576379],[61.227665,54.578971],[61.225398,54.579464],[61.2274,54.581787],[61.233455,54.582712],[61.237809,54.589276],[61.256994,54.588017],[61.254769,54.574216],[61.261533,54.572372],[61.258636,54.57052],[61.258437,54.565745],[61.268721,54.559268],[61.279939,54.560362],[61.2856,54.563307],[61.28074,54.573098],[61.283852,54.573729],[61.271926,54.594012],[61.2818,54.620109],[61.293071,54.631715],[61.301033,54.633658],[61.293549,54.635951],[61.297219,54.643147],[61.292124,54.644588],[61.282425,54.64285],[61.28043,54.641196],[61.27907,54.628551],[61.276215,54.626958],[61.280352,54.624378],[61.278634,54.623436],[61.268038,54.630752],[61.259731,54.650076],[61.27284,54.654967],[61.275693,54.660282],[61.273584,54.66301],[61.278477,54.672838],[61.271974,54.679668],[61.276417,54.682615],[61.276588,54.685344],[61.268428,54.697867],[61.274099,54.722637],[61.279507,54.727446],[61.289291,54.727693],[61.294299,54.718112],[61.318558,54.715302],[61.323442,54.701781],[61.338301,54.718497],[61.361504,54.727548],[61.377726,54.73107],[61.359004,54.737311],[61.357303,54.740738],[61.403699,54.746665],[61.416463,54.766314],[61.39546,54.763972],[61.394242,54.769627],[61.396499,54.773933],[61.385077,54.774794],[61.38716,54.781382],[61.382805,54.784619],[61.393721,54.788008],[61.39018,54.78949],[61.396568,54.78947],[61.396846,54.791832],[61.401151,54.792252],[61.397436,54.797235],[61.389312,54.799437],[61.389312,54.795054],[61.385007,54.794153],[61.382716,54.801538],[61.388097,54.799657],[61.3957,54.803919],[61.378827,54.80521],[61.368881,54.803259],[61.359859,54.808918],[61.355836,54.809238],[61.355324,54.803599],[61.328153,54.801803],[61.322592,54.781589],[61.312656,54.7745],[61.299992,54.779906],[61.284658,54.777558],[61.266999,54.778369],[61.26298,54.783764],[61.259412,54.783445],[61.254886,54.792884],[61.250502,54.795851],[61.242992,54.796046],[61.242643,54.80671],[61.238308,54.808625],[61.233617,54.808974],[61.231366,54.805182],[61.226034,54.805385],[61.223889,54.808788],[61.219125,54.807042],[61.221571,54.800215],[61.208959,54.794292],[61.19994,54.793121]]]}},{"type":"Feature","id":"77687-2196","properties":{"id":"77687-2196","name":"Чебаркульский район","name_ru":"Чебаркульский район","subject_id":"77687","subject_name":"Челябинская область","source_gid":2196,"source_fid":2306,"names_rosstat":"Чебаркульский муниципальный район","population":28472,"area_km2":2845.172770750479,"density_km2":10.007125153419018,"source":"Актуализированный объединённый GeoJSON, предоставленный преподавателем","name_en":"Chebarkul'skii District","name_zh":"Chebarkul'skii区","subject_name_en":"Chelyabinsk Oblast","subject_name_zh":"车里雅宾斯克州"},"geometry":{"type":"Polygon","coordinates":[[[59.881197,54.658256],[59.889759,54.648668],[59.888008,54.640104],[59.918876,54.633405],[59.924522,54.636353],[59.944394,54.636081],[59.956883,54.632815],[59.968957,54.625615],[59.993243,54.630544],[59.993536,54.633762],[60.007981,54.641298],[60.041589,54.650165],[60.060229,54.635988],[60.064286,54.631544],[60.062179,54.629045],[60.068207,54.624358],[60.163693,54.616337],[60.177536,54.600199],[60.199214,54.602682],[60.204838,54.617436],[60.230267,54.614947],[60.234696,54.620321],[60.247019,54.624854],[60.24496,54.628284],[60.248283,54.630596],[60.245501,54.63538],[60.250673,54.635318],[60.256352,54.631498],[60.263265,54.632041],[60.263632,54.63865],[60.267171,54.640417],[60.284134,54.638778],[60.288865,54.656768],[60.320126,54.657264],[60.320789,54.651551],[60.326036,54.649131],[60.322639,54.64128],[60.347092,54.640842],[60.351026,54.643705],[60.356782,54.662022],[60.382182,54.664485],[60.382669,54.667292],[60.39713,54.668753],[60.403071,54.663998],[60.397928,54.640112],[60.462541,54.629434],[60.578212,54.617878],[60.590055,54.609506],[60.601658,54.607523],[60.601786,54.590306],[60.597808,54.589799],[60.595253,54.586349],[60.600395,54.580548],[60.593809,54.578559],[60.595178,54.573611],[60.599061,54.57649],[60.603378,54.572953],[60.59888,54.570954],[60.600009,54.567396],[60.594493,54.565375],[60.594611,54.561625],[60.587516,54.558249],[60.58629,54.552383],[60.615119,54.55121],[60.615298,54.547772],[60.606097,54.533638],[60.589794,54.522143],[60.642827,54.52215],[60.70312,54.517905],[60.714324,54.528447],[60.727154,54.534808],[60.838617,54.507219],[60.846916,54.522919],[60.862145,54.531655],[60.91035,54.530534],[60.916557,54.526142],[60.966387,54.596181],[60.960335,54.619627],[60.949926,54.618221],[60.93882,54.621267],[60.93367,54.6189],[60.870029,54.628324],[60.845787,54.639857],[60.832553,54.649526],[60.846385,54.670405],[60.843207,54.67828],[60.852188,54.694014],[60.844256,54.703949],[60.826773,54.71436],[60.894104,54.752297],[60.821133,54.776832],[60.838686,54.800615],[60.865339,54.825172],[60.916967,54.855867],[60.922034,54.852716],[60.95212,54.876023],[60.970113,54.881206],[60.967526,54.896426],[60.986766,54.897274],[60.98947,54.905788],[60.975658,54.91286],[60.964689,54.907844],[60.95151,54.909081],[60.941617,54.91325],[60.942228,54.944467],[60.935452,54.948685],[60.944391,54.961829],[60.922311,55.005719],[60.926413,55.008628],[60.925001,55.019139],[60.888138,55.018721],[60.890178,55.01164],[60.862681,55.0071],[60.869143,54.99156],[60.838047,54.982445],[60.838038,54.997034],[60.843583,54.998456],[60.843353,55.043629],[60.852096,55.043188],[60.869701,55.048486],[60.874833,55.053043],[60.818449,55.080024],[60.792375,55.097261],[60.731735,55.106767],[60.675805,55.129805],[60.613706,55.149582],[60.608229,55.147505],[60.592737,55.149101],[60.580303,55.146397],[60.575469,55.155015],[60.569695,55.153014],[60.569916,55.15014],[60.554797,55.151188],[60.55485,55.149187],[60.539808,55.148558],[60.530627,55.148833],[60.528346,55.156487],[60.518695,55.15638],[60.519257,55.150074],[60.489846,55.150913],[60.489295,55.148344],[60.486214,55.149065],[60.487485,55.140692],[60.479654,55.139854],[60.470336,55.147157],[60.444382,55.151187],[60.43192,55.150337],[60.431813,55.148643],[60.403585,55.14875],[60.389706,55.150695],[60.381983,55.15453],[60.368401,55.154229],[60.367128,55.15749],[60.372678,55.161938],[60.366118,55.161751],[60.353497,55.155817],[60.338277,55.152513],[60.333399,55.153809],[60.338174,55.156518],[60.334314,55.159415],[60.342193,55.1615],[60.330137,55.165558],[60.327934,55.16453],[60.329893,55.159577],[60.305557,55.156853],[60.297762,55.15875],[60.295684,55.155464],[60.30412,55.15564],[60.305406,55.150368],[60.297708,55.149496],[60.29381,55.155355],[60.289401,55.154746],[60.285758,55.149791],[60.286274,55.135557],[60.279077,55.134518],[60.277609,55.131935],[60.273142,55.135712],[60.272181,55.130575],[60.269004,55.128507],[60.273338,55.124947],[60.270436,55.120218],[60.267677,55.120116],[60.277771,55.115769],[60.276168,55.113604],[60.279766,55.108677],[60.276833,55.107821],[60.268752,55.111418],[60.258815,55.105462],[60.26285,55.094413],[60.279417,55.091581],[60.281199,55.087323],[60.294266,55.085036],[60.298625,55.077942],[60.314663,55.074024],[60.317292,55.068521],[60.305313,55.064954],[60.282621,55.062856],[60.285093,55.058441],[60.283408,55.056787],[60.298851,55.052721],[60.292256,55.045],[60.288088,55.043518],[60.288696,55.038445],[60.2813,55.036599],[60.28049,55.03356],[60.290319,55.033009],[60.287252,55.025958],[60.270343,55.027318],[60.289782,55.022067],[60.295764,55.025305],[60.314621,55.021968],[60.332223,55.0246],[60.334496,55.027745],[60.332747,55.034574],[60.336397,55.035984],[60.350691,55.025422],[60.381135,55.02525],[60.392998,55.015047],[60.395545,55.018141],[60.401735,55.00939],[60.416425,55.000899],[60.435713,54.998059],[60.463531,55.006056],[60.46409,54.995846],[60.458017,54.994334],[60.464474,54.977378],[60.464305,54.963713],[60.401262,54.954134],[60.402641,54.948703],[60.377992,54.935507],[60.368768,54.939532],[60.358635,54.939915],[60.360197,54.946029],[60.352205,54.946988],[60.339907,54.946571],[60.332896,54.937202],[60.323364,54.933646],[60.3158,54.934281],[60.316253,54.93048],[60.295766,54.934077],[60.286192,54.940317],[60.285614,54.936386],[60.273209,54.937809],[60.278745,54.928509],[60.279821,54.920367],[60.271372,54.920221],[60.267939,54.908495],[60.261913,54.90195],[60.256047,54.900017],[60.237218,54.901401],[60.229851,54.895781],[60.230654,54.891141],[60.226559,54.879725],[60.201301,54.873092],[60.186181,54.866292],[60.147416,54.856521],[60.135188,54.857916],[60.137725,54.854459],[60.123784,54.840124],[60.115565,54.842524],[60.096854,54.835933],[60.096829,54.828384],[60.091926,54.825819],[60.094343,54.819219],[60.098117,54.816505],[60.088088,54.809725],[60.029596,54.772503],[60.010171,54.773797],[60.007959,54.759038],[59.962369,54.768903],[59.959538,54.776823],[59.954841,54.781783],[59.937421,54.78428],[59.929122,54.78889],[59.933606,54.781512],[59.946917,54.769873],[59.897558,54.70516],[59.897196,54.684643],[59.881197,54.658256]]]}},{"type":"Feature","id":"77687-2197","properties":{"id":"77687-2197","name":"Еткульский район","name_ru":"Еткульский район","subject_id":"77687","subject_name":"Челябинская область","source_gid":2197,"source_fid":2307,"names_rosstat":"Еткульский муниципальный район","population":29567,"area_km2":2510.943891967026,"density_km2":11.77525316061036,"source":"Актуализированный объединённый GeoJSON, предоставленный преподавателем","name_en":"Etkul'skii District","name_zh":"Etkul'skii区","subject_name_en":"Chelyabinsk Oblast","subject_name_zh":"车里雅宾斯克州"},"geometry":{"type":"Polygon","coordinates":[[[61.562868,54.616493],[61.536682,54.619653],[61.546451,54.620545],[61.540239,54.624387],[61.524537,54.624191],[61.52033,54.631272],[61.509672,54.632597],[61.481926,54.65046],[61.439499,54.652829],[61.439331,54.641159],[61.363591,54.639151],[61.363511,54.643593],[61.347566,54.652226],[61.347672,54.656157],[61.338859,54.658368],[61.320011,54.66104],[61.27475,54.658838],[61.273584,54.66301],[61.278477,54.672838],[61.271974,54.679668],[61.276417,54.682615],[61.276588,54.685344],[61.268428,54.697867],[61.268864,54.705731],[61.274099,54.722637],[61.279507,54.727446],[61.289291,54.727693],[61.294299,54.718112],[61.318558,54.715302],[61.323442,54.701781],[61.338301,54.718497],[61.361504,54.727548],[61.377726,54.73107],[61.359004,54.737311],[61.357303,54.740738],[61.403699,54.746665],[61.416463,54.766314],[61.39546,54.763972],[61.394242,54.769627],[61.396499,54.773933],[61.385077,54.774794],[61.38716,54.781382],[61.382936,54.782739],[61.386084,54.787167],[61.393721,54.788008],[61.39018,54.78949],[61.396568,54.78947],[61.396846,54.791832],[61.401151,54.792252],[61.397436,54.797235],[61.389312,54.799437],[61.389312,54.795054],[61.385007,54.794153],[61.382716,54.801538],[61.388097,54.799657],[61.3957,54.803919],[61.378827,54.80521],[61.368881,54.803259],[61.355836,54.809238],[61.355324,54.803599],[61.328153,54.801803],[61.322592,54.781589],[61.312656,54.7745],[61.299992,54.779906],[61.284658,54.777558],[61.266999,54.778369],[61.26298,54.783764],[61.259412,54.783445],[61.254886,54.792884],[61.250502,54.795851],[61.242992,54.796046],[61.242643,54.80671],[61.238308,54.808625],[61.233617,54.808974],[61.231366,54.805182],[61.226034,54.805385],[61.223889,54.808788],[61.219125,54.807042],[61.221571,54.800215],[61.208959,54.794292],[61.200871,54.794551],[61.19994,54.793121],[61.211357,54.793115],[61.212044,54.790492],[61.208964,54.788936],[61.21017,54.782638],[61.215597,54.780533],[61.218678,54.770276],[61.230215,54.762524],[61.246107,54.770856],[61.254717,54.770176],[61.257363,54.773564],[61.265914,54.773651],[61.282762,54.768285],[61.279249,54.760491],[61.284792,54.761195],[61.281038,54.748796],[61.275176,54.749608],[61.265907,54.736695],[61.254905,54.739259],[61.239166,54.736218],[61.241827,54.713367],[61.239166,54.701019],[61.243372,54.692636],[61.242599,54.675171],[61.240024,54.67398],[61.243114,54.668024],[61.24423,54.656035],[61.241398,54.65601],[61.234531,54.648214],[61.225347,54.649009],[61.226034,54.654198],[61.218052,54.654769],[61.217108,54.652683],[61.220155,54.649306],[61.218138,54.645284],[61.220026,54.642776],[61.239166,54.640218],[61.240754,54.647072],[61.249895,54.646376],[61.254682,54.631022],[61.24727,54.625694],[61.239724,54.62596],[61.24011,54.622158],[61.226936,54.619574],[61.213696,54.62029],[61.217337,54.638214],[61.213355,54.642823],[61.204462,54.642862],[61.200214,54.645857],[61.205125,54.651271],[61.204329,54.661445],[61.208643,54.66536],[61.170651,54.706525],[61.188896,54.730042],[61.184374,54.735519],[61.171685,54.741925],[61.117037,54.724641],[61.009122,54.697304],[60.994407,54.689152],[60.952421,54.678639],[60.986242,54.656507],[61.041988,54.656151],[61.044559,54.631084],[61.028334,54.633899],[60.998264,54.632829],[60.99103,54.629567],[60.985361,54.621849],[60.949926,54.618221],[60.93882,54.621267],[60.93367,54.6189],[60.870029,54.628324],[60.845787,54.639857],[60.832553,54.649526],[60.846385,54.670405],[60.843207,54.67828],[60.852188,54.694014],[60.844256,54.703949],[60.826773,54.71436],[60.894104,54.752297],[60.821133,54.776832],[60.838686,54.800615],[60.865339,54.825172],[60.916967,54.855867],[60.922034,54.852716],[60.95212,54.876023],[60.970113,54.881206],[60.967526,54.896426],[61.108263,54.901821],[61.130625,54.866863],[61.143851,54.859647],[61.146954,54.839474],[61.193745,54.833128],[61.226487,54.834993],[61.240207,54.83248],[61.243569,54.825747],[61.258431,54.838887],[61.270253,54.855868],[61.277297,54.845188],[61.28828,54.847885],[61.303319,54.864337],[61.326267,54.860752],[61.328288,54.865311],[61.357722,54.885821],[61.374966,54.880428],[61.369929,54.875693],[61.373095,54.875037],[61.371691,54.873531],[61.395976,54.873384],[61.402073,54.866346],[61.409723,54.862969],[61.423791,54.879229],[61.435397,54.885396],[61.445128,54.895065],[61.451189,54.896546],[61.45591,54.892233],[61.455996,54.889555],[61.447005,54.881162],[61.461918,54.874965],[61.464,54.878804],[61.455395,54.881705],[61.457789,54.888733],[61.460636,54.894744],[61.466617,54.895195],[61.470351,54.892221],[61.473527,54.899649],[61.478119,54.898958],[61.47681,54.897194],[61.479203,54.896267],[61.499357,54.901503],[61.50167,54.901572],[61.501835,54.895911],[61.519358,54.89782],[61.534715,54.912317],[61.570157,54.915237],[61.573856,54.922013],[61.5654,54.922969],[61.54954,54.932824],[61.570115,54.941491],[61.572049,54.957319],[61.586104,54.957288],[61.599819,54.966064],[61.626175,54.970881],[61.638965,54.974683],[61.643176,54.9789],[61.70127,54.987808],[61.713689,54.979662],[61.783823,54.979151],[61.916594,54.968332],[61.946004,54.976147],[61.961439,54.956157],[61.98787,54.970678],[61.999238,54.951904],[62.007965,54.943448],[62.000864,54.931751],[62.010334,54.906065],[62.035037,54.907666],[62.054764,54.900122],[62.071118,54.880997],[62.082322,54.877403],[62.073992,54.867154],[62.108793,54.839655],[62.113619,54.839814],[62.118788,54.814148],[62.114806,54.8124],[62.111899,54.798037],[62.101117,54.79896],[62.074371,54.787675],[62.053635,54.771843],[62.037149,54.764265],[62.030762,54.753665],[62.028665,54.741291],[62.0147,54.729829],[62.016963,54.723884],[62.029561,54.723069],[62.054358,54.727046],[62.063863,54.720458],[62.084809,54.719894],[62.077358,54.691383],[62.077854,54.675609],[62.118048,54.668887],[62.155404,54.668387],[62.149529,54.637159],[62.195225,54.627904],[62.222045,54.608179],[62.138663,54.571153],[62.142167,54.563976],[62.122584,54.536355],[62.125288,54.526333],[62.10051,54.52498],[62.047066,54.538327],[62.032942,54.529024],[61.991523,54.523256],[61.976075,54.552928],[61.980913,54.55913],[61.974793,54.57123],[61.952521,54.572423],[61.942191,54.597293],[61.962222,54.612015],[61.934291,54.616785],[61.931699,54.621193],[61.917767,54.614885],[61.797827,54.59057],[61.826691,54.564583],[61.817318,54.55023],[61.810875,54.5473],[61.785103,54.55092],[61.726531,54.550899],[61.718601,54.553525],[61.717676,54.561789],[61.701704,54.561252],[61.677918,54.575461],[61.672924,54.584615],[61.621062,54.595855],[61.615907,54.605063],[61.604653,54.605127],[61.587315,54.610375],[61.583776,54.615073],[61.573621,54.618502],[61.562868,54.616493]]]}},{"type":"Feature","id":"77687-2198","properties":{"id":"77687-2198","name":"Южноуральский городской округ","name_ru":"Южноуральский городской округ","subject_id":"77687","subject_name":"Челябинская область","source_gid":2198,"source_fid":2308,"names_rosstat":"Южноуральский городской округ","population":37064,"area_km2":110.13182443274997,"density_km2":336.5421411195496,"source":"Актуализированный объединённый GeoJSON, предоставленный преподавателем","name_en":"Iuzhnoural'skii Urban Okrug","name_zh":"Iuzhnoural'skii城市辖区","subject_name_en":"Chelyabinsk Oblast","subject_name_zh":"车里雅宾斯克州"},"geometry":{"type":"Polygon","coordinates":[[[61.025759,54.368922],[61.063509,54.363735],[61.076824,54.364166],[61.085447,54.359932],[61.107006,54.356152],[61.122635,54.349053],[61.126566,54.344146],[61.126587,54.362961],[61.156086,54.355866],[61.156335,54.385043],[61.179285,54.384639],[61.181701,54.397648],[61.165943,54.39908],[61.173976,54.419223],[61.180836,54.419762],[61.249291,54.421996],[61.250134,54.412675],[61.260032,54.410729],[61.265131,54.412841],[61.293955,54.387369],[61.290468,54.403833],[61.292021,54.404861],[61.295356,54.401777],[61.298101,54.40372],[61.295702,54.408325],[61.291237,54.409557],[61.291815,54.412775],[61.289261,54.414324],[61.298739,54.416516],[61.306795,54.429488],[61.302626,54.432711],[61.298672,54.441395],[61.286731,54.443222],[61.28638,54.4451],[61.311988,54.448705],[61.31544,54.457265],[61.309895,54.457783],[61.308753,54.455938],[61.308734,54.458396],[61.301632,54.45937],[61.305435,54.462801],[61.301669,54.464828],[61.304156,54.466406],[61.302234,54.468248],[61.307792,54.471941],[61.300495,54.485342],[61.295588,54.485708],[61.292123,54.478714],[61.276197,54.466108],[61.262614,54.466166],[61.259176,54.468517],[61.262289,54.477199],[61.259609,54.482471],[61.260773,54.484998],[61.255422,54.490014],[61.256307,54.493356],[61.266083,54.500293],[61.264305,54.506525],[61.249073,54.515907],[61.227712,54.518295],[61.192573,54.531981],[61.195293,54.526533],[61.202103,54.521934],[61.225353,54.51304],[61.225202,54.504433],[61.218178,54.504943],[61.224799,54.503988],[61.228824,54.500723],[61.228999,54.497713],[61.221667,54.495066],[61.230901,54.489749],[61.231548,54.484668],[61.228222,54.479487],[61.213895,54.474989],[61.208298,54.470142],[61.203674,54.458513],[61.20014,54.45795],[61.20489,54.455691],[61.197255,54.450921],[61.189418,54.420332],[61.179235,54.420076],[61.162752,54.418549],[61.13187,54.414196],[61.065241,54.415664],[61.062901,54.410832],[61.042831,54.412734],[61.025759,54.368922]]]}},{"type":"Feature","id":"77687-2199","properties":{"id":"77687-2199","name":"Увельский район","name_ru":"Увельский район","subject_id":"77687","subject_name":"Челябинская область","source_gid":2199,"source_fid":2309,"names_rosstat":"Увельский муниципальный район","population":30919,"area_km2":2298.660468297542,"density_km2":13.450877337660726,"source":"Актуализированный объединённый GeoJSON, предоставленный преподавателем","name_en":"Uvel'skii District","name_zh":"Uvel'skii区","subject_name_en":"Chelyabinsk Oblast","subject_name_zh":"车里雅宾斯克州"},"geometry":{"type":"Polygon","coordinates":[[[61.56226,54.399532],[61.546673,54.350425],[61.522928,54.339116],[61.512896,54.325774],[61.507584,54.313255],[61.445103,54.319717],[61.425728,54.348358],[61.396765,54.342883],[61.396984,54.345485],[61.399141,54.345504],[61.397879,54.354482],[61.388368,54.355574],[61.388485,54.361936],[61.380313,54.364036],[61.382072,54.369587],[61.364711,54.371381],[61.340637,54.301799],[61.343873,54.285411],[61.341281,54.278833],[61.335338,54.275682],[61.333317,54.269368],[61.312513,54.268835],[61.312357,54.27522],[61.268628,54.274384],[61.239164,54.257997],[61.199649,54.264032],[61.174597,54.268116],[61.168754,54.273633],[61.174633,54.272793],[61.193206,54.319636],[61.156093,54.324538],[61.16289,54.342924],[61.148958,54.344496],[61.129203,54.342423],[61.126566,54.344146],[61.126587,54.362961],[61.156086,54.355866],[61.156335,54.385043],[61.179285,54.384639],[61.181701,54.397648],[61.165943,54.39908],[61.173976,54.419223],[61.249291,54.421996],[61.250134,54.412675],[61.260032,54.410729],[61.265131,54.412841],[61.293955,54.387369],[61.290468,54.403833],[61.292021,54.404861],[61.295356,54.401777],[61.298101,54.40372],[61.295702,54.408325],[61.291237,54.409557],[61.291815,54.412775],[61.289261,54.414324],[61.298739,54.416516],[61.306795,54.429488],[61.302626,54.432711],[61.298672,54.441395],[61.286731,54.443222],[61.28638,54.4451],[61.311988,54.448705],[61.315678,54.456418],[61.309895,54.457783],[61.308753,54.455938],[61.308734,54.458396],[61.301632,54.45937],[61.305435,54.462801],[61.301669,54.464828],[61.304156,54.466406],[61.302234,54.468248],[61.307792,54.471941],[61.301945,54.484763],[61.295588,54.485708],[61.292123,54.478714],[61.276197,54.466108],[61.262614,54.466166],[61.259176,54.468517],[61.262289,54.477199],[61.259609,54.482471],[61.260773,54.484998],[61.255422,54.490014],[61.256307,54.493356],[61.266083,54.500293],[61.264305,54.506525],[61.249073,54.515907],[61.227712,54.518295],[61.192573,54.531981],[61.195293,54.526533],[61.202103,54.521934],[61.225353,54.51304],[61.225202,54.504433],[61.218178,54.504943],[61.224799,54.503988],[61.228824,54.500723],[61.228999,54.497713],[61.221667,54.495066],[61.230901,54.489749],[61.231548,54.484668],[61.228222,54.479487],[61.213895,54.474989],[61.208298,54.470142],[61.203674,54.458513],[61.20014,54.45795],[61.20489,54.455691],[61.197255,54.450921],[61.189418,54.420332],[61.162752,54.418549],[61.13187,54.414196],[61.065241,54.415664],[61.062901,54.410832],[61.032468,54.414799],[61.040899,54.435514],[61.029897,54.434565],[61.029552,54.432263],[61.026593,54.43173],[61.007717,54.441855],[60.997074,54.453144],[60.95964,54.452264],[60.910154,54.471867],[60.918285,54.491734],[60.863737,54.500443],[60.838617,54.507219],[60.846916,54.522919],[60.862145,54.531655],[60.91035,54.530534],[60.916557,54.526142],[60.966387,54.596181],[60.960335,54.619627],[60.985361,54.621849],[60.99103,54.629567],[60.998264,54.632829],[61.028334,54.633899],[61.044559,54.631084],[61.041988,54.656151],[60.986242,54.656507],[60.952421,54.678639],[60.994407,54.689152],[61.009122,54.697304],[61.117037,54.724641],[61.171685,54.741925],[61.184374,54.735519],[61.188896,54.730042],[61.170651,54.706525],[61.208643,54.66536],[61.204329,54.661445],[61.205125,54.651271],[61.200214,54.645857],[61.204462,54.642862],[61.213355,54.642823],[61.217337,54.638214],[61.207364,54.598279],[61.214432,54.598305],[61.218864,54.594212],[61.233298,54.59298],[61.217599,54.578337],[61.222021,54.576379],[61.227665,54.578971],[61.22601,54.580951],[61.233455,54.582712],[61.237809,54.589276],[61.256994,54.588017],[61.254769,54.574216],[61.261533,54.572372],[61.258636,54.57052],[61.258437,54.565745],[61.268721,54.559268],[61.278675,54.560021],[61.2856,54.563307],[61.28074,54.573098],[61.283852,54.573729],[61.271926,54.594012],[61.2818,54.620109],[61.293071,54.631715],[61.301033,54.633658],[61.293549,54.635951],[61.297219,54.643147],[61.292124,54.644588],[61.282425,54.64285],[61.28043,54.641196],[61.27907,54.628551],[61.276215,54.626958],[61.280352,54.624378],[61.270666,54.627653],[61.259731,54.650076],[61.27284,54.654967],[61.27475,54.658838],[61.320011,54.66104],[61.338859,54.658368],[61.347672,54.656157],[61.347566,54.652226],[61.363511,54.643593],[61.363591,54.639151],[61.439331,54.641159],[61.439499,54.652829],[61.481926,54.65046],[61.509672,54.632597],[61.52033,54.631272],[61.524537,54.624191],[61.540239,54.624387],[61.546451,54.620545],[61.536682,54.619653],[61.562868,54.616493],[61.573621,54.618502],[61.583776,54.615073],[61.587315,54.610375],[61.604653,54.605127],[61.615907,54.605063],[61.621062,54.595855],[61.672924,54.584615],[61.677918,54.575461],[61.701704,54.561252],[61.717676,54.561789],[61.718601,54.553525],[61.726531,54.550899],[61.785103,54.55092],[61.810875,54.5473],[61.817318,54.55023],[61.826691,54.564583],[61.797827,54.59057],[61.917767,54.614885],[61.931699,54.621193],[61.934291,54.616785],[61.962222,54.612015],[61.942191,54.597293],[61.952521,54.572423],[61.974793,54.57123],[61.980913,54.55913],[61.976075,54.552928],[61.991523,54.523256],[62.032942,54.529024],[62.047066,54.538327],[62.10051,54.52498],[62.125288,54.526333],[62.143921,54.458656],[62.131932,54.444257],[62.150948,54.421543],[62.047694,54.385869],[61.998306,54.375149],[62.007374,54.366046],[61.952122,54.363445],[61.953095,54.360232],[61.986831,54.35677],[61.996158,54.337852],[61.973295,54.33858],[61.97562,54.331769],[61.947019,54.328895],[61.935446,54.325016],[61.960285,54.303446],[61.955054,54.296384],[61.972114,54.281684],[61.952364,54.277165],[61.948685,54.253099],[61.928509,54.248743],[61.879982,54.250614],[61.879903,54.281422],[61.869984,54.301718],[61.820552,54.291922],[61.749764,54.288059],[61.732219,54.301736],[61.765608,54.317239],[61.775793,54.338047],[61.756129,54.338367],[61.752128,54.341517],[61.746239,54.34148],[61.737111,54.337331],[61.716626,54.33688],[61.707964,54.351843],[61.683503,54.354561],[61.677827,54.342885],[61.6613,54.326413],[61.656911,54.305971],[61.60078,54.305237],[61.611558,54.355436],[61.644328,54.365439],[61.667281,54.364393],[61.667855,54.373378],[61.658074,54.381805],[61.659971,54.399468],[61.657898,54.402458],[61.647024,54.406181],[61.640285,54.420832],[61.57861,54.407781],[61.56226,54.399532]]]}},{"type":"Feature","id":"77687-2200","properties":{"id":"77687-2200","name":"Златоустовский городской округ","name_ru":"Златоустовский городской округ","subject_id":"77687","subject_name":"Челябинская область","source_gid":2200,"source_fid":2310,"names_rosstat":"Златоустовский городской округ","population":158975,"area_km2":1869.2370420538377,"density_km2":85.04806850249719,"source":"Актуализированный объединённый GeoJSON, предоставленный преподавателем","name_en":"Zlatoustovskii Urban Okrug","name_zh":"Zlatoustovskii城市辖区","subject_name_en":"Chelyabinsk Oblast","subject_name_zh":"车里雅宾斯克州"},"geometry":{"type":"Polygon","coordinates":[[[60.021932,55.387766],[60.013947,55.379896],[60.016906,55.370533],[59.95962,55.330327],[59.958392,55.307805],[59.968613,55.303106],[59.962322,55.287262],[59.958147,55.284684],[59.956124,55.27916],[59.934746,55.271186],[59.928245,55.262651],[59.924258,55.260904],[59.91444,55.247307],[59.907837,55.222453],[59.890905,55.210774],[59.886606,55.204102],[59.88728,55.196948],[59.802764,55.13038],[59.795954,55.129503],[59.790136,55.117249],[59.786308,55.114877],[59.787809,55.076972],[59.758698,55.054721],[59.743597,55.036056],[59.726577,55.0243],[59.717226,55.004689],[59.70436,54.993344],[59.667437,54.968269],[59.668622,54.96626],[59.624307,54.924414],[59.613448,54.887068],[59.60089,54.867006],[59.56662,54.852265],[59.551081,54.849072],[59.53682,54.841409],[59.536182,54.829435],[59.525326,54.818792],[59.520006,54.795591],[59.522773,54.779786],[59.486588,54.762544],[59.44572,54.736947],[59.441463,54.720717],[59.381011,54.702623],[59.288845,54.658241],[59.291505,54.637782],[59.264223,54.618489],[59.264685,54.6133],[59.234593,54.623781],[59.196241,54.625413],[59.165201,54.630567],[59.152312,54.628576],[59.091039,54.641902],[59.088057,54.645887],[59.081347,54.64723],[59.110976,54.670523],[59.131805,54.693259],[59.155459,54.704719],[59.172348,54.716485],[59.187063,54.736695],[59.194781,54.753196],[59.227881,54.762351],[59.249308,54.781123],[59.270467,54.811203],[59.267455,54.813894],[59.27247,54.818726],[59.269111,54.82693],[59.324928,54.860532],[59.321656,54.868928],[59.330126,54.884757],[59.320818,54.908807],[59.33787,55.000759],[59.335208,55.005679],[59.316672,55.007754],[59.31814,55.047694],[59.253028,55.050974],[59.256624,55.08489],[59.258234,55.088472],[59.270765,55.097282],[59.280368,55.101048],[59.278484,55.113257],[59.202333,55.120438],[59.213582,55.171725],[59.255098,55.178725],[59.264705,55.183763],[59.2522,55.203086],[59.251613,55.20612],[59.256312,55.21055],[59.29061,55.226105],[59.304539,55.228635],[59.315999,55.236389],[59.315812,55.234269],[59.325637,55.234347],[59.323251,55.221639],[59.38109,55.220978],[59.381608,55.224357],[59.415637,55.22312],[59.425533,55.221355],[59.431167,55.21775],[59.432785,55.213792],[59.426466,55.212554],[59.435801,55.212564],[59.436882,55.206147],[59.438494,55.212489],[59.473593,55.210745],[59.477972,55.217222],[59.484174,55.215815],[59.490076,55.218519],[59.511136,55.209379],[59.521603,55.211032],[59.524213,55.20932],[59.528126,55.210796],[59.526684,55.215977],[59.533761,55.215985],[59.541742,55.222788],[59.554793,55.23894],[59.553674,55.241807],[59.562166,55.243888],[59.565613,55.24803],[59.561779,55.256939],[59.564532,55.264818],[59.570256,55.270341],[59.560502,55.285533],[59.640684,55.280543],[59.660385,55.274734],[59.698929,55.27082],[59.714708,55.281939],[59.7175,55.28627],[59.731275,55.29267],[59.751757,55.308311],[59.806266,55.301103],[59.811736,55.31855],[59.808977,55.318762],[59.816195,55.339471],[59.855159,55.335758],[59.857949,55.354504],[59.89018,55.351665],[59.907484,55.408308],[59.940591,55.404931],[59.94678,55.424127],[59.979589,55.420955],[59.989494,55.454223],[59.999152,55.446813],[60.013574,55.448456],[60.021734,55.446461],[60.033894,55.436865],[60.050622,55.430387],[60.044436,55.414273],[60.02254,55.395122],[60.021932,55.387766]]]}},{"type":"Feature","id":"77687-2201","properties":{"id":"77687-2201","name":"Кыштымский городской округ","name_ru":"Кыштымский городской округ","subject_id":"77687","subject_name":"Челябинская область","source_gid":2201,"source_fid":2311,"names_rosstat":"Кыштымский городской округ","population":36942,"area_km2":766.2174574754788,"density_km2":48.21346686842129,"source":"Актуализированный объединённый GeoJSON, предоставленный преподавателем","name_en":"Kyshtymskii Urban Okrug","name_zh":"Kyshtymskii城市辖区","subject_name_en":"Chelyabinsk Oblast","subject_name_zh":"车里雅宾斯克州"},"geometry":{"type":"Polygon","coordinates":[[[60.071539,55.715916],[60.071824,55.713866],[60.077866,55.711687],[60.202098,55.698907],[60.192557,55.669755],[60.158626,55.673506],[60.146513,55.63503],[60.347463,55.612636],[60.379943,55.607106],[60.41392,55.605289],[60.411583,55.583856],[60.406435,55.568832],[60.477128,55.565598],[60.485104,55.559011],[60.50567,55.562352],[60.507198,55.567751],[60.540562,55.564475],[60.546209,55.583781],[60.614167,55.576867],[60.626913,55.618924],[60.608568,55.622665],[60.592582,55.622859],[60.570996,55.640375],[60.580501,55.643741],[60.598462,55.638655],[60.606615,55.656636],[60.623203,55.707078],[60.62439,55.717726],[60.635407,55.74855],[60.639418,55.753283],[60.642034,55.77455],[60.640978,55.797582],[60.636732,55.808345],[60.638578,55.811985],[60.555892,55.821198],[60.559827,55.8594],[60.42476,55.863927],[60.422375,55.836765],[60.330656,55.848127],[60.335268,55.86162],[60.369607,55.858533],[60.376386,55.882949],[60.317459,55.887804],[60.312473,55.869356],[60.30203,55.870352],[60.291021,55.831706],[60.326468,55.828374],[60.307322,55.819324],[60.296322,55.810476],[60.273726,55.806557],[60.263624,55.797418],[60.265854,55.792852],[60.255918,55.785848],[60.221062,55.78333],[60.147125,55.749737],[60.128754,55.745496],[60.115474,55.730415],[60.107588,55.727539],[60.106514,55.71993],[60.101602,55.716444],[60.092875,55.714251],[60.092526,55.71613],[60.081787,55.715328],[60.08084,55.717726],[60.071539,55.715916]]]}},{"type":"Feature","id":"77687-2202","properties":{"id":"77687-2202","name":"Брединский район","name_ru":"Брединский район","subject_id":"77687","subject_name":"Челябинская область","source_gid":2202,"source_fid":2312,"names_rosstat":"Брединский муниципальный район","population":23020,"area_km2":5076.735819819483,"density_km2":4.534409671295155,"source":"Актуализированный объединённый GeoJSON, предоставленный преподавателем","name_en":"Bredinskii District","name_zh":"Bredinskii区","subject_name_en":"Chelyabinsk Oblast","subject_name_zh":"车里雅宾斯克州"},"geometry":{"type":"Polygon","coordinates":[[[59.345354,52.471865],[59.370022,52.472443],[59.391513,52.469184],[59.41849,52.487087],[59.413623,52.479002],[59.414531,52.460852],[59.443282,52.457428],[59.489195,52.42744],[59.501736,52.398978],[59.523185,52.409621],[59.547646,52.442167],[59.670489,52.439776],[59.672531,52.438972],[59.669479,52.423874],[59.677565,52.408694],[59.725621,52.420451],[59.725621,52.422431],[59.734036,52.422596],[59.733458,52.434064],[59.824166,52.480058],[59.860137,52.464631],[59.918259,52.422021],[60.003771,52.41967],[60.021138,52.413442],[60.037555,52.422929],[60.076207,52.411504],[60.162998,52.40012],[60.160155,52.282928],[60.172531,52.266841],[60.171458,52.264448],[60.173892,52.260282],[60.144357,52.244771],[60.125965,52.220033],[60.08715,52.214622],[60.060617,52.180744],[60.061554,52.173188],[60.023331,52.173561],[60.012423,52.164242],[59.96536,52.151816],[59.928485,52.084551],[59.903549,52.083406],[59.918907,52.064459],[59.907737,52.039946],[59.975567,52.033569],[60.001992,51.993281],[60.197662,51.990883],[60.26138,52.015738],[60.339453,52.05485],[60.405933,52.098118],[60.510847,52.156384],[60.716749,52.156154],[60.724321,52.162255],[60.727352,52.170422],[60.742512,52.179479],[60.744197,52.183153],[60.7584,52.193983],[60.763458,52.201784],[60.770046,52.205646],[60.780488,52.229064],[60.798171,52.227374],[60.836795,52.230108],[60.845035,52.233998],[60.849841,52.239254],[60.861246,52.241389],[60.874561,52.248293],[60.896705,52.251446],[60.927776,52.26395],[60.944255,52.266367],[60.978952,52.288324],[60.986321,52.298541],[60.988473,52.306213],[61.005594,52.314591],[61.010655,52.32607],[61.019707,52.329575],[61.034489,52.330755],[61.066798,52.347091],[60.992233,52.423055],[60.982329,52.507871],[60.841829,52.522252],[60.843648,52.539363],[60.843069,52.641033],[60.84003,52.638207],[60.833164,52.63904],[60.817096,52.631199],[60.805537,52.631533],[60.799241,52.62868],[60.77884,52.630412],[60.761462,52.626692],[60.747526,52.629699],[60.744673,52.631744],[60.744406,52.651602],[60.714553,52.663027],[60.713604,52.698707],[60.650676,52.699471],[60.647888,52.714736],[60.609621,52.710989],[60.565558,52.694875],[60.552133,52.714326],[60.555134,52.728513],[60.544065,52.748822],[60.570434,52.762549],[60.561398,52.769483],[60.519267,52.770164],[60.521067,52.772224],[60.415161,52.772272],[60.405743,52.768735],[60.399249,52.762775],[60.396387,52.718759],[60.342423,52.719639],[60.334399,52.738532],[60.248439,52.779061],[60.213286,52.766824],[60.150106,52.765842],[60.088,52.761034],[60.038992,52.763736],[60.019655,52.756529],[60.004471,52.745219],[60.002,52.738353],[59.987444,52.738476],[59.979408,52.748821],[59.971192,52.74497],[59.946743,52.741866],[59.942741,52.743776],[59.93916,52.742906],[59.938486,52.739039],[59.946945,52.730178],[59.921838,52.665127],[59.85186,52.63815],[59.801892,52.597797],[59.792983,52.605625],[59.771787,52.589593],[59.738258,52.598239],[59.745816,52.600693],[59.677832,52.636707],[59.660041,52.638201],[59.574464,52.656585],[59.572719,52.651601],[59.567143,52.649888],[59.56797,52.647908],[59.559319,52.648139],[59.554383,52.642605],[59.548735,52.643979],[59.54468,52.651885],[59.538674,52.650067],[59.532046,52.65364],[59.518893,52.650145],[59.520034,52.643789],[59.517342,52.642667],[59.513688,52.64246],[59.500846,52.649132],[59.484624,52.648161],[59.482369,52.645322],[59.485694,52.64463],[59.487511,52.620099],[59.50425,52.599409],[59.486244,52.587881],[59.480835,52.577008],[59.489326,52.574864],[59.471316,52.531993],[59.478892,52.529317],[59.470721,52.522485],[59.370178,52.536898],[59.345354,52.471865]]]}},{"type":"Feature","id":"77687-2203","properties":{"id":"77687-2203","name":"Карабашский городской округ","name_ru":"Карабашский городской округ","subject_id":"77687","subject_name":"Челябинская область","source_gid":2203,"source_fid":2313,"names_rosstat":"Карабашский городской округ","population":10306,"area_km2":682.0818993539916,"density_km2":15.109622480468904,"source":"Актуализированный объединённый GeoJSON, предоставленный преподавателем","name_en":"Karabashskii Urban Okrug","name_zh":"Karabashskii城市辖区","subject_name_en":"Chelyabinsk Oblast","subject_name_zh":"车里雅宾斯克州"},"geometry":{"type":"Polygon","coordinates":[[[60.261055,55.389473],[60.254263,55.402335],[60.262518,55.407452],[60.271478,55.417431],[60.270767,55.422013],[60.256563,55.417867],[60.254536,55.415374],[60.25094,55.417349],[60.248867,55.413409],[60.233595,55.40648],[60.235668,55.403654],[60.230747,55.401408],[60.231635,55.399193],[60.238769,55.39718],[60.236416,55.393347],[60.225645,55.389613],[60.223286,55.385933],[60.207466,55.381239],[60.202005,55.383077],[60.189223,55.376235],[60.186781,55.380201],[60.183678,55.378972],[60.178756,55.382201],[60.163397,55.383685],[60.157313,55.387945],[60.158624,55.389384],[60.15355,55.39534],[60.154843,55.397947],[60.148154,55.399161],[60.146949,55.402475],[60.13162,55.40439],[60.128921,55.399172],[60.126561,55.406571],[60.119363,55.413119],[60.095739,55.414575],[60.092327,55.424537],[60.087928,55.428328],[60.07994,55.430229],[60.063909,55.427258],[60.044492,55.431414],[60.021734,55.446461],[60.013574,55.448456],[59.999152,55.446813],[59.982981,55.459528],[60.026446,55.580449],[59.978269,55.586194],[59.977826,55.588201],[59.980139,55.588964],[59.979789,55.591416],[59.990886,55.596636],[59.9877,55.599098],[59.990094,55.601226],[59.988365,55.601702],[60.0027,55.613352],[60.001885,55.616943],[60.004622,55.61765],[60.00291,55.619146],[60.006986,55.621427],[60.00708,55.624984],[60.012145,55.629707],[60.013147,55.637923],[60.011388,55.638024],[60.026518,55.651883],[60.035356,55.649873],[60.058836,55.650731],[60.056816,55.648746],[60.061577,55.648016],[60.068695,55.65023],[60.074122,55.648989],[60.071988,55.653597],[60.074898,55.655041],[60.07395,55.657702],[60.077872,55.658319],[60.077994,55.663564],[60.08144,55.663194],[60.085054,55.667395],[60.079421,55.669437],[60.079441,55.672545],[60.082687,55.674707],[60.074639,55.678557],[60.050364,55.681936],[60.052831,55.683821],[60.050928,55.688205],[60.05222,55.691071],[60.054524,55.691412],[60.052879,55.689763],[60.054378,55.688536],[60.059291,55.691327],[60.057097,55.693273],[60.058364,55.696653],[60.067879,55.703107],[60.067093,55.705316],[60.060648,55.707046],[60.060112,55.709237],[60.063455,55.707455],[60.07156,55.714267],[60.077866,55.711687],[60.202098,55.698907],[60.192557,55.669755],[60.158626,55.673506],[60.146513,55.63503],[60.347463,55.612636],[60.379943,55.607106],[60.41392,55.605289],[60.411583,55.583856],[60.406435,55.568832],[60.477128,55.565598],[60.485104,55.559011],[60.476263,55.533165],[60.447343,55.494594],[60.387106,55.47047],[60.374635,55.468683],[60.344617,55.449116],[60.320993,55.450321],[60.289941,55.425374],[60.272106,55.393413],[60.27439,55.391701],[60.271755,55.384003],[60.273236,55.373663],[60.268239,55.371761],[60.262826,55.346471],[60.266793,55.34355],[60.253737,55.336885],[60.245047,55.341533],[60.241429,55.350387],[60.230489,55.350453],[60.233067,55.352056],[60.231097,55.360144],[60.222614,55.362441],[60.22664,55.363529],[60.226219,55.369854],[60.23169,55.36996],[60.234603,55.374572],[60.250876,55.377126],[60.245046,55.383129],[60.261055,55.389473]]]}},{"type":"Feature","id":"77687-2204","properties":{"id":"77687-2204","name":"Кизильский район","name_ru":"Кизильский район","subject_id":"77687","subject_name":"Челябинская область","source_gid":2204,"source_fid":2314,"names_rosstat":"Кизильский муниципальный район","population":18941,"area_km2":4411.8333616696245,"density_km2":4.293226522234721,"source":"Актуализированный объединённый GeoJSON, предоставленный преподавателем","name_en":"Kizil'skii District","name_zh":"Kizil'skii区","subject_name_en":"Chelyabinsk Oblast","subject_name_zh":"车里雅宾斯克州"},"geometry":{"type":"Polygon","coordinates":[[[58.751015,52.6579],[58.751016,52.611018],[58.781029,52.610593],[58.781235,52.592084],[58.824027,52.593299],[58.83382,52.566],[58.838928,52.566],[58.838291,52.520821],[58.781245,52.520394],[58.770178,52.471171],[58.79785,52.468617],[58.796148,52.431792],[58.854927,52.425806],[58.859035,52.4468],[58.898511,52.443294],[58.901069,52.447419],[58.953251,52.440118],[58.955313,52.433518],[58.958036,52.432611],[58.99875,52.42663],[59.001885,52.42465],[59.00172,52.420608],[58.996605,52.418463],[58.993718,52.411285],[58.989139,52.408274],[59.007538,52.385834],[59.001908,52.361888],[59.029422,52.348482],[59.057062,52.346978],[59.076471,52.33243],[59.165674,52.276502],[59.187577,52.284794],[59.208878,52.296303],[59.216257,52.297477],[59.223258,52.327736],[59.221442,52.328973],[59.224082,52.331448],[59.230269,52.352898],[59.228248,52.363747],[59.230268,52.399263],[59.227421,52.42488],[59.250108,52.43643],[59.250355,52.439977],[59.24557,52.441545],[59.243508,52.445917],[59.246478,52.451693],[59.252129,52.455776],[59.248911,52.458911],[59.249571,52.462624],[59.244126,52.464356],[59.249241,52.476566],[59.255016,52.479784],[59.262523,52.479949],[59.265411,52.483909],[59.269536,52.480527],[59.269701,52.477309],[59.274568,52.474669],[59.279766,52.474999],[59.287974,52.481393],[59.291687,52.478341],[59.298452,52.479166],[59.305465,52.472896],[59.312395,52.471081],[59.345354,52.471865],[59.370178,52.536898],[59.470721,52.522485],[59.478892,52.529317],[59.471316,52.531993],[59.489326,52.574864],[59.480835,52.577008],[59.486244,52.587881],[59.50425,52.599409],[59.487511,52.620099],[59.485694,52.64463],[59.482369,52.645322],[59.483868,52.647911],[59.500846,52.649132],[59.513688,52.64246],[59.517342,52.642667],[59.520034,52.643789],[59.518893,52.650145],[59.532046,52.65364],[59.538674,52.650067],[59.54468,52.651885],[59.548735,52.643979],[59.554383,52.642605],[59.559319,52.648139],[59.56797,52.647908],[59.567143,52.649888],[59.572719,52.651601],[59.574464,52.656585],[59.660041,52.638201],[59.677832,52.636707],[59.745816,52.600693],[59.738258,52.598239],[59.771787,52.589593],[59.792983,52.605625],[59.801892,52.597797],[59.85186,52.63815],[59.921838,52.665127],[59.946945,52.730178],[59.938486,52.739039],[59.93916,52.742906],[59.946743,52.741866],[59.971192,52.74497],[59.979408,52.748821],[59.987444,52.738476],[60.002,52.738353],[60.004471,52.745219],[60.019655,52.756529],[60.038814,52.763671],[60.034533,52.769669],[60.013944,52.772444],[60.009249,52.76848],[59.991552,52.768941],[59.98354,52.779338],[59.975323,52.784797],[59.960993,52.785297],[59.961941,52.800948],[59.927408,52.803184],[59.912337,52.801193],[59.907256,52.819969],[59.898371,52.825866],[59.899136,52.836355],[59.890928,52.83714],[59.890504,52.844388],[59.875949,52.867334],[59.83877,52.881289],[59.839936,52.88671],[59.795787,52.891503],[59.830065,52.924617],[59.831287,52.944623],[59.868899,52.970748],[59.862154,52.979241],[59.809621,53.000575],[59.785213,53.015054],[59.796226,53.017504],[59.808294,53.027923],[59.823794,53.034813],[59.833816,53.048763],[59.811102,53.05316],[59.780728,53.063523],[59.74647,53.106403],[59.70981,53.115233],[59.699901,53.103882],[59.678846,53.091356],[59.669761,53.089662],[59.660008,53.084148],[59.644714,53.085145],[59.619069,53.078264],[59.572362,53.060504],[59.555986,53.051771],[59.550947,53.053747],[59.541939,53.051537],[59.5364,53.046748],[59.524308,53.041898],[59.518768,53.033251],[59.503748,53.026325],[59.495591,53.025955],[59.482411,53.020768],[59.382806,53.046821],[59.385593,53.049931],[59.381392,53.05237],[59.383243,53.054883],[59.371607,53.058147],[59.371131,53.060883],[59.316646,53.021536],[59.240727,53.022743],[59.239187,53.009975],[59.171456,53.011028],[59.171221,53.006443],[59.140151,53.00003],[59.125045,52.994187],[59.111526,52.99229],[59.104892,52.994385],[59.085547,52.994443],[59.080305,52.990827],[59.065385,52.991504],[59.056281,52.987567],[59.049328,52.987494],[59.044509,52.991065],[59.03504,52.990449],[59.026874,52.996195],[59.023166,52.995063],[59.019438,52.999254],[59.013018,52.999798],[59.008778,53.005139],[58.993132,53.004756],[58.974867,52.999549],[58.972905,53.006542],[58.968946,53.004931],[58.967555,53.00977],[58.96289,53.012929],[58.967231,53.01458],[58.963217,53.016615],[58.968837,53.019122],[58.970511,53.018397],[58.968263,53.017167],[58.972669,53.016033],[58.979949,53.017325],[58.976406,53.015613],[58.978337,53.012492],[58.989132,53.019652],[58.839127,53.024017],[58.861054,52.944409],[58.812309,52.940311],[58.81082,52.930892],[58.815077,52.927486],[58.811033,52.924506],[58.811246,52.919184],[58.802945,52.896994],[58.7608,52.849632],[58.762717,52.810626],[58.779534,52.787318],[58.804657,52.695086],[58.785284,52.694353],[58.776557,52.690308],[58.779537,52.688818],[58.780176,52.6852],[58.785497,52.683284],[58.78571,52.680091],[58.779963,52.678388],[58.77975,52.672854],[58.776132,52.670512],[58.780176,52.665191],[58.776771,52.661519],[58.761019,52.661093],[58.751015,52.6579]]]}},{"type":"Feature","id":"77687-2205","properties":{"id":"77687-2205","name":"Кусинский район","name_ru":"Кусинский район","subject_id":"77687","subject_name":"Челябинская область","source_gid":2205,"source_fid":2315,"names_rosstat":"Кусинский муниципальный район","population":24717,"area_km2":1534.035602029133,"density_km2":16.11240310675045,"source":"Актуализированный объединённый GeoJSON, предоставленный преподавателем","name_en":"Kusinskii District","name_zh":"Kusinskii区","subject_name_en":"Chelyabinsk Oblast","subject_name_zh":"车里雅宾斯克州"},"geometry":{"type":"Polygon","coordinates":[[[59.907484,55.408308],[59.89018,55.351665],[59.857949,55.354504],[59.855159,55.335758],[59.816195,55.339471],[59.808977,55.318762],[59.811736,55.31855],[59.806266,55.301103],[59.751757,55.308311],[59.731275,55.29267],[59.7175,55.28627],[59.714708,55.281939],[59.698929,55.27082],[59.660385,55.274734],[59.640684,55.280543],[59.560502,55.285533],[59.570256,55.270341],[59.564532,55.264818],[59.561779,55.256939],[59.565613,55.24803],[59.562166,55.243888],[59.553674,55.241807],[59.554793,55.23894],[59.541742,55.222788],[59.533761,55.215985],[59.526684,55.215977],[59.528126,55.210796],[59.524213,55.20932],[59.521603,55.211032],[59.511136,55.209379],[59.490076,55.218519],[59.484174,55.215815],[59.477972,55.217222],[59.473593,55.210745],[59.438494,55.212489],[59.436882,55.206147],[59.435801,55.212564],[59.426466,55.212554],[59.432785,55.213792],[59.431167,55.21775],[59.425533,55.221355],[59.415637,55.22312],[59.381608,55.224357],[59.38109,55.220978],[59.323251,55.221639],[59.325637,55.234347],[59.315812,55.234269],[59.319335,55.238636],[59.317349,55.242889],[59.308707,55.246009],[59.309611,55.252653],[59.149421,55.267051],[59.151466,55.270585],[59.140889,55.279855],[59.13388,55.282345],[59.127141,55.291352],[59.108648,55.294335],[59.107548,55.296571],[59.113046,55.304565],[59.080219,55.317727],[59.080645,55.322835],[59.086392,55.325815],[59.104485,55.32241],[59.101292,55.33284],[59.124706,55.342632],[59.135775,55.3388],[59.150037,55.3388],[59.162773,55.333337],[59.175367,55.332628],[59.178134,55.334544],[59.160041,55.342419],[59.176856,55.363546],[59.184305,55.38696],[59.177068,55.388503],[59.175365,55.392122],[59.144287,55.412556],[59.150033,55.425753],[59.170255,55.423837],[59.173022,55.439855],[59.183026,55.441984],[59.186644,55.459066],[59.185154,55.462471],[59.179832,55.463961],[59.183238,55.468432],[59.194732,55.468645],[59.200693,55.465452],[59.259868,55.465665],[59.265615,55.462472],[59.281366,55.463963],[59.347139,55.479768],[59.349694,55.484025],[59.361614,55.484025],[59.372895,55.478065],[59.37247,55.48509],[59.386092,55.485941],[59.373534,55.488283],[59.375236,55.49105],[59.372043,55.493391],[59.380345,55.498074],[59.404611,55.494456],[59.433693,55.493994],[59.435901,55.489986],[59.431432,55.486581],[59.434199,55.484452],[59.431006,55.477002],[59.464074,55.473619],[59.464212,55.477215],[59.473152,55.482537],[59.474216,55.489987],[59.481028,55.490838],[59.483795,55.499566],[59.492096,55.503397],[59.498056,55.50063],[59.517,55.509357],[59.555315,55.511061],[59.578942,55.516595],[59.58877,55.549964],[59.598705,55.547841],[59.616309,55.554764],[59.617213,55.558554],[59.642548,55.558453],[59.65493,55.591895],[59.647693,55.599345],[59.669439,55.606615],[59.67672,55.61223],[59.687605,55.613251],[59.695822,55.623456],[59.726784,55.632379],[59.743017,55.628278],[59.770292,55.63355],[59.808323,55.620373],[59.820271,55.60542],[59.852792,55.58758],[59.873685,55.586541],[59.920119,55.602112],[59.976238,55.584758],[59.978269,55.586194],[60.026446,55.580449],[59.982981,55.459528],[59.989494,55.454223],[59.979589,55.420955],[59.94678,55.424127],[59.940591,55.404931],[59.907484,55.408308]]]}},{"type":"Feature","id":"77687-2206","properties":{"id":"77687-2206","name":"Копейский городской округ","name_ru":"Копейский городской округ","subject_id":"77687","subject_name":"Челябинская область","source_gid":2206,"source_fid":2316,"names_rosstat":"Копейский городской округ","population":145905,"area_km2":355.4101484613532,"density_km2":410.52570004445306,"source":"Актуализированный объединённый GeoJSON, предоставленный преподавателем","name_en":"Kopeiskii Urban Okrug","name_zh":"Kopeiskii城市辖区","subject_name_en":"Chelyabinsk Oblast","subject_name_zh":"车里雅宾斯克州"},"geometry":{"type":"Polygon","coordinates":[[[61.534715,54.912317],[61.519358,54.89782],[61.501835,54.895911],[61.50167,54.901572],[61.498261,54.901451],[61.49824,54.905658],[61.482496,54.908445],[61.470188,54.907331],[61.473443,54.914767],[61.486086,54.929813],[61.493912,54.927888],[61.495178,54.9311],[61.498117,54.931383],[61.497881,54.933947],[61.502125,54.934567],[61.506056,54.944949],[61.495907,54.948993],[61.484659,54.947236],[61.477657,54.941944],[61.470176,54.939954],[61.466343,54.935636],[61.424505,54.93343],[61.415945,54.929398],[61.403401,54.928846],[61.396531,54.93999],[61.388804,54.943022],[61.376469,54.943202],[61.378007,54.94966],[61.372217,54.955961],[61.4058,54.9782],[61.395639,54.991409],[61.393133,54.991211],[61.42651,55.03831],[61.423737,55.039057],[61.441325,55.036729],[61.439171,55.039287],[61.490865,55.059432],[61.54208,55.086458],[61.539927,55.089153],[61.551212,55.096867],[61.535714,55.103731],[61.529738,55.101875],[61.517617,55.10524],[61.517447,55.10904],[61.523665,55.112075],[61.537655,55.111949],[61.543123,55.118323],[61.557446,55.165845],[61.565146,55.167027],[61.59206,55.181481],[61.591414,55.182872],[61.618174,55.187064],[61.615228,55.190669],[61.618122,55.193046],[61.661822,55.189751],[61.662163,55.197608],[61.694252,55.198144],[61.70642,55.218517],[61.702708,55.226141],[61.708069,55.227875],[61.70496,55.233445],[61.710252,55.238485],[61.71675,55.239638],[61.727844,55.235114],[61.728266,55.230978],[61.740648,55.234264],[61.741934,55.244763],[61.747247,55.246469],[61.75536,55.24521],[61.757034,55.242204],[61.753183,55.233576],[61.756074,55.229874],[61.748551,55.208181],[61.752915,55.203072],[61.723965,55.196238],[61.719804,55.190241],[61.718922,55.179794],[61.698185,55.173413],[61.696374,55.170592],[61.708837,55.157812],[61.69871,55.142064],[61.711186,55.142295],[61.704695,55.117682],[61.730558,55.115353],[61.746197,55.105288],[61.736702,55.088811],[61.700575,55.080036],[61.636553,55.072775],[61.619454,55.046635],[61.6281,55.040857],[61.601575,55.034202],[61.622005,55.008245],[61.626175,54.970881],[61.599819,54.966064],[61.586104,54.957288],[61.572049,54.957319],[61.570115,54.941491],[61.54954,54.932824],[61.5654,54.922969],[61.573856,54.922013],[61.570157,54.915237],[61.534715,54.912317]]]}},{"type":"Feature","id":"77687-2207","properties":{"id":"77687-2207","name":"Коркинский муниципальный округ","name_ru":"Коркинский муниципальный округ","subject_id":"77687","subject_name":"Челябинская область","source_gid":2207,"source_fid":2317,"names_rosstat":"Коркинский муниципальный округ","population":54875,"area_km2":128.25527559595125,"density_km2":427.8576436331192,"source":"Актуализированный объединённый GeoJSON, предоставленный преподавателем","name_en":"Korkinskii Municipal Okrug","name_zh":"Korkinskii市政专区","subject_name_en":"Chelyabinsk Oblast","subject_name_zh":"车里雅宾斯克州"},"geometry":{"type":"Polygon","coordinates":[[[61.13489,54.864463],[61.143851,54.859647],[61.146954,54.839474],[61.193745,54.833128],[61.226487,54.834993],[61.240207,54.83248],[61.243569,54.825747],[61.258431,54.838887],[61.270253,54.855868],[61.277297,54.845188],[61.28828,54.847885],[61.303319,54.864337],[61.326267,54.860752],[61.328288,54.865311],[61.357722,54.885821],[61.374966,54.880428],[61.369929,54.875693],[61.373095,54.875037],[61.371691,54.873531],[61.395976,54.873384],[61.402073,54.866346],[61.409723,54.862969],[61.423791,54.879229],[61.435397,54.885396],[61.445128,54.895065],[61.451189,54.896546],[61.454945,54.894121],[61.455996,54.889555],[61.447005,54.881162],[61.461918,54.874965],[61.464,54.878804],[61.455395,54.881705],[61.460636,54.894744],[61.466617,54.895195],[61.469124,54.891858],[61.473527,54.899649],[61.478119,54.898958],[61.47681,54.897194],[61.479203,54.896267],[61.498261,54.901451],[61.49824,54.905658],[61.482496,54.908445],[61.470188,54.907331],[61.473443,54.914767],[61.486086,54.929813],[61.493912,54.927888],[61.495178,54.9311],[61.498117,54.931383],[61.497881,54.933947],[61.502125,54.934567],[61.506056,54.944949],[61.495907,54.948993],[61.486759,54.94804],[61.470176,54.939954],[61.466343,54.935636],[61.424505,54.93343],[61.415945,54.929398],[61.403401,54.928846],[61.396531,54.93999],[61.388804,54.943022],[61.376469,54.943202],[61.378007,54.94966],[61.372217,54.955961],[61.362719,54.950192],[61.348772,54.956526],[61.321868,54.954912],[61.311526,54.94584],[61.30966,54.940672],[61.311212,54.933283],[61.315096,54.932995],[61.301522,54.910592],[61.321006,54.906718],[61.322679,54.902252],[61.332906,54.898389],[61.329374,54.896058],[61.329975,54.887864],[61.323688,54.869088],[61.320448,54.869483],[61.319354,54.865223],[61.297746,54.871051],[61.292896,54.876952],[61.294398,54.882335],[61.291437,54.884803],[61.275086,54.879026],[61.269293,54.881866],[61.2644,54.880508],[61.263714,54.877594],[61.257105,54.877644],[61.212473,54.887667],[61.139946,54.886432],[61.143079,54.864235],[61.13489,54.864463]]]}},{"type":"Feature","id":"77687-2208","properties":{"id":"77687-2208","name":"Октябрьский район","name_ru":"Октябрьский район","subject_id":"77687","subject_name":"Челябинская область","source_gid":2208,"source_fid":2318,"names_rosstat":"Октябрьский муниципальный район","population":17899,"area_km2":4355.918334188467,"density_km2":4.109122032779039,"source":"Актуализированный объединённый GeoJSON, предоставленный преподавателем","name_en":"Oktiabr'skii District","name_zh":"Oktiabr'skii区","subject_name_en":"Chelyabinsk Oblast","subject_name_zh":"车里雅宾斯克州"},"geometry":{"type":"Polygon","coordinates":[[[62.122584,54.536355],[62.143921,54.458656],[62.131932,54.444257],[62.150948,54.421543],[62.194969,54.43288],[62.206305,54.43143],[62.247128,54.3968],[62.254291,54.379712],[62.254859,54.322764],[62.262864,54.303591],[62.280369,54.304383],[62.286731,54.309461],[62.292141,54.293391],[62.303211,54.293245],[62.297097,54.284151],[62.276547,54.277444],[62.276579,54.267252],[62.294815,54.265855],[62.303867,54.258328],[62.306647,54.250393],[62.324176,54.24534],[62.335845,54.24477],[62.338922,54.180072],[62.338133,54.114866],[62.293184,54.099718],[62.295245,54.033193],[62.339218,54.032274],[62.349208,54.034476],[62.345225,54.037656],[62.351666,54.039974],[62.352866,54.037227],[62.362386,54.039561],[62.364817,54.03809],[62.368026,54.039047],[62.368434,54.041697],[62.371716,54.040169],[62.389397,54.047796],[62.39636,54.048555],[62.418794,54.046982],[62.494006,54.032625],[62.45938,54.013642],[62.396416,54.003787],[62.44671,53.926938],[62.466414,53.927117],[62.475493,53.931028],[62.510024,53.912858],[62.519074,53.914957],[62.525233,53.919748],[62.526185,53.923704],[62.539845,53.930542],[62.552059,53.93265],[62.560074,53.938156],[62.562452,53.941241],[62.562621,53.948682],[62.567007,53.950249],[62.570482,53.956188],[62.577949,53.95745],[62.578373,53.96345],[62.584195,53.963668],[62.578377,53.970188],[62.58457,53.971884],[62.587392,53.986753],[62.598279,53.988786],[62.594407,53.98974],[62.597276,53.994936],[62.580764,54.014628],[62.57717,54.038217],[62.568753,54.04654],[62.575218,54.059123],[62.579037,54.05804],[62.591954,54.062278],[62.587202,54.063827],[62.593532,54.065515],[62.592512,54.070438],[62.596725,54.071818],[62.594765,54.073901],[62.615343,54.072125],[62.624806,54.076582],[62.624415,54.078169],[62.631072,54.076802],[62.638625,54.080768],[62.637123,54.081762],[62.63929,54.083411],[62.643217,54.080982],[62.645349,54.082934],[62.645556,54.080831],[62.658945,54.085859],[62.658945,54.087842],[62.663183,54.088981],[62.66196,54.092309],[62.675822,54.090692],[62.695407,54.095789],[62.708502,54.096078],[62.717836,54.091718],[62.721924,54.094354],[62.729106,54.092968],[62.725185,54.092655],[62.725657,54.090472],[62.738982,54.093983],[62.738972,54.091674],[62.741815,54.091208],[62.752147,54.094845],[62.759861,54.094877],[62.764635,54.092385],[62.771749,54.09578],[62.77854,54.094449],[62.780825,54.097274],[62.783743,54.095726],[62.788399,54.098545],[62.78973,54.096739],[62.794354,54.09867],[62.793773,54.100729],[62.798742,54.100489],[62.797658,54.103772],[62.802551,54.103477],[62.803967,54.107364],[62.807947,54.108264],[62.806231,54.111723],[62.814428,54.111151],[62.823397,54.115276],[62.83493,54.112981],[62.843041,54.116043],[62.854822,54.114704],[62.858834,54.117571],[62.872438,54.113478],[62.87629,54.118559],[62.88645,54.118427],[62.899969,54.112477],[62.90154,54.116097],[62.898019,54.116027],[62.900462,54.117235],[62.905397,54.117914],[62.905397,54.115418],[62.908074,54.117826],[62.912768,54.116364],[62.915547,54.119225],[62.92315,54.118841],[62.920332,54.11483],[62.92671,54.115958],[62.924784,54.113956],[62.92928,54.113081],[62.932176,54.116965],[62.937074,54.116396],[62.942659,54.112789],[62.95262,54.113166],[62.953919,54.111455],[62.951371,54.11054],[62.961928,54.107421],[62.977302,54.11144],[62.988492,54.105326],[63.000337,54.105779],[63.003963,54.10888],[63.012578,54.105414],[63.009328,54.107326],[63.012103,54.108728],[63.049915,54.100759],[63.068915,54.102867],[63.07402,54.105502],[63.081812,54.104188],[63.092626,54.107767],[63.089096,54.110006],[63.093839,54.112176],[63.099997,54.111559],[63.10239,54.113685],[63.101038,54.115704],[63.107722,54.117043],[63.110447,54.115427],[63.116852,54.119263],[63.122731,54.117609],[63.122345,54.121753],[63.127087,54.118351],[63.127356,54.121464],[63.133138,54.121187],[63.134211,54.123627],[63.150229,54.122143],[63.158834,54.129801],[63.159006,54.13224],[63.155572,54.134522],[63.158619,54.136854],[63.155122,54.136445],[63.157037,54.138513],[63.154371,54.141118],[63.15716,54.140766],[63.156205,54.142969],[63.159725,54.146388],[63.163383,54.145608],[63.16481,54.147563],[63.162546,54.150566],[63.167396,54.150686],[63.16952,54.15308],[63.165067,54.153764],[63.164359,54.15815],[63.159853,54.158074],[63.160969,54.160147],[63.158137,54.162685],[63.15053,54.163163],[63.153727,54.173174],[63.157353,54.176917],[63.151281,54.182436],[63.159918,54.190773],[63.171741,54.193799],[63.180259,54.19051],[63.182684,54.191834],[63.186632,54.186209],[63.199239,54.18614],[63.20073,54.189091],[63.20088,54.18614],[63.206309,54.186034],[63.223845,54.18938],[63.225852,54.191247],[63.220251,54.192556],[63.224993,54.197759],[63.226168,54.194762],[63.231897,54.198362],[63.23429,54.195895],[63.232235,54.194323],[63.23907,54.194979],[63.238506,54.197135],[63.245137,54.194791],[63.246381,54.196862],[63.250705,54.193749],[63.249879,54.191721],[63.260238,54.192936],[63.26314,54.190685],[63.264116,54.194],[63.271304,54.192688],[63.279367,54.197769],[63.278021,54.19636],[63.280628,54.194803],[63.298325,54.197078],[63.303319,54.194919],[63.306334,54.196799],[63.314145,54.195519],[63.312871,54.197161],[63.314713,54.198748],[63.31827,54.1977],[63.32755,54.202196],[63.33756,54.200766],[63.33954,54.196557],[63.342742,54.197791],[63.341176,54.194916],[63.35148,54.194074],[63.34745,54.214994],[63.338985,54.231347],[63.352015,54.241017],[63.344,54.251514],[63.309289,54.261899],[63.282029,54.244864],[63.274897,54.237351],[63.251585,54.285381],[63.263381,54.293759],[63.215469,54.294294],[63.213937,54.31519],[63.171626,54.308113],[63.155219,54.320983],[63.127624,54.314759],[63.117456,54.328276],[63.103474,54.325522],[63.097533,54.333485],[63.110016,54.336136],[63.116481,54.33235],[63.137112,54.33469],[63.141981,54.332616],[63.165626,54.335988],[63.153761,54.355093],[63.142525,54.355651],[63.125166,54.380913],[63.127118,54.388022],[63.13954,54.403264],[63.148314,54.396429],[63.162911,54.394898],[63.181211,54.394922],[63.182553,54.402341],[63.181712,54.431861],[63.144085,54.438556],[63.132462,54.456453],[63.12989,54.468126],[63.137444,54.47399],[63.142069,54.483951],[63.153453,54.493809],[63.168383,54.490695],[63.167029,54.472849],[63.195799,54.465319],[63.203886,54.466976],[63.20647,54.470244],[63.218199,54.471431],[63.207921,54.483939],[63.222089,54.488784],[63.234235,54.487245],[63.244031,54.52262],[63.264675,54.524471],[63.280173,54.529435],[63.294737,54.543791],[63.272589,54.547238],[63.280475,54.560667],[63.2851,54.581361],[63.243144,54.581245],[63.226293,54.609063],[63.237101,54.646927],[63.199821,54.699085],[63.110931,54.697375],[63.061435,54.700513],[63.014372,54.692893],[62.981631,54.699843],[62.978433,54.70545],[62.923271,54.6987],[62.900567,54.692772],[62.86964,54.675336],[62.827097,54.661022],[62.749789,54.646767],[62.698633,54.62956],[62.671724,54.624012],[62.664858,54.639593],[62.669277,54.643661],[62.662701,54.653696],[62.659602,54.663626],[62.638604,54.669746],[62.631824,54.670165],[62.624385,54.650406],[62.621821,54.635613],[62.600672,54.634595],[62.550252,54.652031],[62.549045,54.677385],[62.524142,54.678356],[62.519936,54.688386],[62.537999,54.70167],[62.578253,54.714924],[62.562476,54.72837],[62.550583,54.729143],[62.513742,54.718592],[62.503757,54.721957],[62.441153,54.715725],[62.430991,54.721163],[62.405792,54.722977],[62.392616,54.714188],[62.399381,54.707819],[62.395527,54.685839],[62.341561,54.674168],[62.319144,54.670853],[62.276023,54.669316],[62.239155,54.672924],[62.237823,54.69127],[62.202633,54.68929],[62.197457,54.682305],[62.188443,54.676673],[62.156473,54.680309],[62.149529,54.637159],[62.195225,54.627904],[62.222045,54.608179],[62.138663,54.571153],[62.142167,54.563976],[62.122584,54.536355]]]}}],"metadata":{"source_en":"Updated consolidated GeoJSON supplied by the instructor","source_zh":"教师提供的更新版合并GeoJSON","license_en":"Source-dataset terms were not specified; use within the author-created educational platform","license_zh":"原始数据集未注明许可条款；仅用于本作者教育平台"}}