{"type":"FeatureCollection","features":[{"type":"Feature","properties":{"roadClass":"primary"},"geometry":{"type":"MultiLineString","coordinates":[[[89.82582,55.29135],[89.82711,55.28866],[89.83212,55.27652],[89.81559,55.27237],[89.80524,55.26707],[89.79029,55.26761],[89.79906,55.24674],[89.79845,55.24325],[89.79332,55.23625],[89.79243,55.17532],[89.79937,55.14548],[89.8033,55.14197],[89.81385,55.13798],[89.81922,55.12829],[89.81904,55.12695],[89.81429,55.1231],[89.81075,55.11524],[89.81054,55.11208],[89.81323,55.10085],[89.81035,55.08694],[89.8054,55.08184],[89.80485,55.07946],[89.80877,55.07575],[89.82275,55.06982]],[[89.82354,55.31692],[89.82411,55.31667]],[[89.82449,55.31752],[89.82367,55.31756]],[[89.82378,55.31735],[89.82449,55.31752]],[[89.82378,55.31735],[89.82328,55.31828],[89.82237,55.31815],[89.82289,55.31691],[89.82378,55.31735]],[[89.82411,55.31667],[89.82389,55.31708]],[[89.82411,55.31667],[89.82602,55.3126],[89.81711,55.31104],[89.82582,55.29135]],[[89.83115,55.31755],[89.83042,55.31827],[89.82449,55.31752]],[[89.84529,55.30902],[89.84881,55.30059],[89.85236,55.2975],[89.82582,55.29135]],[[89.82738,55.28771],[89.82756,55.28718]],[[89.83119,55.31732],[89.83182,55.31759],[89.83105,55.31786]],[[89.86899,55.32131],[89.86094,55.32296],[89.84956,55.32187],[89.84038,55.31887],[89.83182,55.31759],[89.83115,55.31755]],[[89.84529,55.30902],[89.83374,55.31364],[89.83226,55.31523],[89.8312,55.31726],[89.83119,55.31732],[89.83115,55.31755]],[[89.86899,55.32131],[89.84529,55.30902]],[[89.85186,55.32202],[89.85227,55.32205]],[[89.86899,55.32131],[89.87129,55.32084],[89.87773,55.36484],[89.87979,55.37304],[89.89608,55.40466],[89.97302,55.47877],[89.99168,55.50531],[90.00712,55.52235],[90.02162,55.55779],[90.04699,55.57357],[90.05336,55.579],[90.07816,55.60945],[90.08227,55.61645],[90.08487,55.62457],[90.08776,55.65674],[90.08587,55.66395],[90.0695,55.69468],[90.06805,55.70147],[90.07712,55.73527],[90.0765,55.74212],[90.07124,55.76174],[90.07127,55.76669],[90.08001,55.78679],[90.08044,55.80303],[90.07384,55.81078],[90.07977,55.82471],[90.09196,55.83902],[90.11199,55.88517],[90.12901,55.9279],[90.1454,55.95232],[90.14958,55.95695],[90.15744,55.96187],[90.21555,55.98545],[90.25767,56.00744],[90.26527,56.01038],[90.31546,56.0221],[90.3206,56.02211],[90.34449,56.02679],[90.36218,56.02598],[90.3677,56.024]],[[90.36847,56.02354],[90.37722,56.0211]],[[90.37769,56.02101],[90.38096,56.02325],[90.39184,56.02424],[90.40034,56.02998],[90.40264,56.03373],[90.41919,56.0315],[90.42299,56.03271],[90.42207,56.0364],[90.42359,56.04001],[90.42236,56.04317],[90.41344,56.04713],[90.41388,56.05063],[90.41274,56.05359],[90.4139,56.05734],[90.413,56.05917],[90.40898,56.06083],[90.39052,56.06268],[90.38618,56.0673],[90.38172,56.07646],[90.38708,56.08494],[90.39072,56.08822],[90.40789,56.09762],[90.41945,56.10711],[90.43374,56.11326],[90.44015,56.11814],[90.44386,56.12445],[90.44476,56.12842],[90.43339,56.14948],[90.43334,56.15326],[90.45166,56.18278],[90.45175,56.18871],[90.45311,56.19136],[90.46457,56.20352],[90.4747,56.20819],[90.4909,56.22131],[90.48999,56.22425],[90.48453,56.22705],[90.4819,56.22968],[90.4802,56.24126]],[[90.47935,56.25374],[90.46368,56.25282],[90.45949,56.25157],[90.45749,56.25052],[90.45602,56.2466],[90.45259,56.2441]],[[90.47772,56.24062],[90.47737,56.24045]],[[90.47772,56.24062],[90.47917,56.24151]],[[90.47772,56.24062],[90.47776,56.24049]],[[90.47917,56.24151],[90.47953,56.24154],[90.47985,56.24148],[90.4802,56.24126]],[[90.48014,56.24205],[90.47917,56.24151]],[[90.47935,56.25374],[90.47978,56.25383],[90.50628,56.27087],[90.50047,56.26733]],[[90.50047,56.26733],[90.50016,56.26714],[90.4993,56.26661],[90.49853,56.26612],[90.49678,56.26499],[90.48625,56.2582],[90.48317,56.25625],[90.47935,56.25374]],[[90.48014,56.24205],[90.47935,56.25374]],[[90.48015,56.24178],[90.48014,56.24205]],[[90.4802,56.24126],[90.48015,56.24178]],[[90.48116,56.24142],[90.48015,56.24178]],[[90.4802,56.24126],[90.48116,56.24142]],[[90.48187,56.24091],[90.48116,56.24142]],[[90.50034,56.26706],[90.50016,56.26714]],[[90.50064,56.26725],[90.50047,56.26733]],[[90.85087,54.97793],[90.85105,54.97759]],[[90.95709,55.02828],[90.95806,55.02917]],[[91.55481,53.64643],[91.54315,53.65153]],[[91.56662,53.64874],[91.56566,53.64936],[91.55481,53.64643]],[[91.55481,53.64643],[91.56632,53.64118],[91.56754,53.64207],[91.5669,53.64652]],[[91.63338,53.67526],[91.65203,53.68418]],[[91.65203,53.68418],[91.66771,53.69149]],[[91.66749,53.69165],[91.65203,53.68418]],[[91.66778,53.69181],[91.66749,53.69165]],[[91.66749,53.69165],[91.66771,53.69149]],[[91.66771,53.69149],[91.66801,53.69165]],[[91.66771,53.69149],[91.67165,53.68871]],[[91.67705,53.69635],[91.67678,53.69626],[91.66778,53.69181]],[[91.66801,53.69165],[91.66778,53.69181]],[[91.66801,53.69165],[91.67379,53.69446],[91.67445,53.69481],[91.67464,53.6949],[91.67547,53.69532],[91.67552,53.69535],[91.6759,53.69557],[91.67705,53.69635]],[[91.6719,53.68884],[91.66801,53.69165]],[[91.6719,53.68884],[91.67165,53.68871]],[[91.67165,53.68871],[91.67324,53.68764],[91.67467,53.68725],[91.67753,53.68667]],[[91.67753,53.68667],[91.6719,53.68884]],[[91.67439,53.69508],[91.67464,53.6949]],[[91.67552,53.69535],[91.67524,53.69549]],[[91.67561,53.68707],[91.67572,53.68725]],[[91.67705,53.69635],[91.68523,53.70942],[91.68844,53.71128],[91.70218,53.71827],[91.725,53.72188]],[[91.70899,53.67997],[91.67753,53.68667]],[[91.71765,53.67942],[91.71644,53.67918]],[[91.72745,53.7217],[91.73413,53.719],[91.73567,53.71514],[91.73147,53.70262],[91.72448,53.69042],[91.72056,53.68325],[91.71946,53.68146],[91.71806,53.67983],[91.71765,53.67942],[91.71724,53.67905]],[[91.74032,53.67479],[91.72387,53.68929]],[[91.72566,53.72213],[91.725,53.72188]],[[91.725,53.72188],[91.72591,53.7218]],[[91.72652,53.72177],[91.72745,53.7217]],[[91.7277,53.72229],[91.72656,53.72236]],[[91.72745,53.7217],[91.7277,53.72229]],[[92.68781,53.90775],[92.68722,53.90337],[92.6835,53.89676],[92.64139,53.89024],[92.63,53.88559],[92.62634,53.88219],[92.62391,53.87775],[92.62005,53.87495],[92.61844,53.87333],[92.60783,53.86953],[92.60701,53.86756],[92.60789,53.86602],[92.61886,53.85584],[92.62085,53.84679],[92.62014,53.84518],[92.54911,53.82463],[92.53325,53.81881],[92.51344,53.81828],[92.48442,53.8194],[92.45471,53.81619],[92.44498,53.81789],[92.42665,53.82451],[92.38472,53.82956],[92.30817,53.82138],[92.28657,53.81703],[92.27279,53.81304],[92.17359,53.77495],[92.13159,53.77186],[92.12212,53.77021],[92.12041,53.77329],[92.11862,53.77362],[92.09557,53.77032],[92.08082,53.76968],[92.03717,53.76021],[92.01227,53.75651],[91.99601,53.75875],[91.96661,53.76061],[91.94052,53.75521],[91.93434,53.75189],[91.90432,53.74206],[91.86056,53.73212],[91.85061,53.72853],[91.82318,53.72552],[91.80288,53.72138],[91.76277,53.72626],[91.7277,53.72229]],[[91.92891,55.94999],[91.92929,55.9504]],[[91.93795,56.22277],[91.93591,56.2215],[91.92859,56.20502],[91.92857,56.19622],[91.92741,56.19345],[91.90734,56.17342],[91.89939,56.16784],[91.89933,56.16547],[91.90242,56.16108],[91.90292,56.15792],[91.89106,56.1294],[91.89318,56.12581],[91.92031,56.11019],[91.93693,56.09344],[91.93819,56.08523],[91.94799,56.07707],[91.94575,56.06622],[91.9463,56.06352],[91.95467,56.04962],[91.96357,56.04498],[91.96656,56.0412],[91.95797,56.01995],[91.95524,56.01561],[91.95075,56.01338],[91.94008,56.01118],[91.93236,56.00761],[91.92265,56.00084],[91.91847,55.99578],[91.91915,55.9925],[91.92631,55.98539],[91.92727,55.98287],[91.92391,55.97702],[91.92381,55.97119],[91.91626,55.96618],[91.91435,55.96366],[91.91512,55.95715],[91.91399,55.95298],[91.91769,55.95082],[91.92891,55.94999]],[[91.92891,55.94999],[91.93073,55.94965]],[[92.10417,58.50831],[92.10229,58.50803],[92.11641,58.47188],[92.12744,58.4649],[92.128,58.46311],[92.13262,58.46085],[92.13456,58.45797],[92.13843,58.4562],[92.1793,58.45239],[92.18045,58.45457],[92.19784,58.45238],[92.22317,58.45138],[92.25675,58.44612],[92.26507,58.44288],[92.2696,58.43493],[92.26927,58.42099],[92.26691,58.41554],[92.26702,58.41063],[92.25666,58.39768],[92.25745,58.39431],[92.27242,58.39166],[92.30089,58.38119],[92.32823,58.37454],[92.33625,58.36931],[92.38541,58.36869],[92.40494,58.36395],[92.41098,58.36032],[92.41725,58.35272],[92.42648,58.3474],[92.42913,58.34236],[92.43167,58.33229],[92.41969,58.32065],[92.41272,58.31148],[92.39846,58.31038],[92.39489,58.30869],[92.39324,58.30462],[92.39363,58.28939],[92.40032,58.28456],[92.41465,58.28053],[92.42516,58.2705],[92.43522,58.26386],[92.43767,58.25488],[92.46598,58.24732],[92.46441,58.24237]],[[92.11292,58.52056],[92.1154,58.52094],[92.13054,58.50776],[92.14223,58.50515],[92.15115,58.49833],[92.15798,58.49558],[92.18107,58.49109],[92.19852,58.49198],[92.25592,58.48304],[92.26396,58.50213],[92.27474,58.50713],[92.2893,58.5175],[92.3042,58.52534],[92.3135,58.53344],[92.3836,58.55761],[92.4169,58.57418],[92.42548,58.58299],[92.42875,58.58501],[92.43971,58.60114],[92.43826,58.61557],[92.46597,58.63425],[92.52644,58.64662],[92.57013,58.64271],[92.58554,58.63929],[92.63505,58.64959],[92.67759,58.65237],[92.68647,58.65545],[92.72999,58.65557],[92.73411,58.65726],[92.77012,58.6622],[92.82162,58.66726],[92.8329,58.66516],[92.84578,58.66838],[92.87749,58.69548],[92.88684,58.70036],[92.89197,58.7007],[92.91912,58.69729],[92.92105,58.69829],[92.92302,58.70186],[92.93311,58.70578],[92.93869,58.70636],[92.94719,58.71147],[92.96469,58.71661],[92.96778,58.71599],[92.97396,58.71213],[92.96894,58.70788],[92.97109,58.70349],[92.97487,58.70192],[92.98019,58.70215],[92.99259,58.70948],[92.99482,58.7132],[93.00951,58.72363],[93.02011,58.72496],[93.02847,58.72782],[93.02982,58.72985],[93.02784,58.73236],[93.02817,58.73384],[93.03668,58.73826],[93.03964,58.74126],[93.0416,58.75972],[93.04379,58.76358],[93.04775,58.76722],[93.05635,58.77161],[93.06977,58.77512],[93.07178,58.77659],[93.07401,58.78128],[93.07776,58.78183],[93.0843,58.77967],[93.08747,58.77983],[93.08895,58.78098],[93.08955,58.78466],[93.09176,58.78634],[93.09846,58.78911],[93.10584,58.79019],[93.10753,58.79168],[93.10719,58.79483],[93.10839,58.79638],[93.11335,58.79923],[93.12388,58.8026],[93.13477,58.80922],[93.1415,58.81515],[93.14259,58.8175],[93.14236,58.82488],[93.14885,58.83095],[93.15703,58.83296],[93.17635,58.83107],[93.18466,58.83245],[93.19612,58.83647],[93.20194,58.8346],[93.21811,58.84576],[93.22101,58.84663],[93.22672,58.8468],[93.23886,58.84352],[93.24248,58.84404],[93.26241,58.85471],[93.26233,58.85776],[93.25834,58.86523],[93.26616,58.87762],[93.28295,58.88251],[93.29199,58.88702],[93.30265,58.89049],[93.30413,58.89195],[93.30376,58.89756],[93.3109,58.90264],[93.33233,58.90847],[93.3616,58.92852],[93.37254,58.93257],[93.3904,58.93554],[93.44135,58.93804],[93.44383,58.93978],[93.45353,58.95398],[93.47237,58.96302],[93.47427,58.96512],[93.47219,58.97874],[93.44746,58.99458],[93.45399,59.00872],[93.45156,59.01232],[93.45175,59.01435],[93.45549,59.02073],[93.46162,59.02661],[93.45338,59.03382],[93.4624,59.04244],[93.46332,59.04642],[93.45725,59.05088],[93.44281,59.05752],[93.44228,59.05927],[93.44424,59.07103],[93.43933,59.07545],[93.47617,59.08849],[93.49136,59.08964],[93.49498,59.093],[93.50234,59.09614],[93.49187,59.1005],[93.48038,59.1033],[93.47701,59.10843],[93.47673,59.11065],[93.46562,59.11231],[93.45883,59.11769],[93.45973,59.13094],[93.45759,59.13524],[93.4551,59.14558],[93.45215,59.14986],[93.45596,59.16026],[93.44954,59.16905],[93.44635,59.17566],[93.44274,59.17913],[93.43896,59.18687],[93.43902,59.18979],[93.44201,59.19477],[93.44094,59.20013],[93.43567,59.20359],[93.43344,59.21047],[93.41913,59.22417],[93.42111,59.23259],[93.41614,59.23805],[93.41454,59.24297],[93.39959,59.2577],[93.39572,59.263],[93.39519,59.26995],[93.39737,59.27358],[93.4032,59.27662],[93.40532,59.27903],[93.40522,59.28653],[93.40204,59.29015],[93.40257,59.29193],[93.40082,59.29703],[93.39397,59.30314],[93.38789,59.3121],[93.37887,59.31687],[93.37636,59.3261],[93.3691,59.33971],[93.36641,59.35464],[93.37124,59.36369],[93.36823,59.37597],[93.37502,59.38366],[93.37482,59.38833],[93.37304,59.39081],[93.35835,59.40081],[93.35072,59.40801],[93.34472,59.41113],[93.34377,59.41434],[93.34776,59.42489],[93.34867,59.43859],[93.35032,59.44289],[93.35006,59.44888],[93.36539,59.45818],[93.38346,59.4751],[93.40408,59.49705],[93.42781,59.51623],[93.435,59.52394],[93.43513,59.53377],[93.43728,59.53824],[93.43857,59.53987],[93.4456,59.54302],[93.45063,59.54964],[93.4505,59.55431],[93.43595,59.5724],[93.4341,59.57612],[93.432,59.58648],[93.43282,59.59328],[93.43655,59.60099],[93.45818,59.62676],[93.4617,59.62943],[93.47432,59.63388],[93.48247,59.63869],[93.48642,59.64639],[93.48534,59.65105],[93.48294,59.65697],[93.47092,59.66757],[93.47547,59.67271],[93.47492,59.67464],[93.46187,59.6801],[93.45938,59.68655],[93.45659,59.68902],[93.43346,59.69197],[93.42677,59.69738],[93.42273,59.70431],[93.41591,59.70881],[93.41539,59.71502],[93.41668,59.71957],[93.41522,59.73052],[93.40612,59.76651],[93.39968,59.77368],[93.39651,59.7817],[93.38599,59.79122],[93.38427,59.79601],[93.37724,59.80577],[93.35037,59.82653],[93.34255,59.83128],[93.34076,59.8361],[93.34209,59.84031],[93.3413,59.84429],[93.33712,59.84815],[93.33685,59.84975],[93.34007,59.85606],[93.33243,59.87464],[93.3333,59.88329],[93.33496,59.88668],[93.33368,59.89048],[93.31143,59.90564],[93.31036,59.90897],[93.31249,59.91318],[93.30407,59.92001],[93.2805,59.92997],[93.25424,59.95926],[93.22858,59.96891],[93.21832,59.97584],[93.21334,59.98037],[93.21094,59.9848],[93.21128,59.99177],[93.21506,59.99652],[93.21407,59.99907],[93.2112,60.00177],[93.19506,60.00748],[93.1824,60.02106],[93.16286,60.02947],[93.15917,60.03511],[93.15556,60.03807],[93.15123,60.03923],[93.13818,60.03899],[93.12887,60.04171],[93.12153,60.04737],[93.10819,60.05262],[93.10028,60.05222],[93.08835,60.05605],[93.08847,60.05913],[93.08454,60.06243],[93.08398,60.06631],[93.08102,60.07164],[93.07548,60.07689],[93.07591,60.08121],[93.07248,60.08527],[93.07214,60.09085],[93.06351,60.10046],[93.05903,60.11436],[93.06231,60.11907],[93.06686,60.123],[93.06754,60.1252],[93.06242,60.13051],[93.06121,60.13542],[93.0575,60.14038],[93.05808,60.1462],[93.054,60.15037],[93.05194,60.15986],[93.04484,60.17002],[93.03463,60.17761],[93.02536,60.18075],[93.01641,60.17978],[93.00626,60.18106],[93.00107,60.18453],[93.00182,60.18913],[93.00027,60.19297],[93.00716,60.19967],[93.00896,60.20357],[93.00789,60.20995],[93.01004,60.21696],[93.00828,60.22322],[93.01141,60.2298],[93.01124,60.23151],[92.9784,60.25219],[92.97512,60.25612],[92.96302,60.26172],[92.94096,60.27581],[92.91581,60.2866],[92.90762,60.29366],[92.90663,60.30138],[92.90834,60.30886],[92.91278,60.30952],[92.92478,60.30861],[92.94941,60.31579],[92.96113,60.32089],[92.973,60.32923],[92.99712,60.33115],[93.00645,60.33409],[93.0231,60.33344],[93.03824,60.33572],[93.03705,60.34315],[93.04636,60.35425],[93.04694,60.35914],[93.05254,60.36706],[93.0487,60.37015],[93.03628,60.37086],[93.02951,60.37411]],[[92.46441,58.24237],[92.46424,58.2417]],[[92.46497,58.24168],[92.46441,58.24237]],[[92.46459,58.2411],[92.46513,58.24157],[92.46402,58.24157],[92.46405,58.24126],[92.46459,58.2411]],[[92.46459,58.2411],[92.46547,58.24081]],[[92.46547,58.24081],[92.46519,58.24137]],[[92.46547,58.24081],[92.47283,58.23507],[92.47851,58.227],[92.49127,58.22298],[92.50636,58.20568],[92.50805,58.20027],[92.51402,58.19808],[92.51733,58.19475]],[[92.4834,56.18224],[92.52746,56.17175]],[[92.51673,58.19417],[92.5165,58.19328]],[[92.5165,58.19328],[92.51714,58.19192]],[[92.5165,58.19328],[92.51668,58.19326],[92.51699,58.1933],[92.51731,58.19353]],[[92.51733,58.19475],[92.51673,58.19417]],[[92.51731,58.19353],[92.51673,58.19417]],[[92.51714,58.19192],[92.51731,58.19353]],[[92.51714,58.19192],[92.52391,58.1788],[92.52595,58.177],[92.55083,58.16178],[92.57666,58.15163],[92.59175,58.14398],[92.5949,58.14394],[92.60278,58.14725],[92.62059,58.14997],[92.6329,58.14614],[92.65284,58.14472],[92.67335,58.1348]],[[92.51734,58.19382],[92.51733,58.19475]],[[92.52746,56.17175],[92.57336,56.15817],[92.57561,56.15776],[92.57862,56.15847],[92.58224,56.16133],[92.60308,56.16612],[92.61191,56.16707],[92.61527,56.16771],[92.61688,56.16828],[92.6214,56.17093],[92.62475,56.17189]],[[92.6238,56.17178],[92.62134,56.17102],[92.61442,56.16763],[92.60301,56.16624],[92.57161,56.15993],[92.56523,56.16076],[92.55921,56.16249],[92.54202,56.1676],[92.53062,56.17097],[92.52746,56.17175]],[[92.54193,56.1675],[92.54202,56.1676]],[[92.60695,53.8694],[92.60752,53.86913]],[[92.60774,53.86942],[92.60732,53.86958]],[[92.61672,56.16836],[92.61688,56.16828]],[[92.61873,53.87358],[92.61903,53.87343]],[[92.62307,56.17648],[92.62682,56.17411],[92.6238,56.17178]],[[92.62626,56.17244],[92.6238,56.17178]],[[92.62475,56.17189],[92.63114,56.17355],[92.63498,56.17305]],[[92.62475,56.17189],[92.62626,56.17244]],[[92.63174,56.17531],[92.63012,56.17552],[92.62626,56.17244]],[[92.63174,56.17531],[92.62966,56.17476]],[[92.63504,56.17317],[92.63174,56.17531]],[[92.67335,58.1348],[92.67356,58.13458]],[[92.67388,58.13476],[92.67335,58.1348]],[[92.67488,58.13393],[92.67544,58.13382]],[[92.67544,58.13382],[92.67519,58.13411]],[[92.67544,58.13382],[92.67809,58.13141],[92.68062,58.12441],[92.68343,58.12169],[92.70095,58.1171],[92.70961,58.1132],[92.7168,58.11377],[92.72088,58.11197],[92.74258,58.11358],[92.76432,58.11929],[92.77965,58.12569],[92.80687,58.13264],[92.8319,58.13584],[92.87647,58.12602],[92.90514,58.12277],[92.92356,58.11629],[92.9349,58.10764],[92.94168,58.10398],[92.94606,58.09852],[92.94672,58.09192],[92.956,58.08606],[92.95498,58.08198],[92.95757,58.07905],[92.95863,58.07536],[92.9559,58.0705],[92.94242,58.06061],[92.93957,58.05498],[92.94014,58.05253],[92.93904,58.04859],[92.93998,58.04259],[92.94717,58.03014],[92.95508,58.02266],[92.97039,58.01102],[92.96926,58.00979],[92.97035,58.00598],[92.96972,58.00316],[92.97313,58.00074],[92.97349,57.99694],[92.96816,57.99348],[92.96257,57.98585],[92.95153,57.9785],[92.95203,57.97325],[92.94926,57.96673],[92.95214,57.96292],[92.95941,57.95847],[92.96742,57.94843],[92.9688,57.94511],[92.97686,57.93597],[92.98076,57.92887],[92.98359,57.91785],[92.98543,57.91514],[92.99805,57.904],[93.01194,57.89824],[93.0198,57.89615],[93.03921,57.89456],[93.04231,57.89237],[93.04455,57.88751],[93.05516,57.88211],[93.06414,57.87993],[93.06905,57.87392],[93.07047,57.86863],[93.07468,57.86375],[93.07853,57.86163],[93.07881,57.85818],[93.09159,57.84849],[93.102,57.84538],[93.11508,57.8443],[93.12743,57.83561],[93.13082,57.83093],[93.13402,57.82923],[93.13897,57.82786],[93.15553,57.82782],[93.16523,57.82274],[93.16689,57.81712],[93.16433,57.81305],[93.16493,57.80835],[93.16333,57.80226],[93.16662,57.79729],[93.17151,57.79363],[93.17674,57.78664],[93.18137,57.77708],[93.18467,57.7738],[93.19102,57.76191],[93.19973,57.75892],[93.21109,57.75769],[93.23118,57.74968],[93.23712,57.74459],[93.24786,57.74102],[93.26446,57.73151],[93.26888,57.72724],[93.27399,57.71978],[93.26517,57.70699],[93.26546,57.70446],[93.26775,57.70188],[93.26296,57.69521],[93.26417,57.68876],[93.25872,57.68041],[93.25715,57.67494],[93.24184,57.66224],[93.23806,57.65474],[93.24472,57.64589],[93.25347,57.64228],[93.26505,57.63543],[93.26401,57.63059],[93.2718,57.62343],[93.27535,57.60649],[93.2737,57.60386],[93.26555,57.59715],[93.25828,57.59369],[93.2434,57.58937],[93.22856,57.5781],[93.21343,57.57093],[93.20499,57.56172],[93.20406,57.55742],[93.20648,57.55186],[93.20731,57.54584],[93.20542,57.5415],[93.20545,57.53458],[93.20678,57.53066],[93.20166,57.52261],[93.19371,57.51881],[93.20168,57.51557],[93.2167,57.50682],[93.21711,57.50467],[93.2121,57.50077],[93.21153,57.49827],[93.21914,57.48952],[93.21498,57.48586],[93.19989,57.4787],[93.19599,57.47527],[93.19399,57.46962],[93.18862,57.46074],[93.18202,57.44364],[93.18028,57.43704],[93.18233,57.43303],[93.18289,57.42708],[93.17606,57.41887],[93.17169,57.41148],[93.16606,57.40729],[93.15422,57.40188],[93.13394,57.38559],[93.11961,57.36504],[93.11671,57.35811],[93.1142,57.33615],[93.1208,57.32399],[93.12529,57.31901],[93.12468,57.3087],[93.12592,57.30364],[93.13029,57.29818],[93.13922,57.29345],[93.14338,57.28796],[93.14455,57.28309],[93.14173,57.2743],[93.14429,57.26704],[93.15503,57.25633],[93.16167,57.25312],[93.16353,57.25101],[93.16248,57.24742],[93.15407,57.24057],[93.15418,57.23561],[93.15659,57.22529],[93.15291,57.20667],[93.15309,57.19506],[93.15731,57.18139],[93.16089,57.17424],[93.17132,57.16363],[93.17556,57.15764],[93.17718,57.15241],[93.17723,57.14748],[93.17239,57.1316],[93.16569,57.11784],[93.16464,57.10016],[93.15653,57.08559],[93.15642,57.08042],[93.16012,57.07371],[93.16082,57.06875],[93.15773,57.05775],[93.14918,57.04559],[93.15124,57.03578],[93.15041,57.03008],[93.1454,57.02118],[93.14203,57.01238],[93.11875,56.99212],[93.11221,56.98443],[93.10914,56.97696],[93.10551,56.95347],[93.10334,56.93289],[93.1012,56.88851],[93.10352,56.85881],[93.10332,56.8358],[93.10461,56.82714],[93.11599,56.78217],[93.11616,56.7507],[93.11534,56.74225],[93.11266,56.73216],[93.10057,56.69369],[93.10016,56.68624],[93.10268,56.67851],[93.11237,56.66767],[93.11581,56.66024],[93.11538,56.64327],[93.11327,56.62826],[93.10314,56.61826],[93.09464,56.60472],[93.08728,56.59214],[93.08179,56.57864],[93.07447,56.56901],[93.04921,56.52246],[93.04237,56.51622],[93.01005,56.49598],[92.98462,56.47123],[92.97822,56.46208],[92.96864,56.43724],[92.96818,56.43139],[92.97067,56.40687],[92.96913,56.40171],[92.95986,56.38463],[92.96011,56.36613],[92.95748,56.35132],[92.95676,56.33906],[92.95769,56.32544],[92.96553,56.31395],[92.96801,56.30664],[92.96828,56.29224],[92.96571,56.27491],[92.96575,56.25801],[92.96641,56.25113],[92.97418,56.22483],[92.97532,56.21767],[92.97308,56.17445]],[[92.68781,53.90775],[92.68868,53.90837]],[[92.68833,53.90859],[92.68781,53.90775]],[[92.68961,53.90881],[92.68878,53.90867]],[[92.68886,53.90846],[92.68961,53.90881]],[[92.68886,53.90846],[92.68869,53.9087],[92.68833,53.90859],[92.68853,53.90837],[92.68886,53.90846]],[[92.68961,53.90881],[92.70473,53.91625],[92.71656,53.92861],[92.7199,53.93029],[92.75894,53.92981],[92.78004,53.93138],[92.7826,53.9308],[92.79383,53.92352],[92.79907,53.92241],[92.81734,53.92963],[92.8244,53.93444],[92.8298,53.93639],[92.84911,53.93774],[92.8553,53.93574],[92.85993,53.9324],[92.86873,53.93561],[92.8877,53.95674],[92.89683,53.96172],[92.89825,53.97104],[92.90873,53.98014],[92.91298,53.98253],[92.92043,53.99733],[92.92037,54.00043],[92.92609,54.00591],[92.93211,54.01609],[92.93908,54.02013],[92.94223,54.02435],[92.94285,54.02635],[92.94139,54.03147],[92.94185,54.03327],[92.94888,54.0364],[92.95404,54.0418],[92.94922,54.05705],[92.93603,54.06607],[92.94219,54.07497],[92.93955,54.0776],[92.93934,54.08109],[92.93773,54.08097],[92.93562,54.0834],[92.93557,54.08509],[92.93935,54.0872],[92.94191,54.10581],[92.94727,54.10865],[92.9513,54.11457],[92.95161,54.1201],[92.95693,54.12598],[92.9551,54.13465],[92.96045,54.13755],[92.96435,54.14464],[92.98667,54.15467],[92.99757,54.15728],[93.00357,54.16274],[93.0112,54.16327],[93.02765,54.16699],[93.03649,54.17374],[93.0401,54.17941],[93.04877,54.18413],[93.05994,54.18525],[93.08491,54.18287],[93.09508,54.18432],[93.10379,54.18839],[93.12371,54.19507],[93.12999,54.19568],[93.13981,54.19245],[93.14826,54.193],[93.15096,54.19607],[93.14586,54.20797],[93.15042,54.21226],[93.15097,54.21383],[93.14978,54.21682],[93.15371,54.22052],[93.14963,54.22394],[93.14983,54.22626],[93.15399,54.23107],[93.16704,54.23393],[93.16875,54.23644],[93.16751,54.24276],[93.18866,54.24615],[93.19302,54.24771],[93.19787,54.25596],[93.20305,54.26038],[93.20276,54.26582],[93.20487,54.27032],[93.20755,54.27204],[93.22223,54.27463],[93.23268,54.27463],[93.24568,54.27765],[93.25235,54.28237],[93.25541,54.28275],[93.26147,54.27981],[93.27297,54.28067],[93.27798,54.27418],[93.28847,54.27255],[93.29604,54.26864],[93.30379,54.26742],[93.31046,54.26349],[93.32307,54.26255],[93.32899,54.26395],[93.33504,54.26168],[93.33986,54.26328],[93.34769,54.26059],[93.3504,54.26117],[93.34943,54.26696],[93.35285,54.26954],[93.36903,54.27252],[93.37368,54.27579],[93.38153,54.28722],[93.39482,54.29688],[93.39643,54.29957],[93.39643,54.30431],[93.39963,54.30919],[93.39947,54.31114],[93.38853,54.31652],[93.38275,54.32086],[93.38029,54.32454],[93.37348,54.32468],[93.36332,54.32756],[93.35748,54.32655],[93.35893,54.32938],[93.35906,54.33923],[93.36026,54.34058],[93.36106,54.3457],[93.35385,54.35139],[93.35306,54.35384],[93.35387,54.35715],[93.35078,54.36139],[93.34593,54.36521],[93.34567,54.36712],[93.35005,54.37447],[93.36345,54.37778],[93.36951,54.38432],[93.36839,54.38548],[93.36756,54.39275],[93.37006,54.39656],[93.36602,54.40902],[93.3657,54.4137],[93.36331,54.41689],[93.36427,54.42474],[93.36834,54.42755],[93.38836,54.43388],[93.39012,54.43515],[93.39031,54.43846],[93.39335,54.44179],[93.3933,54.44704],[93.39029,54.45241],[93.39003,54.45653],[93.38824,54.46006],[93.38919,54.46544],[93.38774,54.46811],[93.39509,54.47485],[93.39757,54.48079],[93.40192,54.48577],[93.41044,54.48968],[93.4121,54.49212],[93.41097,54.49487],[93.40291,54.50142],[93.40213,54.50417],[93.40297,54.50574],[93.40561,54.50749],[93.41035,54.5082],[93.4226,54.50711],[93.43046,54.50481],[93.43621,54.505],[93.44103,54.50744],[93.44984,54.51522],[93.45118,54.51798],[93.44948,54.5212],[93.44919,54.52788],[93.44824,54.52932],[93.45008,54.5311],[93.44955,54.5324],[93.44588,54.53411],[93.42935,54.54745],[93.42173,54.55728],[93.41087,54.56295],[93.40521,54.57196],[93.40107,54.58176],[93.40171,54.58629],[93.39962,54.59409],[93.3969,54.5985],[93.39312,54.60127],[93.39462,54.60772],[93.38914,54.61907],[93.38981,54.62646],[93.39722,54.63168],[93.40192,54.64199],[93.40175,54.64702],[93.4058,54.65027],[93.42086,54.65264],[93.42728,54.65149],[93.43652,54.65281],[93.45356,54.6519],[93.45543,54.65315],[93.45892,54.65297],[93.46408,54.65686],[93.47327,54.65945],[93.48627,54.65937],[93.50464,54.66125],[93.51116,54.66973],[93.52029,54.6749],[93.52631,54.68809],[93.52117,54.69369],[93.51897,54.69857],[93.51095,54.70417],[93.50921,54.70836],[93.51025,54.71036],[93.51337,54.71103],[93.51604,54.7131],[93.52216,54.71345],[93.52897,54.71643],[93.54034,54.7264],[93.54382,54.72795],[93.54399,54.72937],[93.5526,54.73678],[93.56977,54.74304],[93.57414,54.74252],[93.58195,54.73933],[93.58981,54.73909],[93.59052,54.74147],[93.5957,54.74552],[93.60809,54.74937],[93.62048,54.75579],[93.62292,54.75895],[93.62208,54.76104],[93.61093,54.77107],[93.61125,54.77414],[93.6175,54.77967],[93.60352,54.79574],[93.60249,54.80496],[93.60002,54.81033],[93.60148,54.81707],[93.59134,54.81972],[93.58478,54.81952],[93.57452,54.81656],[93.56521,54.82225],[93.57048,54.82642],[93.58107,54.8316],[93.58241,54.83389],[93.58296,54.83912],[93.58578,54.84183],[93.59119,54.8432],[93.60128,54.84263],[93.60745,54.8455],[93.61279,54.85883],[93.6092,54.86897],[93.60924,54.87228],[93.61875,54.8852],[93.61742,54.88904],[93.58265,54.92591],[93.58075,54.93234],[93.58234,54.94039],[93.58981,54.94621],[93.60217,54.94901],[93.64325,54.94352],[93.65554,54.94374],[93.66483,54.94539],[93.67493,54.94977],[93.68834,54.96044],[93.70323,54.96361],[93.70854,54.96617],[93.71104,54.96964],[93.71303,54.98447],[93.71604,54.98814],[93.72132,54.9911],[93.73031,54.993],[93.78797,54.99458],[93.80147,54.99601],[93.82231,55.00161],[93.83988,55.01148]],[[92.75999,56.07823],[92.7608,56.06771],[92.74914,56.05374]],[[92.75044,56.05345],[92.74902,56.05364],[92.74988,56.05324]],[[92.74988,56.05324],[92.7557,56.05126],[92.76904,56.04828],[92.77355,56.04617]],[[92.74988,56.05324],[92.75005,56.05323],[92.75028,56.05327],[92.75044,56.05345]],[[92.75044,56.05345],[92.76071,56.06713],[92.76138,56.07009],[92.76082,56.07631],[92.76162,56.07778]],[[92.7625,56.04987],[92.75044,56.05345]],[[92.7637,56.08419],[92.75637,56.08772]],[[92.75669,56.0867],[92.75897,56.08115]],[[92.75889,56.08326],[92.75897,56.08115]],[[92.75897,56.08115],[92.75999,56.07823]],[[92.75999,56.07823],[92.76063,56.07717],[92.76162,56.07778]],[[92.7637,56.08419],[92.76123,56.08468]],[[92.76162,56.07778],[92.76213,56.07824]],[[92.76185,56.05001],[92.76179,56.04991]],[[92.76213,56.07824],[92.76595,56.08019],[92.77065,56.08007]],[[92.76213,56.07824],[92.76556,56.08235],[92.7637,56.08419]],[[92.76242,56.04978],[92.7625,56.04987]],[[92.7751,56.04552],[92.77068,56.04772],[92.77057,56.04777],[92.7702,56.04795],[92.77003,56.04803],[92.76947,56.04824],[92.7625,56.04987]],[[92.76934,56.03959],[92.76897,56.03967]],[[92.77409,56.04469],[92.76897,56.03967]],[[92.76897,56.03967],[92.76908,56.03937]],[[92.76908,56.03937],[92.76936,56.03954]],[[92.76908,56.03937],[92.7756,56.03065]],[[92.76934,56.03959],[92.77427,56.04464]],[[92.76936,56.03954],[92.76934,56.03959]],[[92.77595,56.03036],[92.77446,56.03269],[92.77246,56.03546],[92.7695,56.03945],[92.76936,56.03954]],[[92.77007,56.04787],[92.7702,56.04795]],[[92.7721,56.03565],[92.7723,56.03567]],[[92.77246,56.03546],[92.77229,56.03539]],[[92.77355,56.04617],[92.77409,56.04469]],[[92.77355,56.04617],[92.77496,56.04542]],[[92.77496,56.04542],[92.77409,56.04469]],[[92.77427,56.04464],[92.77677,56.04456]],[[92.77427,56.04464],[92.77496,56.04542]],[[92.77496,56.04542],[92.7751,56.04552]],[[92.77496,56.04542],[92.77677,56.04456]],[[92.77677,56.04456],[92.7751,56.04552]],[[92.77595,56.03036],[92.77517,56.03013]],[[92.7756,56.03065],[92.77517,56.03013]],[[92.77517,56.03013],[92.77524,56.03007]],[[92.77524,56.03007],[92.77646,56.02983]],[[92.77524,56.03007],[92.77606,56.03025]],[[92.7756,56.03065],[92.77595,56.03036]],[[92.77817,56.02819],[92.77702,56.03019],[92.77649,56.03039],[92.77595,56.03036]],[[92.77606,56.03025],[92.77595,56.03036]],[[92.77646,56.02983],[92.77606,56.03025]],[[92.77817,56.02819],[92.77646,56.02983]],[[92.77677,56.04456],[92.79021,56.03712],[92.80364,56.03281],[92.81132,56.03164],[92.81613,56.03343],[92.82636,56.03474]],[[92.79426,56.01864],[92.77817,56.02819]],[[92.79426,56.01864],[92.79789,56.01647]],[[92.79789,56.01647],[92.79778,56.01662],[92.79426,56.01864]],[[92.80094,56.01467],[92.79789,56.01647]],[[92.80094,56.01467],[92.80356,56.0122]],[[92.8022,56.01401],[92.80094,56.01467]],[[92.80624,56.00968],[92.80607,56.01083],[92.80592,56.01119],[92.8058,56.01139],[92.80549,56.01183],[92.80536,56.01196],[92.80512,56.01216],[92.8049,56.01234],[92.80452,56.01261],[92.8022,56.01401]],[[92.80781,56.01235],[92.8022,56.01401]],[[92.80781,56.01235],[92.80671,56.0123],[92.80356,56.0122]],[[92.80356,56.0122],[92.80416,56.01131]],[[92.80416,56.01131],[92.80498,56.01135],[92.806,56.01138],[92.80627,56.0114],[92.80811,56.01154]],[[92.80416,56.01131],[92.80587,56.01042],[92.80632,56.00626],[92.8065,56.00404],[92.80671,56.00185],[92.80684,56.00029],[92.80676,55.99958],[92.80663,55.99918],[92.80519,55.99688],[92.80511,55.9959]],[[92.8048,55.99344],[92.805,55.99396]],[[92.8048,55.99344],[92.8047,55.9943],[92.80512,55.99448],[92.8053,55.99451],[92.80562,55.99456],[92.80603,55.99462],[92.80624,55.99467],[92.80655,55.99498],[92.80532,55.99645]],[[92.80961,55.99237],[92.81324,55.99309],[92.81009,55.99258],[92.80834,55.99277],[92.80814,55.99275],[92.80808,55.99275],[92.80762,55.99267],[92.80685,55.99255],[92.80664,55.99252],[92.80615,55.9925],[92.8048,55.99344]],[[92.805,55.99396],[92.8063,55.99364],[92.80668,55.99311],[92.80698,55.99253],[92.80732,55.9918],[92.80771,55.99136]],[[92.805,55.99396],[92.80545,55.99425],[92.80583,55.99443],[92.80595,55.99447],[92.80611,55.99451],[92.80619,55.99453],[92.80654,55.99459],[92.80719,55.99463]],[[92.80511,55.9959],[92.80427,55.99382],[92.80576,55.99224],[92.80699,55.99194],[92.80713,55.99195],[92.80789,55.99208],[92.80827,55.99214],[92.80921,55.99229],[92.80961,55.99237]],[[92.80511,55.9959],[92.80555,55.99481],[92.80576,55.99453],[92.80616,55.99405],[92.80643,55.99372],[92.80681,55.99322],[92.80701,55.99289],[92.80719,55.99252],[92.80751,55.99187],[92.80771,55.99136]],[[92.80532,55.99645],[92.80706,55.99992],[92.80642,56.00733]],[[92.80796,55.99141],[92.80736,55.99258],[92.8072,55.99288],[92.80692,55.99332],[92.80666,55.99366],[92.8063,55.9941],[92.80594,55.99454],[92.8056,55.99507],[92.80532,55.99645]],[[92.80642,56.00733],[92.80624,56.00968]],[[92.80654,56.00902],[92.80624,56.00968]],[[92.80642,56.00733],[92.80654,56.00902]],[[92.80654,56.00902],[92.80654,56.01111],[92.80811,56.01154]],[[92.80671,56.00185],[92.80427,56.00054],[92.80678,55.99984]],[[92.80771,55.99136],[92.81486,55.9784]],[[92.83316,56.01254],[92.82119,56.01268],[92.80781,56.01235]],[[92.80796,55.99141],[92.80773,55.99219],[92.80754,55.99261],[92.80734,55.99302],[92.80667,55.99406],[92.80693,55.99451],[92.80823,55.99436],[92.80841,55.99398],[92.80825,55.99292],[92.80824,55.9928],[92.80825,55.99269],[92.80827,55.9926],[92.80961,55.99237]],[[92.81548,55.97747],[92.80796,55.99141]],[[92.80811,56.01154],[92.83288,56.01244]],[[92.81486,55.9784],[92.81388,55.9769],[92.80886,55.97616]],[[92.81427,55.97648],[92.81548,55.97654],[92.81592,55.97654],[92.81609,55.97654],[92.81718,55.97644],[92.8176,55.97589],[92.81609,55.97603],[92.81582,55.97645],[92.81548,55.97747]],[[92.81486,55.9784],[92.81535,55.97724],[92.81572,55.97617],[92.81643,55.97556],[92.81758,55.97562],[92.81907,55.97682]],[[92.82155,55.97704],[92.81548,55.97747]],[[92.82636,56.03474],[92.82925,56.03501],[92.83026,56.03521],[92.83152,56.03552],[92.83197,56.03561],[92.83258,56.03565],[92.83355,56.03565]],[[92.83091,56.03563],[92.82636,56.03474]],[[92.82636,56.03474],[92.82698,56.03473],[92.829,56.03488],[92.83109,56.03523]],[[92.8315,56.03559],[92.83133,56.03567],[92.83091,56.03563]],[[92.83091,56.03563],[92.83077,56.0354],[92.83081,56.03535],[92.83089,56.03529],[92.83109,56.03523]],[[92.83109,56.03523],[92.83113,56.03523]],[[92.83113,56.03523],[92.83155,56.03535]],[[92.83113,56.03523],[92.83152,56.0347]],[[92.83155,56.03535],[92.83158,56.03547],[92.83156,56.03553],[92.83151,56.03558],[92.8315,56.03559]],[[92.83216,56.03545],[92.8318,56.03552],[92.83178,56.03552],[92.83152,56.03558],[92.8315,56.03559]],[[92.83152,56.03341],[92.83186,56.03507],[92.83229,56.03541],[92.83247,56.03546],[92.83262,56.03551],[92.83284,56.03556],[92.83309,56.0356],[92.83355,56.03565]],[[92.83152,56.0347],[92.83152,56.03341]],[[92.83152,56.03341],[92.82946,56.0307],[92.82938,56.02882],[92.83327,56.02466]],[[92.83152,56.0347],[92.83155,56.03535]],[[92.83157,56.03537],[92.83216,56.03545]],[[92.83271,56.03544],[92.83265,56.03544],[92.83219,56.03545],[92.83216,56.03545]],[[92.83366,56.0358],[92.83352,56.03565],[92.83341,56.03557],[92.83333,56.03553],[92.83271,56.03544]],[[92.83271,56.03544],[92.83399,56.03541]],[[92.83288,56.01244],[92.83683,56.01168]],[[92.83288,56.01244],[92.83551,56.01234],[92.83698,56.01238],[92.83744,56.0124],[92.83859,56.01249],[92.83993,56.0126],[92.84075,56.01285]],[[92.83754,56.01362],[92.83316,56.01254]],[[92.84075,56.01285],[92.8402,56.01289],[92.83984,56.01286],[92.83795,56.01265],[92.83719,56.01259],[92.83664,56.01255],[92.83589,56.01251],[92.83316,56.01254]],[[92.83327,56.02466],[92.83335,56.02458]],[[92.83344,56.02461],[92.83327,56.02466]],[[92.83335,56.02458],[92.83344,56.02461]],[[92.83335,56.02458],[92.83762,56.02015],[92.83822,56.01533]],[[92.83959,56.01618],[92.83865,56.01627],[92.8381,56.01935],[92.83733,56.02081],[92.83344,56.02461]],[[92.83355,56.03565],[92.83507,56.03588],[92.83587,56.03632],[92.83655,56.03691]],[[92.8357,56.03631],[92.83457,56.03675]],[[92.8357,56.03631],[92.83459,56.03598]],[[92.83473,56.03553],[92.83631,56.03644],[92.8368,56.03716]],[[92.87972,56.06242],[92.85951,56.0561],[92.85284,56.05509],[92.84336,56.05641],[92.83551,56.06064]],[[92.83666,56.03719],[92.8357,56.03631]],[[92.8364,56.05999],[92.84373,56.05619],[92.85252,56.05498],[92.85873,56.05579],[92.87998,56.06204]],[[92.83655,56.03691],[92.8368,56.03716]],[[92.83666,56.03719],[92.83655,56.03691]],[[92.87164,56.04335],[92.83984,56.03896],[92.838,56.0384],[92.83722,56.03786],[92.83666,56.03719]],[[92.8368,56.03716],[92.83984,56.03887],[92.87169,56.04327]],[[92.84127,56.01196],[92.83683,56.01168]],[[92.83754,56.01362],[92.83748,56.01317],[92.8373,56.01268],[92.83717,56.01233],[92.83683,56.01168]],[[92.83683,56.01168],[92.83746,56.00773],[92.84188,56.00844],[92.84154,56.01056]],[[92.83822,56.01533],[92.83754,56.01362]],[[92.83959,56.01618],[92.83822,56.01533]],[[92.83852,56.01272],[92.83859,56.01249]],[[92.84104,56.01319],[92.8405,56.01621],[92.83959,56.01618]],[[92.84075,56.01285],[92.84104,56.01319]],[[92.84117,56.0124],[92.84075,56.01285]],[[92.84117,56.0124],[92.84104,56.01319]],[[92.84127,56.01196],[92.84117,56.0124]],[[92.87601,56.01389],[92.84127,56.01196]],[[92.84154,56.01056],[92.84127,56.01196]],[[92.84154,56.01056],[92.86369,56.0117]],[[92.86369,56.0117],[92.87628,56.01236]],[[92.86369,56.0117],[92.86392,56.01014],[92.87036,56.01046]],[[92.86844,56.02082],[92.86941,56.02082]],[[92.86873,56.02019],[92.86941,56.02082]],[[92.86941,56.02082],[92.87436,56.02023]],[[92.87036,56.01046],[92.87155,56.01052]],[[92.87036,56.01046],[92.87153,56.0095]],[[92.87158,56.01514],[92.87066,56.01559]],[[92.87158,56.01514],[92.87075,56.01508]],[[92.87574,56.01542],[92.87158,56.01514]],[[92.88686,56.04622],[92.87164,56.04335]],[[92.87164,56.04335],[92.87169,56.04327]],[[92.87169,56.04327],[92.88805,56.04634]],[[92.87193,56.00815],[92.87172,56.00975]],[[92.87436,56.02023],[92.87487,56.02004]],[[92.87496,56.02011],[92.87436,56.02023]],[[92.87487,56.02004],[92.87559,56.01842]],[[92.87487,56.02004],[92.87562,56.01955]],[[92.87597,56.01975],[92.87496,56.02011]],[[92.87862,56.01959],[92.87496,56.02011]],[[92.87559,56.01842],[92.87845,56.01947]],[[92.87559,56.01842],[92.87623,56.01902]],[[92.87583,56.0191],[92.87559,56.01842]],[[92.87574,56.01542],[92.87559,56.01842]],[[92.87597,56.01975],[92.87562,56.01955]],[[92.87562,56.01955],[92.87583,56.0191]],[[92.87601,56.01389],[92.87574,56.01542]],[[92.87583,56.0191],[92.87623,56.01902]],[[92.87689,56.01957],[92.87639,56.01978],[92.87597,56.01975]],[[92.89512,56.01585],[92.89387,56.01491],[92.87601,56.01389]],[[92.87628,56.01236],[92.87601,56.01389]],[[92.87623,56.01902],[92.87694,56.0193]],[[92.87628,56.01236],[92.87663,56.0108],[92.89538,56.01166],[92.89658,56.01249]],[[92.87694,56.0193],[92.87689,56.01957]],[[92.87862,56.01959],[92.87737,56.0195],[92.87689,56.01957]],[[92.87694,56.0193],[92.87845,56.01947]],[[92.87845,56.01947],[92.88344,56.01977],[92.88489,56.02034],[92.88523,56.02111],[92.88535,56.02376],[92.88943,56.02916],[92.89169,56.03439]],[[92.89273,56.04171],[92.89179,56.03518],[92.88919,56.02919],[92.88517,56.02386],[92.8849,56.02065],[92.87862,56.01959]],[[92.88026,56.06247],[92.87972,56.06242]],[[92.87972,56.06242],[92.87998,56.06204]],[[92.88133,56.06269],[92.87984,56.06289]],[[92.87998,56.06204],[92.88008,56.06204]],[[92.88008,56.06204],[92.88039,56.06204],[92.88066,56.06207],[92.88125,56.06219],[92.88876,56.06447]],[[92.88008,56.06204],[92.88026,56.06247]],[[92.88133,56.06269],[92.88026,56.06247]],[[92.88822,56.06479],[92.88133,56.06269]],[[92.88666,55.98378],[92.88762,55.98343]],[[92.8892,56.04684],[92.88686,56.04622]],[[92.88896,56.0487],[92.88686,56.04622]],[[92.88819,55.98173],[92.88703,55.98099]],[[92.88748,55.98384],[92.88819,55.98173]],[[92.88842,55.98165],[92.8878,55.98387]],[[92.88805,56.04634],[92.89067,56.04558]],[[92.88805,56.04634],[92.88951,56.04638]],[[92.88819,55.98173],[92.88849,55.98113]],[[92.89125,56.06571],[92.88822,56.06479]],[[92.88822,56.06479],[92.88876,56.06447]],[[92.88849,55.98113],[92.88842,55.98165]],[[92.8901,55.98136],[92.88842,55.98165]],[[92.8901,55.98136],[92.88849,55.98113]],[[92.88876,56.06447],[92.89089,56.06511]],[[92.89435,56.04879],[92.88914,56.04839]],[[92.89059,56.04718],[92.8892,56.04684]],[[92.8892,56.04684],[92.88951,56.04638]],[[92.88951,56.04638],[92.88992,56.04626]],[[92.88986,56.03375],[92.89085,56.03303]],[[92.88992,56.04626],[92.89067,56.04558]],[[92.88992,56.04626],[92.89013,56.04625],[92.89034,56.04627],[92.89071,56.04637]],[[92.89686,55.98254],[92.8901,55.98136]],[[92.89102,56.04674],[92.89059,56.04718]],[[92.89435,56.04879],[92.89148,56.04729],[92.89115,56.04718],[92.89059,56.04718]],[[92.89067,56.04558],[92.89273,56.04171]],[[92.89071,56.04637],[92.89102,56.04674]],[[92.89125,56.04495],[92.89071,56.04637]],[[92.89089,56.06511],[92.89409,56.06314]],[[92.89089,56.06511],[92.89322,56.0658]],[[92.89102,56.04674],[92.89301,56.04792]],[[92.89125,56.04495],[92.89301,56.04792]],[[92.89298,56.04172],[92.89125,56.04495]],[[92.89225,56.06603],[92.89125,56.06571]],[[92.89125,56.06571],[92.88886,56.06713],[92.89023,56.06713],[92.89118,56.06616],[92.89224,56.06506],[92.89409,56.06314]],[[92.89169,56.03439],[92.89178,56.03461]],[[92.89266,56.03378],[92.89169,56.03439]],[[92.89178,56.03461],[92.89348,56.03554]],[[92.89178,56.03461],[92.89214,56.0358]],[[92.89214,56.0358],[92.89298,56.04172]],[[92.89336,56.03561],[92.89214,56.0358]],[[92.90446,56.06997],[92.89225,56.06603]],[[92.89431,56.06326],[92.89246,56.06513],[92.89139,56.06622],[92.89049,56.06713],[92.89045,56.06772],[92.89152,56.0677],[92.89225,56.06603]],[[92.89298,56.04172],[92.89273,56.04171]],[[92.89301,56.04792],[92.8979,56.05037]],[[92.89322,56.0658],[92.90529,56.06952]],[[92.89431,56.06326],[92.89322,56.0658]],[[92.89409,56.06314],[92.89921,56.0579]],[[92.90205,56.05647],[92.89431,56.06326]],[[92.89772,56.05048],[92.89435,56.04879]],[[92.89512,56.01585],[92.89634,56.01588]],[[92.89545,56.01622],[92.89512,56.01585]],[[92.89584,56.01668],[92.89545,56.01622]],[[92.89634,56.01588],[92.89545,56.01622]],[[92.89584,56.01668],[92.89631,56.01681],[92.89667,56.01646]],[[92.8969,56.01786],[92.89584,56.01668]],[[92.89634,56.01588],[92.89648,56.01588],[92.89683,56.01588],[92.89691,56.01588],[92.8971,56.01589],[92.89737,56.01604],[92.89825,56.01733],[92.89754,56.01749]],[[92.89658,56.01249],[92.89664,56.01438]],[[92.89664,56.01438],[92.89653,56.0139],[92.89658,56.01249]],[[92.89667,56.01646],[92.89665,56.01597],[92.89664,56.01438]],[[92.89668,56.01668],[92.89667,56.01646]],[[92.89668,56.01668],[92.89694,56.0175],[92.89723,56.018]],[[92.8969,56.01786],[92.89668,56.01668]],[[92.89686,55.98254],[92.89969,55.98289],[92.90188,55.98342]],[[92.90188,55.98342],[92.89686,55.98254]],[[92.90188,55.98342],[92.89978,55.98313],[92.89686,55.98254]],[[92.89688,56.01729],[92.89754,56.01749]],[[92.90596,56.02582],[92.90504,56.02528],[92.90393,56.02289],[92.90064,56.02185],[92.89924,56.02098],[92.8969,56.01786]],[[92.89723,56.018],[92.89933,56.0208],[92.90408,56.02274],[92.90624,56.02562]],[[92.89754,56.01749],[92.89723,56.018]],[[92.90433,56.05381],[92.89772,56.05048]],[[92.8979,56.05037],[92.89772,56.05048]],[[92.8979,56.05037],[92.90451,56.0537]],[[92.89916,56.05758],[92.89847,56.05757]],[[92.89921,56.0579],[92.89922,56.05762],[92.89916,56.05758],[92.89909,56.05751],[92.89873,56.05732]],[[92.89921,56.0579],[92.9008,56.05599]],[[92.90205,56.05647],[92.9008,56.05599]],[[92.9008,56.05599],[92.90433,56.05381]],[[92.90188,55.98342],[92.92827,55.9893],[92.9363,55.98068],[92.94784,55.98339]],[[92.90439,56.05501],[92.90205,56.05647]],[[92.9034,56.05314],[92.90558,56.05303]],[[92.90543,56.05436],[92.90433,56.05381]],[[92.90433,56.05381],[92.90451,56.0537]],[[92.90543,56.05436],[92.90439,56.05501]],[[92.90675,56.05504],[92.90623,56.05496],[92.90439,56.05501]],[[92.91324,56.07279],[92.90446,56.06997]],[[92.90446,56.06997],[92.90529,56.06952]],[[92.90451,56.0537],[92.90561,56.05425]],[[92.90451,56.0537],[92.90478,56.05353],[92.90558,56.05303],[92.90604,56.05275],[92.90632,56.05256],[92.908,56.05152]],[[92.90529,56.06952],[92.91409,56.07216]],[[92.90675,56.05504],[92.90543,56.05436]],[[92.90561,56.05425],[92.90543,56.05436]],[[92.90561,56.05425],[92.91317,56.05808]],[[92.90909,56.0521],[92.90561,56.05425]],[[92.90624,56.02562],[92.90627,56.02582],[92.90596,56.02582]],[[92.91076,56.02788],[92.90596,56.02582]],[[92.90624,56.02562],[92.91094,56.02775]],[[92.91291,56.05817],[92.90675,56.05504]],[[92.9071,56.05208],[92.90821,56.05263]],[[92.90909,56.0521],[92.908,56.05152]],[[92.908,56.05152],[92.91357,56.04806]],[[92.91468,56.04863],[92.90909,56.0521]],[[92.91695,56.03043],[92.91076,56.02788]],[[92.91076,56.02788],[92.91094,56.02775]],[[92.91094,56.02775],[92.91649,56.03004]],[[92.92078,56.06217],[92.91291,56.05817]],[[92.91303,56.05889],[92.91291,56.05817]],[[92.91317,56.05808],[92.91442,56.05806]],[[92.91317,56.05808],[92.92105,56.06201]],[[92.91409,56.07216],[92.91436,56.07278],[92.91378,56.0729],[92.91324,56.07279]],[[92.92852,56.07824],[92.92774,56.0779],[92.92533,56.07682],[92.92415,56.07634],[92.91324,56.07279]],[[92.91468,56.04863],[92.91357,56.04806]],[[92.91357,56.04806],[92.91498,56.04718]],[[92.91409,56.07216],[92.92098,56.07424],[92.92546,56.07563],[92.92631,56.07587]],[[92.92722,56.041],[92.92165,56.04618],[92.91468,56.04863]],[[92.91498,56.04718],[92.91486,56.04645]],[[92.91498,56.04718],[92.9283,56.03905]],[[92.91649,56.03004],[92.91628,56.03015]],[[92.91649,56.03004],[92.91692,56.03022],[92.91715,56.03032],[92.91825,56.03081],[92.92181,56.03257]],[[92.92159,56.03265],[92.91695,56.03043]],[[92.91695,56.03043],[92.91715,56.03032]],[[92.92454,56.10207],[92.92434,56.10075],[92.91989,56.09924]],[[92.92135,56.09929],[92.92055,56.0992]],[[92.92059,56.09863],[92.9249,56.09985],[92.92801,56.09823]],[[92.92765,56.06562],[92.92078,56.06217]],[[92.92078,56.06217],[92.92105,56.06201]],[[92.92079,56.09901],[92.92135,56.09929]],[[92.92105,56.06201],[92.92789,56.06548]],[[92.92689,56.10097],[92.92642,56.10083],[92.9251,56.10041],[92.92135,56.09929]],[[92.9307,56.03716],[92.92952,56.03657],[92.92868,56.03617],[92.92159,56.03265]],[[92.92159,56.03265],[92.92181,56.03257]],[[92.92181,56.03257],[92.92745,56.03539]],[[92.92709,56.07695],[92.92283,56.07588]],[[92.92689,56.10097],[92.92865,56.10157],[92.92872,56.10235],[92.92829,56.10266],[92.92506,56.10363],[92.92436,56.10525]],[[92.92449,56.03907],[92.9283,56.03905]],[[92.92512,56.10158],[92.92529,56.10255],[92.92754,56.10279],[92.92813,56.10167],[92.92689,56.10097]],[[92.92512,56.10158],[92.92423,56.10468],[92.92436,56.10525],[92.92465,56.10615],[92.92489,56.10665],[92.92663,56.10853],[92.92987,56.11016],[92.93872,56.11297],[92.94131,56.11412],[92.94411,56.11609],[92.94595,56.1186]],[[92.93376,56.08547],[92.93587,56.08865],[92.93608,56.08956],[92.9357,56.09063],[92.93451,56.09199],[92.92726,56.0993],[92.92627,56.10032],[92.92598,56.10064],[92.92589,56.10074],[92.92587,56.10076],[92.9252,56.10148],[92.92512,56.10158]],[[92.92546,56.07563],[92.92596,56.07535]],[[92.92638,56.10858],[92.92565,56.10795]],[[92.92631,56.07587],[92.93639,56.07839]],[[92.92631,56.07587],[92.92658,56.07626],[92.92709,56.07695],[92.92764,56.07769],[92.92891,56.07827]],[[92.92795,56.04031],[92.92722,56.041]],[[92.9289,56.04081],[92.92722,56.041]],[[92.92745,56.03539],[92.93122,56.03651],[92.93322,56.03594]],[[92.92745,56.03539],[92.93053,56.03693],[92.93084,56.03708],[92.93192,56.03762],[92.93202,56.03767],[92.93473,56.03907]],[[92.92785,56.06572],[92.92765,56.06562]],[[92.92765,56.06562],[92.92789,56.06548]],[[92.92815,56.07841],[92.92774,56.0779]],[[92.93421,56.06893],[92.92785,56.06572]],[[92.92807,56.06558],[92.92785,56.06572]],[[92.92789,56.06548],[92.92807,56.06558]],[[92.92795,56.04031],[92.9289,56.04081]],[[92.93347,56.03606],[92.93293,56.03642],[92.93164,56.03736],[92.93131,56.0376],[92.92972,56.03875],[92.92795,56.04031]],[[92.94599,56.11912],[92.94104,56.11417],[92.92911,56.11002],[92.9267,56.10881],[92.92638,56.10858],[92.92597,56.10821],[92.92565,56.10795],[92.92538,56.10767],[92.92417,56.10539],[92.92406,56.10321],[92.92437,56.10233],[92.92454,56.10207],[92.92498,56.10141],[92.92563,56.10068],[92.92565,56.10066],[92.92574,56.10056],[92.92801,56.09823]],[[92.92801,56.09823],[92.93544,56.09064],[92.93567,56.08886],[92.9335,56.08553]],[[92.92807,56.06558],[92.93444,56.0688]],[[92.93203,56.08379],[92.92815,56.07841]],[[92.92852,56.07824],[92.92815,56.07841]],[[92.9283,56.03905],[92.92942,56.03843]],[[92.9288,56.07836],[92.92852,56.07824]],[[92.93333,56.08233],[92.93498,56.08339],[92.93665,56.08245],[92.93581,56.08152],[92.93484,56.08111],[92.93367,56.08056],[92.9288,56.07836]],[[92.92891,56.07827],[92.9288,56.07836]],[[92.93494,56.03994],[92.9289,56.04081]],[[92.92891,56.07827],[92.92921,56.07841]],[[92.92891,56.07827],[92.92959,56.07811]],[[92.92921,56.07841],[92.93088,56.07914],[92.93294,56.08009],[92.9338,56.08047],[92.93499,56.081],[92.93533,56.08115],[92.9382,56.08051],[92.93674,56.07961],[92.93496,56.08019]],[[92.92959,56.07811],[92.92921,56.07841]],[[92.92942,56.03843],[92.92898,56.03781],[92.92952,56.03657]],[[92.92942,56.03843],[92.93035,56.03787]],[[92.93168,56.07751],[92.92959,56.07811]],[[92.9307,56.03716],[92.92921,56.03775],[92.93035,56.03787]],[[92.93035,56.03787],[92.931,56.03745],[92.93108,56.03739],[92.93135,56.03722],[92.93174,56.03696],[92.93322,56.03594]],[[92.93496,56.03938],[92.93404,56.03887],[92.93326,56.03849],[92.93269,56.03818],[92.93176,56.03771],[92.9307,56.03716]],[[92.93203,56.08379],[92.93247,56.08394],[92.9328,56.08378]],[[92.93292,56.08437],[92.93203,56.08379]],[[92.93516,56.07963],[92.9333,56.07837],[92.93219,56.07909],[92.93294,56.08009]],[[92.93322,56.03594],[92.93966,56.03126],[92.94233,56.02498],[92.9436,56.02338],[92.95525,56.01633]],[[92.93347,56.03606],[92.93281,56.03735],[92.93473,56.03907]],[[92.95617,56.016],[92.94396,56.02338],[92.9399,56.03152],[92.93347,56.03606]],[[92.9335,56.08553],[92.93301,56.08464],[92.93292,56.08437],[92.93284,56.08406],[92.93279,56.08363],[92.93333,56.0817],[92.934,56.08083],[92.93427,56.08057],[92.93444,56.08039],[92.93516,56.07963],[92.93639,56.07839],[92.93907,56.07559],[92.93986,56.0748],[92.94008,56.07457],[92.94059,56.07376]],[[92.9335,56.08553],[92.93376,56.08547]],[[92.93353,56.0805],[92.93089,56.08104],[92.9338,56.08105]],[[92.9406,56.07433],[92.9401,56.07488],[92.9393,56.07566],[92.93558,56.07954],[92.93496,56.08019],[92.93476,56.08041],[92.93451,56.08067],[92.93425,56.08094],[92.93376,56.08154],[92.9334,56.08218],[92.93333,56.08233],[92.93321,56.08266],[92.93309,56.08356],[92.93376,56.08547]],[[92.93911,56.07139],[92.93421,56.06893]],[[92.93421,56.06893],[92.93444,56.0688]],[[92.93451,56.09199],[92.93429,56.09192]],[[92.93444,56.0688],[92.93622,56.06972]],[[92.93473,56.03907],[92.93561,56.03952]],[[92.93494,56.03994],[92.93496,56.03938]],[[92.93544,56.03963],[92.93494,56.03994]],[[92.93595,56.0399],[92.93494,56.03994]],[[92.93544,56.03963],[92.93496,56.03938]],[[92.93595,56.0399],[92.93544,56.03963]],[[92.93561,56.03952],[92.93544,56.03963]],[[92.93561,56.03952],[92.94125,56.04259]],[[92.94109,56.04268],[92.93595,56.0399]],[[92.93622,56.06972],[92.93723,56.06992]],[[92.93622,56.06972],[92.94044,56.07209],[92.941,56.0731],[92.9406,56.07433]],[[92.93723,56.06992],[92.93707,56.07015]],[[92.93723,56.06992],[92.94058,56.07157]],[[92.93876,56.07473],[92.93955,56.07496],[92.94003,56.07509],[92.94077,56.075],[92.94416,56.07198]],[[92.93876,56.07473],[92.93823,56.07452],[92.9381,56.07432],[92.93966,56.07237],[92.93911,56.07139]],[[92.94059,56.07376],[92.93917,56.07353],[92.93876,56.07473]],[[92.94059,56.07376],[92.93911,56.07139]],[[92.94036,56.07146],[92.94077,56.07144]],[[92.94058,56.07157],[92.94171,56.07289],[92.9406,56.07433]],[[92.94077,56.07144],[92.94058,56.07157]],[[92.94143,56.07103],[92.94077,56.07144]],[[92.94227,56.0434],[92.94109,56.04268]],[[92.94125,56.04259],[92.94109,56.04268]],[[92.94227,56.0434],[92.94113,56.04337]],[[92.94125,56.04259],[92.94466,56.04462],[92.94738,56.04636],[92.94966,56.04779],[92.95147,56.04893],[92.95388,56.05041],[92.95526,56.05128]],[[92.94231,56.07105],[92.9418,56.07077],[92.94143,56.07103]],[[92.94231,56.07105],[92.94195,56.07097],[92.94143,56.07103]],[[92.9551,56.05136],[92.94227,56.0434]],[[92.94231,56.07105],[92.94416,56.07198]],[[92.95431,56.06566],[92.94416,56.07198]],[[92.94424,56.12081],[92.94599,56.11912]],[[92.94966,56.12525],[92.94696,56.12173],[92.94463,56.12163]],[[92.94485,56.12086],[92.94586,56.12093]],[[92.94586,56.12093],[92.94513,56.12137]],[[92.94586,56.12093],[92.94647,56.12081],[92.94766,56.1206],[92.94947,56.12036]],[[92.94595,56.1186],[92.94987,56.12035]],[[92.94595,56.1186],[92.94718,56.12062],[92.94721,56.12068],[92.94725,56.12075],[92.94755,56.12131],[92.94776,56.1217],[92.95547,56.13457]],[[92.96532,56.15166],[92.96023,56.14294],[92.95613,56.13618],[92.95523,56.13458],[92.95032,56.12636],[92.94966,56.12525],[92.94931,56.12468],[92.947,56.12079],[92.94699,56.12077],[92.94693,56.12067],[92.94599,56.11912]],[[92.94776,56.1217],[92.9505,56.12201],[92.95097,56.12097],[92.94947,56.12036]],[[92.94784,55.98339],[92.94982,55.98391]],[[92.94784,55.98339],[92.94885,55.98368],[92.94982,55.98391]],[[92.94982,55.98391],[92.9484,55.98433]],[[92.94947,56.12036],[92.94987,56.12035]],[[92.94949,56.04785],[92.94966,56.04779]],[[92.94987,56.12035],[92.95194,56.12096],[92.9519,56.12102],[92.95177,56.1211],[92.95137,56.12133],[92.95114,56.12151],[92.94971,56.12322],[92.94959,56.12468]],[[92.94982,55.98391],[92.95976,55.98665],[92.97489,55.988]],[[92.95347,56.12085],[92.95255,56.12091],[92.95205,56.12101],[92.95177,56.1211],[92.95164,56.12114],[92.95143,56.12116],[92.95097,56.12097]],[[92.95178,56.01255],[92.95196,56.01256]],[[92.95223,56.01312],[92.95209,56.01316]],[[92.95238,56.00783],[92.95104,56.00985],[92.95209,56.01168],[92.95204,56.01289],[92.95223,56.01312],[92.95339,56.01399]],[[92.95324,56.01405],[92.95299,56.01389],[92.95209,56.01316],[92.95186,56.01294],[92.95082,56.00983],[92.95238,56.00783]],[[92.9525,56.00769],[92.95238,56.00783]],[[92.95599,56.01507],[92.95324,56.01405]],[[92.95324,56.01405],[92.95339,56.01399]],[[92.95339,56.01399],[92.95384,56.0142],[92.95644,56.01481],[92.95708,56.01497],[92.95759,56.0151],[92.9586,56.01534]],[[92.95431,56.06566],[92.95431,56.06482]],[[92.95431,56.06566],[92.95493,56.06528],[92.95501,56.06524],[92.95515,56.06518],[92.96146,56.06911],[92.97379,56.07289],[92.98522,56.07142]],[[92.95574,56.06572],[92.95503,56.06547],[92.95431,56.06566]],[[92.98646,56.07108],[92.98522,56.07153],[92.97692,56.0729],[92.97365,56.07294],[92.96134,56.06915],[92.95994,56.06842],[92.95914,56.06788],[92.95676,56.06638],[92.95588,56.06581],[92.95574,56.06572],[92.95517,56.06535],[92.95501,56.06524]],[[92.96373,56.05673],[92.96245,56.05595],[92.9551,56.05136]],[[92.9551,56.05136],[92.95526,56.05128]],[[92.95523,56.13458],[92.95547,56.13457]],[[92.95525,56.01633],[92.95599,56.01507]],[[92.95525,56.01633],[92.95651,56.01557],[92.95701,56.01516],[92.95761,56.01461],[92.95783,56.01435],[92.95846,56.01351],[92.95855,56.01327],[92.95861,56.01289],[92.95865,56.01256],[92.96212,56.00788]],[[92.95526,56.05128],[92.95766,56.05276],[92.95959,56.054],[92.96029,56.05441],[92.96191,56.05544],[92.96261,56.05587],[92.96306,56.05615],[92.96387,56.05666]],[[92.95547,56.13457],[92.96589,56.1521]],[[92.95599,56.01507],[92.95644,56.01481]],[[92.95781,56.01467],[92.95721,56.01523],[92.9569,56.01552],[92.95617,56.016]],[[92.97056,56.01576],[92.96966,56.01689],[92.96777,56.01747],[92.96673,56.01738],[92.96535,56.01707],[92.96071,56.01595],[92.95863,56.0155],[92.95617,56.016]],[[92.96063,56.01027],[92.96007,56.01095],[92.9596,56.01156],[92.95897,56.01245],[92.95859,56.01373],[92.95781,56.01467]],[[92.9586,56.01534],[92.95877,56.01457],[92.95781,56.01467]],[[92.95861,56.01289],[92.95837,56.01286]],[[92.95859,56.01373],[92.95958,56.01557]],[[92.9586,56.01534],[92.95958,56.01557],[92.96078,56.01585]],[[92.96079,56.01077],[92.96007,56.01095]],[[92.96063,56.01027],[92.96079,56.01077]],[[92.96236,56.00793],[92.96063,56.01027]],[[92.96071,56.01595],[92.96078,56.01585]],[[92.96078,56.01585],[92.96438,56.01672]],[[92.96079,56.01077],[92.96256,56.01114],[92.96301,56.01066]],[[92.96212,56.00788],[92.96236,56.00793]],[[92.96212,56.00788],[92.971,55.99564]],[[92.97105,55.9972],[92.96236,56.00793]],[[92.96245,56.05595],[92.96261,56.05587]],[[92.96249,56.15553],[92.96439,56.15467],[92.96532,56.15166]],[[92.96844,56.158],[92.96258,56.15567]],[[92.96301,56.01066],[92.96297,56.01041]],[[92.96347,56.01053],[92.96301,56.01066]],[[92.96448,56.05721],[92.96373,56.05673]],[[92.96373,56.05673],[92.96387,56.05666]],[[92.96387,56.05666],[92.96537,56.05757]],[[92.96438,56.01672],[92.96431,56.01681]],[[92.96438,56.01672],[92.9652,56.01692]],[[92.9652,56.05765],[92.96448,56.05721]],[[92.96603,56.05817],[92.96428,56.0581],[92.96448,56.05721]],[[92.96513,56.01702],[92.9652,56.01692]],[[92.96603,56.05817],[92.9652,56.05765]],[[92.96537,56.05757],[92.9652,56.05765]],[[92.9652,56.01692],[92.96907,56.01705],[92.97072,56.01472]],[[92.96682,56.15456],[92.96532,56.15166]],[[92.96537,56.05757],[92.97032,56.06069]],[[92.96589,56.1521],[92.97269,56.15442]],[[92.96589,56.1521],[92.96711,56.1545]],[[92.97405,56.06317],[92.96911,56.0601],[92.96603,56.05817]],[[92.96844,56.158],[92.96728,56.15546]],[[92.96758,56.15545],[92.96877,56.15795]],[[92.97308,56.17445],[92.96844,56.158]],[[92.96877,56.15795],[92.97201,56.16755],[92.97308,56.17445]],[[92.97265,56.15455],[92.96902,56.15661],[92.96877,56.15795]],[[92.96921,56.01741],[92.969,56.01721]],[[92.97018,56.06077],[92.97032,56.06069]],[[92.97032,56.06069],[92.97055,56.06084]],[[92.97041,56.06091],[92.97055,56.06084]],[[92.97055,56.06084],[92.97419,56.0631]],[[92.971,56.01479],[92.97056,56.01576]],[[92.97161,56.01492],[92.97056,56.01576]],[[92.97072,56.01472],[92.971,56.01479]],[[92.97072,56.01472],[92.97243,56.01248]],[[92.971,55.99564],[92.97086,55.99527]],[[92.97265,56.01256],[92.971,56.01479]],[[92.971,55.99564],[92.97611,55.98848]],[[92.97105,55.9972],[92.97139,55.99774]],[[92.97143,55.9954],[92.97105,55.9972]],[[92.97169,55.99501],[92.97226,55.99544],[92.97143,55.9954]],[[92.97169,55.99501],[92.97143,55.9954]],[[92.97643,55.98854],[92.97169,55.99501]],[[92.98735,56.07049],[92.98718,56.07042],[92.9861,56.06992],[92.98317,56.06859],[92.98133,56.06769],[92.97405,56.06317]],[[92.97419,56.0631],[92.97405,56.06317]],[[92.97419,56.0631],[92.98623,56.06984]],[[92.97489,55.988],[92.97591,55.98799]],[[92.97584,55.98826],[92.97489,55.988]],[[92.97611,55.98848],[92.97584,55.98826]],[[92.97584,55.98826],[92.97702,55.98799]],[[92.97643,55.98854],[92.97611,55.98848]],[[92.9769,55.98842],[92.97643,55.98854]],[[92.97702,55.98799],[92.9769,55.98842]],[[92.97772,55.98829],[92.9769,55.98842]],[[92.97702,55.98799],[92.97772,55.98829]],[[93.03079,55.99989],[92.97772,55.98829]],[[92.98522,56.07142],[92.9861,56.06992]],[[92.98522,56.07142],[92.98605,56.07113],[92.98664,56.07078],[92.98703,56.07053],[92.98718,56.07042],[92.9873,56.07033]],[[92.98623,56.06984],[92.98896,56.06989]],[[92.98623,56.06984],[92.9873,56.07033]],[[92.98735,56.07049],[92.98646,56.07108]],[[92.98858,56.07103],[92.98646,56.07108]],[[92.9873,56.07033],[92.98749,56.07041],[92.98813,56.07069],[92.98859,56.0709],[92.99028,56.07166],[92.99381,56.07329],[92.99805,56.07519],[93.03266,56.09097],[93.0334,56.09119]],[[92.9873,56.07033],[92.98792,56.07007],[92.98896,56.06989]],[[92.98858,56.07103],[92.98735,56.07049]],[[92.98896,56.06989],[92.98796,56.07017],[92.98769,56.0703],[92.98749,56.07041],[92.98735,56.07049]],[[93.0334,56.09119],[93.03244,56.091],[93.02976,56.08981],[93.02564,56.08789],[93.01894,56.08488],[93.01545,56.08327],[93.01443,56.08282],[93.01371,56.08251],[93.01002,56.08079],[93.00619,56.07908],[92.99854,56.07559],[92.99621,56.07449],[92.98858,56.07103]],[[92.98896,56.06989],[92.98859,56.0709]],[[93.02202,56.06271],[92.98896,56.06989]],[[93.00101,56.07656],[93.00082,56.07662]],[[93.00138,56.07687],[93.00151,56.07678]],[[93.00632,56.07899],[93.00619,56.07908]],[[93.01415,56.08255],[93.01402,56.08264]],[[93.02295,56.05963],[93.02154,56.05656],[93.01867,56.05392],[93.01806,56.05045],[93.02224,56.04219],[93.02679,56.04184],[93.02589,56.03855],[93.02662,56.03195],[93.02212,56.03054],[93.01435,56.02266]],[[93.01443,56.08282],[93.01456,56.08274]],[[93.01961,56.08504],[93.01947,56.08512]],[[93.02202,56.06271],[93.02303,56.06143]],[[93.02353,56.06262],[93.02202,56.06271]],[[93.02295,56.05963],[93.02506,56.06041]],[[93.02309,56.06123],[93.02295,56.05963]],[[93.02353,56.06262],[93.02303,56.06143]],[[93.02303,56.06143],[93.02309,56.06123]],[[93.02307,56.06378],[93.02252,56.06687],[93.02591,56.06901],[93.06127,56.07632],[93.0691,56.07685],[93.08014,56.07388],[93.09615,56.05762],[93.1005,56.05528]],[[93.02307,56.06378],[93.02367,56.06274]],[[93.0251,56.06319],[93.02307,56.06378]],[[93.02309,56.06123],[93.02506,56.06041]],[[93.02367,56.06274],[93.02353,56.06262]],[[93.0251,56.06319],[93.02367,56.06274]],[[93.02506,56.06041],[93.02727,56.0621],[93.0251,56.06319]],[[93.03079,55.99989],[93.03266,56.00044]],[[93.03241,56.00067],[93.03079,55.99989]],[[93.03191,56.01187],[93.0305,56.01432],[93.03103,56.01594]],[[93.03191,56.01187],[93.0312,56.01161],[93.03196,56.01097]],[[93.03355,56.00126],[93.03463,56.00565],[93.03191,56.01187]],[[93.03254,56.00074],[93.03241,56.00067]],[[93.03241,56.00067],[93.03266,56.00044]],[[93.03293,56.00059],[93.03281,56.00072],[93.03272,56.00074],[93.03254,56.00074]],[[93.03355,56.00126],[93.03254,56.00074]],[[93.03266,56.00044],[93.03293,56.00059]],[[93.03293,56.00059],[93.03355,56.00126]],[[93.0334,56.09119],[93.05519,56.09652],[93.08915,56.11443],[93.09651,56.11973],[93.10219,56.13059]],[[93.1005,56.05528],[93.10206,56.05429]],[[93.10293,56.05462],[93.1005,56.05528]],[[93.10219,56.13059],[93.10349,56.13111]],[[93.10314,56.13135],[93.10219,56.13059]],[[93.10234,56.13509],[93.1043,56.1335],[93.10327,56.13144]],[[93.10554,56.05388],[93.10491,56.05411],[93.10314,56.05455]],[[93.10326,56.05403],[93.1047,56.0541],[93.10554,56.05388]],[[93.10481,56.13193],[93.10344,56.13147]],[[93.10376,56.13124],[93.10481,56.13193]],[[93.10481,56.13193],[93.10518,56.13205]],[[93.10518,56.13205],[93.11096,56.13184]],[[93.10518,56.13205],[93.10839,56.13329]],[[93.10554,56.05388],[93.11277,56.04923],[93.12303,56.04626],[93.13749,56.04773],[93.14991,56.051],[93.15437,56.05392],[93.15805,56.05949],[93.1577,56.06712],[93.15906,56.07124],[93.16521,56.07948],[93.17217,56.08533]],[[93.10698,56.13347],[93.10647,56.13446],[93.10809,56.13487],[93.10907,56.13427],[93.10839,56.13329]],[[93.10839,56.13329],[93.11077,56.13326],[93.10872,56.13285]],[[93.17217,56.08533],[93.17326,56.08549]],[[93.17217,56.08533],[93.17299,56.08611]],[[93.17299,56.08611],[93.17441,56.08756],[93.17485,56.08796]],[[93.17323,56.08555],[93.17299,56.08611]],[[93.17441,56.08756],[93.17529,56.08776]],[[93.84008,55.01233],[93.82946,55.02502],[93.8199,55.04919],[93.81194,55.05915],[93.81166,55.07767],[93.80892,55.08512],[93.80295,55.09231],[93.78969,55.10095],[93.78603,55.10545],[93.78407,55.11435],[93.78938,55.12215],[93.78977,55.12478],[93.7826,55.13287],[93.77525,55.15077],[93.7655,55.16216],[93.76289,55.16965],[93.75322,55.18368],[93.74855,55.18786],[93.74778,55.19262],[93.74562,55.19611],[93.73623,55.20463],[93.7179,55.21325],[93.69718,55.22893],[93.69403,55.23516],[93.69341,55.23967],[93.69421,55.24517],[93.69818,55.2528],[93.69855,55.25584],[93.69527,55.26408],[93.69044,55.26912],[93.69071,55.27409],[93.68401,55.2762],[93.6703,55.27549],[93.66641,55.27698],[93.66554,55.28075],[93.66772,55.28465],[93.6666,55.28931],[93.65745,55.29618],[93.655,55.3018],[93.64775,55.30323],[93.64479,55.30558],[93.64291,55.31572],[93.64912,55.32325],[93.64576,55.32648],[93.64504,55.33115],[93.64261,55.33352],[93.63471,55.33313],[93.63161,55.33464],[93.63187,55.33753],[93.63764,55.35072],[93.64321,55.3555],[93.64774,55.36395],[93.64852,55.36913],[93.6502,55.37192],[93.65017,55.37549],[93.65685,55.39489],[93.65568,55.39883],[93.65069,55.40617],[93.65054,55.40821],[93.6526,55.41284],[93.64992,55.41711],[93.66489,55.42451],[93.67122,55.43282],[93.68129,55.43711],[93.68679,55.44112],[93.68499,55.44654],[93.68774,55.45071],[93.67754,55.4559],[93.67586,55.45876],[93.68006,55.47797],[93.6854,55.48065],[93.69602,55.48084],[93.72143,55.48379],[93.72701,55.48539],[93.73395,55.49371],[93.75378,55.51279],[93.76378,55.53163],[93.77911,55.54728],[93.78557,55.55694],[93.78673,55.56247],[93.78576,55.56819],[93.77445,55.5871],[93.76915,55.59993],[93.77022,55.61773],[93.76402,55.65097],[93.76531,55.65772],[93.77185,55.66681],[93.77388,55.67234],[93.77158,55.68967],[93.77535,55.72662],[93.76626,55.73763],[93.74854,55.7629],[93.72666,55.78047],[93.72447,55.78394],[93.7231,55.78921],[93.71354,55.79622],[93.70732,55.80556],[93.69426,55.81462],[93.68818,55.82075],[93.68096,55.8235],[93.67931,55.84409],[93.67738,55.84813],[93.67239,55.85124],[93.65611,55.85613],[93.64,55.8556],[93.63756,55.86101],[93.63409,55.86442],[93.6141,55.90079],[93.60547,55.90431],[93.58659,55.90372],[93.56503,55.91084],[93.56387,55.91629],[93.56507,55.92231],[93.56184,55.93037],[93.56171,55.93404],[93.56624,55.94739]],[[93.83988,55.01148],[93.84033,55.01167]],[[93.8401,55.01184],[93.83988,55.01148]],[[93.84008,55.01233],[93.84013,55.01196]],[[93.84069,55.01206],[93.84008,55.01233]],[[93.84069,55.01206],[93.84025,55.01204],[93.8401,55.01184],[93.84068,55.01169],[93.84069,55.01206]],[[95.64663,56.24917],[95.64734,56.24846]],[[95.64898,56.25041],[95.64705,56.25018]],[[95.64734,56.24846],[95.64801,56.24923]],[[95.6682,56.15763],[95.64518,56.16256],[95.59412,56.18525],[95.58915,56.18884],[95.5867,56.19287],[95.58645,56.20792],[95.58853,56.21308],[95.59303,56.21846],[95.60797,56.23059],[95.6148,56.23431],[95.6311,56.24069],[95.64643,56.24313],[95.64741,56.24419],[95.64734,56.24846]],[[95.64801,56.24923],[95.6477,56.25013],[95.64624,56.24969],[95.64639,56.24932],[95.64654,56.24921],[95.64663,56.24917],[95.64684,56.2491],[95.64801,56.24923]],[[95.64827,56.24968],[95.64898,56.25041]],[[95.64898,56.25041],[95.65608,56.25091],[95.66585,56.24759],[95.68678,56.24607],[95.69042,56.24376],[95.69107,56.24408]],[[95.6682,56.15763],[95.66913,56.15708]],[[95.66951,56.15776],[95.66897,56.15759],[95.6682,56.15763]],[[95.69107,56.24408],[95.6901,56.244]],[[95.69577,56.25026],[95.69107,56.24408]],[[95.69577,56.25026],[95.69798,56.25073]],[[95.69617,56.25083],[95.69577,56.25026]],[[95.69617,56.25083],[95.69675,56.25057],[95.69721,56.2509],[95.69661,56.25115],[95.69617,56.25083]],[[95.69798,56.25073],[95.69721,56.2509]],[[95.71779,56.22147],[95.70557,56.24961],[95.70147,56.251],[95.69798,56.25073]],[[95.71732,56.21954],[95.71663,56.21932]],[[95.71701,56.21856],[95.71988,56.21796]],[[95.71732,56.21954],[95.71802,56.22056]],[[95.71737,56.21912],[95.71732,56.21954]],[[95.71988,56.21796],[95.7177,56.21886]],[[95.71779,56.22147],[95.71802,56.22056]],[[95.71802,56.22056],[95.71794,56.22112],[95.71779,56.22147]],[[95.71988,56.21796],[95.72497,56.21653],[95.72699,56.21862],[95.73081,56.22007],[95.74523,56.22234]],[[95.74506,56.22386],[95.74176,56.22317]],[[95.74176,56.22317],[95.74194,56.22272],[95.74274,56.2228]],[[95.74274,56.2228],[95.74176,56.22317]],[[95.74274,56.2228],[95.74481,56.22319],[95.74856,56.22402],[95.74909,56.22416],[95.75509,56.22786],[95.77252,56.23002],[95.78617,56.23688]],[[95.74523,56.22234],[95.74554,56.22256],[95.74607,56.22329],[95.74613,56.22338],[95.74635,56.2237],[95.74598,56.22393],[95.74506,56.22386]],[[95.74506,56.22386],[95.74543,56.22351],[95.74552,56.22329],[95.74523,56.22234]],[[95.78617,56.23688],[95.78886,56.23733]],[[95.78826,56.23818],[95.78617,56.23688]],[[90.3676,56.02394],[90.36788,56.02346],[90.36865,56.02374],[90.36831,56.02406],[90.3676,56.02394]],[[90.37742,56.02108],[90.37699,56.02106],[90.37671,56.02076],[90.37753,56.02053],[90.37742,56.02108]],[[91.72576,53.72189],[91.72652,53.72177],[91.72683,53.72213],[91.72602,53.72238],[91.72566,53.72213],[91.72576,53.72189]],[[92.48342,56.18233],[92.4831,56.18246],[92.48287,56.18231],[92.48319,56.18215],[92.48342,56.18233]],[[92.67358,58.13437],[92.67459,58.13392],[92.67525,58.13429],[92.67421,58.13478],[92.67388,58.13476],[92.67366,58.13467],[92.67358,58.13437]],[[93.02899,60.37433],[93.0291,60.37407],[93.02959,60.3742],[93.02939,60.37437],[93.02899,60.37433]],[[93.10309,56.05394],[93.10314,56.05455],[93.10206,56.05429],[93.10228,56.05398],[93.10309,56.05394]],[[93.10355,56.13112],[93.10367,56.13143],[93.10314,56.13135],[93.1032,56.13118],[93.10355,56.13112]],[[95.71725,56.21919],[95.71646,56.2193],[95.716,56.21895],[95.71652,56.2186],[95.71676,56.21856],[95.71701,56.21856],[95.71727,56.21855],[95.71749,56.21859],[95.71725,56.21919]]]}},{"type":"Feature","properties":{"roadClass":"secondary"},"geometry":{"type":"MultiLineString","coordinates":[[[87.36605,69.37258],[87.30115,69.38238],[87.29479,69.38202],[87.28274,69.37841],[87.27349,69.37715],[87.22533,69.37801],[87.18959,69.38353],[87.13926,69.38569],[87.09159,69.39019],[86.98039,69.37572],[86.94116,69.36952],[86.92165,69.3687],[86.84258,69.3715],[86.82487,69.37539],[86.79768,69.38593],[86.77198,69.38838],[86.68905,69.40803],[86.64122,69.40711],[86.60877,69.41245],[86.58658,69.41017],[86.56327,69.40978],[86.55642,69.41096],[86.54837,69.41501],[86.54168,69.41576],[86.50809,69.41162],[86.46842,69.41718],[86.41716,69.42065],[86.40426,69.41991],[86.36053,69.41242],[86.34314,69.41178],[86.32364,69.40933],[86.30133,69.40857],[86.27028,69.41095],[86.25553,69.4099],[86.22691,69.40462],[86.20922,69.40335]],[[87.33493,69.32788],[87.33151,69.33641],[87.35497,69.3589],[87.35488,69.36867],[87.36605,69.37258]],[[87.33493,69.32788],[87.33606,69.32559],[87.33953,69.32465],[87.34222,69.32625],[87.341,69.32743],[87.33493,69.32788]],[[87.36605,69.37258],[87.38039,69.37607],[87.47374,69.37563],[87.52669,69.37685],[87.53094,69.37629],[87.54229,69.37108],[87.54696,69.37039],[87.57821,69.37074],[87.60734,69.36991],[87.62007,69.36848],[87.64833,69.36876],[87.71005,69.35899],[87.74894,69.34884],[87.75481,69.34448],[87.75807,69.34344],[87.76711,69.3422],[87.786,69.34275],[87.79596,69.34166],[87.80964,69.33825],[87.83208,69.33636],[87.84413,69.33313],[87.8655,69.33091],[87.88994,69.32513],[87.91973,69.32163],[87.93377,69.31717],[87.94376,69.31571],[87.96959,69.31694],[88.01173,69.33063],[88.01321,69.33223],[88.01273,69.3361],[88.0155,69.34032],[88.03121,69.34612],[88.04213,69.35351],[88.0435,69.35769],[88.04938,69.36397],[88.05263,69.37066],[88.0548,69.37174],[88.06407,69.3723],[88.0703,69.36865],[88.12233,69.35905],[88.14358,69.35694],[88.16592,69.35729]],[[88.16592,69.35729],[88.17584,69.35623]],[[88.17611,69.35667],[88.16592,69.35729]],[[88.18455,69.35822],[88.18422,69.3584],[88.17645,69.35668]],[[88.17705,69.3564],[88.18408,69.35811]],[[88.18375,69.35829],[88.18408,69.35811]],[[88.18408,69.35811],[88.18455,69.35822]],[[88.18408,69.35811],[88.20985,69.34402]],[[88.21042,69.34416],[88.20957,69.34459],[88.20806,69.34542],[88.2069,69.34605],[88.20655,69.34624],[88.20536,69.34688],[88.19777,69.35102],[88.19714,69.35136],[88.18455,69.35822]],[[88.2069,69.34605],[88.20641,69.34594]],[[88.20757,69.3453],[88.20806,69.34542]],[[88.20853,69.34076],[88.21047,69.34382]],[[88.20853,69.34076],[88.20987,69.34393]],[[88.21975,69.34],[88.20853,69.34076]],[[88.21042,69.34416],[88.20985,69.34402]],[[88.20985,69.34402],[88.20987,69.34393]],[[88.20987,69.34393],[88.21047,69.34382]],[[88.21047,69.34382],[88.21042,69.34416]],[[88.21975,69.34],[88.2211,69.33954]],[[88.22118,69.33988],[88.21975,69.34]],[[88.22118,69.33988],[88.2211,69.33954]],[[88.2211,69.33954],[88.22475,69.33788]],[[88.22459,69.33964],[88.22118,69.33988]],[[88.22459,69.33964],[88.22478,69.33932]],[[88.22478,69.33932],[88.22505,69.33961],[88.22459,69.33964]],[[88.22579,69.33759],[88.22459,69.33739]],[[88.22482,69.33808],[88.22475,69.33788]],[[88.22475,69.33788],[88.22442,69.33692],[88.22439,69.33676],[88.22461,69.33664],[88.22528,69.33666],[88.22706,69.33708],[88.22847,69.33742]],[[88.22478,69.33932],[88.22482,69.33808]],[[88.22579,69.33759],[88.22482,69.33808]],[[88.2274,69.33742],[88.22579,69.33759]],[[88.22744,69.33717],[88.2274,69.33742]],[[88.22847,69.33742],[88.2274,69.33742]],[[88.28965,69.36077],[88.27275,69.35253],[88.26981,69.34887],[88.26387,69.34666],[88.26041,69.34408],[88.22847,69.33742]],[[88.28965,69.36077],[88.29128,69.36113],[88.29225,69.36203]],[[88.29225,69.36203],[88.28965,69.36077]],[[88.31746,69.36925],[88.29922,69.36499],[88.29225,69.36203]],[[88.31746,69.36925],[88.31981,69.3695]],[[88.3183,69.3697],[88.31746,69.36925]],[[88.31908,69.37023],[88.3183,69.3697]],[[88.31981,69.3695],[88.3183,69.3697]],[[88.33418,69.52408],[88.32891,69.52211],[88.33578,69.5185],[88.35255,69.50462],[88.39174,69.49169],[88.40699,69.48916],[88.40922,69.48762],[88.40017,69.48572],[88.39333,69.48127],[88.38055,69.47709],[88.37379,69.4724],[88.37369,69.47068],[88.37955,69.4686],[88.38569,69.46173],[88.365,69.4501],[88.36198,69.44572],[88.34556,69.43812],[88.3427,69.43564],[88.32238,69.42472],[88.31367,69.4223],[88.29133,69.41252],[88.2912,69.41101],[88.29312,69.4095],[88.30366,69.40421],[88.3135,69.40043],[88.3305,69.39622],[88.35349,69.38428],[88.35112,69.38114],[88.32632,69.37346],[88.31908,69.37023]],[[88.31981,69.3695],[88.31908,69.37023]],[[88.31981,69.3695],[88.3484,69.36389],[88.36321,69.35571]],[[88.33418,69.52408],[88.33526,69.5238],[88.33584,69.52402],[88.3354,69.52415],[88.33418,69.52408]],[[88.36363,69.35558],[88.37632,69.3581],[88.38613,69.35846],[88.37677,69.35835],[88.36321,69.35571]],[[88.36321,69.35571],[88.36363,69.35558]],[[88.36363,69.35558],[88.37578,69.35354],[88.38507,69.35645],[88.38591,69.35835]],[[89.08312,55.56514],[89.08452,55.58204],[89.07807,55.58894],[89.0787,55.60356],[89.07557,55.6065],[89.07772,55.60821],[89.06956,55.60838],[89.06067,55.6062],[89.04677,55.6007],[89.02497,55.59632],[89.00322,55.5823],[88.98765,55.57788],[88.97173,55.57093],[88.9608,55.56819],[88.93269,55.55688],[88.89811,55.5465],[88.88588,55.5458],[88.87785,55.54246],[88.87208,55.5471],[88.86249,55.54564],[88.85735,55.54782],[88.83241,55.54851],[88.80657,55.55334],[88.80354,55.55536],[88.79978,55.55157],[88.7191,55.51842],[88.70758,55.52158],[88.70069,55.51758],[88.69371,55.52086],[88.67905,55.51959]],[[89.08312,55.56514],[89.09083,55.56095],[89.09238,55.55732]],[[89.09238,55.55732],[89.09083,55.5612],[89.08312,55.56514]],[[89.09238,55.55732],[89.09254,55.55638]],[[89.09254,55.55638],[89.09262,55.55562],[89.09309,55.55485],[89.09436,55.55405],[89.09574,55.55364],[89.11601,55.5528],[89.14369,55.54856]],[[89.14374,55.54866],[89.11613,55.55292],[89.09579,55.5538],[89.0935,55.55468],[89.09254,55.55638]],[[89.11952,55.5524],[89.11957,55.55253]],[[89.14369,55.54856],[89.14374,55.54866]],[[89.14369,55.54856],[89.14545,55.54823]],[[89.14551,55.54834],[89.14374,55.54866]],[[89.14545,55.54823],[89.14551,55.54834]],[[89.14545,55.54823],[89.15584,55.5463],[89.16992,55.54412]],[[89.1698,55.54451],[89.14551,55.54834]],[[89.16861,55.54011],[89.16875,55.54008]],[[89.1698,55.54451],[89.17018,55.54402],[89.17109,55.54434],[89.17059,55.54474],[89.1698,55.54451]],[[89.17003,55.54406],[89.16981,55.54293]],[[89.16981,55.54293],[89.16861,55.54011],[89.16818,55.5391],[89.1684,55.53818],[89.17178,55.53448],[89.18142,55.5241],[89.18163,55.52394],[89.18185,55.52383],[89.18218,55.52368],[89.18411,55.52308]],[[89.17,55.54291],[89.16981,55.54293]],[[89.18419,55.52331],[89.18267,55.52364],[89.18201,55.52392],[89.18162,55.52416],[89.17955,55.52638],[89.17839,55.52762],[89.17613,55.53009],[89.17199,55.53456],[89.16858,55.53821],[89.16835,55.53909],[89.16875,55.54008],[89.16916,55.54096],[89.17,55.54291],[89.1704,55.54384],[89.17059,55.54401]],[[89.17178,55.53448],[89.17199,55.53456]],[[89.17613,55.53009],[89.17593,55.53004]],[[89.17955,55.52638],[89.17936,55.52633]],[[89.18185,55.52383],[89.18201,55.52392]],[[89.82333,55.31854],[89.82046,55.32463],[89.78458,55.33435],[89.77363,55.33261],[89.74705,55.3223],[89.73511,55.31962],[89.66995,55.30943],[89.64122,55.30782],[89.60668,55.30376],[89.58797,55.30493],[89.56308,55.31127],[89.52774,55.30885],[89.51021,55.30891],[89.49154,55.31086],[89.39734,55.30915],[89.32858,55.29576],[89.29512,55.29278],[89.28558,55.29388],[89.28354,55.29524],[89.2839,55.29886],[89.28217,55.3006],[89.26677,55.3012],[89.24733,55.31233],[89.23017,55.31551],[89.22508,55.31806],[89.22237,55.34554],[89.21709,55.35717],[89.21759,55.36478],[89.22067,55.3696],[89.22248,55.3768],[89.20088,55.39648],[89.19204,55.4084],[89.18575,55.41144],[89.16497,55.41557],[89.14468,55.41638],[89.13546,55.42007],[89.13268,55.42237],[89.1334,55.42517],[89.14862,55.43644],[89.15226,55.44074],[89.15758,55.45591],[89.1564,55.45843],[89.15783,55.46889],[89.15582,55.47621],[89.1644,55.48541],[89.18468,55.52271]],[[89.1876,55.52836],[89.18483,55.52354]],[[89.1853,55.52345],[89.18523,55.5237],[89.18782,55.52832],[89.1893,55.53122]],[[89.1893,55.53122],[89.1876,55.52836]],[[89.1876,55.52836],[89.18782,55.52832]],[[90.12151,55.90937],[90.10444,55.91047],[90.07399,55.90271],[90.05571,55.90006],[90.04773,55.8919],[90.03808,55.89037],[90.02856,55.89047],[89.98315,55.87863],[89.94866,55.88697],[89.92107,55.87997],[89.89438,55.88538],[89.88723,55.88541],[89.86785,55.8809],[89.85453,55.88023],[89.79785,55.87207],[89.76535,55.86092],[89.62418,55.846],[89.6098,55.84351],[89.60445,55.84137],[89.60144,55.83252],[89.60012,55.83136],[89.58086,55.82727],[89.54491,55.8098],[89.54024,55.80474],[89.52867,55.78156],[89.51228,55.77072],[89.50545,55.76024],[89.48026,55.75083],[89.45422,55.75018],[89.39342,55.74356],[89.34113,55.7361],[89.32822,55.72663],[89.32598,55.72375],[89.32896,55.69146],[89.32765,55.68944],[89.30534,55.68159],[89.28273,55.66894],[89.26074,55.6669],[89.25865,55.66421],[89.24474,55.6612],[89.18777,55.65179],[89.20532,55.62512],[89.20662,55.57465],[89.20944,55.556],[89.20828,55.55258],[89.20276,55.54462],[89.19774,55.54258],[89.19922,55.54021],[89.19162,55.53784],[89.1893,55.53122]],[[89.30859,56.54747],[89.29674,56.55313],[89.28609,56.54452],[89.28259,56.54014],[89.28103,56.53405],[89.283,56.52876],[89.29279,56.51618],[89.32959,56.48968],[89.34007,56.47775],[89.3698,56.43236],[89.38236,56.41534],[89.39143,56.39973],[89.3931,56.39478],[89.39116,56.3855],[89.3921,56.38277],[89.41453,56.35593],[89.42322,56.34926],[89.45068,56.33651],[89.46177,56.32817],[89.46774,56.3213],[89.46938,56.31738],[89.47404,56.29013],[89.48835,56.27365],[89.48698,56.26214],[89.48978,56.25528],[89.50485,56.24398],[89.56451,56.23806],[89.58057,56.23427],[89.58632,56.23166],[89.59007,56.22727],[89.59862,56.20096],[89.60957,56.18982],[89.61005,56.18796],[89.60804,56.18038]],[[89.54601,56.19267],[89.54582,56.19288]],[[89.56174,56.18362],[89.56195,56.18315]],[[89.56234,56.18346],[89.56174,56.18362],[89.55808,56.18465],[89.55663,56.18509],[89.54999,56.18825],[89.54808,56.19023],[89.5328,56.20792],[89.53125,56.21003],[89.54423,56.21327],[89.54712,56.21873],[89.5465,56.21983],[89.55139,56.22199],[89.58632,56.23166]],[[89.59677,56.20574],[89.59697,56.20507]],[[89.60804,56.18038],[89.60589,56.17952]],[[89.60804,56.18038],[89.60793,56.17821],[89.61179,56.17897]],[[89.82333,55.31854],[89.82311,55.31833]],[[89.82342,55.31817],[89.82333,55.31854]],[[91.09507,55.3632],[91.08081,55.36337],[91.04548,55.35255],[91.03846,55.3513],[90.97523,55.35271],[90.95579,55.34214],[90.94677,55.33907],[90.88485,55.32047],[90.75831,55.28571],[90.64817,55.27427],[90.60135,55.25922],[90.5622,55.24323],[90.53648,55.22933],[90.45011,55.2081],[90.44306,55.20742],[90.37317,55.21586],[90.36091,55.21402],[90.35159,55.21467],[90.33987,55.22016],[90.28136,55.2326],[90.25699,55.24002],[90.18122,55.25156],[90.11733,55.27806],[90.0412,55.28154],[90.0113,55.28952],[89.9963,55.29773],[89.9027,55.31085],[89.87117,55.32071]],[[90.3295,54.70606],[90.35017,54.71759],[90.35256,54.72065],[90.3516,54.73359],[90.34239,54.74762],[90.34048,54.75563],[90.34257,54.76281],[90.3593,54.80121],[90.36762,54.80597],[90.38843,54.81187],[90.39805,54.81809],[90.41975,54.85091],[90.42436,54.86756],[90.42606,54.86981],[90.47762,54.89377],[90.50114,54.90986],[90.51024,54.91424],[90.53225,54.92876],[90.57329,54.94845],[90.59689,54.95352],[90.63231,54.95095],[90.69068,54.95039],[90.70929,54.95335],[90.73975,54.96293],[90.75518,54.96429],[90.76626,54.96701],[90.77696,54.96695],[90.85164,54.97803]],[[90.47346,56.24553],[90.46987,56.24528],[90.47015,56.23964]],[[90.4729,56.25351],[90.47346,56.24553]],[[90.47346,56.24553],[90.4799,56.24567]],[[90.47346,56.24553],[90.47376,56.24006]],[[90.50697,56.2799],[90.50514,56.27851],[90.50357,56.27727],[90.50156,56.27407],[90.49893,56.27228],[90.49528,56.27006],[90.48934,56.2662],[90.48607,56.26403],[90.48131,56.26101],[90.47893,56.25936]],[[90.47898,56.25881],[90.47935,56.25374]],[[90.47994,56.24505],[90.50288,56.25951]],[[90.50487,56.26472],[90.50034,56.26706]],[[90.5026,56.43614],[90.50135,56.43109],[90.50176,56.42831],[90.5195,56.39997],[90.52078,56.39639],[90.51835,56.33413],[90.51953,56.32902],[90.52497,56.31695],[90.52648,56.31479]],[[90.51044,56.45453],[90.50275,56.4364]],[[90.50288,56.25951],[90.50363,56.26014],[90.50205,56.26122],[90.50492,56.26306],[90.505,56.26457]],[[90.50288,56.25951],[90.48934,56.2662],[90.48749,56.26703],[90.48659,56.26758],[90.49677,56.27441],[90.50639,56.2831],[90.50154,56.29641],[90.51662,56.30174],[90.53421,56.30526]],[[90.51173,56.24037],[90.51332,56.24108],[90.51376,56.2429],[90.51095,56.24844],[90.51125,56.25451],[90.50752,56.25758],[90.50288,56.25951]],[[90.52648,56.31479],[90.52003,56.32855],[90.51867,56.334],[90.51859,56.33552],[90.51867,56.33651],[90.51873,56.33724],[90.51894,56.33901],[90.51902,56.34063],[90.52116,56.39379],[90.52097,56.39654],[90.51913,56.40093],[90.50223,56.42796],[90.50162,56.43133],[90.50357,56.43593]],[[90.50374,56.43633],[90.51135,56.45439]],[[90.50514,56.27851],[90.51331,56.27622]],[[90.50515,56.26467],[90.50863,56.26683],[90.51687,56.26871],[90.52108,56.27295]],[[90.50697,56.2799],[90.50908,56.28178],[90.50613,56.28281]],[[90.51331,56.27622],[90.51432,56.277],[90.50697,56.2799]],[[90.50874,56.23985],[90.51058,56.24002],[90.51105,56.24012],[90.51173,56.24037]],[[90.51117,56.46865],[90.51046,56.45478]],[[90.51071,56.2405],[90.51127,56.2402]],[[90.51173,56.24037],[90.5113,56.24038],[90.51076,56.24053]],[[90.51119,56.24041],[90.51117,56.24079]],[[90.5118,56.46967],[90.51123,56.46902]],[[90.5115,56.45479],[90.51208,56.46863]],[[90.5118,56.46967],[90.51115,56.47242],[90.49973,56.49012],[90.52058,56.53212],[90.51069,56.56906],[90.51695,56.59364],[90.54959,56.61485],[90.58061,56.62857],[90.58056,56.63904],[90.58268,56.64233],[90.5993,56.64658],[90.60738,56.65151],[90.60807,56.65426],[90.60197,56.66484],[90.60182,56.66551],[90.60169,56.6666],[90.60172,56.66925],[90.60284,56.67245],[90.61257,56.68576],[90.62483,56.69843],[90.63375,56.70516],[90.64671,56.71197],[90.64973,56.71463],[90.65086,56.71716],[90.65108,56.72903],[90.65439,56.73646],[90.66526,56.75295],[90.66804,56.7618],[90.66536,56.77847],[90.6658,56.78133],[90.6687,56.78463],[90.68687,56.79791],[90.68943,56.80113],[90.6895,56.80414],[90.68276,56.81937],[90.66933,56.83269],[90.66658,56.84531],[90.66012,56.85154],[90.65874,56.85495],[90.66492,56.8672],[90.66416,56.87275],[90.66492,56.87535],[90.66843,56.88083],[90.67645,56.88715],[90.69057,56.92784],[90.69576,56.93411],[90.70884,56.94352],[90.71096,56.94683],[90.71168,56.95166],[90.68601,56.95135],[90.67402,56.95371]],[[90.51209,56.469],[90.5118,56.46967]],[[90.51209,56.469],[90.51147,56.4691],[90.51109,56.46877],[90.51117,56.46865],[90.51138,56.46855],[90.51189,56.46854],[90.51209,56.469]],[[90.52108,56.27295],[90.51331,56.27622]],[[90.51864,56.33617],[90.51911,56.33645]],[[90.51902,56.34063],[90.51877,56.34063]],[[90.52108,56.27295],[90.52723,56.27165],[90.53887,56.27321],[90.54207,56.27471]],[[90.52648,56.31479],[90.53439,56.30507],[90.53538,56.30372],[90.54062,56.29361],[90.54284,56.27562]],[[90.97971,55.04406],[90.97799,55.04532],[90.95214,55.04269],[90.92286,55.05382],[90.9134,55.06151],[90.87664,55.07514],[90.8463,55.0843],[90.83821,55.08975],[90.81824,55.09145],[90.77432,55.10244],[90.75206,55.10579],[90.71392,55.1166],[90.68376,55.1323],[90.67987,55.13528],[90.67665,55.14018],[90.68115,55.14935],[90.66208,55.15236],[90.65425,55.15759],[90.63832,55.16227],[90.60095,55.1778],[90.56076,55.20248],[90.5592,55.20542],[90.55854,55.21046],[90.55658,55.21345],[90.53495,55.22884]],[[90.54207,56.27471],[90.54299,56.27445]],[[90.54207,56.27471],[90.54233,56.27481]],[[90.54233,56.27481],[90.54292,56.27502],[90.54284,56.27562]],[[90.54284,56.27562],[90.54233,56.27481]],[[90.58057,56.63643],[90.57988,56.63636]],[[90.60182,56.66551],[90.60142,56.66517]],[[90.60195,56.66492],[90.60237,56.66525]],[[90.91685,55.01162],[90.93283,55.00862],[90.95684,55.0087]],[[90.9575,55.029],[90.95219,55.01895],[90.95691,55.00974]],[[90.95691,55.00974],[90.95708,55.00908]],[[90.95761,55.00918],[90.95691,55.00974]],[[90.95735,55.00836],[90.95808,55.00787]],[[90.95808,55.00787],[90.95826,55.00862]],[[91.00001,54.9932],[90.99861,54.99177],[90.99109,54.99045],[90.97494,54.98414],[90.95975,54.99657],[90.95801,55.00061],[90.95808,55.00787]],[[90.95826,55.00862],[90.9578,55.00916],[90.95683,55.0088],[90.95735,55.00836],[90.95772,55.00835],[90.9579,55.00838],[90.95826,55.00862]],[[91.07337,54.97868],[91.07671,54.97996],[91.0803,54.9796],[91.09536,54.97174],[91.10642,54.96071],[91.12227,54.95359],[91.1227,54.95183],[91.11945,54.94957],[91.11805,54.94708],[91.1185,54.94594],[91.12608,54.94609],[91.13089,54.94233],[91.12345,54.93809],[91.11634,54.93596],[91.09223,54.93381],[91.06751,54.92681],[91.07104,54.91868],[91.05861,54.87573],[91.05891,54.87135],[91.05379,54.86544],[91.0501,54.8657],[91.04632,54.86317],[91.04159,54.85602],[91.03724,54.83801],[91.0363,54.81937],[91.03333,54.81475],[91.03395,54.81227],[91.03707,54.81057],[91.07915,54.80842],[91.10159,54.80358],[91.12977,54.80728],[91.15328,54.81339],[91.17034,54.81535],[91.18411,54.8145],[91.1861,54.81638],[91.20495,54.81659],[91.2133,54.81972],[91.22075,54.81947],[91.2465,54.80398],[91.25459,54.79326],[91.26976,54.79005],[91.28555,54.7747],[91.28472,54.76966],[91.28074,54.76244],[91.28763,54.75292],[91.28945,54.74634],[91.2884,54.74282],[91.29467,54.72304],[91.3024,54.71255],[91.30223,54.71038],[91.29948,54.70804],[91.29933,54.7065],[91.31016,54.70371],[91.32553,54.70647],[91.32845,54.70518],[91.31949,54.69719],[91.29333,54.67926],[91.28824,54.6724],[91.28844,54.66709],[91.28471,54.65918],[91.28437,54.65172],[91.28662,54.65028],[91.30488,54.64652],[91.30901,54.64293],[91.3127,54.63595],[91.31782,54.63494],[91.3281,54.63005],[91.34257,54.62702],[91.3476,54.61889],[91.34795,54.6158],[91.35752,54.61152],[91.36441,54.60616],[91.36262,54.60201],[91.35923,54.59866],[91.35857,54.59599],[91.34875,54.5859],[91.35286,54.58338],[91.35148,54.57672],[91.34841,54.57053],[91.34963,54.56328],[91.34636,54.55661],[91.35248,54.54629],[91.35052,54.54168],[91.37162,54.53878],[91.41716,54.5271],[91.45847,54.52322],[91.47607,54.5184],[91.47911,54.516],[91.47995,54.5091],[91.48652,54.50491],[91.4865,54.49382],[91.49014,54.48595],[91.48246,54.48074],[91.48436,54.4774],[91.48407,54.47169],[91.49894,54.45811],[91.5915,54.42196],[91.59976,54.41681],[91.608,54.41338],[91.73487,54.41187],[91.78521,54.39149],[91.79311,54.39006],[91.83641,54.37392],[91.84117,54.36768],[91.84358,54.35892],[91.8628,54.34767],[91.86473,54.3417],[91.86522,54.33521],[91.86771,54.33035],[91.86645,54.32822],[91.85494,54.32022],[91.82671,54.31047],[91.81787,54.30688]],[[91.09507,55.3632],[91.09967,55.36298]],[[91.09967,55.36298],[91.09655,55.36316],[91.09507,55.3632]],[[91.09536,55.36318],[91.09625,55.36292]],[[91.09625,55.36283],[91.09717,55.36305]],[[91.71615,55.38752],[91.70419,55.38876],[91.64135,55.38481],[91.62596,55.38165],[91.61955,55.38982],[91.61825,55.39008],[91.58588,55.38616],[91.56426,55.37924],[91.53703,55.37541],[91.46888,55.37193],[91.42323,55.37132],[91.36245,55.37578],[91.304,55.36013],[91.27207,55.35813],[91.24999,55.36064],[91.17129,55.35944],[91.09967,55.36298]],[[91.49452,52.97035],[91.50433,52.968],[91.5066,52.97257],[91.50596,52.97747],[91.50961,52.9895],[91.5061,52.99944],[91.49937,53.00713],[91.4879,53.01185],[91.48037,53.01737],[91.47631,53.01905],[91.47015,53.0247],[91.455,53.05514],[91.45257,53.06218],[91.45219,53.06727],[91.4534,53.07232],[91.45604,53.07662],[91.46086,53.08117],[91.47035,53.08683],[91.48761,53.09471],[91.55352,53.11802],[91.57848,53.12342],[91.59693,53.12276],[91.6231,53.12871],[91.65338,53.13226],[91.69167,53.14496],[91.70435,53.14649],[91.71114,53.15254],[91.73719,53.17064],[91.761,53.17756],[91.79884,53.18062],[91.80542,53.18241],[91.81705,53.19033],[91.82208,53.19636],[91.82285,53.2],[91.82221,53.2041],[91.81839,53.21549],[91.81896,53.21964],[91.82138,53.2236],[91.84115,53.2449],[91.85466,53.25194],[91.85649,53.26258],[91.88226,53.27639],[91.89933,53.29056],[91.9144,53.31156],[91.91627,53.3129],[91.92028,53.31546],[91.92092,53.31584],[91.92129,53.31604],[91.92366,53.31757],[91.92643,53.31947]],[[91.81787,54.30688],[91.80594,54.31674],[91.80396,54.31732],[91.76902,54.30765],[91.75214,54.30642],[91.74568,54.30479],[91.7405,54.30563],[91.72469,54.30461],[91.70895,54.30669],[91.68435,54.29771],[91.66667,54.29667],[91.65256,54.30156],[91.63007,54.30393],[91.61978,54.30721],[91.61401,54.31123],[91.58587,54.30103],[91.57024,54.3051],[91.5615,54.30545],[91.55663,54.31087]],[[91.66778,53.69181],[91.66223,53.6955],[91.66749,53.69165]],[[91.68559,53.7097],[91.71119,53.70003]],[[91.68892,53.72883],[91.68908,53.72814]],[[91.68987,53.7304],[91.68899,53.72927]],[[91.68908,53.72814],[91.69093,53.72879]],[[91.71119,53.70003],[91.71437,53.70306],[91.69056,53.71676],[91.69096,53.72232],[91.68908,53.72814]],[[91.68987,53.7304],[91.69256,53.7416],[91.6943,53.75636],[91.70952,53.77133],[91.75579,53.8107],[91.75933,53.82815],[91.7696,53.83605],[91.78744,53.8545],[91.79436,53.86827],[91.79585,53.87624],[91.79854,53.88308],[91.80384,53.88863],[91.80441,53.89419],[91.80177,53.90947],[91.80355,53.91738],[91.8143,53.92302],[91.81774,53.92735],[91.79121,53.98209],[91.79079,53.98457],[91.79343,53.99604],[91.77798,54.01148],[91.77467,54.02933],[91.77418,54.05391],[91.76278,54.06702],[91.76155,54.07393],[91.75811,54.0817],[91.75816,54.10118],[91.76062,54.10832],[91.77409,54.12364],[91.8253,54.15724],[91.82617,54.15957],[91.82342,54.16933]],[[91.69093,53.72879],[91.68987,53.7304]],[[91.69093,53.72879],[91.7117,53.72632],[91.72511,53.72241]],[[91.69587,53.68246],[91.70147,53.69083],[91.71119,53.70003]],[[91.71119,53.70003],[91.71597,53.69817],[91.71764,53.6951],[91.72387,53.68929]],[[91.72511,53.72241],[91.72566,53.72213]],[[91.72602,53.72238],[91.72511,53.72241]],[[91.82342,54.16933],[91.82161,54.19142],[91.82631,54.20915],[91.82358,54.21409],[91.82555,54.21829],[91.82213,54.22242],[91.82475,54.22726],[91.81401,54.25789],[91.8151,54.26216],[91.80997,54.29393],[91.81367,54.30341],[91.81787,54.30688]],[[91.82342,54.16933],[91.86988,54.15984],[91.88298,54.15536],[91.88605,54.15195],[91.89839,54.15064],[91.93155,54.15291],[91.94031,54.15442],[91.95166,54.15229],[91.98255,54.15002],[91.98836,54.14851],[91.9928,54.14517],[92.01629,54.1202],[92.02464,54.10275],[92.02597,54.09315],[92.04223,54.08603],[92.04994,54.07817],[92.05084,54.07415],[92.04453,54.06808],[92.0403,54.06128],[92.04146,54.0594],[92.05467,54.05096],[92.08798,54.03169],[92.11472,54.02834],[92.24487,53.99178],[92.28776,53.96085],[92.29543,53.95285],[92.29754,53.94523],[92.30195,53.94358],[92.31601,53.94314],[92.3277,53.94135],[92.34043,53.93111],[92.3527,53.92631],[92.37665,53.90604],[92.41617,53.89082],[92.42909,53.88336],[92.43227,53.8807],[92.43437,53.87577],[92.44669,53.86342],[92.45723,53.85858],[92.46466,53.8589],[92.4862,53.86534],[92.52368,53.87418],[92.52878,53.87392],[92.56933,53.86236],[92.59188,53.8639],[92.60886,53.87033]],[[92.14161,54.37527],[92.13802,54.37466],[92.12049,54.3671],[92.10967,54.36581],[92.0837,54.3693],[92.05905,54.37114],[92.02657,54.36287],[92.00191,54.35993],[91.98064,54.35427],[91.95131,54.34225],[91.94281,54.33689],[91.91378,54.32313],[91.90904,54.31804],[91.90899,54.31467],[91.89998,54.30687],[91.8904,54.30256],[91.88264,54.30052],[91.86947,54.29847],[91.85791,54.30221],[91.84043,54.31514]],[[91.91582,53.32256],[91.91549,53.31953],[91.92092,53.31584],[91.92345,53.31504],[91.92949,53.31499],[91.93216,53.31668],[91.93892,53.31684],[91.9397,53.31704],[91.9409,53.31739],[91.94516,53.3186],[91.94996,53.31989]],[[91.92643,53.31947],[91.93436,53.32285],[91.94372,53.32668]],[[91.92643,53.31947],[91.93182,53.32499]],[[91.93084,53.32587],[91.93182,53.32499],[91.93436,53.32285],[91.9409,53.31739],[91.94234,53.31649],[91.97342,53.30719],[91.98384,53.30069],[91.98705,53.29489],[91.99429,53.27922],[91.99408,53.2763],[91.99218,53.27192],[91.9883,53.26923],[91.98782,53.26636],[91.98459,53.26318],[91.97637,53.2597],[91.96734,53.25343],[91.96756,53.25187],[91.9727,53.24723],[91.96907,53.24682]],[[91.94372,53.32668],[91.94515,53.32697],[91.95392,53.33327],[91.95391,53.33368]],[[91.95391,53.33368],[91.94372,53.32668]],[[91.95391,53.33368],[91.95599,53.33518]],[[91.95599,53.33518],[91.9595,53.33765],[91.96122,53.34037]],[[91.96063,53.34036],[91.95929,53.33778],[91.95599,53.33518]],[[91.96122,53.34037],[91.96183,53.34135],[91.96143,53.34156],[91.96037,53.34076],[91.96063,53.34036],[91.96086,53.34031],[91.96122,53.34037]],[[91.96217,53.34197],[91.96143,53.34156]],[[91.96183,53.34135],[91.96217,53.34197]],[[91.96217,53.34197],[91.98284,53.37737]],[[91.98284,53.37737],[91.98835,53.38679],[91.99346,53.40205],[92.00513,53.40664],[92.01755,53.40952],[92.01844,53.40961],[92.01976,53.40958],[92.02055,53.40952]],[[91.98284,53.37737],[91.98956,53.37685],[92.00469,53.38078],[92.02236,53.3881],[92.03478,53.39286],[92.03717,53.39377],[92.04003,53.39481]],[[92.02025,53.40954],[92.0205,53.40934]],[[92.03841,53.39422],[92.04144,53.39419]],[[93.26709,57.62759],[93.26078,57.62299],[93.22368,57.60988],[93.20322,57.61151],[93.1947,57.61417],[93.17756,57.61657],[93.16765,57.62068],[93.16462,57.62096],[93.14931,57.61985],[93.11003,57.61293],[93.07317,57.60883],[93.03239,57.61214],[92.97544,57.61155],[92.927,57.5991],[92.89524,57.59719],[92.87248,57.59798],[92.85292,57.60577],[92.84964,57.61105],[92.84717,57.61268],[92.83543,57.61543],[92.79341,57.6117],[92.77534,57.61362],[92.75375,57.61235],[92.74373,57.61049],[92.73162,57.61052],[92.69734,57.60644],[92.64405,57.60192],[92.60539,57.61044],[92.55465,57.60967],[92.5127,57.61735],[92.5002,57.61808],[92.47288,57.61577],[92.46237,57.61749],[92.44668,57.6164],[92.41645,57.6214],[92.33182,57.61417],[92.31773,57.61414],[92.3021,57.61166],[92.28588,57.61337],[92.27615,57.62227],[92.27259,57.62274],[92.27062,57.62577]],[[92.3572,55.96196],[92.35931,55.96185]],[[92.35851,55.96223],[92.35931,55.96185],[92.36106,55.9611],[92.36212,55.96067],[92.3662,55.95892],[92.36665,55.95868],[92.36876,55.95793],[92.38389,55.95756]],[[92.36754,53.2765],[92.36748,53.27664]],[[92.38843,55.9623],[92.38882,55.96143],[92.38419,55.95956],[92.38389,55.95756]],[[92.38389,55.95756],[92.38538,55.9562],[92.38766,55.95615],[92.3886,55.95612],[92.39228,55.95591],[92.39433,55.95548]],[[92.38766,55.95615],[92.3873,55.95478],[92.38225,55.9529],[92.37738,55.95302],[92.3735,55.95461],[92.3618,55.95496],[92.35931,55.95973],[92.35946,55.95995],[92.36033,55.96057],[92.36106,55.9611],[92.36144,55.96138],[92.36182,55.96157],[92.36909,55.96275],[92.38843,55.9623]],[[92.38843,55.9623],[92.39017,55.96231]],[[92.39017,55.96231],[92.39126,55.96233]],[[92.39032,55.9627],[92.39017,55.96231]],[[92.4785,56.20169],[92.47102,56.19125],[92.47294,56.18956],[92.48562,56.18639],[92.48328,56.18244]],[[92.49218,53.81876],[92.49154,53.81623],[92.49289,53.8142],[92.51699,53.79332],[92.53782,53.7719],[92.54526,53.74856],[92.54441,53.73247],[92.54578,53.7303],[92.55131,53.72638],[92.55391,53.71886],[92.55716,53.71517],[92.56658,53.71216],[92.57624,53.71196],[92.58342,53.71467],[92.60539,53.71467],[92.62427,53.71774],[92.63958,53.7157],[92.65006,53.71289],[92.66366,53.71455],[92.67015,53.71273],[92.68571,53.71147],[92.694,53.70941],[92.69984,53.70602],[92.70695,53.6981],[92.77471,53.65996],[92.77883,53.65832],[92.78665,53.65804],[92.78998,53.65685],[92.79601,53.64793],[92.79915,53.64522],[92.81841,53.63817],[92.83229,53.62669],[92.85092,53.61515],[92.84776,53.59544],[92.84835,53.5939],[92.85444,53.59058],[92.8624,53.58925],[92.86793,53.58621],[92.87105,53.58631]],[[92.56246,56.15698],[92.56558,56.15767],[92.56792,56.15822]],[[92.56251,56.16138],[92.56527,56.15922],[92.56246,56.15698]],[[92.59543,56.08325],[92.58845,56.08599],[92.57657,56.08548],[92.57573,56.08768],[92.58465,56.09883],[92.59535,56.10345],[92.59609,56.10523],[92.59546,56.11114],[92.56393,56.13352],[92.55928,56.13855],[92.55124,56.14213],[92.54752,56.14616],[92.54698,56.15027],[92.54988,56.15319],[92.56246,56.15698]],[[92.57347,56.15945],[92.57646,56.15868],[92.57419,56.15807],[92.57368,56.15821],[92.57152,56.15884],[92.57081,56.15905],[92.56396,56.16105],[92.56265,56.16148]],[[92.56792,56.15822],[92.56574,56.15814],[92.56558,56.15767]],[[92.56792,56.15822],[92.5708,56.15886],[92.57128,56.15896],[92.57347,56.15945]],[[92.57347,56.15945],[92.57689,56.16024]],[[92.57689,56.16024],[92.58458,56.16193]],[[92.57913,56.16082],[92.57689,56.16024]],[[92.58811,56.0733],[92.58947,56.07379],[92.59063,56.07428],[92.5912,56.07453],[92.59155,56.07472],[92.59531,56.07767],[92.60691,56.07558]],[[92.59543,56.08325],[92.59598,56.08193],[92.59525,56.08103],[92.59431,56.07977],[92.59154,56.07574],[92.58811,56.0733]],[[92.74844,56.02281],[92.7251,56.0196],[92.71383,56.01985],[92.71248,56.02469],[92.71033,56.02539],[92.69897,56.02147],[92.67873,56.02286],[92.67422,56.02457],[92.66291,56.02349],[92.65089,56.02508],[92.64537,56.0239],[92.63756,56.02427],[92.63548,56.02589],[92.6378,56.02895],[92.63688,56.03208],[92.62888,56.03511],[92.6169,56.03499],[92.60877,56.03659],[92.60637,56.03905],[92.60015,56.04021],[92.56389,56.03879],[92.56086,56.03987],[92.5608,56.04109],[92.55448,56.04193],[92.54995,56.04383],[92.54443,56.04761],[92.54669,56.04953],[92.55006,56.06012],[92.55327,56.06454],[92.58811,56.0733]],[[92.59059,56.07475],[92.5912,56.07453]],[[92.59584,56.08086],[92.59525,56.08103]],[[92.60727,56.0759],[92.59501,56.07819],[92.59451,56.07934],[92.59474,56.07968],[92.59584,56.08086],[92.59631,56.08135],[92.59649,56.08176],[92.59543,56.08325]],[[92.59571,56.08156],[92.59631,56.08135]],[[92.60691,56.07558],[92.60815,56.07534]],[[92.60691,56.07558],[92.60757,56.07552],[92.60772,56.07564],[92.60727,56.0759]],[[92.60836,56.07571],[92.60727,56.0759]],[[92.60836,56.07571],[92.60815,56.07534]],[[92.60815,56.07534],[92.63421,56.0709]],[[92.66769,56.06565],[92.65175,56.06818],[92.63567,56.07108],[92.60836,56.07571]],[[92.63421,56.0709],[92.63548,56.07068]],[[92.63421,56.0709],[92.63457,56.07086],[92.63487,56.07096],[92.63458,56.07127]],[[92.63567,56.07108],[92.63548,56.07068]],[[92.63548,56.07068],[92.66752,56.06526]],[[92.66129,55.97592],[92.67557,55.97904],[92.72412,55.98284]],[[92.66769,56.06565],[92.66752,56.06526]],[[92.66752,56.06526],[92.68106,56.06257]],[[92.68089,56.06273],[92.66769,56.06565]],[[92.68394,56.06245],[92.68288,56.06246],[92.68089,56.06273]],[[92.68394,56.06245],[92.68089,56.06273]],[[92.68106,56.06257],[92.68184,56.06208],[92.68353,56.06232]],[[92.68106,56.06257],[92.68353,56.06232]],[[92.68353,56.06232],[92.69614,56.06154]],[[92.6838,53.89722],[92.69359,53.89611],[92.72154,53.88682],[92.72711,53.88628],[92.74188,53.88778],[92.74588,53.88686]],[[92.6964,56.06192],[92.68394,56.06245]],[[92.69614,56.06154],[92.6964,56.06192]],[[92.69614,56.06154],[92.6971,56.06146]],[[92.6971,56.06186],[92.6964,56.06192]],[[92.6971,56.06186],[92.6971,56.06146]],[[92.71931,56.06061],[92.71635,56.0614],[92.71378,56.06175],[92.6971,56.06186]],[[92.6971,56.06146],[92.71318,56.06168],[92.71931,56.06061]],[[92.7477,56.05379],[92.73745,56.05515],[92.73272,56.05764],[92.71931,56.06061]],[[92.72412,55.98284],[92.72559,55.98295]],[[92.72412,55.98284],[92.7255,55.98361]],[[92.72505,55.98292],[92.7249,55.98323]],[[92.7255,55.98361],[92.73508,55.98815],[92.74237,55.98999],[92.74416,55.991],[92.74719,55.99283],[92.74979,55.99436],[92.75125,55.99519],[92.77413,56.00702],[92.78841,56.01552]],[[92.72559,55.98295],[92.7255,55.98361]],[[92.72559,55.98295],[92.73641,55.98347],[92.74345,55.98646],[92.75094,55.98848],[92.75106,55.98849],[92.75258,55.98849],[92.75352,55.98851],[92.7559,55.98912],[92.76837,55.99425],[92.79468,55.99713]],[[92.74811,55.99337],[92.74959,55.9931]],[[92.74844,56.02281],[92.74997,56.02289]],[[92.7499,56.02305],[92.74844,56.02281]],[[92.74907,56.05371],[92.74775,56.05378],[92.74909,56.05343]],[[92.74959,55.9931],[92.74979,55.99436]],[[92.75295,55.98899],[92.74959,55.9931]],[[92.75029,56.02311],[92.7499,56.02305]],[[92.7499,56.02305],[92.74997,56.02289]],[[92.74997,56.02289],[92.75033,56.02292]],[[92.75446,56.02365],[92.75029,56.02311]],[[92.75033,56.02292],[92.75029,56.02311]],[[92.75033,56.02292],[92.75467,56.02354]],[[92.75295,55.98899],[92.75258,55.98849]],[[92.75336,55.98851],[92.75295,55.98899]],[[92.75544,56.02383],[92.75446,56.02365]],[[92.75467,56.02354],[92.75446,56.02365]],[[92.75467,56.02354],[92.75544,56.02383]],[[92.75599,56.02064],[92.75467,56.02354]],[[92.77469,56.02997],[92.75544,56.02383]],[[92.75599,56.02064],[92.75617,56.0202]],[[92.75639,56.02034],[92.75599,56.02064]],[[92.75639,56.02034],[92.75617,56.0202]],[[92.75617,56.0202],[92.75598,56.02002],[92.75628,56.0201]],[[92.75617,56.0202],[92.75628,56.0201]],[[92.75628,56.0201],[92.75657,56.02011]],[[92.7566,56.02029],[92.75639,56.02034]],[[92.75657,56.02011],[92.75744,56.02026]],[[92.75657,56.02011],[92.7566,56.02029]],[[92.75744,56.02026],[92.7566,56.02029]],[[92.76034,56.02059],[92.75744,56.02026]],[[92.76034,56.02059],[92.76006,56.02075]],[[92.78841,56.01552],[92.76854,56.01834],[92.76034,56.02059]],[[92.78841,56.01552],[92.79501,56.01904]],[[92.79501,56.01904],[92.79357,56.01904]],[[92.79468,55.99713],[92.79694,55.99823]],[[92.79694,55.99823],[92.7966,55.99815],[92.79468,55.99713]],[[92.79501,56.01904],[92.7968,56.01995]],[[92.7968,56.01995],[92.8032,56.02331],[92.81301,56.02359]],[[92.8009,56.01516],[92.80069,56.01762],[92.7968,56.01995]],[[92.79694,55.99823],[92.80173,56.00384],[92.80117,56.01172]],[[92.79909,55.99728],[92.79694,55.99823]],[[92.79909,55.99728],[92.79953,55.99704]],[[92.79964,55.99719],[92.79909,55.99728]],[[92.80004,55.99718],[92.80427,56.00054],[92.80915,56.00169]],[[92.8009,56.01516],[92.80023,56.01508]],[[92.80041,56.01497],[92.80097,56.01397]],[[92.80091,56.01507],[92.8009,56.01516]],[[92.80097,56.01397],[92.80091,56.01507]],[[92.80148,56.01443],[92.80091,56.01507]],[[92.80097,56.01397],[92.80169,56.01413]],[[92.8011,56.01256],[92.80097,56.01397]],[[92.80114,56.01213],[92.8011,56.01256]],[[92.80187,56.01215],[92.8011,56.01256]],[[92.80114,56.01213],[92.80187,56.01215]],[[92.80117,56.01172],[92.80114,56.01213]],[[92.80117,56.01172],[92.80187,56.01215]],[[92.80356,56.0122],[92.80187,56.01215]],[[92.80259,56.02354],[92.80264,56.02306]],[[92.807,56.0015],[92.80769,56.00226]],[[92.80769,56.00226],[92.80719,56.00227]],[[92.80769,56.00226],[92.80927,56.00239]],[[92.80915,56.00169],[92.81333,56.00256]],[[92.80927,56.00239],[92.80915,56.00169]],[[92.80927,56.00239],[92.81333,56.00256]],[[92.81418,55.98278],[92.81156,55.98204]],[[92.81205,55.98483],[92.81043,55.98427],[92.81156,55.98204]],[[92.81156,55.98204],[92.81218,55.98149]],[[92.81401,55.98523],[92.81205,55.98483]],[[92.81308,55.98426],[92.81205,55.98483]],[[92.81218,55.98149],[92.81262,55.9798],[92.81457,55.979]],[[92.81218,55.98149],[92.81331,55.98135]],[[92.81555,56.02372],[92.81301,56.02359]],[[92.81305,56.02327],[92.81301,56.02359]],[[92.81301,56.02359],[92.81348,56.02356]],[[92.81305,56.02327],[92.81348,56.02356]],[[92.81333,56.00256],[92.8142,56.003],[92.81305,56.02327]],[[92.81308,55.98426],[92.81401,55.98523]],[[92.81418,55.98278],[92.81308,55.98426]],[[92.84901,56.00376],[92.84729,56.00229],[92.82204,55.99464],[92.81324,55.99309]],[[92.81331,55.98135],[92.81348,55.98137]],[[92.81389,55.98024],[92.81265,55.98005],[92.81331,55.98135]],[[92.81348,55.98137],[92.81552,55.98035],[92.81412,55.98027]],[[92.81348,55.98137],[92.81459,55.98228]],[[92.81348,56.02356],[92.81556,56.02363]],[[92.81401,55.98523],[92.81525,55.98528],[92.81596,55.98493],[92.81708,55.98183],[92.82448,55.98087],[92.85436,55.98496]],[[92.81459,55.98228],[92.81418,55.98278]],[[92.81484,55.97903],[92.81585,55.98027],[92.81459,55.98228]],[[92.82055,56.02385],[92.81555,56.02372]],[[92.81556,56.02363],[92.81555,56.02372]],[[92.81556,56.02363],[92.82053,56.02373]],[[92.82053,56.02373],[92.83097,56.02402],[92.83335,56.02458]],[[92.82055,56.02385],[92.82053,56.02373]],[[92.83564,56.02539],[92.83129,56.02418],[92.82055,56.02385]],[[92.83344,56.02461],[92.83564,56.02539]],[[92.83564,56.02539],[92.83419,56.02703],[92.83647,56.02788]],[[92.83647,56.02788],[92.83729,56.02806]],[[92.83701,56.0282],[92.83647,56.02788]],[[92.83701,56.01034],[92.84154,56.01056]],[[92.83847,56.01635],[92.84171,56.01589]],[[92.84387,56.01624],[92.8405,56.01621]],[[92.84073,56.01492],[92.84171,56.01589]],[[92.84171,56.01589],[92.84387,56.01624]],[[92.8418,55.97889],[92.84262,55.97639],[92.84303,55.97643],[92.84511,55.97665],[92.84693,55.97685],[92.848,55.97702]],[[92.8462,56.00657],[92.84225,56.00639],[92.84188,56.00844]],[[92.84298,55.97659],[92.8422,55.97893]],[[92.84298,55.97659],[92.84258,55.97654]],[[92.848,55.97702],[92.84298,55.97659]],[[92.84303,55.97643],[92.84298,55.97659]],[[92.84387,56.01624],[92.84738,56.01642]],[[92.8462,56.00657],[92.84704,56.00662],[92.84712,56.00614]],[[92.8462,56.00657],[92.84712,56.00614]],[[92.84712,56.00614],[92.84842,56.00457]],[[92.85322,56.01653],[92.84738,56.01642]],[[92.84738,56.01642],[92.84769,56.01519]],[[92.84769,56.01519],[92.8535,56.01526]],[[92.84769,56.01519],[92.84849,56.01091]],[[92.88202,55.97868],[92.88818,55.9802],[92.88849,55.98113],[92.848,55.97702]],[[92.84842,56.00457],[92.84986,56.00458]],[[92.84842,56.00457],[92.84901,56.00376]],[[92.84986,56.00458],[92.84901,56.00376]],[[92.84986,56.00458],[92.85917,56.00633]],[[92.85517,56.0202],[92.85488,56.01983],[92.85297,56.01799],[92.85322,56.01653]],[[92.85322,56.01653],[92.8535,56.01526]],[[92.8535,56.01526],[92.87052,56.01618]],[[92.85411,56.02042],[92.85488,56.01983]],[[92.85436,55.98496],[92.85355,55.98746],[92.85519,55.99247],[92.85993,55.99337]],[[92.87681,55.9837],[92.85713,55.98183],[92.85436,55.98496]],[[92.85917,56.00633],[92.86114,56.00693]],[[92.85917,56.00633],[92.85944,56.00695],[92.86114,56.00693]],[[92.86079,55.99289],[92.8605,55.99335],[92.85993,55.99337]],[[92.85993,55.99337],[92.86079,55.99289]],[[92.86079,55.99289],[92.86181,55.99122],[92.86845,55.9918]],[[92.86114,56.00693],[92.87032,56.00689]],[[92.86845,55.9918],[92.87018,55.99299],[92.87331,55.99418],[92.87346,55.99424],[92.87446,55.99454]],[[92.87446,55.99454],[92.87381,55.99447],[92.87321,55.99428],[92.87007,55.99309],[92.86845,55.9918]],[[92.87163,56.00863],[92.87035,56.00784],[92.87032,56.00689]],[[92.87032,56.00689],[92.87145,56.00688]],[[92.87145,56.00688],[92.87723,56.00742]],[[92.87145,56.00688],[92.87046,56.00784],[92.87183,56.00766]],[[92.92159,56.03265],[92.9189,56.03383],[92.87186,56.03306],[92.87169,56.04327]],[[92.87336,55.99433],[92.87346,55.99424]],[[92.87446,55.99454],[92.87834,55.9966]],[[92.87628,56.01236],[92.89086,56.01316]],[[92.87663,56.0108],[92.87723,56.00742]],[[92.87721,55.98374],[92.87681,55.9837]],[[92.87713,55.98404],[92.87681,55.9837]],[[92.87693,55.99916],[92.87834,55.9966]],[[92.87935,55.99695],[92.87712,55.99911]],[[92.8853,55.99141],[92.87778,55.98714],[92.87671,55.98559],[92.87713,55.98404]],[[92.87713,55.98404],[92.87721,55.98374]],[[92.87721,55.98374],[92.88406,55.98445]],[[92.87723,56.00742],[92.89181,56.01028],[92.89156,56.01148]],[[92.87834,55.9966],[92.87935,55.99695]],[[92.87834,55.9966],[92.88116,55.99506]],[[92.88127,55.9951],[92.87935,55.99695]],[[92.88156,55.97846],[92.88153,55.97819]],[[92.88153,55.97819],[92.8818,55.97781]],[[92.88153,55.97819],[92.88167,55.97818],[92.88174,55.97819],[92.88184,55.97825]],[[92.88202,55.97868],[92.88156,55.97846]],[[92.88186,55.97837],[92.88156,55.97846]],[[92.8818,55.97781],[92.88184,55.97825]],[[92.8818,55.97781],[92.88307,55.9739],[92.90362,55.97347],[92.91046,55.97448],[92.90967,55.9702],[92.9134,55.96975],[92.91579,55.97355],[92.92673,55.97605],[92.92694,55.97805],[92.9363,55.98068]],[[92.88184,55.97825],[92.88186,55.97837]],[[92.88186,55.97837],[92.88202,55.97868]],[[92.8853,55.99141],[92.88599,55.99154]],[[92.88576,55.99199],[92.8853,55.99141]],[[92.91671,56.04738],[92.89984,56.03888]],[[92.89984,56.03888],[92.89182,56.03533],[92.89525,56.03609],[92.90962,56.04368]],[[92.89984,56.03888],[92.89993,56.03878]],[[92.90962,56.04368],[92.91687,56.04729]],[[92.90999,56.04292],[92.90962,56.04368]],[[92.91448,56.0994],[92.90989,56.10231],[92.90981,56.10605],[92.9123,56.10963],[92.9171,56.11279]],[[92.91448,56.0994],[92.91691,56.098],[92.91956,56.09848]],[[92.91921,56.09887],[92.91725,56.09831],[92.91448,56.0994]],[[92.9171,56.11279],[92.91928,56.11352]],[[92.91914,56.11363],[92.9171,56.11279]],[[92.931,56.11757],[92.92411,56.11533],[92.91914,56.11363]],[[92.91914,56.11363],[92.91928,56.11352]],[[92.91956,56.09848],[92.92079,56.09901],[92.91921,56.09887]],[[92.91921,56.09887],[92.91956,56.09848]],[[92.91928,56.11352],[92.91952,56.1136],[92.92357,56.11494],[92.92389,56.11505],[92.92413,56.11513],[92.92556,56.11559],[92.92721,56.11614],[92.92917,56.11679],[92.93117,56.11741]],[[92.9254,56.10853],[92.91928,56.11352]],[[92.92131,56.00034],[92.92523,55.99291]],[[92.92389,56.11505],[92.92384,56.11521]],[[92.92708,56.11628],[92.92721,56.11614]],[[92.92789,56.06548],[92.93971,56.05797]],[[92.93651,56.06051],[92.92807,56.06558]],[[92.93002,55.98993],[92.92827,55.9893]],[[92.93002,55.98993],[92.93021,55.98993],[92.93045,55.98993],[92.93095,55.98969]],[[92.93055,55.99012],[92.93002,55.98993]],[[92.93839,55.99229],[92.93055,55.99012]],[[92.93055,55.99012],[92.93095,55.98969]],[[92.93095,55.98969],[92.93982,55.98834]],[[92.93922,56.1219],[92.93859,56.12163],[92.93716,56.11971],[92.931,56.11757]],[[92.931,56.11757],[92.93117,56.11741]],[[92.93117,56.11741],[92.93538,56.11884],[92.93623,56.11912],[92.93728,56.11957],[92.93922,56.1219]],[[92.93117,56.11741],[92.93587,56.11303],[92.94027,56.11378]],[[92.93175,56.06326],[92.93158,56.06317]],[[92.93651,56.06051],[92.93483,56.06174]],[[92.93529,56.11898],[92.93538,56.11884]],[[93.31902,54.26283],[93.30953,54.24872],[93.309,54.24495],[93.30531,54.24251],[93.30852,54.24218],[93.30289,54.23916],[93.29221,54.22318],[93.27137,54.21405],[93.2663,54.2089],[93.26544,54.20577],[93.26142,54.20395],[93.26617,54.19974],[93.27071,54.19961],[93.27669,54.19755],[93.27704,54.19611],[93.2804,54.19415],[93.28222,54.19007],[93.27814,54.18607],[93.26821,54.18036],[93.26513,54.17481],[93.25867,54.17003],[93.24906,54.15118],[93.24899,54.1492],[93.25094,54.14605],[93.25027,54.14167],[93.2597,54.12282],[93.25877,54.12216],[93.25936,54.12068],[93.27134,54.10898],[93.28192,54.10244],[93.28295,54.09578],[93.27956,54.09222],[93.26388,54.08918],[93.24539,54.08716],[93.24031,54.0854],[93.21203,54.08398],[93.20951,54.0831],[93.20486,54.07905],[93.19207,54.07927],[93.18462,54.07821],[93.15353,54.06588],[93.14316,54.06525],[93.13501,54.06284],[93.13315,54.06355],[93.129,54.06889],[93.12353,54.07019],[93.12237,54.07165],[93.11613,54.07388],[93.08624,54.06627],[93.07792,54.06571],[93.07312,54.06862],[93.06605,54.06571],[93.0584,54.06423],[93.05121,54.06075],[93.0445,54.0533],[93.04008,54.05081],[93.03447,54.05017],[93.02005,54.03707],[93.01172,54.03529],[93.00059,54.03687],[92.98484,54.03572],[92.97942,54.03217],[92.97188,54.03068],[92.97083,54.027],[92.96944,54.02594],[92.9609,54.02592],[92.95863,54.02332],[92.9488,54.02211],[92.93921,54.01843],[92.93637,54.01838]],[[92.93994,56.05823],[92.93651,56.06051]],[[92.93839,55.99229],[92.93855,55.99229],[92.93893,55.99226],[92.93932,55.99212],[92.93981,55.99261]],[[92.93981,55.99261],[92.93839,55.99229]],[[92.93922,56.1219],[92.94237,56.12147]],[[92.93994,56.05823],[92.93953,56.05815]],[[92.93971,56.05797],[92.94009,56.05806],[92.94036,56.05812],[92.94108,56.05832],[92.94192,56.05861]],[[92.93971,56.05797],[92.94136,56.05419]],[[92.97085,55.99763],[92.97185,55.99802],[92.97055,55.99991],[92.93981,55.99261]],[[92.97143,55.9954],[92.93982,55.98834]],[[92.93982,55.98834],[92.97154,55.99524]],[[92.94239,56.05897],[92.93994,56.05823]],[[92.94061,56.05753],[92.94009,56.05806],[92.93994,56.05823]],[[92.94061,56.05753],[92.94192,56.05861]],[[92.94153,56.0551],[92.94061,56.05753]],[[92.94109,56.04268],[92.94136,56.05419]],[[92.94136,56.05419],[92.94591,56.05626],[92.94245,56.05489]],[[92.94245,56.05489],[92.94136,56.05419]],[[92.94136,56.05419],[92.94153,56.0551]],[[92.94245,56.05489],[92.94153,56.0551]],[[92.94192,56.05861],[92.94265,56.05878]],[[92.94237,56.12147],[92.9434,56.12114]],[[92.94362,56.12157],[92.94303,56.12144],[92.94237,56.12147]],[[92.94361,56.05924],[92.94239,56.05897]],[[92.94239,56.05897],[92.94265,56.05878]],[[92.94265,56.05878],[92.94361,56.05924]],[[92.94358,58.03519],[92.94353,58.03672]],[[92.94361,56.05924],[92.95298,56.06401]],[[92.94592,56.05627],[92.95939,56.06011]],[[92.94863,55.9719],[92.94717,55.97307],[92.94663,55.97562],[92.95014,55.98183],[92.94885,55.98368]],[[92.94863,55.9719],[92.94875,55.97175]],[[92.94895,55.97183],[92.94863,55.9719]],[[92.94895,55.97183],[92.94875,55.97175]],[[92.94875,55.97175],[92.94911,55.97155]],[[92.94922,55.97172],[92.94895,55.97183]],[[92.94911,55.97155],[92.94998,55.97133]],[[92.94911,55.97155],[92.94922,55.97172]],[[92.95013,55.97147],[92.94922,55.97172]],[[92.95013,55.97147],[92.94998,55.97133]],[[92.94998,55.97133],[92.95038,55.97126]],[[92.9504,55.97141],[92.95028,55.97147],[92.95021,55.97147],[92.95013,55.97147]],[[92.95038,55.97126],[92.95085,55.97123]],[[92.95038,55.97126],[92.9504,55.97141]],[[92.95085,55.97123],[92.9504,55.97141]],[[92.95085,55.97123],[92.96169,55.96751],[92.97084,55.96782],[92.98689,55.96394],[92.99233,55.96411],[92.99659,55.96618],[93.00344,55.96002],[93.01376,55.95736],[93.01897,55.95481],[93.03696,55.95282],[93.04518,55.94796],[93.05404,55.94541],[93.06012,55.94048],[93.0674,55.9381],[93.09251,55.94383],[93.10959,55.95035],[93.13108,55.95041],[93.14516,55.95287],[93.15459,55.94999],[93.16184,55.95009]],[[92.96005,56.00177],[92.95673,56.00311],[92.9525,56.00769]],[[92.95298,56.06401],[92.95357,56.06421]],[[92.95501,56.06524],[92.95298,56.06401]],[[92.95365,56.06369],[92.95298,56.06401]],[[92.95357,56.06421],[92.95515,56.06518]],[[92.95365,56.06369],[92.95357,56.06421]],[[92.95939,56.06011],[92.95365,56.06369]],[[92.95526,56.05128],[92.96145,56.04852],[92.9716,56.05122],[92.97736,56.05485],[92.97949,56.05786],[92.97889,56.05968],[92.97419,56.0631]],[[94.05434,58.02323],[94.05485,58.02237],[94.05092,58.0236],[94.0423,58.02018],[94.01283,58.01268],[93.99811,58.005],[93.98489,58.00208],[93.96048,58.00385],[93.93516,58.00183],[93.9088,58.0047],[93.89575,58.00742],[93.88168,58.01425],[93.87598,58.02083],[93.87567,58.02357],[93.8801,58.03415],[93.87917,58.0367],[93.875,58.04122],[93.86316,58.04899],[93.8548,58.04923],[93.84917,58.05129],[93.84415,58.05522],[93.84224,58.06116],[93.83988,58.06434],[93.83102,58.06872],[93.82835,58.07174],[93.82178,58.07382],[93.81146,58.08424],[93.80217,58.08828],[93.78898,58.09203],[93.78222,58.09212],[93.77934,58.09105],[93.77102,58.08425],[93.76147,58.0821],[93.74668,58.0822],[93.74319,58.08326],[93.7369,58.08812],[93.73078,58.09076],[93.71327,58.08988],[93.6852,58.0915],[93.67132,58.09342],[93.6499,58.10503],[93.64021,58.10853],[93.62647,58.10836],[93.61133,58.1108],[93.60437,58.10958],[93.59862,58.10646],[93.58841,58.10391],[93.58243,58.10392],[93.57681,58.10457],[93.56392,58.11117],[93.55233,58.1115],[93.537,58.11764],[93.52534,58.11894],[93.47676,58.10793],[93.47243,58.10442],[93.45634,58.09709],[93.44604,58.08561],[93.41565,58.07068],[93.33012,58.0589],[93.28635,58.04328],[93.28219,58.04266],[93.14795,58.04148],[93.12851,58.03839],[93.1198,58.03585],[93.10196,58.03908],[93.0888,58.03769],[93.08545,58.0388],[93.08365,58.04267],[93.07628,58.04762],[93.07075,58.05438],[93.06399,58.06646],[93.06081,58.06787],[93.05335,58.06834],[93.04679,58.07022],[93.04143,58.06806],[93.0201,58.07051],[93.00574,58.06912],[92.99905,58.06559],[92.98543,58.0561],[92.97828,58.04594],[92.97158,58.04533],[92.96063,58.04757],[92.95772,58.04283]],[[92.9652,56.05765],[92.95939,56.06011]],[[92.96016,56.00137],[92.95979,56.00102]],[[92.96005,56.00177],[92.96016,56.00137]],[[92.96572,56.00242],[92.96226,56.00172],[92.96005,56.00177]],[[92.96016,56.00137],[92.96031,56.00112]],[[92.96081,56.00121],[92.96016,56.00137]],[[92.96475,56.00429],[92.96478,56.00369]],[[92.96478,56.00369],[92.96509,56.00386]],[[92.96478,56.00369],[92.96572,56.00242]],[[92.96572,56.00242],[92.96682,56.0028],[92.97309,56.01153]],[[92.96605,56.00324],[92.96718,56.00331]],[[92.97006,56.41526],[93.0254,56.42798],[93.0369,56.43245],[93.04852,56.44085],[93.09209,56.45139],[93.11933,56.46022],[93.15431,56.47557],[93.17487,56.48858],[93.18717,56.4946],[93.23559,56.49873],[93.2688,56.5003],[93.28786,56.503],[93.29599,56.50227],[93.30088,56.50361],[93.30707,56.50722]],[[92.97243,56.01248],[92.97309,56.01153]],[[92.97309,56.01153],[92.97265,56.01256]],[[92.98501,56.40533],[92.99474,56.41554],[92.99587,56.4189],[92.99466,56.42075]],[[92.99646,56.07532],[92.99702,56.07473]],[[92.99724,56.07484],[92.99667,56.07534]],[[93.03915,56.03299],[93.0304,56.03311],[93.02662,56.03195]],[[93.03869,56.03725],[93.03711,56.03848],[93.03638,56.04174],[93.02679,56.04184]],[[93.02995,60.37476],[93.02907,60.37437]],[[93.02959,60.37425],[93.02995,60.37476]],[[93.02995,60.37476],[93.03489,60.3797],[93.04089,60.38346]],[[93.03869,56.03725],[93.03925,56.03643]],[[93.03925,56.03643],[93.0391,56.03694],[93.03869,56.03725]],[[93.0397,56.03339],[93.03915,56.03299]],[[93.03999,56.03296],[93.03915,56.03299]],[[93.0397,56.03339],[93.03925,56.03643]],[[93.03999,56.03296],[93.0397,56.03339]],[[93.06512,56.02948],[93.05627,56.02827],[93.04723,56.02529],[93.03999,56.03296]],[[93.06209,56.02415],[93.06167,56.02316]],[[93.06209,56.02415],[93.06323,56.02464],[93.06264,56.02527]],[[93.06264,56.02527],[93.06209,56.02415]],[[93.10007,56.0378],[93.08406,56.03859],[93.07603,56.03627],[93.07475,56.0356],[93.06914,56.03124],[93.06728,56.0299],[93.06387,56.02758],[93.06264,56.02527]],[[93.06728,56.0299],[93.06512,56.02948]],[[93.06512,56.02948],[93.06628,56.02922]],[[93.10007,56.0378],[93.09905,56.04462],[93.1012,56.04494],[93.10264,56.04953],[93.1024,56.05298]],[[93.19817,56.05247],[93.17391,56.04193],[93.1709,56.04103],[93.12571,56.03715],[93.10007,56.0378]],[[93.10211,56.05411],[93.1024,56.05298]],[[93.10215,56.90328],[93.13241,56.90179],[93.13514,56.90896],[93.13986,56.91393],[93.16422,56.90471]],[[93.1024,56.05298],[93.10309,56.05394]],[[93.17514,56.08824],[93.18344,56.09507],[93.18345,56.10144],[93.18025,56.1046],[93.17543,56.106],[93.17445,56.10749],[93.17578,56.10869],[93.1754,56.10962],[93.15851,56.12226],[93.15621,56.12588],[93.15796,56.12784],[93.15704,56.13076],[93.1551,56.13245],[93.15185,56.13298]],[[93.17391,56.04193],[93.17629,56.04534],[93.18017,56.05944],[93.18032,56.0617],[93.1789,56.06304],[93.16333,56.05804],[93.15395,56.05353]],[[93.17485,56.08796],[93.17514,56.08824]],[[93.17532,56.08781],[93.17514,56.08824]],[[93.19817,56.05247],[93.20614,56.05584]],[[93.20572,56.05617],[93.19817,56.05247]],[[93.20614,56.05584],[93.20622,56.05614],[93.20602,56.05619],[93.20572,56.05617]],[[93.20644,56.05648],[93.20572,56.05617]],[[93.20614,56.05584],[93.2069,56.05617]],[[93.23095,56.06862],[93.21832,56.06117],[93.20644,56.05648]],[[93.20644,56.05648],[93.2069,56.05617]],[[93.2069,56.05617],[93.2186,56.06118],[93.23146,56.06835]],[[93.23146,56.06835],[93.23147,56.06866],[93.23095,56.06862]],[[93.25132,56.07998],[93.23095,56.06862]],[[93.23146,56.06835],[93.25185,56.07972]],[[93.28441,56.0982],[93.28055,56.0961],[93.27937,56.09544],[93.27694,56.09404],[93.27071,56.09034],[93.26527,56.08769],[93.2642,56.0871],[93.26197,56.0858],[93.25846,56.08385],[93.25132,56.07998]],[[93.25132,56.07998],[93.25185,56.07972]],[[93.25185,56.07972],[93.26456,56.08677]],[[93.26456,56.08677],[93.2642,56.0871]],[[93.26456,56.08677],[93.27948,56.09537],[93.28454,56.09813]],[[93.27937,56.09544],[93.27948,56.09537]],[[93.2918,56.10203],[93.28903,56.10078],[93.28441,56.0982]],[[93.28441,56.0982],[93.28454,56.09813]],[[93.28454,56.09813],[93.28851,56.1004],[93.28951,56.10092],[93.29189,56.10196],[93.29272,56.10235],[93.29493,56.10357]],[[93.29482,56.10364],[93.2918,56.10203]],[[93.29189,56.10196],[93.2918,56.10203]],[[93.31044,56.11725],[93.3095,56.11659],[93.30851,56.11544],[93.30657,56.11026],[93.29482,56.10364]],[[93.29482,56.10364],[93.29493,56.10357]],[[93.29493,56.10357],[93.30669,56.1102],[93.30867,56.1154],[93.31068,56.11725],[93.31326,56.11836],[93.31417,56.1186],[93.31792,56.1194],[93.31918,56.11968],[93.32004,56.11995],[93.32263,56.12125],[93.33889,56.13555],[93.34062,56.13801],[93.34226,56.14219],[93.34561,56.15108],[93.34583,56.15183]],[[93.31286,56.11988],[93.31249,56.11954],[93.31199,56.1181],[93.31044,56.11725]],[[93.31938,56.11986],[93.313,56.12041],[93.31044,56.11725]],[[93.31179,56.11783],[93.3122,56.11827],[93.31259,56.11945],[93.31266,56.11965],[93.31286,56.11988]],[[93.31938,56.11986],[93.31783,56.11946],[93.31453,56.11875],[93.31395,56.11868],[93.31259,56.11945]],[[93.31718,56.1173],[93.31644,56.11788],[93.31605,56.11842],[93.31555,56.11914],[93.31499,56.11974],[93.314,56.12009],[93.31286,56.11988]],[[93.31718,56.1173],[93.31729,56.11717],[93.33331,56.10992],[93.33346,56.11002],[93.32591,56.11344]],[[93.32591,56.11344],[93.32576,56.1135],[93.32249,56.11497],[93.32171,56.11532],[93.319,56.11652],[93.31866,56.11668],[93.31763,56.11714],[93.3174,56.11724],[93.31718,56.1173]],[[93.31763,56.11714],[93.31753,56.11706]],[[93.319,56.11652],[93.31889,56.11645]],[[93.34583,56.15183],[93.34366,56.1483],[93.33922,56.13607],[93.32301,56.12169],[93.31938,56.11986]],[[93.32053,56.11584],[93.32042,56.11577]],[[93.32443,56.1141],[93.32432,56.11402]],[[93.32591,56.11344],[93.35196,56.13136],[93.33968,56.13642]],[[93.34426,56.14753],[93.34342,56.14763]],[[93.34366,56.1483],[93.3445,56.1482]],[[93.40309,56.18386],[93.39242,56.17397],[93.35101,56.15874],[93.34753,56.15567],[93.34583,56.15183]],[[93.40309,56.18386],[93.40419,56.1845],[93.40569,56.18624]],[[93.40309,56.18386],[93.40483,56.18541]],[[93.40458,56.18557],[93.40374,56.18514],[93.40309,56.18386]],[[93.40569,56.18624],[93.40458,56.18557]],[[93.40458,56.18557],[93.40483,56.18541]],[[93.40483,56.18541],[93.40569,56.18624]],[[93.41912,56.20168],[93.41018,56.19275],[93.40569,56.18624]],[[93.41912,56.20168],[93.42219,56.20258]],[[93.42219,56.20258],[93.42007,56.20245],[93.41912,56.20168]],[[93.44649,56.21428],[93.44095,56.21115],[93.43572,56.20593],[93.4274,56.20286],[93.42219,56.20258]],[[93.49486,56.24808],[93.49274,56.24897],[93.47998,56.24153],[93.4792,56.23956],[93.48025,56.23484],[93.47839,56.23226],[93.4694,56.22853],[93.46433,56.22448],[93.44649,56.21428]],[[93.44649,56.21428],[93.45155,56.21152],[93.48822,56.23382]],[[93.47983,56.23739],[93.48354,56.23719],[93.48854,56.23448]],[[93.48822,56.23382],[93.48874,56.23399]],[[93.48838,56.23415],[93.48822,56.23382]],[[93.48928,56.23435],[93.48934,56.23484],[93.48871,56.23452]],[[93.48889,56.23399],[93.50763,56.22282],[93.50822,56.2226],[93.5087,56.22247],[93.51017,56.22234],[93.5323,56.2234]],[[93.5322,56.22409],[93.50771,56.2231],[93.48928,56.23417]],[[93.49486,56.24808],[93.49214,56.24565],[93.49934,56.24242],[93.49572,56.24128],[93.48934,56.23484]],[[93.52895,56.24588],[93.51661,56.24768],[93.50508,56.25155],[93.49868,56.25084],[93.49486,56.24808]],[[93.50781,56.22275],[93.50743,56.2232]],[[93.50845,56.22303],[93.5087,56.22247]],[[93.52817,56.22321],[93.52806,56.22391]],[[93.52895,56.24588],[93.54087,56.2712],[93.54464,56.27506],[93.55126,56.27732],[93.5536,56.28066],[93.55293,56.28325]],[[93.53245,56.24537],[93.52895,56.24588]],[[93.55309,56.23084],[93.53852,56.22677],[93.5322,56.22409]],[[93.5322,56.22409],[93.5323,56.2234]],[[93.5323,56.2234],[93.53342,56.22364],[93.53786,56.22639],[93.55338,56.23042]],[[93.53245,56.24537],[93.5383,56.24443]],[[93.53834,56.24451],[93.53245,56.24537]],[[93.53342,56.22364],[93.53306,56.22413]],[[93.53834,56.24451],[93.5383,56.24443]],[[93.5383,56.24443],[93.53867,56.24434]],[[93.53968,56.24316],[93.539,56.24423],[93.53882,56.24439],[93.53834,56.24451]],[[93.53867,56.24434],[93.53882,56.24439],[93.53888,56.24443]],[[93.53867,56.24434],[93.53952,56.24313]],[[93.53952,56.24313],[93.53968,56.24316]],[[93.53952,56.24313],[93.54364,56.23698],[93.5439,56.23677],[93.55293,56.23172],[93.55319,56.23093]],[[93.55413,56.23093],[93.55316,56.23173],[93.5474,56.23492],[93.54401,56.23684],[93.54377,56.23704],[93.53968,56.24316]],[[93.5439,56.23677],[93.54401,56.23684]],[[93.55309,56.23084],[93.55359,56.23039],[93.55426,56.23068],[93.55383,56.23104],[93.55309,56.23084]],[[94.06053,58.02661],[94.07359,58.03056],[94.08569,58.02617]],[[94.08569,58.02617],[94.08817,58.0241],[94.08517,58.02138],[94.09724,58.01619],[94.09597,58.0151],[94.10091,58.01346],[94.12245,58.01047]],[[94.08569,58.02617],[94.12877,58.02136],[94.12941,58.01969],[94.12387,58.01481],[94.12245,58.01047]],[[94.12245,58.01047],[94.13437,58.00804],[94.14934,58.00732],[94.15144,58.00627],[94.15488,58.00149],[94.1655,57.9983],[94.16942,57.99548],[94.19021,57.98732],[94.19237,57.98691],[94.19487,57.98843],[94.21063,57.98786],[94.2333,57.98144],[94.23692,57.97871],[94.24295,57.9767],[94.25025,57.97016],[94.25997,57.97065],[94.27304,57.96884],[94.28364,57.97107],[94.29441,57.97465],[94.30536,57.9806],[94.31987,57.98448],[94.32767,57.98844],[94.33166,57.99338],[94.335,57.99538],[94.35631,57.99942],[94.36154,58.00202],[94.36565,58.00683],[94.36584,58.00844],[94.35594,58.01877],[94.35548,58.02518],[94.35782,58.03878],[94.35427,58.0417],[94.3545,58.04564],[94.35193,58.04871],[94.35265,58.04988],[94.36359,58.05056],[94.39034,58.065],[94.40798,58.07738],[94.43122,58.07931],[94.43821,58.07802],[94.45284,58.07883],[94.46834,58.08559],[94.48387,58.08968],[94.50454,58.10147],[94.50799,58.10737],[94.518,58.11017],[94.51801,58.1132],[94.53343,58.12451],[94.54102,58.13265],[94.54018,58.13292]],[[94.31063,55.85789],[94.31152,55.85763]],[[94.31134,55.85789],[94.31152,55.85763]],[[94.31152,55.85763],[94.31188,55.8579]],[[94.31152,55.85763],[94.31952,55.849],[94.33437,55.84207],[94.34833,55.8225]],[[94.34072,55.8586],[94.33927,55.85829]],[[94.34072,55.8586],[94.34008,55.85827]],[[94.6903,55.97014],[94.68641,55.96539],[94.67079,55.96037],[94.65489,55.94987],[94.64012,55.94476],[94.63301,55.94341],[94.62186,55.94353],[94.59544,55.93438],[94.56611,55.92922],[94.55018,55.92416],[94.52416,55.92658],[94.51248,55.92278],[94.50459,55.91656],[94.50068,55.91475],[94.48384,55.91085],[94.45477,55.90825],[94.43404,55.90954],[94.42221,55.90539],[94.41682,55.90076],[94.40063,55.89763],[94.38603,55.8969],[94.37978,55.89236],[94.37273,55.88929],[94.37511,55.88405],[94.36788,55.87385],[94.3684,55.8695],[94.34072,55.8586]],[[94.5179,58.13708],[94.5096,58.1354],[94.50638,58.14631],[94.50707,58.14771],[94.51327,58.15052],[94.51532,58.15734],[94.52146,58.16281],[94.51471,58.16509],[94.51202,58.16737],[94.5164,58.16909],[94.51809,58.17307],[94.52146,58.17428],[94.5242,58.17872],[94.53064,58.18322],[94.53956,58.18721],[94.54401,58.18818],[94.55215,58.18733],[94.5596,58.18826],[94.58719,58.19243],[94.60007,58.19605],[94.60565,58.19557],[94.61259,58.19216],[94.63219,58.19003],[94.63973,58.18607],[94.64805,58.1846],[94.6593,58.18445],[94.66435,58.18598],[94.66765,58.18556]],[[94.54853,56.1014],[94.54866,56.1014]],[[94.57332,56.11265],[94.57336,56.11258]],[[94.57609,56.11311],[94.57654,56.11304]],[[94.57609,56.11311],[94.57631,56.11318],[94.5764,56.11323],[94.57641,56.11323],[94.57642,56.11324],[94.57649,56.11328],[94.57657,56.11336]],[[94.57617,56.11322],[94.56817,56.11172],[94.56281,56.10893],[94.55553,56.10693],[94.5532,56.1061],[94.55148,56.10518],[94.54974,56.10369],[94.54901,56.1026],[94.54764,56.09953],[94.54798,56.0998],[94.54978,56.10358],[94.55341,56.1061],[94.56287,56.10885],[94.56823,56.11164],[94.57535,56.1129],[94.57609,56.11311]],[[94.57657,56.11316],[94.57648,56.11322],[94.57643,56.11324],[94.57642,56.11324],[94.57641,56.11324],[94.5764,56.11324],[94.57637,56.11325],[94.57617,56.11322]],[[94.57652,56.11337],[94.57617,56.11322]],[[94.57669,56.11342],[94.57652,56.11337]],[[94.57652,56.11337],[94.57643,56.1133],[94.57641,56.11325],[94.57641,56.11324],[94.5764,56.11323],[94.5764,56.11321],[94.57654,56.11304]],[[94.57654,56.11304],[94.57755,56.11247],[94.58482,56.10986],[94.58637,56.10879]],[[94.57657,56.11336],[94.57669,56.11342]],[[94.57657,56.11316],[94.57657,56.11336]],[[94.5868,56.10902],[94.58439,56.11013],[94.57733,56.11265],[94.57657,56.11316]],[[94.57669,56.11342],[94.58457,56.11631],[94.58773,56.11949]],[[94.5868,56.10902],[94.58637,56.10879]],[[94.58637,56.10879],[94.58664,56.10856]],[[94.58664,56.10856],[94.59223,56.10379]],[[94.58664,56.10856],[94.58697,56.10856],[94.58723,56.10879]],[[94.58723,56.10879],[94.5868,56.10902]],[[94.59269,56.10393],[94.59213,56.10427],[94.5893,56.10672],[94.58789,56.10795],[94.58729,56.10846],[94.58723,56.10879]],[[94.58915,56.10666],[94.5893,56.10672]],[[94.59269,56.10393],[94.59223,56.10379]],[[94.59223,56.10379],[94.59244,56.1036]],[[94.59244,56.1036],[94.59303,56.10324]],[[94.59244,56.1036],[94.59258,56.10359],[94.5927,56.1036],[94.59287,56.10375]],[[94.59287,56.10375],[94.59269,56.10393]],[[94.59303,56.10324],[94.59287,56.10375]],[[94.59303,56.10324],[94.60477,56.08935],[94.60361,56.05836]],[[94.60361,56.05836],[94.60359,56.05764]],[[94.60418,56.05771],[94.60361,56.05836]],[[94.60402,56.05736],[94.60539,56.05733]],[[94.60418,56.05771],[94.60369,56.05771],[94.60361,56.05754],[94.60402,56.05736],[94.60418,56.05771]],[[94.60539,56.05733],[94.60418,56.05771]],[[94.60539,56.05733],[94.65437,56.05674]],[[94.65595,56.05685],[94.65437,56.05674]],[[94.65437,56.05674],[94.65565,56.05636]],[[94.65595,56.05685],[94.65565,56.05636]],[[94.65565,56.05636],[94.65587,56.0534]],[[94.65565,56.05636],[94.65647,56.05632]],[[94.65587,56.0534],[94.65475,56.01704],[94.66213,56.0097],[94.66514,56.002],[94.67829,55.99572],[94.68344,55.98958],[94.68394,55.98885],[94.68474,55.97977],[94.68489,55.97933],[94.6877,55.97497],[94.68802,55.97452],[94.68917,55.97275],[94.68991,55.97163],[94.69054,55.97069],[94.69069,55.97057]],[[94.65587,56.0534],[94.65607,56.0534]],[[94.65647,56.05632],[94.65657,56.05671],[94.6563,56.05684],[94.65619,56.05686],[94.65595,56.05685]],[[94.65607,56.0534],[94.65647,56.05632]],[[94.69154,55.9705],[94.69086,55.97104],[94.69045,55.9717],[94.69029,55.97196],[94.68856,55.9746],[94.6884,55.97486],[94.68701,55.9769],[94.68643,55.97787],[94.68601,55.97867],[94.68585,55.97932],[94.68573,55.98025],[94.68457,55.98759],[94.68428,55.98969],[94.68369,55.99083],[94.67929,55.99576],[94.66882,56.00146],[94.65573,56.0236],[94.65607,56.0534]],[[94.72049,55.95604],[94.6975,55.94694],[94.68344,55.93572],[94.68257,55.93193]],[[94.78067,55.76964],[94.77674,55.77557],[94.79439,55.78138],[94.78157,55.82942],[94.7742,55.84698],[94.7648,55.85381],[94.7591,55.86285],[94.75735,55.86756],[94.75258,55.87211],[94.71081,55.89428],[94.69191,55.90264],[94.67626,55.92743],[94.6766,55.92982],[94.68257,55.93193]],[[94.68257,55.93193],[94.71994,55.92995],[94.73399,55.93297],[94.75227,55.93024],[94.76621,55.93186]],[[94.68471,55.98014],[94.68573,55.98025]],[[94.68585,55.97786],[94.68643,55.97787]],[[94.68701,55.9769],[94.68655,55.97679]],[[94.68802,55.97452],[94.68856,55.9746]],[[94.68991,55.97163],[94.69045,55.9717]],[[94.6903,55.97014],[94.69139,55.97029]],[[94.69069,55.97057],[94.6903,55.97014]],[[94.69069,55.97057],[94.69139,55.97029]],[[94.69139,55.97029],[94.69154,55.9705]],[[94.69139,55.97029],[94.69488,55.96969]],[[94.69488,55.96969],[94.69154,55.9705]],[[94.71754,55.95883],[94.72177,55.96325],[94.72225,55.96606],[94.71386,55.9663],[94.69488,55.96969]],[[94.71754,55.95883],[94.71719,55.95851],[94.7195,55.95809],[94.72028,55.95673]],[[94.71785,55.95854],[94.71754,55.95883]],[[94.72028,55.95673],[94.72049,55.95604]],[[94.72078,55.9565],[94.72028,55.95673]],[[94.72049,55.95604],[94.72156,55.95618]],[[94.7206,55.96191],[94.73834,55.96041],[94.7374,55.96488],[94.73518,55.96786],[94.7356,55.97332],[94.75046,55.97981],[94.76141,55.98271],[94.77857,55.99442],[94.79361,56.00079],[94.83283,56.00182],[94.8587,56.00557],[94.87499,56.00578],[94.87566,56.00362],[94.87802,56.0027],[94.8849,55.99646],[94.88849,55.98709],[94.89323,55.98582],[94.94384,55.98818],[94.97048,56.00313],[94.99852,56.01167],[95.02343,56.00719],[95.04363,56.00756],[95.06363,56.00273],[95.09294,56.00329],[95.12092,56.0062],[95.1584,56.00675],[95.1635,56.0075],[95.17088,56.01171],[95.17444,56.01246],[95.19503,56.00923],[95.19473,56.00767],[95.19314,56.00693],[95.19343,56.00459],[95.18911,56.0024],[95.19033,56.0],[95.1889,55.99354],[95.1778,55.98421],[95.18019,55.96474],[95.18977,55.96004]],[[94.72156,55.95618],[94.72091,55.95645]],[[94.72156,55.95618],[94.74075,55.95111],[94.75278,55.9383],[94.76072,55.93609],[94.76621,55.93186]],[[94.99924,55.87966],[94.99084,55.88047],[94.97184,55.87983],[94.95987,55.88558],[94.95548,55.8929],[94.95514,55.89781],[94.93962,55.90531],[94.91774,55.90539],[94.88021,55.89729],[94.86911,55.90254],[94.85201,55.90035],[94.83909,55.90123],[94.83,55.89935],[94.81516,55.90217],[94.8079,55.90514],[94.79345,55.90728],[94.7894,55.91108],[94.78227,55.91439],[94.78112,55.9192],[94.77699,55.92634],[94.76621,55.93186]],[[94.89943,55.26564],[94.85961,55.31213],[94.83938,55.34097],[94.77384,55.40894],[94.77038,55.41439],[94.77033,55.41801],[94.77694,55.43262],[94.77786,55.43988],[94.78129,55.45079],[94.78245,55.52489],[94.78075,55.53004],[94.76428,55.54952],[94.74888,55.59459],[94.7425,55.66418],[94.74541,55.67718],[94.78103,55.76159],[94.7817,55.76701]],[[94.8563,57.23314],[94.85321,57.22308],[94.85589,57.20393],[94.87139,57.19115],[94.88666,57.18713],[94.90258,57.18473],[94.90769,57.18237],[94.90146,57.17059],[94.90103,57.15516],[94.90979,57.13808],[94.90157,57.12866],[94.91885,57.11845],[94.92727,57.11596],[94.94284,57.10806],[94.95031,57.1],[94.97053,57.08337],[94.98577,57.07608],[95.00156,57.07545],[95.02087,57.06519],[95.02358,57.06088],[95.02019,57.04874],[95.02354,57.04298],[95.02855,57.03966],[95.0628,57.02336],[95.07351,57.01503],[95.07599,57.01098],[95.08778,56.96873],[95.09476,56.93379],[95.09371,56.88717],[95.09508,56.88311],[95.12873,56.85381],[95.13898,56.84995],[95.16348,56.84616],[95.17628,56.84215],[95.19368,56.83239],[95.22998,56.80816],[95.23207,56.80448],[95.23411,56.7914],[95.24927,56.74241],[95.26669,56.69382],[95.28451,56.66214],[95.3015,56.63761],[95.30923,56.63041],[95.33284,56.61503],[95.36563,56.57035],[95.36873,56.56432],[95.39794,56.54631],[95.42793,56.51358],[95.45955,56.47319],[95.48949,56.44559],[95.52145,56.411],[95.54609,56.35153],[95.54824,56.34047],[95.58719,56.3113],[95.58815,56.30902],[95.58761,56.30691],[95.57887,56.29869],[95.57882,56.29305],[95.61126,56.25047],[95.61389,56.24935],[95.64526,56.24998]],[[94.99717,55.87971],[94.99747,55.87907]],[[95.18977,55.96004],[95.18939,55.95972]],[[95.18995,55.95971],[95.18977,55.96004]],[[95.19141,55.95933],[95.19106,55.9597]],[[95.19141,55.95933],[95.19181,55.95969]],[[95.45616,55.63892],[95.44315,55.66022],[95.42441,55.67432],[95.4031,55.69516],[95.35999,55.73215],[95.32693,55.74002],[95.32329,55.74211],[95.31813,55.74946],[95.3122,55.75173],[95.28168,55.7985],[95.26889,55.80866],[95.23587,55.82169],[95.21491,55.86196],[95.20817,55.87019],[95.20065,55.8885],[95.19527,55.89499],[95.19303,55.9032],[95.18284,55.92628],[95.18352,55.92781],[95.20109,55.94188],[95.19805,55.95578],[95.19141,55.95933]],[[95.64705,56.25018],[95.64526,56.24998]],[[95.64526,56.24998],[95.64634,56.24937]],[[95.67108,56.15849],[95.67032,56.15795]],[[95.72847,56.18155],[95.70566,56.1808],[95.68531,56.18248],[95.67961,56.17584],[95.67108,56.15849]],[[95.67137,56.1577],[95.67108,56.15849]],[[95.69056,56.24394],[95.69101,56.24326]],[[95.69101,56.24326],[95.69086,56.24381]],[[95.71746,56.22118],[95.69101,56.24326]],[[95.6969,56.25172],[95.69638,56.2511]],[[95.6969,56.25172],[95.70079,56.25776],[95.70085,56.26806],[95.70582,56.28721],[95.71128,56.30129],[95.72302,56.31554],[95.74112,56.32788],[95.75527,56.33204],[95.79312,56.35583],[95.83442,56.37613],[95.83565,56.37807],[95.83665,56.38538],[95.84385,56.39476],[95.86069,56.40128],[95.86565,56.40896],[95.87096,56.41371],[95.87875,56.42742],[95.88669,56.43349],[95.91181,56.44638],[95.92404,56.46387],[95.92583,56.47125],[95.94095,56.47601],[96.02285,56.51213],[96.02592,56.51457],[96.02779,56.5205],[96.03602,56.52322],[96.03647,56.52582],[96.03314,56.55055],[96.03483,56.55569],[96.04035,56.56436],[96.04081,56.57055],[96.03973,56.57555],[96.04187,56.59633],[96.03928,56.61081],[96.04093,56.62289],[96.0391,56.63003],[96.0386,56.63973],[96.04179,56.64781],[96.05046,56.65338],[96.05318,56.65698],[96.05438,56.65673]],[[95.697,56.2511],[95.6969,56.25172]],[[95.71603,56.21886],[95.71387,56.21625],[95.71318,56.21477],[95.71416,56.21296],[95.71613,56.21223]],[[95.71613,56.21223],[95.7139,56.21576],[95.71676,56.21856]],[[95.72364,56.19158],[95.71887,56.19738],[95.71843,56.20189],[95.71979,56.20635],[95.71731,56.20665],[95.72071,56.20976],[95.71613,56.21223]],[[95.72364,56.19158],[95.72418,56.19092]],[[95.72461,56.19108],[95.72364,56.19158]],[[95.72436,56.19076],[95.72536,56.18999]],[[95.72461,56.19108],[95.72431,56.19105],[95.72421,56.19085],[95.72436,56.19076],[95.7245,56.19075],[95.72472,56.19081],[95.72461,56.19108]],[[95.72536,56.18999],[95.72481,56.19092]],[[95.72536,56.18999],[95.72917,56.18229]],[[95.72847,56.18155],[95.72946,56.18165]],[[95.72917,56.18229],[95.72847,56.18155]],[[95.72951,56.1819],[95.72917,56.18229]],[[95.72946,56.18165],[95.72958,56.18187],[95.7292,56.18184],[95.72924,56.18169],[95.72946,56.18165]],[[95.74553,56.22387],[95.74532,56.22362]],[[95.74552,56.22329],[95.74607,56.22329]],[[96.05308,56.65679],[96.05438,56.65673]],[[96.05438,56.65673],[96.06194,56.65693],[96.07601,56.66354],[96.08413,56.66585],[96.08835,56.66957],[96.0945,56.67258],[96.10476,56.67463],[96.10822,56.67771],[96.10886,56.68162],[96.11046,56.68218],[96.14988,56.68345],[96.16368,56.68266],[96.18507,56.67771],[96.20418,56.67618],[96.22814,56.67099],[96.26654,56.66835],[96.30293,56.66354],[96.31494,56.66497],[96.3235,56.66457],[96.33395,56.6632],[96.34346,56.66348],[96.37135,56.66003],[96.37989,56.66293],[96.38633,56.6674],[96.38584,56.67344],[96.38232,56.68222],[96.38302,56.68724],[96.38444,56.68939],[96.39019,56.69337],[96.4001,56.69634],[96.41477,56.69756],[96.43287,56.69687],[96.47027,56.70065],[96.49954,56.70951],[96.51886,56.7135],[96.53367,56.72031],[96.53769,56.72098],[96.54864,56.71991],[96.56514,56.72215],[96.57546,56.72515],[96.58418,56.72975],[96.62169,56.74303],[96.64622,56.74313],[96.69232,56.73993],[96.722,56.74008],[96.73887,56.73825],[96.7705,56.74701],[96.783,56.75177],[96.79868,56.75074],[96.80127,56.75463],[96.8008,56.75712],[96.80926,56.76354],[96.81314,56.76978],[96.81961,56.77434],[96.84442,56.79738],[96.87703,56.81475],[96.88596,56.81813],[96.89365,56.82751],[96.91909,56.84278],[96.92378,56.8441],[96.94278,56.84481],[96.95964,56.85344],[96.96451,56.85742],[96.97199,56.86807],[96.97612,56.87971],[96.97586,56.88221],[96.97122,56.88523],[96.95186,56.89084],[96.94451,56.89645],[96.94288,56.89962],[96.94383,56.90175],[96.9645,56.92338],[96.96224,56.94797],[96.9666,56.96013],[96.98272,56.96173],[96.98798,56.96408],[96.99684,56.97565],[97.00047,56.97636],[97.00434,56.98799],[97.02634,56.98806],[97.03042,56.99005],[97.04658,57.00225],[97.0643,57.00633],[97.06721,57.00799],[97.06853,57.01147],[97.063,57.02292],[97.04671,57.04136],[97.0421,57.04946],[97.04276,57.05389],[97.04606,57.05731],[97.06046,57.06722],[97.1026,57.08325],[97.10311,57.08598],[97.09627,57.09255],[97.09662,57.09645],[97.12384,57.12298],[97.12847,57.12543],[97.13433,57.12617],[97.1636,57.12253],[97.18662,57.12231],[97.22898,57.11898],[97.2394,57.12027],[97.24747,57.12278],[97.25464,57.1267],[97.25885,57.13093],[97.26105,57.13597],[97.26075,57.14077],[97.24329,57.18612],[97.23881,57.19125],[97.22258,57.20216],[97.21987,57.20614],[97.21956,57.21092],[97.22076,57.2137],[97.22469,57.21774],[97.24555,57.22869],[97.25837,57.23027],[97.26966,57.22771],[97.27449,57.22777],[97.28994,57.23024],[97.29592,57.23346],[97.30605,57.24229],[97.3169,57.27909],[97.33229,57.29041],[97.33856,57.29873],[97.34128,57.31019],[97.3407,57.3147],[97.33781,57.32055],[97.31617,57.3416],[97.29163,57.3533],[97.28931,57.35649],[97.28914,57.3596],[97.29814,57.37117],[97.30078,57.37633],[97.30135,57.38329],[97.29812,57.39321],[97.298,57.39801],[97.30549,57.41689],[97.30813,57.42107],[97.31737,57.4255],[97.33445,57.42659],[97.3799,57.44791],[97.3851,57.45282],[97.38412,57.47528],[97.38307,57.47773],[97.37855,57.48013],[97.36017,57.48333],[97.35553,57.4851],[97.34962,57.48966],[97.3458,57.50172],[97.34503,57.51857],[97.34773,57.53032],[97.35125,57.53785],[97.35203,57.54226],[97.34936,57.59703],[97.35808,57.60645],[97.35753,57.62811],[97.36095,57.63183],[97.37285,57.63878],[97.3759,57.64274],[97.38322,57.67982],[97.38662,57.6833],[97.39735,57.68851],[97.39993,57.69147],[97.39753,57.70784],[97.40067,57.71148],[97.41393,57.71906],[97.41746,57.72291],[97.41858,57.72614],[97.41769,57.73098],[97.40782,57.74509],[97.40653,57.74973],[97.41182,57.77063],[97.41556,57.79699],[97.41177,57.8029],[97.40172,57.80904],[97.39786,57.81359],[97.38597,57.85885],[97.38707,57.86423],[97.39384,57.87441],[97.39507,57.89089],[97.39245,57.89581],[97.37516,57.91362],[97.37308,57.91875],[97.37382,57.92389],[97.37982,57.93167],[97.38143,57.93871],[97.38336,57.94149],[97.38844,57.94396],[97.40464,57.94755],[97.41099,57.9516],[97.42075,57.97315],[97.4219,57.9778],[97.41975,57.98647],[97.40867,58.00378],[97.39378,58.02011],[97.38895,58.02353],[97.395,58.02526],[97.40101,58.03147],[97.40238,58.03472],[97.40054,58.04413],[97.40721,58.06492],[97.40746,58.06964],[97.39893,58.07661],[97.4006,58.0872],[97.41735,58.10698],[97.40986,58.11796],[97.4111,58.13149],[97.40661,58.13551],[97.4008,58.13762],[97.38393,58.15303],[97.38306,58.15971],[97.38937,58.16708],[97.38939,58.1714],[97.3853,58.18823],[97.39435,58.20722],[97.37548,58.23109],[97.3736,58.23474],[97.37504,58.23903],[97.39242,58.25263],[97.39499,58.25746],[97.3892,58.27114],[97.38094,58.27678],[97.38178,58.28302],[97.38085,58.28552],[97.36928,58.29799],[97.36908,58.30987],[97.37424,58.32107],[97.38485,58.32479],[97.39671,58.33183]],[[96.068,56.21035],[96.07599,56.22191],[96.07387,56.23179]],[[96.07377,56.23205],[96.07387,56.23179]],[[96.07387,56.23179],[96.07407,56.23204]],[[96.10886,56.68162],[96.10906,56.68224]],[[96.24307,58.48835],[96.24468,58.4874],[96.25485,58.49065],[96.26805,58.49188],[96.28202,58.49826],[96.29044,58.50528],[96.29933,58.50906],[96.30992,58.51185],[96.34316,58.50701],[96.35777,58.50774],[96.39902,58.51347],[96.45955,58.51437],[96.49464,58.50841],[96.501,58.50685],[96.50232,58.50529],[96.49909,58.50218],[96.49798,58.49594],[96.49342,58.49009],[96.49028,58.47251],[96.49283,58.46783],[96.49069,58.46282],[96.4924,58.45938],[96.48932,58.45198],[96.49392,58.44821],[96.49392,58.4451],[96.51082,58.43893],[96.51552,58.43789],[96.54156,58.43745],[96.54205,58.43651],[96.54011,58.43392],[96.54191,58.43234],[96.54071,58.43058],[96.54128,58.42778],[96.53891,58.42375],[96.53318,58.41894],[96.53532,58.41542],[96.54981,58.40828],[96.59055,58.40543],[96.60416,58.40566],[96.6134,58.40174],[96.62138,58.40151],[96.63378,58.39372],[96.6438,58.39177],[96.65231,58.39176],[96.66989,58.38683],[96.67603,58.37865],[96.68167,58.37651],[96.68709,58.37729],[96.69292,58.37559],[96.69904,58.37544],[96.70425,58.37656],[96.71481,58.37662],[96.72125,58.3735],[96.73126,58.37347],[96.73425,58.37051],[96.7419,58.37129],[96.75007,58.37001],[96.76168,58.3661],[96.79014,58.37274],[96.79762,58.3733],[96.81811,58.37905],[96.845,58.3799],[96.86291,58.37819],[96.87988,58.37309],[96.9173,58.3718],[96.91741,58.36883],[96.91832,58.36827],[96.94128,58.36835],[96.94675,58.36666],[96.95145,58.36812],[96.9917,58.3664],[97.044,58.36133],[97.04664,58.36189],[97.05245,58.36596],[97.08875,58.37105],[97.11049,58.37568],[97.12666,58.3813],[97.14105,58.38097],[97.18153,58.38488],[97.20534,58.39053],[97.21838,58.39785],[97.22761,58.40112],[97.24628,58.4045],[97.30419,58.38268],[97.32681,58.37565],[97.3495,58.37405],[97.35712,58.37578],[97.37804,58.37708],[97.40649,58.383],[97.44349,58.38315],[97.44363,58.3804],[97.4358,58.37627],[97.42523,58.36817],[97.42398,58.36521],[97.4248,58.3622],[97.41471,58.35804],[97.41099,58.35287],[97.40026,58.34952],[97.38817,58.34777],[97.38163,58.34471],[97.38163,58.34187],[97.38291,58.34059],[97.39056,58.34169],[97.39506,58.3396],[97.39671,58.33183]],[[97.21354,58.39514],[97.20608,58.39954],[97.20438,58.40207],[97.2057,58.43278],[97.20367,58.43559],[97.19776,58.43742],[97.16627,58.44165],[97.1506,58.45101],[97.14899,58.45613],[97.15209,58.46095],[97.15213,58.46368],[97.14933,58.46739],[97.15371,58.47712],[97.19106,58.49664],[97.19438,58.50464],[97.24629,58.52116],[97.31983,58.53824],[97.33243,58.54163],[97.33645,58.544],[97.33712,58.5646],[97.33151,58.5716],[97.33123,58.57594],[97.34008,58.58106],[97.36876,58.59285],[97.37101,58.5958],[97.36828,58.62343],[97.36732,58.65366],[97.37106,58.66038],[97.37101,58.69319],[97.3793,58.7019],[97.34648,58.71381],[97.3292,58.71402],[97.26124,58.72355],[97.21538,58.72879],[97.20964,58.72909],[97.20127,58.72686],[97.19982,58.72827],[97.19911,58.73171],[97.20249,58.73798],[97.18007,58.77035],[97.17998,58.77553],[97.18241,58.77903],[97.18193,58.77996],[97.12502,58.80027],[97.11013,58.80807],[97.10992,58.80928],[97.11272,58.81302],[97.15658,58.83563],[97.16064,58.84885],[97.16482,58.85248],[97.18466,58.85262],[97.18949,58.85563],[97.19097,58.86067],[97.20753,58.86612]],[[97.39614,58.33128],[97.39796,58.33184]],[[97.39671,58.33183],[97.3976,58.33182],[97.39796,58.33184],[97.43945,58.33691],[97.51514,58.34651],[97.59416,58.34773],[97.66374,58.35668],[97.70124,58.36426],[97.71789,58.36957],[97.75326,58.37131],[97.75827,58.36999],[97.76844,58.36355],[97.77595,58.36281],[97.80632,58.37085],[97.81468,58.37126],[97.81822,58.3741],[97.83086,58.3775],[97.85221,58.38003],[97.87392,58.37843],[97.89325,58.38031],[97.90203,58.37595],[97.90799,58.37459],[98.02466,58.36119],[98.03922,58.35769],[98.04954,58.3583],[98.06794,58.35449],[98.10142,58.35477],[98.11468,58.3521],[98.11647,58.34764],[98.12134,58.34433],[98.14263,58.34414],[98.15675,58.34745],[98.1757,58.34669],[98.21184,58.34806],[98.24535,58.3456],[98.28971,58.34953],[98.33361,58.35775],[98.34744,58.36498],[98.40028,58.37451],[98.4301,58.39063],[98.46691,58.39409],[98.47971,58.40252],[98.48451,58.40434],[98.53294,58.41038],[98.55908,58.42005],[98.60631,58.43321],[98.63177,58.43644],[98.63859,58.44264],[98.66629,58.45252],[98.6774,58.46042],[98.68996,58.46389],[98.69326,58.46854],[98.70579,58.47265],[98.71089,58.47835],[98.72299,58.48414],[98.72254,58.48561],[98.71808,58.48771],[98.71465,58.49407],[98.71108,58.49842],[98.7089,58.49951],[98.70452,58.51062],[98.70059,58.51383],[98.70075,58.52314],[98.69895,58.52602],[98.69728,58.54403],[98.7003,58.54747],[98.70832,58.54972],[98.71155,58.5519],[98.7107,58.55917],[98.72045,58.58718],[98.7247,58.59412],[98.73406,58.59672],[98.74524,58.59504],[98.77048,58.5974],[98.85416,58.60893],[98.94108,58.65523],[98.94165,58.65646],[98.94055,58.65909],[98.95159,58.66439],[98.96073,58.67072],[98.98454,58.68056],[99.02217,58.69139],[99.06226,58.70684],[99.08196,58.70471],[99.11075,58.69919],[99.11461,58.69807],[99.11739,58.69502],[99.13673,58.69267],[99.14349,58.68927],[99.15144,58.6879],[99.15173,58.68568],[99.14934,58.67854],[99.15371,58.67088],[99.15464,58.663],[99.14896,58.65486],[99.15286,58.64655],[99.1591,58.63938],[99.16591,58.62267],[99.16622,58.61954],[99.16325,58.60402]],[[97.3976,58.33182],[97.39685,58.33242]],[[99.1632,58.60361],[99.15605,58.54655],[99.15913,58.51381],[99.18235,58.48602],[99.22137,58.45226],[99.30818,58.36869],[99.31538,58.36395],[99.35371,58.34493],[99.36061,58.33962],[99.38473,58.31352],[99.39894,58.27854],[99.39976,58.27002],[99.40408,58.26479],[99.42273,58.25436],[99.45773,58.23056],[99.51486,58.19518],[99.55548,58.17695],[99.56129,58.17331],[99.64604,58.07363],[99.64996,58.06648]],[[88.17704,69.35648],[88.17628,69.35669],[88.17611,69.35667],[88.1759,69.35664],[88.17574,69.35659],[88.17558,69.35644],[88.17704,69.35648]],[[89.18412,55.5232],[89.18468,55.52271],[89.18555,55.52307],[89.18493,55.52353],[89.18443,55.52346],[89.18419,55.52331],[89.18412,55.5232]],[[90.47835,56.25909],[90.47865,56.25883],[90.47909,56.2589],[90.47893,56.25936],[90.47835,56.25909]],[[90.50277,56.43595],[90.50357,56.43593],[90.50374,56.43633],[90.5029,56.43647],[90.5026,56.43624],[90.5026,56.43614],[90.50265,56.43604],[90.50277,56.43595]],[[90.50509,56.26459],[90.50508,56.26474],[90.50495,56.26475],[90.50487,56.26472],[90.50484,56.26469],[90.50509,56.26459]],[[90.51066,56.45437],[90.51135,56.45439],[90.51156,56.45468],[90.51071,56.45492],[90.5104,56.45461],[90.51044,56.45453],[90.51052,56.45444],[90.51066,56.45437]],[[91.6892,53.72871],[91.68975,53.7288],[91.68986,53.72916],[91.68899,53.72927],[91.68883,53.72894],[91.68892,53.72883],[91.6892,53.72871]],[[92.79956,55.99714],[92.79972,55.9969],[92.80013,55.99705],[92.79993,55.99721],[92.79975,55.99722],[92.79964,55.99719],[92.79956,55.99714]],[[92.94398,56.12165],[92.94362,56.12157],[92.94347,56.12148],[92.9434,56.12114],[92.94515,56.12107],[92.94398,56.12165]],[[93.48905,56.2345],[93.48854,56.23448],[93.48834,56.23424],[93.48838,56.23415],[93.48859,56.23402],[93.48906,56.23402],[93.48905,56.2345]],[[94.72068,55.9565],[94.7206,55.95628],[94.72095,55.95635],[94.72091,55.95645],[94.72068,55.9565]],[[99.1631,58.604],[99.16303,58.60364],[99.1632,58.60361],[99.16325,58.6036],[99.16333,58.60361],[99.1634,58.60362],[99.16364,58.60377],[99.1631,58.604]]]}},{"type":"Feature","properties":{"roadClass":"tertiary"},"geometry":{"type":"MultiLineString","coordinates":[[[86.16645,69.40768],[86.1629,69.40889],[86.17012,69.41094],[86.17077,69.41489],[86.16239,69.42022]],[[86.16645,69.40768],[86.16879,69.40528]],[[86.17665,69.40221],[86.17665,69.40249],[86.16928,69.40531],[86.16891,69.40552],[86.16674,69.40759],[86.16645,69.40768]],[[86.17622,69.40656],[86.16922,69.40562],[86.16891,69.40552],[86.16879,69.40528]],[[86.16879,69.40528],[86.17665,69.40221]],[[86.16903,69.4052],[86.1692,69.40524],[86.16928,69.40531],[86.1694,69.40537],[86.16971,69.4055],[86.1761,69.40638],[86.17653,69.40645],[86.17681,69.40649],[86.18035,69.40697],[86.18151,69.40715],[86.18414,69.40835],[86.17622,69.40656]],[[86.17622,69.40656],[86.17653,69.40645],[86.17681,69.40635],[86.17815,69.40585],[86.18399,69.4035]],[[86.1861,69.40282],[86.18486,69.40336],[86.18428,69.40359],[86.18397,69.40369],[86.18355,69.40383],[86.17929,69.40558],[86.17707,69.40641],[86.17681,69.40649],[86.17654,69.40659]],[[86.17665,69.40221],[86.1766,69.40189]],[[86.17813,69.40164],[86.17665,69.40221]],[[86.17681,69.40173],[86.17702,69.40175],[86.17715,69.40181],[86.1766,69.40189],[86.17681,69.40173]],[[86.17681,69.40173],[86.17813,69.40164]],[[86.18475,69.40317],[86.17813,69.40164]],[[86.18926,69.40515],[86.18823,69.40501],[86.18441,69.40381],[86.18397,69.40369],[86.18372,69.40362]],[[86.18399,69.4035],[86.18428,69.40359],[86.18581,69.40406],[86.18926,69.40515]],[[86.18399,69.4035],[86.18475,69.40317],[86.18542,69.40291],[86.1861,69.40282]],[[86.1861,69.40282],[86.20096,69.40168],[86.20922,69.40335],[86.18926,69.40515]],[[87.75049,69.3495],[87.74345,69.35139],[87.74289,69.35178],[87.74892,69.35503],[87.75528,69.35729],[87.75873,69.35668],[87.75688,69.35494],[87.75467,69.35384],[87.75385,69.35336],[87.75096,69.353],[87.74686,69.35059]],[[87.74923,69.35511],[87.75467,69.35384],[87.75668,69.35338],[87.75755,69.35317]],[[87.75755,69.35317],[87.75049,69.3495]],[[87.76878,69.34588],[87.75049,69.3495]],[[87.75261,69.35056],[87.76394,69.3478],[87.76759,69.34804]],[[87.75755,69.35317],[87.76582,69.3509],[87.76615,69.35066],[87.76878,69.34588]],[[87.76878,69.34588],[87.76961,69.34418]],[[87.76937,69.34367],[87.76973,69.34325],[87.77068,69.3435],[87.77019,69.34375],[87.76937,69.34367]],[[87.76961,69.34418],[87.76937,69.34367]],[[87.76946,69.3433],[87.77023,69.3429]],[[87.77033,69.34373],[87.76961,69.34418]],[[87.77023,69.3429],[87.77062,69.3434]],[[87.77023,69.3429],[87.77064,69.3422]],[[88.16301,69.3575],[88.16412,69.36014],[88.16085,69.36433],[88.16239,69.36702],[88.17468,69.36652]],[[88.17305,69.36381],[88.16549,69.35022]],[[88.16549,69.35022],[88.16593,69.34969]],[[88.16644,69.3498],[88.16549,69.35022]],[[88.16691,69.3496],[88.16593,69.34969]],[[88.16593,69.34969],[88.16624,69.34946]],[[88.16624,69.34946],[88.16752,69.34422],[88.16326,69.3356],[88.16923,69.33206],[88.16734,69.32507]],[[88.16624,69.34946],[88.1666,69.34941]],[[88.1666,69.34941],[88.16691,69.3496]],[[88.1666,69.34941],[88.16834,69.34914]],[[88.16834,69.34914],[88.16691,69.3496]],[[88.16734,69.32507],[88.16717,69.32446],[88.16828,69.3243]],[[88.16828,69.3243],[88.16734,69.32507]],[[88.16828,69.3243],[88.18961,69.32273],[88.19413,69.32117],[88.19148,69.31918],[88.20584,69.31695]],[[88.16834,69.34914],[88.18586,69.34619],[88.19286,69.34707],[88.19326,69.34716],[88.19348,69.34721],[88.19574,69.34773],[88.19656,69.34792],[88.19702,69.34802],[88.19735,69.3481],[88.19784,69.34821],[88.20081,69.34888],[88.20143,69.34903],[88.20239,69.34925],[88.20494,69.34983],[88.20503,69.34985],[88.20533,69.34991],[88.20889,69.35073]],[[88.17314,69.36397],[88.17305,69.36381]],[[88.17305,69.36381],[88.17714,69.36351],[88.17749,69.36348],[88.18405,69.36298],[88.1844,69.36296],[88.18468,69.36294],[88.18508,69.36291]],[[88.17468,69.36652],[88.17314,69.36397]],[[88.19272,69.36247],[88.19205,69.36254],[88.18795,69.36285],[88.17314,69.36397]],[[88.19698,69.36464],[88.17468,69.36652]],[[88.17625,69.35617],[88.1768,69.35607],[88.18648,69.35079],[88.18679,69.35064],[88.18709,69.35056],[88.18783,69.35016],[88.19308,69.34726],[88.19326,69.34716],[88.19427,69.34663],[88.19448,69.34654],[88.19464,69.3465],[88.19482,69.34648],[88.20149,69.34599],[88.20207,69.3458],[88.20579,69.34372],[88.20455,69.34103],[88.20471,69.34102]],[[88.20471,69.34102],[88.20492,69.34139],[88.20544,69.34241],[88.20573,69.34294],[88.20598,69.3434],[88.20605,69.34358],[88.20571,69.34405],[88.20194,69.34605],[88.19446,69.34669],[88.19436,69.34673],[88.19348,69.34721],[88.1933,69.3473],[88.19315,69.34739],[88.1917,69.34817],[88.19018,69.34899],[88.18705,69.3507],[88.1868,69.35086],[88.18453,69.35209],[88.18389,69.35245],[88.1817,69.35363],[88.17953,69.35482],[88.17711,69.35613],[88.17699,69.35632]],[[88.17923,69.35475],[88.17953,69.35482]],[[88.18286,69.35301],[88.18257,69.35294]],[[88.1839,69.36096],[88.18508,69.36291]],[[88.18477,69.36309],[88.18468,69.36294],[88.18356,69.36114],[88.1839,69.36096]],[[88.18768,69.35894],[88.18738,69.3591],[88.1854,69.36016],[88.18503,69.36036],[88.1839,69.36096]],[[88.19587,69.36103],[88.19545,69.36094],[88.18738,69.3591],[88.18422,69.3584]],[[88.18455,69.35822],[88.18475,69.35827],[88.18768,69.35894],[88.19573,69.36079]],[[88.18508,69.36291],[88.19258,69.36231]],[[88.19473,69.35267],[88.19035,69.35167],[88.18842,69.35123],[88.1868,69.35086],[88.18648,69.35079]],[[88.18679,69.35064],[88.18705,69.3507],[88.19064,69.35151],[88.19094,69.35158],[88.19504,69.35251]],[[88.19004,69.34896],[88.19018,69.34899]],[[88.20798,69.3588],[88.20754,69.3587],[88.2048,69.35807],[88.20232,69.3575],[88.20192,69.35741],[88.19814,69.35654],[88.1949,69.35579],[88.19455,69.35571],[88.19096,69.35489],[88.19076,69.35484],[88.19028,69.35473]],[[88.19035,69.35167],[88.19064,69.35151],[88.19073,69.35146],[88.19216,69.35068],[88.19554,69.34883],[88.19677,69.34816],[88.19685,69.34812],[88.19702,69.34802]],[[88.19046,69.35463],[88.19267,69.35514],[88.19474,69.35561],[88.19509,69.35569],[88.20183,69.35723],[88.20197,69.35726],[88.20212,69.3573],[88.20253,69.35739],[88.20775,69.35858],[88.2082,69.35868]],[[88.19735,69.3481],[88.19717,69.34819],[88.19709,69.34823],[88.19473,69.34952],[88.19247,69.35075],[88.19094,69.35158],[88.19065,69.35174]],[[88.19154,69.34814],[88.1917,69.34817]],[[88.19216,69.35068],[88.19247,69.35075]],[[88.20908,69.35093],[88.20869,69.35084],[88.20856,69.35081],[88.2059,69.3502],[88.20536,69.35007],[88.20062,69.34899],[88.19925,69.34867],[88.19717,69.34819],[88.19685,69.34812],[88.19506,69.34771],[88.19341,69.34733],[88.1933,69.3473],[88.19308,69.34726],[88.1927,69.34717],[88.19224,69.347]],[[88.19256,69.34771],[88.1924,69.34767]],[[88.19272,69.36247],[88.19258,69.36231]],[[88.19258,69.36231],[88.19306,69.3622]],[[88.19698,69.36464],[88.19575,69.36404],[88.19282,69.36253],[88.19272,69.36247]],[[88.19587,69.36103],[88.19357,69.36225],[88.19338,69.36231],[88.19272,69.36247]],[[88.19306,69.3622],[88.19338,69.36231],[88.19352,69.36235],[88.19382,69.3625],[88.19455,69.36286],[88.1946,69.36289],[88.19484,69.36301],[88.19767,69.36443]],[[88.19306,69.3622],[88.19337,69.36208],[88.19355,69.36198],[88.19529,69.36103],[88.19545,69.36094],[88.19573,69.36079]],[[88.19383,69.36304],[88.19455,69.36286]],[[88.19442,69.34945],[88.19473,69.34952]],[[88.19455,69.35571],[88.19474,69.35561],[88.1994,69.35308],[88.19947,69.35304],[88.20101,69.3522],[88.20255,69.35136],[88.20263,69.35132],[88.20282,69.35122]],[[88.19473,69.34663],[88.19464,69.3465]],[[88.19499,69.34938],[88.19468,69.3493]],[[88.20315,69.35129],[88.20297,69.35139],[88.20289,69.35144],[88.20135,69.35228],[88.20017,69.35292],[88.20007,69.35298],[88.19991,69.35306],[88.19681,69.35475],[88.19675,69.35478],[88.19509,69.35569],[88.1949,69.35579]],[[88.19573,69.36079],[88.19613,69.36088]],[[88.19573,69.36079],[88.19996,69.35849],[88.20192,69.35741],[88.20212,69.3573],[88.20219,69.35727],[88.20659,69.35486],[88.20751,69.35436],[88.21,69.35301]],[[88.19613,69.36088],[88.19587,69.36103]],[[88.21058,69.353],[88.2104,69.3531],[88.20996,69.35331],[88.20513,69.35597],[88.20259,69.35736],[88.20253,69.35739],[88.20232,69.3575],[88.20144,69.35797],[88.19613,69.36088]],[[88.19647,69.35467],[88.19681,69.35475]],[[88.19656,69.36477],[88.20008,69.36524]],[[88.19767,69.36443],[88.19698,69.36464]],[[88.2141,69.35546],[88.21218,69.35653],[88.21039,69.35748],[88.2082,69.35868],[88.20798,69.3588],[88.2079,69.35885],[88.2036,69.36119],[88.20337,69.36131],[88.19794,69.3643],[88.19767,69.36443]],[[88.21,69.35301],[88.20297,69.35139],[88.20263,69.35132],[88.2006,69.35085],[88.19902,69.35049],[88.19835,69.35034]],[[88.19854,69.35023],[88.19901,69.35034],[88.20282,69.35122],[88.20315,69.35129],[88.20367,69.35141],[88.20648,69.35206],[88.20683,69.35214],[88.2088,69.35259],[88.2099,69.35284],[88.21018,69.35291],[88.21058,69.353]],[[88.20008,69.36524],[88.20196,69.36515]],[[88.20196,69.36515],[88.20114,69.36535],[88.20008,69.36524]],[[88.20101,69.3522],[88.20135,69.35228]],[[88.20196,69.36515],[88.20917,69.36298],[88.21169,69.35953],[88.2261,69.35204]],[[88.22243,69.35098],[88.21925,69.35025],[88.21891,69.35017],[88.21669,69.34965],[88.2163,69.34956],[88.21316,69.34884],[88.21297,69.34879],[88.2126,69.34871],[88.21249,69.34866],[88.21022,69.34814],[88.20919,69.3479],[88.20908,69.34788],[88.20878,69.34781],[88.20867,69.34778],[88.20469,69.34688]],[[88.2082,69.34078],[88.20471,69.34102]],[[88.20492,69.34139],[88.20475,69.3414]],[[88.20484,69.34995],[88.20503,69.34985],[88.20623,69.3492],[88.20878,69.34781],[88.20896,69.34771],[88.20902,69.34768],[88.2106,69.34682],[88.21116,69.3465],[88.21381,69.34506],[88.21413,69.34484],[88.21414,69.34463],[88.21375,69.34389],[88.21373,69.34385],[88.21367,69.34372],[88.21364,69.34367],[88.21325,69.34288],[88.21285,69.34214],[88.21279,69.34204],[88.21219,69.34088],[88.21204,69.34059],[88.212,69.34053]],[[88.20488,69.34677],[88.20886,69.34768],[88.20896,69.34771],[88.20927,69.34778],[88.20938,69.3478],[88.21284,69.34859]],[[88.21228,69.34051],[88.2127,69.34126],[88.2131,69.34202],[88.21315,69.34212],[88.21397,69.34365],[88.214,69.3437],[88.21407,69.34383],[88.21409,69.34387],[88.21448,69.34458],[88.21448,69.34487],[88.21409,69.34515],[88.21147,69.34657],[88.21065,69.34703],[88.20932,69.34775],[88.20927,69.34778],[88.20908,69.34788],[88.20753,69.34872],[88.2072,69.3489],[88.20533,69.34991],[88.20513,69.35002]],[[88.20555,69.34295],[88.20573,69.34294]],[[88.20836,69.34077],[88.20431,69.33246],[88.20665,69.32756],[88.20584,69.31695]],[[88.22397,69.33556],[88.22248,69.32969],[88.21625,69.32527],[88.216,69.32221],[88.21148,69.32113],[88.2115,69.31693],[88.20584,69.31695]],[[88.2063,69.35216],[88.20648,69.35206],[88.20869,69.35084],[88.20889,69.35073]],[[88.22026,69.33995],[88.22033,69.34009],[88.22189,69.34312],[88.22193,69.34318],[88.222,69.34332],[88.22206,69.34345],[88.2218,69.344],[88.22139,69.34425],[88.21337,69.34859],[88.2132,69.34868],[88.21297,69.34879],[88.21112,69.34981],[88.20928,69.35082],[88.20908,69.35093],[88.20683,69.35214],[88.20666,69.35224]],[[88.2069,69.34883],[88.2072,69.3489]],[[88.20889,69.35073],[88.20928,69.35082]],[[88.20889,69.35073],[88.21125,69.34945],[88.2126,69.34871],[88.21284,69.34859]],[[88.2094,69.34227],[88.21279,69.34204],[88.2131,69.34202],[88.21744,69.34172],[88.21779,69.3417],[88.22056,69.34151],[88.22104,69.34147]],[[88.2211,69.34158],[88.22062,69.34162],[88.219,69.34173],[88.21757,69.34182],[88.2175,69.34183],[88.21617,69.34192],[88.21327,69.34212],[88.21315,69.34212],[88.21285,69.34214],[88.21124,69.34225],[88.20945,69.34237]],[[88.21569,69.35431],[88.21053,69.35313],[88.2104,69.3531],[88.21,69.35301]],[[88.21,69.35301],[88.21018,69.35291],[88.21025,69.35287],[88.21336,69.35117],[88.21452,69.35054],[88.21622,69.34961],[88.2163,69.34956],[88.21654,69.34944],[88.21889,69.34815],[88.22614,69.34421],[88.2266,69.34374],[88.22659,69.3435],[88.22646,69.34319],[88.22638,69.34303],[88.22631,69.34289]],[[88.21058,69.353],[88.21586,69.35421]],[[88.22684,69.343],[88.22705,69.34376],[88.22702,69.34384],[88.22696,69.34392],[88.22671,69.34416],[88.22583,69.34467],[88.22408,69.34562],[88.22131,69.34713],[88.22109,69.34726],[88.21928,69.34824],[88.21828,69.34878],[88.21712,69.34942],[88.21706,69.34945],[88.21692,69.34953],[88.21669,69.34965],[88.2166,69.3497],[88.21058,69.353]],[[88.2107,69.34387],[88.21163,69.34386],[88.21351,69.34373],[88.21367,69.34372],[88.214,69.3437],[88.21414,69.34369],[88.21769,69.34346],[88.21863,69.3434],[88.22125,69.34322],[88.22148,69.34321],[88.22193,69.34318],[88.22631,69.34289]],[[88.21073,69.34973],[88.21112,69.34981]],[[88.22684,69.343],[88.22638,69.34303],[88.22556,69.34309],[88.22228,69.3433],[88.222,69.34332],[88.22155,69.34335],[88.22131,69.34336],[88.22032,69.34343],[88.21712,69.34363],[88.21407,69.34383],[88.21373,69.34385],[88.21358,69.34386],[88.2117,69.34398],[88.21079,69.34405]],[[88.21284,69.34859],[88.2132,69.34868],[88.21338,69.34872],[88.21625,69.34937],[88.21654,69.34944],[88.21692,69.34953],[88.21972,69.35017],[88.22267,69.35084]],[[88.21284,69.34859],[88.22146,69.34381],[88.22155,69.34335],[88.22148,69.34321],[88.22145,69.34316],[88.22072,69.3418],[88.22062,69.34162],[88.22056,69.34151],[88.22049,69.34138],[88.22015,69.34079],[88.21975,69.34]],[[88.2141,69.35546],[88.21569,69.35431]],[[88.21569,69.35431],[88.21549,69.35467],[88.2141,69.35546]],[[88.21413,69.34484],[88.21448,69.34487]],[[88.21586,69.35421],[88.21569,69.35431]],[[88.22243,69.35098],[88.21586,69.35421]],[[88.21617,69.34192],[88.21611,69.34181]],[[88.21744,69.34172],[88.2175,69.34183]],[[88.22267,69.35084],[88.22622,69.34842],[88.22486,69.34811],[88.22376,69.34786],[88.22127,69.3473],[88.22109,69.34726],[88.22069,69.34717]],[[88.22093,69.34704],[88.22131,69.34713]],[[88.221,69.34416],[88.22139,69.34425]],[[88.22498,69.35142],[88.22243,69.35098]],[[88.22267,69.35084],[88.22243,69.35098]],[[88.22267,69.35084],[88.22498,69.35142]],[[88.22397,69.33556],[88.22528,69.33666]],[[88.22439,69.33676],[88.22397,69.33556]],[[88.22631,69.34289],[88.22459,69.33964]],[[88.22498,69.35142],[88.226,69.35163],[88.22662,69.35176]],[[88.22505,69.33961],[88.22669,69.34269],[88.22678,69.34286],[88.22684,69.343]],[[88.2261,69.35204],[88.22714,69.35148]],[[88.22662,69.35176],[88.2261,69.35204]],[[88.22631,69.34289],[88.22678,69.34286]],[[88.22702,69.34384],[88.22657,69.34381]],[[88.24582,69.3413],[88.22662,69.35176]],[[88.36504,69.39501],[88.37118,69.39154],[88.36145,69.3861],[88.35297,69.38288]],[[88.38041,69.49106],[88.37169,69.4939],[88.36122,69.49462],[88.36132,69.49899],[88.36455,69.50021]],[[89.46937,60.0786],[89.43564,60.08337],[89.39796,60.08645],[89.39205,60.08842],[89.37692,60.09563],[89.371,60.10113],[89.36702,60.10299],[89.36556,60.10614],[89.3663,60.11034],[89.36514,60.11464],[89.36326,60.11911],[89.35962,60.12223],[89.34317,60.12895],[89.33071,60.13678],[89.31988,60.13891],[89.31087,60.14339],[89.28745,60.14465],[89.25823,60.14355],[89.2492,60.1372],[89.21953,60.12794],[89.17101,60.14198],[89.15566,60.14485],[89.09202,60.14878],[89.06772,60.15526],[89.04419,60.15529],[89.03551,60.15724],[89.02985,60.15695],[89.00727,60.16424],[89.00121,60.16798],[88.99163,60.16751],[88.99127,60.17023],[88.99019,60.17078],[88.963,60.17026],[88.95064,60.17638],[88.92966,60.17902],[88.92215,60.18271],[88.91976,60.18586],[88.92283,60.19146],[88.92037,60.19651],[88.89598,60.21325],[88.88741,60.21633],[88.88382,60.21875],[88.88032,60.22369],[88.87512,60.22509],[88.86914,60.22337],[88.84274,60.22371],[88.82408,60.21469],[88.80028,60.21661],[88.7974,60.21654],[88.79274,60.21438],[88.79,60.21457],[88.77931,60.22132],[88.76743,60.22532],[88.73124,60.22911],[88.73098,60.23271],[88.72903,60.23414],[88.72442,60.24348],[88.70068,60.25433],[88.69108,60.26223],[88.67159,60.27087],[88.63933,60.27897],[88.63483,60.27879],[88.62894,60.27686],[88.62386,60.27693],[88.62382,60.27996],[88.62237,60.28072],[88.397,60.34368],[88.39205,60.34395],[88.38982,60.34575],[88.37493,60.34991],[88.37193,60.35019],[88.36476,60.34835]],[[88.36504,69.39501],[88.36571,69.39534],[88.36577,69.39542],[88.36435,69.39533],[88.36504,69.39501]],[[88.37416,69.48696],[88.38035,69.4909]],[[88.38957,69.47991],[88.37564,69.48526],[88.37416,69.48696]],[[88.38489,69.48561],[88.37416,69.48696]],[[88.38041,69.49106],[88.38035,69.4909]],[[88.38035,69.4909],[88.38079,69.49096]],[[88.38079,69.49096],[88.38069,69.49105],[88.38055,69.49107],[88.38041,69.49106]],[[88.39023,69.4922],[88.38686,69.49087],[88.38079,69.49096]],[[88.38517,69.48568],[88.38489,69.48561]],[[88.38489,69.48561],[88.39552,69.48276]],[[88.39623,69.49057],[88.38517,69.48568]],[[88.39641,69.48336],[88.38517,69.48568]],[[88.38613,69.35846],[88.39622,69.35877],[88.40583,69.35764]],[[88.40583,69.35764],[88.40868,69.35735],[88.41155,69.3591],[88.41009,69.35933],[88.40583,69.35764]],[[88.58025,55.38855],[88.58003,55.39035],[88.58186,55.39228]],[[88.58186,55.39228],[88.58799,55.39839],[88.60272,55.4038],[88.6076,55.41214]],[[88.58986,55.37257],[88.59307,55.37338],[88.5887,55.38766],[88.58753,55.38957],[88.58186,55.39228]],[[88.65634,55.2908],[88.65719,55.29291],[88.6541,55.3046],[88.64279,55.31626],[88.63652,55.31824]],[[88.92356,55.40175],[88.9221,55.3999],[88.92229,55.3908],[88.92019,55.38495],[88.89534,55.38073],[88.86381,55.36926],[88.85861,55.36348],[88.85674,55.35585],[88.85298,55.35088],[88.8507,55.34399],[88.84344,55.337],[88.835,55.33097],[88.82556,55.32744],[88.82112,55.32463],[88.80459,55.31945],[88.80048,55.31423],[88.80101,55.30563],[88.7811,55.2958],[88.77439,55.29371],[88.76928,55.29363],[88.76855,55.29273],[88.77094,55.28943],[88.7661,55.2842],[88.76339,55.28321],[88.75406,55.28359],[88.7514,55.28268],[88.72993,55.28544],[88.71916,55.28318],[88.702,55.27553],[88.68664,55.27156],[88.67649,55.2706]],[[88.80354,55.55536],[88.78555,55.56485],[88.77992,55.56663]],[[88.92356,55.40175],[88.89702,55.40859],[88.88899,55.40715],[88.88729,55.40505]],[[89.12984,55.4226],[89.11466,55.42292],[89.08517,55.42743],[89.04909,55.42722],[89.01406,55.42235],[89.00568,55.42515],[88.98439,55.4187],[88.9715,55.41702],[88.96196,55.41277],[88.93624,55.40963],[88.93166,55.40703],[88.92871,55.407],[88.92356,55.40175]],[[89.02225,57.07361],[89.01705,57.07514],[89.00183,57.07332],[88.99801,57.07419],[88.99148,57.07265],[88.98622,57.07342],[88.97797,57.0691],[88.96656,57.06584],[88.95919,57.06672],[88.9529,57.06951]],[[88.95865,56.4796],[88.97844,56.48951],[88.9856,56.48829],[88.99055,56.48975],[88.99604,56.49569],[89.00335,56.49757],[89.01168,56.5029],[89.02539,56.50736],[89.03486,56.51189],[89.04067,56.51581],[89.0426,56.51875],[89.05577,56.5276],[89.06066,56.5348],[89.07201,56.54051],[89.07815,56.54706],[89.07956,56.55007],[89.08851,56.55622],[89.09874,56.56538],[89.10414,56.56796],[89.12523,56.57154],[89.13549,56.57443],[89.1789,56.58059],[89.19028,56.58064],[89.20577,56.57731]],[[90.16833,59.83938],[90.1589,59.8413],[90.14682,59.83894],[90.12499,59.83808],[90.12137,59.83539],[90.11505,59.83477],[90.09554,59.82433],[90.09183,59.81833],[90.08462,59.81553],[90.07884,59.80988],[90.08031,59.80504],[90.07596,59.79436],[90.08497,59.78744],[90.0686,59.78119],[90.06462,59.77769],[90.063,59.77138],[90.06604,59.76483],[90.06389,59.75844],[90.05416,59.74984],[90.02715,59.74167],[89.9924,59.73698],[89.96284,59.73572],[89.95385,59.73366],[89.94685,59.73064],[89.93483,59.73166],[89.92874,59.73331],[89.91901,59.73188],[89.9171,59.73059],[89.91834,59.72544],[89.91641,59.72335],[89.90356,59.71735],[89.8897,59.70915],[89.88825,59.70571],[89.87071,59.69827],[89.85266,59.68667],[89.84231,59.68181],[89.8283,59.6778],[89.81705,59.67866],[89.80602,59.68118],[89.78544,59.68034],[89.78193,59.67733],[89.78076,59.67056],[89.76573,59.65959],[89.76305,59.65619],[89.75731,59.65249],[89.74175,59.64643],[89.73529,59.64081],[89.72083,59.63627],[89.70308,59.63406],[89.69594,59.632],[89.68273,59.62526],[89.66921,59.62272],[89.66547,59.62084],[89.66211,59.60942],[89.66052,59.60747],[89.64942,59.5971],[89.64202,59.59274],[89.63631,59.59108],[89.62619,59.58563],[89.59959,59.58171],[89.5754,59.57552],[89.56066,59.56932],[89.53705,59.56354],[89.52504,59.55772],[89.52098,59.55434],[89.51938,59.55139],[89.49972,59.5457],[89.48434,59.53731],[89.47233,59.52813],[89.45753,59.51873],[89.44237,59.51659],[89.41497,59.51483],[89.37176,59.49838],[89.34703,59.48732],[89.32781,59.48915],[89.29073,59.48854],[89.27253,59.49028],[89.26326,59.49263],[89.24541,59.48906],[89.24084,59.48618],[89.23169,59.47321],[89.22664,59.46987],[89.22206,59.4684],[89.20882,59.4692],[89.20068,59.46758],[89.19895,59.46635],[89.19172,59.45342],[89.18883,59.4512],[89.16153,59.44387],[89.15003,59.43878],[89.13795,59.43569],[89.12629,59.4312],[89.12207,59.42827],[89.12107,59.4236],[89.07022,59.41063],[89.02451,59.40101],[88.97719,59.38786],[88.96167,59.38531],[88.95679,59.38352],[88.95138,59.37589],[88.96495,59.36933],[88.9746,59.36181],[88.98524,59.35703],[88.98502,59.35498],[88.99017,59.35188],[88.99162,59.34441],[88.99339,59.34258],[89.00188,59.34149],[89.0044,59.33776],[89.01194,59.33462],[89.01383,59.33277],[89.01342,59.33149],[89.01708,59.33069],[89.02203,59.32736],[89.02221,59.32565],[89.02048,59.3235],[89.01357,59.32134],[89.01364,59.31652],[89.01259,59.31517],[89.00304,59.31186]],[[89.08827,55.61174],[89.08045,55.61037],[89.07772,55.60821]],[[89.08644,55.61509],[89.09266,55.61972],[89.0904,55.62193],[89.09936,55.62831]],[[89.08644,55.61509],[89.08348,55.61647],[89.08183,55.62017],[89.08649,55.62366],[89.08461,55.62449],[89.09386,55.63125],[89.09977,55.62869]],[[89.08644,55.61509],[89.0873,55.61336]],[[89.0873,55.61336],[89.08827,55.61174]],[[89.08827,55.61174],[89.08861,55.61221],[89.0873,55.61336]],[[89.09206,56.91801],[89.09046,56.91789]],[[89.09418,55.40441],[89.10423,55.40845],[89.11483,55.41588],[89.12236,55.41867],[89.12326,55.42005],[89.12272,55.42266]],[[89.09923,55.62827],[89.09977,55.62869]],[[89.09977,55.62869],[89.10032,55.62911]],[[89.10669,55.62956],[89.10032,55.62911]],[[89.10032,55.62911],[89.10094,55.6291],[89.10669,55.62956]],[[89.10669,55.62956],[89.1137,55.6334]],[[89.15635,55.47357],[89.13695,55.46535],[89.13646,55.46279],[89.11954,55.45672],[89.11947,55.45483],[89.12096,55.45318],[89.11896,55.45212],[89.11894,55.44976],[89.11961,55.4489],[89.12158,55.44734],[89.12066,55.44678],[89.12486,55.44288],[89.12278,55.43476],[89.12012,55.4317],[89.10906,55.4239]],[[89.16529,55.66085],[89.14942,55.66143],[89.14748,55.6636],[89.14161,55.66473],[89.14005,55.66761],[89.13569,55.66725],[89.12836,55.66991],[89.12251,55.67723],[89.12048,55.67787],[89.11286,55.67785],[89.11283,55.67663],[89.11325,55.67499],[89.1131,55.67461],[89.11322,55.67437],[89.11179,55.66944],[89.1129,55.66353]],[[89.1137,55.6334],[89.12246,55.64019],[89.13231,55.64521],[89.15267,55.64629],[89.15495,55.64849],[89.15994,55.65509],[89.16367,55.65906],[89.16529,55.66085],[89.16585,55.6615],[89.16633,55.66212],[89.19306,55.66309],[89.19305,55.66105],[89.18861,55.65238]],[[89.1137,55.6334],[89.10328,55.64168],[89.10002,55.64726],[89.09608,55.66773],[89.09282,55.67027],[89.10965,55.6743],[89.1131,55.67461],[89.11643,55.67502]],[[89.11939,55.44922],[89.12766,55.44968],[89.13373,55.45233],[89.1255,55.45855]],[[89.1334,55.42517],[89.13211,55.42424],[89.12984,55.4226]],[[89.13281,55.4221],[89.12984,55.4226]],[[89.13275,55.42406],[89.13211,55.42424]],[[89.15363,55.54107],[89.15546,55.54487]],[[89.1559,55.54643],[89.15363,55.54107]],[[89.15363,55.54107],[89.15074,55.53399],[89.16558,55.51797],[89.16832,55.51563],[89.17971,55.51359]],[[89.15525,55.5449],[89.15546,55.54487]],[[89.15546,55.54487],[89.15616,55.54639]],[[89.15546,55.54487],[89.16269,55.5439]],[[89.16351,55.48442],[89.14906,55.48814],[89.1462,55.48765],[89.1543,55.47724],[89.15674,55.47735]],[[89.20577,56.57731],[89.20032,56.57978],[89.18369,56.59968],[89.1653,56.60326],[89.15954,56.60686]],[[89.16981,55.54293],[89.16407,55.54371]],[[89.17101,55.54608],[89.1701,55.5447]],[[89.17087,55.54409],[89.17666,55.54334]],[[89.17092,55.54462],[89.17101,55.54608]],[[89.17101,55.54608],[89.1713,55.55074],[89.1758,55.55037],[89.20884,55.55372]],[[89.17666,55.54334],[89.17102,55.54454]],[[89.30528,56.50714],[89.30426,56.50554],[89.28288,56.499],[89.26848,56.47649],[89.24156,56.4642],[89.23404,56.45449],[89.22524,56.44839],[89.19426,56.43813],[89.17791,56.43439],[89.17468,56.43237]],[[89.17666,55.54334],[89.19076,55.54047],[89.19774,55.54258]],[[89.18551,55.52297],[89.20629,55.5194],[89.18555,55.52307]],[[89.18806,55.65275],[89.18766,55.6515]],[[89.18782,55.52832],[89.19735,55.52637],[89.20135,55.52747]],[[89.19927,55.54027],[89.20451,55.53846],[89.2066,55.53656],[89.2096,55.53349],[89.2135,55.52994]],[[89.20135,55.52747],[89.20723,55.52592],[89.20725,55.52417],[89.20954,55.52235],[89.20024,55.51374]],[[89.20135,55.52747],[89.20019,55.52917],[89.20229,55.5305],[89.20157,55.53229],[89.20235,55.53389],[89.20651,55.53663]],[[89.29674,56.55313],[89.24969,56.57146],[89.23991,56.57709],[89.234,56.57772],[89.2265,56.57653],[89.21175,56.57733],[89.20577,56.57731]],[[89.29904,56.31888],[89.26559,56.32534],[89.25003,56.32942],[89.23116,56.34371],[89.20903,56.35226],[89.20591,56.35645],[89.19695,56.36179],[89.19491,56.37108],[89.20049,56.38307],[89.20755,56.38877]],[[89.20944,55.556],[89.23402,55.56192],[89.2421,55.56488],[89.28208,55.57351],[89.29145,55.57772],[89.29595,55.57703],[89.35173,55.61862],[89.36906,55.62984],[89.41491,55.64353],[89.41999,55.64111],[89.42262,55.63576],[89.44395,55.6086],[89.45285,55.60279],[89.45527,55.59269],[89.45919,55.5904]],[[89.23487,55.50553],[89.21805,55.52532],[89.22089,55.53088],[89.2172,55.53194],[89.22033,55.53617],[89.21531,55.53652],[89.21248,55.53378],[89.20986,55.53328]],[[89.24348,55.28415],[89.23777,55.28639],[89.23239,55.29166],[89.22643,55.30987],[89.2244,55.31959]],[[89.23931,55.28524],[89.23638,55.28527],[89.22624,55.28145],[89.21701,55.27969],[89.20768,55.27574],[89.20717,55.27127],[89.20542,55.27044],[89.20509,55.26848],[89.21215,55.25512],[89.2187,55.25515],[89.22225,55.25631],[89.2255,55.25359],[89.22462,55.25118]],[[89.38399,56.85237],[89.3839,56.84257],[89.38984,56.83639],[89.38924,56.83513],[89.37276,56.8266],[89.3705,56.82326],[89.36414,56.81988],[89.33727,56.816],[89.32548,56.80956],[89.32338,56.80416],[89.32814,56.79815],[89.32638,56.79222],[89.32757,56.78993],[89.32567,56.78378],[89.31114,56.77752],[89.3088,56.77414],[89.30971,56.76924],[89.30765,56.76829],[89.30556,56.76366],[89.29987,56.76237],[89.27785,56.75361],[89.23762,56.73591],[89.22692,56.72992]],[[89.22692,56.72992],[89.22329,56.73592],[89.2176,56.7404],[89.21658,56.74336],[89.20238,56.76156],[89.20192,56.7648],[89.19844,56.76683],[89.19688,56.774],[89.19248,56.77511],[89.1863,56.78151],[89.18593,56.78447],[89.18287,56.78657],[89.16221,56.81417],[89.15921,56.81585],[89.15836,56.81936],[89.15558,56.82062],[89.15506,56.82315],[89.14847,56.83028],[89.14195,56.83979],[89.13884,56.84098],[89.13725,56.84623],[89.12821,56.85773],[89.12543,56.85957],[89.12447,56.86243],[89.09918,56.8944],[89.0987,56.8972],[89.10066,56.90621],[89.09726,56.90845],[89.09657,56.91081],[89.0932,56.91407],[89.09333,56.91622],[89.09207,56.91706],[89.09209,56.91783],[89.09206,56.91801],[89.09203,56.91819],[89.09179,56.91935],[89.09182,56.91981],[89.09424,56.92486],[89.08933,56.93121],[89.09258,56.94294],[89.09111,56.94686],[89.09764,56.95088],[89.10044,56.96069],[89.09941,56.96638],[89.10208,56.96861],[89.10276,56.97059],[89.1065,56.97174],[89.11013,56.97593],[89.11278,56.98611],[89.09727,56.99213],[89.08583,56.99392],[89.08189,56.99764],[89.08059,57.00337],[89.08236,57.00618],[89.08197,57.00832],[89.07483,57.01256],[89.06384,57.01548],[89.06271,57.01836],[89.0704,57.02366],[89.06932,57.02828],[89.07886,57.03671],[89.07994,57.04014],[89.07899,57.04147],[89.0749,57.0429],[89.06722,57.04297],[89.05642,57.04783],[89.04734,57.04874],[89.03452,57.04817],[89.03262,57.04977],[89.03095,57.05508],[89.02312,57.05735],[89.0249,57.0596],[89.02657,57.06753],[89.02225,57.07361],[89.02324,57.07842],[89.0297,57.0824],[89.03148,57.08477],[89.03237,57.0886],[89.03126,57.09005],[89.03532,57.09988],[89.03599,57.10414],[89.02745,57.121],[89.02218,57.12591],[89.02555,57.13255],[89.03908,57.14272],[89.05631,57.15987],[89.05788,57.16301],[89.06631,57.16745],[89.06952,57.17621],[89.07404,57.17987],[89.07651,57.18356],[89.07615,57.18603],[89.0838,57.1972],[89.09446,57.20265],[89.10873,57.20476],[89.15001,57.22162],[89.1761,57.22537],[89.18824,57.22796],[89.19766,57.2316],[89.19874,57.23414],[89.19658,57.2354],[89.1972,57.23817],[89.21298,57.2506],[89.21802,57.25731],[89.22195,57.26011],[89.223,57.26306],[89.22207,57.26645],[89.22297,57.26936],[89.23364,57.27806],[89.23449,57.28047],[89.24117,57.28812],[89.2466,57.29902],[89.25104,57.30234],[89.24982,57.30502],[89.25138,57.3074],[89.24923,57.31485],[89.23368,57.32582],[89.24889,57.3287],[89.25692,57.3314],[89.26201,57.33664],[89.27026,57.34039],[89.27231,57.34392],[89.27085,57.34589],[89.27469,57.35143],[89.27982,57.35399],[89.28638,57.36],[89.29725,57.36345],[89.30206,57.36706],[89.2989,57.37764],[89.30073,57.38367],[89.30358,57.38716],[89.3013,57.39579],[89.30914,57.40164],[89.31166,57.40237],[89.31285,57.40728],[89.3116,57.4095],[89.30387,57.41344],[89.30617,57.4167],[89.30036,57.42288],[89.29902,57.42989],[89.3006,57.43382],[89.30835,57.43828]],[[89.29983,56.58704],[89.29743,56.59363],[89.294,56.59808],[89.2922,56.60784],[89.27519,56.65676],[89.2729,56.66767],[89.27011,56.67068],[89.26978,56.67432],[89.26078,56.68532],[89.26082,56.68685],[89.25771,56.69146],[89.25477,56.6936],[89.25475,56.69595],[89.25,56.69923],[89.24728,56.70349],[89.24357,56.70419],[89.23311,56.717],[89.23172,56.71969],[89.23257,56.72301],[89.22692,56.72992]],[[89.23487,55.50553],[89.24468,55.47468],[89.2472,55.47032],[89.27343,55.4447],[89.27155,55.4354],[89.26792,55.43333],[89.26575,55.42629]],[[89.31157,55.49385],[89.29748,55.49586],[89.28852,55.4992],[89.23487,55.50553]],[[89.23931,55.28524],[89.2394,55.28541]],[[89.23969,55.28521],[89.23931,55.28524]],[[89.28149,56.53774],[89.27561,56.53775],[89.26817,56.53424],[89.26382,56.53394],[89.25247,56.53668],[89.24732,56.53611],[89.23988,56.53798]],[[89.29512,55.29278],[89.24348,55.28415]],[[89.24348,55.28415],[89.25457,55.2812],[89.26166,55.28091],[89.27549,55.27707],[89.3054,55.26202],[89.32566,55.25845],[89.33622,55.25115],[89.33967,55.24745],[89.3439,55.23981],[89.34612,55.23037],[89.34393,55.22225],[89.33857,55.21632],[89.32928,55.20244],[89.32816,55.19326],[89.33224,55.18877],[89.34108,55.18517],[89.34503,55.18221],[89.35205,55.17452],[89.35391,55.17088],[89.35223,55.15622],[89.3549,55.14558],[89.3542,55.14217],[89.35556,55.13701],[89.3547,55.1339],[89.34963,55.1309],[89.33669,55.12795],[89.3428,55.12329]],[[89.25839,56.19204],[89.26233,56.18685],[89.26631,56.1762],[89.27051,56.17051],[89.283,56.16155],[89.28468,56.15832],[89.30266,56.14522],[89.32,56.13559],[89.33558,56.13294],[89.33781,56.13148],[89.3491,56.13474]],[[89.29904,56.31888],[89.30834,56.31912],[89.31855,56.32116]],[[89.46966,56.31568],[89.45323,56.31598],[89.44073,56.31759],[89.40273,56.31528],[89.39396,56.31645],[89.36564,56.31038],[89.35629,56.31077],[89.34682,56.31518],[89.34136,56.3162],[89.32247,56.3149],[89.31799,56.31465],[89.31531,56.31463],[89.3029,56.31659],[89.29904,56.31888]],[[89.29983,56.58704],[89.32667,56.59644],[89.38511,56.60545],[89.40264,56.60666],[89.41442,56.60956]],[[89.29983,56.58704],[89.30065,56.58453],[89.29866,56.58116],[89.30186,56.57666],[89.3039,56.55865],[89.3081,56.54997],[89.30863,56.54688],[89.30736,56.54216],[89.31039,56.53884]],[[89.30519,56.50721],[89.30971,56.51653],[89.31101,56.52244],[89.30774,56.53038],[89.30925,56.5319],[89.3184,56.53522],[89.3187,56.5375]],[[89.31039,56.53884],[89.32329,56.54094],[89.32998,56.53859],[89.33198,56.53832],[89.33417,56.53809],[89.34646,56.53671],[89.34965,56.53631],[89.36275,56.53287],[89.36966,56.5322],[89.38724,56.52745],[89.44507,56.52865],[89.48645,56.52349],[89.498,56.52498],[89.53082,56.53848],[89.54279,56.53583],[89.54611,56.53363],[89.54808,56.52949],[89.55433,56.52768],[89.56926,56.52963],[89.57971,56.52975],[89.60672,56.53453],[89.65533,56.53637],[89.65953,56.53486],[89.66849,56.53557],[89.67267,56.53484],[89.68665,56.52783],[89.71346,56.51806],[89.72094,56.51652],[89.75076,56.51834],[89.75876,56.52204],[89.76209,56.52612],[89.76313,56.53074],[89.78019,56.5473],[89.78111,56.54974]],[[89.31039,56.53884],[89.31136,56.5379],[89.3146,56.53784],[89.32189,56.53729],[89.32595,56.53649],[89.32972,56.53549],[89.32894,56.53418],[89.34141,56.53184],[89.34287,56.53711]],[[89.31855,56.32116],[89.31912,56.31818],[89.31799,56.31465]],[[89.39143,56.39973],[89.36565,56.39317],[89.3558,56.39283],[89.35008,56.3908],[89.32923,56.37457],[89.31866,56.36831],[89.31515,56.36168],[89.31594,56.35919],[89.31304,56.35496],[89.31289,56.35301],[89.31643,56.34222],[89.32209,56.33633],[89.31697,56.32894],[89.31855,56.32116]],[[89.35419,55.73811],[89.32725,55.75429],[89.32216,55.76]],[[89.33928,56.01131],[89.33209,56.00863],[89.32513,56.01306],[89.32268,56.01874],[89.32366,56.021],[89.32987,56.02478],[89.33632,56.03255],[89.34565,56.03876],[89.336,56.0531],[89.33896,56.06246],[89.34083,56.06484],[89.33982,56.06619],[89.34201,56.06746],[89.33829,56.07703],[89.34254,56.08026],[89.35026,56.08373],[89.34594,56.09321],[89.34605,56.09534],[89.35266,56.1086],[89.36266,56.11834],[89.36068,56.12331],[89.35469,56.12738],[89.3491,56.13474]],[[89.3491,56.13474],[89.37797,56.14341],[89.39664,56.15045]],[[89.8477,55.72122],[89.8468,55.72551],[89.84364,55.72716],[89.83207,55.72829],[89.78548,55.72289],[89.70259,55.73166],[89.57627,55.71655],[89.49772,55.71733],[89.4886,55.72321],[89.4865,55.72685],[89.47796,55.72818],[89.47433,55.73321],[89.46876,55.73655],[89.4614,55.73899],[89.45803,55.74406],[89.4495,55.75231],[89.44521,55.76848],[89.44315,55.77041],[89.42333,55.7779],[89.42124,55.78053],[89.40024,55.78391],[89.3872,55.78771],[89.38245,55.79119]],[[89.38459,56.41182],[89.40458,56.42396],[89.41166,56.4236],[89.4236,56.42819],[89.43269,56.43418],[89.43538,56.43922]],[[90.09805,60.10457],[90.08865,60.10355],[90.08326,60.10031],[90.07602,60.09847],[90.06233,60.0982],[90.05739,60.0955],[90.01117,60.08048],[90.00101,60.07951],[89.99602,60.07543],[89.97637,60.06904],[89.96102,60.06148],[89.94414,60.06279],[89.91263,60.05559],[89.90752,60.05618],[89.90124,60.05945],[89.88774,60.06129],[89.87875,60.06024],[89.85369,60.05204],[89.83411,60.05329],[89.82115,60.04921],[89.79995,60.05],[89.78453,60.0474],[89.77541,60.04837],[89.74911,60.04509],[89.74473,60.04008],[89.73446,60.03328],[89.7298,60.01296],[89.72152,59.99937],[89.6946,59.99296],[89.66739,59.98122],[89.63474,59.98097],[89.61636,59.97435],[89.59044,59.97182],[89.58813,59.96892],[89.57025,59.96347],[89.56546,59.95959],[89.55951,59.95706],[89.52356,59.95919],[89.51249,59.96283],[89.51124,59.97103],[89.50296,59.98029],[89.48674,59.98524],[89.45279,59.98229],[89.44595,59.98313],[89.42894,59.98275],[89.42898,59.98925],[89.42013,59.99735],[89.41841,60.00062],[89.42352,60.01034],[89.42673,60.01357],[89.42725,60.01824],[89.42497,60.01985],[89.41119,60.02195],[89.40856,60.02327]],[[89.42707,60.01858],[89.43857,60.02176],[89.44996,60.02742],[89.45217,60.02998],[89.45234,60.0327],[89.44811,60.03675],[89.44481,60.03778]],[[89.44086,60.03746],[89.43749,60.03857],[89.43662,60.04469],[89.43093,60.0483],[89.42851,60.05167],[89.42901,60.05798],[89.4323,60.06045],[89.43934,60.06269],[89.4425,60.06664],[89.44205,60.06788],[89.44778,60.06919],[89.45176,60.07256],[89.46365,60.07749],[89.4687,60.07863],[89.47713,60.07752],[89.48621,60.07796],[89.50741,60.07388],[89.51817,60.07617],[89.54299,60.07888],[89.56191,60.07832],[89.5728,60.08138],[89.58653,60.08265],[89.59525,60.08602],[89.60891,60.09345],[89.61352,60.09674],[89.61461,60.1015],[89.62249,60.10452],[89.65644,60.11269],[89.65765,60.11422],[89.65732,60.11897],[89.65567,60.12046],[89.64705,60.1229],[89.64122,60.12294],[89.63028,60.1306],[89.6296,60.13932],[89.63224,60.14558],[89.62964,60.14971],[89.63051,60.15321],[89.6363,60.15725],[89.64332,60.15717],[89.64844,60.15949],[89.65729,60.17576],[89.6663,60.18646],[89.67555,60.19481],[89.69,60.20248],[89.69259,60.20503],[89.69642,60.2067],[89.69898,60.21015],[89.70469,60.21332],[89.71622,60.2163],[89.72954,60.2171],[89.74148,60.21707],[89.74915,60.2147],[89.75401,60.21489],[89.77,60.22197],[89.78763,60.22623],[89.79531,60.22965],[89.8091,60.23065],[89.83605,60.23038],[89.84364,60.23147],[89.89901,60.25456],[89.95779,60.28997],[89.97636,60.29338],[89.99785,60.2923]],[[89.45832,56.31585],[89.46162,56.31056],[89.45718,56.30935],[89.45854,56.30571]],[[89.52226,55.33089],[89.51267,55.32678],[89.50483,55.32097],[89.49759,55.31036]],[[89.50469,56.24403],[89.50609,56.243],[89.51144,56.23931],[89.5189,56.23543],[89.53174,56.23099],[89.5364,56.22583],[89.53874,56.22079],[89.54395,56.22212],[89.5465,56.21983]],[[89.50536,56.24354],[89.50576,56.24386]],[[89.52953,56.23197],[89.53004,56.23458],[89.54262,56.24034]],[[90.01648,61.5833],[90.0023,61.57236],[89.99899,61.56793],[90.00075,61.56526],[90.00235,61.55013],[90.01372,61.54515],[90.01851,61.54171],[90.01977,61.5396],[90.00903,61.53471],[89.94045,61.51219],[89.86352,61.51573],[89.85015,61.51875],[89.81039,61.51863],[89.78975,61.51735],[89.77985,61.5209],[89.67238,61.52033],[89.58664,61.52854],[89.57878,61.52405],[89.56775,61.52041],[89.55711,61.51312],[89.5586,61.50707],[89.54907,61.49496],[89.54646,61.4895],[89.54646,61.48674],[89.53839,61.47527],[89.53251,61.46907],[89.52389,61.46919],[89.50201,61.45432],[89.50399,61.44943],[89.50186,61.44745],[89.49485,61.4481],[89.49425,61.44614],[89.49068,61.44483],[89.49064,61.43624],[89.48898,61.4338],[89.48951,61.43256],[89.48175,61.42746],[89.48179,61.42481],[89.48315,61.42353],[89.47701,61.42241],[89.47271,61.4258],[89.46741,61.42487],[89.45808,61.42647],[89.45499,61.42585],[89.45135,61.42375],[89.44908,61.41963],[89.42058,61.41186],[89.38492,61.39193],[89.37649,61.38604],[89.37278,61.38166],[89.35958,61.37255],[89.32366,61.36752],[89.31831,61.36164],[89.3189,61.3595],[89.3157,61.35874],[89.31093,61.35531],[89.31085,61.35344],[89.30127,61.3435],[89.30063,61.34139],[89.29883,61.34086],[89.29658,61.33741],[89.28928,61.33296],[89.30001,61.32609],[89.29389,61.32067],[89.29033,61.31073],[89.28372,61.30516],[89.27966,61.30433],[89.27173,61.29739],[89.28274,61.29638],[89.28494,61.29367],[89.28512,61.2892],[89.27392,61.25738],[89.28025,61.252],[89.27901,61.24735],[89.28328,61.24508],[89.28305,61.24243],[89.28505,61.2413],[89.28763,61.23637],[89.28657,61.23341],[89.28342,61.23111],[89.28501,61.22282],[89.28924,61.211],[89.28987,61.20241],[89.29816,61.19707],[89.30348,61.19077],[89.31461,61.18512],[89.32169,61.18404],[89.32862,61.18558],[89.34104,61.18483],[89.38289,61.17385],[89.39053,61.17115],[89.39583,61.16711],[89.40898,61.16635],[89.41892,61.1637],[89.42081,61.16233],[89.42171,61.15808],[89.42569,61.15403],[89.42536,61.14979],[89.42332,61.14693],[89.41714,61.14449],[89.41154,61.13514],[89.41214,61.13244],[89.40998,61.13006],[89.41135,61.12811],[89.41684,61.12721],[89.41966,61.12493],[89.42554,61.12317],[89.43548,61.12393],[89.46422,61.11936],[89.46608,61.11802],[89.46408,61.1121],[89.46642,61.10936],[89.4752,61.1091],[89.48088,61.111],[89.49962,61.10516],[89.50302,61.09888],[89.50243,61.09612],[89.50381,61.09337],[89.49726,61.0873],[89.49788,61.07827],[89.50127,61.05571],[89.50491,61.05276],[89.49569,61.03983],[89.49338,61.03305],[89.49612,61.02998],[89.49731,61.02444],[89.50161,61.02161],[89.5161,61.01788],[89.53972,61.00836]],[[89.68447,60.88786],[89.64415,60.87856],[89.63962,60.88661],[89.62922,60.89017],[89.62163,60.89072],[89.61544,60.89561],[89.61775,60.90205],[89.6149,60.9042],[89.60783,60.90501],[89.60958,60.90841],[89.60466,60.91244],[89.6047,60.91667],[89.60364,60.91801],[89.59929,60.92091],[89.5924,60.92324],[89.58891,60.92771],[89.57896,60.93236],[89.57792,60.93518],[89.57579,60.93682],[89.56519,60.94162],[89.56143,60.94443],[89.5566,60.95181],[89.55666,60.9545],[89.55936,60.95861],[89.55323,60.96546],[89.54863,60.96838],[89.54393,60.96875],[89.53911,60.96662],[89.53326,60.96798],[89.52954,60.96597],[89.52033,60.96526],[89.51171,60.96157],[89.50183,60.96103],[89.48496,60.96431],[89.47537,60.96399],[89.47553,60.96491],[89.48129,60.9671],[89.48759,60.97279],[89.48986,60.97694],[89.49549,60.98168],[89.50181,60.99172],[89.50433,60.9938],[89.50957,60.99486],[89.51046,60.9979],[89.52212,61.0066],[89.53129,61.00876],[89.53972,61.00836]],[[89.53972,61.00836],[89.55791,61.007],[89.59182,61.01331],[89.60694,61.01261],[89.6179,61.01654],[89.61686,61.02206],[89.6191,61.02481],[89.61759,61.0273],[89.61332,61.03054],[89.60851,61.03094],[89.60507,61.03311]],[[89.54272,56.24033],[89.55249,56.25604],[89.55702,56.26041],[89.56893,56.26523],[89.58198,56.27483],[89.58405,56.28129],[89.58268,56.28637],[89.58599,56.29088],[89.58529,56.29308],[89.58729,56.2952],[89.58768,56.29801],[89.57926,56.31508],[89.59159,56.32479],[89.60114,56.32832],[89.61046,56.3358],[89.60865,56.34183],[89.61104,56.35073],[89.60808,56.35524],[89.60898,56.35818],[89.63687,56.37448],[89.66296,56.40498],[89.66339,56.40851],[89.67134,56.41497],[89.72111,56.43696],[89.7286,56.43146]],[[89.58421,56.17056],[89.578,56.17297],[89.56621,56.1736],[89.54363,56.17048]],[[89.54591,56.19278],[89.55605,56.19525],[89.5733,56.20588],[89.59687,56.20538]],[[89.56161,55.84187],[89.57463,55.84225]],[[89.58421,56.17056],[89.58563,56.17365],[89.5802,56.17788],[89.57753,56.17907],[89.57081,56.18106],[89.56892,56.18157],[89.56234,56.18346]],[[89.56278,56.18333],[89.56266,56.18373]],[[89.56892,56.18157],[89.5672,56.17722],[89.5694,56.17346]],[[89.57463,55.84225],[89.58919,55.84232],[89.5943,55.84358],[89.5977,55.84212],[89.6081,55.84303]],[[89.57463,55.84225],[89.57782,55.8378],[89.59866,55.82072],[89.59943,55.81369],[89.60071,55.8121],[89.62987,55.78903],[89.65422,55.77563],[89.66361,55.76841],[89.66489,55.76605],[89.7237,55.76786],[89.72048,55.77576],[89.72405,55.78129],[89.73839,55.79624],[89.74045,55.79772],[89.74538,55.79852],[89.74896,55.80144],[89.74709,55.80348],[89.75468,55.80523],[89.75395,55.80691],[89.75588,55.80946],[89.75383,55.82335],[89.75611,55.83244],[89.75371,55.83868],[89.75339,55.85942]],[[89.62309,56.17847],[89.60812,56.17635],[89.59581,56.17285],[89.58941,56.16915],[89.58421,56.17056]],[[89.80511,56.34878],[89.79386,56.33818],[89.78093,56.33263],[89.77399,56.32711],[89.76966,56.32557],[89.76578,56.31794],[89.75587,56.30794],[89.72163,56.29397],[89.71142,56.29199],[89.69151,56.29121],[89.67775,56.28619],[89.6661,56.28481],[89.65636,56.28234],[89.64583,56.27484],[89.63684,56.25875],[89.62487,56.25278],[89.60456,56.24523],[89.59292,56.235],[89.58632,56.23166]],[[89.66984,55.45323],[89.63936,55.43274],[89.63588,55.42534],[89.63649,55.42097],[89.63077,55.41692],[89.58253,55.39449],[89.57992,55.39143],[89.5794,55.38436],[89.56535,55.37669],[89.57106,55.37109],[89.57441,55.36586],[89.5762,55.35753],[89.58669,55.34816],[89.60153,55.3483],[89.6134,55.34551],[89.62017,55.33994],[89.62314,55.33329],[89.61918,55.33284],[89.60504,55.32753],[89.60163,55.32493],[89.60203,55.32352],[89.60027,55.32033],[89.60056,55.31911],[89.6139,55.3097],[89.61364,55.30759],[89.61547,55.30478]],[[89.70607,55.48614],[89.70795,55.48321],[89.70073,55.47917],[89.69733,55.47549],[89.69144,55.47417],[89.6846,55.4681],[89.68295,55.46434],[89.67466,55.45916],[89.66984,55.45323]],[[89.76524,55.32954],[89.75322,55.35027],[89.74141,55.36322],[89.7298,55.38977],[89.71324,55.4039],[89.7103,55.41005],[89.70986,55.41619],[89.69982,55.42802],[89.68928,55.43722],[89.68839,55.44419],[89.67375,55.45095],[89.66984,55.45323]],[[89.67184,55.4521],[89.67092,55.45434]],[[89.68447,60.88786],[89.68707,60.89394],[89.69239,60.89539]],[[90.02258,60.29786],[90.02151,60.30092],[90.01385,60.30428],[90.01391,60.30807],[90.01028,60.30975],[90.00872,60.31228],[90.01018,60.31347],[90.00988,60.31762],[90.00669,60.32085],[90.00639,60.3225],[90.00269,60.32408],[90.00134,60.32652],[90.00202,60.32917],[90.00619,60.33117],[90.01428,60.34076],[90.02401,60.34775],[90.03112,60.35053],[90.03787,60.35497],[90.04615,60.36241],[90.04747,60.36553],[90.04731,60.36971],[90.04472,60.37384],[90.0417,60.37622],[90.04639,60.38062],[90.04411,60.38265],[90.04466,60.38573],[90.04172,60.38835],[90.04151,60.38976],[90.04222,60.39393],[90.04525,60.39924],[90.04404,60.40167],[90.04538,60.40609],[90.04392,60.41004],[90.04536,60.41203],[90.03705,60.41708],[90.01991,60.42321],[90.01658,60.42757],[90.02016,60.43143],[90.0194,60.43481],[89.99858,60.44806],[89.9852,60.46119],[89.97804,60.46634],[89.97697,60.47144],[89.97822,60.47299],[89.97975,60.48235],[89.96968,60.48512],[89.97953,60.48892],[89.98,60.49396],[89.98171,60.49727],[89.98097,60.50002],[89.98486,60.50507],[89.98707,60.51061],[89.99854,60.52407],[90.0025,60.53048],[90.0041,60.53611],[90.00364,60.53911],[89.99467,60.54933],[89.97795,60.56227],[89.96741,60.5695],[89.95768,60.57404],[89.95314,60.5798],[89.94294,60.59745],[89.9407,60.59893],[89.93757,60.60959],[89.93825,60.6238],[89.93722,60.62597],[89.94982,60.64868],[89.96655,60.66986],[89.96696,60.67366],[89.97349,60.68816],[89.97178,60.69171],[89.97149,60.69605],[89.96757,60.69853],[89.96739,60.70075],[89.96612,60.70161],[89.96622,60.7043],[89.96285,60.70786],[89.94729,60.71919],[89.9353,60.72356],[89.90228,60.7498],[89.8759,60.7762],[89.85975,60.78619],[89.84671,60.79135],[89.82545,60.79708],[89.80385,60.80515],[89.79887,60.80243],[89.79609,60.79494],[89.7948,60.79401],[89.78404,60.795],[89.77898,60.79319],[89.77232,60.79384],[89.76828,60.79741],[89.77209,60.80155],[89.77724,60.80369],[89.77588,60.80836],[89.77736,60.81054],[89.77193,60.81233],[89.76401,60.81728],[89.75893,60.82239],[89.7513,60.82596],[89.75252,60.82835],[89.74402,60.83618],[89.73691,60.84687],[89.72631,60.85098],[89.72408,60.85449],[89.72492,60.85688],[89.71572,60.85774],[89.71034,60.85956],[89.70186,60.86565],[89.69999,60.86968],[89.69153,60.86755],[89.68296,60.8694],[89.68159,60.87714],[89.68592,60.88509],[89.68447,60.88786]],[[89.71105,55.17574],[89.73194,55.16543],[89.74947,55.15829],[89.75937,55.14298],[89.78219,55.12951],[89.80582,55.12924],[89.80759,55.13419]],[[89.71388,55.08272],[89.70823,55.08493],[89.70079,55.0821],[89.70002,55.08065],[89.70704,55.07989],[89.71362,55.08267],[89.73277,55.08659],[89.73966,55.09043],[89.76501,55.09654],[89.79013,55.10654],[89.81405,55.12424],[89.81652,55.12525]],[[89.8251,55.33939],[89.81697,55.34477],[89.8103,55.35535],[89.79276,55.36666],[89.77929,55.37233],[89.76796,55.3746],[89.75979,55.38645]],[[89.77932,56.15477],[89.77748,56.16373],[89.77386,56.16948],[89.81912,56.17887]],[[89.85263,55.25166],[89.84618,55.24869],[89.79332,55.23625]],[[89.79604,56.36097],[89.79641,56.35903],[89.79531,56.35749],[89.79677,56.35261],[89.7952,56.35042],[89.80511,56.34878]],[[89.81499,55.33521],[89.80274,55.33431],[89.79929,55.33052]],[[89.80089,55.14372],[89.80226,55.13442],[89.80759,55.13419]],[[89.80424,56.20138],[89.80447,56.20099],[89.8046,56.20076],[89.80551,56.19934],[89.81912,56.17887],[89.82346,56.17259],[89.83336,56.17437],[89.84333,56.17285],[89.84992,56.16295]],[[89.80447,56.20099],[89.80604,56.20147]],[[89.80511,56.34878],[89.80643,56.34879],[89.8074,56.34837],[89.81089,56.345],[89.82531,56.33945],[89.83671,56.3329],[89.84069,56.32951],[89.8444,56.32135],[89.86477,56.31315],[89.87455,56.30694],[89.89526,56.29764],[89.89714,56.29508],[89.89701,56.29152],[89.88636,56.28831],[89.88772,56.28482],[89.8987,56.26972],[89.91176,56.26913],[89.94239,56.27406],[89.97605,56.27482],[89.98856,56.27345],[90.00043,56.26811],[90.00577,56.26387],[90.01502,56.24834],[90.01282,56.24352],[90.01682,56.24017],[90.01041,56.23768],[90.01542,56.22255],[90.01869,56.19249],[90.02073,56.1899],[90.01979,56.18737],[90.02428,56.18526]],[[90.00266,56.37682],[89.99482,56.37618],[89.99132,56.37371],[89.96924,56.36594],[89.95963,56.36451],[89.93067,56.36909],[89.91298,56.37429],[89.90358,56.37501],[89.89081,56.37159],[89.87805,56.36444],[89.82649,56.35616],[89.80388,56.35056],[89.80511,56.34878]],[[89.80759,55.13419],[89.81505,55.1338],[89.81849,55.13477],[89.83732,55.14208],[89.8448,55.14834],[89.8454,55.15124],[89.84332,55.15534],[89.84444,55.15678],[89.84368,55.1661],[89.84862,55.17005],[89.86987,55.18117],[89.91526,55.19612],[89.96084,55.16455],[89.98225,55.15372],[90.00053,55.12797]],[[89.81405,55.12424],[89.81467,55.12363]],[[89.82746,55.28742],[89.81653,55.28581],[89.81484,55.28452]],[[89.81541,55.32662],[89.81583,55.32591]],[[89.81613,55.32626],[89.81634,55.32641]],[[89.82115,55.30195],[89.82416,55.30278],[89.82032,55.31166]],[[89.82074,55.32447],[89.81927,55.32787],[89.81602,55.33021],[89.81488,55.33505],[89.81499,55.33521],[89.81511,55.33537],[89.81681,55.33579],[89.81791,55.33661],[89.82413,55.3379],[89.8251,55.33939]],[[89.87233,55.32794],[89.86524,55.32907],[89.86113,55.33181],[89.83264,55.33555],[89.8251,55.33939]],[[89.83531,55.27219],[89.83523,55.27077],[89.82727,55.26759],[89.82434,55.26856],[89.82939,55.2687]],[[89.83212,55.27652],[89.83531,55.27219],[89.83959,55.27215],[89.84153,55.2684],[89.84496,55.26834],[89.85263,55.25166]],[[89.84167,55.97725],[89.83191,55.966],[89.83955,55.9619],[89.83869,55.95877],[89.83082,55.95357],[89.83078,55.94107],[89.83256,55.93278],[89.83905,55.91775],[89.84167,55.90487],[89.85134,55.89838],[89.86082,55.89405],[89.86785,55.8809]],[[89.84401,55.2953],[89.846,55.29292],[89.84579,55.29165],[89.84119,55.28525],[89.84332,55.27754],[89.85491,55.2518]],[[90.07719,55.80677],[90.05704,55.80441],[90.05109,55.80188],[90.05193,55.79941],[90.02128,55.79127],[90.00103,55.79178],[89.98614,55.78531],[89.98428,55.78046],[89.959,55.77636],[89.95522,55.78101],[89.89328,55.7803],[89.89105,55.77653],[89.88753,55.77575],[89.88952,55.77358],[89.88276,55.77295],[89.88345,55.76817],[89.87548,55.76091],[89.85578,55.72912],[89.85154,55.72362],[89.8477,55.72122]],[[89.8477,55.72122],[89.84844,55.71786],[89.85141,55.71527],[89.91408,55.70628],[89.95387,55.70717],[89.96712,55.70899],[90.01527,55.70716]],[[89.84992,55.17077],[89.84348,55.17403],[89.858,55.19564],[89.86258,55.23198],[89.85491,55.2518]],[[89.88717,55.31564],[89.86661,55.30575],[89.86479,55.30094],[89.85236,55.2975]],[[89.85491,55.2518],[89.85263,55.25166]],[[89.85491,55.2518],[89.88316,55.25002],[89.89785,55.2534],[89.90493,55.25294],[89.93718,55.24852],[89.95321,55.23908],[89.96705,55.24676],[89.98443,55.24942],[89.99585,55.2498],[90.00735,55.25423],[90.01642,55.25365],[90.02873,55.25656],[90.04694,55.25796],[90.04067,55.27615],[90.04042,55.28168]],[[89.86759,55.3207],[89.86848,55.31967]],[[89.86808,55.3209],[89.86845,55.32105]],[[89.86928,55.59397],[89.88556,55.59394],[89.89757,55.59102],[89.91403,55.5922],[89.92885,55.5908],[89.94004,55.59449],[89.97372,55.58972],[89.99015,55.58109],[90.00075,55.57998],[90.00273,55.57699],[90.0037,55.56712],[90.02297,55.55906]],[[89.95321,55.23908],[89.95088,55.23361],[89.94542,55.22897],[89.91136,55.21228],[89.92692,55.20122],[89.92588,55.19591],[89.92341,55.19106]],[[90.398,55.6236],[90.40291,55.61986],[90.40311,55.60534],[90.40502,55.59444],[90.43118,55.59329],[90.43986,55.58669],[90.45051,55.58925],[90.45902,55.59294],[90.46403,55.59272],[90.46315,55.58784],[90.4735,55.56697],[90.4735,55.55701],[90.47082,55.55338],[90.45181,55.54012],[90.40231,55.52061],[90.38859,55.51958],[90.38212,55.51747],[90.37333,55.51721],[90.36701,55.51503],[90.33466,55.50854],[90.30683,55.50725],[90.27821,55.50022],[90.26357,55.49908],[90.21944,55.48136],[90.12457,55.45339],[90.1089,55.45138],[90.05963,55.44801],[90.03605,55.45419],[90.00112,55.45781],[89.97059,55.45393],[89.94604,55.4528]],[[90.01527,55.70716],[90.01294,55.71611],[90.00775,55.7196],[90.02006,55.73762],[90.03393,55.74922],[90.02015,55.76092],[89.99129,55.77688],[89.97156,55.77285],[89.96378,55.7742],[89.96119,55.77668]],[[90.02883,55.49668],[90.01679,55.49699],[90.01563,55.50047],[90.01642,55.50206],[90.00943,55.5039],[89.99168,55.50531]],[[89.99785,60.2923],[89.99783,60.28842],[90.00028,60.28649],[89.99892,60.28455],[90.00287,60.27889],[90.00834,60.27448],[90.00883,60.2716],[90.01094,60.27056],[90.01195,60.26831],[90.01261,60.26345],[90.00667,60.26008],[90.00602,60.25773],[90.00678,60.2552],[90.01084,60.25062],[90.02045,60.249],[90.03366,60.25028],[90.04026,60.24978],[90.04057,60.24773],[90.03489,60.244],[90.04701,60.24151],[90.04973,60.2423],[90.06621,60.23108],[90.07014,60.22593],[90.07889,60.22472],[90.08137,60.22139],[90.08061,60.21773],[90.09067,60.21475],[90.09297,60.21353],[90.09412,60.21142]],[[90.02258,60.29786],[90.01221,60.29692],[90.01107,60.29557],[90.00411,60.29313],[90.0015,60.29259],[89.99889,60.2923],[89.99785,60.2923]],[[90.0144,56.22569],[90.01476,56.22604]],[[90.01527,55.70716],[90.02594,55.70712],[90.02891,55.70523],[90.03273,55.70631]],[[90.01557,56.22176],[90.06334,56.22858],[90.07146,56.23594],[90.06998,56.23794]],[[90.0366,60.29636],[90.03145,60.29848],[90.02258,60.29786]],[[90.02871,55.28486],[90.03257,55.28914],[90.03343,55.2916]],[[90.03226,55.56459],[90.03402,55.56053],[90.07395,55.56648],[90.09954,55.56802],[90.14776,55.58436]],[[90.03273,55.70631],[90.03858,55.70981],[90.0505,55.70507],[90.07048,55.7115]],[[90.03273,55.70631],[90.04612,55.70348]],[[90.03904,55.67521],[90.04338,55.67386],[90.05235,55.67479],[90.07416,55.67411],[90.07902,55.67698]],[[90.18236,55.96054],[90.16113,55.96938],[90.1459,55.96918],[90.13386,55.96616],[90.12201,55.96534],[90.10783,55.95767],[90.08091,55.95376],[90.06713,55.94817],[90.04899,55.94346],[90.04663,55.94086],[90.04446,55.94042]],[[90.26249,56.02585],[90.25837,56.02834],[90.25592,56.03177],[90.24145,56.03366],[90.24033,56.03496],[90.24013,56.03914],[90.23846,56.0402],[90.19487,56.04369],[90.17965,56.04063],[90.16726,56.04542],[90.15593,56.04712],[90.14897,56.04699],[90.14558,56.05001],[90.13736,56.05349],[90.11996,56.05486],[90.11135,56.05988],[90.09946,56.06317],[90.08618,56.06113],[90.0732,56.05767],[90.06319,56.06375]],[[90.08925,55.83509],[90.08352,55.83676],[90.06653,55.84542]],[[90.15882,55.77618],[90.15275,55.78234],[90.09572,55.78006],[90.07819,55.78201]],[[90.08152,56.45699],[90.08433,56.45413],[90.09318,56.45262],[90.1063,56.44802],[90.11589,56.44864],[90.13068,56.4523],[90.14311,56.45],[90.15091,56.44592],[90.1526,56.44722],[90.15814,56.44508],[90.16051,56.44233],[90.16596,56.4396],[90.16513,56.43579],[90.17124,56.43101],[90.18815,56.42738],[90.2283,56.40733],[90.23594,56.40257],[90.2359,56.39962],[90.232,56.39513],[90.2326,56.39038],[90.24356,56.38782],[90.27431,56.38664],[90.31158,56.38726],[90.32141,56.39129],[90.35542,56.3969],[90.36511,56.40128],[90.37552,56.4044],[90.38374,56.4088],[90.38983,56.40925],[90.3946,56.40576],[90.40035,56.40531],[90.4068,56.40801],[90.41528,56.40462],[90.42218,56.39686],[90.42365,56.3858],[90.42949,56.37695],[90.42879,56.37428],[90.42042,56.36332],[90.42033,56.35827],[90.41753,56.34914],[90.42736,56.33881],[90.42602,56.33456],[90.41678,56.3233],[90.42353,56.31602],[90.44198,56.30633],[90.45646,56.30255],[90.46594,56.29239],[90.46352,56.28733],[90.46861,56.27908]],[[90.08933,55.83521],[90.13562,55.82498],[90.14064,55.8229],[90.13827,55.81691],[90.13931,55.80453],[90.14043,55.80142],[90.15345,55.78214]],[[90.18759,60.24571],[90.18524,60.24481],[90.178,60.23738],[90.15881,60.23025],[90.14957,60.22807],[90.14259,60.22775],[90.13705,60.22909],[90.13471,60.23131],[90.13149,60.23135],[90.12795,60.22802],[90.13376,60.22142],[90.13247,60.21859],[90.1328,60.21407],[90.13192,60.21343],[90.11997,60.21139],[90.09955,60.21241],[90.09412,60.21142]],[[90.09412,60.21142],[90.09105,60.20791],[90.08098,60.20432],[90.07815,60.20234],[90.0801,60.19986],[90.09066,60.19955],[90.09576,60.19775],[90.09762,60.19571],[90.09347,60.19326],[90.09233,60.19114],[90.09348,60.1876],[90.09319,60.18376],[90.09651,60.18065],[90.09505,60.1756],[90.09507,60.15865],[90.10939,60.14681],[90.11892,60.14106],[90.13061,60.13212],[90.13183,60.12849],[90.1309,60.12601],[90.12711,60.122],[90.11133,60.11707],[90.10987,60.1127],[90.10575,60.1093],[90.10421,60.10651],[90.09872,60.10507],[90.09837,60.10483],[90.09805,60.10457],[90.09754,60.10415],[90.09731,60.10369],[90.09996,60.1004],[90.11347,60.09519],[90.11734,60.09467],[90.11755,60.09232],[90.12272,60.08946],[90.12373,60.08677],[90.12401,60.08103],[90.12258,60.07815],[90.12691,60.07117],[90.1273,60.05834],[90.12925,60.05636],[90.12744,60.05397],[90.12822,60.02648],[90.13166,60.01932],[90.13792,60.01426],[90.13533,60.0121],[90.13616,60.0083],[90.12914,60.00689],[90.12756,60.00559],[90.13021,60.00014],[90.14058,59.99857],[90.14473,59.99481],[90.14678,59.99116],[90.14571,59.98896],[90.14636,59.9868],[90.1445,59.98549],[90.14311,59.98115],[90.13821,59.97616],[90.13894,59.97463],[90.13748,59.97193],[90.13888,59.96516],[90.14566,59.95771],[90.14682,59.95473],[90.15105,59.95446],[90.15414,59.95298],[90.17617,59.9345],[90.18036,59.9325],[90.18558,59.92506],[90.19582,59.91967],[90.20442,59.91278],[90.20174,59.90487],[90.19406,59.90036],[90.19109,59.89399],[90.18496,59.89006],[90.18565,59.88815],[90.1837,59.8862],[90.1844,59.88401],[90.18337,59.88133],[90.17882,59.87284],[90.17667,59.87158],[90.17853,59.87036],[90.17793,59.86847],[90.16879,59.86599],[90.1665,59.86431],[90.16599,59.85862],[90.16351,59.85549],[90.16051,59.84828],[90.16673,59.84705],[90.16674,59.84246]],[[90.09709,60.10434],[90.09735,60.10396]],[[90.13473,55.73776],[90.13314,55.74126],[90.1357,55.76716],[90.14193,55.76924]],[[90.13883,55.94294],[90.1541,55.9344],[90.21296,55.91059]],[[90.14567,55.77034],[90.14511,55.77136],[90.15882,55.77618]],[[90.15882,55.77618],[90.17716,55.77964],[90.21904,55.77704],[90.25914,55.77947],[90.26898,55.7779],[90.34855,55.75188],[90.36267,55.74083],[90.38547,55.72981],[90.4128,55.70762],[90.42726,55.69434],[90.42903,55.69333],[90.43845,55.68687],[90.45113,55.68607],[90.45641,55.68696],[90.48726,55.69896],[90.48764,55.70426],[90.49108,55.71398],[90.50089,55.7338],[90.50582,55.73982],[90.51355,55.74492],[90.53742,55.77442],[90.54312,55.78532],[90.54133,55.78805]],[[90.16674,59.84246],[90.1613,59.84116]],[[90.16833,59.83938],[90.16674,59.84246]],[[90.16833,59.83938],[90.17697,59.83324]],[[90.17697,59.83324],[90.17873,59.83386],[90.18249,59.83192],[90.1819,59.83378],[90.19167,59.83833],[90.20217,59.84874],[90.21232,59.8523],[90.23084,59.86574],[90.2399,59.86756],[90.25417,59.86554],[90.25795,59.86286],[90.26611,59.85973],[90.27091,59.86014],[90.27541,59.8581],[90.28642,59.85642],[90.29178,59.85917],[90.29898,59.85985],[90.30414,59.86323],[90.31016,59.86424],[90.314,59.86611],[90.31903,59.86603],[90.32486,59.87135],[90.34411,59.87283],[90.35291,59.87764],[90.3609,59.87924],[90.36692,59.88529],[90.36467,59.88825],[90.36516,59.88951],[90.36377,59.89246],[90.37443,59.89619],[90.3824,59.89572],[90.39225,59.89346],[90.40015,59.89686],[90.4071,59.8972],[90.4118,59.896],[90.416,59.89293],[90.42584,59.8912],[90.4436,59.89489],[90.45242,59.89502],[90.46492,59.89805],[90.46992,59.90259],[90.46912,59.90584],[90.46547,59.90678],[90.46511,59.91022],[90.47064,59.91253],[90.47034,59.91697],[90.47507,59.92243],[90.47616,59.92767],[90.47771,59.92964],[90.47577,59.9342],[90.47622,59.93636],[90.47721,59.93841],[90.48238,59.94105],[90.48323,59.94363],[90.48549,59.94488],[90.49821,59.94499],[90.50518,59.94196],[90.51435,59.94266],[90.51835,59.94525],[90.51856,59.9497],[90.5197,59.95093],[90.5282,59.95331],[90.52773,59.95592],[90.53008,59.96012],[90.52964,59.96171],[90.53852,59.9652],[90.55438,59.96471]],[[90.17697,59.83324],[90.18054,59.83105]],[[90.20797,60.25196],[90.18759,60.24571]],[[91.99145,58.48087],[91.99701,58.48575],[92.00411,58.48824],[92.01062,58.49334],[92.02213,58.49817],[92.02466,58.50057],[92.02573,58.50496],[92.04068,58.51763],[92.04348,58.52131],[92.04345,58.52434],[92.0376,58.55003],[92.04276,58.56433],[92.04302,58.57034],[92.0272,58.57672],[92.02261,58.58203],[92.03502,58.59343],[92.03175,58.60297],[92.02959,58.61389],[92.04,58.62576],[92.04665,58.63977],[92.04815,58.64723],[92.0556,58.6565],[92.0575,58.66161],[92.06106,58.66638],[92.06637,58.67058],[92.0693,58.68079],[92.06922,58.68417],[92.06515,58.6898],[92.05801,58.69659],[92.04258,58.70492],[92.0332,58.70703],[91.97668,58.71324],[91.95857,58.71422],[91.9554,58.71533],[91.94392,58.72754],[91.94194,58.73206],[91.94228,58.74255],[91.94774,58.74941],[91.96254,58.75859],[91.96552,58.76001],[91.9997,58.76197],[92.00595,58.76333],[92.00666,58.77273],[92.00537,58.79162],[91.98756,58.80036],[91.98082,58.80203],[91.95737,58.80409],[91.95305,58.80885],[91.94501,58.81489],[91.94023,58.82212],[91.93096,58.83173],[91.89979,58.83777],[91.89043,58.84191],[91.87561,58.84224],[91.87096,58.84592],[91.87031,58.84778],[91.86292,58.84653],[91.85411,58.84965],[91.85115,58.85265],[91.84072,58.8523],[91.83455,58.85437],[91.81892,58.84895],[91.80752,58.8521],[91.80008,58.85102],[91.79276,58.85194],[91.78433,58.85113],[91.77475,58.85249],[91.75731,58.85277],[91.74754,58.85471],[91.7434,58.8543],[91.73451,58.8577],[91.7285,58.85814],[91.72278,58.86122],[91.72536,58.86385],[91.70673,58.87086],[91.70343,58.87312],[91.70032,58.87386],[91.6954,58.8725],[91.69643,58.87825],[91.69375,58.88226],[91.6966,58.88713],[91.69374,58.89454],[91.6981,58.89774],[91.69782,58.90459],[91.70134,58.91207],[91.70185,58.91574],[91.69859,58.91758],[91.69084,58.9172],[91.68956,58.91696],[91.68775,58.91381],[91.68049,58.91595],[91.67841,58.91831],[91.6817,58.92171],[91.70553,58.92919],[91.71518,58.93634],[91.71935,58.93747],[91.73097,58.94886],[91.73717,58.95724],[91.73874,58.96106],[91.7394,58.96855],[91.73693,58.97691],[91.73237,58.98316],[91.72581,58.98706],[91.71268,58.99144],[91.70884,58.99381],[91.69518,58.99753],[91.6956,58.99958],[91.67922,59.01052],[91.67064,59.01838],[91.66207,59.02797],[91.65892,59.03502],[91.6557,59.03676],[91.65785,59.03769],[91.65801,59.05076],[91.66188,59.05721],[91.66921,59.06362],[91.67072,59.06726],[91.67087,59.0701],[91.66803,59.07545],[91.65577,59.08062],[91.64819,59.0823],[91.62753,59.08432],[91.59807,59.08455],[91.59508,59.08328],[91.59537,59.08121],[91.59336,59.08395],[91.58843,59.084],[91.58202,59.08231],[91.57049,59.08207],[91.55705,59.08681],[91.54422,59.08747],[91.54019,59.08986],[91.52904,59.09334],[91.52238,59.09213],[91.51811,59.08867],[91.51362,59.09154],[91.51255,59.09453],[91.48139,59.11414],[91.47449,59.12062],[91.47434,59.12338],[91.46995,59.12595],[91.44308,59.12901],[91.44069,59.1309],[91.4283,59.13392],[91.40006,59.14342],[91.39055,59.14694],[91.38741,59.15223],[91.38441,59.15395],[91.37009,59.15799],[91.34207,59.16967],[91.31059,59.18059],[91.30857,59.18401],[91.30632,59.18539],[91.30599,59.19007],[91.30262,59.19274],[91.30005,59.1975],[91.30794,59.20199],[91.311,59.20843],[91.30768,59.21901],[91.30973,59.22157],[91.31224,59.22236],[91.31261,59.23553],[91.31574,59.24649],[91.31714,59.26073],[91.31522,59.26543],[91.31071,59.26963],[91.29589,59.27727],[91.28828,59.27835],[91.27703,59.28306],[91.26907,59.28376],[91.25948,59.28997],[91.25136,59.29362],[91.24376,59.29966],[91.23773,59.3067],[91.23367,59.32149],[91.20788,59.33684],[91.19116,59.34067],[91.18497,59.33962],[91.1813,59.33652],[91.16778,59.33968],[91.16413,59.34268],[91.16714,59.34486],[91.1673,59.34707],[91.16895,59.3485],[91.16781,59.35105],[91.11916,59.38516],[91.11298,59.38759],[91.09924,59.38642],[91.09222,59.3872],[91.08849,59.38891],[91.08743,59.39031],[91.09099,59.39142],[91.09438,59.39482],[91.09293,59.3976],[91.06814,59.41475],[91.06248,59.42092],[91.05841,59.42874],[91.041,59.44729],[91.03521,59.45171],[91.02719,59.4531],[91.02787,59.45691],[91.01723,59.46884],[91.00082,59.48206],[90.99742,59.48359],[90.99287,59.48346],[90.97942,59.49182],[90.95495,59.50149],[90.93434,59.51299],[90.91968,59.52382],[90.89709,59.53477],[90.88868,59.5364],[90.87982,59.53314],[90.87671,59.53089],[90.87244,59.53245],[90.86902,59.53524],[90.85551,59.53904],[90.82955,59.55832],[90.82627,59.56024],[90.82328,59.56039],[90.81722,59.56815],[90.81251,59.57659],[90.80982,59.57632],[90.81083,59.57957],[90.80515,59.58374],[90.80014,59.59038],[90.79605,59.60029],[90.80236,59.61816],[90.80836,59.62652],[90.81079,59.62729],[90.81297,59.62939],[90.81251,59.63032],[90.81682,59.63293],[90.81308,59.63416],[90.81234,59.64023],[90.82384,59.64543],[90.82782,59.6497],[90.83337,59.65964],[90.84097,59.66727],[90.84113,59.67187],[90.84683,59.68884],[90.84843,59.70364],[90.8473,59.70818],[90.84445,59.71264],[90.83584,59.721],[90.79827,59.73041],[90.77974,59.74244],[90.77175,59.74509],[90.7611,59.74579],[90.75681,59.74728],[90.74307,59.75473],[90.73782,59.75903],[90.73979,59.76337],[90.73858,59.76653],[90.73927,59.76938],[90.74165,59.77218],[90.74245,59.77786],[90.75087,59.78848],[90.76637,59.80192],[90.77322,59.81772],[90.7758,59.82878],[90.77541,59.83245],[90.77252,59.83931],[90.76854,59.84453],[90.76225,59.85044],[90.73954,59.86385],[90.73273,59.86505],[90.72841,59.86819],[90.7014,59.87353],[90.68513,59.88085],[90.67616,59.88887],[90.67438,59.89368],[90.66555,59.90084],[90.65275,59.90831],[90.64912,59.90855],[90.64209,59.91394],[90.63996,59.9202],[90.63542,59.92358],[90.61435,59.928],[90.60563,59.93228],[90.60261,59.93583],[90.5855,59.93789],[90.56956,59.9422],[90.5686,59.94536],[90.57083,59.94855],[90.56947,59.95074],[90.55731,59.9569],[90.55152,59.96178],[90.55316,59.96362],[90.55438,59.96471],[90.55573,59.96616],[90.5562,59.96687],[90.56045,59.9778],[90.56776,59.98713],[90.56296,59.99594],[90.5609,59.99705],[90.5601,60.0041],[90.5566,60.00587],[90.55947,60.00885],[90.55953,60.01162],[90.56264,60.01628],[90.56666,60.02084],[90.57444,60.02618],[90.5753,60.0289],[90.56648,60.04239],[90.56649,60.04455],[90.55644,60.05357],[90.55578,60.05648],[90.54853,60.06396],[90.53844,60.07133],[90.51073,60.08724],[90.47873,60.11472],[90.45165,60.13212],[90.42293,60.14049],[90.42186,60.1417],[90.42697,60.14424],[90.42658,60.14587],[90.37571,60.17847],[90.36581,60.18777],[90.35429,60.19185],[90.3399,60.19048],[90.32543,60.19603],[90.31603,60.20117],[90.30299,60.20371],[90.29171,60.21193],[90.28664,60.2137],[90.28175,60.21376],[90.27298,60.2168],[90.26081,60.21276],[90.25501,60.21355],[90.25132,60.21494],[90.24744,60.21888],[90.24049,60.22079],[90.23774,60.22465],[90.23955,60.22787],[90.23905,60.23174],[90.23619,60.23656],[90.23045,60.23879],[90.23155,60.23967],[90.22313,60.24236],[90.21745,60.24125],[90.20293,60.24201],[90.18759,60.24571]],[[90.20695,60.25168],[90.20709,60.25223]],[[90.57295,56.65798],[90.57124,56.65911],[90.56827,56.65778],[90.56524,56.65971],[90.55522,56.6597],[90.54929,56.66299],[90.5452,56.6699],[90.54188,56.67096],[90.53369,56.67086],[90.5306,56.6698],[90.52663,56.66494],[90.51869,56.66354],[90.51166,56.66078],[90.50427,56.65619],[90.49244,56.6552],[90.48146,56.64743],[90.48036,56.6432],[90.47379,56.64059],[90.469,56.64095],[90.43591,56.63677],[90.43275,56.63779],[90.39883,56.63763],[90.37611,56.61489],[90.38383,56.60681],[90.37565,56.59931],[90.36671,56.59693],[90.35055,56.60011],[90.33256,56.59642],[90.31171,56.59883],[90.30735,56.5976],[90.29858,56.59243],[90.29213,56.59281],[90.28695,56.5893],[90.26013,56.57894],[90.26898,56.57098],[90.26806,56.56804],[90.26064,56.56089],[90.25595,56.55817],[90.24115,56.55407],[90.24206,56.55286],[90.24127,56.55043],[90.25389,56.53102],[90.28689,56.50252],[90.27871,56.49193],[90.28528,56.47708],[90.26677,56.45014],[90.26435,56.44825],[90.26467,56.44649],[90.26973,56.44013],[90.2521,56.43405],[90.25054,56.43051],[90.25172,56.42331],[90.25116,56.41933],[90.23941,56.40717],[90.23653,56.40212]],[[90.5621,57.11948],[90.54856,57.12168],[90.54544,57.11765],[90.53913,57.1139],[90.5338,57.11327],[90.52682,57.1144],[90.51673,57.12256],[90.51048,57.12469],[90.50476,57.12305],[90.48279,57.12175],[90.47749,57.12277],[90.4662,57.12851],[90.46,57.13023],[90.44564,57.12855],[90.42765,57.1315],[90.42015,57.1313],[90.41311,57.12831],[90.40246,57.12755],[90.39195,57.12247],[90.38507,57.11609],[90.37929,57.11381],[90.37346,57.10781],[90.36606,57.10536],[90.35614,57.10473],[90.35097,57.10005],[90.34773,57.09903],[90.34676,57.09706],[90.33331,57.09238],[90.3219,57.09231],[90.31794,57.09117],[90.30917,57.0922],[90.30476,57.08974],[90.28592,57.09375],[90.28181,57.09354],[90.27227,57.0983],[90.26063,57.10049],[90.23105,57.10078],[90.22975,57.10234],[90.23093,57.10588],[90.2262,57.11038],[90.22637,57.11425],[90.22488,57.11639],[90.21806,57.12082],[90.21645,57.12495],[90.20777,57.12739],[90.19497,57.13296],[90.20375,57.13609],[90.20215,57.13942],[90.20616,57.15181],[90.21554,57.15679],[90.22761,57.161],[90.23387,57.16733],[90.24167,57.16976]],[[90.32343,55.11429],[90.24969,55.10919]],[[90.26645,55.20728],[90.27363,55.20912],[90.28073,55.20943]],[[90.26663,55.23719],[90.26506,55.21783],[90.263,55.21346],[90.26395,55.20898],[90.26849,55.20517],[90.2804,55.20015],[90.32006,55.17224],[90.32768,55.1633],[90.33927,55.14563],[90.33937,55.14345],[90.33389,55.13572],[90.32032,55.13431],[90.3184,55.13291],[90.32162,55.11746],[90.32257,55.11528],[90.32343,55.11429],[90.32482,55.11268],[90.32723,55.10631],[90.32583,55.10179],[90.32226,55.09736],[90.31957,55.08621],[90.31423,55.08504],[90.31602,55.08405]],[[90.26679,56.0108],[90.25984,56.02213],[90.26249,56.02585],[90.27108,56.02953],[90.27004,56.03187],[90.27233,56.03233],[90.27202,56.03659],[90.28041,56.03752]],[[90.26898,55.7779],[90.27653,55.78717]],[[90.31447,56.02184],[90.31846,56.0252],[90.31879,56.03084],[90.32338,56.03947],[90.33235,56.04067],[90.33627,56.04393],[90.33474,56.05045],[90.33435,56.06534],[90.35568,56.06646],[90.36473,56.06396],[90.36742,56.0615],[90.37479,56.06355],[90.3849,56.06951]],[[90.31589,56.02261],[90.31623,56.0222]],[[90.42821,55.92912],[90.42314,55.92445],[90.41384,55.92304],[90.40568,55.92018],[90.39517,55.91185],[90.39353,55.90863],[90.37429,55.90708],[90.35551,55.90025],[90.34688,55.8937],[90.34309,55.88946],[90.342,55.88671],[90.34433,55.87634],[90.33504,55.87288],[90.3224,55.87064]],[[90.44865,56.24111],[90.44604,56.23895],[90.43659,56.23875],[90.41018,56.21791],[90.40585,56.21756],[90.40364,56.216],[90.40116,56.21476],[90.39336,56.2121],[90.3834,56.20563],[90.36886,56.20347],[90.34028,56.20157],[90.33434,56.19952]],[[90.33528,56.20867],[90.34811,56.21067],[90.35508,56.20961],[90.36419,56.21009],[90.39015,56.21808],[90.40216,56.21531]],[[90.33927,55.14563],[90.35471,55.14377]],[[90.37317,55.21586],[90.33987,55.22016]],[[90.46861,56.27908],[90.44882,56.27994],[90.42055,56.29219],[90.41464,56.29334],[90.39211,56.29425],[90.34413,56.29278]],[[90.35181,55.68872],[90.42331,55.69206],[90.42903,55.69333]],[[90.35996,56.17705],[90.36475,56.18453]],[[90.36475,56.18453],[90.36672,56.18758]],[[90.36475,56.18453],[90.35986,56.18579],[90.36033,56.18745],[90.35896,56.18938],[90.36361,56.19196],[90.38136,56.19695],[90.38762,56.20131],[90.4029,56.20806],[90.40888,56.2127],[90.40938,56.21576],[90.41407,56.22047]],[[90.42631,56.00734],[90.42628,56.01107],[90.39958,56.01183],[90.38056,56.0157],[90.37808,56.01706],[90.37728,56.02049]],[[90.38344,55.62273],[90.39454,55.62267],[90.398,55.6236]],[[90.38348,57.32251],[90.38516,57.32487],[90.39179,57.32795],[90.40303,57.32898],[90.40705,57.33458],[90.41309,57.33839],[90.42286,57.34178],[90.42818,57.3465],[90.43646,57.34827],[90.44134,57.34776],[90.45066,57.34918],[90.45402,57.35064],[90.45676,57.35438],[90.4627,57.35708],[90.48505,57.353],[90.50196,57.35156],[90.50465,57.35056],[90.50597,57.34725],[90.51011,57.34574],[90.52878,57.3455]],[[90.38812,56.2172],[90.38684,56.21706]],[[90.398,55.6236],[90.40865,55.62649],[90.42481,55.62828],[90.43351,55.63607],[90.42857,55.64379],[90.42687,55.65166],[90.43612,55.67],[90.43503,55.67827],[90.43916,55.68644]],[[90.39896,56.84862],[90.41739,56.84923],[90.43852,56.86134],[90.4656,56.86964],[90.46716,56.87144],[90.46596,56.87977],[90.46712,56.8842]],[[90.40134,56.21528],[90.40139,56.21488]],[[90.40543,56.01168],[90.40497,56.01427]],[[90.412,56.03229],[90.41114,56.02981],[90.40815,56.028],[90.41153,56.02355],[90.40663,56.02187],[90.40461,56.01636],[90.40501,56.01443]],[[90.44046,56.16482],[90.43584,56.16653],[90.42823,56.16699],[90.42055,56.16427],[90.41518,56.16085]],[[90.42631,56.00734],[90.42606,56.00728],[90.42602,56.00713],[90.42657,56.00712],[90.42631,56.00734]],[[90.46192,55.98983],[90.45878,55.99344],[90.44444,55.99718],[90.4409,56.00286],[90.4347,56.00225],[90.43096,56.00537],[90.4265,56.00706]],[[90.44108,55.93619],[90.42721,55.93374],[90.42866,55.93165],[90.42821,55.92912]],[[90.44108,55.93619],[90.44335,55.93075],[90.43795,55.93015],[90.43937,55.92746],[90.42821,55.92912]],[[90.44472,56.12669],[90.43679,56.12609],[90.43476,56.12369],[90.43095,56.12338],[90.42918,56.12154]],[[90.43336,56.63763],[90.43164,56.64026],[90.41754,56.64452],[90.40812,56.65064],[90.40749,56.65228],[90.40933,56.66271],[90.40525,56.6707],[90.4061,56.67548],[90.41523,56.69962],[90.44121,56.7298],[90.44533,56.7519]],[[90.43834,56.4292],[90.44431,56.4309],[90.454,56.43153],[90.47191,56.42824],[90.47983,56.43169],[90.48492,56.43252],[90.49308,56.43284],[90.50091,56.4314]],[[90.4742,55.96291],[90.44099,55.93766],[90.44108,55.93619]],[[90.51207,56.57545],[90.49205,56.5715],[90.47235,56.56982],[90.44239,56.5791]],[[90.47835,56.25909],[90.47032,56.26112],[90.45393,56.25686],[90.4462,56.25079],[90.44524,56.24775]],[[90.44728,56.89637],[90.44551,56.8952],[90.45758,56.88774],[90.46712,56.8842]],[[90.45144,56.18237],[90.4633,56.17905],[90.48662,56.17026],[90.48908,56.16721],[90.48934,56.16504],[90.49434,56.16331],[90.49561,56.1649],[90.49963,56.16424],[90.52087,56.16886],[90.56264,56.17342],[90.59134,56.17909]],[[90.46192,55.98983],[90.47011,55.96878],[90.4742,55.96291]],[[90.46192,55.98983],[90.55875,55.98933],[90.59913,55.98286],[90.6313,55.97955],[90.65078,55.98542],[90.6642,55.99147]],[[90.46567,56.25297],[90.46658,56.23922]],[[90.50557,56.50218],[90.49345,56.50086],[90.46588,56.50752]],[[90.46712,56.8842],[90.48237,56.87661],[90.48757,56.86869],[90.48998,56.86684],[90.49539,56.86615],[90.50502,56.86184],[90.51183,56.86083],[90.51473,56.85905],[90.52636,56.85587],[90.53716,56.84834],[90.54427,56.84572],[90.54968,56.84522],[90.558,56.84706],[90.56978,56.84792],[90.57489,56.8456],[90.59567,56.84744],[90.60505,56.85091],[90.60443,56.85473],[90.60786,56.85696],[90.61817,56.85723],[90.62511,56.85598],[90.63192,56.85345],[90.64415,56.84663],[90.64833,56.84731],[90.6598,56.85195]],[[90.49899,56.27693],[90.48388,56.27807],[90.48169,56.27947],[90.47768,56.27861],[90.46861,56.27908]],[[90.4742,55.96291],[90.48764,55.94553],[90.49191,55.92367],[90.51932,55.89706],[90.53445,55.88977],[90.53264,55.88093],[90.53377,55.87637],[90.53108,55.86769],[90.53266,55.84502],[90.5261,55.83522],[90.52713,55.81442],[90.51965,55.80111],[90.52161,55.79778],[90.53223,55.79416],[90.53586,55.78952],[90.54133,55.78805]],[[90.48282,56.25601],[90.49079,56.25217],[90.49128,56.25205]],[[90.49128,56.25205],[90.49095,56.25225],[90.48914,56.25311],[90.48729,56.254],[90.48323,56.25596],[90.48308,56.25603],[90.48294,56.25609]],[[90.48719,56.25391],[90.48729,56.254]],[[90.48726,55.69896],[90.48819,55.69882]],[[90.48914,56.25311],[90.48901,56.25303]],[[90.49128,56.25205],[90.49463,56.2502],[90.50343,56.25003],[90.50288,56.25274],[90.49689,56.25572]],[[90.50105,56.26752],[90.49252,56.27163]],[[90.49463,56.2502],[90.49554,56.247],[90.51115,56.24775]],[[90.50144,56.43161],[90.50091,56.4314]],[[90.50091,56.4314],[90.50135,56.43109]],[[90.51208,56.46863],[90.51274,56.46882]],[[90.51274,56.46882],[90.51209,56.469]],[[90.5673,56.62289],[90.56893,56.62052],[90.57363,56.61763],[90.58486,56.61335],[90.58945,56.60782],[90.5904,56.59618],[90.59452,56.59374],[90.61547,56.59063],[90.6393,56.58267],[90.68587,56.57695],[90.68232,56.57071],[90.67147,56.55791],[90.6679,56.5556],[90.65857,56.55286],[90.64951,56.54478],[90.64594,56.53389],[90.64649,56.52883],[90.64918,56.5235],[90.64666,56.52055],[90.64579,56.51692],[90.64182,56.51217],[90.63139,56.50728],[90.632,56.50516],[90.6357,56.50245],[90.64038,56.49633],[90.6317,56.4939],[90.62264,56.49286],[90.61401,56.48697],[90.59209,56.47769],[90.57726,56.47509],[90.56782,56.47179],[90.55671,56.46965],[90.51274,56.46882]],[[90.51308,56.28592],[90.51457,56.28908],[90.52544,56.29275],[90.54062,56.29361]],[[90.53567,56.29994],[90.52958,56.29891],[90.52174,56.29352],[90.50764,56.29165],[90.50928,56.28743],[90.51308,56.28592]],[[90.51308,56.28592],[90.51726,56.28118],[90.52426,56.28165],[90.52539,56.27955],[90.5311,56.27507],[90.52871,56.27183]],[[90.51839,56.33652],[90.526,56.33416],[90.56133,56.33834],[90.56595,56.34024],[90.57042,56.34441],[90.5752,56.35321]],[[90.51911,56.33645],[90.5187,56.33683]],[[90.52878,57.3455],[90.53408,57.34746],[90.53695,57.34697],[90.54149,57.35295]],[[90.65526,57.22228],[90.65305,57.23001],[90.65371,57.23524],[90.65257,57.23683],[90.64278,57.2474],[90.62543,57.25987],[90.6036,57.28328],[90.59174,57.291],[90.57391,57.29812],[90.56206,57.29956],[90.54138,57.30544],[90.5282,57.3172],[90.52342,57.31859],[90.52007,57.32171],[90.51925,57.32352],[90.51995,57.32664],[90.52363,57.33233],[90.52226,57.33677],[90.52421,57.33868],[90.52672,57.34426],[90.52878,57.3455]],[[90.52929,56.23987],[90.5228,56.23714],[90.51634,56.236],[90.52763,56.22768],[90.54571,56.22165],[90.55308,56.21983],[90.55865,56.22231],[90.56241,56.22129],[90.56974,56.20811],[90.57119,56.19885],[90.58296,56.18636],[90.59134,56.17909],[90.59911,56.17231],[90.61281,56.16339],[90.64926,56.14457],[90.65618,56.14314],[90.6632,56.14299],[90.67419,56.13607],[90.68212,56.12665],[90.69051,56.12296],[90.69633,56.11014],[90.70568,56.08351],[90.71538,56.07647]],[[90.67867,56.24141],[90.67354,56.24089],[90.66708,56.24311],[90.63227,56.24332],[90.61765,56.24742],[90.61023,56.24811],[90.58289,56.24515],[90.56963,56.2402],[90.56203,56.24143],[90.54868,56.23939],[90.53167,56.24091]],[[90.53299,56.30501],[90.53567,56.29994]],[[90.53723,56.3002],[90.53567,56.29994]],[[90.54481,55.98944],[90.54527,55.99359],[90.53741,56.01444],[90.53926,56.01782]],[[90.54133,55.78805],[90.55575,55.78778],[90.58372,55.78206],[90.61406,55.77413],[90.64545,55.76434],[90.66914,55.75882],[90.67548,55.75884],[90.68846,55.76219],[90.69595,55.7663],[90.69826,55.77268],[90.70238,55.77569],[90.73155,55.78407],[90.73855,55.78807],[90.75019,55.79845],[90.75433,55.80008],[90.79891,55.81069],[90.81806,55.81029],[90.83231,55.81178],[90.85031,55.82203],[90.87679,55.82777],[90.89506,55.82888],[90.91916,55.83441],[90.93919,55.83451],[90.95885,55.83109],[90.98278,55.83538]],[[90.5621,57.11948],[90.56629,57.12464],[90.56702,57.12995],[90.57134,57.13684],[90.56625,57.14663],[90.56522,57.15241],[90.56988,57.15601],[90.5764,57.15775],[90.57923,57.16282],[90.5868,57.16842],[90.59361,57.17154],[90.60454,57.18595],[90.61609,57.19665],[90.61594,57.20075],[90.6186,57.20387],[90.6182,57.21227],[90.62445,57.21226],[90.63153,57.21559],[90.63708,57.2165],[90.63957,57.21827],[90.65526,57.22228]],[[90.71168,56.95166],[90.71224,56.96079],[90.71087,56.96453],[90.69579,56.99084],[90.68798,56.99913],[90.68564,57.00808],[90.67439,57.01813],[90.67345,57.02748],[90.66808,57.0397],[90.67092,57.04339],[90.68079,57.04939],[90.67963,57.06542],[90.67753,57.07057],[90.67465,57.0856],[90.66341,57.09506],[90.6622,57.09968],[90.65727,57.10348],[90.63972,57.10744],[90.63019,57.10478],[90.62581,57.10168],[90.62088,57.10019],[90.61663,57.10166],[90.61427,57.10467],[90.60775,57.10565],[90.59959,57.11108],[90.58886,57.11238],[90.57685,57.11818],[90.5621,57.11948]],[[90.56918,56.65359],[90.57289,56.6545],[90.57728,56.654],[90.60103,56.64731]],[[90.58655,56.27162],[90.58692,56.27246],[90.57899,56.27931],[90.57038,56.2762]],[[90.82233,56.65254],[90.80232,56.65542],[90.79118,56.66147],[90.79213,56.6648],[90.79088,56.66615],[90.77151,56.6691],[90.75359,56.67326],[90.7418,56.67386],[90.73467,56.6763],[90.728,56.67653],[90.70647,56.67577],[90.68031,56.6678],[90.64867,56.67146],[90.62436,56.66601],[90.6092,56.66644],[90.60402,56.66542],[90.60367,56.66538],[90.60189,56.66521],[90.60142,56.66517],[90.60118,56.66515],[90.60089,56.66512],[90.59049,56.66346],[90.58159,56.65973],[90.57295,56.65798]],[[90.5806,56.636],[90.57181,56.63965],[90.56849,56.64442],[90.56766,56.64726],[90.5706,56.65197],[90.56823,56.65457],[90.56838,56.65585],[90.57295,56.65798]],[[90.7777,56.45954],[90.77439,56.45954],[90.75391,56.45338],[90.7328,56.44899],[90.73092,56.44748],[90.72472,56.43627],[90.71781,56.42928],[90.70772,56.42284],[90.69991,56.41445],[90.6906,56.40958],[90.68309,56.39774],[90.66454,56.39204],[90.6402,56.38843],[90.61512,56.38106],[90.60358,56.37999],[90.601,56.37816],[90.58557,56.35623],[90.5752,56.35321]],[[90.5752,56.35321],[90.57642,56.35882]],[[90.60142,56.66517],[90.60195,56.66492]],[[90.60237,56.66525],[90.60182,56.66551]],[[90.6524,55.15815],[90.65634,55.16788],[90.66718,55.17372],[90.7172,55.17383],[90.75413,55.16401]],[[90.65526,57.22228],[90.6565,57.22236],[90.65962,57.22215],[90.66599,57.22034],[90.6755,57.22018],[90.68931,57.21549],[90.7072,57.21581],[90.712,57.2149],[90.73299,57.21975],[90.74106,57.21978],[90.74834,57.22276],[90.77223,57.22455],[90.80124,57.23075],[90.83432,57.2313],[90.84516,57.2237],[90.84873,57.22337],[90.87672,57.22702],[90.87754,57.22627],[90.87724,57.22129],[90.87452,57.21705],[90.87818,57.21306],[90.87737,57.20666],[90.87963,57.20428],[90.88033,57.19972],[90.87773,57.19194],[90.88436,57.1817],[90.88126,57.17765],[90.88013,57.17274],[90.88221,57.16869],[90.88099,57.16596],[90.88489,57.15695],[90.88434,57.15367],[90.8758,57.15181],[90.87979,57.14854],[90.89007,57.1468]],[[90.67867,56.24141],[90.68069,56.24161],[90.69523,56.23639],[90.70839,56.23321],[90.71267,56.22675],[90.71601,56.21602],[90.70967,56.20544],[90.69854,56.2021],[90.68569,56.18674],[90.68114,56.18032],[90.67027,56.15937],[90.65791,56.14619],[90.6586,56.14316]],[[90.6642,55.99147],[90.66516,55.99111]],[[90.6642,55.99147],[90.66617,55.99224],[90.66843,55.99782],[90.67024,55.99915],[90.68419,55.99628],[90.69055,55.99865],[90.71259,56.00284],[90.73509,56.00309],[90.76837,56.01017]],[[90.666,55.99206],[90.66516,55.99111]],[[90.66516,55.99111],[90.65959,55.98295],[90.66036,55.97528],[90.66496,55.97367],[90.66833,55.97096],[90.67106,55.96375],[90.67038,55.96145],[90.66459,55.95508],[90.66726,55.94779],[90.67099,55.94388],[90.66957,55.93721],[90.66983,55.93113],[90.72268,55.92031],[90.72833,55.92012]],[[90.6725,56.80026],[90.67827,56.79924],[90.6843,56.79606]],[[90.67789,56.2758],[90.67621,56.24836],[90.67867,56.24141]],[[90.68713,55.75402],[90.67889,55.75958]],[[90.68705,56.91806],[90.66392,56.92268],[90.66594,56.92568],[90.66534,56.93275],[90.66899,56.93867],[90.66897,56.94112],[90.67325,56.94639],[90.67275,56.95236],[90.67969,56.96235],[90.68142,56.97095]],[[90.68482,56.91136],[90.70705,56.91126],[90.72212,56.9079],[90.73106,56.9015],[90.73885,56.89852],[90.74922,56.89222],[90.76909,56.87924],[90.7763,56.8728],[90.78861,56.87134],[90.81037,56.87424],[90.81352,56.87304],[90.81831,56.86751],[90.8247,56.86325],[90.84649,56.85975],[90.86405,56.86566],[90.88359,56.86693],[90.89085,56.86969],[90.89467,56.8733],[90.90525,56.87746],[90.91094,56.88591],[90.91551,56.88949],[90.93989,56.8932],[90.95231,56.89231],[90.96034,56.88775],[90.97851,56.88479],[90.99086,56.87877],[91.01862,56.87405],[91.03544,56.8735],[91.05885,56.88405],[91.06978,56.88217],[91.19153,56.90282],[91.2014,56.91467],[91.20659,56.91564],[91.21018,56.91951],[91.21646,56.92143],[91.22858,56.92342],[91.24637,56.92314],[91.26625,56.93051],[91.3039,56.93356],[91.30847,56.93582],[91.33249,56.93239],[91.33748,56.92933],[91.3496,56.93535],[91.36265,56.93915],[91.36909,56.94478],[91.37238,56.95176],[91.3843,56.96474],[91.39401,56.97977],[91.39531,56.98037],[91.4007,56.99235],[91.40508,56.99924],[91.41974,57.00298],[91.45613,57.00112],[91.46473,57.00292],[91.4746,57.00667],[91.47564,57.00857],[91.4749,57.00986],[91.47812,57.01228],[91.47533,57.01636],[91.47585,57.02011],[91.47355,57.02291],[91.48369,57.02657],[91.48145,57.03156],[91.48502,57.06721],[91.49259,57.07422]],[[90.70158,55.38453],[90.71693,55.39129],[90.72606,55.39327],[90.81039,55.40042],[90.81488,55.39743],[90.84006,55.37379],[90.8599,55.36644],[90.88119,55.3654],[90.91963,55.35686],[90.93193,55.35676],[90.97404,55.35235]],[[90.76482,56.28803],[90.76804,56.29615],[90.76748,56.29823],[90.74896,56.31249],[90.75033,56.32403],[90.75702,56.32822],[90.78722,56.33708],[90.7902,56.33955],[90.798,56.35385],[90.80369,56.35743],[90.82105,56.36507],[90.82601,56.37127]],[[90.76773,56.67022],[90.79298,56.67731],[90.80604,56.68884],[90.83239,56.69075],[90.85667,56.70035],[90.88002,56.71176],[90.88105,56.7136],[90.87834,56.7191],[90.88958,56.73106],[90.88747,56.73722],[90.89577,56.74915],[90.90193,56.75331],[90.91296,56.75263],[90.92505,56.75473],[90.93791,56.75318],[90.94963,56.75611],[90.96214,56.75526],[90.97567,56.7576],[90.99252,56.75582],[91.00346,56.75753],[91.01196,56.76091],[91.01893,56.76235],[91.04565,56.76094],[91.08041,56.76922],[91.08795,56.77721],[91.09598,56.77899],[91.10335,56.78429],[91.11531,56.79029],[91.122,56.79144],[91.14235,56.78511],[91.1553,56.79107],[91.15766,56.79419],[91.17537,56.79959],[91.18389,56.80346],[91.18679,56.80312],[91.18991,56.80545],[91.19449,56.80587]],[[90.82233,56.65254],[90.81871,56.64885],[90.8185,56.64492],[90.81135,56.63389],[90.80498,56.62869],[90.80606,56.62718],[90.82241,56.61931]],[[90.82233,56.65254],[90.83184,56.65114],[90.84262,56.65308],[90.85183,56.65208],[90.85743,56.65291],[90.86448,56.65142],[90.89262,56.64978],[90.89334,56.64741],[90.92002,56.64929],[90.94113,56.64892],[90.94632,56.64564],[90.97569,56.64212],[90.97686,56.64128],[90.98441,56.62086],[90.99102,56.60757],[90.99348,56.60772],[90.99283,56.6168],[90.99983,56.62406],[91.00729,56.62233]],[[90.83784,54.96759],[90.84737,54.94448],[90.85023,54.94214],[90.84589,54.93782],[90.84323,54.93803],[90.85222,54.93533],[90.85391,54.93379],[90.85114,54.93147],[90.85017,54.92645],[90.847,54.92468],[90.84712,54.92233]],[[90.87244,59.53245],[90.87352,59.53126],[90.87204,59.52945],[90.87128,59.52453],[90.8757,59.5126],[90.87326,59.50787],[90.8663,59.50486],[90.85779,59.4969],[90.86204,59.48539],[90.86706,59.47828],[90.8643,59.44414],[90.87778,59.43203],[90.89203,59.42635],[90.88984,59.42178],[90.87806,59.41741],[90.87564,59.41514],[90.86754,59.41122],[90.86001,59.40346],[90.82955,59.38972],[90.8225,59.38944],[90.81186,59.38108],[90.80131,59.36737],[90.79384,59.36179],[90.7706,59.35534],[90.76366,59.34794],[90.75087,59.34401],[90.74084,59.34342],[90.71827,59.33386],[90.7007,59.32477],[90.68282,59.31849],[90.67595,59.30668],[90.6874,59.29391],[90.68845,59.28979],[90.6854,59.28721],[90.66195,59.27927],[90.61983,59.28383],[90.60414,59.28404],[90.58125,59.27646],[90.57852,59.27513],[90.56548,59.25606],[90.56593,59.25265],[90.54483,59.24318],[90.54741,59.23743],[90.53763,59.23529],[90.53183,59.22373],[90.48646,59.21188],[90.48636,59.19191],[90.48737,59.1897],[90.48621,59.18314],[90.487,59.17735],[90.49069,59.17487],[90.48685,59.17265],[90.48675,59.17094],[90.48858,59.14303],[90.48771,59.13868],[90.48883,59.13637],[90.45528,59.12042],[90.44297,59.11715],[90.42899,59.10955],[90.4111,59.1024],[90.40837,59.09859],[90.40863,59.09622],[90.41166,59.09328],[90.41485,59.09218],[90.41503,59.09102],[90.41258,59.08961],[90.415,59.08647],[90.42248,59.08104],[90.42095,59.07646],[90.41684,59.07298],[90.41854,59.06821],[90.4354,59.06535],[90.43804,59.0658],[90.44892,59.06175],[90.46685,59.06258],[90.46991,59.06075],[90.4822,59.05765],[90.51219,59.05713],[90.52191,59.05492],[90.53372,59.04927],[90.53475,59.04827],[90.53417,59.04626],[90.54835,59.03439],[90.56451,59.03184],[90.58245,59.02731],[90.60338,59.02442],[90.62381,59.02341],[90.76145,58.97831],[90.7714,58.96075],[90.77224,58.94701],[90.8707,58.83181],[90.85019,58.80328],[90.8315,58.78805],[90.82746,58.76331],[90.84376,58.7478],[90.90206,58.73147],[90.93945,58.70392],[90.95286,58.68696],[90.95488,58.6658],[90.97126,58.65124],[90.9892,58.64582],[91.00488,58.64424],[91.0304,58.6476],[91.04711,58.6471],[91.11001,58.63085],[91.12412,58.61873],[91.13524,58.61645],[91.16635,58.62167],[91.18692,58.62025],[91.2012,58.62051],[91.21253,58.61799],[91.22592,58.61817],[91.24879,58.60869],[91.27446,58.58725],[91.28338,58.58476],[91.30905,58.58814],[91.3199,58.58711],[91.3351,58.59159],[91.37385,58.59637],[91.41767,58.59568],[91.46942,58.60328],[91.51341,58.60045],[91.52122,58.59771],[91.52961,58.58823],[91.54912,58.58356],[91.56951,58.5814],[91.58954,58.57601],[91.6083,58.56612],[91.60641,58.55397],[91.6086,58.55112],[91.61804,58.54787],[91.6328,58.54617],[91.64589,58.53965],[91.65097,58.53883],[91.65486,58.5362],[91.65739,58.52806],[91.67107,58.51986],[91.6815,58.52014],[91.70733,58.51816],[91.71149,58.51698],[91.73585,58.49936],[91.74271,58.49626],[91.76175,58.49838],[91.7771,58.49572],[91.78113,58.49592],[91.79693,58.49983],[91.79783,58.50328],[91.80152,58.50474],[91.80991,58.50568],[91.81612,58.50784],[91.84181,58.51066],[91.85454,58.50992],[91.87004,58.50487],[91.88532,58.50229],[91.89703,58.50459],[91.92066,58.50473],[91.92874,58.50845],[91.93574,58.51003],[91.94159,58.51325],[91.95706,58.51794],[91.96371,58.5229],[91.97673,58.52783],[91.98037,58.52817],[91.99212,58.52552],[92.02089,58.53615],[92.04054,58.53612]],[[90.88616,56.86786],[90.8895,56.85221],[90.89665,56.84801],[90.90467,56.84692],[90.91173,56.83828],[90.91281,56.83375],[90.91224,56.83199],[90.91597,56.82888]],[[90.95187,55.48668],[90.95518,55.48053],[90.96118,55.48119],[90.96265,55.47819],[90.96171,55.47464],[90.96096,55.45197],[90.96058,55.43809],[90.9614,55.43702],[91.00576,55.40231],[91.01844,55.39462],[91.02752,55.39187],[91.04545,55.38972],[91.07671,55.37649],[91.088,55.37105],[91.09121,55.36342]],[[90.9592,55.00905],[90.9578,55.00916]],[[90.9583,55.00878],[90.9592,55.00905]],[[90.9592,55.00905],[90.97269,55.00876]],[[90.98278,55.83538],[90.99717,55.83752],[91.01118,55.83533],[91.01561,55.83565]],[[91.36014,56.15979],[91.33496,56.15895],[91.26073,56.15289],[91.23631,56.14368],[91.22925,56.13443],[91.21677,56.127],[91.21558,56.12504],[91.21594,56.11437],[91.20722,56.09645],[91.20825,56.0579],[91.21728,56.00882],[91.21872,56.0042],[91.22659,55.97692],[91.22932,55.96777],[91.22441,55.9582],[91.21949,55.95149],[91.1908,55.92449],[91.16614,55.90637],[91.12829,55.8901],[91.12546,55.88458],[91.11987,55.88085],[91.12378,55.87778],[91.1232,55.87495],[91.11649,55.86915],[91.10461,55.86496],[91.10114,55.86579],[91.09591,55.87097],[91.08088,55.87423],[91.06539,55.8742],[91.04651,55.87153],[91.02768,55.87153],[91.00228,55.86322],[90.99594,55.8511],[90.98278,55.83538]],[[90.99656,54.99158],[90.99732,54.993]],[[91.01938,56.25978],[91.0234,56.26149],[91.02836,56.27127],[91.03034,56.27255]],[[91.02552,55.13476],[91.02792,55.13269],[91.08904,55.1029]],[[91.03485,55.89297],[91.03041,55.88987],[91.02918,55.88753],[91.02999,55.88449],[91.03845,55.87716],[91.03419,55.87198]],[[91.05268,54.78415],[91.05839,54.78818],[91.07396,54.79115],[91.07749,54.79407],[91.0781,54.80853]],[[91.05753,55.19252],[91.04879,55.19984],[91.08032,55.21198],[91.09473,55.21373],[91.13495,55.22964],[91.14397,55.22981],[91.15048,55.23205],[91.17384,55.24899],[91.18046,55.25097],[91.18365,55.25083],[91.18375,55.25584],[91.17042,55.28458],[91.17319,55.29841],[91.20384,55.32109],[91.21249,55.33522],[91.22763,55.34093],[91.24734,55.35116],[91.25857,55.35975]],[[91.08137,56.25334],[91.08283,56.25906],[91.09035,56.26215],[91.09394,56.26937],[91.10312,56.2678],[91.10971,56.26877],[91.10787,56.27094],[91.10385,56.27247]],[[91.11643,55.51315],[91.12361,55.5083],[91.12593,55.5026],[91.13009,55.49715],[91.14053,55.4873],[91.14473,55.47237],[91.14384,55.4694],[91.09789,55.44241],[91.08679,55.43248],[91.09,55.42707],[91.1145,55.40771],[91.13133,55.3803],[91.1407,55.36091]],[[91.13089,54.94233],[91.14328,54.94699],[91.1411,54.95014],[91.1495,54.96558],[91.1541,54.97187],[91.15444,54.97593],[91.14579,54.99202],[91.14996,55.0012],[91.16125,55.0059],[91.20744,55.01254],[91.20968,55.00765],[91.21889,55.00912],[91.24067,54.9999],[91.25501,54.98876],[91.2587,54.98307],[91.25479,54.97844],[91.25691,54.97396],[91.25501,54.96393],[91.24906,54.95653],[91.25209,54.95573],[91.25842,54.94967],[91.26019,54.94652],[91.25916,54.94238],[91.26119,54.93955],[91.26819,54.93831],[91.26911,54.93706],[91.27339,54.93692],[91.28009,54.92895],[91.28482,54.92705],[91.28441,54.91925],[91.29031,54.91471],[91.30842,54.91027],[91.32162,54.91036],[91.32668,54.90822],[91.33673,54.90788],[91.34552,54.90949],[91.35407,54.90946],[91.35858,54.911],[91.37468,54.91264],[91.38275,54.91491],[91.40394,54.9167],[91.41149,54.91475],[91.41075,54.91156],[91.41896,54.91072]],[[91.20817,56.07327],[91.21695,56.06938]],[[91.22471,55.98452],[91.23007,55.98379],[91.23442,55.98162],[91.24132,55.98624],[91.23814,55.98709],[91.23395,55.98645],[91.22585,55.98488],[91.22442,55.98446]],[[91.32007,54.54766],[91.33225,54.54908],[91.33323,54.55072],[91.33537,54.55084],[91.34525,54.54607],[91.34807,54.54215],[91.35052,54.54168]],[[91.62232,56.12763],[91.61783,56.13043],[91.61696,56.13413],[91.6101,56.13509],[91.60277,56.13779],[91.59178,56.13674],[91.5812,56.13386],[91.56892,56.12717],[91.55798,56.12966],[91.54633,56.12801],[91.5317,56.13013],[91.52319,56.13005],[91.51015,56.13192],[91.48094,56.14162],[91.45452,56.1476],[91.44406,56.1519],[91.4368,56.15304],[91.43071,56.15602],[91.41651,56.15725],[91.40164,56.16314],[91.36954,56.15982],[91.36014,56.15979]],[[91.40187,56.18619],[91.39587,56.17349],[91.39175,56.16857],[91.37503,56.16705],[91.37344,56.16656],[91.37384,56.1649],[91.36562,56.16606],[91.3614,56.16274],[91.36014,56.15979]],[[91.44916,55.53012],[91.45327,55.52865],[91.45005,55.52462],[91.44997,55.51871],[91.45844,55.51236],[91.44248,55.49121],[91.39448,55.47501],[91.37718,55.46388],[91.35351,55.45505],[91.35022,55.45196],[91.35136,55.44341],[91.35548,55.43471],[91.35648,55.42983],[91.35648,55.41326],[91.35286,55.39973],[91.36146,55.39127],[91.36832,55.37554]],[[91.37302,56.14544],[91.37069,56.15055],[91.36954,56.15982]],[[91.4351,56.1848],[91.43002,56.17481],[91.42466,56.17363],[91.41753,56.16843],[91.40639,56.16616],[91.36901,56.16279],[91.36925,56.16373],[91.3729,56.16488]],[[91.42225,55.21427],[91.41002,55.24076],[91.40414,55.24874],[91.39985,55.25248],[91.38681,55.24853]],[[91.38816,52.78777],[91.3991,52.79366],[91.40873,52.79366],[91.40969,52.79522],[91.41829,52.79829],[91.43228,52.79736],[91.42597,52.80065],[91.42338,52.80054],[91.42112,52.80264],[91.41697,52.80215],[91.40728,52.80365],[91.41154,52.80473],[91.4119,52.80828],[91.40513,52.81536],[91.41452,52.81536],[91.40287,52.81903],[91.39911,52.8162],[91.39904,52.81853],[91.4009,52.821],[91.3989,52.82327],[91.39677,52.83108],[91.41582,52.83875],[91.41434,52.84268]],[[91.4013,57.49433],[91.40378,57.49594],[91.40362,57.49935],[91.40516,57.50226],[91.4015,57.50819],[91.43068,57.5205],[91.46958,57.54524],[91.49147,57.55723],[91.51217,57.56319],[91.518,57.56904],[91.54594,57.57504],[91.55693,57.58152],[91.59046,57.59213],[91.59643,57.59625],[91.60517,57.59977],[91.61477,57.60552],[91.63941,57.61666],[91.66623,57.62205],[91.67778,57.62749],[91.68603,57.63438],[91.70296,57.63694],[91.71853,57.64236],[91.7247,57.64337],[91.72849,57.64615],[91.73281,57.64498],[91.73381,57.64262],[91.73774,57.64142],[91.73953,57.63738],[91.74527,57.63551],[91.74401,57.63224],[91.74696,57.62647],[91.7582,57.62502],[91.76396,57.62215],[91.76979,57.61375],[91.77381,57.61063],[91.78055,57.60655],[91.78678,57.60498],[91.78926,57.59927],[91.78892,57.59631],[91.79031,57.59131],[91.79359,57.58776],[91.79537,57.5839],[91.80145,57.58227],[91.8075,57.58252],[91.81094,57.58404],[91.81151,57.58675],[91.82589,57.5887],[91.82899,57.5902],[91.83082,57.59254],[91.83677,57.59323],[91.84235,57.59253],[91.85569,57.58269],[91.86225,57.57931],[91.89408,57.58567]],[[91.54296,56.28814],[91.52675,56.26847],[91.52159,56.26564],[91.52001,56.26128],[91.51625,56.25864],[91.51043,56.25606],[91.50307,56.25455],[91.4778,56.2518],[91.47314,56.25267],[91.46223,56.25029],[91.45941,56.24103],[91.46006,56.23359],[91.46389,56.21969],[91.45703,56.21413],[91.4486,56.21004],[91.43852,56.20866],[91.43078,56.2063],[91.42872,56.20302],[91.4221,56.199],[91.419,56.19522],[91.40286,56.19008],[91.40431,56.18774],[91.40351,56.18617]],[[91.57093,54.42993],[91.54968,54.42758],[91.50104,54.42525],[91.48983,54.42362],[91.48031,54.42016],[91.46729,54.41165],[91.46093,54.41016],[91.44445,54.40967],[91.43326,54.40488],[91.42974,54.39901],[91.41583,54.39453]],[[91.48637,54.50507],[91.49383,54.50509],[91.50888,54.50092],[91.5215,54.50077],[91.52716,54.49951],[91.53469,54.49995],[91.54496,54.49659],[91.54495,54.49919],[91.58494,54.50322],[91.6036,54.50301],[91.62548,54.49866],[91.64392,54.49754],[91.6796,54.49951],[91.68379,54.49789],[91.69208,54.4983],[91.69425,54.4939]],[[91.50503,53.00107],[91.50904,53.0017],[91.51148,53.00138],[91.51672,53.00026],[91.51771,53.00031],[91.52324,53.00409],[91.53087,53.00704],[91.53985,53.00835],[91.54319,53.01072],[91.56086,53.01015],[91.56194,53.01163]],[[91.50616,52.97533],[91.5089,52.97486],[91.5089,52.97817],[91.51186,52.98683],[91.50879,52.99965],[91.51059,53.00147]],[[91.54943,55.37714],[91.5422,55.36755],[91.52679,55.35661],[91.52283,55.34754],[91.52032,55.34491]],[[91.54392,54.31638],[91.55996,54.31655]],[[91.54392,54.31638],[91.54451,54.31792],[91.54877,54.3197],[91.54954,54.32114],[91.56712,54.3207],[91.5675,54.31743]],[[91.55663,54.31087],[91.54438,54.31174],[91.54392,54.31638]],[[91.60828,55.38955],[91.60894,55.39302],[91.60629,55.39735],[91.6099,55.39868],[91.61226,55.41198],[91.61264,55.41295],[91.62404,55.42701],[91.64515,55.45852],[91.64376,55.47135],[91.63847,55.48809],[91.63443,55.49274],[91.63335,55.50112],[91.62677,55.50417],[91.60597,55.50204],[91.58846,55.50293],[91.58023,55.50888],[91.57388,55.51031],[91.56753,55.50842],[91.56135,55.51178],[91.55685,55.51241],[91.55321,55.51435],[91.55169,55.51762],[91.54757,55.51984]],[[91.5675,54.31743],[91.55995,54.31728]],[[91.55996,54.31692],[91.56751,54.31707]],[[91.57557,54.19309],[91.57069,54.19211],[91.55284,54.21014],[91.55304,54.21997],[91.54169,54.22785],[91.53324,54.24496],[91.53571,54.26502],[91.53332,54.26817],[91.52114,54.27703],[91.52174,54.28038],[91.52326,54.28148],[91.54298,54.29012],[91.55399,54.29934],[91.56029,54.30639]],[[91.56754,54.31651],[91.58004,54.31674],[91.58207,54.31747],[91.58267,54.32032],[91.5674,54.32031]],[[91.5675,54.31743],[91.56754,54.31651],[91.56759,54.31475],[91.56761,54.31438],[91.56763,54.31381],[91.5677,54.31242],[91.56768,54.31096]],[[91.56763,54.31381],[91.58923,54.31406]],[[91.58163,54.31725],[91.58626,54.31671],[91.58795,54.31752]],[[91.58403,54.18427],[91.61813,54.18391],[91.62064,54.15383],[91.63418,54.15061],[91.64225,54.14667],[91.64376,54.1448],[91.64824,54.14383],[91.65437,54.13548],[91.67248,54.13381],[91.68155,54.1312],[91.69686,54.13086],[91.70164,54.12869],[91.70265,54.12703],[91.709,54.12455],[91.7341,54.1272],[91.75404,54.11874],[91.76336,54.11156]],[[91.58692,53.12328],[91.58823,53.124],[91.58848,53.12888]],[[91.58961,54.42271],[91.60088,54.43158],[91.61131,54.43765],[91.6306,54.44243],[91.65053,54.45854],[91.65829,54.46341],[91.66114,54.4687],[91.67258,54.47929],[91.69203,54.48906],[91.69398,54.49154],[91.69425,54.4939]],[[91.59847,55.38734],[91.59591,55.39391],[91.59678,55.39607],[91.59398,55.39773],[91.591,55.40394]],[[91.59227,53.7258],[91.60194,53.72232],[91.62017,53.72286],[91.65148,53.7338],[91.67435,53.73349],[91.68313,53.72956],[91.68916,53.72743]],[[91.63277,53.67504],[91.62392,53.6827],[91.60989,53.68801],[91.60909,53.69192],[91.60583,53.69692]],[[91.63937,55.39957],[91.62797,55.39435],[91.61585,55.39105],[91.61133,55.39022],[91.60828,55.38955],[91.60715,55.38931],[91.60615,55.38911],[91.60594,55.38903],[91.60636,55.38822]],[[91.66669,55.38636],[91.66167,55.40068],[91.65864,55.40319],[91.65341,55.40447],[91.62844,55.4054],[91.61189,55.4095]],[[91.61619,55.3899],[91.61585,55.39105]],[[91.65899,55.38589],[91.65817,55.38753],[91.65184,55.39161],[91.63851,55.39384],[91.62878,55.39082],[91.61923,55.39002]],[[91.62232,56.12763],[91.62502,56.1289],[91.63055,56.1353]],[[91.68963,56.07642],[91.68498,56.07937],[91.66267,56.08862],[91.65045,56.09133],[91.62968,56.10165],[91.61898,56.1047],[91.61317,56.10787],[91.61316,56.12002],[91.61851,56.12312],[91.62232,56.12763]],[[91.72357,55.33119],[91.68908,55.34114],[91.67993,55.34672],[91.66701,55.3487],[91.66368,55.35119],[91.65664,55.36078],[91.64391,55.36515],[91.62596,55.38165]],[[91.64575,55.36438],[91.64879,55.35457],[91.64482,55.34706],[91.64798,55.33983],[91.64905,55.33156],[91.66499,55.31308],[91.69075,55.30442],[91.69203,55.30272]],[[91.76004,54.10746],[91.72297,54.10077],[91.6991,54.09962],[91.66592,54.09374],[91.65973,54.09128]],[[91.66223,53.6955],[91.65404,53.69142],[91.66526,53.68358],[91.67362,53.68789]],[[91.66704,53.69783],[91.66266,53.6957]],[[91.67071,53.70324],[91.66704,53.69783]],[[91.6759,53.69557],[91.66704,53.69783]],[[91.669,53.71154],[91.66968,53.71248],[91.66704,53.71604],[91.68739,53.71801],[91.69449,53.7202],[91.69546,53.71956]],[[91.67071,53.70324],[91.6648,53.7037],[91.6701,53.70979],[91.66807,53.71085],[91.669,53.71154]],[[91.669,53.71154],[91.67384,53.71012],[91.68523,53.70942]],[[91.68088,53.70159],[91.67071,53.70324]],[[91.6926,54.41238],[91.69048,54.39866],[91.68722,54.38879],[91.67384,54.38694]],[[91.67434,53.93321],[91.67406,53.93226],[91.6839,53.92561],[91.69325,53.91108],[91.69462,53.91042],[91.75774,53.91055],[91.77965,53.90727],[91.7881,53.90847],[91.79316,53.91093]],[[91.67464,53.6949],[91.68427,53.68845],[91.68141,53.68568]],[[91.6753,53.71916],[91.69062,53.72102]],[[91.70283,53.69634],[91.69483,53.69838],[91.69099,53.69314],[91.67705,53.69635]],[[91.68725,53.69705],[91.67915,53.69892]],[[91.68633,53.66533],[91.68697,53.66479]],[[91.68697,53.66479],[91.68858,53.66539]],[[91.6875,53.66535],[91.68697,53.66479]],[[91.68697,53.66479],[91.68362,53.65852],[91.68179,53.64925],[91.66844,53.63749],[91.65854,53.63072],[91.64168,53.62741],[91.6171,53.63411],[91.60954,53.63036],[91.60852,53.62491],[91.60689,53.62302],[91.61011,53.61342],[91.61214,53.6112],[91.61586,53.6113],[91.62486,53.61769],[91.63117,53.61867],[91.65853,53.61544],[91.70866,53.61956],[91.71891,53.61884],[91.75437,53.61272],[91.79665,53.62172]],[[91.68908,53.72781],[91.68862,53.72763]],[[91.68963,56.07642],[91.69096,56.08287],[91.70088,56.08787],[91.70086,56.08942],[91.70516,56.09101],[91.70787,56.09876],[91.71189,56.09774]],[[91.72689,56.04063],[91.72226,56.04688],[91.70067,56.05968],[91.68963,56.07642]],[[91.69003,54.68193],[91.69756,54.68536],[91.71825,54.67918],[91.72198,54.67636],[91.72519,54.67027],[91.73741,54.66459],[91.73875,54.66063],[91.73374,54.65468],[91.73558,54.64212],[91.73117,54.62974],[91.7302,54.62043],[91.73441,54.61546],[91.74385,54.61051],[91.74603,54.6035],[91.7395,54.60229],[91.73995,54.59035],[91.73759,54.58776],[91.73698,54.57873],[91.73411,54.57489],[91.7341,54.5721],[91.73206,54.57007],[91.7251,54.56832],[91.72007,54.56512],[91.71637,54.55776],[91.7104,54.55231],[91.70871,54.54748],[91.70834,54.54156],[91.70666,54.53931],[91.69916,54.53531],[91.69234,54.53424],[91.68671,54.52823],[91.68645,54.52367],[91.68381,54.52025],[91.68812,54.51713],[91.6987,54.49502],[91.69425,54.4939]],[[91.69039,53.71704],[91.69546,53.71956]],[[91.69434,53.68271],[91.69466,53.67617],[91.69092,53.67034],[91.69392,53.66603]],[[91.69546,53.71956],[91.69901,53.7211]],[[91.69546,53.71956],[91.70119,53.71567],[91.70256,53.71491],[91.70952,53.71099],[91.71244,53.70943],[91.71482,53.70811],[91.71514,53.708],[91.71721,53.70678],[91.718,53.70644]],[[91.91332,53.0793],[91.86333,53.08596],[91.85469,53.08905],[91.82232,53.09053],[91.80285,53.08809],[91.79214,53.09026],[91.76623,53.09016],[91.75001,53.09451],[91.73266,53.10161],[91.72726,53.11109],[91.70539,53.13357],[91.69724,53.14541]],[[91.69818,53.71213],[91.70256,53.71491]],[[91.69901,53.7211],[91.69945,53.72767]],[[91.69901,53.7211],[91.70297,53.72099],[91.70903,53.72101],[91.71196,53.72099]],[[91.70277,53.69421],[91.72238,53.68656]],[[91.71847,53.71336],[91.71679,53.71231],[91.71244,53.70943],[91.70312,53.70067],[91.70311,53.69669]],[[91.72021,53.63295],[91.71775,53.64635],[91.70848,53.67297]],[[91.70902,53.72237],[91.70903,53.72167],[91.70903,53.72101],[91.70903,53.72023],[91.70901,53.71963],[91.70908,53.71942]],[[91.73264,53.70677],[91.72677,53.70954],[91.72079,53.71228],[91.71847,53.71336],[91.71786,53.71366],[91.71151,53.71696],[91.71009,53.71959]],[[91.714,53.71046],[91.71948,53.70764]],[[91.71437,53.70306],[91.71948,53.70764]],[[91.71948,53.70764],[91.72394,53.71083]],[[91.71948,53.70764],[91.73167,53.70303]],[[91.72021,53.63295],[91.71973,53.6324]],[[91.7676,53.65237],[91.72151,53.6325],[91.72021,53.63295]],[[91.72135,53.63207],[91.76778,53.65218]],[[91.72357,55.33119],[91.72543,55.3301]],[[91.72487,55.33091],[91.72357,55.33119]],[[91.73408,53.68043],[91.7333,53.68055]],[[91.73383,53.68007],[91.73408,53.68043]],[[91.73408,53.68043],[91.7436,53.68122],[91.74944,53.68379],[91.76343,53.68686],[91.77942,53.68628],[91.78633,53.68502],[91.79813,53.67999],[91.80168,53.67811],[91.80335,53.67581],[91.80617,53.67507],[91.83828,53.67987],[91.85157,53.67889],[91.86447,53.67418],[91.8706,53.67383],[91.88277,53.67613],[91.88993,53.67542],[91.91077,53.67779],[91.92819,53.67793]],[[91.73572,53.79368],[91.75839,53.78449],[91.76751,53.78226],[91.78159,53.78345]],[[91.73689,55.30952],[91.74122,55.30861],[91.75389,55.30899],[91.76249,55.30744],[91.76721,55.30567],[91.78606,55.29877],[91.80522,55.2885],[91.82825,55.28168],[91.83539,55.27672],[91.84106,55.27495],[91.84756,55.27048],[91.85427,55.26784],[91.85733,55.26114],[91.85732,55.25629],[91.85852,55.25474],[91.86726,55.24756],[91.8843,55.2426],[91.89751,55.22645],[91.89709,55.22233],[91.88892,55.20745]],[[91.76721,55.30567],[91.78214,55.31268],[91.82859,55.32712],[91.83172,55.32965],[91.83241,55.33448],[91.83671,55.34589],[91.83826,55.34726],[91.86005,55.35327],[91.87217,55.35455],[91.88248,55.35891],[91.88946,55.35808],[91.89447,55.36113],[91.90475,55.36383],[91.91895,55.37189],[91.93065,55.37255]],[[91.77199,53.72523],[91.77625,53.72649],[91.78337,53.72648],[91.78435,53.73077],[91.78282,53.73479],[91.78352,53.73647],[91.78188,53.73901]],[[91.77699,54.17185],[91.77879,54.17004],[91.78343,54.16861],[91.79738,54.16995],[91.82342,54.16933]],[[91.79173,53.91412],[91.80315,53.91605]],[[91.79199,53.99781],[91.79699,53.99973],[91.80081,53.99963],[91.80475,53.997],[91.81081,53.9903],[91.82148,53.98383],[91.82517,53.98272],[91.84503,53.97883],[91.8866,53.97825],[91.92949,53.96952]],[[91.79276,53.52358],[91.79751,53.52736],[91.80823,53.52701],[91.81575,53.52801],[91.82328,53.52961],[91.82863,53.53232],[91.85127,53.53565],[91.86851,53.53977],[91.87587,53.54276],[91.88109,53.54319],[91.885,53.54554],[91.88705,53.54969]],[[91.81683,53.93014],[91.80603,53.93154],[91.79906,53.92974],[91.79656,53.92796],[91.78927,53.91989],[91.78962,53.91874],[91.79316,53.91093]],[[91.803,53.90022],[91.79316,53.91093]],[[91.82269,53.58526],[91.79395,53.58482]],[[91.8041,53.19082],[91.79778,53.19701]],[[91.82285,53.2],[91.80761,53.1915],[91.8041,53.19082]],[[91.8041,53.19082],[91.80795,53.18393]],[[91.80824,53.18412],[91.80814,53.18123],[91.80835,53.18095],[91.80898,53.18027],[91.80967,53.1796],[91.81189,53.17784],[91.82485,53.17168],[91.83547,53.16906],[91.84714,53.16307],[91.86278,53.15211],[91.87477,53.14213],[91.88766,53.13438],[91.8888,53.11149],[91.90576,53.09593],[91.9065,53.09464],[91.91126,53.08385],[91.91332,53.0793],[91.91432,53.0771],[91.9145,53.07682],[91.92099,53.06995],[91.92319,53.07011],[91.92544,53.06026],[91.92907,53.05971],[91.9397,53.0548],[91.94351,53.04959],[91.95028,53.04603],[91.96959,53.03974],[91.97337,53.04037]],[[91.80835,53.18095],[91.85815,53.18365],[91.86483,53.18096],[91.88527,53.17797],[91.89317,53.17795],[91.90469,53.17973],[91.92515,53.17971],[91.93133,53.18081],[91.97013,53.18207]],[[91.82523,53.58238],[91.89027,53.59897],[91.91182,53.60033],[91.94221,53.60517],[91.97895,53.61515],[91.99221,53.61982],[92.01534,53.62476],[92.02851,53.6329],[92.03799,53.63448],[92.04397,53.63422],[92.07246,53.64207],[92.07476,53.64357],[92.07507,53.64686],[92.06624,53.65615],[92.06715,53.65812],[92.08103,53.66043],[92.09121,53.6637],[92.10752,53.66456],[92.11948,53.66909],[92.13086,53.6668],[92.14494,53.67761],[92.17655,53.6889],[92.19273,53.6882],[92.20426,53.68921],[92.2124,53.68787],[92.21632,53.68554],[92.22505,53.68373],[92.23011,53.68785],[92.23436,53.68957],[92.27884,53.69814],[92.30703,53.71643],[92.31373,53.71573],[92.31782,53.71664],[92.32421,53.71419],[92.37275,53.73173],[92.40528,53.73917],[92.42358,53.74518],[92.43386,53.75024],[92.44912,53.75571],[92.43705,53.76197],[92.43822,53.76356],[92.4376,53.76617],[92.4277,53.7881],[92.42967,53.79287],[92.43427,53.79559],[92.43707,53.79873],[92.43779,53.81139],[92.44498,53.81789]],[[91.83305,53.27062],[91.84132,53.27981],[91.85136,53.27625]],[[91.83408,53.57459],[91.8732,53.55874],[91.88413,53.55013],[91.8893,53.54939],[91.89025,53.54919],[91.89257,53.54799],[91.89885,53.5428],[91.90653,53.53926],[91.90476,53.53541],[91.91043,53.53135],[91.92637,53.53577],[91.95803,53.5377],[91.97676,53.5423],[91.98951,53.54407],[92.00471,53.54969],[92.00886,53.55267],[92.01426,53.55447],[92.0345,53.55707],[92.04582,53.56165],[92.07192,53.56861],[92.08559,53.5704],[92.1188,53.57068],[92.13941,53.57758],[92.13754,53.58037],[92.13887,53.58141],[92.15529,53.58439],[92.17247,53.58535],[92.18277,53.58313],[92.1999,53.58566],[92.22685,53.58338],[92.23126,53.5842],[92.23566,53.5867],[92.29677,53.5995],[92.33702,53.60279],[92.35793,53.60664],[92.36794,53.60508],[92.3811,53.59696],[92.39909,53.59014],[92.40443,53.59051],[92.41046,53.58872],[92.42569,53.59281]],[[91.92649,54.43158],[91.92309,54.43129],[91.91304,54.42629],[91.91072,54.42087],[91.89862,54.40743],[91.8895,54.40525],[91.87263,54.39489],[91.86396,54.39154],[91.8369,54.37362]],[[91.85136,53.27625],[91.84315,53.27447],[91.83796,53.27604]],[[91.86275,53.26604],[91.85556,53.27104],[91.85389,53.2747],[91.85136,53.27625]],[[91.86832,53.26896],[91.87371,53.26565],[91.87316,53.2513],[91.87995,53.24673],[91.89013,53.24483],[91.9014,53.249],[91.91405,53.24864],[91.92222,53.24998],[91.94877,53.24549],[91.96907,53.24682],[91.97239,53.24484],[91.97324,53.24268],[91.98313,53.23861],[91.99874,53.23808],[92.05984,53.24216],[92.06096,53.24285],[92.06062,53.24755],[92.08911,53.2496],[92.09168,53.25103],[92.09278,53.25317],[92.09042,53.25508],[92.09078,53.25762],[92.08935,53.26113],[92.09199,53.26308],[92.10443,53.26745],[92.10459,53.26928],[92.10795,53.2736],[92.10781,53.27701],[92.10145,53.27661],[92.09868,53.2802],[92.09348,53.28788],[92.08776,53.3018],[92.07257,53.30404],[92.06674,53.30684],[92.06346,53.30703],[92.05955,53.30988],[92.0578,53.31752],[92.05631,53.31974],[92.04503,53.32142],[92.03796,53.32385],[92.03611,53.3268],[92.03245,53.32748],[92.02988,53.33091],[92.02992,53.33291],[92.02381,53.33681],[92.02028,53.33685],[92.01836,53.33806],[92.0061,53.33533],[92.00001,53.33529],[91.99074,53.3328],[91.96337,53.33028],[91.95583,53.32716]],[[91.88345,54.15505],[91.88849,54.16359],[91.88528,54.16779],[91.89422,54.17543],[91.90171,54.18849],[91.90578,54.20064],[91.90554,54.20356],[91.90948,54.20818],[91.90888,54.21167],[91.91032,54.22229],[91.91895,54.22977],[91.93746,54.24126],[91.93932,54.24716],[91.93903,54.2494],[91.934,54.25195],[91.93438,54.25424],[91.93139,54.25951],[91.92866,54.26787],[91.90955,54.28657],[91.8921,54.29248],[91.89333,54.2944],[91.89111,54.29999],[91.88932,54.30017],[91.88801,54.30182]],[[91.88862,53.24481],[91.88647,53.24293]],[[91.8925,57.58596],[91.89611,57.59316],[91.89209,57.5934]],[[91.89351,55.23146],[91.90163,55.23191],[91.91132,55.22681],[91.91785,55.22532],[91.93176,55.22603],[91.94674,55.22941],[91.95898,55.22672],[91.961,55.22476],[91.97035,55.22574],[91.97593,55.2285],[91.99948,55.23083],[92.00253,55.22755],[92.00932,55.22592],[92.01273,55.21859],[92.01788,55.21508],[92.02221,55.21272],[92.02974,55.21255],[92.03173,55.21025],[92.03613,55.20966],[92.03725,55.20931],[92.03776,55.20904],[92.03838,55.20863],[92.03876,55.20837],[92.04031,55.20798]],[[91.89353,54.29202],[91.8989,54.29423],[91.89683,54.30042],[91.89383,54.30398]],[[91.89408,57.58567],[91.90641,57.60714],[91.91862,57.6189],[91.92199,57.62749],[91.92895,57.63496],[91.93168,57.63606],[91.94631,57.63301],[91.96258,57.63393],[91.98436,57.63859],[91.99984,57.63694],[92.00789,57.63205],[92.02976,57.62455],[92.04519,57.62341],[92.05715,57.62805],[92.06415,57.62551],[92.14511,57.61067],[92.16237,57.61226],[92.23255,57.6254],[92.26185,57.62914]],[[91.95251,57.47487],[91.94356,57.47841],[91.93669,57.48403],[91.94272,57.4949],[91.93594,57.50333],[91.91842,57.5315],[91.91917,57.53864],[91.91501,57.54244],[91.91303,57.54702],[91.89475,57.55668],[91.88955,57.56369],[91.88072,57.56183],[91.87229,57.56805],[91.87818,57.57481],[91.88939,57.57974],[91.89408,57.58567]],[[91.96267,58.23319],[91.96298,58.2343],[91.95155,58.23926],[91.94944,58.24185],[91.93501,58.24793],[91.93364,58.25111],[91.93003,58.25288],[91.91832,58.25077],[91.9108,58.25216]],[[91.91241,53.45563],[91.92029,53.45717],[91.92122,53.45818],[91.93743,53.45972],[91.95048,53.46656],[91.96357,53.46935]],[[92.07528,54.43949],[92.06055,54.43529],[92.05679,54.43178],[92.05644,54.42845],[92.0499,54.42675],[92.03634,54.4247],[92.00632,54.42537],[91.96996,54.41807],[91.95715,54.42163],[91.95006,54.42241],[91.94494,54.42446],[91.93814,54.42923],[91.93012,54.43094],[91.92701,54.43155],[91.9266,54.43159],[91.92649,54.43158]],[[91.92649,54.43158],[91.92807,54.4337],[91.92568,54.43899],[91.91496,54.44348],[91.90907,54.44419],[91.89557,54.45093],[91.88321,54.459],[91.88146,54.46254],[91.88219,54.46518],[91.87932,54.46703],[91.87761,54.47187],[91.87803,54.48415],[91.88471,54.48987],[91.882,54.49732],[91.90278,54.50085],[91.92327,54.50186],[91.93874,54.4997],[91.95636,54.49486],[91.96936,54.48871],[91.98459,54.48466],[91.99654,54.49039],[92.01506,54.49661],[92.02988,54.50693],[92.03994,54.52419],[92.05087,54.53104],[92.0562,54.53152]],[[91.92698,53.31969],[91.92995,53.31837]],[[91.92721,53.32185],[91.92856,53.3216]],[[91.93083,53.33192],[91.92993,53.33638]],[[91.93624,53.32128],[91.92995,53.31837]],[[91.92995,53.31837],[91.93216,53.31668]],[[91.93084,53.32587],[91.93182,53.32618],[91.93451,53.32636],[91.93697,53.32656],[91.94265,53.32704],[91.94333,53.32704]],[[91.93107,53.33877],[91.93669,53.33436]],[[91.94084,53.32914],[91.93892,53.32853],[91.93414,53.32788],[91.93159,53.32761],[91.93109,53.32684]],[[91.93399,53.32913],[91.93716,53.3315],[91.93484,53.33359]],[[91.93624,53.33418],[91.93124,53.33211],[91.93083,53.33192],[91.92989,53.33153],[91.93399,53.32913],[91.93414,53.32788],[91.93439,53.32692],[91.93451,53.32636],[91.93469,53.32556],[91.93472,53.32546]],[[91.93608,53.32354],[91.94033,53.32012],[91.94144,53.31917],[91.94228,53.31778]],[[91.95878,53.34122],[91.94982,53.33985],[91.93624,53.33418]],[[91.93624,53.33418],[91.9393,53.33151],[91.94029,53.33068],[91.94029,53.32968],[91.94084,53.32914],[91.94133,53.32872],[91.94363,53.32679],[91.94996,53.31989]],[[91.94718,53.32274],[91.94033,53.32012],[91.9366,53.31875]],[[91.93962,53.33125],[91.946,53.33472]],[[91.94812,56.07525],[91.95919,56.07731],[91.96552,56.07493],[91.97011,56.07531],[91.98101,56.07347]],[[91.95599,53.33518],[91.9581,53.33274],[91.95596,53.32868],[91.95473,53.32441],[91.9553,53.32242],[91.94996,53.31989]],[[91.94996,53.31989],[91.95171,53.31787]],[[91.95527,53.32538],[91.95713,53.32498]],[[91.95625,53.33514],[91.95629,53.33538]],[[91.96077,53.34149],[91.95878,53.34122]],[[91.95878,53.34122],[91.96037,53.34076]],[[91.96619,53.34567],[91.96455,53.34603]],[[91.96564,53.46676],[92.00582,53.47234],[92.041,53.47418],[92.07038,53.48121],[92.08892,53.48182],[92.09418,53.48314]],[[91.968,53.34883],[91.96641,53.34918]],[[91.96691,53.17908],[91.97013,53.18207]],[[91.97013,53.18207],[91.97739,53.18668]],[[91.97451,54.78035],[91.97609,54.77843],[91.97512,54.77697],[91.97593,54.7731],[91.9861,54.76794],[91.99109,54.76859],[91.99598,54.76619],[91.99807,54.76409],[92.00084,54.75806],[92.0104,54.75258],[92.01834,54.744],[92.02122,54.73634],[92.02458,54.7359],[92.0273,54.73299],[92.01863,54.73129],[92.01597,54.72559],[92.01474,54.71592],[92.01228,54.71484],[91.99955,54.7141],[91.98782,54.71143],[91.98013,54.7081],[91.97413,54.70375],[91.95783,54.6975],[91.95401,54.69388],[91.94499,54.6931],[91.94046,54.69465],[91.92761,54.69621],[91.91699,54.70099],[91.89349,54.70308],[91.87345,54.69705],[91.87101,54.69532],[91.87477,54.69136],[91.87627,54.68716],[91.87542,54.68339],[91.87699,54.67972],[91.87338,54.67402],[91.86206,54.66995],[91.85906,54.66653],[91.86013,54.65954],[91.86346,54.65641],[91.85951,54.65143],[91.86494,54.64481],[91.86641,54.63851],[91.87623,54.63195],[91.87983,54.62688],[91.88487,54.62433],[91.88629,54.62165],[91.89124,54.61833],[91.88932,54.61515],[91.8907,54.61184],[91.89484,54.60834],[91.89949,54.60219],[91.90486,54.59972],[91.90591,54.59693],[91.91055,54.59372],[91.91178,54.59138],[91.92951,54.59216],[91.9491,54.59769],[91.95765,54.5946],[91.96137,54.5907],[91.96056,54.58663],[91.96251,54.58203],[91.96721,54.58287],[91.99264,54.57732],[92.00416,54.57795],[92.0119,54.57617],[92.01861,54.57616],[92.01991,54.57479],[92.04223,54.56993],[92.04961,54.56173],[92.0495,54.55693],[92.05148,54.55357],[92.05144,54.54667],[92.05333,54.54102],[92.0518,54.53857],[92.05802,54.52871],[92.0687,54.52039],[92.0775,54.50139],[92.07915,54.49159],[92.07819,54.48161],[92.0726,54.47296],[92.0746,54.46214],[92.07198,54.45535],[92.0726,54.45078],[92.07608,54.44654],[92.07465,54.44175],[92.07498,54.44024],[92.07528,54.43949],[92.07607,54.43801]],[[92.02196,53.40302],[92.01013,53.40888],[92.00727,53.41199],[91.99721,53.41648]],[[92.00062,54.38852],[92.00182,54.38172],[92.00751,54.37983],[91.99924,54.3666],[92.00644,54.3674],[92.01692,54.36229]],[[92.07289,53.76802],[92.07002,53.77468],[92.07081,53.79367],[92.06783,53.80032],[92.06041,53.80515],[92.05074,53.81458],[92.03746,53.82055],[92.02973,53.82642],[92.03263,53.82969],[92.05247,53.83849],[92.0541,53.84361],[92.04078,53.85199],[92.03922,53.85392],[92.03916,53.85881],[92.02957,53.86276],[92.02403,53.86932],[92.02225,53.8938],[92.01945,53.8987],[92.00176,53.90204]],[[92.01548,54.12121],[92.08607,54.1209],[92.09169,54.12275],[92.10259,54.13311]],[[92.02413,53.42192],[92.0236,53.42255]],[[92.02413,53.42192],[92.02365,53.42191]],[[92.02413,53.42192],[92.02443,53.42189],[92.03636,53.42306],[92.04755,53.42368],[92.06987,53.42351],[92.09453,53.41828],[92.09757,53.41601],[92.09671,53.41052],[92.09817,53.40958],[92.12109,53.40848],[92.12322,53.40717],[92.12542,53.40144],[92.12734,53.39995],[92.14431,53.39429],[92.16251,53.39246],[92.17065,53.38863],[92.18678,53.38831],[92.19268,53.38422],[92.19475,53.38144]],[[92.03241,55.20542],[92.03788,55.20896]],[[92.04805,54.07152],[92.03939,54.07589],[92.04048,54.08053],[92.03619,54.08232],[92.03389,54.0895]],[[92.05802,54.52871],[92.06921,54.53028],[92.07506,54.53291],[92.08892,54.53475],[92.10153,54.53284],[92.11229,54.53796],[92.12945,54.54124],[92.14735,54.54757],[92.15059,54.55057],[92.15604,54.55252],[92.15953,54.55511]],[[92.07607,54.43801],[92.08264,54.43892],[92.08742,54.44191],[92.09348,54.44687],[92.10412,54.45858],[92.11385,54.46286],[92.11732,54.46571],[92.13712,54.4678],[92.14879,54.47364],[92.16477,54.47739],[92.17352,54.47836],[92.18341,54.47661],[92.1879,54.47689],[92.21384,54.48264],[92.22379,54.4873],[92.24167,54.48758],[92.25195,54.48574],[92.25545,54.49071],[92.26586,54.48828],[92.29982,54.48784],[92.31174,54.48997],[92.32747,54.49474],[92.33664,54.49038],[92.35931,54.49798],[92.3659,54.50318],[92.38977,54.50707],[92.39085,54.50928],[92.39783,54.50966],[92.41462,54.51603],[92.42871,54.51938],[92.4322,54.51932],[92.43984,54.52158],[92.45448,54.52179],[92.45867,54.52291],[92.4635,54.52607],[92.49188,54.52945],[92.50032,54.5332],[92.51025,54.5359],[92.52971,54.53892],[92.5345,54.54278]],[[92.07607,54.43801],[92.07616,54.43477],[92.08124,54.43118],[92.09337,54.42669],[92.10286,54.42179],[92.10791,54.41787],[92.12084,54.4134],[92.14617,54.39938],[92.149,54.39347],[92.15366,54.39019],[92.15645,54.38449],[92.14161,54.37527]],[[92.09418,53.48314],[92.109,53.48688],[92.12544,53.4883],[92.14532,53.49398],[92.15607,53.49407],[92.1676,53.4968]],[[92.09418,53.48314],[92.09684,53.48139],[92.1087,53.47856],[92.11059,53.47025],[92.11358,53.46708],[92.14412,53.47226],[92.17172,53.47514],[92.19813,53.48022],[92.20579,53.48014],[92.21726,53.47526],[92.24111,53.47028],[92.25234,53.46929],[92.26963,53.46526],[92.29897,53.46596],[92.31239,53.46291],[92.3153,53.46054],[92.32405,53.46088],[92.33109,53.45872]],[[92.09853,58.60035],[92.09328,58.59629],[92.09417,58.58444],[92.08769,58.57816],[92.0801,58.56787],[92.08047,58.56407],[92.07906,58.55855],[92.0827,58.54964],[92.08758,58.5432],[92.10351,58.53172],[92.1154,58.52094]],[[92.10991,54.20509],[92.10202,54.20622],[92.10007,54.21189],[92.09491,54.21422],[92.09122,54.22053],[92.0774,54.22058],[92.07156,54.22278],[92.06989,54.22961],[92.07039,54.23367],[92.06464,54.24045],[92.05514,54.2463],[92.05234,54.26034],[92.05817,54.26599],[92.06449,54.28297],[92.0635,54.29642],[92.07095,54.30046],[92.08168,54.32056],[92.08714,54.32739],[92.09176,54.33745],[92.11462,54.36096],[92.11605,54.363],[92.11548,54.36624]],[[92.14338,58.50456],[92.14281,58.50506],[92.14012,58.50721],[92.13553,58.51088],[92.12991,58.51491],[92.12596,58.52057],[92.12445,58.52125],[92.12134,58.52203],[92.11701,58.52316],[92.11359,58.52407],[92.11325,58.52416],[92.111,58.52499]],[[92.11266,58.52352],[92.11359,58.52407]],[[92.26185,57.62914],[92.26704,57.62587],[92.27062,57.62577],[92.26726,57.63201],[92.26958,57.63387],[92.26995,57.6366],[92.26992,57.65662],[92.26802,57.6707],[92.26548,57.67866],[92.2618,57.68377],[92.26209,57.68852],[92.25748,57.69502],[92.25581,57.69835],[92.25489,57.70066],[92.25184,57.71624],[92.2514,57.71716],[92.25083,57.71777],[92.24942,57.71907],[92.2487,57.71981],[92.24679,57.72252],[92.24482,57.7324],[92.23911,57.73799],[92.23202,57.7418],[92.22882,57.74878],[92.22272,57.74972],[92.21369,57.74868],[92.20135,57.75582],[92.19501,57.7571],[92.18831,57.76016],[92.18559,57.76493],[92.18409,57.77088],[92.17857,57.77632],[92.17373,57.77634],[92.17014,57.7737],[92.16449,57.7732],[92.16256,57.77158],[92.16079,57.77158],[92.16178,57.77498],[92.15804,57.7843],[92.15837,57.79228],[92.1444,57.79535],[92.13899,57.80117],[92.14128,57.80445],[92.15036,57.80866],[92.1551,57.81435],[92.15417,57.81695],[92.15724,57.82095],[92.15617,57.82425],[92.15316,57.82574],[92.13592,57.82918],[92.12906,57.8352],[92.12878,57.83954],[92.11745,57.85279],[92.1017,57.86343],[92.09075,57.86687],[92.07504,57.86939],[92.05269,57.87841],[92.04894,57.88486],[92.04258,57.89232],[92.03028,57.89782],[92.02401,57.9048],[92.02135,57.91114],[92.01213,57.91675],[92.0114,57.9262],[92.0125,57.92872],[92.01814,57.93243],[92.01674,57.93465],[92.01206,57.93759],[91.98592,57.94714],[91.98114,57.95022],[91.97714,57.95516],[91.96811,57.9626],[91.95874,57.9666],[91.95197,57.97103],[91.94486,57.97295],[91.93197,57.98172],[91.93114,57.98457],[91.93273,57.98833],[91.9299,57.994],[91.9137,58.00595],[91.9104,58.01112],[91.91081,58.01671],[91.90977,58.01991],[91.89296,58.0376],[91.88977,58.05181],[91.89371,58.05902],[91.89033,58.06129],[91.89041,58.06477],[91.88705,58.06869],[91.88659,58.07285],[91.88711,58.07672],[91.89082,58.07981],[91.89332,58.08507],[91.89064,58.08915],[91.8889,58.09565],[91.88539,58.10008],[91.88737,58.10432],[91.88683,58.10659],[91.88829,58.11279],[91.89066,58.11683],[91.88864,58.11935],[91.88794,58.12333],[91.8778,58.1294],[91.86664,58.13222],[91.86131,58.13472],[91.85817,58.14156],[91.86093,58.14666],[91.84958,58.16221],[91.85139,58.16967],[91.85401,58.17515],[91.85742,58.17899],[91.86585,58.1838],[91.87015,58.19051],[91.88487,58.19624],[91.8878,58.19881],[91.89442,58.20061],[91.89567,58.20417],[91.89914,58.20797],[91.89927,58.21043],[91.90352,58.21219],[91.90738,58.21552],[91.90586,58.21982],[91.90007,58.2288],[91.90286,58.2351],[91.90716,58.23849],[91.90648,58.24129],[91.90759,58.24261],[91.90769,58.24804],[91.9113,58.25371],[91.90977,58.2558],[91.90319,58.25856],[91.89886,58.26517],[91.8922,58.27076],[91.87777,58.27758],[91.86672,58.281],[91.85626,58.2865],[91.85608,58.28822],[91.86189,58.29946],[91.84774,58.31553],[91.845,58.3223],[91.84544,58.32717],[91.84746,58.33243],[91.84723,58.33913],[91.84431,58.35354],[91.85975,58.36147],[91.86622,58.36604],[91.88284,58.37325],[91.88679,58.37702],[91.8953,58.38024],[91.90331,58.38728],[91.90532,58.39181],[91.90871,58.39462],[91.92735,58.40379],[91.93105,58.40678],[91.93346,58.40974],[91.9323,58.41745],[91.94261,58.43592],[91.94841,58.43908],[91.95944,58.44133],[91.9644,58.4468],[91.96533,58.45295],[91.96959,58.46032],[91.97717,58.46729],[91.9799,58.47211],[91.98651,58.47555],[91.99145,58.48087],[92.03885,58.46101],[92.04996,58.4531],[92.0558,58.45869],[92.06385,58.46392],[92.06962,58.4656],[92.07427,58.46887],[92.07866,58.46977],[92.08014,58.46948],[92.08731,58.46107],[92.09085,58.45915],[92.09714,58.46067],[92.10915,58.46004],[92.12916,58.46266]],[[92.57657,56.08548],[92.56599,56.08482],[92.55771,56.08584],[92.54534,56.08429],[92.51123,56.08966],[92.49523,56.09519],[92.48278,56.0955],[92.4702,56.09882],[92.46019,56.10347],[92.45893,56.10361],[92.45478,56.10326],[92.45071,56.10276],[92.44791,56.10269],[92.42694,56.1057],[92.4198,56.10787],[92.41746,56.11165],[92.41481,56.11281],[92.40559,56.11283],[92.40041,56.10963],[92.3955,56.1094],[92.38989,56.11231],[92.37085,56.11616],[92.36355,56.12109],[92.35872,56.12216],[92.34539,56.12277],[92.34071,56.12129],[92.33513,56.11754],[92.32415,56.1179],[92.31863,56.11596],[92.31281,56.1159],[92.30966,56.11441],[92.30769,56.11143],[92.30497,56.11065],[92.2983,56.11077],[92.29589,56.113],[92.28668,56.11338],[92.26189,56.11103],[92.24801,56.10765],[92.22071,56.10326],[92.20761,56.09793],[92.20036,56.0967],[92.1901,56.09856],[92.16026,56.09984],[92.14109,56.10472],[92.13426,56.10862],[92.13298,56.11084]],[[92.13751,58.50639],[92.14012,58.50721]],[[92.39559,54.2932],[92.39109,54.30311],[92.38674,54.30844],[92.38522,54.31586],[92.38634,54.31866],[92.38467,54.32868],[92.38216,54.3317],[92.37661,54.33534],[92.3773,54.34126],[92.37935,54.34425],[92.37254,54.34849],[92.36928,54.35475],[92.35004,54.36016],[92.34464,54.36303],[92.34023,54.36405],[92.326,54.36839],[92.322,54.36971],[92.31297,54.37039],[92.26075,54.36548],[92.2313,54.36405],[92.19626,54.35565],[92.16465,54.35894],[92.14381,54.36938],[92.13928,54.37499]],[[92.24477,57.82345],[92.21669,57.82432],[92.20155,57.82799],[92.18783,57.82429],[92.17339,57.81549],[92.1551,57.81435]],[[92.15585,56.10105],[92.15915,56.10343]],[[92.23157,57.53279],[92.22737,57.53213],[92.22148,57.5331],[92.20429,57.53863],[92.18526,57.55922],[92.18016,57.56176],[92.17414,57.56245],[92.16762,57.56503]],[[92.17659,53.33191],[92.18146,53.32899],[92.18433,53.32316],[92.18665,53.32287],[92.18781,53.32019],[92.19037,53.31879],[92.20421,53.31902],[92.20944,53.31672],[92.21341,53.31626]],[[92.18978,53.85951],[92.18468,53.86642]],[[92.18978,53.85951],[92.18982,53.86364],[92.19281,53.86385]],[[92.22415,53.79428],[92.20378,53.81436],[92.18978,53.85951]],[[92.19281,53.86385],[92.20384,53.8644],[92.21402,53.86301],[92.23514,53.86467],[92.24699,53.86771],[92.25256,53.87135],[92.27371,53.87449]],[[92.19281,53.86385],[92.19647,53.87234]],[[92.193,55.18504],[92.19648,55.18642]],[[92.20012,54.00484],[92.19799,54.00923],[92.19921,54.01331],[92.22464,54.03774],[92.22517,54.05751],[92.22686,54.06989],[92.24477,54.08409],[92.26617,54.10873],[92.26745,54.11307],[92.26664,54.11577],[92.27548,54.12353]],[[92.28588,57.61337],[92.28942,57.60924],[92.28664,57.59668],[92.27905,57.5792],[92.27941,57.57505],[92.273,57.56847],[92.26569,57.55469],[92.26347,57.55298],[92.24322,57.54638],[92.24061,57.53944],[92.23162,57.53452],[92.23149,57.5341],[92.23162,57.53359],[92.23157,57.53279],[92.23155,57.53073],[92.23225,57.52668],[92.23377,57.52308],[92.21306,57.48727],[92.21857,57.46991],[92.21309,57.46552],[92.2085,57.46342]],[[92.22267,53.12938],[92.22094,53.13815],[92.21732,53.142],[92.21784,53.14619],[92.20442,53.15976],[92.22765,53.16158],[92.24914,53.16783],[92.25492,53.17065],[92.25468,53.17649],[92.24722,53.18182],[92.24343,53.1895],[92.24441,53.19289],[92.24228,53.19631],[92.24325,53.19835],[92.26272,53.20428],[92.2817,53.20457],[92.30246,53.20908],[92.31197,53.21363],[92.32385,53.21362],[92.33082,53.21543],[92.34272,53.22387],[92.35654,53.231],[92.36192,53.23508],[92.36993,53.2374],[92.38618,53.24719],[92.38985,53.25485],[92.39412,53.26059],[92.39817,53.26264],[92.40339,53.26793],[92.40496,53.26808],[92.4041,53.2755]],[[92.22915,53.19758],[92.24287,53.1979]],[[92.23218,58.45006],[92.23347,58.45249],[92.24099,58.45639],[92.24126,58.46271],[92.24419,58.4644],[92.24276,58.46817],[92.24148,58.47911],[92.23999,58.48059],[92.24067,58.48581]],[[92.30547,57.75498],[92.29468,57.75195],[92.27209,57.74148],[92.25877,57.73025],[92.25621,57.72528],[92.25011,57.72139],[92.24942,57.71907]],[[92.25581,57.69835],[92.26968,57.70207],[92.28102,57.71249],[92.29633,57.71876],[92.30157,57.72546],[92.30198,57.72953],[92.30387,57.73144],[92.31538,57.73424],[92.31465,57.7355],[92.31586,57.73645],[92.31745,57.74303],[92.31677,57.75014],[92.31194,57.75357],[92.30696,57.75346],[92.30547,57.75498]],[[92.25592,58.48304],[92.2813,58.47785],[92.29931,58.47114],[92.30799,58.46275],[92.31729,58.45003],[92.32925,58.44358],[92.34306,58.44012],[92.34653,58.43506],[92.35164,58.43326],[92.35227,58.43204],[92.34916,58.43082],[92.3248,58.42945],[92.32058,58.43545]],[[92.26185,57.62914],[92.26134,57.63009],[92.26726,57.63201]],[[92.26787,58.43888],[92.27487,58.43654],[92.28252,58.43873],[92.28977,58.43802]],[[92.28245,53.94045],[92.30061,53.94622],[92.31017,53.95255],[92.31736,53.95506],[92.33353,53.96404],[92.33076,53.97239],[92.32513,53.97451],[92.32628,53.97589],[92.32331,53.97718],[92.321,53.98031],[92.31777,53.98147],[92.31816,53.98423],[92.34406,54.00753],[92.34596,54.01245],[92.35393,54.01988],[92.35533,54.0229],[92.36297,54.0287],[92.36658,54.03501],[92.38488,54.05108],[92.38867,54.05723],[92.39291,54.05956],[92.41717,54.07971],[92.42402,54.08358],[92.42782,54.08726],[92.44106,54.09216],[92.45239,54.08452]],[[92.28952,56.20754],[92.29022,56.21141],[92.288,56.21497],[92.29103,56.22608],[92.29495,56.23613],[92.30155,56.24203],[92.29987,56.24414],[92.30348,56.24534],[92.31447,56.24216],[92.32236,56.23646]],[[92.39572,57.93989],[92.39511,57.93452],[92.39837,57.9317],[92.39827,57.9286],[92.39925,57.92757],[92.40782,57.92365],[92.43054,57.91921],[92.43106,57.91704],[92.43002,57.91466],[92.44353,57.89921],[92.44757,57.89613],[92.45075,57.88817],[92.4459,57.8816],[92.4455,57.87807],[92.43375,57.86823],[92.41545,57.86481],[92.40176,57.85972],[92.39178,57.85416],[92.38334,57.85217],[92.3701,57.85381],[92.3519,57.85219],[92.35125,57.84806],[92.35401,57.84074],[92.35448,57.83381],[92.34038,57.82462],[92.33617,57.82026],[92.32362,57.81282],[92.32312,57.80902],[92.31779,57.80197],[92.31233,57.7979],[92.31008,57.79221],[92.30711,57.78925],[92.30713,57.78433],[92.30019,57.77776],[92.2922,57.77216],[92.29318,57.7689],[92.30067,57.76279],[92.30102,57.7594],[92.30547,57.75498]],[[92.31019,58.43373],[92.30654,58.43377]],[[92.32053,54.22571],[92.32426,54.22722],[92.33456,54.2428],[92.33303,54.24375],[92.33491,54.24902],[92.33272,54.25831],[92.33366,54.26266],[92.33686,54.2686],[92.33714,54.27688],[92.3453,54.27998],[92.35153,54.27943],[92.36239,54.28121],[92.36886,54.28061],[92.37327,54.28448],[92.38461,54.28978],[92.39559,54.2932]],[[92.32236,56.23646],[92.32064,56.234],[92.32073,56.23179],[92.32467,56.23051],[92.33828,56.23211],[92.33925,56.23291],[92.33707,56.23665]],[[92.32236,56.23646],[92.32342,56.2361],[92.32416,56.23596],[92.32598,56.23552],[92.3269,56.23534]],[[92.326,54.36839],[92.34504,54.37656],[92.36814,54.38476],[92.3739,54.38872],[92.37984,54.39681],[92.3816,54.40128],[92.38496,54.40337],[92.40106,54.4048],[92.41033,54.40677],[92.41335,54.41312],[92.4214,54.41678],[92.41892,54.42128],[92.41981,54.42262],[92.41669,54.42534],[92.41277,54.43342],[92.40985,54.43731],[92.40494,54.44106],[92.40345,54.44397],[92.40531,54.44624],[92.40897,54.44782],[92.41709,54.44889],[92.42758,54.44824],[92.46011,54.44236],[92.4737,54.44374],[92.47584,54.44802],[92.48718,54.45392],[92.53727,54.45446],[92.54579,54.45178],[92.54862,54.44803],[92.55544,54.44922],[92.55788,54.44204],[92.56257,54.43959]],[[92.32937,56.23325],[92.32388,56.23318],[92.32416,56.23596],[92.32684,56.23786]],[[92.44545,58.25242],[92.43605,58.24799],[92.39554,58.25888],[92.38565,58.25934],[92.3791,58.258],[92.37046,58.25823],[92.35149,58.25344],[92.35006,58.25094],[92.34254,58.24796]],[[92.34551,53.27369],[92.36617,53.27346],[92.4041,53.2755]],[[92.36481,55.96552],[92.36019,55.96597],[92.34677,55.96372]],[[92.35224,58.43219],[92.37135,58.43365],[92.38964,58.4328],[92.39335,58.43623],[92.39997,58.43607],[92.40783,58.4391],[92.41027,58.44201],[92.41429,58.44393],[92.42367,58.44733],[92.44698,58.44905],[92.44946,58.44994],[92.45362,58.45475],[92.45558,58.4554],[92.45848,58.45513],[92.46633,58.45055],[92.47087,58.44497],[92.47826,58.44382],[92.49752,58.44633],[92.50965,58.44937],[92.51865,58.45347]],[[92.36062,55.95596],[92.36533,55.95642],[92.36866,55.95637],[92.37531,55.95619],[92.38141,55.95471],[92.38538,55.9562]],[[92.39323,58.3008],[92.3804,58.30085],[92.37875,58.30088],[92.37699,58.30089],[92.3753,58.30091],[92.37369,58.30093],[92.3705,58.30094],[92.36406,58.30089],[92.36331,58.30096]],[[92.36481,55.96552],[92.36589,55.96751],[92.37161,55.96779],[92.39149,55.96597],[92.39213,55.96361]],[[92.3918,55.96475],[92.36481,55.96552]],[[92.36562,55.96359],[92.374,55.95979],[92.38419,55.95956]],[[92.366,53.27657],[92.37476,53.2764],[92.39491,53.27721],[92.39811,53.27739],[92.40032,53.27746],[92.40368,53.2776],[92.40384,53.27761],[92.40399,53.27761],[92.41102,53.27796],[92.4109,53.28082],[92.41289,53.2827],[92.41257,53.28404],[92.41538,53.28524],[92.41972,53.28544],[92.43081,53.28276]],[[92.36876,55.95793],[92.36866,55.95756],[92.36863,55.95709],[92.36866,55.95649],[92.36866,55.95637],[92.36865,55.95626],[92.36853,55.95476]],[[92.3933,58.29172],[92.37083,58.29153]],[[92.37967,55.96404],[92.37576,55.96261]],[[92.37708,58.29164],[92.37699,58.30089],[92.37739,58.30907]],[[92.37981,55.94998],[92.37997,55.95297]],[[92.38163,55.96399],[92.38529,55.96238]],[[92.41728,53.11742],[92.43828,53.11924],[92.44981,53.12701],[92.45132,53.13391],[92.44878,53.13997],[92.45298,53.14658],[92.45495,53.15526],[92.46178,53.16209],[92.46272,53.16432],[92.45032,53.17296],[92.44974,53.18261],[92.45073,53.18807],[92.4471,53.19217],[92.44131,53.19496],[92.44045,53.1995],[92.43357,53.20563],[92.43421,53.20999],[92.43253,53.21613],[92.42779,53.22146],[92.42759,53.23291],[92.42556,53.23771],[92.41927,53.24082],[92.42003,53.24222],[92.41819,53.24433],[92.41414,53.24642],[92.38897,53.25181]],[[92.39213,55.96361],[92.39142,55.96298]],[[92.39283,55.96274],[92.39213,55.96361]],[[92.68852,53.90907],[92.6914,53.91335],[92.69275,53.92082],[92.68453,53.93114],[92.6771,53.93443],[92.67072,53.94079],[92.65406,53.94936],[92.65018,53.9531],[92.64188,53.95665],[92.63157,53.95929],[92.62879,53.96356],[92.60546,53.9742],[92.59994,53.98573],[92.59264,53.99535],[92.59057,54.001],[92.58964,54.01725],[92.59672,54.02884],[92.59132,54.03735],[92.59085,54.03973],[92.60022,54.04181],[92.60177,54.04315],[92.60348,54.06345],[92.61569,54.07613],[92.60684,54.08501],[92.60492,54.09259],[92.60224,54.09716],[92.59475,54.09983],[92.59066,54.10748],[92.58104,54.11089],[92.57782,54.11566],[92.57172,54.11816],[92.57566,54.12588],[92.57067,54.13237],[92.57416,54.13716],[92.57294,54.14148],[92.56806,54.14677],[92.55344,54.15255],[92.55157,54.15427],[92.56711,54.16914],[92.57904,54.17024],[92.58076,54.1718],[92.57643,54.18475],[92.5795,54.19051],[92.57844,54.19613],[92.58331,54.21004],[92.58255,54.21217],[92.58625,54.21859],[92.58594,54.22344],[92.58209,54.22629],[92.58265,54.23194],[92.58494,54.23534],[92.57583,54.23942],[92.57063,54.24534],[92.56991,54.25143],[92.5713,54.25247],[92.57008,54.25917],[92.57028,54.26597],[92.56712,54.2796],[92.54702,54.28624],[92.54294,54.28923],[92.52285,54.29295],[92.51423,54.29256],[92.50329,54.29376],[92.49101,54.29005],[92.48087,54.29158],[92.47417,54.28994],[92.46634,54.29542],[92.45814,54.2953],[92.44949,54.29998],[92.43703,54.30067],[92.43073,54.29971],[92.42836,54.29921],[92.42659,54.29694],[92.41934,54.29305],[92.40542,54.29078],[92.39849,54.29044],[92.39559,54.2932]],[[92.4041,53.2755],[92.40385,53.27749],[92.40384,53.27761],[92.40384,53.27772],[92.40356,53.27978],[92.403,53.28475],[92.40262,53.2891]],[[92.41238,53.28448],[92.41307,53.2843]],[[92.42013,53.2937],[92.4237,53.29629],[92.43008,53.29842],[92.43791,53.30969],[92.44066,53.3107],[92.44283,53.31307],[92.45557,53.31929],[92.46325,53.3217],[92.4678,53.33074],[92.46649,53.33537],[92.46932,53.34442]],[[92.44045,56.21528],[92.44142,56.21663],[92.44637,56.21842],[92.45334,56.22894],[92.46238,56.23855]],[[92.44139,56.09666],[92.44598,56.0963],[92.44806,56.09928],[92.45258,56.09866],[92.45241,56.10113],[92.45502,56.10196],[92.45478,56.10326]],[[92.64087,58.18225],[92.63489,58.17896],[92.62897,58.17384],[92.62099,58.17017],[92.61795,58.16988],[92.61443,58.17099],[92.60491,58.17287],[92.60113,58.17254],[92.59629,58.17397],[92.57868,58.18215],[92.57081,58.19406],[92.57214,58.19503],[92.58146,58.19575],[92.58698,58.19834],[92.59292,58.19942],[92.59039,58.20655],[92.58346,58.20927],[92.56604,58.2084],[92.55814,58.21111],[92.54634,58.2232],[92.5346,58.23964],[92.53395,58.24674],[92.52982,58.25648],[92.52589,58.26086],[92.52125,58.26375],[92.5057,58.26804],[92.4946,58.26829],[92.47392,58.26642],[92.46639,58.26727],[92.46081,58.26947],[92.45061,58.28038],[92.44684,58.28866],[92.44736,58.2954]],[[92.46375,58.24096],[92.46442,58.24112]],[[92.46401,58.2413],[92.46375,58.24096]],[[92.46375,58.24096],[92.46259,58.23985],[92.46958,58.2325]],[[92.46598,58.24732],[92.47296,58.24635],[92.48907,58.23913],[92.50142,58.22957],[92.51376,58.2229],[92.515,58.22102],[92.52063,58.19639]],[[92.48257,58.17365],[92.48206,58.16896],[92.47957,58.16456],[92.48169,58.15908],[92.47947,58.15645],[92.47026,58.15017]],[[92.47229,58.22959],[92.47692,58.22458]],[[92.47692,58.22458],[92.47942,58.22543],[92.47835,58.22714]],[[92.48257,58.17365],[92.4814,58.17747],[92.47761,58.18067],[92.48026,58.18295],[92.48133,58.1856],[92.48166,58.19373],[92.48849,58.19745],[92.48963,58.20081],[92.48082,58.21696],[92.48172,58.21808],[92.47692,58.22458]],[[92.48776,57.61738],[92.49518,57.61185],[92.49003,57.60565],[92.48695,57.59523],[92.48625,57.58771],[92.48772,57.58425],[92.47972,57.5777],[92.47975,57.575]],[[92.53563,58.17103],[92.53267,58.1699],[92.52433,58.16798],[92.51503,58.16678],[92.50779,58.16744],[92.49905,58.1713],[92.48665,58.17367],[92.48257,58.17365]],[[92.48574,56.07373],[92.49525,56.07395],[92.50073,56.07261],[92.50667,56.06791],[92.5119,56.0658],[92.53681,56.06524],[92.54057,56.06705],[92.54561,56.0672],[92.55588,56.06581]],[[92.52577,55.90144],[92.52203,55.89778],[92.50104,55.89566],[92.49414,55.90602],[92.50457,55.91165],[92.50429,55.91432],[92.50024,55.91539],[92.49103,55.91311],[92.48672,55.91365],[92.47519,55.92238],[92.47354,55.93126],[92.47406,55.93385],[92.48619,55.94131]],[[92.48647,53.2528],[92.49431,53.27165],[92.51191,53.28726],[92.53703,53.30375],[92.53852,53.306],[92.53762,53.31027],[92.53932,53.3122],[92.56399,53.32013],[92.59885,53.32199],[92.60672,53.32386],[92.60864,53.32711],[92.62505,53.3262]],[[92.51833,58.19435],[92.51781,58.19417],[92.51693,58.19415]],[[92.51731,58.19353],[92.51833,58.19435]],[[92.51833,58.19435],[92.51733,58.19475]],[[92.51833,58.19435],[92.52063,58.19639]],[[92.52063,58.19639],[92.52201,58.19168]],[[92.52183,56.17345],[92.52117,56.17325]],[[92.52178,56.17311],[92.52201,56.17341],[92.52378,56.17571],[92.52562,56.17624],[92.52577,56.17635],[92.52571,56.17653],[92.52323,56.17706],[92.52316,56.17699],[92.52305,56.17686],[92.52308,56.17676],[92.52362,56.17576],[92.52183,56.17345],[92.5216,56.17315]],[[92.52161,53.46151],[92.53895,53.45953],[92.54051,53.46029],[92.54995,53.45726],[92.55956,53.45878],[92.56293,53.45549],[92.56727,53.45467],[92.58323,53.45665],[92.62209,53.46423],[92.63694,53.47526],[92.63998,53.48546],[92.66182,53.49202],[92.66362,53.49501],[92.66311,53.50271],[92.67101,53.50791],[92.682,53.51214],[92.68329,53.51552],[92.6892,53.52045],[92.71279,53.52827],[92.71931,53.52855],[92.72428,53.53036],[92.73487,53.5368],[92.73736,53.54011],[92.73497,53.54249],[92.73515,53.546],[92.74156,53.54967],[92.79951,53.56243],[92.8211,53.58163],[92.82188,53.58269],[92.82216,53.58298],[92.82319,53.58384],[92.82325,53.5839],[92.82381,53.58443],[92.82436,53.5851],[92.8297,53.59211],[92.85337,53.59832],[92.86265,53.60337]],[[92.5222,56.17301],[92.52201,56.17341]],[[92.53839,58.17772],[92.5309,58.18499],[92.52669,58.19238],[92.52201,58.19168]],[[92.52201,58.19168],[92.52806,58.18143],[92.53376,58.17632]],[[92.53336,56.17452],[92.52577,56.17635],[92.52316,56.17699]],[[92.52489,58.1777],[92.52291,58.17604],[92.52146,58.17233],[92.52518,58.1682]],[[92.53111,56.04685],[92.54443,56.04761]],[[92.53112,54.10638],[92.53387,54.10721],[92.53645,54.11012],[92.53921,54.10967],[92.56453,54.11343],[92.57473,54.11599],[92.57647,54.1156],[92.57676,54.11369],[92.5796,54.11238]],[[92.73908,56.48874],[92.72335,56.48727],[92.69866,56.48689],[92.67992,56.48338],[92.65474,56.48622],[92.62744,56.4862],[92.61926,56.482],[92.61048,56.48163],[92.58656,56.48456],[92.56753,56.49092],[92.5502,56.48774],[92.53425,56.49092]],[[92.58964,54.01725],[92.58186,54.01571],[92.56914,54.01096],[92.55811,54.01138]],[[92.70323,56.51775],[92.69629,56.52311],[92.6877,56.5268],[92.65135,56.53322],[92.64611,56.53735],[92.6443,56.54075],[92.63884,56.54108],[92.62578,56.54599],[92.62328,56.54975],[92.61534,56.55511],[92.61072,56.55673],[92.61072,56.55903],[92.60789,56.56161],[92.59037,56.56022],[92.58454,56.56255]],[[92.5849,56.28295],[92.59375,56.28552],[92.59836,56.29154],[92.60587,56.29424],[92.60417,56.29959],[92.59835,56.30629]],[[92.5849,56.28295],[92.5718,56.28747],[92.5692,56.29147],[92.56904,56.29796],[92.5654,56.30353],[92.5627,56.30573],[92.55337,56.30701],[92.551,56.30829],[92.54906,56.31089],[92.54123,56.3164],[92.53936,56.32174],[92.52738,56.32655],[92.51524,56.32908],[92.49676,56.33043],[92.48911,56.33352],[92.48636,56.33741],[92.48222,56.34045],[92.47755,56.35234],[92.48277,56.35682],[92.49224,56.3597],[92.49893,56.36369],[92.50546,56.37281],[92.51389,56.3793],[92.51965,56.38086],[92.52864,56.39013],[92.54018,56.39491],[92.54831,56.40123],[92.55535,56.40419],[92.55813,56.40967],[92.5572,56.41202],[92.55741,56.42015],[92.57967,56.42199],[92.59596,56.42882],[92.61108,56.43072],[92.62645,56.43651],[92.63129,56.44047],[92.63836,56.44344],[92.64499,56.44287],[92.65324,56.44472],[92.66071,56.44321],[92.66315,56.44547],[92.66323,56.4497],[92.66465,56.4515],[92.68276,56.45661],[92.70035,56.46819],[92.71748,56.47091],[92.74288,56.47702],[92.74867,56.47943]],[[92.67433,56.17213],[92.67364,56.17462],[92.679,56.17631],[92.68035,56.17857],[92.67544,56.18229],[92.67514,56.18953],[92.67127,56.19581],[92.66517,56.19942],[92.64786,56.21538],[92.64249,56.22504],[92.63088,56.23281],[92.62223,56.24195],[92.61974,56.24698],[92.60905,56.25309],[92.59992,56.25609],[92.59834,56.26399],[92.5951,56.27092],[92.58967,56.27975],[92.5849,56.28295]],[[92.58896,54.01746],[92.58987,54.01781]],[[92.64087,58.18225],[92.59769,58.19345],[92.59421,58.19592],[92.59292,58.19942]],[[92.61812,54.0975],[92.61536,54.09852],[92.61207,54.10093],[92.60968,54.10305],[92.60711,54.1051],[92.60594,54.10947],[92.59773,54.11892],[92.59345,54.12668]],[[92.69612,54.15008],[92.69031,54.14502],[92.68634,54.14396],[92.67037,54.13399],[92.66215,54.13231],[92.6383,54.11628],[92.6248,54.11031],[92.61612,54.10466],[92.61129,54.10407],[92.61018,54.10341],[92.60968,54.10305],[92.60954,54.10283],[92.60664,54.10151],[92.60448,54.09825],[92.60174,54.09761]],[[92.60385,58.1539],[92.59851,58.15142],[92.60423,58.14753]],[[92.61741,56.17815],[92.61557,56.17785]],[[92.61608,58.17046],[92.61597,58.16724]],[[92.7275,56.15778],[92.72186,56.16094],[92.72041,56.16127],[92.71313,56.16272],[92.70338,56.16452],[92.69746,56.16584],[92.67977,56.1703],[92.67433,56.17213],[92.64513,56.17682],[92.63664,56.17972],[92.63008,56.18044],[92.61741,56.17815]],[[92.61904,56.17754],[92.61741,56.17815]],[[92.62063,53.84793],[92.62808,53.85008],[92.6354,53.84832],[92.65162,53.83961],[92.65874,53.83717],[92.67713,53.83993]],[[92.91043,60.30923],[92.89996,60.31146],[92.89526,60.31546],[92.89156,60.31512],[92.88459,60.31078],[92.86994,60.30547],[92.85938,60.30647],[92.83034,60.31354],[92.80275,60.3108],[92.79168,60.31303],[92.7641,60.32253],[92.75817,60.32656],[92.7482,60.32934],[92.7424,60.33277],[92.72888,60.33707],[92.72111,60.34238],[92.71438,60.34342],[92.70597,60.34752],[92.69938,60.34937],[92.68698,60.35798],[92.67641,60.3604],[92.6712,60.36287],[92.66152,60.36467],[92.64262,60.37232],[92.63873,60.37208],[92.62954,60.37586]],[[92.63906,58.08355],[92.64955,58.09146],[92.64863,58.09276],[92.65777,58.09781],[92.66048,58.10096],[92.66038,58.10479],[92.66236,58.10699],[92.66782,58.10974],[92.66728,58.11123],[92.6581,58.11695],[92.65801,58.11837],[92.66138,58.12013],[92.68262,58.12215]],[[92.64087,58.18225],[92.6606,58.1775],[92.69669,58.16445],[92.70161,58.16144],[92.70291,58.15888],[92.70349,58.15186],[92.70875,58.14695],[92.70835,58.14306],[92.70035,58.13842],[92.6756,58.13449]],[[92.6455,53.54357],[92.64605,53.54175],[92.64982,53.53817],[92.68886,53.54107],[92.72,53.54112],[92.73506,53.54234]],[[92.64842,56.6466],[92.64906,56.64486],[92.64568,56.64043],[92.64731,56.63791],[92.64681,56.63604],[92.65409,56.63004],[92.655,56.62416],[92.67098,56.61721],[92.67223,56.61563],[92.67208,56.61149],[92.67676,56.60585],[92.68566,56.60279],[92.6887,56.60055],[92.70887,56.59482],[92.71335,56.5847],[92.72048,56.57827],[92.72086,56.57462],[92.7235,56.56937],[92.7225,56.5651],[92.72057,56.56278],[92.70926,56.55765],[92.71193,56.54891],[92.70019,56.54261],[92.69472,56.53435],[92.69583,56.53204],[92.70075,56.52946],[92.7011,56.52534],[92.70353,56.52172],[92.70323,56.51775],[92.71774,56.50614],[92.72623,56.49733],[92.73457,56.49284],[92.73839,56.48949],[92.73908,56.48874],[92.74355,56.48402],[92.74377,56.48383],[92.74687,56.48007],[92.74719,56.47989],[92.74915,56.4793],[92.75335,56.47773],[92.7563,56.47646],[92.75697,56.47579],[92.76303,56.4701],[92.77247,56.46275],[92.77737,56.44548],[92.78206,56.4419],[92.79172,56.43103],[92.80759,56.41899],[92.8128,56.41192],[92.81561,56.40556],[92.83781,56.38478],[92.83788,56.38174],[92.82935,56.37048],[92.82956,56.36915]],[[92.65347,56.1678],[92.65648,56.17147],[92.66999,56.17087],[92.67632,56.16893],[92.68158,56.16762],[92.69174,56.16535],[92.69648,56.16449],[92.70504,56.16261],[92.71704,56.16069],[92.71763,56.16182]],[[92.66658,56.04675],[92.67032,56.05198],[92.68184,56.06208]],[[92.83636,56.36825],[92.78748,56.33602],[92.76891,56.32732],[92.76786,56.31971],[92.76854,56.31499],[92.74953,56.30231],[92.74807,56.30027],[92.7508,56.29632],[92.74934,56.28556],[92.75072,56.27848],[92.7502,56.26868],[92.74454,56.25523],[92.74373,56.24769],[92.73006,56.22652],[92.71879,56.2133],[92.71705,56.21017],[92.71798,56.20639],[92.70857,56.20177],[92.67376,56.19842],[92.66968,56.19684]],[[92.67183,56.16291],[92.67023,56.16294]],[[92.6715,56.16257],[92.67183,56.16291],[92.67204,56.16306],[92.67456,56.16471],[92.67703,56.16702],[92.67495,56.16761],[92.67632,56.16893]],[[92.67205,56.17028],[92.67408,56.17217]],[[92.67459,56.17238],[92.67504,56.17189]],[[92.6756,58.13449],[92.67502,58.13456]],[[92.67525,58.13429],[92.6756,58.13449]],[[92.68267,56.06287],[92.69295,56.07315],[92.69517,56.07676],[92.70396,56.07727]],[[92.68285,53.89668],[92.68312,53.8961]],[[92.68304,53.89652],[92.68335,53.89646]],[[92.72438,53.88689],[92.72328,53.8863],[92.72293,53.88611],[92.7229,53.8861],[92.72251,53.88594],[92.6987,53.88379],[92.67793,53.88402],[92.67891,53.88942],[92.68103,53.89263],[92.68249,53.895],[92.68335,53.89646],[92.6835,53.89676]],[[92.68852,53.90907],[92.68839,53.90865]],[[92.68869,53.9087],[92.68852,53.90907]],[[92.69334,56.15961],[92.69116,56.15928]],[[92.69746,56.16584],[92.69648,56.16449],[92.69589,56.16384],[92.69435,56.16162],[92.69377,56.16063],[92.69367,56.16044],[92.69357,56.16018],[92.69334,56.15961],[92.69331,56.15955],[92.69324,56.15934]],[[93.18244,57.44473],[93.17363,57.44372],[93.15578,57.44849],[93.14725,57.44964],[93.12524,57.44796],[93.1098,57.45119],[93.0997,57.4513],[93.08929,57.45589],[93.08746,57.45854],[93.08312,57.45779],[93.07379,57.45268],[93.06701,57.44741],[93.06543,57.44303],[93.0614,57.43896],[93.05858,57.42908],[93.05601,57.42693],[93.05662,57.42349],[93.05354,57.42233],[93.04178,57.41367],[93.03926,57.41069],[93.03548,57.40228],[93.01098,57.39521],[92.98597,57.39773],[92.9708,57.40227],[92.93809,57.40875],[92.91942,57.40817],[92.90735,57.40474],[92.89785,57.40761],[92.88897,57.41726],[92.87168,57.42443],[92.86274,57.42979],[92.84762,57.42792],[92.83034,57.42941],[92.81977,57.42764],[92.78771,57.41771],[92.77679,57.41076],[92.73422,57.39514],[92.71554,57.38549],[92.71077,57.3817]],[[92.71205,56.1108],[92.72377,56.10967],[92.73064,56.10662]],[[92.72301,53.88675],[92.72328,53.8863]],[[92.7275,56.15778],[92.72674,56.15748]],[[92.72904,56.15531],[92.7275,56.15778]],[[92.73447,56.10657],[92.73264,56.1065]],[[92.73316,56.10583],[92.73447,56.10657]],[[92.74041,56.10697],[92.73447,56.10657]],[[92.73668,56.13918],[92.73533,56.14086]],[[92.73562,56.13811],[92.73568,56.13938],[92.73668,56.13918]],[[92.97496,56.20318],[92.93158,56.19643],[92.91544,56.19662],[92.91154,56.19444],[92.90747,56.18977],[92.8943,56.18353],[92.88453,56.17585],[92.88039,56.17511],[92.87614,56.17441],[92.873,56.17389],[92.85917,56.17251],[92.842,56.17252],[92.81695,56.16959],[92.81606,56.1684],[92.81924,56.15547],[92.80681,56.15005],[92.78107,56.14502],[92.77234,56.14204],[92.76966,56.13805],[92.76136,56.13689],[92.75672,56.13766],[92.74261,56.13675],[92.73668,56.13918]],[[92.76043,56.08544],[92.75354,56.09128],[92.74094,56.10601],[92.74041,56.10697],[92.7399,56.10828],[92.738,56.11455],[92.73737,56.1198]],[[92.97509,56.76214],[92.92238,56.77057],[92.90568,56.77528],[92.87029,56.7759],[92.84278,56.77119],[92.82052,56.77125],[92.80907,56.76696],[92.78278,56.76171],[92.77147,56.75823],[92.7583,56.76025],[92.75399,56.75952],[92.73928,56.76389]],[[92.82956,56.36915],[92.81592,56.37214],[92.79595,56.37151],[92.7867,56.37564],[92.77259,56.37766],[92.75633,56.37546],[92.74961,56.37089],[92.74946,56.36969],[92.74085,56.36691]],[[92.74443,56.13374],[92.7413,56.13341]],[[92.74436,53.67706],[92.75835,53.68076],[92.76368,53.68394],[92.76864,53.69179],[92.77396,53.69457],[92.77651,53.69797],[92.78493,53.70315],[92.78644,53.70596],[92.78641,53.71136],[92.78808,53.71316],[92.81059,53.72058]],[[92.74455,56.13683],[92.74443,56.13374],[92.74452,56.13355],[92.74657,56.13335]],[[92.74588,53.88686],[92.76322,53.88407],[92.76926,53.88683],[92.77903,53.88552],[92.78922,53.88088],[92.79815,53.87879]],[[92.75691,56.04132],[92.74681,56.04125]],[[92.74681,56.04112],[92.75691,56.04109]],[[92.74775,56.05378],[92.7477,56.05379]],[[92.74859,56.02419],[92.7427,56.02828],[92.74197,56.03083],[92.75504,56.03093],[92.75522,56.0262],[92.75638,56.02407]],[[92.74859,56.02419],[92.74912,56.02363]],[[92.75029,56.02311],[92.74953,56.02367],[92.74859,56.02419]],[[92.74944,56.02344],[92.74912,56.02363]],[[92.74912,56.02363],[92.74916,56.02348],[92.74944,56.02344]],[[92.74944,56.02344],[92.7499,56.02305]],[[92.75007,53.59165],[92.78585,53.58629],[92.82325,53.5839]],[[92.98059,56.43507],[92.95136,56.43056],[92.9075,56.43145],[92.90079,56.4307],[92.89651,56.43075],[92.89646,56.4401],[92.89544,56.44104],[92.87426,56.45009],[92.85563,56.45624],[92.84242,56.46351],[92.83227,56.46558],[92.80046,56.47527],[92.79092,56.47687],[92.77743,56.47836],[92.7563,56.47646]],[[92.75691,56.04109],[92.76513,56.04036]],[[92.75691,56.04132],[92.75691,56.04109]],[[92.76513,56.04036],[92.76027,56.04127],[92.75924,56.04133],[92.75691,56.04132]],[[92.75748,56.47602],[92.75697,56.47579]],[[92.76241,55.98479],[92.75766,55.99002]],[[92.76147,54.14677],[92.7614,54.14656]],[[92.76322,53.88407],[92.76955,53.88092],[92.78595,53.87691],[92.79441,53.87695],[92.79815,53.87879]],[[92.76758,56.03982],[92.76513,56.04036]],[[92.87357,57.59773],[92.8591,57.59551],[92.85847,57.59407],[92.85909,57.58886],[92.8628,57.58452],[92.86656,57.57423],[92.86634,57.56719],[92.86116,57.55325],[92.86326,57.54691],[92.86004,57.54507],[92.86248,57.54194],[92.86223,57.53962],[92.86372,57.53712],[92.86078,57.53238],[92.8553,57.52961],[92.8472,57.52893],[92.83526,57.53226],[92.83094,57.53198],[92.82839,57.53477],[92.82177,57.53874],[92.81575,57.53926],[92.80223,57.53706],[92.79631,57.53768],[92.77952,57.53227],[92.77755,57.52514],[92.77923,57.51973],[92.76699,57.51283]],[[92.76758,56.03982],[92.76885,56.03943]],[[92.76892,56.03965],[92.76758,56.03982]],[[92.77146,56.0183],[92.77038,56.01806]],[[92.77146,56.0183],[92.7712,56.01793]],[[92.78505,56.02468],[92.7799,56.0219],[92.77411,56.02127],[92.77146,56.0183]],[[92.77403,53.37561],[92.77884,53.37706],[92.77603,53.38101],[92.77525,53.38583],[92.77894,53.38641],[92.78535,53.38534],[92.7908,53.38632],[92.79617,53.38314],[92.8083,53.38393],[92.81082,53.38585],[92.80865,53.38959],[92.81042,53.39318],[92.82447,53.39847],[92.84119,53.39896],[92.87619,53.39507],[92.89919,53.39523],[92.92553,53.40285]],[[92.775,57.04887],[92.77776,57.04697],[92.78386,57.0456],[92.79775,57.04447],[92.80701,57.03609],[92.82387,57.03751],[92.83222,57.0326],[92.83959,57.02514],[92.84701,57.0249],[92.85627,57.02148],[92.86924,57.02181],[92.88093,57.01926],[92.9012,57.0202],[92.90855,57.02259],[92.92099,57.02344],[92.95669,57.0174],[92.97299,57.01191],[92.9817,57.00422],[93.00861,56.9935],[93.00997,56.99172],[93.00914,56.98893],[93.01549,56.98232],[93.01896,56.9763],[93.02654,56.97025],[93.03579,56.95971],[93.03869,56.95807],[93.04722,56.95688],[93.05707,56.95949],[93.08371,56.96183],[93.09743,56.95823],[93.10609,56.95734]],[[92.77695,54.12364],[92.78444,54.12718],[92.78473,54.12923],[92.79065,54.13075],[92.79725,54.13427],[92.80701,54.13657],[92.81211,54.14067],[92.81915,54.14271],[92.82572,54.14642],[92.83596,54.14701],[92.84171,54.14953],[92.84257,54.15089],[92.85458,54.1555],[92.87075,54.15948],[92.8797,54.15876],[92.88804,54.15969],[92.8995,54.15719],[92.9196,54.1498],[92.93614,54.14649],[92.94591,54.14234],[92.94751,54.13972],[92.95628,54.13533]],[[92.77695,54.12364],[92.77412,54.12642],[92.77576,54.12678],[92.77342,54.12977],[92.7752,54.13258],[92.77473,54.13681],[92.77587,54.14126],[92.77534,54.1417],[92.76226,54.14645],[92.76147,54.14677],[92.76105,54.14704],[92.75405,54.15634],[92.75499,54.16246],[92.75814,54.16289],[92.75782,54.16405],[92.75933,54.16566],[92.75921,54.16989],[92.77783,54.19402],[92.78553,54.2005],[92.78177,54.20708],[92.79076,54.20979],[92.79573,54.21409],[92.808,54.21638],[92.81038,54.21898],[92.81527,54.2182],[92.81667,54.21932],[92.81941,54.21824]],[[92.80687,53.93535],[92.80175,53.94205],[92.80265,53.94663],[92.80155,53.94825],[92.77459,53.96479],[92.77856,53.98655],[92.77569,53.99236],[92.77481,53.99774],[92.78217,54.0093],[92.79106,54.01991],[92.79946,54.02602],[92.81339,54.03283],[92.81471,54.03829],[92.806,54.04861],[92.80426,54.05816],[92.79958,54.06338],[92.78705,54.07286],[92.78128,54.08131],[92.77509,54.08635],[92.77325,54.09081],[92.77084,54.09297],[92.77208,54.09422],[92.77033,54.09689],[92.77161,54.10051],[92.77633,54.10292],[92.78034,54.10831],[92.77929,54.11823],[92.77624,54.12178],[92.77695,54.12364]],[[92.8298,53.93639],[92.82339,53.93565],[92.81889,53.93456],[92.81438,53.93565],[92.80454,53.93525],[92.77899,53.93141]],[[92.78086,53.93128],[92.78079,53.93162]],[[93.103,56.91907],[93.08183,56.91998],[93.05431,56.91769],[93.03062,56.91707],[93.00895,56.91308],[93.00062,56.91011],[92.99003,56.90403],[92.97121,56.9027],[92.93338,56.89783],[92.91087,56.90295],[92.895,56.90481],[92.87668,56.90192],[92.85421,56.90673],[92.84555,56.90767],[92.82825,56.90712],[92.80161,56.91019],[92.79125,56.9151],[92.78436,56.9214],[92.78445,56.92318],[92.78907,56.92457],[92.78868,56.92936],[92.783,56.93027]],[[92.78505,56.02468],[92.78398,56.02467]],[[92.78762,56.02522],[92.78505,56.02468]],[[92.78524,56.02393],[92.78762,56.02522]],[[92.8017,56.02406],[92.79379,56.02855],[92.78762,56.02522]],[[92.78762,56.02522],[92.79633,56.0201]],[[92.79633,56.0201],[92.7963,56.01973]],[[92.79633,56.0201],[92.7968,56.01995]],[[92.8224,53.23858],[92.81911,53.24131],[92.808,53.2443],[92.79739,53.24113]],[[92.79815,53.87879],[92.80235,53.87868],[92.82324,53.86881],[92.83119,53.86759],[92.84332,53.86074],[92.84671,53.85502],[92.8546,53.83778],[92.86885,53.81989],[92.87096,53.81488],[92.87675,53.81635],[92.88999,53.8162],[92.91525,53.82252],[92.92077,53.82225],[92.95153,53.82794],[92.97398,53.82582],[92.99169,53.82557],[93.00677,53.82744],[93.02355,53.83005],[93.02432,53.83154],[93.02226,53.8353],[93.02299,53.83698],[93.02647,53.83807],[93.03984,53.84788],[93.07201,53.85303],[93.08667,53.86042],[93.10098,53.86494],[93.10345,53.86744],[93.10819,53.8674],[93.12093,53.87052],[93.12727,53.87495],[93.13811,53.87811],[93.14035,53.87949],[93.14009,53.88173],[93.1489,53.88563],[93.14902,53.89469],[93.15229,53.89859],[93.16176,53.89891],[93.17209,53.90682],[93.18113,53.91066],[93.1855,53.91136],[93.19413,53.90735],[93.19906,53.90669],[93.23958,53.91362],[93.26134,53.92423],[93.27059,53.93102],[93.27779,53.93368],[93.28868,53.94022],[93.29837,53.9407],[93.33734,53.95086],[93.34016,53.95362],[93.34092,53.95977],[93.37618,53.96164],[93.40886,53.95957],[93.41505,53.96136],[93.41924,53.9602],[93.42169,53.95618],[93.4302,53.94985],[93.43046,53.94846],[93.42649,53.9455],[93.42885,53.94321],[93.43689,53.9398],[93.45637,53.93436],[93.49877,53.93127],[93.51389,53.92791],[93.52215,53.92926],[93.53065,53.92762],[93.54497,53.92717],[93.56081,53.92378],[93.56087,53.92178],[93.56318,53.91922],[93.57676,53.91359],[93.58917,53.91381],[93.6022,53.9124],[93.63212,53.91492],[93.64775,53.91062],[93.6698,53.91126],[93.68178,53.90946],[93.69533,53.90897],[93.70691,53.89481],[93.71887,53.89085],[93.72432,53.88518],[93.74931,53.87505],[93.75106,53.87107],[93.75059,53.86962],[93.75351,53.86505],[93.75567,53.85508],[93.76537,53.84689],[93.77656,53.84254],[93.78018,53.83909],[93.78845,53.8369],[93.79391,53.82592],[93.80493,53.81959],[93.81304,53.81183],[93.81841,53.80827],[93.82536,53.80589],[93.83967,53.80428],[93.84823,53.80486],[93.86118,53.80009],[93.87123,53.79902],[93.87063,53.79773],[93.87217,53.79423],[93.8836,53.79104],[93.8928,53.78173],[93.89832,53.778],[93.90284,53.77707],[93.90433,53.77525]],[[92.82319,56.02392],[92.82305,56.02584],[92.80547,56.02536],[92.8017,56.02406]],[[92.8017,56.02406],[92.80304,56.02326]],[[92.81059,53.72058],[92.82106,53.7316],[92.81913,53.73493],[92.81999,53.73793],[92.81369,53.73861]],[[92.81059,53.72058],[92.81939,53.71891],[92.82956,53.72397],[92.8364,53.72198],[92.84443,53.72688],[92.8613,53.73007],[92.86797,53.73014],[92.87308,53.73443],[92.88222,53.73504],[92.89054,53.73886],[92.89723,53.74492],[92.90167,53.74678],[92.91547,53.76324]],[[92.8145,55.99517],[92.83199,56.00114],[92.83126,56.00322],[92.8332,56.00592]],[[92.82191,56.58264],[92.82933,56.57879],[92.83544,56.57112],[92.84154,56.566],[92.85015,56.56225],[92.86638,56.54754],[92.87173,56.54338],[92.87673,56.54155],[92.90356,56.53741],[92.91359,56.53934],[92.91499,56.538],[92.9188,56.53755],[92.94541,56.53656],[92.98954,56.54086],[93.01581,56.53883],[93.03292,56.53993],[93.03635,56.54208]],[[92.82688,53.93599],[92.82715,53.93562]],[[92.83636,56.36825],[92.82956,56.36915]],[[92.83855,56.06345],[92.83035,56.06382]],[[92.8332,56.00592],[92.83774,56.00618]],[[92.8332,56.00592],[92.83746,56.00773],[92.83774,56.00618]],[[92.83681,56.06237],[92.8351,56.06148]],[[92.83561,56.06157],[92.83681,56.06237]],[[92.83572,56.02531],[92.83773,56.0234],[92.84291,56.02136],[92.84387,56.01624]],[[92.9956,56.34225],[92.97358,56.33772],[92.95735,56.33183],[92.9488,56.32583],[92.94408,56.32526],[92.89606,56.33915],[92.87922,56.33944],[92.87497,56.34444],[92.8533,56.36214],[92.84208,56.36703],[92.83636,56.36825]],[[92.83681,56.06237],[92.83831,56.06321]],[[92.83774,56.00618],[92.84225,56.00639]],[[92.83831,56.06321],[92.83977,56.06436]],[[92.83855,56.06345],[92.83831,56.06321]],[[92.83921,56.06451],[92.83855,56.06345]],[[92.83921,56.06451],[92.83977,56.06436],[92.83993,56.06478],[92.83942,56.06485],[92.83921,56.06451]],[[92.83992,56.06567],[92.83933,56.06479]],[[92.83992,56.06567],[92.84363,56.06954],[92.84135,56.07165]],[[92.83993,56.06478],[92.83992,56.06567]],[[92.84183,56.00896],[92.84232,56.00905]],[[92.87614,56.17441],[92.87474,56.18099],[92.86575,56.18146],[92.85221,56.18838],[92.85241,56.19228],[92.84976,56.19736],[92.84896,56.20216],[92.8463,56.20599],[92.84842,56.21094],[92.85095,56.22491],[92.84563,56.23334],[92.84437,56.23841]],[[92.84659,56.00926],[92.84539,56.01631]],[[92.84659,56.00926],[92.84877,56.00937],[92.84849,56.01091]],[[92.84659,56.00926],[92.84704,56.00662]],[[92.84763,53.66079],[92.85267,53.65274],[92.85228,53.64575],[92.85851,53.63849],[92.86498,53.62255],[92.86913,53.61681],[92.87399,53.61626],[92.87357,53.6139],[92.87222,53.61321],[92.87035,53.60281]],[[92.84985,53.84795],[92.84958,53.84854]],[[92.88873,53.65275],[92.88636,53.65485],[92.87966,53.65674],[92.87376,53.66016],[92.85972,53.65989],[92.85109,53.66201],[92.84959,53.66146]],[[92.85088,53.61487],[92.85124,53.61496]],[[92.85092,53.61515],[92.85462,53.61307],[92.8556,53.61237],[92.86265,53.60337]],[[92.85113,56.06906],[92.86827,56.07111]],[[92.85788,56.01657],[92.85322,56.01653]],[[92.868,56.07653],[92.86541,56.07621],[92.8633,56.0761],[92.86223,56.07595],[92.85855,56.07571],[92.85767,56.07561],[92.85441,56.07479]],[[92.8561,56.03752],[92.85688,56.03831],[92.85581,56.04073]],[[92.85678,56.00978],[92.85892,56.0099]],[[92.85767,56.07561],[92.85975,56.07023]],[[92.86279,56.01666],[92.85788,56.01657]],[[92.85892,56.0099],[92.85788,56.01657]],[[92.85944,56.00695],[92.85892,56.0099]],[[92.86153,56.07039],[92.85946,56.07577]],[[92.86265,53.60337],[92.87035,53.60281]],[[92.86279,56.01666],[92.86369,56.0117]],[[92.86594,56.01645],[92.86279,56.01666]],[[92.86322,56.04164],[92.86365,56.03778],[92.87953,56.03828]],[[92.88026,56.03067],[92.87211,56.03036],[92.87186,56.03306],[92.864,56.03296]],[[92.86415,56.00883],[92.86423,56.00696]],[[92.86582,56.0168],[92.86524,56.01651]],[[92.86561,56.01583],[92.8661,56.01555]],[[92.86594,56.01645],[92.86582,56.0168],[92.86578,56.01695],[92.86579,56.0175],[92.86653,56.02083]],[[92.86594,56.01645],[92.8661,56.01555]],[[92.8661,56.01555],[92.86761,56.00696]],[[92.87035,53.60281],[92.87559,53.60246],[92.87586,53.59658],[92.87962,53.59354],[92.88261,53.58767]],[[92.88261,53.58767],[92.87105,53.58631]],[[92.87105,53.58631],[92.87619,53.59605]],[[92.94208,53.13234],[92.94085,53.13629],[92.94154,53.13848],[92.94802,53.14215],[92.95008,53.14659],[92.95775,53.14902],[92.96778,53.15782],[92.96779,53.16071],[92.96254,53.16674],[92.95701,53.17106],[92.95265,53.18024],[92.95523,53.19009],[92.96065,53.19357],[92.96821,53.1958],[92.99501,53.19639],[93.00326,53.20053],[93.00522,53.20656],[93.01807,53.21373],[93.02509,53.21353],[93.02978,53.20796],[93.03696,53.20579],[93.04226,53.20574],[93.04375,53.20748],[93.04418,53.21156],[93.04759,53.21464],[93.04789,53.21737],[93.05169,53.22127],[93.06569,53.22244],[93.07813,53.22729],[93.08269,53.22612],[93.09282,53.21532],[93.11438,53.21582],[93.11855,53.21435],[93.12058,53.21213],[93.13012,53.21421],[93.13747,53.21807],[93.13309,53.21914],[93.13195,53.22259],[93.13262,53.2251],[93.13076,53.22906],[93.12638,53.2322],[93.12685,53.237],[93.12987,53.23883],[93.13088,53.24311],[93.13332,53.24545],[93.13453,53.24964],[93.13392,53.25514],[93.13644,53.25794],[93.13394,53.26318],[93.12945,53.26578],[93.12499,53.27314],[93.12303,53.27466],[93.1204,53.28159],[93.11434,53.28637],[93.11117,53.28756],[93.10886,53.29114],[93.1104,53.29621],[93.11564,53.29862],[93.12008,53.30332],[93.11656,53.31044],[93.11595,53.31499],[93.11343,53.31811],[93.11214,53.32544],[93.11793,53.33185],[93.12437,53.33617],[93.12527,53.33928],[93.11752,53.35576],[93.11732,53.36144],[93.10469,53.36076],[93.09713,53.36213],[93.05791,53.35895],[93.03329,53.35534],[93.02257,53.35782],[93.01221,53.36533],[92.98537,53.3799],[92.97222,53.38253],[92.96639,53.38565],[92.96417,53.39591],[92.95829,53.39988],[92.95125,53.40213],[92.95057,53.40372],[92.92725,53.4014],[92.92217,53.40827],[92.91667,53.40817],[92.90746,53.41145],[92.9028,53.41489],[92.89886,53.42075],[92.87534,53.43162],[92.87289,53.44261],[92.8673,53.44697],[92.85946,53.44877],[92.85408,53.45439],[92.85147,53.46],[92.84374,53.46319],[92.83452,53.46429],[92.82572,53.4708],[92.82647,53.50001],[92.82482,53.51049],[92.8337,53.51743],[92.83514,53.52184],[92.83598,53.53175],[92.84885,53.53967],[92.853,53.54582],[92.85063,53.5557],[92.85606,53.56548],[92.85853,53.56742],[92.87105,53.58631]],[[92.87647,58.12602],[92.87314,58.12117]],[[92.87984,56.06289],[92.87793,56.06475],[92.87369,56.06531],[92.87324,56.07636]],[[92.87889,56.04471],[92.87953,56.03828]],[[92.8925,56.03829],[92.87953,56.03828]],[[92.87953,56.03828],[92.88023,56.03095]],[[92.87984,56.06289],[92.87972,56.06242]],[[92.88026,56.06247],[92.87984,56.06289]],[[92.88026,56.03067],[92.88023,56.03095]],[[92.88091,56.0307],[92.88023,56.03095]],[[92.88091,56.0307],[92.88026,56.03067]],[[92.88088,56.0142],[92.8817,56.0086]],[[92.89926,56.03112],[92.88091,56.0307]],[[92.8817,56.0086],[92.88147,56.00801]],[[92.8817,56.0086],[92.88176,56.00808]],[[92.88253,56.00823],[92.8817,56.0086]],[[92.88261,53.58767],[92.89693,53.57177],[92.90258,53.56993],[92.91163,53.56949],[92.92099,53.56562],[92.93186,53.55883],[92.93848,53.55662],[92.94243,53.55179],[92.94587,53.54941],[92.95517,53.54948],[92.96618,53.54311],[92.98137,53.54053],[92.98903,53.53454],[93.00435,53.52698],[93.04822,53.53181],[93.05686,53.53575],[93.06082,53.53643],[93.08067,53.52951],[93.0819,53.52691],[93.07737,53.52134],[93.07557,53.51713],[93.08735,53.50028],[93.12693,53.47498],[93.1792,53.41418],[93.18914,53.40913],[93.21182,53.39095],[93.22531,53.38255],[93.23328,53.37491]],[[92.90432,56.02533],[92.90247,56.02638],[92.89573,56.0262],[92.88528,56.0236]],[[92.88568,56.01447],[92.88619,56.01128]],[[92.8889,56.02848],[92.89954,56.02879],[92.89926,56.03112]],[[92.89064,56.01431],[92.88929,56.01468]],[[92.89131,56.01149],[92.89119,56.01162],[92.89089,56.01304],[92.89086,56.01316],[92.89084,56.01327],[92.89064,56.01431],[92.89055,56.01474]],[[92.89196,56.04627],[92.8928,56.04655]],[[92.8928,56.04655],[92.89229,56.04693]],[[92.89405,56.04226],[92.89275,56.04234]],[[92.8928,56.04655],[92.89719,56.04378]],[[92.89294,56.04101],[92.89405,56.04226]],[[92.89405,56.04226],[92.89298,56.04172]],[[92.89719,56.04378],[92.89405,56.04226]],[[92.90352,56.04688],[92.89719,56.04378]],[[92.89719,56.04378],[92.90878,56.03657],[92.90843,56.03275],[92.90658,56.0324],[92.90647,56.03132]],[[92.90352,56.04688],[92.8979,56.05037]],[[92.89926,56.03112],[92.90647,56.03132]],[[92.90352,56.04688],[92.90754,56.04858],[92.90902,56.04929]],[[92.91258,56.05159],[92.90352,56.04688]],[[92.91987,56.03678],[92.90352,56.04688]],[[92.90432,56.02533],[92.90489,56.02505]],[[92.90522,56.02542],[92.9047,56.02528],[92.90432,56.02533]],[[92.90647,56.03132],[92.90748,56.03133]],[[92.90648,56.43139],[92.90729,56.44521],[92.90854,56.44875],[92.90821,56.45391],[92.90675,56.45556],[92.90657,56.45839],[92.90331,56.46227],[92.91548,56.47796],[92.92579,56.49388],[92.91495,56.50778],[92.91471,56.53189],[92.91662,56.53776]],[[92.90649,55.98891],[92.90401,55.99215],[92.94151,56.00035]],[[92.90669,56.04852],[92.90697,56.04834]],[[92.90748,56.03133],[92.91005,56.03143],[92.91011,56.03344]],[[92.90748,56.03133],[92.90758,56.02636]],[[92.90756,60.3094],[92.90756,60.30793]],[[92.90902,56.04929],[92.90859,56.0495]],[[92.90902,56.04929],[92.90932,56.04944]],[[92.90932,56.04944],[92.91301,56.05136]],[[92.90932,56.04944],[92.91139,56.04942]],[[92.91258,56.05159],[92.9098,56.05168]],[[92.91011,56.03344],[92.91127,56.03378]],[[92.91011,56.03344],[92.91014,56.03377]],[[92.91935,56.05498],[92.91258,56.05159]],[[92.91282,56.04979],[92.91301,56.05136]],[[92.91301,56.05136],[92.91974,56.05475]],[[92.91401,55.96978],[92.9133,55.96975]],[[92.9136,56.05855],[92.91935,56.05498]],[[92.93833,55.96915],[92.92806,55.96728],[92.92741,55.97025],[92.91408,55.97005]],[[92.91547,53.76324],[92.92021,53.7684]],[[92.91547,53.76324],[92.91923,53.76221],[92.93021,53.76427],[92.97004,53.77535],[92.97732,53.77439],[92.98737,53.76941],[92.99902,53.76842],[93.02346,53.77563],[93.03076,53.7759],[93.04239,53.77847],[93.05609,53.78306],[93.0849,53.78277],[93.09715,53.78426],[93.10406,53.78674],[93.1109,53.78736],[93.11901,53.79154],[93.12714,53.79182],[93.14758,53.79708],[93.1605,53.79657],[93.18029,53.79264],[93.18547,53.78951],[93.18795,53.7826],[93.22264,53.7829],[93.23024,53.78087],[93.2404,53.78372],[93.26514,53.78397],[93.2714,53.7825],[93.27545,53.78006],[93.28624,53.77809],[93.29572,53.77436],[93.31317,53.77057],[93.3227,53.76735],[93.33399,53.76488],[93.34803,53.76412],[93.35624,53.76148],[93.37116,53.7621],[93.3801,53.75841],[93.3827,53.76077],[93.40157,53.76487],[93.40511,53.7667],[93.42762,53.76112],[93.43663,53.76202],[93.44101,53.76365],[93.45385,53.76272],[93.45721,53.76461],[93.46577,53.76263],[93.4708,53.76554],[93.47643,53.7661],[93.47908,53.76859],[93.48813,53.77053]],[[92.92178,56.04986],[92.91671,56.04738]],[[92.91687,56.04729],[92.92178,56.04986]],[[92.91987,56.03466],[92.9189,56.03383]],[[93.08835,60.05605],[93.08796,60.04941],[93.08677,60.04707],[93.0723,60.03396],[93.06052,60.02048],[93.05496,60.01854],[93.03267,60.01655],[93.02698,60.01505],[93.01714,60.00782],[93.00099,60.00195],[92.9995,59.99993],[92.99634,59.98623],[92.99274,59.98253],[92.98678,59.98009],[92.96156,59.97493],[92.95151,59.96835],[92.94779,59.96205],[92.94255,59.94718],[92.9466,59.92314],[92.94162,59.91775],[92.94072,59.91261],[92.94259,59.90791],[92.939,59.90499],[92.93574,59.90403],[92.92428,59.90604],[92.915,59.90464],[92.91324,59.90364],[92.91079,59.89946],[92.91947,59.87928],[92.91907,59.87764]],[[92.92252,56.05618],[92.91935,56.05498]],[[92.91935,56.05498],[92.91974,56.05475]],[[92.91974,56.05475],[92.91951,56.05494],[92.91935,56.05498]],[[92.91974,56.05475],[92.92252,56.05618]],[[92.91974,56.05475],[92.92221,56.05291],[92.92178,56.04986]],[[92.92763,56.04059],[92.91987,56.03678]],[[92.91987,56.03678],[92.91987,56.03466]],[[92.91987,56.03466],[92.91987,56.03381]],[[92.92058,55.99999],[92.92176,55.99972]],[[92.94036,56.05391],[92.92252,56.05618]],[[92.92384,56.11521],[92.92183,56.11898],[92.92764,56.12086],[92.931,56.11757]],[[92.93486,56.11392],[92.92674,56.11132],[92.92389,56.11505]],[[92.96504,56.29867],[92.96299,56.3027],[92.95227,56.30671],[92.94324,56.30811],[92.92899,56.30726],[92.92587,56.31049]],[[92.93348,56.30712],[92.92844,56.30629]],[[92.93457,54.08038],[92.93147,54.08034],[92.92818,54.0755],[92.93274,54.07471]],[[92.93753,56.06307],[92.93428,56.0615]],[[92.93766,56.06678],[92.93444,56.0688]],[[92.93773,54.08097],[92.93457,54.08038]],[[92.93603,54.06607],[92.93279,54.0697],[92.93274,54.07471],[92.93441,54.07662],[92.93457,54.08038]],[[92.9363,55.98068],[92.938,55.97862],[92.93533,55.97717],[92.93833,55.96915]],[[92.94677,56.06773],[92.93753,56.06307]],[[92.93766,56.0662],[92.93753,56.06307]],[[92.93766,56.06678],[92.93766,56.0662]],[[92.93807,56.06652],[92.93766,56.06678]],[[92.93766,56.0662],[92.93792,56.06629]],[[92.93792,56.06629],[92.93812,56.06649]],[[92.93807,56.06652],[92.93792,56.06629]],[[92.93802,56.06631],[92.93812,56.06649]],[[92.93812,56.06649],[92.93807,56.06652]],[[92.93833,55.96915],[92.94848,55.97139]],[[92.94151,56.00035],[92.93851,56.00449]],[[92.93909,55.99245],[92.94394,55.98561]],[[92.94208,53.13234],[92.93918,53.13118],[92.93926,53.12711]],[[92.94132,56.05394],[92.94036,56.05391]],[[92.94036,56.05391],[92.9413,56.05378]],[[92.94082,56.26529],[92.94757,56.26496]],[[92.94811,56.00187],[92.94151,56.00035]],[[92.9418,56.07077],[92.94677,56.06773]],[[92.94208,53.13234],[92.94832,53.12456],[92.94777,53.12058]],[[92.94311,55.98205],[92.94097,55.98495],[92.94394,55.98561]],[[92.94701,55.98629],[92.94394,55.98561]],[[92.94591,56.05626],[92.94592,56.05627]],[[92.94677,56.06773],[92.94903,56.06897]],[[92.94677,56.06773],[92.95298,56.06401]],[[92.97313,55.993],[92.94701,55.98629]],[[92.94885,55.98368],[92.94701,55.98629]],[[92.94757,56.26496],[92.95186,56.26537]],[[92.96574,56.2609],[92.95324,56.26083],[92.9479,56.26199],[92.94757,56.26496]],[[92.94811,56.00187],[92.94984,56.00226]],[[92.94964,56.00246],[92.94811,56.00187]],[[92.94839,55.97201],[92.94814,55.97183]],[[92.94848,55.97139],[92.94902,55.97153]],[[92.94875,55.9716],[92.94848,55.97139]],[[92.94872,55.97172],[92.94873,55.97163]],[[92.94971,56.00251],[92.94964,56.00246]],[[92.94964,56.00246],[92.94984,56.00226]],[[92.95008,56.00246],[92.94995,56.00252],[92.94971,56.00251]],[[92.95035,56.00278],[92.94971,56.00251]],[[92.94984,56.00226],[92.95008,56.00246]],[[92.95008,56.00246],[92.95035,56.00278]],[[92.95035,56.00278],[92.95573,56.00425]],[[92.95618,56.00385],[92.9566,56.00379]],[[92.95629,56.00357],[92.9566,56.00379]],[[92.9566,56.00379],[92.96953,56.00668]],[[92.96504,56.29867],[92.95853,56.29609]],[[92.96314,56.30257],[92.9631,56.30286]],[[92.96837,56.29604],[92.96504,56.29867]],[[92.96575,56.26675],[92.9765,56.26691],[93.00196,56.27071],[93.0608,56.28433],[93.06852,56.28484],[93.07244,56.28152],[93.07687,56.27955],[93.11617,56.2778],[93.13639,56.2729]],[[92.98536,56.16735],[92.9722,56.16833]],[[92.97308,56.1731],[92.97533,56.17611],[92.97578,56.17684],[92.97632,56.17852],[92.97517,56.17694],[92.97164,56.1757],[92.97275,56.17234]],[[92.97503,56.17575],[92.97383,56.17641]],[[92.97483,56.63265],[92.9761,56.63374],[92.97737,56.63997],[92.97673,56.64369],[92.97911,56.64609],[92.97983,56.64851],[93.01816,56.65498],[93.02645,56.65976],[93.03377,56.65725],[93.04521,56.65539],[93.0556,56.64596],[93.063,56.64469],[93.07484,56.6405],[93.08922,56.64292],[93.10033,56.64154],[93.11538,56.64327]],[[93.00936,56.79393],[93.00379,56.79088],[93.00282,56.78271],[92.99822,56.77732],[92.97509,56.76214]],[[92.97509,56.76214],[92.97469,56.75335],[92.97624,56.75079]],[[93.11229,56.78451],[93.10341,56.77703],[93.0903,56.77515],[93.08569,56.77347],[93.07591,56.77707],[93.06949,56.77684],[93.06202,56.77446],[93.04957,56.77362],[93.03905,56.7716],[93.03166,56.76849],[93.02233,56.76789],[93.01087,56.76463],[93.00341,56.76491],[92.99455,56.76133],[92.982,56.76083],[92.97509,56.76214]],[[92.97548,56.21266],[92.99854,56.21287],[93.01738,56.2178],[93.03531,56.21968],[93.06906,56.21797],[93.14294,56.23019],[93.15354,56.23089],[93.19469,56.22843],[93.20873,56.22369],[93.21966,56.22277],[93.24105,56.21815],[93.24583,56.21526],[93.25098,56.21395],[93.30285,56.21582],[93.31408,56.21065],[93.31399,56.20308],[93.31681,56.20116],[93.32106,56.19928],[93.33586,56.19928],[93.3392,56.19795]],[[92.97676,55.98784],[92.97857,55.98571],[93.00469,55.99185]],[[92.97982,55.96562],[92.98006,55.965]],[[93.04675,56.44047],[93.03191,56.43942],[93.00187,56.43484],[92.99842,56.43618],[92.98692,56.43125],[92.9807,56.43509]],[[92.98501,56.40533],[93.0008,56.40113],[93.02601,56.40129],[93.04918,56.39863],[93.06252,56.39528],[93.09088,56.39045],[93.11263,56.37391],[93.1291,56.36926],[93.13041,56.35268],[93.13366,56.34972],[93.14334,56.34577],[93.17079,56.34128],[93.18706,56.33241],[93.21507,56.32078],[93.21756,56.31927],[93.21799,56.31754],[93.2256,56.31675]],[[93.01157,55.98174],[93.00824,55.97537],[92.99659,55.96618]],[[93.00899,56.7963],[92.99844,56.80017]],[[93.00369,56.02041],[93.00997,56.01176]],[[93.00401,55.99363],[93.00539,55.99206]],[[93.00861,55.69442],[93.00426,55.69338]],[[93.00469,55.99185],[93.00562,55.99177]],[[93.00469,55.99185],[93.00539,55.99206]],[[93.00539,55.99206],[93.00562,55.99177]],[[93.00562,55.99177],[93.00877,55.98749]],[[93.02133,58.08411],[93.01445,58.08341],[93.01409,58.08038],[93.01248,58.07989],[93.01408,58.07603],[93.01231,58.07504],[93.01361,58.07292],[93.00785,58.06938]],[[93.00861,55.69442],[93.0119,55.69871],[93.01654,55.69926],[93.02873,55.70454],[93.04096,55.70541],[93.06153,55.70958],[93.07312,55.71942],[93.08417,55.72297],[93.09395,55.73118],[93.10961,55.73469],[93.11586,55.73749],[93.12048,55.74509],[93.13078,55.74994],[93.1355,55.74976],[93.15584,55.75277],[93.16143,55.75554],[93.17255,55.75691],[93.17758,55.75894],[93.18521,55.76367],[93.18476,55.76999],[93.18642,55.77358],[93.19472,55.77709],[93.19481,55.78153],[93.19206,55.78742],[93.18943,55.78909],[93.19443,55.79861],[93.20926,55.80116],[93.21833,55.80636],[93.23237,55.81144],[93.23408,55.81302],[93.23372,55.82013],[93.23612,55.82249],[93.24224,55.82383],[93.24966,55.82346],[93.26165,55.82491]],[[93.06487,55.66371],[93.06544,55.66552],[93.0528,55.66937],[93.04526,55.67312],[93.03878,55.67813],[93.02733,55.68189],[93.02065,55.68223],[93.01952,55.68349],[93.02142,55.68861],[93.01073,55.68932],[93.01019,55.69009],[93.01157,55.69188],[93.00861,55.69442]],[[93.00877,60.20601],[93.03078,60.20761],[93.07052,60.20349],[93.10829,60.20844],[93.12194,60.21264]],[[93.00877,55.98749],[93.02331,55.99094]],[[93.00877,55.98749],[93.00926,55.98648],[93.0036,55.986],[93.01157,55.98174]],[[93.01623,56.80317],[93.00899,56.7963]],[[93.00899,56.7963],[93.00717,56.7946],[93.00936,56.79393]],[[93.01583,56.7942],[93.00899,56.7963]],[[93.01104,56.79561],[93.00936,56.79393]],[[93.01117,52.25726],[93.01054,52.2562],[93.01748,52.25384],[93.01954,52.24889],[93.02432,52.24647],[93.02451,52.24524],[93.0216,52.24363],[93.02333,52.24209],[93.04007,52.24327],[93.04971,52.25123],[93.05534,52.25175],[93.0615,52.25468],[93.06616,52.25964],[93.07523,52.26403],[93.08314,52.26577],[93.10444,52.26619],[93.11286,52.26951],[93.12609,52.28733],[93.13393,52.29484],[93.14797,52.30489],[93.15185,52.30941],[93.16187,52.324],[93.16346,52.32754],[93.1631,52.3292],[93.16676,52.33218],[93.17253,52.33969],[93.18475,52.34485],[93.20334,52.3458],[93.20622,52.35726],[93.20209,52.36115],[93.20198,52.36376],[93.20474,52.3719],[93.21213,52.38181],[93.21818,52.38425],[93.21919,52.38606],[93.22334,52.3857],[93.22815,52.3829],[93.2295,52.37891],[93.23299,52.37583],[93.24566,52.37522],[93.25946,52.36975],[93.271,52.3681],[93.28564,52.37136],[93.3122,52.38468],[93.32205,52.39122],[93.32334,52.39563],[93.3275,52.39857],[93.33538,52.39965],[93.34246,52.39868],[93.34902,52.40095],[93.35075,52.40336],[93.35022,52.40407],[93.34516,52.40398],[93.34168,52.40601],[93.34191,52.41255],[93.35368,52.42058],[93.35549,52.42302],[93.35613,52.42632],[93.35217,52.43398],[93.35545,52.44138],[93.36547,52.44067],[93.37578,52.44305],[93.37922,52.44494],[93.38052,52.45074],[93.38249,52.45273],[93.39459,52.45255],[93.38919,52.46423],[93.39197,52.46838],[93.39685,52.47063],[93.41411,52.47034],[93.41969,52.47134],[93.4209,52.47293],[93.42263,52.48132],[93.42599,52.48328],[93.43788,52.48632],[93.43967,52.4886]],[[93.01157,55.98174],[93.01855,55.98457],[93.02438,55.989],[93.02331,55.99094]],[[93.10356,56.85571],[93.08904,56.84614],[93.05872,56.83598],[93.04207,56.83358],[93.03086,56.82812],[93.03518,56.82554],[93.03321,56.82001],[93.02803,56.81374],[93.01623,56.80317]],[[93.11229,56.78451],[93.01623,56.80317]],[[93.0201,58.07051],[93.03314,58.07865]],[[93.03898,58.07606],[93.0216,58.08402]],[[93.02331,55.99094],[93.02158,55.99339],[93.02427,55.99411],[93.02475,55.9955],[93.03031,55.9968],[93.03326,56.0]],[[93.02521,60.3751],[93.02008,60.37557],[93.01807,60.37327],[93.0219,60.37317],[93.02521,60.3751]],[[93.02899,60.37433],[93.02521,60.3751]],[[93.02957,58.06957],[93.03898,58.07606]],[[93.03266,56.00044],[93.03307,56.00031]],[[93.03322,56.00042],[93.03293,56.00059]],[[93.03322,56.00042],[93.03307,56.00031]],[[93.03307,56.00031],[93.03318,56.00017]],[[93.03318,56.00017],[93.03326,56.0]],[[93.03318,56.00017],[93.03342,56.00015]],[[93.0335,56.00039],[93.03337,56.00043],[93.03322,56.00042]],[[93.03326,56.0],[93.03342,56.00015]],[[93.04089,60.38346],[93.0529,60.3871],[93.05692,60.38962],[93.05971,60.39009],[93.06164,60.3876],[93.04506,60.38189],[93.03337,60.3719]],[[93.03342,56.00015],[93.03357,56.00024]],[[93.03396,56.00044],[93.0335,56.00039]],[[93.03357,56.00024],[93.0335,56.00039]],[[93.03357,56.00024],[93.03396,56.00044]],[[93.03944,56.00186],[93.03396,56.00044]],[[93.03885,56.00372],[93.03406,56.00816]],[[93.05266,60.15879],[93.05277,60.16591],[93.04856,60.17406],[93.03463,60.17761]],[[93.03635,56.54208],[93.03986,56.54654],[93.05723,56.55367],[93.06156,56.55881]],[[93.05771,56.53769],[93.03635,56.54208]],[[93.03885,56.00372],[93.04376,56.00564]],[[93.03944,56.00186],[93.03885,56.00372]],[[93.03898,58.07606],[93.04285,58.07876]],[[93.0475,56.0021],[93.0452,56.00296],[93.04129,56.00155],[93.03944,56.00186]],[[93.04376,56.00564],[93.04462,56.00577]],[[93.05321,56.00964],[93.04376,56.00564]],[[93.04494,56.00584],[93.04462,56.00577]],[[93.04462,56.00577],[93.04478,56.00576]],[[93.04478,56.00576],[93.04494,56.00584]],[[93.04478,56.00576],[93.04501,56.00573]],[[93.04501,56.00573],[93.04493,56.00582]],[[93.04494,56.00584],[93.05347,56.00944]],[[93.04501,56.00573],[93.04914,56.00269]],[[93.04852,56.44085],[93.04675,56.44047]],[[93.04735,56.44012],[93.04675,56.44047]],[[93.0475,56.0021],[93.04914,56.00269]],[[93.0561,55.99871],[93.0475,56.0021]],[[93.04914,56.00269],[93.05262,56.00426],[93.05451,56.00655],[93.05347,56.00944]],[[93.05321,56.00964],[93.05148,56.01108],[93.05188,56.01234],[93.04932,56.01648],[93.04978,56.01756],[93.0648,56.01983]],[[93.05347,56.00944],[93.05321,56.00964]],[[93.05723,56.55367],[93.05987,56.55136],[93.0647,56.5509]],[[93.06661,56.55717],[93.06156,56.55881]],[[93.06156,56.55881],[93.06628,56.55703],[93.06661,56.55717]],[[93.06237,56.02471],[93.07203,56.02498],[93.07712,56.02706],[93.09196,56.02563],[93.11077,56.02694],[93.1082,56.03439],[93.10969,56.03731]],[[93.06661,56.55717],[93.06778,56.55675]],[[93.10944,56.13624],[93.10602,56.13471],[93.10219,56.13534]],[[93.10293,56.91615],[93.11975,56.91119],[93.14301,56.90637],[93.15796,56.90084],[93.15901,56.89938],[93.16806,56.90112]],[[93.10879,56.13362],[93.10963,56.13555]],[[93.10944,56.13624],[93.10909,56.13838],[93.111,56.14179],[93.11072,56.14483],[93.11772,56.15049],[93.13791,56.15463],[93.14685,56.1591],[93.15632,56.16146],[93.15804,56.1693],[93.15956,56.17026],[93.17066,56.17196],[93.18804,56.16932],[93.23397,56.1761],[93.24226,56.17425],[93.2486,56.16991],[93.25357,56.1702],[93.27798,56.17688],[93.28493,56.18061],[93.29524,56.18343],[93.3005,56.18763],[93.31672,56.18936],[93.32144,56.19307],[93.32569,56.19388],[93.32537,56.19912]],[[93.10963,56.13555],[93.10944,56.13624]],[[93.11428,56.13071],[93.10963,56.13555]],[[93.11043,56.80306],[93.12774,56.80353],[93.14312,56.80565],[93.15654,56.8118],[93.16583,56.81317]],[[93.11178,56.02219],[93.1124,56.02189]],[[93.1124,56.02189],[93.11223,56.02224]],[[93.11516,56.78585],[93.11229,56.78451]],[[93.24616,55.86917],[93.22838,55.87458],[93.22381,55.87745],[93.21454,55.8805],[93.21915,55.88295],[93.21857,55.88643],[93.2131,55.88871],[93.20326,55.89535],[93.19039,55.89961],[93.18558,55.90498],[93.17646,55.90887],[93.16667,55.92029],[93.16164,55.9241],[93.15947,55.92785],[93.15891,55.93152],[93.16063,55.93594],[93.1657,55.93875],[93.16241,55.94098],[93.16326,55.94292],[93.16108,55.95322],[93.16269,55.95905],[93.16099,55.96581],[93.14872,55.97881],[93.14246,55.97816],[93.13605,55.98484],[93.12032,55.99202],[93.11395,55.99372],[93.10318,55.99997],[93.10166,56.00756],[93.1087,56.01486],[93.1124,56.02189]],[[93.11266,56.73216],[93.13096,56.73117],[93.13304,56.72942],[93.13315,56.72621],[93.14011,56.71945],[93.14945,56.71413],[93.15581,56.70888],[93.15726,56.70883],[93.16196,56.70968],[93.18355,56.72175],[93.19633,56.727],[93.20782,56.72782],[93.22288,56.73124],[93.25207,56.74822],[93.26241,56.75105],[93.26726,56.75399],[93.25918,56.76069],[93.24984,56.77747],[93.24939,56.78079],[93.25279,56.7876],[93.2632,56.79964],[93.26265,56.8122],[93.27263,56.81934],[93.28745,56.82496],[93.30417,56.83373],[93.30967,56.8393]],[[93.12678,56.02268],[93.12432,56.02739],[93.12474,56.0285],[93.12715,56.03857],[93.12789,56.0435],[93.12429,56.04355],[93.12406,56.0453],[93.12233,56.04564],[93.12303,56.04626]],[[93.12571,56.03715],[93.12671,56.03678]],[[93.14144,57.23797],[93.14962,57.24071],[93.15407,57.24057]],[[93.15022,55.95094],[93.1434,55.94972]],[[93.16502,57.15261],[93.15825,57.15933],[93.14445,57.16618]],[[93.14769,55.95015],[93.14943,55.94577]],[[93.1491,57.04395],[93.15668,57.04089],[93.16831,57.04097],[93.23016,57.03352],[93.24821,57.03953],[93.261,57.04133],[93.2682,57.0448],[93.28736,57.05057],[93.29833,57.06173],[93.3131,57.06569],[93.31459,57.07004],[93.31696,57.07259],[93.32747,57.07043],[93.36421,57.07299],[93.36756,57.06585],[93.38367,57.05763],[93.38714,57.05746],[93.39105,57.05503],[93.40803,57.05931],[93.41653,57.06522],[93.42089,57.06666]],[[93.2918,56.10203],[93.26479,56.13388],[93.26163,56.14088],[93.24726,56.14056],[93.24341,56.14163],[93.23198,56.14154],[93.21438,56.14327],[93.19514,56.13635],[93.18733,56.13536],[93.18074,56.13631],[93.17473,56.13944],[93.16907,56.14079],[93.15851,56.14043],[93.15185,56.13298]],[[93.15692,56.0573],[93.15897,56.05611]],[[93.16475,56.90443],[93.16493,56.90461]],[[93.16653,57.15022],[93.16502,57.15261]],[[93.17651,57.15499],[93.16546,57.15253],[93.16502,57.15261]],[[93.16519,57.15239],[93.16546,57.15253]],[[93.16714,56.87042],[93.16463,56.87813],[93.1676,56.88287],[93.16673,56.88832],[93.16958,56.89547],[93.16983,56.89884],[93.16921,56.89997],[93.16521,56.90407],[93.16422,56.90471],[93.17579,56.90304],[93.17791,56.90268],[93.18429,56.90115],[93.19289,56.89584],[93.21023,56.8829],[93.21178,56.88037],[93.21463,56.86665],[93.25085,56.84484],[93.25495,56.8433],[93.27546,56.84391],[93.29386,56.84153],[93.30442,56.84134],[93.31482,56.83733],[93.34608,56.83602],[93.36659,56.83351],[93.38428,56.83458],[93.40231,56.83892],[93.41893,56.8393],[93.43783,56.84648],[93.43914,56.85087],[93.4363,56.85995],[93.4343,56.86262]],[[93.19884,57.5713],[93.20937,57.57825],[93.21778,57.57668],[93.22004,57.57461]],[[93.20177,56.88929],[93.23654,56.88956],[93.25053,56.88734],[93.26639,56.88671],[93.27797,56.88932],[93.29571,56.89882],[93.29638,56.90066],[93.29822,56.90115],[93.31294,56.90153],[93.34001,56.90548],[93.35991,56.91325],[93.37511,56.91545]],[[93.20864,56.3118],[93.22575,56.31637]],[[93.22575,56.31637],[93.28537,56.33425]],[[93.26202,56.49385],[93.25219,56.48555],[93.24908,56.47385],[93.2281,56.46201],[93.21605,56.44751],[93.21442,56.44271],[93.20457,56.43719],[93.19591,56.42423],[93.20527,56.41354],[93.1985,56.37967],[93.21127,56.36731],[93.21599,56.35962],[93.2202,56.34874],[93.22548,56.32631],[93.22575,56.31637]],[[93.35403,55.71139],[93.35573,55.71411],[93.36059,55.71691],[93.35814,55.72455],[93.35858,55.7277],[93.36194,55.73205],[93.36232,55.7376],[93.36091,55.73974],[93.35814,55.74107],[93.34544,55.74017],[93.34514,55.74295],[93.33984,55.74951],[93.34042,55.75233],[93.34676,55.75951],[93.34536,55.76343],[93.34798,55.76687],[93.32928,55.77633],[93.31482,55.78656],[93.30561,55.79037],[93.30066,55.79477],[93.28241,55.80515],[93.26476,55.81714],[93.26156,55.82541],[93.26312,55.82846],[93.26321,55.83278],[93.25807,55.85544],[93.25392,55.85617],[93.25212,55.86272],[93.24616,55.86917]],[[93.49462,55.82384],[93.49093,55.82425],[93.48645,55.82141],[93.48337,55.82132],[93.48074,55.8199],[93.48085,55.8176],[93.47972,55.81703],[93.46647,55.81562],[93.45725,55.81662],[93.45547,55.81956],[93.45628,55.82154],[93.45493,55.82226],[93.44091,55.82195],[93.43903,55.82468],[93.44099,55.82872],[93.43913,55.83109],[93.43079,55.8369],[93.42,55.83989],[93.41167,55.84375],[93.40107,55.8523],[93.39715,55.85912],[93.3926,55.86073],[93.37044,55.86054],[93.35307,55.86375],[93.33685,55.86447],[93.32189,55.85744],[93.31407,55.85587],[93.30885,55.85606],[93.3038,55.85834],[93.30347,55.8614],[93.30022,55.86056],[93.28948,55.86217],[93.27527,55.86172],[93.26672,55.86437],[93.26461,55.86405],[93.26279,55.86695],[93.25738,55.8673],[93.25682,55.86886],[93.24616,55.86917]],[[93.2732,54.28117],[93.2725,54.28277],[93.27378,54.29211],[93.27189,54.30228],[93.26755,54.30962],[93.26005,54.31757],[93.25362,54.32727],[93.2504,54.32849],[93.25202,54.33069]],[[93.33847,56.04759],[93.33519,56.04446],[93.30676,56.03153],[93.29205,56.02184],[93.28409,56.01434],[93.27967,56.01173],[93.27867,56.00838],[93.2663,56.00429],[93.26306,56.00785],[93.25414,56.00099]],[[93.25636,55.99917],[93.25675,55.99833]],[[93.25673,57.6744],[93.25803,57.67526]],[[93.25675,55.99833],[93.25784,55.99845]],[[93.26916,55.93595],[93.256,55.94649],[93.25482,55.95128],[93.25612,55.95558],[93.2542,55.95864],[93.25666,55.96633],[93.25518,55.97024],[93.25269,55.97253],[93.24732,55.98652],[93.25127,55.99483],[93.25675,55.99833]],[[93.25732,56.49964],[93.26202,56.49385]],[[93.25803,57.67526],[93.25737,57.67547]],[[93.27463,57.71992],[93.27725,57.71724],[93.2778,57.71429],[93.28545,57.70582],[93.28411,57.69304],[93.25803,57.67526]],[[93.26202,56.49385],[93.26673,56.49378],[93.26964,56.49386],[93.27354,56.49173],[93.28221,56.49416],[93.28789,56.48909]],[[93.32296,56.69496],[93.32378,56.7013],[93.32084,56.70503],[93.31101,56.71315],[93.27404,56.75005],[93.26726,56.75399]],[[93.27259,54.28072],[93.2732,54.28117]],[[93.27299,57.72153],[93.27463,57.71992]],[[93.27336,54.28031],[93.2732,54.28117]],[[93.27324,57.61728],[93.28214,57.61737]],[[93.27399,57.71978],[93.27463,57.71992]],[[93.286,57.04996],[93.30014,57.05209],[93.30741,57.05122],[93.31081,57.05365],[93.31574,57.05518],[93.31741,57.05673],[93.31414,57.05992],[93.31452,57.06318],[93.3133,57.06591]],[[93.28789,56.48909],[93.29148,56.49486],[93.30413,56.4977],[93.30572,56.49894],[93.30607,56.50109],[93.30333,56.50492]],[[93.37763,56.41684],[93.37221,56.41749],[93.36613,56.42339],[93.36353,56.42978],[93.35829,56.45159],[93.3263,56.47052],[93.28789,56.48909]],[[93.29493,56.10357],[93.30498,56.09063],[93.3087,56.08105],[93.31556,56.0754],[93.3194,56.06878],[93.32694,56.0649],[93.33508,56.05533],[93.33407,56.05007],[93.33847,56.04759],[93.34769,56.04603],[93.35731,56.04876]],[[93.29777,55.39618],[93.3011,55.39979],[93.29557,55.40427],[93.2975,55.40549],[93.30046,55.40663],[93.30682,55.4049],[93.31756,55.40524],[93.32049,55.40899],[93.32539,55.40966],[93.32926,55.41159],[93.33714,55.41812],[93.33716,55.42176],[93.32779,55.43052],[93.32391,55.43569],[93.32506,55.43979],[93.32942,55.44321],[93.33544,55.4436],[93.3573,55.44155],[93.36055,55.44263],[93.36189,55.44113],[93.37183,55.43936],[93.37737,55.43566],[93.37831,55.43074],[93.37767,55.42803],[93.37956,55.42205],[93.40495,55.41835],[93.4146,55.42262],[93.4181,55.42741],[93.42027,55.43348],[93.43141,55.43864],[93.43497,55.44342],[93.44212,55.44747],[93.45484,55.44977],[93.46041,55.45326],[93.47302,55.45693],[93.48127,55.46395],[93.48556,55.46496],[93.49167,55.46921],[93.50051,55.4714],[93.50453,55.47514],[93.51183,55.47302],[93.51736,55.47365],[93.52067,55.47742],[93.5211,55.48441],[93.53447,55.48536],[93.54305,55.48949],[93.55015,55.48928],[93.5564,55.49075],[93.5623,55.48939],[93.57611,55.48905],[93.59666,55.49399],[93.59973,55.49722],[93.61373,55.49974],[93.61845,55.50271],[93.6229,55.50833],[93.62869,55.51094],[93.65706,55.5082],[93.66204,55.50915],[93.66879,55.51281],[93.67287,55.51314],[93.67806,55.51073],[93.68415,55.50957],[93.68542,55.50801],[93.68499,55.50377],[93.69033,55.50113],[93.69602,55.49969],[93.70432,55.50171],[93.70735,55.50138],[93.71799,55.49313],[93.72211,55.48739],[93.72701,55.48539]],[[93.30282,57.61081],[93.30463,57.61075]],[[93.30463,57.61075],[93.30335,57.6136],[93.31465,57.62054],[93.31196,57.62759],[93.31248,57.62904],[93.31872,57.62855],[93.31924,57.62667],[93.32552,57.62129],[93.34525,57.61848],[93.36826,57.62178],[93.38294,57.62182],[93.39518,57.624],[93.41239,57.62497],[93.44484,57.63421],[93.44891,57.63342],[93.46002,57.62602],[93.48012,57.61779],[93.49943,57.60703],[93.51373,57.60446],[93.53552,57.60276],[93.55768,57.59835]],[[93.30463,57.61075],[93.31921,57.60053],[93.32979,57.59092],[93.33914,57.57831],[93.33954,57.57254],[93.33842,57.56862],[93.34977,57.56066]],[[93.30837,56.50802],[93.32785,56.5192],[93.34738,56.52202],[93.38241,56.53211],[93.39866,56.54042],[93.40346,56.54214],[93.40482,56.54539],[93.40719,56.54698],[93.42076,56.55276],[93.4457,56.56825],[93.45404,56.57465],[93.47723,56.58754],[93.48152,56.59411],[93.49463,56.60081],[93.51292,56.61728],[93.54272,56.63475],[93.54859,56.63741],[93.56476,56.64819],[93.57313,56.66282],[93.55728,56.67731],[93.55042,56.68539],[93.54876,56.69151],[93.5457,56.69729],[93.54209,56.70324],[93.5386,56.70642],[93.53789,56.70966],[93.53996,56.71578],[93.53526,56.72374],[93.54331,56.73127],[93.55351,56.74568],[93.56657,56.75149],[93.5833,56.75692],[93.58915,56.76041],[93.58883,56.76148]],[[93.30837,56.50802],[93.30707,56.50722],[93.30882,56.50769]],[[93.30882,56.50769],[93.30837,56.50802]],[[93.30882,56.50769],[93.31065,56.50776],[93.3129,56.50758],[93.31886,56.50577],[93.3581,56.50594],[93.37809,56.49565],[93.39497,56.48879],[93.40965,56.47723],[93.4242,56.47039],[93.44427,56.46419],[93.4535,56.45982],[93.47123,56.4581],[93.48338,56.45143],[93.50999,56.4462],[93.54602,56.40561],[93.55486,56.40467],[93.56737,56.40693],[93.58038,56.40719],[93.59296,56.40281],[93.60486,56.40044],[93.61461,56.4],[93.62275,56.40172],[93.62977,56.40019],[93.64053,56.41875],[93.64108,56.42874],[93.64629,56.43377],[93.65628,56.43896],[93.65729,56.44724],[93.66038,56.4504],[93.66178,56.45361],[93.66059,56.45775],[93.6501,56.46453],[93.65054,56.46949],[93.65445,56.47276],[93.66773,56.47597],[93.6883,56.48784],[93.6936,56.49236],[93.70503,56.49908],[93.71111,56.5013],[93.71014,56.50265],[93.72002,56.50577],[93.72983,56.51239],[93.74005,56.51431],[93.74283,56.51973],[93.7436,56.53328],[93.74303,56.54047],[93.74125,56.54594],[93.73081,56.56182],[93.69766,56.56533],[93.6852,56.57847],[93.67822,56.58289],[93.67082,56.58295],[93.63372,56.58974],[93.62123,56.59548],[93.60522,56.60673],[93.57646,56.61592],[93.57519,56.61983],[93.57266,56.62069],[93.56462,56.62063],[93.55286,56.62338],[93.54368,56.63055],[93.53902,56.63252]],[[93.31718,56.1173],[93.32337,56.11983],[93.32785,56.12351],[93.33252,56.12675],[93.33597,56.1291],[93.3437,56.12566]],[[93.32391,56.12023],[93.33765,56.11389],[93.34935,56.12192],[93.3503,56.12263]],[[93.34239,56.11715],[93.32802,56.12363]],[[93.34677,56.12015],[93.33238,56.12665]],[[93.33852,56.11346],[93.33346,56.11002]],[[93.3388,56.19817],[93.34315,56.20014],[93.35958,56.21229],[93.36331,56.21876],[93.36504,56.22526],[93.36778,56.22837],[93.36942,56.23353],[93.37646,56.24469],[93.3761,56.24672],[93.37905,56.24754],[93.37436,56.25272],[93.36313,56.26055],[93.36459,56.26652],[93.38518,56.27437],[93.39675,56.27536],[93.41173,56.28924],[93.41356,56.28961]],[[93.34977,57.56066],[93.34009,57.55623]],[[93.34631,56.15322],[93.35795,56.15195],[93.36772,56.14763],[93.38423,56.14006],[93.39538,56.13502],[93.4087,56.12899],[93.41158,56.12769],[93.42409,56.12204]],[[93.34977,57.56066],[93.35563,57.55657],[93.35609,57.55348],[93.35846,57.55188],[93.3837,57.5463],[93.41319,57.54571],[93.41898,57.54785],[93.4358,57.5461],[93.4455,57.54338],[93.4588,57.54499],[93.4618,57.54334],[93.47391,57.54329],[93.48237,57.5449],[93.49959,57.53857],[93.5036,57.53315],[93.50524,57.52322],[93.50885,57.52018],[93.52449,57.51441],[93.52842,57.51168],[93.54873,57.50686],[93.55423,57.50298],[93.56857,57.49961],[93.57335,57.49654],[93.57697,57.49596],[93.58563,57.49121],[93.58801,57.48724],[93.59601,57.4799],[93.59422,57.47761],[93.59728,57.4742],[93.59665,57.47134],[93.59898,57.46841],[93.60809,57.46642],[93.61917,57.46212],[93.61603,57.4582],[93.61093,57.45465],[93.6103,57.45261],[93.60386,57.44865],[93.59461,57.44041],[93.59513,57.43881],[93.60462,57.43139],[93.60623,57.4285],[93.60357,57.42487],[93.61112,57.41726],[93.62,57.41483],[93.62634,57.41059],[93.63159,57.40875],[93.64566,57.40637],[93.64939,57.40311],[93.67093,57.39067],[93.6749,57.38754],[93.67691,57.38344],[93.68795,57.37829],[93.68482,57.37486],[93.68529,57.37385],[93.69016,57.37088],[93.70315,57.36597],[93.723,57.35103],[93.77045,57.35188],[93.78396,57.35045],[93.78155,57.3476],[93.78021,57.34308]],[[93.40091,56.91735],[93.40107,56.91609],[93.39831,56.9137],[93.39608,56.90949],[93.38051,56.9083],[93.37103,56.91437]],[[93.67793,55.27633],[93.67716,55.2721],[93.67515,55.26867],[93.65359,55.25572],[93.65037,55.24783],[93.64608,55.24176],[93.63289,55.23488],[93.63144,55.23054],[93.62467,55.22878],[93.6145,55.21752],[93.61021,55.21653],[93.6014,55.21781],[93.58862,55.21731],[93.57863,55.21946],[93.57029,55.21354],[93.56202,55.21189],[93.55915,55.20861],[93.56111,55.20536],[93.56059,55.20365],[93.5544,55.19492],[93.54122,55.18642],[93.5366,55.1801],[93.5331,55.178],[93.52468,55.17643],[93.5176,55.17817],[93.50565,55.17577],[93.49269,55.18243],[93.48579,55.18261],[93.46421,55.17618],[93.45882,55.17124],[93.46328,55.16698],[93.4588,55.16236],[93.45296,55.16098],[93.44989,55.16118],[93.4324,55.16723],[93.42509,55.16812],[93.4135,55.16135],[93.40181,55.15844],[93.3839,55.14769],[93.38293,55.14598],[93.38356,55.14452],[93.38728,55.14097],[93.39112,55.13468],[93.39114,55.12965],[93.38506,55.12533]],[[93.38663,56.53421],[93.3883,56.53293],[93.391,56.52731],[93.3968,56.52527]],[[93.40232,59.78639],[93.39433,59.78404]],[[93.39947,54.31114],[93.40089,54.31638],[93.40515,54.32015],[93.40586,54.32225],[93.41058,54.32287],[93.41286,54.32604],[93.41662,54.32732],[93.42421,54.33289],[93.43201,54.33551],[93.43336,54.34069],[93.43713,54.34265],[93.44148,54.34836],[93.44009,54.35158],[93.4498,54.35176],[93.45709,54.35333],[93.46361,54.35126],[93.46607,54.35153],[93.46488,54.35307],[93.46468,54.35787],[93.4655,54.35878],[93.47138,54.35899],[93.4725,54.36063],[93.4802,54.36441],[93.47898,54.36876],[93.47495,54.37133],[93.47277,54.37582],[93.47542,54.37939],[93.48189,54.38302],[93.49492,54.38646],[93.5026,54.38583],[93.51,54.387],[93.52076,54.38703],[93.52711,54.3841],[93.5322,54.38563],[93.54029,54.39216],[93.54943,54.39005],[93.56362,54.39152],[93.57439,54.39097],[93.58293,54.3941],[93.60506,54.39593],[93.61779,54.39881],[93.63021,54.39784],[93.639,54.40047],[93.64056,54.39946]],[[93.40232,59.78639],[93.40417,59.78212],[93.40424,59.7771],[93.4028,59.77501],[93.39968,59.77368]],[[93.60789,59.97211],[93.60961,59.96841],[93.61426,59.96487],[93.62009,59.94471],[93.62926,59.93705],[93.62991,59.93123],[93.6262,59.92351],[93.63531,59.91264],[93.63644,59.90828],[93.63593,59.90195],[93.63364,59.89847],[93.63474,59.8951],[93.63826,59.89024],[93.64372,59.87713],[93.64873,59.87322],[93.65016,59.86173],[93.65555,59.85685],[93.66253,59.85308],[93.66417,59.85048],[93.66231,59.84703],[93.66582,59.84352],[93.65022,59.8376],[93.62992,59.82219],[93.54223,59.79999],[93.53211,59.79551],[93.51062,59.79136],[93.50247,59.78635],[93.49685,59.78091],[93.49292,59.78238],[93.48583,59.78222],[93.46942,59.7771],[93.46285,59.77664],[93.45514,59.77932],[93.44553,59.77337],[93.44189,59.77274],[93.43079,59.77618],[93.42851,59.77997],[93.42323,59.78228],[93.41203,59.78551],[93.40465,59.78674],[93.40232,59.78639]],[[93.4087,56.12899],[93.43872,56.14633],[93.45107,56.14803],[93.45592,56.15039],[93.46224,56.14993],[93.46329,56.159],[93.45782,56.1634],[93.45738,56.17398],[93.45863,56.17716],[93.45274,56.18274],[93.45233,56.1903]],[[93.41356,56.28961],[93.412,56.29092],[93.42837,56.30075],[93.44336,56.307],[93.46021,56.31216],[93.46949,56.31687],[93.48462,56.32068],[93.48123,56.322],[93.47889,56.3251],[93.46517,56.34813],[93.46474,56.35673],[93.4666,56.36388],[93.46632,56.37016],[93.46328,56.37709],[93.45067,56.39031],[93.4503,56.39598],[93.51697,56.40623],[93.52886,56.40442],[93.53356,56.40119],[93.53609,56.40087],[93.54749,56.40519]],[[93.41356,56.28961],[93.41931,56.28747],[93.42185,56.28528],[93.42536,56.28587],[93.43071,56.28406]],[[93.42763,57.06275],[93.42841,57.062],[93.44318,57.06868],[93.44401,57.06956],[93.44325,57.07043],[93.45118,57.07761],[93.45249,57.07714],[93.45258,57.07298],[93.44961,57.068],[93.45211,57.06685],[93.46879,57.07301],[93.47281,57.07563],[93.50644,57.08956],[93.5166,57.09483],[93.53023,57.11188],[93.53045,57.11995],[93.52916,57.13325],[93.52773,57.13781],[93.52919,57.1412],[93.53626,57.15003],[93.5564,57.15568],[93.55928,57.15737],[93.5715,57.15768],[93.57799,57.15635],[93.58593,57.15245],[93.59502,57.15348],[93.62756,57.16745],[93.64847,57.17299],[93.67557,57.18194],[93.68544,57.18249],[93.71002,57.18631],[93.73143,57.18495],[93.73629,57.18057],[93.75692,57.17518],[93.76412,57.16912],[93.77183,57.16677],[93.81282,57.16539],[93.83287,57.16824],[93.84756,57.16437],[93.85574,57.16425],[93.86248,57.16115],[93.87679,57.16081],[93.88501,57.15902],[93.903,57.16002],[93.91345,57.1638],[93.92674,57.16369],[93.93326,57.1656],[93.94158,57.16277],[93.94662,57.16266],[93.97244,57.16917],[93.99283,57.16629],[93.98983,57.15945],[93.99022,57.1577],[93.99188,57.15566],[93.99903,57.15279],[94.02321,57.15358],[94.03049,57.1582],[94.04971,57.16507],[94.05287,57.16853],[94.06082,57.16829],[94.07309,57.16612],[94.07421,57.16505],[94.07174,57.1506],[94.07813,57.14609],[94.0842,57.14663],[94.08558,57.14423],[94.0892,57.14332],[94.09622,57.14706],[94.10099,57.14826],[94.1016,57.14601],[94.10733,57.14157],[94.15893,57.13412],[94.17799,57.13382],[94.17928,57.13051],[94.18166,57.12943],[94.194,57.12979],[94.20186,57.1325],[94.22779,57.13363],[94.23862,57.13708],[94.24363,57.13975],[94.2416,57.14114],[94.24343,57.14192],[94.25742,57.14449],[94.26816,57.14373],[94.28335,57.14588],[94.29013,57.13836],[94.29245,57.13741],[94.31839,57.13687],[94.33684,57.13387],[94.34407,57.13148],[94.36868,57.1293],[94.36743,57.12372],[94.37082,57.11739],[94.37492,57.11251],[94.38282,57.10922],[94.38757,57.10578],[94.3954,57.08571],[94.42927,57.08419],[94.44116,57.08834],[94.46508,57.0925],[94.50889,57.09609],[94.53598,57.10292],[94.65673,57.117],[94.67736,57.11467]],[[93.43074,56.20405],[93.43592,56.20191]],[[93.44649,56.21428],[93.43493,56.21551],[93.43497,56.22144],[93.43227,56.23048],[93.4327,56.23244]],[[93.43592,56.20191],[93.43158,56.19878],[93.43786,56.19617]],[[93.43592,56.20191],[93.44214,56.1993]],[[93.49022,56.24776],[93.4868,56.25126],[93.47866,56.25376],[93.46947,56.25981],[93.46135,56.25761],[93.45288,56.26056],[93.44726,56.26464],[93.44376,56.26879],[93.43741,56.27124]],[[93.43748,56.1994],[93.44053,56.19809],[93.45097,56.19369]],[[93.43786,56.19617],[93.43881,56.19678],[93.44053,56.19809],[93.44214,56.1993],[93.44926,56.20454],[93.44958,56.20484],[93.45005,56.20612],[93.44833,56.20919],[93.45155,56.21152]],[[93.43786,56.19617],[93.45233,56.1903],[93.47729,56.18878],[93.483,56.18641],[93.49028,56.18673],[93.5125,56.18252],[93.5449,56.18248],[93.54944,56.18998],[93.54929,56.19452],[93.56038,56.20548],[93.56272,56.21078]],[[93.48423,55.96208],[93.49633,55.96127],[93.50788,55.95529]],[[93.5723,56.31494],[93.55439,56.30249],[93.54917,56.2951],[93.55293,56.28325],[93.54488,56.28225],[93.5408,56.27692],[93.51228,56.25778],[93.49274,56.24897]],[[93.57424,55.90804],[93.57031,55.902],[93.56462,55.9004],[93.56097,55.89671],[93.54864,55.89263],[93.54329,55.89233],[93.53702,55.89411],[93.5119,55.89551],[93.49029,55.89382],[93.47203,55.88798],[93.46668,55.88313],[93.46108,55.88002],[93.45722,55.87283],[93.45961,55.87141],[93.46207,55.86735],[93.46161,55.86555],[93.47002,55.85465],[93.46968,55.85171],[93.47635,55.84577],[93.4763,55.84216],[93.47887,55.83626],[93.49462,55.82384]],[[93.70732,55.80556],[93.68461,55.80428],[93.6652,55.80051],[93.6267,55.7968],[93.61812,55.7936],[93.601,55.78979],[93.5865,55.79488],[93.57659,55.7957],[93.56946,55.79813],[93.56199,55.79713],[93.55388,55.7989],[93.54361,55.7985],[93.53285,55.80401],[93.51754,55.80822],[93.51205,55.81177],[93.50628,55.81298],[93.49744,55.8194],[93.49462,55.82384]],[[93.50247,56.22609],[93.50257,56.22638],[93.50192,56.22642]],[[93.53977,56.22691],[93.53915,56.22974],[93.53573,56.23139],[93.52809,56.22839],[93.5184,56.22794],[93.50965,56.22972],[93.50805,56.2293],[93.50544,56.22788],[93.50267,56.22644],[93.50257,56.22638],[93.50225,56.22623],[93.50201,56.22611]],[[93.50635,55.95449],[93.50788,55.95529]],[[93.50788,55.95529],[93.52458,55.94941],[93.54777,55.95391],[93.56604,55.95527],[93.59458,55.94475]],[[93.51369,56.79703],[93.52827,56.79625],[93.53904,56.79361],[93.55206,56.79309],[93.56231,56.78897],[93.57758,56.78676],[93.59891,56.78037],[93.60236,56.77337],[93.59348,56.76385],[93.58883,56.76148]],[[93.51901,56.79722],[93.52094,56.7979]],[[93.52176,56.24694],[93.52494,56.25369]],[[93.52494,56.25369],[93.52856,56.25329],[93.53209,56.26078],[93.53573,56.26025]],[[93.52494,56.25369],[93.53215,56.25266]],[[93.53969,56.26052],[93.53739,56.25583],[93.53183,56.24404]],[[93.53208,56.24401],[93.53532,56.25052],[93.5395,56.25936],[93.53969,56.26052]],[[93.5323,56.2234],[93.53264,56.22027]],[[93.53515,56.25098],[93.5355,56.25094]],[[93.53681,56.25454],[93.53715,56.25448]],[[93.54202,56.25122],[93.54718,56.26251],[93.54614,56.26429],[93.54177,56.26495],[93.53818,56.26545]],[[93.53834,56.24451],[93.54159,56.25127],[93.54202,56.25122]],[[93.539,56.24423],[93.54202,56.25122]],[[93.5395,56.25936],[93.53916,56.25941]],[[93.53969,56.26052],[93.54177,56.26495]],[[93.54176,56.25063],[93.54132,56.25069]],[[93.54202,56.25122],[93.5476,56.24825],[93.54978,56.24574],[93.55014,56.24255],[93.55424,56.23781],[93.55878,56.23484]],[[93.55359,56.23039],[93.55481,56.23034]],[[93.55481,56.23034],[93.55425,56.23078]],[[93.5593,56.23415],[93.55915,56.23201],[93.55481,56.23034]],[[93.55738,56.22462],[93.55747,56.22808],[93.55481,56.23034]],[[93.55738,56.22462],[93.55737,56.22404]],[[93.55772,56.22417],[93.55738,56.22462]],[[93.55741,56.22387],[93.55722,56.22264],[93.55923,56.2209]],[[93.55772,56.22417],[93.55737,56.22404],[93.55741,56.22387],[93.55774,56.22379],[93.558,56.22389],[93.55772,56.22417]],[[93.55782,56.22233],[93.55825,56.22245]],[[93.55825,56.22245],[93.55791,56.22383]],[[93.55923,56.2209],[93.55825,56.22245]],[[93.55878,56.23484],[93.5593,56.23415]],[[93.55878,56.23484],[93.55954,56.23438],[93.5593,56.23415]],[[93.55923,56.2209],[93.56268,56.21355]],[[93.56268,56.21355],[93.56195,56.21219],[93.56272,56.21078]],[[93.56272,56.21078],[93.56268,56.21355]],[[93.58883,56.76148],[93.58003,56.76045]],[[93.58508,55.94809],[93.58372,55.94682]],[[93.61941,55.89192],[93.59769,55.89255]],[[93.63832,55.85954],[93.61774,55.85063]],[[93.65964,53.899],[93.66493,53.90183],[93.66885,53.90202],[93.66898,53.9049],[93.67415,53.91059]],[[93.679,55.84563],[93.70583,55.85967],[93.70732,55.86614],[93.7102,55.86982],[93.71734,55.87443],[93.72048,55.8752],[93.72531,55.87983],[93.7327,55.88315],[93.74479,55.88085],[93.7458,55.88282],[93.74548,55.88685]],[[93.72983,58.09082],[93.73174,58.09088]],[[93.73174,58.09088],[93.74152,58.09161],[93.74371,58.09295],[93.74329,58.09472],[93.74703,58.09534],[93.75422,58.09405]],[[93.73176,58.09058],[93.73174,58.09088]],[[93.73806,55.20325],[93.75442,55.20513]],[[93.77732,55.52262],[93.75939,55.52339]],[[93.75991,55.74575],[93.76047,55.74574]],[[93.75993,55.7459],[93.76,55.74588],[93.7601,55.7459],[93.76028,55.74602]],[[93.76001,55.74639],[93.75426,55.72583],[93.7615,55.71994],[93.76331,55.71678],[93.76672,55.71752],[93.77434,55.71431]],[[93.78716,55.67313],[93.78232,55.68085],[93.77284,55.68017]],[[93.77377,55.71476],[93.77439,55.7149]],[[93.78646,55.56547],[93.80054,55.56992],[93.82036,55.57368],[93.84543,55.57226],[93.87319,55.58449],[93.8854,55.58435],[93.92838,55.5791],[93.95087,55.58271],[93.9548,55.57595],[93.95948,55.57447],[93.97075,55.5758],[93.98894,55.58272],[93.9949,55.58351],[94.02534,55.57658],[94.03139,55.57429],[94.04128,55.56547],[94.04158,55.5572],[94.04265,55.55538],[94.05161,55.5497],[94.0543,55.54555],[94.07156,55.53481]],[[94.25852,55.28755],[94.24686,55.28176],[94.23751,55.27882],[94.23048,55.27392],[94.2087,55.26657],[94.20424,55.26393],[94.19051,55.2608],[94.18418,55.2528],[94.18011,55.2496],[94.18042,55.24862],[94.18434,55.24858],[94.18477,55.24712],[94.18656,55.24702],[94.18608,55.24599],[94.18814,55.24483],[94.17297,55.24729],[94.14318,55.23892],[94.14206,55.23622],[94.14423,55.23424],[94.15762,55.22933],[94.15864,55.22707],[94.15786,55.22237],[94.15056,55.21568],[94.13288,55.20735],[94.11908,55.20221],[94.117,55.18802],[94.11549,55.18605],[94.09131,55.18303],[94.08821,55.18125],[94.08747,55.17921],[94.08927,55.17695],[94.09334,55.1748],[94.10194,55.17284],[94.10373,55.17144],[94.10427,55.16896],[94.09998,55.163],[94.09033,55.15781],[94.08534,55.1503],[94.07256,55.14006],[94.06746,55.13324],[94.06844,55.12972],[94.0704,55.12778],[94.08812,55.12275],[94.09116,55.11987],[94.09207,55.11712],[94.09052,55.11368],[94.09211,55.11296],[94.08574,55.10951],[94.08446,55.10814],[94.08505,55.10696],[94.08299,55.10576],[94.08998,55.09974],[94.09222,55.08799],[94.08956,55.08039],[94.08642,55.0762],[94.0824,55.07396],[94.08012,55.06961],[94.08145,55.06126],[94.08289,55.05828],[94.08473,55.05708],[94.0856,55.0502],[94.09442,55.04594],[94.09688,55.03894],[94.10361,55.03107],[94.10454,55.02534],[94.10368,55.01946],[94.1077,55.01527],[94.11159,55.00886],[94.11237,55.00597],[94.11119,55.0038],[94.11171,55.00202],[94.11589,55.00083],[94.12456,55.00058],[94.12791,54.9971],[94.12668,54.99605],[94.12742,54.99435],[94.13111,54.99242],[94.13406,54.98831],[94.13536,54.98481],[94.13201,54.98154],[94.13705,54.97362],[94.13367,54.96951],[94.13324,54.96647],[94.13374,54.96092],[94.13656,54.95717],[94.13605,54.95463],[94.12789,54.95192],[94.11003,54.95006],[94.10085,54.9446],[94.08907,54.9413],[94.08304,54.93727],[94.07602,54.93717],[94.06627,54.9319],[94.06288,54.93121],[94.05337,54.93158],[94.048,54.92674],[94.04221,54.92571],[94.02159,54.92812],[94.01689,54.93017],[94.00663,54.94017],[94.00343,54.94741],[93.99161,54.94877],[93.98928,54.9499],[93.98865,54.95459],[93.9932,54.96409],[93.99465,54.97345],[93.99386,54.97448],[93.98739,54.97336],[93.98231,54.97456],[93.97093,54.97453],[93.95431,54.96977],[93.94393,54.97115],[93.92096,54.97737],[93.90887,54.97618],[93.90294,54.97686],[93.89144,54.98048],[93.85671,54.9953],[93.85136,54.99948],[93.84068,55.01169]],[[93.99065,55.88739],[93.98266,55.86859],[93.96567,55.8551],[93.96393,55.85193],[93.95891,55.84703],[93.94943,55.84285],[93.94662,55.84296],[93.94094,55.83939],[93.93408,55.83721]],[[93.95286,54.95898],[93.97081,54.96649],[93.97722,54.97127],[93.98351,54.97373]],[[94.13046,55.55972],[94.12286,55.56057],[94.11101,55.56612],[94.09203,55.5627],[94.0804,55.556],[94.08194,55.53889],[94.07156,55.53481]],[[94.07156,55.53481],[94.08581,55.52416],[94.09395,55.52103],[94.10059,55.51567],[94.11842,55.50645],[94.12283,55.4965],[94.12044,55.49361],[94.113,55.49052],[94.11329,55.48762],[94.11178,55.48451],[94.10427,55.47828],[94.09333,55.47239],[94.08901,55.46727]],[[94.32387,55.80322],[94.31536,55.80084],[94.31205,55.80178],[94.29899,55.8014],[94.29782,55.79896],[94.28695,55.79811],[94.28414,55.79896],[94.27542,55.79747],[94.26002,55.78773],[94.22801,55.78034],[94.22359,55.77739],[94.20355,55.77069],[94.20253,55.76698],[94.19641,55.76046],[94.19377,55.7497],[94.16268,55.73071],[94.16601,55.72625],[94.16099,55.71433],[94.16086,55.71154],[94.16345,55.70579],[94.17137,55.69628],[94.16583,55.67362],[94.19258,55.64835],[94.19771,55.64204],[94.18598,55.62453],[94.17803,55.61479],[94.17922,55.60837],[94.16869,55.60206],[94.15443,55.59026],[94.14195,55.58387],[94.13975,55.58121],[94.13289,55.5632],[94.13046,55.55972]],[[94.32387,55.80322],[94.32832,55.7973],[94.33,55.77818],[94.32311,55.76689],[94.33062,55.74289],[94.39144,55.71523],[94.40979,55.70256],[94.41557,55.68501],[94.40996,55.67083],[94.40941,55.65865],[94.3858,55.60729],[94.39199,55.58817],[94.39648,55.58095],[94.39452,55.56048],[94.41746,55.51934],[94.4166,55.50975],[94.41456,55.50674],[94.4137,55.50595],[94.4065,55.50116],[94.40578,55.50058],[94.40196,55.49627],[94.39688,55.49568],[94.39541,55.49855],[94.38728,55.50367],[94.32026,55.52852],[94.3067,55.53611],[94.26989,55.55151],[94.23957,55.55104],[94.21784,55.548],[94.20808,55.54785],[94.17664,55.55038],[94.13046,55.55972]],[[94.35068,55.38173],[94.32909,55.38936],[94.32623,55.38538],[94.31647,55.37899],[94.31061,55.37623],[94.30622,55.3755],[94.30003,55.37595],[94.27749,55.38224],[94.23392,55.37835],[94.20753,55.38846],[94.20235,55.39294],[94.19511,55.39079]],[[94.20254,55.76896],[94.1983,55.77165]],[[94.24626,55.29749],[94.24307,55.29302],[94.25852,55.28755]],[[94.53283,58.70596],[94.52119,58.70517],[94.51483,58.70331],[94.48063,58.70442],[94.46445,58.70735],[94.43002,58.71932],[94.37896,58.7263],[94.36788,58.73014],[94.33725,58.73189],[94.32016,58.73028],[94.31254,58.73328],[94.31069,58.73642],[94.30461,58.7388],[94.28602,58.74029],[94.27648,58.73845],[94.27307,58.73476],[94.27281,58.73204],[94.2695,58.72648],[94.26401,58.72306],[94.26206,58.71836],[94.2616,58.71175],[94.2627,58.70737],[94.26211,58.70381],[94.26353,58.70052],[94.25349,58.69451],[94.24708,58.68437]],[[94.25085,57.97002],[94.24596,57.96701],[94.25216,57.96228],[94.26939,57.95363],[94.28918,57.94032],[94.29306,57.93513],[94.30257,57.92721],[94.31497,57.92372],[94.31835,57.91908],[94.31825,57.91256],[94.31115,57.90519],[94.28746,57.90088],[94.27836,57.89548],[94.26757,57.89308],[94.26198,57.88892],[94.2729,57.88088],[94.2779,57.87428],[94.30306,57.85126],[94.31873,57.8263],[94.3276,57.81771],[94.34136,57.81148],[94.3642,57.80357],[94.36474,57.80175],[94.36998,57.80134],[94.38092,57.79813],[94.39296,57.79237]],[[94.25852,55.28755],[94.26916,55.28584],[94.28807,55.27775],[94.30294,55.2797],[94.31597,55.28282],[94.31878,55.28411],[94.32001,55.28899],[94.33768,55.28736]],[[94.30954,55.80985],[94.33979,55.81832],[94.34504,55.81831]],[[94.31686,55.80689],[94.34249,55.81476],[94.34451,55.8162],[94.347,55.82256],[94.35713,55.82222],[94.34652,55.81287]],[[94.34652,55.81287],[94.33987,55.80797],[94.32387,55.80322]],[[94.33768,55.28736],[94.33832,55.29993],[94.33658,55.30752],[94.33595,55.31829],[94.33425,55.32337],[94.32489,55.33751],[94.32706,55.34216],[94.33926,55.35283],[94.34071,55.35892],[94.34507,55.36649],[94.34435,55.37641],[94.34945,55.38066]],[[94.33768,55.28736],[94.33435,55.27959],[94.33742,55.27563],[94.33788,55.27035],[94.35542,55.25211],[94.38818,55.2542],[94.40851,55.25039],[94.45219,55.25231],[94.47789,55.2585],[94.48937,55.25929],[94.49907,55.26255],[94.50057,55.26503],[94.50834,55.27074],[94.52168,55.27323],[94.53507,55.27367],[94.56221,55.2874],[94.5634,55.2895],[94.56075,55.29113],[94.56117,55.29264]],[[94.34422,55.8159],[94.34566,55.81532],[94.34504,55.81334],[94.34652,55.81287]],[[94.34945,55.38066],[94.34892,55.38189]],[[94.34945,55.38066],[94.35068,55.38173],[94.35229,55.38227],[94.37009,55.38503],[94.37357,55.38688],[94.3751,55.38915],[94.3812,55.39113],[94.3964,55.39328],[94.42641,55.40165],[94.44444,55.41529],[94.45713,55.42775],[94.44797,55.43047],[94.43989,55.43429],[94.43669,55.44477],[94.43322,55.44707],[94.42658,55.44891],[94.42367,55.45151],[94.41805,55.4598],[94.41648,55.4716],[94.41281,55.47733],[94.40987,55.47966],[94.4074,55.48484],[94.40882,55.4874],[94.40564,55.49121],[94.40879,55.49804],[94.40669,55.50128]],[[94.40876,55.50262],[94.41254,55.50091],[94.45434,55.49869],[94.45974,55.49699],[94.4943,55.49216]],[[94.41347,55.69142],[94.45248,55.69507],[94.45516,55.69184],[94.4565,55.68706],[94.45369,55.6793],[94.48282,55.67626],[94.475,55.639],[94.48966,55.63762],[94.48696,55.61947]],[[94.41361,55.69095],[94.41406,55.6913]],[[94.41886,57.78723],[94.45118,57.78319],[94.46491,57.77991],[94.49946,57.78218],[94.50283,57.77774],[94.50559,57.77647],[94.55778,57.77687],[94.56441,57.7765],[94.5702,57.77448],[94.57531,57.77086],[94.59179,57.76438],[94.59421,57.76025],[94.59535,57.75447],[94.59718,57.75177],[94.59653,57.74882],[94.5937,57.74579],[94.59149,57.73608],[94.59158,57.73107],[94.60001,57.7289],[94.60153,57.72733],[94.62355,57.72144],[94.64578,57.72314],[94.65294,57.72027],[94.65211,57.71657],[94.64496,57.71385],[94.63419,57.71158],[94.62612,57.70797],[94.62344,57.70537],[94.62563,57.70138],[94.64097,57.69554],[94.65204,57.69445],[94.65704,57.69499],[94.66277,57.69264],[94.67789,57.68441],[94.67937,57.683],[94.67897,57.67973],[94.68653,57.6749]],[[94.44908,56.11254],[94.46723,56.10754],[94.47461,56.10289],[94.47656,56.10194],[94.47861,56.10121],[94.48285,56.10034],[94.49351,56.09937],[94.49515,56.09863],[94.49934,56.09581],[94.50149,56.09465],[94.50386,56.09376],[94.50736,56.09286]],[[94.44913,56.16164],[94.47006,56.16129],[94.47466,56.16029],[94.47018,56.15356],[94.46594,56.15218],[94.46572,56.14918],[94.47393,56.14696],[94.48829,56.14658],[94.48734,56.13009],[94.49882,56.12199],[94.51099,56.12083],[94.51053,56.10069],[94.51403,56.09415],[94.5215,56.09001]],[[94.50743,56.09293],[94.5016,56.09471],[94.49527,56.09868],[94.49357,56.09945],[94.4787,56.10127],[94.46733,56.1076],[94.44915,56.11262]],[[94.45713,55.42775],[94.48829,55.45024],[94.49083,55.45044],[94.53033,55.43481],[94.53185,55.43239],[94.52906,55.42532],[94.56274,55.41062]],[[94.46958,55.84766],[94.48738,55.85771],[94.49005,55.86039]],[[94.49426,57.21536],[94.49707,57.21879],[94.51331,57.23158],[94.51323,57.23284],[94.52529,57.24145],[94.53444,57.25187],[94.53388,57.25572],[94.54212,57.25788],[94.56551,57.25693],[94.58349,57.26003],[94.6066,57.2605],[94.62014,57.26647],[94.6651,57.279],[94.68232,57.29151],[94.69375,57.29421],[94.70761,57.2951],[94.72784,57.29833],[94.74096,57.30514],[94.75544,57.30825],[94.76695,57.31244]],[[94.4943,55.49216],[94.496,55.49295],[94.5002,55.50557],[94.50903,55.50982],[94.53472,55.51841],[94.56405,55.52152],[94.62568,55.53216],[94.67082,55.53983],[94.68465,55.54239],[94.68977,55.54458],[94.74767,55.55428],[94.75319,55.55675],[94.76223,55.55552]],[[94.4943,55.49216],[94.49634,55.48874],[94.5011,55.48492],[94.52978,55.47938],[94.54276,55.48052],[94.56584,55.48593],[94.59041,55.48524],[94.62034,55.48852],[94.62451,55.48837],[94.62908,55.48639]],[[94.50743,56.09293],[94.50736,56.09286]],[[94.50736,56.09286],[94.50747,56.09],[94.51681,56.08192],[94.52329,56.07366],[94.5364,56.06786],[94.55378,56.06695],[94.58926,56.0618],[94.60306,56.05737]],[[94.50736,56.09286],[94.51724,56.09044],[94.51967,56.09005],[94.52163,56.08991]],[[94.5215,56.09001],[94.50743,56.09293]],[[94.5082,57.00119],[94.54937,57.02],[94.56822,57.03173],[94.59592,57.05121],[94.6154,57.05868],[94.63486,57.06404],[94.64525,57.06523],[94.64705,57.07536],[94.65811,57.08594],[94.66386,57.09822],[94.67736,57.11467]],[[94.5096,58.1354],[94.51664,58.13244]],[[94.68992,55.97004],[94.68123,55.97354],[94.65064,55.98248],[94.62209,55.98929],[94.6062,55.98703],[94.5877,55.98809],[94.5735,55.99213],[94.54137,55.99371],[94.54108,55.99572],[94.53477,55.99832],[94.51682,55.99913],[94.51366,56.0023],[94.51386,56.0047],[94.51271,56.00623],[94.50834,56.0082],[94.50952,56.00953],[94.5058,56.01065],[94.50424,56.01315],[94.50598,56.0161],[94.51096,56.02042],[94.51636,56.03721],[94.52239,56.04396],[94.52261,56.04761],[94.52086,56.05109]],[[94.5215,56.09001],[94.52163,56.08991]],[[94.54764,56.09953],[94.54498,56.09673],[94.53631,56.09148],[94.53085,56.09029],[94.5237,56.08995],[94.5215,56.09001]],[[94.52163,56.08991],[94.52432,56.08738],[94.52831,56.08585],[94.54115,56.08593],[94.56519,56.09325],[94.56671,56.09665],[94.5916,56.10351]],[[94.52163,56.08991],[94.52378,56.08986],[94.53088,56.0902],[94.53638,56.09139],[94.54087,56.09371],[94.5456,56.09706],[94.54781,56.09952],[94.54858,56.09949]],[[94.53283,58.70596],[94.54104,58.70766],[94.54937,58.70795],[94.55648,58.71551],[94.55323,58.73078],[94.55399,58.73181],[94.56069,58.73264],[94.57537,58.7307],[94.57989,58.73469],[94.5852,58.73541],[94.58975,58.73767],[94.59646,58.73896],[94.6073,58.73859],[94.61202,58.7446],[94.62039,58.75012],[94.61406,58.75391],[94.61672,58.75812],[94.61529,58.76049],[94.61587,58.76468],[94.62098,58.77046],[94.6216,58.77486],[94.62477,58.7797],[94.62519,58.78326],[94.63043,58.78828],[94.64105,58.7867],[94.64549,58.78784]],[[94.53447,58.43182],[94.52753,58.44099],[94.53049,58.45943],[94.52335,58.46593],[94.52188,58.48837],[94.50144,58.50152],[94.49926,58.52859],[94.49977,58.53011],[94.51081,58.53867],[94.50941,58.54443],[94.5225,58.56955],[94.54949,58.60133],[94.54954,58.61669],[94.55805,58.63572],[94.55133,58.64498],[94.55105,58.64727],[94.54661,58.65455],[94.54689,58.65902],[94.53974,58.67011],[94.53485,58.70324],[94.53283,58.70596]],[[94.57357,58.19045],[94.56552,58.19308],[94.55973,58.19652],[94.53933,58.19977],[94.5235,58.20843],[94.52304,58.22752],[94.52409,58.2385],[94.51989,58.2481],[94.5129,58.25485],[94.55551,58.31302],[94.55043,58.33556],[94.52945,58.36429],[94.52912,58.38692],[94.5525,58.40788],[94.53237,58.42553],[94.53447,58.43182]],[[94.67317,58.22148],[94.67272,58.22437],[94.66236,58.24139],[94.66159,58.25116],[94.66919,58.26099],[94.68309,58.27548],[94.68377,58.27843],[94.68105,58.29059],[94.68203,58.29369],[94.68464,58.29976],[94.69366,58.3058],[94.69504,58.3111],[94.69447,58.31447],[94.70057,58.31858],[94.69637,58.32493],[94.69512,58.33106],[94.69273,58.33362],[94.68698,58.33574],[94.68405,58.34098],[94.68153,58.34653],[94.68051,58.36152],[94.67163,58.36912],[94.66759,58.37068],[94.65761,58.37177],[94.65319,58.37542],[94.65288,58.37742],[94.65658,58.38275],[94.65327,58.39038],[94.64794,58.39299],[94.63385,58.40446],[94.63004,58.40602],[94.6295,58.40896],[94.62196,58.41548],[94.62125,58.41841],[94.62284,58.42309],[94.61286,58.43024],[94.60792,58.43005],[94.60568,58.43122],[94.59662,58.42962],[94.5924,58.42668],[94.58276,58.42662],[94.57441,58.43024],[94.56592,58.43174],[94.55715,58.43057],[94.53447,58.43182]],[[94.54858,56.09949],[94.54798,56.0998]],[[94.54858,56.09949],[94.56067,56.09931],[94.56872,56.09721]],[[94.55156,56.10514],[94.55206,56.1051]],[[94.55184,56.10523],[94.55157,56.10523]],[[94.55185,56.10541],[94.55184,56.10523]],[[94.55184,56.10523],[94.55206,56.1051]],[[94.55206,56.1051],[94.55202,56.1054]],[[94.55687,56.10233],[94.55206,56.1051]],[[94.55687,56.10233],[94.55664,56.09942]],[[94.55687,56.10233],[94.56692,56.10715]],[[94.56444,56.10932],[94.56432,56.10937],[94.56417,56.1094],[94.56388,56.10937]],[[94.56403,56.10933],[94.56444,56.10932]],[[94.56432,56.10958],[94.56432,56.10947],[94.56444,56.10932]],[[94.56444,56.10932],[94.56442,56.10952]],[[94.56444,56.10932],[94.56692,56.10715]],[[94.56692,56.10715],[94.57465,56.10845],[94.58044,56.10649]],[[94.58044,56.10649],[94.58601,56.10849]],[[94.58044,56.10649],[94.58311,56.10407],[94.5836,56.10135]],[[94.58389,56.11596],[94.58794,56.11361]],[[94.58601,56.10849],[94.58664,56.10856]],[[94.58637,56.10879],[94.58601,56.10849]],[[94.58704,56.10927],[94.5865,56.10896]],[[94.58704,56.10927],[94.58869,56.11282]],[[94.5872,56.10888],[94.58704,56.10927]],[[94.58756,56.11925],[94.59332,56.11647],[94.59437,56.11631]],[[94.59437,56.11631],[94.58773,56.11949]],[[94.58794,56.11361],[94.58855,56.11325]],[[94.58888,56.11344],[94.58794,56.11361]],[[94.58888,56.11344],[94.58855,56.11325]],[[94.58855,56.11325],[94.5886,56.11321]],[[94.5886,56.11321],[94.58869,56.11282]],[[94.5886,56.11321],[94.589,56.11321]],[[94.58869,56.11282],[94.58967,56.11333]],[[94.58869,56.11282],[94.58896,56.11319]],[[94.589,56.11321],[94.58888,56.11344]],[[94.58967,56.11333],[94.58888,56.11344]],[[94.589,56.11321],[94.58967,56.11333]],[[94.58967,56.11333],[94.59776,56.11219]],[[94.5916,56.10351],[94.59303,56.10324]],[[94.5916,56.10351],[94.59244,56.1036]],[[94.59223,56.10379],[94.5916,56.10351]],[[94.5936,56.10406],[94.59269,56.10393]],[[94.59287,56.10375],[94.5936,56.10406]],[[94.59353,56.10267],[94.59415,56.10437]],[[94.59415,56.10437],[94.5936,56.10406]],[[94.59415,56.10437],[94.59606,56.10851],[94.59776,56.11219]],[[94.59936,56.11561],[94.59437,56.11631]],[[94.61171,56.1102],[94.61041,56.10741],[94.60861,56.10739],[94.60796,56.1063],[94.596,56.10839]],[[94.59776,56.11219],[94.59936,56.11561]],[[94.59776,56.11219],[94.60376,56.11134]],[[94.59936,56.11561],[94.60531,56.11478]],[[94.60359,56.05764],[94.60306,56.05737]],[[94.60306,56.05737],[94.60389,56.05737]],[[94.60376,56.11134],[94.60531,56.11478]],[[94.61171,56.1102],[94.60376,56.11134]],[[94.66036,56.06086],[94.6449,56.06165],[94.6264,56.06596],[94.60396,56.06623]],[[94.60486,56.09044],[94.60416,56.0906]],[[94.60438,56.09025],[94.60486,56.09044]],[[94.60486,56.09044],[94.63969,56.08863],[94.64441,56.08604],[94.6581,56.08956],[94.65836,56.09249],[94.65482,56.0949],[94.65439,56.09699],[94.64955,56.10221],[94.6508,56.10875],[94.64992,56.10933],[94.61915,56.1128]],[[94.60531,56.11478],[94.61915,56.1128]],[[94.61915,56.1128],[94.61743,56.10936],[94.61171,56.1102]],[[94.61673,55.73862],[94.60982,55.73979],[94.60684,55.74261],[94.61038,55.76058],[94.61029,55.77359],[94.61374,55.78263],[94.62405,55.78787]],[[94.62568,55.53216],[94.62776,55.52852],[94.62655,55.52751],[94.64197,55.49486],[94.64182,55.49173],[94.6402,55.48903],[94.62908,55.48639]],[[94.62908,55.48639],[94.6378,55.47739],[94.63977,55.47324]],[[94.63219,58.19003],[94.64493,58.19304],[94.64871,58.19514],[94.64898,58.19777],[94.66283,58.2057]],[[94.65288,55.94889],[94.67631,55.93007]],[[94.66283,58.2057],[94.66392,58.20255],[94.65735,58.19572],[94.65791,58.19014],[94.65566,58.18516]],[[94.65745,56.05716],[94.65595,56.05685]],[[94.78878,57.05683],[94.78664,57.05981],[94.7769,57.06531],[94.76869,57.0727],[94.75766,57.07819],[94.74661,57.07913],[94.74232,57.08245],[94.73634,57.0814],[94.72015,57.08473],[94.7141,57.0844],[94.70539,57.08167],[94.6977,57.08074],[94.69043,57.08264],[94.65604,57.08387]],[[94.65662,56.05645],[94.65745,56.05716]],[[94.66036,56.06086],[94.65745,56.05716]],[[94.66036,56.06086],[94.66779,56.05999],[94.6687,56.06198],[94.67296,56.06169],[94.67491,56.06593],[94.69001,56.06705],[94.69831,56.07078],[94.71942,56.07097],[94.74213,56.06563],[94.74971,56.06725],[94.79186,56.07114],[94.80383,56.07602],[94.80861,56.08132],[94.81179,56.08299]],[[94.66283,58.2057],[94.66107,58.20801],[94.66144,58.20975],[94.67265,58.22053]],[[94.66624,55.1309],[94.66752,55.14834],[94.67362,55.16117],[94.68257,55.17316],[94.69171,55.17478],[94.69666,55.18444],[94.70022,55.19038],[94.68672,55.20717],[94.67957,55.21118],[94.66664,55.22486],[94.65226,55.23173],[94.64504,55.23262],[94.63985,55.23586],[94.64265,55.23964],[94.64824,55.2434],[94.65404,55.25042],[94.65766,55.26256],[94.66409,55.26744],[94.68243,55.27515],[94.68547,55.2788],[94.6874,55.28734],[94.69161,55.29022],[94.747,55.31576],[94.75626,55.31851],[94.74366,55.32412],[94.74424,55.32506],[94.74722,55.32509],[94.74821,55.32714],[94.75702,55.32711],[94.78007,55.33217],[94.83156,55.33518],[94.84133,55.33824]],[[94.66845,58.18558],[94.66833,58.18519]],[[94.67265,58.22053],[94.67372,58.22146]],[[94.67265,58.22053],[94.67317,58.22148]],[[94.67317,58.22148],[94.67372,58.22146]],[[95.46911,58.45483],[95.45522,58.45513],[95.44774,58.45698],[95.4427,58.45644],[95.43571,58.45803],[95.43202,58.45734],[95.42851,58.46226],[95.4254,58.46415],[95.41793,58.46522],[95.40129,58.47173],[95.38928,58.47303],[95.38354,58.47811],[95.37859,58.47875],[95.36974,58.47497],[95.36126,58.46669],[95.35764,58.46477],[95.3461,58.4635],[95.33935,58.46077],[95.33811,58.45783],[95.33806,58.45327],[95.33363,58.45002],[95.33169,58.44629],[95.31905,58.43423],[95.31816,58.43018],[95.30762,58.42344],[95.3067,58.4197],[95.29607,58.41644],[95.29368,58.41156],[95.29112,58.40964],[95.2787,58.40558],[95.27375,58.40278],[95.26037,58.3995],[95.25658,58.39739],[95.25292,58.39348],[95.2424,58.39387],[95.23111,58.39085],[95.21744,58.38181],[95.21813,58.37801],[95.2159,58.37589],[95.19744,58.3724],[95.18349,58.37418],[95.17508,58.3794],[95.1586,58.37634],[95.15514,58.37814],[95.14772,58.37868],[95.15337,58.38318],[95.14964,58.38898],[95.1468,58.39039],[95.13381,58.39134],[95.11935,58.38579],[95.11469,58.38172],[95.11436,58.3772],[95.11187,58.375],[95.09033,58.3646],[95.07502,58.36334],[95.04811,58.35209],[95.04572,58.34949],[95.03892,58.34617],[95.01559,58.3423],[95.01022,58.34087],[95.0065,58.33835],[95.00341,58.33857],[94.99909,58.34111],[94.98843,58.33989],[94.97385,58.34167],[94.96215,58.33989],[94.95737,58.33896],[94.95646,58.33585],[94.9571,58.33365],[94.95334,58.32997],[94.95188,58.32982],[94.93396,58.33497],[94.92993,58.33739],[94.91014,58.33782],[94.9095,58.33958],[94.91068,58.34042],[94.91776,58.34183],[94.91768,58.34583],[94.91166,58.3482],[94.90789,58.35118],[94.9045,58.35062],[94.88883,58.34264],[94.87477,58.33974],[94.86931,58.33912],[94.86306,58.34083],[94.8576,58.33773],[94.84727,58.33946],[94.82931,58.33753],[94.82826,58.33594],[94.83135,58.33426],[94.83243,58.33108],[94.83518,58.32895],[94.832,58.32551],[94.82718,58.32479],[94.82363,58.32036],[94.82505,58.31704],[94.82337,58.31444],[94.81734,58.31146],[94.81162,58.30545],[94.79776,58.30126],[94.77946,58.30079],[94.77492,58.29975],[94.77787,58.29777],[94.77742,58.2904],[94.7749,58.2845],[94.76737,58.27939],[94.76998,58.25135],[94.76542,58.24634],[94.75305,58.24353],[94.74707,58.24722],[94.74065,58.24719],[94.73051,58.24954],[94.71977,58.25401],[94.71781,58.25634],[94.71359,58.25799],[94.70669,58.25319],[94.70638,58.2511],[94.70199,58.24581],[94.69754,58.24551],[94.69304,58.24203],[94.69109,58.2382],[94.68705,58.23619],[94.68297,58.23236],[94.67372,58.22146]],[[94.67631,55.93007],[94.67642,55.92963]],[[94.67631,55.93007],[94.67693,55.93002]],[[94.67736,57.11467],[94.68138,57.11735],[94.70535,57.12137],[94.71675,57.12073],[94.77816,57.13713],[94.78933,57.14414],[94.82512,57.15728],[94.84417,57.15901],[94.90236,57.17243]],[[94.68166,55.54181],[94.69118,55.54036],[94.72152,55.54558],[94.73612,55.54089],[94.73677,55.54188],[94.76466,55.54874]],[[94.68653,57.6749],[94.68796,57.67629]],[[94.68653,57.6749],[94.69812,57.66807],[94.69911,57.66539],[94.69309,57.65588],[94.6927,57.65341],[94.69714,57.64704],[94.69092,57.63851],[94.68744,57.63168],[94.68338,57.62827],[94.68141,57.6204],[94.69643,57.60946],[94.70715,57.60754],[94.71758,57.60056],[94.70153,57.58804],[94.69099,57.58237],[94.6865,57.57874],[94.69069,57.5621],[94.69032,57.55333],[94.69503,57.54567],[94.6969,57.53959],[94.69623,57.53727],[94.70041,57.53741],[94.70778,57.53319],[94.71746,57.52442],[94.72837,57.51767],[94.73172,57.51188],[94.73228,57.50579],[94.73515,57.5034],[94.73382,57.50146],[94.73472,57.49581],[94.74056,57.4903],[94.74983,57.48864],[94.76511,57.49403],[94.77545,57.49143],[94.78056,57.48915],[94.78571,57.48322],[94.79365,57.47696],[94.80043,57.4736],[94.80639,57.46898],[94.81342,57.46165],[94.81502,57.4564],[94.8197,57.45357],[94.81917,57.45131],[94.82338,57.44591],[94.823,57.44384],[94.81969,57.43949],[94.81943,57.43588],[94.82089,57.43362],[94.82927,57.43026],[94.83454,57.42498],[94.83454,57.42355],[94.82653,57.41754]],[[94.68807,57.67661],[94.68896,57.67988],[94.68745,57.6821],[94.69217,57.68512],[94.69879,57.68638],[94.7056,57.68877],[94.70985,57.69166],[94.72017,57.69424],[94.72567,57.69767],[94.72704,57.70043],[94.73131,57.70426],[94.74212,57.71065],[94.75268,57.71571],[94.75779,57.71531],[94.76242,57.71653],[94.77182,57.723],[94.77463,57.72349],[94.7765,57.72752],[94.78109,57.72789],[94.78633,57.73015],[94.80363,57.74201],[94.81001,57.74308],[94.8153,57.74196],[94.8171,57.7395],[94.81842,57.73418],[94.8233,57.72894],[94.82789,57.72726],[94.83286,57.72714],[94.84062,57.72794],[94.85201,57.7313],[94.86995,57.73744],[94.88039,57.74281]],[[94.69441,55.96975],[94.69181,55.96357],[94.70916,55.96222]],[[94.76267,55.12936],[94.75348,55.13417],[94.75295,55.14426],[94.75061,55.14816],[94.72608,55.17155],[94.71291,55.17882],[94.69517,55.18123]],[[94.71719,55.95851],[94.70729,55.95746],[94.70722,55.95919],[94.70828,55.96004],[94.71131,55.96688]],[[94.72086,58.186],[94.71276,58.18725],[94.67406,58.18883],[94.66765,58.18556],[94.66903,58.18297],[94.6704,58.18253],[94.69993,58.18015],[94.70689,58.18315],[94.71143,58.18186],[94.72101,58.18558]],[[94.72101,58.18558],[94.72086,58.186]],[[94.72086,58.186],[94.72131,58.18599],[94.72177,58.18601],[94.72255,58.18609]],[[94.72101,58.18558],[94.72255,58.18609]],[[94.72255,58.18609],[94.73372,58.18566],[94.73862,58.1819]],[[94.72903,55.88418],[94.74332,55.8884],[94.75021,55.89177],[94.75392,55.89601],[94.75435,55.89704],[94.75259,55.89841],[94.75362,55.90397],[94.75037,55.91001]],[[94.84058,56.81112],[94.8292,56.81684],[94.81796,56.82503],[94.80188,56.85119],[94.79522,56.85967],[94.78806,56.8795],[94.7706,56.89661],[94.77003,56.90329],[94.76145,56.91776],[94.75991,56.92807],[94.74837,56.937],[94.74326,56.9441],[94.73847,56.94775],[94.73809,56.95153]],[[94.98455,55.71682],[94.97307,55.71358],[94.96026,55.71266],[94.95066,55.70809],[94.94301,55.70645],[94.92778,55.68393],[94.91222,55.67129],[94.90195,55.66669],[94.90108,55.66127],[94.88571,55.65792],[94.8762,55.65346],[94.86306,55.65175],[94.85431,55.65384],[94.84322,55.6521],[94.82832,55.65223],[94.82457,55.6535],[94.8177,55.66286],[94.80667,55.66548],[94.78238,55.66437],[94.74265,55.66485]],[[94.74846,55.5974],[94.78583,55.58505],[94.79781,55.57944],[94.80676,55.57848],[94.81944,55.57474]],[[94.76267,55.12936],[94.77324,55.13455],[94.80906,55.1625],[94.81546,55.16454],[94.82567,55.17015],[94.83834,55.17127],[94.84509,55.17302],[94.85284,55.17742],[94.8533,55.17909],[94.87384,55.17834],[94.91799,55.17997],[94.91989,55.20894],[94.91238,55.21675],[94.91129,55.21948],[94.90915,55.22852],[94.91213,55.23179],[94.91201,55.23632]],[[95.10972,55.01123],[95.10413,55.01088],[95.10246,55.01428],[95.097,55.01641],[95.07302,55.01843],[95.06656,55.02148],[95.05758,55.02352],[95.04436,55.0284],[95.03569,55.02718],[95.01469,55.02962],[94.99719,55.02534],[94.99165,55.02913],[94.9862,55.03063],[94.98191,55.03481],[94.95442,55.05198],[94.94055,55.05373],[94.93776,55.05554],[94.93549,55.05462],[94.92229,55.06094],[94.89928,55.06647],[94.83969,55.06735],[94.83079,55.06906],[94.82488,55.07242],[94.82144,55.07612],[94.8109,55.09341],[94.77773,55.1218],[94.76267,55.12936]],[[94.82653,57.41754],[94.80525,57.40591],[94.79961,57.40047],[94.78563,57.37962],[94.7784,57.37508],[94.77626,57.3706],[94.77938,57.36375],[94.78618,57.35645],[94.78641,57.35211],[94.78349,57.34632],[94.78453,57.34122],[94.78177,57.33742],[94.77725,57.33643],[94.77742,57.3315],[94.7702,57.32195],[94.7703,57.31738],[94.76695,57.31244]],[[94.76695,57.31244],[94.76937,57.30752],[94.75976,57.30186],[94.76958,57.29449],[94.77232,57.28849],[94.7829,57.27242],[94.78765,57.26936],[94.79617,57.26755],[94.82369,57.26793],[94.82637,57.26379],[94.83662,57.25549],[94.8563,57.23314]],[[94.76958,57.29449],[94.77773,57.29039],[94.79266,57.28726],[94.8012,57.28431],[94.8058,57.28081],[94.81649,57.27964],[94.82385,57.26782]],[[94.77811,55.44052],[94.79852,55.44563],[94.80194,55.44137],[94.83024,55.43625],[94.83933,55.43632],[94.84226,55.43706],[94.84955,55.44226],[94.88403,55.44927],[94.92051,55.45299],[94.93081,55.45202],[94.97404,55.44203],[95.00348,55.43337],[95.0203,55.42412],[95.04137,55.42003],[95.04097,55.419],[95.05046,55.41783],[95.05736,55.41936],[95.05891,55.42113],[95.06539,55.42301],[95.0728,55.42403],[95.07692,55.42311],[95.08146,55.41983],[95.08694,55.41766],[95.10141,55.41675],[95.13055,55.39276],[95.13793,55.39048],[95.15166,55.39039],[95.17516,55.38234]],[[94.7797,55.92168],[94.78402,55.92418],[94.78869,55.92311],[94.79318,55.92584],[94.79786,55.92347]],[[94.78234,55.52577],[94.84974,55.53289],[94.85043,55.53197],[94.85538,55.53177],[94.86167,55.53271],[94.91925,55.53284],[94.97335,55.54168],[94.9923,55.54327]],[[94.82727,55.77287],[94.81434,55.77871],[94.80744,55.78668],[94.79847,55.78212],[94.79439,55.78138]],[[94.82653,57.41754],[94.8271,57.41754],[94.82904,57.41745],[94.82959,57.41739],[94.83386,57.41501],[94.8377,57.41663],[94.86011,57.4163],[94.86357,57.41544]],[[94.84058,56.81112],[94.85419,56.81597],[94.90269,56.82061],[94.90778,56.82012],[94.91594,56.81627],[94.92293,56.81598],[94.93032,56.8175],[94.94343,56.82392],[94.954,56.82681],[94.98375,56.83921],[94.99304,56.84007],[95.03611,56.8487],[95.07007,56.85017]],[[94.84058,56.81112],[94.85025,56.80536],[94.8558,56.80438],[94.86337,56.79623]],[[94.85878,57.20305],[94.85654,57.20335]],[[94.85708,57.20282],[94.85878,57.20305],[94.86184,57.20343],[94.86287,57.20352],[94.86677,57.20373],[94.8843,57.21393],[94.89151,57.21641],[94.9047,57.21877]],[[94.85925,55.26804],[94.86544,55.26765],[94.87683,55.26419],[94.88707,55.26289],[94.89645,55.26273],[94.89943,55.26564],[94.91387,55.26079]],[[94.87499,56.00578],[94.88563,56.00686],[94.88545,56.00821],[94.88943,56.01102],[94.88991,56.01419],[94.88615,56.01953],[94.88558,56.02414],[94.88192,56.03155],[94.88241,56.03474],[94.88668,56.04202],[94.89305,56.04428],[94.90187,56.0508],[94.91201,56.05628],[94.91318,56.06254],[94.91644,56.07014],[94.92387,56.07607],[94.93764,56.08275],[94.94374,56.08886],[94.95936,56.09369],[94.96547,56.09719],[94.96873,56.10089],[94.97596,56.10571],[94.98758,56.10663],[95.0162,56.1057],[95.02844,56.10716],[95.03868,56.11123],[95.05356,56.11363],[95.07834,56.11283],[95.09384,56.10439],[95.10822,56.09977],[95.11212,56.09576],[95.11521,56.08315],[95.12317,56.07982],[95.14727,56.07674],[95.15561,56.07282],[95.15621,56.07214],[95.15367,56.06455],[95.15347,56.05421],[95.20522,56.01861],[95.20533,56.01287],[95.20394,56.00906],[95.19503,56.00923]],[[94.87605,56.7099],[94.88799,56.70507],[94.90089,56.707],[94.91118,56.70684],[94.91376,56.70805],[94.91595,56.71164],[94.92786,56.70862],[94.96384,56.71459],[94.98287,56.70726],[95.00275,56.69335],[95.02986,56.68906],[95.04841,56.68414],[95.06313,56.68204],[95.08746,56.6852],[95.09589,56.68795],[95.10479,56.68912],[95.1145,56.6895],[95.12465,56.68808],[95.16373,56.68969],[95.20558,56.70253],[95.26085,56.71013]],[[94.9077,57.18234],[94.91266,57.19742],[94.90658,57.20564],[94.89879,57.21177],[94.89558,57.21297],[94.89385,57.21523],[94.89421,57.21689]],[[94.9047,57.21877],[94.90409,57.22191]],[[94.92396,57.21229],[94.9158,57.21206],[94.91587,57.21391],[94.91368,57.21524],[94.91262,57.21788],[94.90546,57.21713],[94.9047,57.21877]],[[94.91387,55.26079],[94.90856,55.25538],[94.90402,55.24651],[94.90475,55.24035],[94.91965,55.23315],[94.93026,55.23232],[94.94403,55.22813],[94.95797,55.22606],[95.00387,55.21296],[95.02683,55.2117],[95.04695,55.21419],[95.06545,55.2119]],[[95.17516,55.38234],[95.17364,55.38086],[95.16972,55.3811],[95.16037,55.38386],[95.15581,55.37951],[95.12059,55.35892],[95.11152,55.35692],[95.11121,55.35592],[95.11803,55.34697],[95.10601,55.34513],[95.08379,55.33184],[95.07072,55.32607],[95.04453,55.31198],[95.02894,55.30779],[95.02169,55.30463],[94.96157,55.27248],[94.93548,55.26096],[94.93184,55.25592],[94.91387,55.26079]],[[94.97207,55.9687],[94.96845,55.96703],[94.97264,55.96651],[94.97545,55.96276],[94.97569,55.9607],[94.97362,55.95557],[94.96996,55.95069],[94.92268,55.93018],[94.92198,55.92785],[94.92542,55.90603]],[[94.93181,55.7672],[94.9328,55.767]],[[94.9328,55.767],[94.93254,55.76729]],[[94.9328,55.767],[94.93313,55.76737]],[[95.44366,55.65965],[95.40408,55.65508],[95.39267,55.6515],[95.3839,55.65304],[95.35539,55.66177],[95.3435,55.6639],[95.32985,55.66479],[95.30427,55.6662],[95.16952,55.66618],[95.13495,55.66845],[95.11244,55.66818],[95.09934,55.66957],[95.06658,55.67864],[95.00239,55.70461],[94.98827,55.71385],[94.98455,55.71682],[94.96702,55.73139],[94.95342,55.74294],[94.9328,55.767]],[[94.94283,55.98802],[94.94695,55.98814]],[[94.94605,55.98913],[94.94695,55.98814]],[[94.94695,55.98814],[94.95166,55.98834],[94.9596,55.98348],[94.97091,55.97366],[94.97242,55.96906]],[[94.95987,55.88558],[94.95965,55.8796],[94.95465,55.87579],[94.9537,55.8668],[94.98939,55.87618]],[[94.97277,55.96891],[94.97207,55.9687]],[[94.97242,55.96906],[94.97207,55.9687]],[[94.97644,55.97031],[94.97236,55.97013]],[[94.97277,55.96891],[94.97242,55.96906]],[[94.97649,55.97006],[94.97277,55.96891]],[[94.97403,55.95631],[94.9743,55.95626]],[[95.05315,56.25704],[95.03316,56.25801],[95.00734,56.25704],[95.00032,56.25822],[94.98696,56.25402],[94.97409,56.25699]],[[94.97758,55.97032],[94.97644,55.97031]],[[94.97644,55.97031],[94.97649,55.97006]],[[94.97758,55.97032],[94.97649,55.97006]],[[94.97758,55.97032],[94.97995,55.97022],[94.99121,55.97121],[94.99229,55.97299]],[[94.99818,56.01162],[95.03374,56.03828],[95.04666,56.04545],[95.0514,56.05095],[95.06507,56.04918]],[[95.00413,57.07419],[95.00847,57.07558],[95.06736,57.08251],[95.11024,57.0839],[95.13271,57.0899],[95.16692,57.08823],[95.19506,57.08938],[95.20668,57.09265],[95.22339,57.09936],[95.24403,57.10294],[95.25321,57.10143],[95.26797,57.10116],[95.29883,57.10679],[95.3047,57.10685],[95.31107,57.11013],[95.33408,57.10993],[95.36758,57.11429],[95.37314,57.10981],[95.37845,57.11074],[95.38141,57.10814],[95.38519,57.10797],[95.40779,57.11701],[95.48795,57.13494],[95.49068,57.14078],[95.48897,57.14507]],[[95.04042,56.21851],[95.0505,56.22652],[95.05085,56.22829],[95.04592,56.23296],[95.04425,56.23671],[95.04756,56.24195],[95.05213,56.24648],[95.05049,56.25088],[95.04714,56.25431],[95.05315,56.25704]],[[95.04818,56.63265],[95.04927,56.63523],[95.05547,56.63671],[95.05894,56.64149],[95.05888,56.64463],[95.06108,56.64695],[95.0583,56.65506],[95.05589,56.65674],[95.06261,56.65758],[95.05942,56.66074],[95.05953,56.66749],[95.06209,56.67161],[95.06012,56.67622],[95.06043,56.68238]],[[95.0766,56.23592],[95.07539,56.23509],[95.07411,56.23447],[95.06079,56.23226],[95.05016,56.22581]],[[95.0766,56.23592],[95.07355,56.23598],[95.06914,56.24086],[95.05389,56.24509],[95.05213,56.24648]],[[95.20307,56.34197],[95.17034,56.34058],[95.11875,56.32767],[95.10351,56.30043],[95.08732,56.28586],[95.08658,56.27703],[95.07231,56.26806],[95.06988,56.26307],[95.06068,56.25717],[95.05315,56.25704]],[[95.06617,55.21195],[95.06545,55.2119]],[[95.06545,55.2119],[95.06617,55.21181]],[[95.08446,55.21194],[95.07103,55.21234],[95.06617,55.21195]],[[95.06617,55.21181],[95.06617,55.21195]],[[95.06617,55.21181],[95.07234,55.21014],[95.07531,55.20423],[95.07918,55.20078],[95.09323,55.19406],[95.10034,55.19268],[95.1081,55.18706],[95.11381,55.18111],[95.11759,55.17485],[95.11882,55.16765],[95.1235,55.16541]],[[95.07007,56.85017],[95.07662,56.85036],[95.08899,56.85328],[95.10084,56.86148],[95.11506,56.86508]],[[95.07007,56.85017],[95.07913,56.84576],[95.08679,56.84465],[95.1216,56.85258],[95.13432,56.85137]],[[95.0984,55.59091],[95.09649,55.59416],[95.0968,55.59746],[95.09361,55.59863],[95.0851,55.61311],[95.08215,55.61434],[95.08887,55.6306],[95.07355,55.66074],[95.0717,55.66844],[95.07351,55.67661]],[[95.0745,56.23574],[95.07539,56.23509]],[[95.35404,56.29628],[95.33726,56.27693],[95.30976,56.25592],[95.3055,56.25383],[95.25397,56.24852],[95.24399,56.24872],[95.22805,56.24714],[95.19026,56.23506],[95.1756,56.23535],[95.16735,56.23753],[95.14884,56.2368],[95.1459,56.23755],[95.14577,56.24043],[95.14048,56.2389],[95.13048,56.23866],[95.11741,56.24356],[95.09089,56.23704],[95.0766,56.23592]],[[95.09169,56.42264],[95.10833,56.42203],[95.12269,56.41968],[95.19251,56.41867],[95.19558,56.41753]],[[95.1057,56.48227],[95.11944,56.48493],[95.13029,56.48992],[95.13846,56.49207],[95.16064,56.49723],[95.17613,56.49942],[95.20092,56.50653],[95.21939,56.51005],[95.23926,56.52021],[95.24277,56.52569],[95.24916,56.53054],[95.25344,56.53277],[95.25811,56.53358],[95.3075,56.52517],[95.34126,56.52504],[95.36115,56.52169],[95.37079,56.51899],[95.38113,56.51794],[95.39861,56.51872],[95.41066,56.52295],[95.41895,56.52374]],[[95.1235,55.16541],[95.11529,55.16516],[95.11317,55.16421],[95.11272,55.15492],[95.11694,55.14845],[95.11576,55.13959],[95.1176,55.13584],[95.12346,55.13001],[95.1226,55.12379],[95.12556,55.11772],[95.13357,55.109],[95.13791,55.10114],[95.14734,55.09374],[95.15016,55.07558],[95.14825,55.07183],[95.13727,55.05903],[95.12901,55.05537],[95.12181,55.04901],[95.1208,55.04744],[95.1212,55.04259],[95.12028,55.03995],[95.11431,55.03675],[95.10756,55.03121],[95.10682,55.02345],[95.1149,55.01803],[95.10972,55.01123]],[[95.10972,55.01123],[95.11224,55.00793]],[[95.12227,56.47851],[95.13909,56.47889],[95.16489,56.4702],[95.17793,56.46362],[95.20785,56.44526],[95.21824,56.4354],[95.21863,56.43044],[95.21491,56.42746],[95.21268,56.42291],[95.19558,56.41753]],[[95.1235,55.16541],[95.12804,55.16192],[95.1373,55.16161],[95.14133,55.16014],[95.14247,55.15886],[95.14332,55.15291],[95.14898,55.14846],[95.16197,55.14772],[95.19028,55.15182],[95.19858,55.14978],[95.23033,55.15471],[95.24282,55.15526],[95.25102,55.15326],[95.26285,55.14493],[95.26924,55.14205],[95.27393,55.13672],[95.28003,55.13395],[95.2916,55.13422],[95.29577,55.13789]],[[95.16446,57.08832],[95.16904,57.08567],[95.18054,57.08354],[95.19293,57.08371]],[[95.22429,56.8396],[95.22218,56.84016],[95.22092,56.84046],[95.21201,56.84231],[95.20329,56.84375],[95.16972,56.84663],[95.1684,56.8449]],[[95.17516,55.38234],[95.17647,55.38401],[95.17594,55.38557],[95.17014,55.38799],[95.16548,55.39285],[95.16338,55.39845],[95.1639,55.40188],[95.18886,55.41811],[95.19123,55.42039],[95.19407,55.42599],[95.1994,55.43044],[95.2001,55.43371],[95.20561,55.43341],[95.20608,55.43887],[95.22148,55.44625],[95.22415,55.45033],[95.21416,55.45605],[95.20561,55.47218],[95.22358,55.4775],[95.23637,55.48554],[95.23829,55.48824],[95.26246,55.49019],[95.27657,55.50002],[95.28631,55.51092],[95.30257,55.51608],[95.31583,55.53172],[95.34481,55.55492],[95.3558,55.5624],[95.36001,55.56598],[95.36682,55.57527],[95.37288,55.57913],[95.37322,55.58075],[95.36764,55.59],[95.36877,55.59749],[95.37452,55.60387],[95.39306,55.60954],[95.39653,55.61306],[95.39942,55.61978],[95.40892,55.62187],[95.41331,55.62532],[95.4268,55.62953],[95.43771,55.63568],[95.45139,55.63722],[95.45616,55.63892]],[[95.19293,57.08371],[95.20009,57.08394]],[[95.19293,57.08371],[95.19266,57.08585],[95.19442,57.08661],[95.19549,57.08945]],[[95.1936,56.21297],[95.20038,56.21347],[95.21559,56.20973],[95.22972,56.20835],[95.2398,56.20894],[95.25583,56.21332],[95.26428,56.21025],[95.28186,56.20725],[95.29212,56.20352],[95.33656,56.20152],[95.42241,56.20381],[95.4263,56.203],[95.43465,56.19786],[95.4658,56.20101],[95.53184,56.19743],[95.58624,56.19763],[95.6268,56.19869],[95.64984,56.19972],[95.66672,56.20564],[95.68562,56.20527]],[[95.19558,56.41753],[95.19781,56.40737],[95.21064,56.38723],[95.21222,56.38224],[95.20948,56.37576],[95.21211,56.36702],[95.2012,56.34536],[95.20202,56.34354],[95.20489,56.34201]],[[95.20489,56.34201],[95.20307,56.34197]],[[95.20317,56.34267],[95.20307,56.34197]],[[95.51974,56.2555],[95.50158,56.26372],[95.48947,56.26541],[95.45943,56.27433],[95.42954,56.28081],[95.40699,56.2888],[95.37111,56.29641],[95.35211,56.29641],[95.34651,56.298],[95.33378,56.30454],[95.2655,56.31961],[95.24345,56.32234],[95.23283,56.32666],[95.22049,56.33397],[95.21635,56.34067],[95.20489,56.34201]],[[95.22115,56.83763],[95.21533,56.83416],[95.21269,56.83196],[95.21175,56.82912],[95.21177,56.82047]],[[95.2118,56.82747],[95.21503,56.82739],[95.22102,56.82367]],[[95.23911,56.81623],[95.23339,56.82177],[95.22866,56.82469],[95.22511,56.82716],[95.2197,56.83062],[95.21269,56.83196]],[[95.23046,56.8236],[95.23081,56.82433],[95.22787,56.82669],[95.22575,56.8283],[95.22399,56.82958],[95.22039,56.8323],[95.21826,56.83396]],[[95.23699,56.82173],[95.22496,56.83128],[95.22345,56.83243],[95.22284,56.83289],[95.22153,56.83387],[95.2192,56.83552],[95.21855,56.83605]],[[95.22062,56.8235],[95.22069,56.82353],[95.22213,56.82416],[95.22554,56.82576],[95.22647,56.82616]],[[95.22082,56.83197],[95.22086,56.83209],[95.22284,56.83289],[95.2229,56.83291]],[[95.22218,56.84016],[95.22012,56.83845],[95.22115,56.83763]],[[95.22115,56.83763],[95.24313,56.81949]],[[95.22429,56.8396],[95.22294,56.83901]],[[95.22429,56.8396],[95.23064,56.84031],[95.24739,56.84489],[95.25148,56.848],[95.27017,56.85595],[95.28619,56.86702],[95.31672,56.88173],[95.3216,56.88654],[95.32772,56.88982],[95.33283,56.89629],[95.34044,56.90245],[95.3494,56.90654],[95.39485,56.90762],[95.4076,56.90885],[95.42728,56.91415],[95.4609,56.92741],[95.4877,56.93095],[95.51705,56.93258]],[[95.22429,56.8396],[95.22618,56.83792],[95.22652,56.83761]],[[95.23359,56.83219],[95.22613,56.83915]],[[95.22618,56.83792],[95.22706,56.83827]],[[95.22752,56.83783],[95.22652,56.83761]],[[95.22652,56.83761],[95.24462,56.82198],[95.2442,56.82043],[95.24313,56.81949],[95.23911,56.81623]],[[95.23911,56.81623],[95.22938,56.80883]],[[95.23544,56.83271],[95.24751,56.83602]],[[95.42715,56.83929],[95.41002,56.83929],[95.40865,56.84317],[95.39077,56.84822],[95.36245,56.85073],[95.34574,56.84967],[95.32692,56.84531],[95.2811,56.83805],[95.25824,56.83792],[95.23547,56.84146]],[[95.23911,56.81623],[95.25333,56.81442]],[[95.30719,56.78143],[95.28301,56.78042],[95.27474,56.77873],[95.26861,56.77458],[95.25831,56.77091],[95.24071,56.7701]],[[95.24137,56.82612],[95.2442,56.8249]],[[95.48656,56.68856],[95.48654,56.69034],[95.47162,56.70256],[95.46554,56.70503],[95.43832,56.71206],[95.36664,56.74366],[95.33152,56.76522],[95.31935,56.77158],[95.31269,56.77656],[95.31074,56.77817],[95.30793,56.78072],[95.30719,56.78143],[95.30628,56.7823],[95.30515,56.78324],[95.29332,56.79149],[95.27368,56.80124],[95.26828,56.80827],[95.25467,56.81837],[95.25323,56.81872],[95.24831,56.81884],[95.24711,56.81897],[95.24673,56.81902],[95.24387,56.8201]],[[95.24711,56.81897],[95.24458,56.82095]],[[95.24742,56.84491],[95.24776,56.84476]],[[95.24758,56.62664],[95.30474,56.63395]],[[95.25965,56.83796],[95.2614,56.85194]],[[95.25987,56.83802],[95.25989,56.83799]],[[95.26124,56.85166],[95.26096,56.85177]],[[95.28168,55.7985],[95.28982,55.79873],[95.3006,55.80179],[95.32753,55.80037]],[[95.43465,56.19786],[95.39654,56.19068],[95.39826,56.18164],[95.3958,56.17918],[95.39451,56.16983],[95.37395,56.16313],[95.35367,56.15975],[95.33937,56.15198],[95.3337,56.13798],[95.32989,56.12429],[95.33041,56.1153]],[[95.33642,56.61012],[95.34918,56.61233],[95.37995,56.62176],[95.42911,56.63879],[95.448,56.64756],[95.45144,56.64959],[95.45717,56.66011],[95.462,56.66532],[95.47843,56.6785]],[[95.35032,55.61162],[95.36107,55.61169],[95.38041,55.60874],[95.38051,55.60605]],[[95.35503,55.73362],[95.42319,55.75857],[95.42835,55.76546],[95.43302,55.77502],[95.43751,55.78048],[95.44574,55.7858],[95.46559,55.79337],[95.4779,55.79436],[95.53956,55.78567],[95.55186,55.78728],[95.55504,55.78935],[95.56842,55.79185]],[[95.40405,56.51996],[95.41072,56.51839],[95.40544,56.51228]],[[95.44866,58.45683],[95.4559,58.46117],[95.45987,58.46178],[95.48295,58.46013],[95.50332,58.45667],[95.51717,58.4597],[95.51847,58.46118],[95.5176,58.46482],[95.51291,58.46804],[95.51736,58.47134],[95.5157,58.47864],[95.5225,58.48348],[95.53826,58.48371],[95.54901,58.48739],[95.55895,58.48834],[95.563,58.49194],[95.56196,58.50367],[95.56964,58.50591],[95.57779,58.51001],[95.58076,58.51555],[95.58582,58.51878],[95.58726,58.52109],[95.59583,58.5245],[95.59882,58.52826],[95.60307,58.52939],[95.60292,58.53229],[95.60539,58.5349],[95.60368,58.53777],[95.60425,58.53871],[95.62335,58.54953],[95.64254,58.5585],[95.65084,58.57512],[95.6509,58.57759],[95.65215,58.57796],[95.65746,58.57787],[95.66614,58.57405],[95.68144,58.57578],[95.70419,58.57409],[95.71053,58.57206],[95.7124,58.56948],[95.72939,58.55727],[95.73047,58.55398],[95.73498,58.55038],[95.73654,58.54612],[95.74094,58.54397],[95.74314,58.54025],[95.74956,58.53635],[95.74984,58.53093],[95.75337,58.52933],[95.75872,58.52878],[95.77196,58.52978],[95.7881,58.53407],[95.7976,58.53511],[95.83437,58.54359],[95.85693,58.55169],[95.85641,58.55429],[95.85791,58.55612],[95.8727,58.56249],[95.88877,58.56434],[95.89885,58.56725],[95.90177,58.56872],[95.9047,58.57219],[95.91127,58.57519],[95.92315,58.57515],[95.93425,58.57878],[95.94729,58.57884],[95.94873,58.57739],[95.95628,58.57516],[95.97946,58.57233],[95.99289,58.57467],[96.00465,58.57293],[96.01145,58.57313],[96.02055,58.57105],[96.03263,58.57128],[96.03892,58.57301],[96.0572,58.5701],[96.08475,58.56944],[96.09986,58.56672],[96.1154,58.55914]],[[95.44923,55.6504],[95.44984,55.65024]],[[95.44934,55.65021],[95.44984,55.65024]],[[95.44984,55.65024],[95.45448,55.64916],[95.46913,55.65015]],[[95.46913,55.65015],[95.45616,55.63892]],[[95.51603,55.58828],[95.4861,55.60993],[95.47663,55.6235],[95.4622,55.63558],[95.45616,55.63892]],[[95.53941,56.50415],[95.53003,56.49745],[95.50008,56.48283],[95.47673,56.47721],[95.46538,56.46772]],[[95.46616,56.3992],[95.46457,56.39574],[95.5337,56.38196]],[[95.46913,55.65015],[95.48043,55.65046],[95.49157,55.65305],[95.49312,55.65597],[95.49245,55.66101],[95.4986,55.66254],[95.50291,55.6651],[95.50282,55.67148],[95.51408,55.6723],[95.53238,55.66582],[95.54046,55.66823],[95.54663,55.66873],[95.55467,55.66657],[95.56233,55.66632],[95.57877,55.66715],[95.59232,55.67065],[95.60153,55.67165],[95.61516,55.67115],[95.62033,55.67319],[95.62999,55.67428],[95.63393,55.67665],[95.65351,55.67832]],[[95.47578,56.03311],[95.48334,56.03112],[95.48096,56.02825],[95.47496,56.0261],[95.48357,56.01782],[95.49949,56.0133]],[[95.47843,56.6785],[95.48364,56.68293],[95.48656,56.68856]],[[95.64597,56.61343],[95.64198,56.61899],[95.62708,56.62794],[95.57687,56.64928],[95.54776,56.66598],[95.50833,56.68032],[95.49105,56.67795],[95.47843,56.6785]],[[95.48719,56.68873],[95.48656,56.68856]],[[95.5489,56.69098],[95.54435,56.68813],[95.54092,56.68304],[95.50343,56.68548],[95.50236,56.68449],[95.49762,56.6854],[95.49082,56.68876],[95.49013,56.68882],[95.48833,56.68874],[95.48759,56.68872],[95.48719,56.68873],[95.48662,56.68898]],[[95.48978,55.30941],[95.49772,55.31254],[95.51833,55.32598],[95.5341,55.3314],[95.53861,55.33749],[95.54376,55.34053],[95.54951,55.3429],[95.55612,55.34345],[95.57545,55.34808],[95.58612,55.35446],[95.62487,55.3701],[95.63127,55.3777],[95.65264,55.38484],[95.6707,55.39367],[95.67202,55.39878]],[[95.49874,56.0135],[95.49873,56.0132]],[[95.50253,55.67111],[95.49909,55.67013],[95.49757,55.67164],[95.50202,55.67483],[95.49904,55.67988]],[[95.50221,55.67132],[95.50268,55.67142]],[[95.51057,55.67204],[95.50642,55.66639],[95.50258,55.66476]],[[95.74423,55.67942],[95.74433,55.67681],[95.74099,55.67308],[95.74155,55.67165],[95.7519,55.6644],[95.75852,55.65656],[95.76528,55.65304],[95.75437,55.65034],[95.73713,55.65124],[95.7284,55.65039],[95.7244,55.65393],[95.72254,55.65743],[95.71547,55.66232],[95.71124,55.67025],[95.69418,55.67406],[95.68302,55.6753],[95.67682,55.66848],[95.6694,55.66634],[95.66086,55.657],[95.65561,55.65371],[95.6506,55.65142],[95.62992,55.65039],[95.61053,55.63926],[95.60899,55.63605],[95.61055,55.62731],[95.60788,55.62436],[95.59011,55.61469],[95.58916,55.61336],[95.59233,55.609],[95.59101,55.60699],[95.58569,55.60434],[95.57679,55.60315],[95.55073,55.60404],[95.53552,55.59324],[95.51603,55.58828]],[[95.65859,55.41705],[95.64772,55.42472],[95.63947,55.42827],[95.61813,55.43135],[95.59662,55.43817],[95.5926,55.44318],[95.59175,55.44748],[95.58723,55.45552],[95.57342,55.4655],[95.57195,55.46899],[95.58387,55.48685],[95.56998,55.50769],[95.57495,55.52671],[95.5351,55.57471],[95.51603,55.58828]],[[95.55228,56.25179],[95.51974,56.2555]],[[95.55228,56.25179],[95.54104,56.25734],[95.53008,56.25721],[95.52033,56.25551],[95.52008,56.25549],[95.51974,56.2555]],[[95.54118,56.5047],[95.53941,56.50415]],[[95.53941,56.50415],[95.54061,56.50501]],[[95.54061,56.50501],[95.54585,56.5095],[95.54924,56.51522],[95.55904,56.52154],[95.55903,56.5304],[95.56128,56.5363],[95.5599,56.54146],[95.56285,56.54443],[95.5616,56.54993],[95.57391,56.55744],[95.58524,56.56736],[95.61826,56.58565],[95.61958,56.58751],[95.61849,56.59608],[95.62079,56.60297],[95.62537,56.61251],[95.62878,56.61599],[95.62972,56.61625],[95.64129,56.61375],[95.64597,56.61343]],[[95.54061,56.50501],[95.54118,56.5047]],[[95.6251,56.50368],[95.61247,56.50289],[95.59822,56.50526],[95.57132,56.50557],[95.5596,56.50765],[95.54118,56.5047]],[[95.54655,56.34968],[95.56876,56.35738],[95.64059,56.3674],[95.70812,56.36061],[95.73525,56.36071],[95.73462,56.34998],[95.73755,56.34381],[95.74935,56.33518],[95.74851,56.33007]],[[95.604,56.26026],[95.59488,56.25991],[95.55562,56.25189],[95.554,56.25173],[95.55228,56.25179]],[[95.58538,56.20147],[95.58269,56.19785]],[[95.58538,56.20147],[95.58579,56.20155],[95.58615,56.20129],[95.5868,56.20147]],[[95.5868,56.20147],[95.5861,56.2027],[95.58538,56.20147]],[[95.58931,56.1979],[95.5868,56.20147]],[[95.66881,56.20773],[95.63865,56.2299],[95.62804,56.23115],[95.60848,56.23093]],[[95.62133,55.90415],[95.67522,55.90556],[95.6904,55.89949],[95.71479,55.89943],[95.7316,55.8978],[95.7439,55.8998]],[[95.64529,56.61376],[95.645,56.61353]],[[95.64597,56.61343],[95.66556,56.61143],[95.69779,56.60621],[95.7234,56.60786],[95.72559,56.60505],[95.73109,56.6025],[95.76752,56.61048],[95.7889,56.61256],[95.80975,56.61752],[95.8216,56.61515],[95.83657,56.61593],[95.85786,56.62264],[95.87846,56.62302],[95.89195,56.62517],[95.92411,56.63242],[95.94472,56.63924],[95.96761,56.64493],[96.02717,56.65858],[96.03757,56.66272]],[[95.65198,56.25099],[95.65176,56.25072]],[[95.65198,56.25099],[95.65227,56.25348],[95.65269,56.25317]],[[95.65241,56.25079],[95.65198,56.25099]],[[95.65223,56.2531],[95.66063,56.24995],[95.67827,56.25027],[95.68211,56.25416],[95.69579,56.25111]],[[95.81545,55.54703],[95.81314,55.5462],[95.81699,55.54249],[95.82114,55.54088],[95.82808,55.53538],[95.83546,55.52704],[95.85697,55.51717],[95.85799,55.51443],[95.86358,55.51117],[95.86921,55.50994],[95.87602,55.50565],[95.89049,55.50346],[95.89111,55.50034],[95.8888,55.49953],[95.88434,55.49111],[95.90059,55.48601],[95.90166,55.47792],[95.91214,55.46378],[95.90907,55.45769],[95.88934,55.45603],[95.86417,55.45628],[95.86116,55.4554],[95.85835,55.45151],[95.84836,55.45015],[95.85034,55.44661],[95.84912,55.44416],[95.8442,55.43992],[95.84072,55.43855],[95.83133,55.43867],[95.81501,55.44118],[95.8024,55.44102],[95.75814,55.42752],[95.73338,55.41586],[95.71966,55.41515],[95.70572,55.41967],[95.6928,55.4215],[95.67607,55.42073],[95.65859,55.41705]],[[95.77702,55.16703],[95.77022,55.17016],[95.76877,55.17838],[95.76423,55.18343],[95.76407,55.18549],[95.76127,55.18766],[95.76601,55.19405],[95.76549,55.19718],[95.76288,55.19921],[95.7625,55.20078],[95.75795,55.20217],[95.75741,55.20511],[95.7468,55.21091],[95.728,55.21329],[95.72748,55.21519],[95.71615,55.22453],[95.72109,55.24216],[95.71958,55.2541],[95.72248,55.25879],[95.73712,55.26867],[95.74857,55.28843],[95.75182,55.3137],[95.75103,55.31953],[95.73278,55.33438],[95.728,55.3396],[95.70554,55.34908],[95.68902,55.35385],[95.68862,55.3551],[95.69097,55.36094],[95.67895,55.38932],[95.67555,55.39565],[95.67202,55.39878],[95.67351,55.40295],[95.66246,55.40936],[95.66335,55.41168],[95.66269,55.41393],[95.65859,55.41705]],[[95.66093,56.21375],[95.67196,56.21362],[95.67475,56.21359],[95.67777,56.21356],[95.68335,56.21341],[95.68638,56.21332],[95.68847,56.21323],[95.68957,56.21295]],[[95.66931,56.21365],[95.66894,56.20944],[95.66881,56.20773],[95.66867,56.20561]],[[95.7069,56.2931],[95.70036,56.29563],[95.68822,56.29767],[95.68549,56.29359],[95.67844,56.29466]],[[95.68517,56.18241],[95.68923,56.19048]],[[95.68593,56.18254],[95.6856,56.183]],[[95.68638,56.21332],[95.68562,56.20527]],[[95.68562,56.20527],[95.6853,56.20082],[95.6912,56.20064],[95.69344,56.20132],[95.70131,56.2038],[95.70361,56.2045],[95.70503,56.20495],[95.70524,56.20503],[95.70616,56.20526],[95.71904,56.20462]],[[95.71731,56.20665],[95.71523,56.20689],[95.71305,56.20695],[95.71029,56.20703],[95.7051,56.20718],[95.69978,56.20731],[95.69591,56.20739],[95.69114,56.20755],[95.68586,56.20766]],[[95.68596,56.18349],[95.70073,56.18537],[95.7083,56.18504],[95.72174,56.18839],[95.74415,56.19189],[95.74337,56.19281],[95.74502,56.19311],[95.7603,56.19275],[95.7632,56.19323],[95.76407,56.19401],[95.76619,56.19586],[95.76689,56.19639],[95.76996,56.19752],[95.78219,56.19943]],[[95.6998,56.20811],[95.69422,56.20918],[95.68957,56.21295],[95.69359,56.22379]],[[95.69579,56.25111],[95.69617,56.25083]],[[95.69638,56.2511],[95.69579,56.25111]],[[95.70512,56.20823],[95.6998,56.20811]],[[95.6998,56.20811],[95.69978,56.20731],[95.69975,56.20654],[95.69982,56.20528],[95.6999,56.20518],[95.70131,56.2038],[95.70139,56.20372],[95.70262,56.20229],[95.70244,56.20003],[95.7146,56.19972],[95.71663,56.20027]],[[95.70107,56.25884],[95.70199,56.25682],[95.704,56.25619],[95.73238,56.2531],[95.74943,56.25374],[95.75527,56.25274],[95.75908,56.25054],[95.76044,56.24796],[95.75948,56.24573],[95.7562,56.24289],[95.75194,56.24169],[95.75145,56.23609],[95.74369,56.23107],[95.74276,56.22762],[95.74424,56.22582],[95.74506,56.22386]],[[95.70382,56.15549],[95.71548,56.14079],[95.71584,56.13734],[95.7224,56.13718],[95.75944,56.15773]],[[95.70492,56.19998],[95.70498,56.20479],[95.70503,56.20495],[95.70504,56.20508],[95.7051,56.20718],[95.70512,56.20823]],[[95.71031,56.20827],[95.70512,56.20823]],[[95.7069,56.2931],[95.70779,56.29261]],[[95.70806,56.29323],[95.70759,56.29307],[95.7069,56.2931]],[[95.71031,56.20827],[95.71029,56.20703],[95.71014,56.20513]],[[95.71508,56.2114],[95.71031,56.20827]],[[95.71293,56.20496],[95.71305,56.20695],[95.71313,56.20778],[95.71031,56.20827]],[[95.71484,56.21251],[95.71508,56.2114]],[[95.71508,56.2114],[95.71524,56.21279]],[[95.71869,56.20461],[95.71888,56.20443]],[[95.72946,56.18165],[95.73042,56.18181]],[[95.73042,56.18181],[95.72951,56.1819]],[[95.73762,56.19082],[95.74126,56.18334],[95.73042,56.18181]],[[95.82,56.07614],[95.82049,56.08693],[95.81662,56.09207],[95.80612,56.09998],[95.79707,56.10215],[95.79526,56.10372],[95.79264,56.12566],[95.7755,56.14233],[95.77134,56.14435],[95.76344,56.15107],[95.75848,56.15964],[95.75517,56.16264],[95.75022,56.17077],[95.73898,56.18298]],[[95.82,56.07614],[95.81809,56.05779],[95.81111,56.04448],[95.7951,56.03264],[95.74125,56.00077],[95.7285,55.98896],[95.72647,55.98491],[95.72466,55.97531],[95.72863,55.96441],[95.72349,55.95932],[95.72263,55.9563],[95.72367,55.95073],[95.71965,55.94633],[95.7175,55.94027],[95.71865,55.93698],[95.72491,55.93163],[95.74089,55.92766],[95.74626,55.92403],[95.74661,55.92282],[95.74226,55.9161],[95.74225,55.90231],[95.74673,55.89581],[95.75212,55.88571],[95.75755,55.88037],[95.77614,55.87345],[95.78974,55.86515],[95.81168,55.85889],[95.82813,55.8596],[95.82835,55.86768],[95.82312,55.87126],[95.8235,55.87716],[95.8278,55.88075],[95.83515,55.89466],[95.84226,55.90398],[95.83931,55.90444],[95.83779,55.90302],[95.82968,55.90465],[95.82004,55.90893],[95.8134,55.91018],[95.74239,55.90833]],[[95.74484,56.22424],[95.7444,56.22386]],[[95.74976,56.21831],[95.75222,56.22412],[95.75088,56.22529]],[[95.75848,56.15964],[95.76068,56.16313],[95.76402,56.1643],[95.77402,56.16189],[95.78431,56.16551],[95.78845,56.17402],[95.79102,56.17693],[95.78993,56.18013],[95.78256,56.18751],[95.76407,56.19401]],[[96.0172,56.28572],[96.01628,56.28842],[96.01476,56.28908],[95.99673,56.28995],[95.97766,56.28869],[95.95627,56.28924],[95.92608,56.2851],[95.91274,56.28561],[95.90593,56.28789],[95.90464,56.29138],[95.89909,56.29619],[95.89987,56.29904],[95.89818,56.30192],[95.88919,56.30626],[95.88407,56.31073],[95.86494,56.31731],[95.84918,56.31979],[95.79913,56.32171],[95.78259,56.32478],[95.75949,56.33463]],[[95.77584,56.23124],[95.77635,56.23114]],[[95.77635,56.23114],[95.77637,56.23144]],[[95.77635,56.23114],[95.7899,56.22073]],[[95.79738,56.94657],[95.77913,56.93648],[95.77013,56.92662],[95.77053,56.92266],[95.77821,56.91224],[95.77934,56.89839],[95.80242,56.893],[95.82635,56.88256],[95.85998,56.87855],[95.86504,56.87175],[95.86793,56.86529],[95.87618,56.86197],[95.89795,56.84119],[95.90404,56.83956],[95.89992,56.83508],[95.88914,56.82939],[95.88464,56.82172],[95.88501,56.81677],[95.91374,56.79513],[95.93034,56.78863],[95.94447,56.78554],[95.95557,56.76676],[95.97875,56.76092],[95.98039,56.75794],[95.98036,56.75397],[95.98452,56.74854],[96.00241,56.7391],[96.01333,56.73621],[96.01426,56.73287],[96.01776,56.72933],[96.01889,56.71672],[96.02138,56.70815],[96.0305,56.69933],[96.05618,56.68405],[96.07112,56.68247]],[[95.82031,56.11],[95.81503,56.10346],[95.80495,56.10043]],[[95.86886,56.06548],[95.85781,56.06492],[95.84515,56.0667],[95.82,56.07614]],[[95.82527,56.713],[95.83184,56.71302],[95.84015,56.70942],[95.86413,56.70302],[95.88908,56.68737],[95.8952,56.68705],[95.90736,56.68871],[95.94431,56.68481],[95.96095,56.68695],[95.995,56.68534],[96.02983,56.68638],[96.04115,56.68274],[96.05269,56.68117],[96.06523,56.67675],[96.0681,56.67541]],[[95.87811,56.2243],[95.88051,56.22314],[95.88069,56.22102],[95.8842,56.22013],[95.89045,56.21594],[95.90021,56.21455],[95.92522,56.22255],[95.94138,56.22495]],[[95.87928,55.75424],[95.88608,55.75313],[95.88656,55.75118],[95.89677,55.7492],[95.90154,55.74633],[95.93624,55.738],[95.98182,55.74356],[95.98952,55.74311],[96.01382,55.73742],[96.02252,55.73794],[96.03656,55.7447],[96.04884,55.74691],[96.05402,55.74947],[96.05936,55.74918],[96.07173,55.75456],[96.08709,55.75571],[96.08933,55.75717],[96.09403,55.76497],[96.09658,55.76608],[96.13599,55.77528],[96.1565,55.77893],[96.18956,55.78285],[96.19129,55.78023]],[[96.04014,56.31053],[96.03734,56.31572],[96.02275,56.32428],[96.02172,56.3357],[96.00658,56.36701],[95.99694,56.3714],[95.9917,56.37547],[95.98725,56.381],[95.98076,56.39571],[95.96715,56.40072],[95.94549,56.4039],[95.92452,56.41159],[95.91101,56.42378],[95.90981,56.4272],[95.91137,56.43018],[95.91111,56.43236],[95.90133,56.44088]],[[95.9278,55.946],[95.93048,55.94752],[95.93039,55.94994],[95.93326,55.95381],[95.96066,55.95684],[95.97179,55.96004],[96.00755,55.98647],[96.05967,55.98574],[96.07916,55.98773],[96.12971,55.98677],[96.17294,55.99081]],[[96.09804,56.69832],[96.10385,56.70369],[96.11744,56.73007],[96.12104,56.73377],[96.12947,56.73989],[96.13492,56.74246],[96.1531,56.74589],[96.15707,56.75374],[96.15961,56.76258],[96.16417,56.76703],[96.16502,56.76779],[96.16646,56.76903],[96.16934,56.77162],[96.17363,56.77591],[96.17323,56.78643],[96.17158,56.79185],[96.17432,56.79895],[96.18602,56.80548],[96.19194,56.81008],[96.20169,56.814],[96.20466,56.82137],[96.20424,56.82497],[96.20562,56.83176],[96.21008,56.83735],[96.21106,56.84382],[96.21784,56.84704],[96.22064,56.85073],[96.231,56.85441],[96.23205,56.86048],[96.22443,56.86648],[96.25925,56.90085],[96.2682,56.90651],[96.26939,56.91101],[96.27437,56.91525],[96.2752,56.9186],[96.28008,56.92051],[96.28656,56.91929],[96.29069,56.92331],[96.31301,56.9301],[96.32343,56.93635],[96.33123,56.93698],[96.3377,56.94454],[96.33391,56.94703],[96.33699,56.96444],[96.33597,56.96568],[96.34075,56.98362],[96.34858,56.98845],[96.35082,56.99157],[96.36638,57.00001],[96.37159,57.0155],[96.38909,57.03837],[96.39572,57.03907],[96.40995,57.04529],[96.42211,57.05306],[96.41765,57.05895],[96.41499,57.06485],[96.41514,57.07032],[96.41923,57.07377],[96.44184,57.08091],[96.44845,57.08728],[96.4532,57.09415],[96.45216,57.09836],[96.45307,57.11014],[96.46575,57.12689],[96.46986,57.12916],[96.49221,57.13559],[96.49762,57.13928],[96.49795,57.14248],[96.49523,57.14696],[96.49716,57.15747],[96.4895,57.1646],[96.49021,57.16758],[96.47789,57.17213],[96.45349,57.17489],[96.4431,57.17831],[96.42645,57.18743],[96.42341,57.19143],[96.42367,57.19353],[96.42194,57.19576],[96.42266,57.19819],[96.42448,57.19886],[96.4342,57.21193],[96.44354,57.21627],[96.46743,57.22133],[96.46852,57.22351],[96.47435,57.22721],[96.47555,57.22965],[96.48259,57.23532],[96.48099,57.2457],[96.46901,57.25667],[96.47302,57.26461],[96.47607,57.26698],[96.47621,57.26867],[96.46513,57.27357],[96.46176,57.27795],[96.44301,57.28005],[96.43734,57.28205],[96.4355,57.28484],[96.44396,57.286],[96.44081,57.28995],[96.43774,57.29097],[96.42205,57.29122],[96.39111,57.28515],[96.38663,57.28551],[96.36249,57.29705],[96.34788,57.31278],[96.30308,57.32678],[96.22553,57.34366],[96.19381,57.34602],[96.17746,57.34277],[96.16947,57.34348],[96.15367,57.37165],[96.13768,57.37802],[96.133,57.38262],[96.10402,57.3822],[96.09131,57.38784],[96.01647,57.38787],[96.00399,57.39001]],[[96.00894,56.50601],[95.99657,56.51551],[95.99954,56.51858],[96.00019,56.52463],[96.0365,56.52392]],[[96.0174,56.2851],[96.0172,56.28572]],[[96.01767,56.28573],[96.01743,56.28569],[96.0172,56.28572]],[[96.0174,56.2851],[96.01767,56.28573]],[[96.0174,56.2851],[96.01805,56.27919],[96.02031,56.27513],[96.04989,56.25689],[96.05054,56.25246],[96.0486,56.24872],[96.05098,56.24744],[96.04736,56.24381],[96.05846,56.2388]],[[96.01767,56.28573],[96.02806,56.28897],[96.03236,56.29789],[96.0416,56.30576],[96.0417,56.30834]],[[96.022,56.22893],[96.04892,56.22803],[96.05086,56.22823],[96.05773,56.22936],[96.06841,56.2315],[96.07014,56.23166],[96.07372,56.23209]],[[96.03757,56.66272],[96.04918,56.66619],[96.06374,56.6754],[96.0647,56.67621],[96.06523,56.67675],[96.0656,56.67712],[96.07044,56.68159],[96.07112,56.68247]],[[96.03757,56.66272],[96.04984,56.65295]],[[96.0417,56.30834],[96.04142,56.30872],[96.04131,56.30886],[96.04014,56.31053]],[[96.04014,56.31053],[96.0405,56.31052],[96.04604,56.31025]],[[96.04028,56.31033],[96.0405,56.31052]],[[96.0419,56.30867],[96.04142,56.30872]],[[96.0417,56.30834],[96.0419,56.30867],[96.04332,56.3095],[96.04607,56.31013]],[[96.04607,56.31013],[96.04604,56.31025]],[[96.04604,56.31025],[96.0473,56.31019]],[[96.04607,56.31013],[96.0473,56.31019]],[[96.0473,56.31019],[96.06615,56.31113],[96.07463,56.31681],[96.09018,56.34676],[96.09126,56.35453],[96.0949,56.35542]],[[96.0656,56.23854],[96.06333,56.23686],[96.06323,56.23679],[96.0622,56.23605],[96.06133,56.23544],[96.06112,56.23537],[96.05421,56.23029],[96.05052,56.22821]],[[96.05054,56.25246],[96.05734,56.2507],[96.06116,56.24822],[96.07478,56.24449]],[[96.05318,56.65698],[96.05969,56.66691],[96.05826,56.66987],[96.06877,56.67578],[96.07582,56.68156],[96.07363,56.68321]],[[96.05547,56.24013],[96.05334,56.23861],[96.06112,56.23537],[96.06403,56.2342],[96.06748,56.23274],[96.07014,56.23166]],[[96.07619,56.23362],[96.06615,56.23836],[96.0656,56.23854],[96.06529,56.23864],[96.06512,56.23871],[96.06475,56.23882],[96.06073,56.24034],[96.05846,56.2388]],[[96.07364,56.23246],[96.06904,56.23435],[96.06665,56.23538],[96.06337,56.23673],[96.06323,56.23679],[96.0631,56.23685],[96.05846,56.2388]],[[96.068,56.21035],[96.06516,56.20722],[96.06396,56.19078],[96.06649,56.18471],[96.0657,56.17567],[96.06991,56.17201],[96.07456,56.16313],[96.07342,56.1583],[96.06744,56.1545],[96.06709,56.15135],[96.07415,56.13822],[96.0651,56.09915],[96.08368,56.09068],[96.08505,56.07634],[96.09636,56.06596],[96.11698,56.05073],[96.11623,56.03986],[96.11744,56.03338],[96.11858,56.03202],[96.13637,56.026],[96.14992,56.01086],[96.17992,56.00316],[96.18054,56.0016],[96.17884,55.99728],[96.17294,55.99081]],[[96.07112,56.68247],[96.07363,56.68321]],[[96.07363,56.68321],[96.07726,56.684]],[[96.07364,56.23246],[96.07376,56.23223]],[[96.07397,56.23227],[96.07364,56.23246]],[[96.07413,56.23207],[96.07452,56.2321]],[[96.07416,56.23218],[96.07619,56.23362]],[[96.07416,56.23218],[96.07391,56.23227],[96.0737,56.23213],[96.074,56.23202],[96.07416,56.23218]],[[96.07452,56.2321],[96.07416,56.23218]],[[96.07452,56.2321],[96.07816,56.23226]],[[96.07464,56.68254],[96.07641,56.68334],[96.07715,56.68389],[96.07773,56.68439],[96.07929,56.68666],[96.08159,56.68759],[96.08436,56.68825],[96.08638,56.68942],[96.09804,56.69832]],[[96.07478,56.24449],[96.07941,56.24573],[96.08163,56.2494],[96.09434,56.24864],[96.09517,56.25196]],[[96.1007,56.23371],[96.10057,56.23512],[96.10271,56.23728],[96.10196,56.23789],[96.09809,56.23574],[96.08974,56.23534],[96.07807,56.23817],[96.07568,56.23947],[96.07961,56.24213],[96.07478,56.24449]],[[96.07816,56.23226],[96.07619,56.23362]],[[96.07816,56.23226],[96.09917,56.23363],[96.1007,56.23371],[96.1042,56.23389],[96.1081,56.23407],[96.1086,56.23412],[96.11447,56.23509],[96.11547,56.23709],[96.13487,56.23829],[96.15324,56.23719],[96.18612,56.2375],[96.21475,56.23128],[96.23918,56.2311],[96.25177,56.22889],[96.28174,56.22766],[96.28514,56.22714],[96.31461,56.2224],[96.32396,56.22026],[96.3298,56.21976]],[[96.08071,56.68722],[96.08518,56.68653],[96.08942,56.68288],[96.09799,56.68191],[96.11084,56.68227]],[[96.08413,56.66585],[96.09006,56.66076],[96.09927,56.65729],[96.11197,56.64811],[96.12842,56.64226],[96.13753,56.6321],[96.1453,56.61777],[96.15888,56.61103],[96.16393,56.61002],[96.2058,56.62215]],[[96.0949,56.35542],[96.12735,56.35561]],[[96.0949,56.35542],[96.09598,56.3583],[96.1041,56.35796],[96.11169,56.36023],[96.11213,56.37231],[96.12289,56.40351],[96.13715,56.41176],[96.15126,56.42594],[96.15231,56.43663],[96.16102,56.44747],[96.16117,56.46059]],[[96.09521,56.35559],[96.09562,56.35543]],[[96.14152,56.68323],[96.14101,56.68584],[96.13907,56.68751],[96.12182,56.68847],[96.09804,56.69832]],[[96.11064,56.35934],[96.12206,56.35964],[96.12563,56.36205],[96.14182,56.36122],[96.16307,56.36349],[96.20253,56.36976],[96.23217,56.37097],[96.24082,56.37442],[96.24174,56.38084]],[[96.1154,58.55914],[96.11175,58.56469],[96.11752,58.57068],[96.12247,58.583],[96.14002,58.58714],[96.16069,58.60396],[96.16003,58.60627],[96.17797,58.6094],[96.18467,58.61216],[96.18729,58.61462],[96.19238,58.61624],[96.20484,58.61684],[96.21117,58.61633],[96.21587,58.61393],[96.22419,58.61544],[96.23502,58.61343],[96.24863,58.61324],[96.25842,58.60706],[96.26371,58.60693],[96.29781,58.61019],[96.31745,58.6233],[96.33739,58.62925],[96.34402,58.62745],[96.34703,58.61436],[96.35881,58.61174],[96.36616,58.60847],[96.41126,58.6095],[96.43207,58.61411],[96.44347,58.6149],[96.45711,58.61989],[96.47931,58.62278],[96.50722,58.63342],[96.51468,58.64202],[96.52092,58.64431],[96.60828,58.64919],[96.61712,58.65298],[96.6389,58.65464],[96.6539,58.65821],[96.66341,58.65898],[96.67385,58.65736],[96.67646,58.65601],[96.67751,58.65319],[96.68767,58.64207],[96.68349,58.63886],[96.68703,58.63442],[96.68765,58.62903],[96.69142,58.62742],[96.69326,58.62447],[96.69614,58.6226],[96.69928,58.61652],[96.7011,58.60888],[96.69596,58.60637],[96.6923,58.6007],[96.68855,58.59875],[96.6898,58.59532],[96.69152,58.59346],[96.69683,58.59287],[96.70749,58.58947],[96.70934,58.5857],[96.70387,58.58412],[96.70238,58.58252],[96.73122,58.57408],[96.73448,58.57041],[96.72093,58.5648],[96.71793,58.56076],[96.71264,58.55871],[96.71147,58.55643],[96.70572,58.55158],[96.70582,58.54624],[96.70878,58.54424],[96.7086,58.54227],[96.70413,58.53772],[96.70945,58.53546],[96.71146,58.53305],[96.7086,58.53028],[96.70911,58.52863],[96.70458,58.52602],[96.71071,58.52484],[96.71108,58.523],[96.70948,58.52072],[96.71014,58.51857],[96.72052,58.51448],[96.7172,58.51233],[96.71974,58.5105],[96.71957,58.50715],[96.72384,58.50465],[96.7386,58.50367],[96.74749,58.50116],[96.76519,58.49907],[96.78795,58.49737],[96.80483,58.49861]],[[96.24307,58.48835],[96.23981,58.49064],[96.22268,58.49387],[96.21471,58.49647],[96.2008,58.4946],[96.19532,58.49618],[96.18693,58.49439],[96.17089,58.49666],[96.16768,58.49761],[96.16711,58.49973],[96.16476,58.50148],[96.15492,58.50323],[96.15062,58.50547],[96.15698,58.5083],[96.16519,58.50861],[96.16713,58.51328],[96.16536,58.51546],[96.16238,58.51663],[96.13321,58.52202],[96.12539,58.53774],[96.1256,58.54206],[96.12925,58.54708],[96.1154,58.55914]],[[96.25244,55.87189],[96.24184,55.86865],[96.22643,55.86806],[96.21705,55.86174],[96.21046,55.85985],[96.19317,55.85785],[96.18731,55.85527],[96.16021,55.85041],[96.15881,55.8496],[96.15777,55.84572],[96.15253,55.84457]],[[96.17599,55.85381],[96.16334,55.86375],[96.15656,55.86425]],[[96.16502,56.76779],[96.1819,56.75929],[96.19267,56.75631],[96.19748,56.75602],[96.21838,56.75728],[96.23251,56.76001],[96.24108,56.76304],[96.26281,56.7623],[96.27832,56.7631],[96.29956,56.76658],[96.31177,56.77001],[96.33694,56.76662]],[[96.16527,56.68233],[96.17433,56.68696],[96.1777,56.69224],[96.18059,56.70085],[96.18054,56.70397],[96.1838,56.71017],[96.18833,56.71116],[96.19192,56.71515],[96.19674,56.71702],[96.22174,56.71733]],[[96.19129,55.78023],[96.19227,55.78071],[96.18582,55.7921],[96.18465,55.79624],[96.17332,55.803],[96.15536,55.80825],[96.15142,55.8125],[96.14896,55.81716],[96.14626,55.82633],[96.14694,55.83259],[96.15276,55.84534],[96.15229,55.85684],[96.15843,55.86777],[96.17307,55.89049],[96.17944,55.90234],[96.16933,55.91295],[96.17003,55.91696],[96.17845,55.92842],[96.17882,55.93761],[96.16676,55.95053],[96.16516,55.95446],[96.16984,55.96246],[96.16799,55.96889],[96.17042,55.97823],[96.17141,55.98857],[96.17294,55.99081]],[[96.19129,55.78023],[96.19258,55.77593],[96.19456,55.77344],[96.20389,55.76847],[96.21076,55.76031],[96.21233,55.75762],[96.21254,55.75],[96.21696,55.74435],[96.22303,55.74177],[96.24873,55.73601],[96.25011,55.73298],[96.25633,55.73115],[96.26001,55.72867],[96.26622,55.72054],[96.27689,55.7148],[96.28733,55.71403],[96.29685,55.71575],[96.32559,55.72459],[96.32672,55.72577],[96.32693,55.72955],[96.33186,55.73451],[96.33978,55.73345],[96.34755,55.73006],[96.37359,55.72824],[96.37829,55.72962],[96.38486,55.73385],[96.4124,55.73748],[96.43675,55.74876],[96.46291,55.75339],[96.47459,55.75338],[96.4896,55.7556],[96.50124,55.7552],[96.50607,55.75307],[96.518,55.75086],[96.5402,55.75144],[96.55568,55.75679],[96.55959,55.75911],[96.5681,55.76726],[96.577,55.7714],[96.58131,55.77747],[96.58585,55.78053],[96.5962,55.78325],[96.63068,55.7868],[96.63025,55.78953],[96.62876,55.79081]],[[96.28208,56.21944],[96.28254,56.22441],[96.28514,56.22714]],[[96.54268,56.24091],[96.54299,56.24432],[96.53094,56.26099],[96.52521,56.2734],[96.51541,56.28695],[96.50411,56.29565],[96.50217,56.30005],[96.50272,56.30327],[96.50643,56.30767],[96.51624,56.31306],[96.51101,56.31816],[96.51245,56.32267],[96.51468,56.32446],[96.53989,56.3386],[96.54149,56.34078],[96.54207,56.34555],[96.52553,56.35272],[96.49877,56.37516],[96.49936,56.39003],[96.49604,56.40219],[96.48178,56.41808],[96.47706,56.41992],[96.45671,56.42308],[96.42423,56.43332],[96.42167,56.43277],[96.41075,56.43977],[96.39884,56.45963],[96.40241,56.4701],[96.40244,56.47315]],[[96.49512,56.40332],[96.53943,56.39873],[96.56506,56.39936],[96.57096,56.40249],[96.57517,56.41448],[96.57447,56.41841],[96.57728,56.42333],[96.59417,56.42034]],[[96.57392,56.19659],[96.56446,56.19826],[96.51593,56.20041]],[[96.52308,56.32914],[96.56743,56.32845],[96.59146,56.32546],[96.59698,56.3303],[96.60289,56.33144],[96.60728,56.33383],[96.61033,56.3393],[96.62003,56.34223],[96.62404,56.34496],[96.63385,56.34653],[96.66096,56.34747],[96.6665,56.34864],[96.70072,56.36064],[96.70438,56.36385],[96.70753,56.36905],[96.70969,56.37024],[96.7414,56.37565]],[[96.52364,56.20037],[96.52484,56.20274]],[[96.54268,56.24091],[96.55072,56.24255],[96.55618,56.24576],[96.5813,56.25519],[96.60528,56.25807],[96.63583,56.25653],[96.66918,56.26428],[96.67961,56.26801],[96.69026,56.27884],[96.72143,56.28137],[96.73574,56.27858],[96.78761,56.27903],[96.80881,56.28162],[96.81514,56.2834],[96.82938,56.28374],[96.83869,56.28551],[96.84787,56.28499],[96.85077,56.28637],[96.85527,56.29289],[96.87324,56.3062],[96.91516,56.3038],[96.93468,56.30818],[96.95945,56.31719],[96.97469,56.32003],[96.99492,56.3216]],[[96.55454,56.20538],[96.54713,56.21576],[96.54171,56.2384],[96.54268,56.24091]],[[96.63658,56.09182],[96.62919,56.08896],[96.62587,56.08602],[96.61407,56.08368],[96.60855,56.08434],[96.60476,56.08303],[96.58904,56.07018],[96.58728,56.06678],[96.58923,56.05817],[96.58798,56.05532],[96.58513,56.0544]],[[96.5866,56.18029],[96.59853,56.17784],[96.62042,56.17821],[96.62966,56.1833],[96.63292,56.18768],[96.63848,56.18831],[96.6483,56.18734],[96.65439,56.18494]],[[96.63658,56.09182],[96.63603,56.094],[96.63759,56.09754],[96.62717,56.10645],[96.60984,56.11359],[96.6079,56.11652],[96.61103,56.12113],[96.61121,56.12399],[96.60682,56.12879],[96.59776,56.13577],[96.59514,56.14242],[96.59635,56.14601],[96.59816,56.14804],[96.60258,56.14983],[96.60792,56.15511],[96.6076,56.15797],[96.6026,56.16565],[96.59721,56.16928],[96.59842,56.17785]],[[96.8513,56.12266],[96.837,56.11746],[96.82341,56.114],[96.81169,56.10822],[96.80207,56.09809],[96.80657,56.08919],[96.80574,56.08732],[96.79638,56.08272],[96.7773,56.07716],[96.76905,56.07264],[96.75659,56.07264],[96.74626,56.07511],[96.74045,56.07266],[96.71978,56.07565],[96.69277,56.0815],[96.67532,56.07929],[96.66443,56.08201],[96.64951,56.08252],[96.63973,56.08613],[96.63658,56.09182]],[[96.7414,56.37565],[96.75062,56.37922]],[[96.7414,56.37565],[96.74465,56.37207],[96.75489,56.37597]],[[96.80892,58.49655],[96.80811,58.49481],[96.80962,58.49333],[96.8121,58.49423],[96.82822,58.49275],[96.85299,58.4887],[96.87224,58.47603],[96.89825,58.46447],[96.90195,58.45878],[96.90904,58.45278],[96.92132,58.45035],[96.92916,58.44455],[96.93676,58.44229],[96.9431,58.44187],[96.97548,58.44459],[96.99236,58.44192],[97.0057,58.44371],[97.01431,58.43998],[97.04373,58.44015],[97.07039,58.43366],[97.08859,58.4313],[97.10672,58.43195],[97.11536,58.43387],[97.12183,58.43694],[97.12447,58.43359],[97.14031,58.4334],[97.14491,58.43152]],[[96.91882,56.11921],[96.93565,56.14034],[96.93386,56.14256],[96.92697,56.14628],[96.92984,56.14748],[96.92812,56.15051],[96.916,56.1483],[96.91322,56.14901],[96.91388,56.15319],[96.90784,56.15668],[96.90644,56.15896],[96.91763,56.169],[96.91952,56.17185],[96.90905,56.17442]],[[96.97463,56.87542],[96.97583,56.87555],[96.98133,56.88177],[96.97739,56.88815],[96.97956,56.88988],[96.99353,56.88935],[97.02133,56.89111],[97.03174,56.89474],[97.04438,56.89732],[97.05197,56.89551],[97.05698,56.89583],[97.10273,56.91006],[97.13974,56.91256],[97.16506,56.91898],[97.17386,56.92256],[97.18188,56.92327],[97.18728,56.92537],[97.19598,56.92331],[97.20132,56.92365],[97.21295,56.92964],[97.24352,56.93316],[97.26873,56.93953],[97.28265,56.94484],[97.29896,56.94661],[97.31394,56.95417],[97.3476,56.96061],[97.35939,56.96567],[97.36452,56.96655],[97.36574,56.96923],[97.36777,56.97039],[97.37814,56.97047],[97.40038,56.97703],[97.40403,56.98262],[97.40884,56.98648],[97.41048,56.99037],[97.41477,56.99397],[97.41619,56.99789],[97.41978,57.00278],[97.43008,57.0034],[97.43402,57.00654],[97.47715,57.01948],[97.47912,57.0224],[97.4845,57.02309],[97.49371,57.0288],[97.49963,57.03024],[97.50336,57.03341]],[[97.49996,57.4456],[97.51553,57.43932],[97.51624,57.43445],[97.52196,57.42901],[97.5204,57.42873],[97.51628,57.43284],[97.50676,57.4328],[97.5027,57.43435],[97.4938,57.43478],[97.46947,57.44344],[97.45245,57.44385],[97.42607,57.45373],[97.39158,57.45614],[97.35896,57.45741],[97.34383,57.45696],[97.27371,57.46039],[97.26285,57.45917],[97.25242,57.4561],[97.23916,57.45591],[97.23188,57.4594],[97.2023,57.46489],[97.14835,57.47987],[97.11986,57.48407],[97.09686,57.49408],[97.01841,57.52166],[97.00997,57.52364],[97.00836,57.52512],[97.00861,57.52832],[97.00623,57.53115],[97.00642,57.53655],[96.98666,57.55041]],[[97.32303,56.26905],[97.32379,56.27405],[97.32256,56.27428],[97.32287,56.27676],[97.32046,56.28057],[97.30954,56.28427],[97.30088,56.29014],[97.29196,56.29326],[97.28887,56.29641],[97.28292,56.29858],[97.28183,56.30215],[97.28698,56.30459],[97.28583,56.30708],[97.27278,56.31037],[97.27099,56.31161],[97.26899,56.31736],[97.26694,56.31829],[97.25569,56.31757],[97.25009,56.31866],[97.24957,56.31743],[97.24328,56.31423],[97.21801,56.31157],[97.20843,56.31345],[97.19362,56.31285],[97.19148,56.31146],[97.18978,56.30615],[97.18386,56.30366],[97.16307,56.30591],[97.14587,56.30456],[97.13544,56.30189],[97.11653,56.29951],[97.07927,56.29833],[97.06741,56.29944],[97.04724,56.30477],[97.0421,56.3123],[97.02131,56.32212],[96.99492,56.3216]],[[96.99492,56.3216],[97.01027,56.3387],[97.00412,56.34286],[97.0026,56.34589]],[[97.09818,57.08164],[97.10428,57.08028],[97.10977,57.08164],[97.11866,57.08755],[97.126,57.08874],[97.13306,57.09351],[97.13476,57.09668]],[[97.25102,56.09282],[97.24877,56.08955],[97.24159,56.08377],[97.22697,56.08642],[97.21637,56.09127],[97.21394,56.09416],[97.21617,56.10574],[97.21377,56.10994],[97.21404,56.1139],[97.2242,56.12288],[97.23786,56.13078],[97.2373,56.1374],[97.22691,56.14641],[97.2266,56.15095],[97.2004,56.15388],[97.18979,56.15693],[97.17983,56.15598],[97.1757,56.15527],[97.1745,56.1551],[97.16236,56.15387],[97.14716,56.15079],[97.14406,56.14864]],[[97.14819,58.46612],[97.16334,58.47239],[97.17627,58.476],[97.20316,58.47992],[97.22095,58.48394],[97.24001,58.48601],[97.27579,58.48804],[97.30682,58.48491],[97.34442,58.48388],[97.35853,58.48467],[97.37742,58.4812],[97.39483,58.48002],[97.44249,58.48153],[97.47469,58.48717],[97.48562,58.48716],[97.49128,58.48592],[97.5018,58.48128],[97.50763,58.46021],[97.50669,58.43901],[97.50355,58.42763]],[[97.14996,58.44321],[97.15098,58.4453],[97.1555,58.44755]],[[97.15712,58.41554],[97.16289,58.41115],[97.21521,58.41238],[97.22267,58.41073],[97.23137,58.41108],[97.24921,58.40404]],[[97.1757,56.15527],[97.17435,56.15864],[97.18394,56.16147],[97.18915,56.16109],[97.19064,56.16323],[97.20729,56.16123],[97.20852,56.16025]],[[97.19875,56.16262],[97.20277,56.17131],[97.21384,56.17217]],[[97.20625,56.1582],[97.20786,56.16],[97.21275,56.16155],[97.223,56.16775],[97.22782,56.17419],[97.22823,56.17779],[97.22545,56.17871],[97.21912,56.17744],[97.22037,56.17524],[97.21506,56.17356],[97.21483,56.17266],[97.21469,56.17252],[97.21384,56.17217]],[[97.21384,56.17217],[97.2132,56.17525],[97.21675,56.19073],[97.22374,56.19531],[97.22557,56.19825],[97.2305,56.24065],[97.2376,56.24452],[97.23953,56.2484],[97.24438,56.25354],[97.25,56.25737],[97.25508,56.25923],[97.25826,56.26151],[97.26156,56.26607],[97.26536,56.26742],[97.27747,56.26961],[97.29788,56.27109],[97.30488,56.27298],[97.31326,56.27238],[97.31942,56.26937],[97.32303,56.26905]],[[97.21426,56.17235],[97.21393,56.17242]],[[97.31835,58.07704],[97.31105,58.07873],[97.30507,58.07117],[97.30837,58.06843],[97.31644,58.07118],[97.31904,58.07511],[97.3185,58.07682],[97.31946,58.07699]],[[97.31835,58.07704],[97.3185,58.07682]],[[97.31835,58.07704],[97.31894,58.077],[97.32054,58.07822],[97.32239,58.07904],[97.32618,58.08183],[97.33652,58.08635],[97.35523,58.08907],[97.35916,58.09322],[97.36348,58.09443],[97.36657,58.09407],[97.38447,58.08624],[97.40035,58.08613]],[[97.33294,57.44685],[97.31859,57.44722]],[[97.32701,58.07382],[97.32206,58.07708],[97.31928,58.07725]],[[97.32303,56.26905],[97.32773,56.26856],[97.33502,56.26535],[97.33876,56.26238],[97.33819,56.26074],[97.33465,56.25992],[97.33507,56.25892],[97.34441,56.25996],[97.35427,56.25562]],[[97.33208,57.45745],[97.34123,57.44925],[97.34214,57.44502]],[[97.36527,57.44103],[97.34407,57.44498],[97.33271,57.44486],[97.33294,57.44685],[97.33307,57.4477],[97.33317,57.44877]],[[97.34011,57.31627],[97.35851,57.31557],[97.36112,57.31399],[97.36761,57.31356],[97.3738,57.31099],[97.38156,57.30587],[97.38844,57.30533],[97.39342,57.30345],[97.39542,57.30012],[97.39905,57.29872],[97.40657,57.29715],[97.40957,57.29503],[97.41919,57.2953],[97.42199,57.29351],[97.42134,57.29259],[97.42351,57.28944],[97.42734,57.28814],[97.4428,57.28659],[97.44951,57.28913],[97.46318,57.2891],[97.48097,57.28379],[97.50103,57.2796],[97.5226,57.27763],[97.53846,57.2778],[97.55766,57.28128],[97.56615,57.28148],[97.57678,57.27878],[97.59908,57.27805],[97.61246,57.27602],[97.6222,57.27307],[97.63173,57.27263],[97.63912,57.27445],[97.64696,57.27842],[97.65719,57.27744]],[[97.36459,57.4407],[97.36455,57.44103]],[[97.41077,57.7667],[97.41312,57.76126],[97.43323,57.74934],[97.43471,57.75025],[97.43711,57.75556],[97.45377,57.75755],[97.47176,57.75662],[97.51116,57.77487],[97.57454,57.7814],[97.59008,57.78223],[97.59395,57.78066],[97.60185,57.78041],[97.6071,57.78455],[97.62062,57.78559],[97.76691,57.82526],[97.7753,57.82022],[97.78947,57.81837]],[[97.41287,58.37744],[97.43791,58.37746]],[[97.4217,58.40184],[97.42127,58.40263],[97.42314,58.40344],[97.42356,58.40727],[97.45016,58.409]],[[97.43386,58.38311],[97.43357,58.37757]],[[97.49632,58.38525],[97.48065,58.38575],[97.4795,58.38571],[97.47609,58.38552],[97.47553,58.38548],[97.47364,58.38536],[97.46726,58.385],[97.46204,58.38474],[97.43513,58.38447]],[[97.4782,58.38563],[97.47845,58.3845],[97.4763,58.38424],[97.47585,58.38418],[97.47456,58.38402],[97.47412,58.38397],[97.47244,58.38376],[97.4713,58.38362],[97.46932,58.38338],[97.44349,58.38315]],[[97.44731,58.40939],[97.45055,58.41128],[97.49674,58.4227],[97.50355,58.42763]],[[97.51369,58.40955],[97.48778,58.40776],[97.47431,58.4091],[97.45239,58.40851],[97.4489,58.41016]],[[97.47632,58.38268],[97.47585,58.38418],[97.47553,58.38548],[97.47533,58.3863]],[[97.5313,58.42319],[97.52098,58.42625],[97.50788,58.42493],[97.50355,58.42763]],[[97.50527,57.44347],[97.50984,57.44626],[97.52414,57.44365],[97.53404,57.44377],[97.53624,57.44523],[97.54206,57.44622],[97.54787,57.44956],[97.55626,57.45014],[97.5587,57.44906],[97.55981,57.44376],[97.57468,57.44352],[97.59733,57.44004],[97.62371,57.44485],[97.64128,57.44315],[97.65149,57.44097],[97.65455,57.43985],[97.65672,57.43718],[97.65954,57.43679]],[[97.51369,58.40955],[97.52699,58.41218]],[[97.57079,58.4043],[97.56531,58.40556],[97.55274,58.40836],[97.5504,58.40883],[97.52619,58.40923],[97.51808,58.40832],[97.51369,58.40955]],[[97.52196,57.42901],[97.54058,57.43175]],[[97.52614,58.41144],[97.52796,58.41126]],[[97.81159,58.41957],[97.79644,58.41848],[97.78988,58.41951],[97.78045,58.41827],[97.77493,58.41903],[97.76291,58.42353],[97.75721,58.42799],[97.73058,58.43997],[97.70442,58.44481],[97.61455,58.44234],[97.5876,58.43954],[97.54092,58.43885],[97.52894,58.43382],[97.53255,58.42585],[97.5313,58.42319],[97.53103,58.42248],[97.53007,58.42071],[97.53033,58.41899],[97.52699,58.41218]],[[97.52699,58.41218],[97.5292,58.41114],[97.55306,58.41085]],[[97.56531,58.40556],[97.56296,58.40275]],[[97.69403,56.68166],[97.70415,56.68329]],[[97.71126,56.78119],[97.70005,56.78159],[97.69614,56.77816],[97.69531,56.77498],[97.69004,56.76789],[97.68251,56.7544],[97.6802,56.74131],[97.67644,56.73313],[97.6772,56.73012],[97.68581,56.7201],[97.69063,56.70901],[97.68468,56.68471],[97.68423,56.68175],[97.68531,56.67912],[97.69348,56.67698],[97.7,56.68077],[97.69918,56.68241]],[[97.69984,56.68112],[97.71014,56.68229],[97.71179,56.68044],[97.71183,56.67843],[97.71596,56.67754],[97.72448,56.67221],[97.73255,56.67469],[97.7364,56.67473],[97.74116,56.67734],[97.75419,56.67919],[97.76441,56.68808],[97.7666,56.68717]],[[98.14138,58.34149],[98.14011,58.34276],[98.14121,58.34547],[98.15215,58.3509],[98.1591,58.36001],[98.16351,58.36248],[98.1707,58.37021],[98.17626,58.3732],[98.18928,58.3836],[98.19556,58.38539],[98.20087,58.38847],[98.20016,58.39042],[98.19517,58.39267],[98.19515,58.39489],[98.20213,58.39897],[98.25082,58.40258],[98.2784,58.40864],[98.29319,58.41355],[98.30963,58.41607],[98.32234,58.41627],[98.32957,58.41316],[98.33887,58.42123],[98.3694,58.42799],[98.3713,58.43076],[98.38609,58.43126],[98.39028,58.42984],[98.39473,58.43013],[98.39836,58.42648],[98.40495,58.4224],[98.42238,58.42031],[98.43251,58.41424],[98.4617,58.40855],[98.46411,58.40729],[98.4681,58.39949],[98.47325,58.39791]],[[100.47579,58.66511],[100.46956,58.66957],[100.46768,58.67396],[100.45992,58.6767],[100.45824,58.6784],[100.45832,58.72234],[100.46569,58.73009],[100.4833,58.74372],[100.48812,58.75694],[100.49113,58.75785],[100.49872,58.75759],[100.50639,58.76127],[100.50776,58.77102],[100.51259,58.77593],[100.51322,58.7947],[100.51121,58.79662],[100.48242,58.80296],[100.46754,58.80222],[100.44617,58.79925],[100.43841,58.80011],[100.4264,58.80416],[100.3948,58.80277],[100.37884,58.80685],[100.33933,58.80915],[100.32735,58.81218],[100.31755,58.80978],[100.31312,58.80981],[100.27774,58.82397],[100.25903,58.82671],[100.2443,58.83989],[100.24045,58.84021],[100.22944,58.83803],[100.22495,58.83864],[100.21968,58.84463],[100.21954,58.84784],[100.22155,58.8508],[100.22058,58.85281],[100.21502,58.85572],[100.19518,58.86158],[100.18216,58.86042],[100.17323,58.86097],[100.16363,58.85871],[100.15497,58.85867],[100.14946,58.85749],[100.11604,58.85813],[100.10851,58.85342],[100.09966,58.85023],[100.07473,58.84919],[100.07066,58.8442],[100.0515,58.83674],[100.03406,58.83765],[100.02072,58.8449],[100.01169,58.84487],[100.00695,58.84603],[100.00466,58.84752],[100.00302,58.85058],[100.00036,58.85163],[99.97516,58.85173],[99.97273,58.85045],[99.96675,58.84385],[99.96232,58.84272],[99.93033,58.85286],[99.88098,58.84164],[99.86088,58.83472],[99.85563,58.83129],[99.84844,58.8303],[99.83579,58.83078],[99.81959,58.82416],[99.81257,58.82405],[99.79779,58.82705],[99.76721,58.82984],[99.7449,58.83087],[99.64139,58.82381],[99.61952,58.81933],[99.5994,58.81215],[99.59515,58.80955],[99.58902,58.80956],[99.57602,58.80637],[99.54449,58.80113],[99.53241,58.79641],[99.52019,58.79465],[99.51535,58.79433],[99.51296,58.79527],[99.51081,58.79819],[99.51134,58.80288],[99.50755,58.80451],[99.50567,58.80359],[99.50153,58.79799],[99.5024,58.79495],[99.49665,58.79224],[99.49608,58.78881],[99.48465,58.78292],[99.47987,58.783],[99.46326,58.79017],[99.45933,58.79038],[99.4552,58.78869],[99.45443,58.78725],[99.45572,58.77963],[99.46112,58.77653],[99.46844,58.77455],[99.46935,58.77252],[99.46763,58.77104],[99.4496,58.76918],[99.42649,58.76472],[99.42025,58.7611],[99.41902,58.75753],[99.41763,58.75654],[99.40396,58.75414],[99.3881,58.75357],[99.36891,58.75648],[99.34845,58.76141],[99.34493,58.76423],[99.3278,58.76884],[99.30104,58.76902],[99.28654,58.76505],[99.28115,58.76119],[99.26009,58.75987],[99.24324,58.75686],[99.1934,58.75585],[99.17511,58.74743],[99.16421,58.74401],[99.15706,58.74801],[99.10771,58.74857],[99.08099,58.74805],[99.03879,58.73977],[99.03277,58.7362],[98.99662,58.73649],[98.991,58.73495],[98.98278,58.73481],[98.95641,58.72196],[98.8572,58.70434],[98.85405,58.70205],[98.84523,58.68618],[98.83778,58.682],[98.83223,58.67962],[98.80756,58.67783],[98.79338,58.67271],[98.79285,58.67026],[98.79904,58.66236],[98.78263,58.65707],[98.7518,58.64275],[98.74245,58.64156],[98.7205,58.63623],[98.70946,58.63219],[98.70325,58.63139],[98.68823,58.62204],[98.67275,58.61427],[98.65677,58.60125],[98.65192,58.5957],[98.6453,58.58222],[98.63107,58.58663],[98.62008,58.5847]],[[99.10612,58.74854],[99.11181,58.74246],[99.11231,58.73752],[99.11129,58.7335],[99.12205,58.72669],[99.12367,58.72116],[99.1415,58.71962],[99.14284,58.71897],[99.1418,58.71747],[99.1599,58.71393],[99.15995,58.70759],[99.15707,58.70143],[99.15332,58.69751],[99.14226,58.68975]],[[99.16365,58.6038],[99.19833,58.60277]],[[99.19833,58.60277],[99.19809,58.60542],[99.17753,58.61492],[99.16551,58.61644]],[[99.19833,58.60277],[99.22947,58.60034]],[[99.40011,59.12899],[99.40113,59.1285],[99.40042,59.12589],[99.39402,59.12436],[99.39344,59.1197],[99.39584,59.11713],[99.39019,59.11452],[99.38979,59.11151],[99.38257,59.11123],[99.37805,59.10968],[99.36983,59.11065],[99.35194,59.10743],[99.34582,59.1045],[99.33658,59.09509],[99.33556,59.09094],[99.33837,59.0856],[99.33285,59.08022],[99.33265,59.07795],[99.32353,59.0752],[99.30948,59.06422],[99.29844,59.06062],[99.29511,59.05385],[99.28089,59.04428],[99.28136,59.04082],[99.27318,59.03266],[99.27598,59.02993],[99.27991,59.02814],[99.28133,59.02542],[99.28282,58.99958],[99.27184,58.99489],[99.27342,58.9794],[99.26783,58.97663],[99.26027,58.97707],[99.25872,58.97618],[99.25956,58.96841],[99.3118,58.93949],[99.2881,58.8333],[99.28068,58.8292],[99.27784,58.82571],[99.26779,58.82347],[99.26631,58.82201],[99.27933,58.81773],[99.31383,58.78457],[99.31381,58.78288],[99.3073,58.77847],[99.31137,58.77278],[99.31211,58.76897]],[[100.20076,64.26974],[100.21188,64.2706],[100.21626,64.27099],[100.22093,64.27166],[100.2318,64.277],[100.23253,64.27703],[100.23325,64.27695],[100.23505,64.2768],[100.2362,64.27671],[100.23992,64.27638]],[[100.23534,64.27981],[100.21447,64.28034],[100.20937,64.2789],[100.21188,64.2706]],[[100.43014,64.32956],[100.42595,64.32869],[100.42925,64.31825],[100.42767,64.31428],[100.42442,64.31251],[100.40021,64.30904],[100.39049,64.30401],[100.3679,64.30524],[100.34712,64.30478],[100.33424,64.30641],[100.32343,64.30028],[100.32772,64.29667],[100.32751,64.29505],[100.31438,64.28931],[100.29848,64.28947],[100.28929,64.28631],[100.27168,64.28838],[100.23837,64.28134],[100.23534,64.27981]],[[100.23534,64.27981],[100.23505,64.2768],[100.23516,64.27612],[100.23713,64.2736]],[[101.60919,58.30775],[101.60678,58.3096],[101.57001,58.32057],[101.47318,58.3061],[101.42546,58.30525],[101.42323,58.30616],[101.41979,58.31069],[101.406,58.31462],[101.36034,58.31184],[101.33269,58.32443],[101.27579,58.33393],[101.27018,58.3372],[101.25243,58.34172],[101.24432,58.34191],[101.237,58.34343],[101.16121,58.37629],[100.92547,58.43425],[100.90492,58.43694],[100.88971,58.44423],[100.87512,58.44442],[100.85272,58.45128],[100.79915,58.49149],[100.78848,58.4946],[100.6845,58.54751],[100.66845,58.54539],[100.66495,58.54909],[100.65999,58.55739],[100.62048,58.57081]],[[90.40512,56.01429],[90.40501,56.01443],[90.40486,56.01434],[90.40497,56.01427],[90.40512,56.01429]],[[91.72117,53.63157],[91.72082,53.63247],[91.71935,53.63198],[91.71997,53.63138],[91.72117,53.63157]],[[92.71137,56.11091],[92.71159,56.11064],[92.71205,56.1108],[92.71184,56.11101],[92.71137,56.11091]],[[93.02169,58.08411],[93.02151,58.0842],[93.02133,58.08411],[93.02151,58.08401],[93.02169,58.08411]]]}},{"type":"Feature","properties":{"roadClass":"trunk"},"geometry":{"type":"MultiLineString","coordinates":[[[89.60907,56.17922],[89.57588,56.18612],[89.5702,56.18636],[89.56381,56.1846],[89.56323,56.18419],[89.56234,56.18346],[89.56195,56.18315],[89.55924,56.18103],[89.55569,56.17854],[89.54111,56.16884],[89.53604,56.16691],[89.51918,56.16522],[89.46064,56.16269],[89.4189,56.1563],[89.39465,56.1499],[89.38053,56.14497],[89.35692,56.14383],[89.32156,56.13527],[89.30081,56.12668],[89.26859,56.11786],[89.23517,56.11557],[89.22078,56.11184],[89.2116,56.10618],[89.20022,56.1033],[89.17528,56.09827],[89.16146,56.09719],[89.1377,56.09333],[89.11962,56.08872],[89.11375,56.08507],[89.09686,56.06466]],[[89.56266,56.18373],[89.56174,56.18362]],[[89.56195,56.18315],[89.56278,56.18333]],[[89.60935,56.17919],[89.60804,56.18038]],[[89.60907,56.17922],[89.60954,56.17825]],[[89.60935,56.17919],[89.60907,56.17922]],[[90.54299,56.27445],[90.54379,56.26364],[90.53312,56.25514],[90.53561,56.24465],[90.5352,56.24272],[90.5331,56.24153],[90.52877,56.23981],[90.52661,56.24037],[90.51272,56.24127],[90.50911,56.2399],[90.4998,56.23927],[90.4826,56.24096],[90.46396,56.23911],[90.44898,56.24096],[90.45259,56.2441],[90.44397,56.24835],[90.40868,56.2608],[90.39827,56.26286],[90.36805,56.26569],[90.36208,56.26743],[90.35672,56.27223],[90.35331,56.28924],[90.35108,56.29124],[90.34682,56.29261],[90.30363,56.29107],[90.25367,56.28723],[90.17143,56.28282],[90.16568,56.28164],[90.14796,56.27497],[90.12495,56.27132],[90.11214,56.26737],[90.09745,56.25927],[90.07746,56.24177],[90.06998,56.23794],[90.04609,56.23344],[90.0149,56.22606],[90.01476,56.22604],[90.01433,56.22595],[90.01376,56.22584],[90.00948,56.225],[89.95824,56.21464],[89.87227,56.20438],[89.79124,56.20087],[89.73711,56.19553],[89.68689,56.18204],[89.65331,56.17752],[89.64482,56.17743],[89.63203,56.17907],[89.61951,56.17837],[89.60935,56.17919]],[[89.80238,56.2013],[89.80447,56.20099]],[[90.01476,56.22604],[90.0144,56.22569]],[[90.34711,56.29294],[90.34691,56.29259]],[[90.47969,56.24072],[90.47883,56.2413]],[[90.48305,56.24096],[90.48187,56.2412]],[[90.52817,56.23991],[90.52831,56.23941]],[[90.54421,56.27536],[90.54283,56.27576]],[[90.54299,56.27445],[90.54386,56.27528]],[[90.54386,56.27528],[90.54292,56.27502],[90.54299,56.27445]],[[90.54421,56.27536],[90.54386,56.27528]],[[91.23925,56.20616],[91.22616,56.20854],[91.19956,56.20694],[91.18901,56.20823],[91.15927,56.21832],[91.14364,56.22765],[91.13439,56.2371],[91.12638,56.24218],[91.09803,56.25233],[91.07111,56.25345],[91.05769,56.25184],[91.04399,56.24781],[91.03134,56.24838],[91.02467,56.25172],[91.02136,56.25776],[91.01879,56.26023],[90.99946,56.27173],[90.98979,56.27459],[90.96339,56.27864],[90.95209,56.27887],[90.92859,56.2759],[90.91473,56.27601],[90.88413,56.27869],[90.84193,56.28735],[90.78396,56.28969],[90.72351,56.28407],[90.64038,56.26927],[90.56379,56.2724],[90.55288,56.27495],[90.54722,56.27553],[90.54421,56.27536]],[[90.76296,54.83459],[90.766,54.88444],[90.75493,54.89766],[90.75146,54.91419],[90.75376,54.91849],[90.76132,54.9242],[90.84409,54.97113],[90.8717,54.9943],[90.93449,55.01816],[90.94534,55.0251],[90.95645,55.02867]],[[90.95645,55.02867],[90.95709,55.02828]],[[90.95645,55.02867],[90.96346,55.03135],[90.98945,55.05071],[91.02319,55.06099],[91.03989,55.06735],[91.05751,55.07251],[91.06474,55.07584],[91.06925,55.07958],[91.1203,55.13868],[91.14377,55.15774],[91.17341,55.16983],[91.17914,55.17037],[91.21626,55.16537],[91.22176,55.16561],[91.25613,55.17417],[91.28542,55.18504],[91.32492,55.19324],[91.3718,55.20903],[91.38237,55.20746],[91.40167,55.20775],[91.42417,55.21439],[91.44298,55.20765],[91.45955,55.21323],[91.47954,55.21098],[91.50332,55.21108],[91.51522,55.21688],[91.54174,55.22391],[91.55219,55.22984],[91.56672,55.23086],[91.5787,55.23365],[91.59609,55.24078],[91.6093,55.25044],[91.6403,55.25531],[91.65043,55.26412],[91.7068,55.29975],[91.72081,55.30505],[91.73257,55.30785]],[[90.97993,55.04423],[90.97966,55.04495]],[[91.23925,56.20616],[91.24419,56.20465]],[[91.24459,56.20501],[91.23925,56.20616]],[[91.24459,56.20501],[91.24419,56.20465]],[[91.24419,56.20465],[91.26215,56.20448],[91.26849,56.20299]],[[91.26895,56.20329],[91.26224,56.20518],[91.24955,56.20478],[91.24459,56.20501]],[[91.26849,56.20299],[91.27209,56.20089]],[[91.26849,56.20299],[91.26876,56.20297],[91.26901,56.20304],[91.26895,56.20329]],[[91.27209,56.20089],[91.26895,56.20329]],[[91.93225,56.22357],[91.92487,56.22335],[91.90169,56.21753],[91.89254,56.21786],[91.87084,56.22213],[91.85792,56.22113],[91.84779,56.21846],[91.83723,56.2196],[91.81633,56.21676],[91.79106,56.21686],[91.76758,56.20989],[91.74604,56.20027],[91.70708,56.19957],[91.68737,56.19466],[91.64952,56.18825],[91.63626,56.18317],[91.61141,56.17873],[91.56451,56.18807],[91.53425,56.18578],[91.52607,56.18331],[91.51915,56.17845],[91.51144,56.17703],[91.46452,56.17776],[91.43012,56.18558],[91.39374,56.18659],[91.36844,56.19061],[91.35549,56.18993],[91.33636,56.18625],[91.3235,56.18601],[91.28607,56.19257],[91.27866,56.19582],[91.27209,56.20089]],[[91.55745,53.63436],[91.55164,53.62982]],[[91.5518,53.62975],[91.55745,53.63436]],[[91.55745,53.63436],[91.56583,53.64264],[91.5672,53.64988]],[[91.5672,53.64988],[91.56566,53.64936]],[[91.5672,53.64988],[91.58558,53.65726],[91.6035,53.66145],[91.63011,53.67354]],[[91.63011,53.67354],[91.63317,53.67459]],[[91.6327,53.67491],[91.63011,53.67354]],[[91.63338,53.67526],[91.63208,53.67586]],[[91.63335,53.6746],[91.63539,53.67367]],[[91.63539,53.67367],[91.63441,53.67531]],[[91.63539,53.67367],[91.63387,53.67495],[91.63441,53.67531],[91.63498,53.67564]],[[91.63539,53.67367],[91.63712,53.66991],[91.64313,53.66829],[91.65138,53.66868],[91.66136,53.6728],[91.66677,53.67336],[91.67825,53.67003],[91.68247,53.66563],[91.68858,53.66539],[91.69806,53.66707],[91.70481,53.67041],[91.70848,53.67297],[91.70943,53.67893]],[[91.70939,53.68072],[91.70786,53.68055]],[[91.70899,53.67997],[91.70943,53.67893]],[[91.70943,53.67893],[91.71044,53.67973]],[[91.71044,53.67973],[91.71156,53.67995]],[[91.71044,53.67973],[91.7105,53.68067],[91.70963,53.68078],[91.70939,53.68072],[91.70918,53.68062],[91.70893,53.68035],[91.70899,53.67997],[91.70936,53.67972],[91.71044,53.67973]],[[91.71156,53.67995],[91.71075,53.68049]],[[92.02365,53.4218],[92.02197,53.42558],[92.01516,53.43238],[92.00889,53.44374],[91.97229,53.4592],[91.96089,53.4723],[91.94472,53.48358],[91.94104,53.48933],[91.92662,53.49243],[91.91056,53.5064],[91.90666,53.50816],[91.8969,53.50881],[91.87655,53.50726],[91.86721,53.51028],[91.83008,53.5484],[91.82951,53.55332],[91.8354,53.57085],[91.8344,53.57416],[91.82334,53.58439],[91.80114,53.61691],[91.76372,53.65645],[91.75994,53.65903],[91.7589,53.66303],[91.74746,53.66853],[91.73918,53.6753],[91.71156,53.67995]],[[91.71771,53.67897],[91.71765,53.67942]],[[91.72437,55.33158],[91.72357,55.33119]],[[91.72437,55.33158],[91.71541,55.34465],[91.70908,55.35998],[91.70648,55.37152],[91.72484,55.40071],[91.7252,55.40647],[91.71758,55.41636],[91.70439,55.42654],[91.70305,55.42918],[91.70306,55.43464],[91.71335,55.44134],[91.72381,55.45737],[91.7435,55.46778],[91.75665,55.48434],[91.76097,55.48583],[91.78748,55.48838],[91.79076,55.4896],[91.79069,55.49313],[91.77508,55.50041],[91.76702,55.50994],[91.77119,55.51358],[91.78031,55.51617],[91.78629,55.52342],[91.79106,55.5326],[91.79059,55.54337],[91.82218,55.56048],[91.8303,55.56856],[91.84994,55.57149],[91.8563,55.57723],[91.86661,55.5791],[91.87958,55.58923],[91.90687,55.60203],[91.90883,55.60429],[91.90762,55.61074],[91.91635,55.62486],[91.91649,55.63317],[91.9036,55.64263],[91.90302,55.64672],[91.90554,55.65006],[91.90157,55.65646],[91.89567,55.66231],[91.89596,55.66452],[91.89845,55.66778],[91.8995,55.67424],[91.8968,55.67563],[91.88841,55.67589],[91.8826,55.68696],[91.86892,55.69414],[91.8618,55.70294],[91.86247,55.70505],[91.86851,55.71087],[91.86543,55.71513],[91.86944,55.72069],[91.86894,55.72227],[91.85889,55.73401],[91.84649,55.74008],[91.83939,55.74506],[91.83555,55.75854],[91.83324,55.76203],[91.81499,55.77538],[91.80454,55.78598],[91.80586,55.78762],[91.81235,55.78904],[91.81969,55.79231],[91.82421,55.7993],[91.8271,55.80125],[91.85129,55.80553],[91.85314,55.80813],[91.85262,55.81864],[91.85375,55.82048],[91.86741,55.82614],[91.87559,55.83119],[91.87735,55.83313],[91.87943,55.8401],[91.88795,55.84169],[91.89938,55.84892],[91.9022,55.85621],[91.89763,55.86253],[91.89429,55.87095],[91.89819,55.87957],[91.89454,55.88366],[91.88719,55.88766],[91.89084,55.89602],[91.88591,55.90232],[91.88639,55.90431],[91.90225,55.90566],[91.90758,55.90937],[91.92375,55.913],[91.93484,55.91709],[91.94977,55.91768],[91.96635,55.92112],[91.96266,55.926],[91.95606,55.92802],[91.9442,55.9357],[91.93894,55.94401],[91.92887,55.95062]],[[91.73626,55.31091],[91.72437,55.33158]],[[91.73257,55.30785],[91.73626,55.30868]],[[91.73626,55.31091],[91.73573,55.30904],[91.73257,55.30785]],[[91.73573,55.30904],[91.73626,55.30868]],[[91.73689,55.30952],[91.73618,55.30954]],[[91.73626,55.30868],[91.73689,55.30952],[91.73626,55.31091]],[[91.73634,55.3087],[91.73817,55.30888]],[[91.92799,55.95044],[91.92733,55.94987]],[[92.32017,55.95522],[92.31309,55.94839],[92.29997,55.95233],[92.28606,55.95454],[92.29547,55.95029],[92.28878,55.94834],[92.27604,55.94682],[92.26348,55.93592],[92.25142,55.92856],[92.25744,55.93429],[92.25827,55.93905],[92.24665,55.93832],[92.24344,55.94005],[92.24118,55.94369],[92.23301,55.94753],[92.22745,55.94773],[92.22745,55.94976],[92.2223,55.9564],[92.21333,55.96219],[92.20961,55.96729],[92.20051,55.9686],[92.1773,55.9754],[92.16594,55.97994],[92.16373,55.98153],[92.16446,55.98581],[92.16333,55.98737],[92.15591,55.99065],[92.14771,55.99087],[92.14683,55.99269],[92.14159,55.99608],[92.13376,55.99912],[92.1134,55.99671],[92.08847,56.00196],[92.06674,55.9981],[92.04452,56.00112],[92.04054,56.00069],[92.03485,55.99797],[92.02786,55.99201],[92.01455,55.99028],[92.01149,55.98896],[92.0098,55.98706],[92.00904,55.97966],[92.00696,55.97729],[91.99759,55.97343],[91.99207,55.96761],[91.98102,55.96364],[91.95816,55.96208],[91.94564,55.96586],[91.93976,55.96646],[91.92041,55.96253],[91.91877,55.95491],[91.92754,55.95121]],[[91.92754,55.95121],[91.92799,55.95044]],[[91.92887,55.95062],[91.92754,55.95121]],[[91.92887,55.95062],[91.92799,55.95044]],[[91.93225,56.22357],[91.93452,56.22313]],[[91.93486,56.22384],[91.93366,56.22357],[91.93225,56.22357]],[[91.93452,56.22313],[91.93734,56.22273],[91.93869,56.22326],[91.93568,56.22394],[91.93499,56.22387],[91.93486,56.22384],[91.93472,56.22378],[91.93452,56.22313]],[[91.935,56.22293],[91.93591,56.2215]],[[91.93836,56.22286],[91.94087,56.22309]],[[91.94087,56.22309],[91.9385,56.2236]],[[91.94087,56.22309],[91.97845,56.21944],[92.00147,56.21591],[92.01211,56.21616],[92.02375,56.21804]],[[92.02056,53.40959],[92.01976,53.40958],[92.02071,53.41014]],[[92.02355,53.42106],[92.02418,53.42186]],[[92.02355,53.42106],[92.02365,53.4218]],[[92.48267,53.25284],[92.47337,53.25345],[92.46597,53.25535],[92.45294,53.26646],[92.44241,53.26993],[92.43057,53.28303],[92.42576,53.28693],[92.42279,53.29223],[92.41945,53.29389],[92.41388,53.29332],[92.36848,53.27677],[92.31943,53.27741],[92.30653,53.28096],[92.29196,53.28258],[92.26292,53.29077],[92.24242,53.29875],[92.21495,53.31605],[92.20086,53.31553],[92.19532,53.31374],[92.18179,53.3151],[92.17701,53.31885],[92.17796,53.32955],[92.17659,53.33191],[92.08413,53.38692],[92.07755,53.38895],[92.0511,53.391],[92.04184,53.39401],[92.02174,53.40315],[92.01981,53.40648],[92.02056,53.40959],[92.02203,53.41493],[92.02355,53.42106]],[[92.02365,53.4218],[92.02432,53.42188],[92.02443,53.42189]],[[92.02375,56.21804],[92.02998,56.21835],[92.038,56.21554],[92.04402,56.2151],[92.05743,56.22055]],[[92.05743,56.22055],[92.04995,56.21926],[92.03987,56.22094],[92.03068,56.21961],[92.02909,56.21929],[92.02375,56.21804]],[[92.02723,56.21884],[92.02742,56.21845]],[[92.03761,53.39589],[92.03887,53.39489],[92.03841,53.39422]],[[92.05373,56.21941],[92.05343,56.21968]],[[92.05743,56.22055],[92.07859,56.22535],[92.117,56.23663],[92.13697,56.2356]],[[92.13697,56.2356],[92.15125,56.23502]],[[92.15125,56.23502],[92.14752,56.23539],[92.13697,56.2356]],[[92.15125,56.23502],[92.16013,56.23339]],[[92.16013,56.23339],[92.16518,56.23225],[92.16872,56.2317]],[[92.16872,56.2317],[92.16013,56.23339]],[[92.16872,56.2317],[92.18689,56.22696]],[[92.18689,56.22696],[92.19911,56.22481]],[[92.19911,56.22481],[92.19635,56.22537],[92.18689,56.22696]],[[92.19911,56.22481],[92.3131,56.20303],[92.31906,56.20317],[92.33781,56.2068],[92.35458,56.21355],[92.39949,56.21797],[92.43797,56.21581],[92.46626,56.2078],[92.47795,56.20202]],[[92.32017,55.95522],[92.32031,55.95525],[92.32061,55.9552],[92.32111,55.95495]],[[92.32111,55.95495],[92.32055,55.95539],[92.32017,55.95522]],[[92.32111,55.95495],[92.32491,55.95235],[92.33829,55.9589],[92.34953,55.96186],[92.35329,55.96114],[92.37189,55.96421],[92.38868,55.9634]],[[92.38868,55.9634],[92.38989,55.96287],[92.39032,55.9627],[92.39126,55.96233],[92.39462,55.96249]],[[92.39462,55.96249],[92.3902,55.96319],[92.38868,55.9634]],[[92.3902,55.96319],[92.38989,55.96287]],[[92.3927,55.9624],[92.39283,55.96274]],[[92.78332,55.97115],[92.7319,55.96788],[92.72076,55.96543],[92.70858,55.96455],[92.67959,55.95981],[92.67637,55.95823],[92.67419,55.95468],[92.67306,55.95511],[92.67374,55.96038],[92.67286,55.96106],[92.66994,55.95721],[92.66264,55.9548],[92.64162,55.95881],[92.62004,55.95815],[92.61257,55.9597],[92.61176,55.9592],[92.61246,55.95702],[92.60824,55.95986],[92.59276,55.95868],[92.56128,55.95869],[92.53628,55.95093],[92.50924,55.94753],[92.48619,55.94131],[92.47273,55.94657],[92.4266,55.95823],[92.39462,55.96249]],[[92.47795,56.20202],[92.47825,56.20141]],[[92.47795,56.20202],[92.4789,56.20146]],[[92.47817,56.20131],[92.4789,56.20146]],[[92.4789,56.20146],[92.48456,56.19766],[92.49631,56.19365],[92.51398,56.19435],[92.5415,56.1889]],[[92.50438,53.25189],[92.49071,53.2527],[92.48815,53.25281],[92.48302,53.25285],[92.48267,53.25284]],[[92.48267,53.25284],[92.50438,53.25189]],[[92.50438,53.25189],[92.51299,53.25157],[92.52949,53.25335],[92.55364,53.24891],[92.57688,53.24766],[92.59448,53.25237],[92.60003,53.2551],[92.60605,53.25536],[92.63678,53.25098],[92.64599,53.24763],[92.65667,53.24885],[92.66307,53.24737],[92.67426,53.24909],[92.68194,53.25387],[92.68708,53.25406],[92.69426,53.25213],[92.70624,53.25185],[92.71958,53.24581],[92.73858,53.24287],[92.77574,53.23943],[92.79488,53.24163],[92.80514,53.2383],[92.82147,53.23907],[92.82746,53.23352],[92.83821,53.23081],[92.84021,53.22953],[92.84175,53.2261],[92.84947,53.22411],[92.8541,53.21762],[92.86554,53.21326],[92.86514,53.19797],[92.86225,53.19411],[92.86705,53.1907],[92.86244,53.18484],[92.86929,53.17721],[92.8682,53.17371],[92.8725,53.17172],[92.88148,53.17001],[92.89056,53.16392],[92.89443,53.15958],[92.89782,53.15279],[92.90339,53.14711],[92.90409,53.14253],[92.91146,53.13611],[92.93687,53.12898],[92.94252,53.12214],[92.97287,53.1136],[93.03536,53.08363],[93.04252,53.0828],[93.08905,53.0845],[93.09787,53.08275],[93.10651,53.07917],[93.11847,53.07912],[93.12405,53.07767],[93.12642,53.07602],[93.13347,53.06678],[93.14612,53.05923],[93.1526,53.05246],[93.15749,53.03933],[93.16217,53.03754],[93.16961,53.03839],[93.17236,53.03752],[93.18884,53.02501],[93.2022,53.00994],[93.22641,52.99825],[93.22801,52.99582],[93.23069,52.98416],[93.23935,52.97675],[93.23722,52.96647],[93.24147,52.9541],[93.24114,52.94626],[93.24322,52.93731],[93.24322,52.93152],[93.24556,52.93099],[93.24693,52.93372],[93.24884,52.93295],[93.24972,52.92144],[93.248,52.91377],[93.24979,52.91308],[93.25233,52.91493],[93.2544,52.91447],[93.25181,52.91167],[93.25398,52.90968],[93.25981,52.89948],[93.25754,52.88993],[93.25473,52.88502],[93.25696,52.87854],[93.25503,52.87548],[93.25681,52.8741],[93.26123,52.87356],[93.26475,52.86694],[93.26234,52.85918],[93.24897,52.84764],[93.25098,52.83918],[93.24819,52.83289],[93.24961,52.82437],[93.25786,52.8211],[93.25504,52.81894],[93.25496,52.81751],[93.26247,52.81396],[93.26545,52.811],[93.2656,52.80359],[93.26694,52.80058],[93.26915,52.79984],[93.27528,52.80238],[93.27785,52.8],[93.28158,52.79974],[93.28538,52.79791],[93.29037,52.79814],[93.29093,52.7996],[93.28651,52.8007],[93.28227,52.80419],[93.28196,52.80559],[93.2949,52.80721],[93.30108,52.79803],[93.29974,52.78984],[93.30816,52.78211],[93.31161,52.77449],[93.31625,52.76885],[93.32259,52.76675],[93.33739,52.76901],[93.35285,52.7644],[93.35641,52.75948],[93.35563,52.75625],[93.35629,52.75484],[93.36487,52.74785],[93.37985,52.73996],[93.38173,52.73678],[93.38953,52.73025],[93.39665,52.72034],[93.40452,52.71575],[93.41251,52.71337],[93.41204,52.7105],[93.41367,52.70833],[93.42048,52.70575],[93.42916,52.70476],[93.43259,52.7014],[93.43724,52.7001],[93.4463,52.70061],[93.46628,52.69563],[93.4678,52.69443],[93.46777,52.69157],[93.46946,52.69009],[93.47847,52.6931],[93.48172,52.69282],[93.48497,52.69033],[93.49072,52.6929],[93.49447,52.69256],[93.49602,52.68874],[93.50511,52.68615],[93.50753,52.68194],[93.51705,52.67426],[93.52064,52.66991],[93.52013,52.66623],[93.51124,52.66075],[93.51089,52.65808],[93.50911,52.65681],[93.5001,52.65459],[93.49879,52.65355],[93.49856,52.65039],[93.49682,52.64886],[93.48734,52.64927],[93.47349,52.64274],[93.46638,52.63654],[93.46389,52.63185],[93.46167,52.62352],[93.45854,52.6209],[93.45107,52.61827],[93.44227,52.61759],[93.43737,52.61241],[93.43589,52.60587],[93.44094,52.59076],[93.44312,52.57113],[93.44216,52.56893],[93.44473,52.5524],[93.44548,52.54779],[93.44721,52.54606],[93.44871,52.54132],[93.44749,52.53776],[93.44393,52.53391],[93.44381,52.53212],[93.44588,52.525],[93.45095,52.51874],[93.45273,52.51361],[93.44722,52.50018],[93.44361,52.49877],[93.43992,52.49529],[93.43988,52.48805],[93.44331,52.48502],[93.45419,52.48459],[93.46379,52.48047],[93.4733,52.47556],[93.47524,52.47273],[93.484,52.46654],[93.49262,52.46395],[93.54464,52.46267],[93.55558,52.46121],[93.57202,52.45648],[93.5736,52.45397],[93.57352,52.45012],[93.56819,52.43933],[93.56283,52.43238],[93.56527,52.42368],[93.56489,52.41658],[93.56211,52.41242],[93.56253,52.40729],[93.55883,52.39871],[93.56149,52.3931],[93.57065,52.38937],[93.57099,52.38154],[93.57373,52.37253],[93.57225,52.36433],[93.57502,52.36011],[93.57751,52.3589],[93.57828,52.35681],[93.5824,52.35565],[93.58386,52.3534],[93.57239,52.34144],[93.57476,52.33006],[93.57433,52.32303],[93.57536,52.31999],[93.57925,52.31407],[93.59021,52.30231],[93.59588,52.29837],[93.61914,52.28829],[93.63124,52.28509],[93.64188,52.2843],[93.66254,52.28735],[93.66814,52.28685],[93.67128,52.28434],[93.67055,52.28075],[93.67209,52.27561],[93.67946,52.27379]],[[92.5415,56.1889],[92.55784,56.18587],[92.57545,56.18134],[92.58526,56.17774],[92.58931,56.17667],[92.59304,56.17636],[92.60062,56.17629],[92.60477,56.17659],[92.61388,56.17775],[92.6201,56.17723],[92.67143,56.16247]],[[92.6715,56.16257],[92.65347,56.1678],[92.64512,56.17027],[92.63235,56.17395],[92.62966,56.17476],[92.6207,56.17723],[92.61409,56.17786],[92.60197,56.17645],[92.58917,56.17681],[92.57546,56.18148],[92.56939,56.18306],[92.55627,56.18635],[92.5415,56.1889]],[[92.65338,56.16771],[92.65347,56.1678]],[[92.67143,56.16247],[92.6715,56.16257]],[[92.67143,56.16247],[92.67791,56.16062],[92.68259,56.15963],[92.6872,56.1592],[92.69323,56.15923]],[[92.69324,56.15934],[92.68239,56.15977],[92.67804,56.16068],[92.67719,56.16092],[92.6715,56.16257]],[[92.67247,56.16229],[92.67183,56.16291]],[[92.69323,56.15923],[92.7143,56.16027],[92.72492,56.15842],[92.72868,56.15551],[92.73402,56.14669],[92.73533,56.13862]],[[92.69324,56.15934],[92.69323,56.15923]],[[92.73593,56.13558],[92.73438,56.14628],[92.72904,56.15531],[92.72797,56.15651],[92.72674,56.15748],[92.72547,56.15827],[92.72008,56.15993],[92.71503,56.16036],[92.71246,56.16033],[92.69653,56.15948],[92.69511,56.15942],[92.69324,56.15934]],[[92.69511,56.15942],[92.69334,56.15961]],[[92.72674,56.15748],[92.72665,56.15738]],[[92.73285,56.10879],[92.7302,56.10721],[92.73064,56.10662]],[[92.73064,56.10662],[92.72988,56.10606],[92.73152,56.10409]],[[92.73182,56.10369],[92.73325,56.10612],[92.73264,56.1065],[92.73212,56.10653],[92.73154,56.10657],[92.73064,56.10662]],[[92.73259,56.13507],[92.73515,56.13504],[92.73564,56.13445],[92.73578,56.13369],[92.73593,56.13292]],[[92.73533,56.13862],[92.73495,56.13689],[92.73259,56.13507]],[[92.73667,56.13341],[92.73506,56.13344],[92.73462,56.13345],[92.73417,56.13349],[92.73304,56.1337],[92.73259,56.13507]],[[92.73533,56.13862],[92.73558,56.13657],[92.73593,56.13292]],[[92.73649,56.12977],[92.73615,56.13337],[92.73614,56.13349],[92.73593,56.13558]],[[92.74112,56.13342],[92.73784,56.1338],[92.73593,56.13558]],[[92.73593,56.13292],[92.73713,56.11915],[92.73532,56.11275],[92.73423,56.1107],[92.73285,56.10879],[92.73236,56.10806],[92.73178,56.1067],[92.73169,56.10636],[92.7316,56.10597],[92.73154,56.10547],[92.73152,56.10409],[92.73216,56.102],[92.73304,56.10057],[92.73475,56.0988],[92.73866,56.09624],[92.74151,56.09504],[92.74901,56.09306],[92.75295,56.09111],[92.75858,56.08427],[92.75898,56.08392],[92.7592,56.08375],[92.75935,56.08364],[92.75993,56.08325],[92.76238,56.08207]],[[92.73726,56.13338],[92.73808,56.13253],[92.7362,56.13286]],[[92.73649,56.12977],[92.73819,56.13232],[92.74281,56.13328]],[[92.76405,56.08168],[92.76138,56.08265],[92.76014,56.08333],[92.75974,56.08358],[92.75948,56.08377],[92.75933,56.08388],[92.75896,56.08416],[92.75277,56.0914],[92.74888,56.09324],[92.73856,56.09645],[92.73258,56.10157],[92.73206,56.10267],[92.73193,56.10309],[92.7317,56.10422],[92.73171,56.10533],[92.73176,56.10577],[92.7319,56.10647],[92.73197,56.10676],[92.73542,56.11252],[92.73725,56.11867],[92.73735,56.12161],[92.7373,56.12217],[92.73711,56.12407],[92.7367,56.12771],[92.73649,56.12977]],[[92.74112,56.13342],[92.73667,56.13341]],[[92.73667,56.13341],[92.73726,56.13338],[92.74281,56.13328]],[[92.7373,56.12217],[92.73711,56.12217]],[[92.75198,56.13282],[92.74974,56.1331],[92.74657,56.13335],[92.74112,56.13342]],[[92.74281,56.13328],[92.75198,56.13282]],[[92.95352,56.15679],[92.93386,56.15946],[92.92035,56.15916],[92.91039,56.1572],[92.88095,56.14805],[92.87031,56.14721],[92.85318,56.14798],[92.84286,56.14683],[92.80441,56.13493],[92.76976,56.13126],[92.75198,56.13282]],[[92.76405,56.08168],[92.76161,56.08461],[92.76002,56.08442],[92.75972,56.08418],[92.75894,56.08332],[92.75889,56.08326],[92.76238,56.08207]],[[92.76238,56.08207],[92.76485,56.08134],[92.77711,56.07876],[92.81396,56.07246],[92.83244,56.06243]],[[92.83551,56.06064],[92.83507,56.06091],[92.8344,56.06133],[92.83349,56.06191],[92.83302,56.06219],[92.83118,56.06333],[92.81902,56.07065],[92.81492,56.07232],[92.76405,56.08168]],[[92.78982,55.97254],[92.78332,55.97115]],[[92.78332,55.97115],[92.78434,55.97115],[92.78531,55.97127],[92.78614,55.97146],[92.78796,55.97192],[92.78926,55.97228],[92.78963,55.97237],[92.78982,55.97241],[92.78997,55.97244]],[[92.78824,55.972],[92.78816,55.97211]],[[92.79213,55.97301],[92.78982,55.97254]],[[92.78982,55.97254],[92.78982,55.97241]],[[92.78997,55.97244],[92.78982,55.97254]],[[92.78997,55.97244],[92.79213,55.97301]],[[92.79213,55.97301],[92.79927,55.97511],[92.8077,55.97602]],[[92.82317,55.97706],[92.81613,55.97679],[92.8077,55.97602]],[[92.8077,55.97602],[92.82317,55.97706]],[[92.82317,55.97706],[92.88641,55.98377]],[[92.83244,56.06243],[92.83344,56.06124],[92.83305,56.05966]],[[92.83244,56.06243],[92.83429,56.06128],[92.83497,56.06086],[92.8364,56.05999],[92.83404,56.05942]],[[92.83328,56.06203],[92.83404,56.06301],[92.83579,56.06243],[92.83543,56.06174],[92.8351,56.06148],[92.83431,56.06099],[92.83352,56.06046],[92.83305,56.05966]],[[92.83305,56.05966],[92.83343,56.05675]],[[92.83404,56.05942],[92.83338,56.06004],[92.83312,56.05923]],[[92.83343,56.05675],[92.83517,56.04758],[92.83764,56.04185],[92.83374,56.0359]],[[92.83343,56.05675],[92.83411,56.05646],[92.83433,56.05698]],[[92.83374,56.0359],[92.83405,56.03539],[92.83484,56.03572],[92.83435,56.03604],[92.83374,56.0359]],[[92.83404,56.05942],[92.8342,56.06049],[92.83463,56.06091],[92.83502,56.06117],[92.83561,56.06157]],[[92.83433,56.05698],[92.83404,56.05942]],[[92.83414,56.03538],[92.83465,56.035]],[[92.83452,56.03601],[92.83789,56.04185],[92.83532,56.04769],[92.83433,56.05698]],[[92.83465,56.035],[92.83469,56.0355]],[[92.83465,56.035],[92.83712,56.02886]],[[92.83712,56.02886],[92.83708,56.02833]],[[92.8375,56.02834],[92.83712,56.02886]],[[92.83741,56.02808],[92.83825,56.02765]],[[92.83825,56.02765],[92.83757,56.02828]],[[92.83825,56.02765],[92.84918,56.02181],[92.85403,56.02044],[92.8591,56.01986],[92.86844,56.02082],[92.87155,56.01052]],[[92.87155,56.01052],[92.87163,56.00863],[92.87207,56.00709],[92.87786,55.9977],[92.87944,55.99616],[92.88582,55.99211]],[[92.88641,55.9924],[92.87796,55.99777],[92.87248,56.00656],[92.87155,56.01052]],[[92.88336,55.98468],[92.88291,55.98433]],[[92.88666,55.98545],[92.88336,55.98468]],[[92.88336,55.98468],[92.88371,55.98444],[92.8862,55.98475]],[[92.88641,55.9924],[92.88582,55.99211]],[[92.88582,55.99211],[92.8863,55.99141]],[[92.8862,55.98475],[92.8873,55.98435]],[[92.8862,55.98475],[92.88713,55.98487]],[[92.8863,55.99141],[92.88698,55.98577]],[[92.8863,55.99141],[92.88675,55.99135],[92.88719,55.99142]],[[92.88641,55.98377],[92.88748,55.98384]],[[92.8873,55.98435],[92.88641,55.98377]],[[92.88726,55.99233],[92.88683,55.99243],[92.88641,55.9924]],[[92.88701,55.98547],[92.88666,55.98545]],[[92.88698,55.98577],[92.88666,55.98545]],[[92.88698,55.98577],[92.88701,55.98547]],[[92.88729,55.9855],[92.88701,55.98547]],[[92.88701,55.98547],[92.88713,55.98487]],[[92.88713,55.98487],[92.88744,55.9849]],[[92.88713,55.98487],[92.8873,55.98435]],[[92.88719,55.99142],[92.88766,55.99181]],[[92.88725,55.98606],[92.88719,55.99142]],[[92.88729,55.9855],[92.88725,55.98606]],[[92.88804,55.98542],[92.88725,55.98606]],[[92.88766,55.99181],[92.88726,55.99233]],[[92.97429,56.01362],[92.97209,56.01256],[92.88912,55.99255],[92.88798,55.99228],[92.88726,55.99233]],[[92.88804,55.98542],[92.88765,55.98551],[92.88729,55.9855]],[[92.88744,55.9849],[92.88729,55.9855]],[[92.8873,55.98435],[92.88748,55.98384]],[[92.88744,55.9849],[92.88803,55.98497]],[[92.88776,55.98397],[92.88744,55.9849]],[[92.88748,55.98384],[92.88776,55.98397]],[[92.88766,55.99181],[92.97219,56.01242],[92.97496,56.01359],[93.02079,56.02414],[93.0232,56.02321]],[[92.88776,55.98397],[92.88803,55.98497]],[[92.88803,55.98497],[92.89064,55.98544]],[[92.88803,55.98497],[92.88804,55.98542]],[[92.89064,55.98544],[92.88869,55.98523],[92.88804,55.98542]],[[93.03055,56.01599],[92.89064,55.98544]],[[92.95352,56.15679],[92.96628,56.15508]],[[92.96635,56.15525],[92.95352,56.15679]],[[92.96635,56.15525],[92.9654,56.15602],[92.96725,56.15604],[92.96728,56.15546],[92.96716,56.15521],[92.967,56.1549],[92.96682,56.15456],[92.96632,56.15413],[92.96474,56.1544],[92.96628,56.15508]],[[92.96628,56.15508],[92.96808,56.15487]],[[92.96814,56.15503],[92.96635,56.15525]],[[92.96808,56.15487],[92.96873,56.15384],[92.96723,56.15408],[92.96711,56.1545],[92.96728,56.15486],[92.96743,56.15518],[92.96758,56.15545],[92.96976,56.15565],[92.96814,56.15503]],[[92.96808,56.15487],[92.98051,56.1538]],[[92.98051,56.1538],[92.96814,56.15503]],[[92.97429,56.01362],[92.97211,56.01331]],[[93.01518,56.02304],[92.97429,56.01362]],[[93.09292,56.13862],[93.0749,56.14512],[93.06302,56.14759],[93.01117,56.14907],[92.98051,56.1538]],[[93.01518,56.02304],[93.01465,56.02322]],[[93.0232,56.02321],[93.02085,56.02434],[93.01518,56.02304]],[[93.0232,56.02321],[93.02863,56.01853]],[[93.03055,56.01895],[93.02863,56.01853]],[[93.02863,56.01853],[93.03055,56.01859]],[[93.03103,56.01879],[93.0309,56.01892],[93.03073,56.01896],[93.03055,56.01895]],[[93.06119,56.02278],[93.04765,56.02184],[93.04651,56.02175],[93.04543,56.02164],[93.04032,56.02123],[93.03908,56.02112],[93.03836,56.021],[93.03679,56.0205],[93.03128,56.01918],[93.03055,56.01895]],[[93.03055,56.01895],[93.03055,56.01859]],[[93.03117,56.01625],[93.03055,56.01599]],[[93.03055,56.01599],[93.0309,56.01565]],[[93.03117,56.01625],[93.03103,56.01594],[93.03055,56.01599]],[[93.03055,56.01859],[93.03164,56.01809]],[[93.03055,56.01859],[93.03067,56.01858],[93.03089,56.01861],[93.03103,56.01879]],[[93.03103,56.01879],[93.0387,56.02097],[93.03941,56.02107],[93.04139,56.02123],[93.04545,56.02156],[93.04653,56.02166]],[[93.03164,56.01809],[93.03103,56.01879]],[[93.03117,56.01625],[93.03164,56.01809]],[[93.03198,56.01925],[93.03192,56.01933]],[[93.03441,56.01984],[93.03435,56.01991]],[[93.03569,56.02014],[93.03565,56.02022]],[[93.04139,56.02123],[93.04136,56.02132]],[[93.04545,56.02156],[93.04543,56.02164]],[[93.04653,56.02166],[93.04651,56.02175]],[[93.04653,56.02166],[93.06119,56.02268],[93.06149,56.02274]],[[93.04891,56.02184],[93.04889,56.02192]],[[93.05352,56.02215],[93.0535,56.02223]],[[93.05876,56.02251],[93.05874,56.02259]],[[93.06167,56.02316],[93.06119,56.02278]],[[93.06151,56.02278],[93.06119,56.02278]],[[93.06149,56.02274],[93.06171,56.02277]],[[93.06151,56.02278],[93.06149,56.02274]],[[93.06167,56.02316],[93.06151,56.02278]],[[93.06171,56.02277],[93.06151,56.02278]],[[93.0622,56.02284],[93.06167,56.02316]],[[93.0622,56.02284],[93.06171,56.02277]],[[93.11027,56.02262],[93.0894,56.02432],[93.0622,56.02284]],[[93.09292,56.13862],[93.1186,56.12819]],[[93.1186,56.12819],[93.11428,56.13071],[93.09292,56.13862]],[[93.11027,56.02262],[93.11137,56.02226]],[[93.11171,56.02249],[93.11027,56.02262]],[[93.11296,56.02242],[93.11193,56.02247]],[[93.11226,56.02225],[93.11296,56.02242]],[[93.11296,56.02242],[93.11937,56.02216],[93.12597,56.02258]],[[93.17511,56.08638],[93.14754,56.09412],[93.13724,56.09927],[93.13209,56.10492],[93.12482,56.12218],[93.1186,56.12819]],[[93.12597,56.02258],[93.12771,56.02283]],[[93.12771,56.02283],[93.12661,56.02305],[93.12597,56.02258]],[[93.12771,56.02283],[93.14519,56.02763],[93.16113,56.03021],[93.1715,56.03039],[93.21528,56.02739],[93.22261,56.02481],[93.23127,56.01776]],[[93.1806,56.08481],[93.17683,56.08726],[93.17485,56.08796],[93.17674,56.08706],[93.17511,56.08638]],[[93.17511,56.08638],[93.17527,56.08539],[93.17254,56.08569],[93.1806,56.08481]],[[93.1806,56.08481],[93.17511,56.08638]],[[93.2156,56.06461],[93.19327,56.07197],[93.18991,56.0752],[93.18716,56.08068],[93.1806,56.08481]],[[93.2156,56.06461],[93.21604,56.06309],[93.21296,56.05886]],[[93.21784,56.06133],[93.2156,56.06461]],[[93.22202,56.06317],[93.2156,56.06461]],[[93.21734,56.06073],[93.21516,56.06138],[93.21784,56.06133]],[[93.21784,56.06133],[93.21844,56.06314],[93.21999,56.06277],[93.21956,56.0618]],[[93.23308,56.02213],[93.22542,56.03976],[93.22271,56.05162],[93.21784,56.06133]],[[93.23127,56.01776],[93.23182,56.01754],[93.23297,56.01743],[93.23385,56.01754],[93.23457,56.01776]],[[93.23429,56.01773],[93.23127,56.01776]],[[93.23308,56.02213],[93.23358,56.02117],[93.23443,56.02019]],[[93.24076,56.01557],[93.23913,56.01708],[93.23744,56.01819],[93.23621,56.01898],[93.23479,56.01998],[93.23308,56.02213]],[[93.24076,56.01557],[93.24109,56.01844],[93.24082,56.01894],[93.24011,56.01928],[93.23945,56.01934],[93.23874,56.01927],[93.2371,56.01873],[93.23644,56.0185],[93.23429,56.01773]],[[93.23443,56.02019],[93.23542,56.01875],[93.23429,56.01773]],[[93.23443,56.02019],[93.23574,56.01923],[93.23824,56.01759]],[[93.23457,56.01776],[93.23824,56.01759]],[[93.23457,56.01776],[93.23647,56.01845],[93.23714,56.01869],[93.23895,56.01925],[93.24103,56.01837],[93.23943,56.01747],[93.23744,56.01819]],[[93.23824,56.01759],[93.24128,56.01464],[93.2437,56.00695],[93.24544,56.00498],[93.24755,56.00347]],[[93.24834,56.00392],[93.2443,56.00765],[93.24164,56.01411],[93.24076,56.01557]],[[93.24834,56.00392],[93.24755,56.00347]],[[93.24755,56.00347],[93.26263,55.99541],[93.2719,55.98364]],[[93.27285,55.9839],[93.2618,55.99672],[93.24834,56.00392]],[[93.2719,55.98364],[93.27233,55.98314]],[[93.2719,55.98364],[93.27248,55.98357],[93.27285,55.9839]],[[93.27324,55.98344],[93.27233,55.98314]],[[93.27233,55.98314],[93.27622,55.97945],[93.28116,55.97776]],[[93.27324,55.98344],[93.27285,55.9839]],[[93.28187,55.97831],[93.27324,55.98344]],[[93.28116,55.97776],[93.29297,55.97524],[93.30053,55.97478],[93.31155,55.97137],[93.33415,55.96819],[93.33799,55.96612],[93.34174,55.96212]],[[93.28116,55.97776],[93.28162,55.97775],[93.282,55.9779],[93.28187,55.97831]],[[93.34174,55.96212],[93.33817,55.96618],[93.33598,55.96754],[93.33346,55.96851],[93.3129,55.97167],[93.30381,55.9748],[93.29276,55.9757],[93.28187,55.97831]],[[93.34174,55.96212],[93.34602,55.95894],[93.35819,55.95596],[93.36677,55.95232],[93.38967,55.95369],[93.40118,55.95171],[93.42466,55.95517],[93.44345,55.9616],[93.46734,55.96085]],[[93.46734,55.96085],[93.46833,55.9604],[93.46987,55.96085]],[[93.46987,55.96085],[93.46872,55.96084],[93.46734,55.96085]],[[93.56406,55.94692],[93.52218,55.94938],[93.50404,55.95543],[93.49347,55.96147],[93.46987,55.96085]],[[93.56406,55.94692],[93.56617,55.94558],[93.56879,55.94667]],[[93.5651,55.94687],[93.56406,55.94692]],[[93.5651,55.94687],[93.56434,55.94775],[93.56815,55.94754],[93.56714,55.94676]],[[93.56714,55.94676],[93.5651,55.94687]],[[93.56879,55.94667],[93.56714,55.94676]],[[94.34091,55.85823],[94.26971,55.85716],[94.24781,55.85504],[94.22713,55.85107],[94.21421,55.84996],[94.15479,55.85519],[94.14656,55.85725],[94.12798,55.86578],[94.12511,55.86855],[94.11713,55.88154],[94.1125,55.88547],[94.09046,55.89518],[94.08329,55.8965],[94.03122,55.88867],[93.99298,55.88782],[93.98446,55.88567],[93.96687,55.87811],[93.95582,55.87612],[93.94775,55.87658],[93.91852,55.88193],[93.88993,55.88321],[93.86974,55.88986],[93.84691,55.89174],[93.84385,55.89127],[93.83993,55.88813],[93.83052,55.88641],[93.79578,55.88204],[93.78513,55.88175],[93.72907,55.88971],[93.72055,55.89331],[93.70956,55.90021],[93.68796,55.917],[93.68273,55.91988],[93.66081,55.92393],[93.58797,55.9463],[93.56879,55.94667]],[[94.34091,55.85823],[94.34106,55.85873]],[[94.77738,55.76779],[94.76199,55.76854],[94.74028,55.77543],[94.67581,55.77706],[94.63748,55.78316],[94.61363,55.792],[94.60824,55.79535],[94.59754,55.80511],[94.59044,55.80866],[94.56261,55.81415],[94.54368,55.8161],[94.53395,55.82172],[94.52308,55.82527],[94.49974,55.84101],[94.49347,55.84333],[94.44086,55.85218],[94.38812,55.8513],[94.34091,55.85823]],[[94.77738,55.76779],[94.77995,55.76788]],[[94.77998,55.76838],[94.77738,55.76779]],[[94.78007,55.76786],[94.7817,55.76701],[94.7824,55.76805]],[[94.78221,55.76866],[94.78067,55.76964],[94.78014,55.76844]],[[94.78235,55.76865],[94.78055,55.76852],[94.77998,55.76838],[94.77975,55.76812],[94.77995,55.76788],[94.78007,55.76786],[94.78059,55.76784],[94.7824,55.76805],[94.78235,55.76865]],[[94.78489,55.76869],[94.78335,55.76857],[94.78235,55.76865]],[[94.78253,55.7681],[94.78489,55.76869]],[[95.18995,55.95971],[95.1694,55.95941],[95.16291,55.95791],[95.15837,55.95557],[95.15424,55.95163],[95.14125,55.93127],[95.12522,55.92024],[95.1205,55.91506],[95.09798,55.90363],[95.09189,55.89605],[95.08865,55.89401],[95.08327,55.89302],[95.06633,55.89315],[95.02406,55.8874],[94.98939,55.87618],[94.98742,55.87287],[94.98822,55.87069],[94.99789,55.85853],[95.02002,55.83879],[95.02042,55.8333],[95.02616,55.82911],[95.0273,55.82392],[95.01017,55.809],[95.00547,55.7949],[94.97195,55.773],[94.91742,55.76537],[94.85462,55.77242],[94.82135,55.77279],[94.78489,55.76869]],[[95.19106,55.9597],[95.18977,55.96004]],[[95.18995,55.95971],[95.19141,55.95933]],[[95.19106,55.9597],[95.18995,55.95971]],[[95.66987,56.15599],[95.66529,56.14766],[95.6616,56.14374],[95.64892,56.13588],[95.64449,56.12455],[95.64037,56.12011],[95.63105,56.11361],[95.57467,56.08299],[95.55664,56.059],[95.5345,56.04243],[95.53328,56.04077],[95.53255,56.03546],[95.51634,56.01791],[95.51213,56.01562],[95.45343,56.00695],[95.37288,55.98268],[95.30753,55.97179],[95.26053,55.95915],[95.19106,55.9597]],[[95.66945,56.15674],[95.66987,56.15599]],[[95.66987,56.15599],[95.67069,56.15654]],[[95.67142,56.15681],[95.67266,56.15699]],[[95.67266,56.15699],[95.67159,56.15748]],[[95.67266,56.15699],[95.73612,56.15336],[95.74663,56.15456],[95.75325,56.15774],[95.7618,56.16731],[95.76559,56.1701],[95.79045,56.17909],[95.80614,56.18787],[95.82627,56.19649],[95.83132,56.19994],[95.83345,56.20393],[95.83299,56.20739],[95.82237,56.21819],[95.80973,56.22694],[95.79054,56.23699]],[[95.7902,56.23933],[95.78826,56.23818]],[[95.78886,56.23733],[95.79054,56.23699]],[[96.06692,56.21035],[96.00434,56.21076],[95.95103,56.22211],[95.92699,56.22865],[95.87752,56.22437],[95.85981,56.23085],[95.84703,56.23915],[95.82854,56.24285],[95.79954,56.24204],[95.7902,56.23933]],[[95.79054,56.23699],[95.7902,56.23933]],[[96.06692,56.21035],[96.06772,56.21005]],[[96.06712,56.21035],[96.06692,56.21035]],[[96.06815,56.21051],[96.06712,56.21035]],[[96.0687,56.21034],[96.06712,56.21035]],[[96.06778,56.21011],[96.0687,56.21034]],[[96.06921,56.21034],[96.06827,56.21063]],[[96.06921,56.21034],[96.0687,56.21034]],[[97.65769,56.06312],[97.64601,56.0642],[97.62604,56.06325],[97.58059,56.07447],[97.46082,56.0942],[97.43853,56.10397],[97.41588,56.10965],[97.40021,56.1207],[97.3922,56.12413],[97.36799,56.12744],[97.35006,56.1278],[97.34446,56.12989],[97.33593,56.13707],[97.32737,56.14095],[97.27722,56.14706],[97.25621,56.14659],[97.21737,56.13875],[97.20188,56.13706],[97.18114,56.13966],[97.16085,56.13897],[97.15504,56.14114],[97.14678,56.1478],[97.13663,56.14911],[97.08911,56.13971],[97.06805,56.13863],[97.02937,56.13386],[96.99565,56.13478],[96.9851,56.13385],[96.97612,56.13156],[96.94939,56.12179],[96.93953,56.11985],[96.87546,56.1182],[96.85162,56.12242],[96.8437,56.13405],[96.84745,56.14116],[96.84443,56.1486],[96.81629,56.16266],[96.80754,56.16582],[96.79723,56.16759],[96.76694,56.16963],[96.70334,56.16859],[96.69246,56.16996],[96.6705,56.17581],[96.65983,56.17717],[96.6314,56.17787],[96.59088,56.17489],[96.58753,56.17648],[96.58646,56.17868],[96.58682,56.18179],[96.57345,56.19773],[96.56034,56.20575],[96.53116,56.20262],[96.49533,56.20368],[96.40984,56.20908],[96.38237,56.20787],[96.33105,56.21974],[96.32364,56.21829],[96.29553,56.2173],[96.27431,56.22065],[96.24071,56.21427],[96.15801,56.20929],[96.06921,56.21034]],[[91.63277,53.67504],[91.6327,53.67491],[91.63273,53.67479],[91.63317,53.67459],[91.63387,53.67495],[91.63277,53.67504]],[[92.83742,56.02837],[92.83715,56.02836],[92.83701,56.0282],[92.83747,56.0281],[92.83742,56.02837]],[[93.11149,56.02223],[93.112,56.02219],[93.11226,56.02225],[93.11171,56.02249],[93.11149,56.02223]],[[95.66913,56.15708],[95.66945,56.15674],[95.66981,56.15659],[95.67069,56.15654],[95.67167,56.15725],[95.67032,56.15795],[95.66913,56.15708]],[[95.78838,56.23743],[95.78935,56.2374],[95.78981,56.23785],[95.78855,56.23829],[95.78838,56.23743]]]}}],"provenance":{"sources":[{"id":"osm-siberian-260916","url":"https://download.geofabrik.de/russia/siberian-fed-district-260916.osm.pbf","snapshot":"2026-09-16T20:21:21Z","sha256":"37e12e429cc8617419edd3853f299c1e752a4d89b6dee4456a3a98ed62fc99a1","md5":"c5850699d3c22a686d229498cdc55b31","bytes":583874472,"license":"ODbL-1.0","attribution":"© OpenStreetMap contributors, Geofabrik","downloadDate":"2026-09-17"}],"attribution":"© OpenStreetMap contributors, Geofabrik; ODbL-1.0","geometryMethod":"Actual OSM road ways, merged by class and endpoint, display simplification 0.0007 degrees; not routing geometry","sourceWayCount":9985,"routingUse":false}}