{"type":"FeatureCollection","features":[{"type":"Feature","properties":{"roadClass":"primary"},"geometry":{"type":"MultiLineString","coordinates":[[[130.83336,42.7052],[130.83924,42.69719],[130.84055,42.68845],[130.83692,42.67634],[130.83297,42.67224],[130.82511,42.67081],[130.82016,42.67107],[130.81142,42.66359],[130.8064,42.66159],[130.80641,42.66017],[130.80875,42.6581],[130.80847,42.65687],[130.80565,42.65532],[130.80566,42.6506]],[[131.10973,42.72777],[131.1124,42.71903],[131.11566,42.71477],[131.11582,42.70864],[131.11421,42.70199],[131.11486,42.6916],[131.10629,42.68431],[131.10437,42.67584],[131.10292,42.67387],[131.09348,42.66643],[131.0911,42.66295],[131.08635,42.66145],[131.0828,42.65889],[131.0799,42.65475],[131.08198,42.64529],[131.07851,42.6409],[131.07534,42.63972]],[[131.25307,44.01837],[131.25275,44.01833]],[[131.25282,44.01775],[131.25312,44.01779]],[[131.312,42.88207],[131.31126,42.88222]],[[131.31158,42.88112],[131.312,42.88207]],[[131.312,42.88207],[131.3149,42.8846],[131.32095,42.88653],[131.33064,42.88777],[131.33193,42.88684],[131.33222,42.88434],[131.34115,42.87905],[131.35027,42.87656],[131.35957,42.87637],[131.36536,42.8736],[131.3709,42.87489],[131.37416,42.87356],[131.37943,42.87399],[131.38056,42.86764],[131.38204,42.86566],[131.38815,42.86272],[131.3931,42.86195]],[[131.69129,44.59863],[131.64176,44.61152],[131.62975,44.61049],[131.6141,44.60571],[131.58666,44.61227],[131.57625,44.61585],[131.56651,44.61583],[131.53921,44.60419],[131.53408,44.59949],[131.54497,44.58647],[131.53504,44.57435],[131.53941,44.56763],[131.55086,44.55647],[131.55329,44.54774],[131.55801,44.54367],[131.56111,44.53838],[131.56127,44.53319],[131.56425,44.52349],[131.56109,44.51396],[131.5642,44.50318],[131.55784,44.50054],[131.53424,44.50297],[131.51268,44.49538],[131.48876,44.47712],[131.46231,44.46167],[131.4014,44.43306],[131.37815,44.40715],[131.39019,44.40141],[131.38516,44.3976],[131.38453,44.3908]],[[131.43421,44.0094],[131.43392,44.00947]],[[131.63818,43.94828],[131.63746,43.94829]],[[131.63799,43.94875],[131.63805,43.94838],[131.63818,43.94828],[131.6383,43.94825],[131.65303,43.94749],[131.65395,43.94218],[131.65264,43.93914],[131.65279,43.93352],[131.66373,43.9241],[131.66539,43.92076],[131.6669,43.91051],[131.66184,43.90354],[131.65491,43.90268],[131.65173,43.89616],[131.64438,43.8941],[131.63389,43.8846],[131.63112,43.88449],[131.62198,43.87865],[131.61552,43.87706],[131.6116,43.87748],[131.60712,43.87522],[131.59644,43.87603],[131.58434,43.87244],[131.59105,43.86523],[131.59405,43.86004],[131.60633,43.85439],[131.61534,43.84731],[131.62063,43.84137],[131.62891,43.843],[131.63646,43.84074],[131.64521,43.84129],[131.66994,43.83883],[131.67183,43.8374],[131.68573,43.83749],[131.7017,43.83447],[131.73099,43.83397],[131.73716,43.83219],[131.7505,43.83384],[131.77635,43.82614],[131.78145,43.82318],[131.79665,43.81983],[131.80123,43.82084]],[[131.69129,44.59863],[131.76179,44.61299],[131.94222,44.68305],[132.01874,44.71942],[132.04056,44.72087]],[[131.96785,44.88906],[131.9213,44.87101],[131.91384,44.87162],[131.90152,44.87749],[131.89815,44.88034],[131.8877,44.88265],[131.88044,44.88554],[131.87847,44.88765],[131.87814,44.89161],[131.8713,44.89798],[131.85962,44.90361],[131.84065,44.92384],[131.82787,44.93179],[131.82583,44.93477],[131.80974,44.94763],[131.79519,44.95365],[131.78944,44.95915],[131.77835,44.96683],[131.76959,44.96625],[131.76378,44.95184],[131.75172,44.93864],[131.74398,44.93357],[131.73804,44.92539],[131.742,44.91908],[131.74387,44.90017],[131.74716,44.89792],[131.7487,44.8932],[131.74941,44.88833],[131.74728,44.88346],[131.75306,44.87625],[131.75532,44.87066],[131.7538,44.86705],[131.75774,44.86279],[131.74084,44.85577],[131.73736,44.85215],[131.72647,44.84883],[131.72195,44.84385],[131.71447,44.83857],[131.70767,44.83558],[131.70183,44.83535],[131.69698,44.83304],[131.69912,44.82601],[131.7019,44.82501],[131.71474,44.81357],[131.7212,44.80062],[131.7229,44.77779],[131.72186,44.76565],[131.71469,44.75389],[131.71335,44.74905],[131.70265,44.73986],[131.70024,44.73177],[131.69142,44.71818],[131.68348,44.70247],[131.68347,44.69865],[131.67977,44.69544],[131.67363,44.68614],[131.6693,44.67614],[131.67357,44.66071],[131.69104,44.62158],[131.69129,44.59863]],[[132.4293,44.13951],[132.41289,44.1397],[132.40403,44.14278],[132.39807,44.1476],[132.39387,44.14927],[132.39166,44.15243],[132.3867,44.15633],[132.38213,44.15835],[132.3772,44.15767],[132.35144,44.1713],[132.33657,44.17379],[132.32067,44.17454],[132.31216,44.17883],[132.28072,44.17852],[132.2138,44.19696],[132.1958,44.19667],[132.18268,44.19884],[132.17999,44.20134],[132.17104,44.21933],[132.15949,44.22641],[132.1059,44.30611],[132.08206,44.31643],[132.06734,44.32141],[132.0607,44.32684],[132.05577,44.32802],[132.03877,44.32532],[132.0272,44.32046],[132.02338,44.31992],[131.9934,44.32017],[131.98686,44.32328],[131.97054,44.32432],[131.93995,44.3184],[131.93424,44.31888],[131.89557,44.33294],[131.88853,44.33839],[131.84112,44.34365],[131.81292,44.35257],[131.80889,44.35474],[131.80468,44.36229],[131.80266,44.36891],[131.79899,44.37352],[131.79077,44.37833],[131.78428,44.37885],[131.78183,44.3811],[131.77624,44.38314],[131.77599,44.38445],[131.76909,44.38843],[131.76585,44.39438],[131.76977,44.40318],[131.7661,44.42126],[131.75735,44.42661],[131.75609,44.43045],[131.75808,44.43852],[131.76169,44.44304],[131.7622,44.45598],[131.76104,44.46101],[131.75779,44.4669],[131.7463,44.5063],[131.7482,44.5169],[131.74421,44.5369],[131.69129,44.59863]],[[131.69963,44.19806],[131.699,44.19858]],[[131.69904,44.19808],[131.70416,44.19793],[131.70572,44.20093],[131.71488,44.20026],[131.72293,44.19976],[131.73567,44.19953],[131.78323,44.2015],[131.81736,44.20012],[131.82374,44.20164],[131.82763,44.201],[131.84096,44.19046],[131.83882,44.18502],[131.83959,44.17888],[131.85539,44.16288],[131.8563,44.15852],[131.8564,44.08005],[131.84449,44.0716],[131.85151,44.06292],[131.87346,44.04995],[131.87567,44.02342],[131.98246,44.00174],[131.98297,43.99863],[131.98629,43.9965],[132.0142,43.95908]],[[131.70849,44.20074],[131.7067,44.20087]],[[131.80123,43.82084],[131.84151,43.83],[131.84727,43.83425],[131.85479,43.83681],[131.8651,43.83965],[131.8752,43.84095]],[[131.80123,43.82084],[131.80468,43.80612],[131.81097,43.79991],[131.80658,43.79886],[131.80052,43.79234],[131.81108,43.77897],[131.80553,43.77148],[131.80112,43.7689],[131.79982,43.76551],[131.80069,43.76384],[131.79898,43.7575],[131.79951,43.75441],[131.80611,43.75401],[131.81196,43.75016],[131.82271,43.74957],[131.84182,43.74123],[131.844,43.737],[131.84659,43.73933],[131.85429,43.73917],[131.86107,43.74177],[131.86852,43.74247],[131.8737,43.74873],[131.88332,43.75196],[131.89059,43.75287],[131.89262,43.75709],[131.89592,43.75937],[131.9015,43.75549],[131.90221,43.75328],[131.9092,43.75002],[131.91027,43.74003],[131.91216,43.73795],[131.91648,43.73727],[131.92231,43.74334],[131.92723,43.7456],[131.92878,43.7475],[131.93562,43.74754],[131.93957,43.75155],[131.94683,43.75525]],[[131.84681,43.55907],[131.84453,43.56041],[131.8444,43.56183],[131.85258,43.56989],[131.8568,43.57742],[131.86252,43.5809],[131.86389,43.60396],[131.87006,43.61299],[131.86868,43.62354],[131.8696,43.62868],[131.89888,43.64401],[131.90934,43.64363],[131.91626,43.64078],[131.91734,43.64077],[131.91832,43.64085],[131.92002,43.641],[131.92139,43.64113],[131.92152,43.64114],[131.92309,43.64141]],[[131.84714,43.55697],[131.84681,43.55907]],[[131.84681,43.55907],[131.84994,43.55856]],[[131.86188,43.3286],[131.86295,43.33247],[131.8705,43.33805],[131.87442,43.34308],[131.87559,43.35716],[131.87745,43.36038],[131.88198,43.36564],[131.89575,43.37456],[131.93466,43.37287],[131.95131,43.37474],[131.9605,43.37753]],[[131.87386,43.10542],[131.8612,43.09723],[131.86194,43.09552]],[[131.88097,43.11194],[131.87787,43.11254],[131.87574,43.10654],[131.87386,43.10542]],[[131.87386,43.10542],[131.8745,43.10537],[131.87647,43.10608],[131.88006,43.1087],[131.88097,43.11194]],[[131.8752,43.84095],[131.87589,43.84131]],[[131.8752,43.84095],[131.87646,43.84078]],[[131.88097,43.11194],[131.88244,43.11631]],[[131.88796,43.12435],[131.88506,43.12359],[131.88244,43.11631]],[[131.88244,43.11631],[131.88549,43.11572]],[[131.88506,43.04129],[131.88386,43.04085]],[[131.88464,43.03811],[131.88428,43.03493]],[[131.88428,43.03493],[131.88394,43.03099],[131.88429,43.02925],[131.8855,43.02711],[131.8875,43.02533]],[[131.88442,43.03492],[131.88428,43.03493]],[[131.88442,43.03492],[131.88479,43.03809]],[[131.8876,43.02543],[131.88445,43.02914],[131.88442,43.03492]],[[131.88506,43.04129],[131.88464,43.03811]],[[131.88464,43.03811],[131.88479,43.03809]],[[131.88479,43.03809],[131.8849,43.03898]],[[131.8849,43.03898],[131.88503,43.04014]],[[131.8849,43.03898],[131.88498,43.03977],[131.88503,43.04014]],[[131.88503,43.04014],[131.88549,43.04294],[131.88614,43.04445],[131.88695,43.04596],[131.8883,43.04715],[131.89215,43.04912],[131.89345,43.05007],[131.89439,43.05114],[131.89642,43.0545]],[[131.8963,43.05453],[131.89338,43.05013],[131.88821,43.0472],[131.8869,43.04608],[131.88603,43.04448],[131.88553,43.04334],[131.88506,43.04129]],[[131.88549,43.11572],[131.8885,43.12398]],[[131.88549,43.11572],[131.8967,43.11371],[131.90509,43.11569],[131.9173,43.11243],[131.9246,43.11216]],[[131.88603,43.04448],[131.88614,43.04445]],[[131.8876,43.02543],[131.8875,43.02533]],[[131.8875,43.02533],[131.89009,43.024],[131.89328,43.02327]],[[131.89329,43.02339],[131.8876,43.02543]],[[131.88869,43.12452],[131.88796,43.12435]],[[131.8885,43.12398],[131.88796,43.12435]],[[131.88861,43.12424],[131.88796,43.12435]],[[131.8885,43.12398],[131.88928,43.12414]],[[131.8885,43.12398],[131.88861,43.12424]],[[131.88861,43.12424],[131.88869,43.12452]],[[131.88928,43.12414],[131.88861,43.12424]],[[131.89968,43.13292],[131.89271,43.13021],[131.89223,43.12769],[131.88869,43.12452]],[[131.88928,43.12414],[131.88869,43.12452]],[[131.88928,43.12414],[131.89056,43.12388],[131.8924,43.12426],[131.9012,43.12775]],[[131.89329,43.02339],[131.89328,43.02327]],[[131.89328,43.02327],[131.89927,43.02295],[131.90522,43.01849],[131.90642,43.0152],[131.90449,43.01049],[131.90448,43.00861],[131.9051,43.00739],[131.90643,43.00617],[131.90723,43.00573],[131.91008,43.00465]],[[131.91014,43.00474],[131.90653,43.00622],[131.90474,43.00827],[131.90655,43.01553],[131.90651,43.0162],[131.90646,43.0165],[131.90618,43.01729],[131.90532,43.01854],[131.90429,43.01946],[131.90314,43.02031],[131.90244,43.02087],[131.902,43.02118],[131.9006,43.02228],[131.90026,43.02254],[131.89933,43.02303],[131.89329,43.02339]],[[131.89416,43.1172],[131.89413,43.11721]],[[131.89651,43.05488],[131.8963,43.05453]],[[131.89651,43.05488],[131.89619,43.05477],[131.8963,43.05453]],[[131.8963,43.05453],[131.89642,43.0545]],[[131.89642,43.0545],[131.89662,43.05484]],[[131.89642,43.0545],[131.89649,43.0545],[131.89656,43.05451],[131.89663,43.05454],[131.89671,43.05463],[131.89662,43.05484]],[[131.92667,43.07021],[131.92064,43.07059],[131.91933,43.07039],[131.91762,43.06975],[131.89818,43.05699],[131.89745,43.05632],[131.89651,43.05488]],[[131.89662,43.05484],[131.89651,43.05488]],[[131.89662,43.05484],[131.89828,43.05692],[131.91835,43.06994],[131.92098,43.07049],[131.92929,43.06994],[131.93249,43.07006],[131.93892,43.07165],[131.94343,43.07329]],[[131.90013,43.13304],[131.89968,43.13292]],[[131.89968,43.13292],[131.89998,43.13281],[131.90013,43.13304]],[[131.90013,43.13304],[131.90929,43.13334]],[[131.90051,43.02222],[131.9006,43.02228]],[[131.9012,43.12775],[131.90196,43.12804]],[[131.90177,43.12818],[131.9012,43.12775]],[[131.90163,42.97257],[131.9015,42.97259]],[[131.9018,43.12833],[131.90177,43.12818]],[[131.90177,43.12818],[131.90197,43.12815]],[[131.90209,43.12848],[131.9018,43.12833]],[[131.9018,43.12833],[131.90197,43.12815]],[[131.90196,42.97346],[131.90184,42.97349]],[[131.90196,43.12804],[131.90244,43.12814]],[[131.90196,43.12804],[131.90221,43.12818]],[[131.90197,43.12815],[131.90221,43.12818]],[[131.90277,43.12817],[131.9022,43.12851],[131.90209,43.12848]],[[131.90227,43.12838],[131.90209,43.12848]],[[131.90221,43.12818],[131.90227,43.12838]],[[131.90221,43.12818],[131.90244,43.12814]],[[131.90277,43.12817],[131.90227,43.12838]],[[131.90244,43.12814],[131.9044,43.12742]],[[131.90715,43.12669],[131.90277,43.12817]],[[131.90295,43.11949],[131.90334,43.11968]],[[131.9044,43.12742],[131.90639,43.12561]],[[131.9044,43.12742],[131.90634,43.12663],[131.90665,43.12657],[131.90679,43.12655],[131.90712,43.12651],[131.90796,43.12651],[131.90925,43.12629],[131.9102,43.12712]],[[131.90522,43.01849],[131.90532,43.01854]],[[131.90576,43.12661],[131.90551,43.12664]],[[131.90688,43.12674],[131.90675,43.12662],[131.90666,43.1265],[131.90654,43.12633],[131.90634,43.12624],[131.90578,43.12655],[131.90576,43.12661],[131.9058,43.12666],[131.90604,43.12671]],[[131.90622,43.12614],[131.90634,43.12624]],[[131.90651,43.0162],[131.90639,43.01618]],[[131.90691,43.14873],[131.90625,43.14516],[131.91031,43.14256],[131.90883,43.14137],[131.90953,43.14032],[131.91977,43.13662],[131.92572,43.1368]],[[131.90929,43.13334],[131.91012,43.13334],[131.91007,43.13324]],[[131.90929,43.13334],[131.91007,43.13324]],[[131.91007,43.13324],[131.91141,43.13209]],[[131.91008,43.00465],[131.91014,43.00474]],[[131.91008,43.00465],[131.91913,43.00061]],[[131.91925,43.00066],[131.91014,43.00474]],[[131.91869,43.09317],[131.91394,43.09298]],[[131.91401,43.16749],[131.91453,43.16703]],[[131.91523,43.16775],[131.91609,43.16803]],[[131.91609,43.16803],[131.91542,43.16829]],[[131.91609,43.16803],[131.92275,43.16923],[131.93218,43.16898]],[[131.9173,43.09216],[131.91869,43.09317]],[[131.9173,43.09216],[131.91691,43.09194],[131.9175,43.09208]],[[131.9175,43.09208],[131.9173,43.09216]],[[131.9175,43.09208],[131.91851,43.09256]],[[131.92005,43.09932],[131.91991,43.09464],[131.91869,43.09317]],[[131.91913,43.00061],[131.91925,43.00066]],[[131.91913,43.00061],[131.92011,42.9853],[131.91758,42.98093],[131.91431,42.97927],[131.90696,42.97771],[131.90532,42.97704],[131.90224,42.97412],[131.90184,42.97349],[131.90165,42.9731],[131.90116,42.97144],[131.90072,42.9708],[131.89852,42.96972],[131.89449,42.96997],[131.88648,42.97467],[131.89442,42.96989],[131.89882,42.96968],[131.90084,42.97078],[131.90137,42.97162],[131.90148,42.97196],[131.90163,42.97257],[131.90172,42.97288],[131.90196,42.97346],[131.90247,42.97422],[131.90548,42.97701],[131.91428,42.97916],[131.91768,42.98088],[131.92023,42.9853],[131.92025,42.98619],[131.91983,42.99896],[131.91925,43.00066]],[[131.92026,43.09945],[131.92005,43.09932]],[[131.92005,43.09932],[131.92012,43.09932],[131.92022,43.09935],[131.92026,43.09945]],[[131.92013,42.98619],[131.92025,42.98619]],[[131.93542,43.10371],[131.92665,43.10003],[131.92026,43.09945]],[[131.95421,43.78447],[131.94144,43.77348],[131.94051,43.76635],[131.94356,43.76141],[131.94782,43.7536],[131.9485,43.75198],[131.94811,43.74734],[131.94558,43.74216],[131.93734,43.73473],[131.92533,43.72777],[131.91612,43.71404],[131.91402,43.6854],[131.92602,43.67714],[131.9288,43.6733],[131.91845,43.65904],[131.91278,43.6558],[131.91322,43.65172],[131.92139,43.64113]],[[131.92395,43.12307],[131.92405,43.12302]],[[131.92667,43.07021],[131.92454,43.07069]],[[131.93405,43.11286],[131.92479,43.1122],[131.9246,43.11216]],[[131.9246,43.11216],[131.92505,43.11199],[131.9257,43.11184],[131.92745,43.11148],[131.92766,43.11145],[131.93415,43.1113]],[[131.92505,43.11199],[131.92508,43.11222]],[[131.92546,43.11224],[131.92542,43.11191]],[[131.92572,43.1368],[131.92651,43.13651]],[[131.92661,43.13667],[131.92572,43.1368]],[[131.92574,43.64205],[131.93661,43.64441],[131.94392,43.64846],[131.94821,43.64885],[132.00228,43.64045],[132.00336,43.64116]],[[131.92661,43.13667],[131.92651,43.13651]],[[131.92651,43.13651],[131.92678,43.13652]],[[131.92667,43.13667],[131.92661,43.13667]],[[131.94437,43.07379],[131.93883,43.07174],[131.93718,43.07127],[131.93501,43.07072],[131.93424,43.07052],[131.93347,43.07035],[131.93056,43.07001],[131.92667,43.07021]],[[131.92722,43.1369],[131.92667,43.13667]],[[131.92678,43.13652],[131.92667,43.13667]],[[131.92678,43.13652],[131.92722,43.1369]],[[131.92722,43.1369],[131.93096,43.13721],[131.93574,43.13605],[131.94166,43.13646],[131.94597,43.13833],[131.94683,43.13826],[131.94771,43.13813],[131.94886,43.13796],[131.94967,43.13784],[131.95187,43.13753],[131.95322,43.13744]],[[131.93191,43.06999],[131.93297,43.06966]],[[131.93272,43.16916],[131.93218,43.16898]],[[131.93218,43.16898],[131.93279,43.16878]],[[131.9335,43.16899],[131.93322,43.16929],[131.93272,43.16916]],[[131.93272,43.16916],[131.93279,43.16878]],[[131.93279,43.16878],[131.93326,43.16872]],[[131.96093,43.56026],[131.95292,43.55676],[131.94064,43.55508],[131.93559,43.55502],[131.93318,43.55891]],[[131.93326,43.16872],[131.9335,43.16899]],[[131.93326,43.16872],[131.93377,43.16868]],[[131.93377,43.16868],[131.9335,43.16899]],[[131.93377,43.16868],[131.9418,43.16584]],[[131.9356,43.113],[131.93405,43.11286]],[[131.93405,43.11286],[131.93415,43.1113]],[[131.93415,43.1113],[131.93573,43.11046]],[[131.93501,43.07072],[131.93417,43.07096]],[[131.93542,43.10371],[131.93629,43.104]],[[131.9361,43.10428],[131.93542,43.10371]],[[131.93608,43.11353],[131.9356,43.113]],[[131.93622,43.11272],[131.9356,43.113]],[[131.93573,43.11046],[131.93645,43.1101]],[[131.93573,43.11046],[131.93602,43.11041],[131.9363,43.11047],[131.93661,43.111]],[[131.93608,43.11353],[131.93726,43.12],[131.93994,43.12487],[131.93964,43.1265]],[[131.93622,43.11272],[131.93608,43.11353]],[[131.93629,43.104],[131.93633,43.1042],[131.93623,43.10427],[131.93615,43.10428],[131.9361,43.10428]],[[131.93655,43.10478],[131.9361,43.10428]],[[131.93661,43.111],[131.93622,43.11272]],[[131.93629,43.104],[131.93686,43.10418]],[[131.93645,43.1101],[131.93681,43.10991]],[[131.93645,43.1101],[131.93668,43.11006]],[[131.93681,43.10991],[131.939,43.10792],[131.93655,43.10478]],[[131.93655,43.10478],[131.93686,43.10418]],[[131.93691,43.11048],[131.93661,43.111]],[[131.93695,43.11025],[131.93668,43.11006]],[[131.93668,43.11006],[131.93681,43.10991]],[[131.93668,43.11006],[131.93682,43.11003],[131.93695,43.11008],[131.93695,43.11025]],[[131.93686,43.10418],[131.93778,43.10453]],[[131.93686,43.10418],[131.93773,43.10379]],[[131.93695,43.11025],[131.93691,43.11048]],[[131.93717,43.11016],[131.93691,43.11048]],[[131.93717,43.11016],[131.93695,43.11025]],[[131.93924,43.10747],[131.93875,43.10902],[131.93717,43.11016]],[[131.94021,43.1285],[131.93772,43.12845]],[[131.93773,43.10379],[131.93778,43.10453]],[[131.96674,43.09898],[131.9664,43.09761],[131.95666,43.09677],[131.94876,43.10066],[131.93773,43.10379]],[[131.93778,43.10453],[131.93924,43.10747]],[[131.93924,43.10747],[131.9458,43.10441]],[[131.94021,43.1285],[131.93955,43.12806]],[[131.93964,43.1265],[131.94025,43.12804]],[[131.94021,43.1285],[131.93964,43.1265]],[[131.94148,43.13026],[131.94021,43.1285]],[[131.94025,43.12804],[131.94075,43.12808]],[[131.94025,43.12804],[131.94148,43.13026]],[[131.9418,43.16584],[131.94096,43.16393]],[[131.94096,43.16393],[131.94077,43.16371],[131.94088,43.16342],[131.94852,43.1552],[131.9545,43.15245],[131.95446,43.15097],[131.95314,43.15007],[131.95272,43.14921],[131.95295,43.14564],[131.95042,43.14349],[131.94927,43.14197],[131.9485,43.14021],[131.94836,43.13936],[131.94836,43.13933],[131.94835,43.13915],[131.94835,43.13911],[131.94838,43.13907]],[[131.9485,43.13962],[131.95009,43.14293],[131.95307,43.14565],[131.9528,43.14914],[131.95457,43.151],[131.95463,43.15199],[131.95447,43.15276],[131.94864,43.15518],[131.94096,43.16393]],[[131.94148,43.13026],[131.94442,43.13321],[131.94784,43.13427],[131.94787,43.13438],[131.94813,43.1368],[131.94836,43.139],[131.94838,43.13907]],[[131.9424,43.16549],[131.9418,43.16584]],[[131.9419,43.16538],[131.9424,43.16549]],[[131.96963,43.1687],[131.96494,43.1692],[131.94633,43.16525],[131.9424,43.16549]],[[131.94343,43.07329],[131.94474,43.07278],[131.94268,43.07266]],[[131.94343,43.07329],[131.94621,43.07433]],[[131.94688,43.1039],[131.9458,43.10441]],[[131.9458,43.10441],[131.94593,43.10423],[131.94688,43.1039]],[[131.9467,43.75494],[131.94702,43.75493]],[[131.94688,43.1039],[131.95428,43.10084],[131.96652,43.0994]],[[131.95122,43.78582],[131.95385,43.78985],[131.94758,43.81279]],[[131.94836,43.13933],[131.94846,43.13933],[131.94878,43.13928]],[[131.94838,43.13907],[131.94843,43.13911],[131.94846,43.13933],[131.94848,43.13945],[131.9485,43.13962]],[[131.94843,43.13914],[131.94878,43.13928]],[[131.94878,43.13928],[131.9485,43.13962]],[[131.95322,43.13744],[131.94878,43.13928]],[[131.95322,43.13744],[131.96921,43.13628],[131.97903,43.13734],[131.97978,43.13426],[131.9842,43.1321],[131.98718,43.13194],[131.99256,43.13364],[131.99717,43.13669],[131.9974,43.13676],[131.99749,43.13678],[131.99791,43.13684],[131.9987,43.13674],[131.99935,43.13632],[131.99953,43.1361],[131.99973,43.13585],[132.00039,43.13489],[132.00119,43.13182],[131.99801,43.12842],[132.00269,43.12463],[132.00227,43.12255]],[[131.95805,43.80471],[131.95745,43.80479]],[[131.95756,43.80459],[131.95805,43.80471]],[[131.95805,43.80471],[131.97719,43.80793]],[[131.95962,43.80013],[131.96071,43.80019]],[[131.96071,43.80019],[131.95964,43.80041]],[[131.96044,43.79187],[131.96577,43.79272]],[[131.96071,43.80019],[131.97843,43.80126]],[[131.96652,43.0994],[131.96674,43.09898]],[[131.96652,43.0994],[131.96723,43.09913]],[[131.96674,43.09898],[131.96723,43.09913]],[[131.96723,43.09913],[131.97116,43.09749],[131.9821,43.09956],[131.98321,43.10201],[131.98206,43.10486],[131.98509,43.10867]],[[131.96835,43.79296],[131.98601,43.79376]],[[131.97844,43.81019],[131.97735,43.80916]],[[131.97897,43.80145],[131.97878,43.80138],[131.97869,43.80135],[131.97843,43.80126]],[[131.97843,43.80126],[131.979,43.8012]],[[131.97869,43.80189],[131.97869,43.80135]],[[131.97869,43.80189],[131.97702,43.80882],[131.97912,43.81196]],[[131.97869,43.80189],[131.97873,43.80175],[131.9789,43.80133]],[[131.97921,43.80148],[131.97869,43.80189]],[[131.97921,43.80148],[131.979,43.80146],[131.97897,43.80145],[131.97893,43.8014],[131.9789,43.80133]],[[131.9789,43.80133],[131.979,43.8012]],[[131.979,43.8012],[131.97921,43.80148]],[[131.98775,45.10069],[131.98157,45.10044],[131.96049,45.11083],[131.90265,45.12728],[131.89648,45.1301],[131.88757,45.13055],[131.87366,45.12756],[131.86349,45.13447],[131.85489,45.13803],[131.86052,45.14202],[131.86352,45.14641],[131.86315,45.1504],[131.86532,45.15684],[131.86317,45.16436],[131.86071,45.16542],[131.86093,45.16719],[131.86461,45.1786],[131.86419,45.18411],[131.86632,45.18718],[131.87125,45.20024],[131.87219,45.20573],[131.88481,45.20483],[131.90212,45.20775],[131.91597,45.2125],[131.93165,45.21462],[131.94164,45.2325],[131.94842,45.23649],[131.96128,45.23854],[131.97902,45.23843]],[[131.97912,43.81196],[131.97953,43.81207]],[[131.97944,43.8122],[131.97912,43.81196]],[[131.97974,43.81229],[131.97944,43.8122]],[[131.97944,43.8122],[131.97953,43.81207]],[[131.97953,43.81207],[131.97965,43.81205]],[[131.97965,43.81205],[131.97979,43.81212]],[[131.97965,43.81205],[131.9799,43.81196]],[[131.98003,43.81235],[131.97974,43.81229]],[[131.97981,43.81218],[131.97974,43.81229]],[[131.97979,43.81212],[131.97981,43.81218]],[[131.9799,43.81196],[131.97979,43.81212]],[[131.97981,43.81218],[131.98003,43.81235]],[[131.9799,43.81196],[131.98251,43.80924],[131.98601,43.79376]],[[131.99399,43.79397],[131.99009,43.81112],[131.98503,43.81546],[131.98003,43.81235]],[[131.98373,43.3793],[131.98142,43.37596],[131.98275,43.37439],[131.99338,43.37096],[131.99295,43.3704],[131.99806,43.36748],[132.00772,43.36392],[132.01246,43.36289],[132.02392,43.36524]],[[131.98509,43.10867],[131.98559,43.10908]],[[131.98516,43.10909],[131.98509,43.10867]],[[131.9855,43.10939],[131.98516,43.10909]],[[131.98516,43.10909],[131.98559,43.10908]],[[131.98559,43.10908],[131.9855,43.10939]],[[131.98605,43.10945],[131.98575,43.10939],[131.98563,43.10938],[131.9855,43.10939]],[[131.98559,43.10908],[131.98605,43.10945]],[[131.98601,43.79376],[131.99399,43.79397]],[[132.00235,43.12218],[132.00205,43.12207],[132.00169,43.12194],[132.00118,43.12177],[131.99619,43.12024],[131.99559,43.1201],[131.98747,43.11943],[131.98663,43.11756],[131.99178,43.1127],[131.98605,43.10945]],[[131.99001,43.76158],[131.98947,43.76124]],[[131.99001,43.76158],[131.9899,43.76651],[131.98604,43.78287],[131.98756,43.78424],[131.99532,43.78623],[131.99399,43.79397]],[[131.99022,43.76068],[131.99001,43.76158]],[[131.99243,43.32159],[131.9915,43.32129],[131.99181,43.31993],[132.0057,43.32292]],[[132.08009,43.76396],[132.06824,43.76781],[132.06099,43.76857],[132.05314,43.77285],[132.02896,43.78189],[132.02798,43.7861],[132.01872,43.7866],[132.00848,43.79505],[131.99399,43.79397]],[[131.99572,43.30962],[131.99757,43.30948],[131.99737,43.31269],[132.0057,43.32292]],[[131.99726,43.22573],[131.99877,43.22709]],[[131.9992,43.13464],[131.99713,43.13527],[131.9974,43.13676]],[[131.99877,43.22709],[132.00105,43.22536]],[[132.00201,43.22445],[132.00141,43.22518],[132.0014,43.22519],[132.00108,43.22544],[132.00008,43.2262],[131.99877,43.22709]],[[131.99936,43.13463],[131.99953,43.1361]],[[131.99951,43.13579],[131.99973,43.13585]],[[131.99993,43.92584],[132.00044,43.9255]],[[132.00044,43.9255],[132.00018,43.92609]],[[132.02709,43.95664],[132.02933,43.94848],[132.02517,43.93892],[132.02269,43.93628],[132.01531,43.93521],[132.01006,43.93172],[132.00836,43.93039],[132.00779,43.92676],[132.00112,43.92496],[132.00044,43.9255]],[[132.00105,43.22536],[132.00201,43.22445]],[[132.00105,43.22536],[132.00129,43.22523],[132.0014,43.22519],[132.00153,43.22521],[132.00163,43.22548]],[[132.00163,43.22548],[132.00113,43.22728]],[[132.00201,43.22445],[132.00163,43.22548]],[[132.10882,43.19657],[132.10098,43.20174],[132.09672,43.20187],[132.09011,43.20427],[132.08634,43.208],[132.08517,43.2112],[132.07606,43.21329],[132.07156,43.21222],[132.06825,43.21317],[132.06728,43.21481],[132.06479,43.21434],[132.05457,43.21606],[132.04673,43.2163],[132.03158,43.21316],[132.01884,43.21416],[132.01052,43.21681],[132.00201,43.22445]],[[132.00227,43.12255],[132.00205,43.12207]],[[132.00227,43.12255],[132.00235,43.12218]],[[132.00244,43.12222],[132.00227,43.12255]],[[132.00275,43.12234],[132.00227,43.12255]],[[132.10882,43.19657],[132.09899,43.18245],[132.0886,43.17759],[132.08498,43.17349],[132.06892,43.16095],[132.06682,43.15809],[132.05202,43.15868],[132.04843,43.15737],[132.0497,43.15489],[132.05631,43.15047],[132.0566,43.1487],[132.05176,43.14208],[132.044,43.13639],[132.04416,43.13316],[132.04297,43.13162],[132.02877,43.13335],[132.01674,43.12887],[132.01517,43.12621],[132.01588,43.1227],[132.01361,43.12323],[132.01053,43.1262],[132.00759,43.12633],[132.00497,43.12365],[132.00363,43.12276],[132.00289,43.1224],[132.00275,43.12234],[132.00244,43.12222],[132.00235,43.12218]],[[132.00371,44.15534],[132.0037,44.15542]],[[132.0057,43.32292],[132.01276,43.32774],[132.02511,43.33145],[132.0245,43.33609],[132.03033,43.33834],[132.0326,43.34476],[132.02961,43.35106],[132.02628,43.35325],[132.0276,43.35897],[132.02488,43.36475]],[[132.0469,43.2508],[132.04416,43.25249],[132.04535,43.25457],[132.04108,43.25684],[132.04236,43.25948],[132.04178,43.26138],[132.03182,43.26138],[132.02851,43.2643],[132.02104,43.26287],[132.0196,43.25901],[132.01994,43.25434],[132.02046,43.2523],[132.02286,43.25067],[132.02313,43.24938],[132.02181,43.24863],[132.023,43.24759],[132.02164,43.24695],[132.02111,43.24386],[132.01714,43.24132],[132.01326,43.24085],[132.01163,43.23783],[132.01218,43.23109]],[[132.02475,43.36551],[132.02446,43.36541],[132.02419,43.36532],[132.02392,43.36524]],[[132.02392,43.36524],[132.02458,43.36501]],[[132.02444,43.36509],[132.02446,43.36541]],[[132.02458,43.36501],[132.02488,43.36475]],[[132.02458,43.36501],[132.02484,43.36501],[132.02502,43.36512]],[[132.02574,43.36584],[132.02475,43.36551]],[[132.02475,43.36551],[132.02507,43.36519]],[[132.02488,43.36475],[132.02502,43.36512]],[[132.02502,43.36512],[132.02507,43.36519]],[[132.02507,43.36519],[132.02574,43.36584]],[[132.02574,43.36584],[132.03144,43.37275]],[[132.20472,43.98077],[132.18834,43.99668],[132.18697,44.00355],[132.1782,44.01047],[132.17488,44.01279],[132.16802,44.01488],[132.16094,44.01515],[132.15771,44.01639],[132.15864,44.01792],[132.15702,44.02066],[132.15791,44.02507],[132.15576,44.02388],[132.14889,44.01245],[132.14168,44.00767],[132.11574,44.00365],[132.11035,44.00625],[132.06167,44.00564],[132.05879,44.0034],[132.03936,44.00544]],[[132.06871,43.2663],[132.0664,43.26874],[132.04469,43.26215],[132.04377,43.25953],[132.04236,43.25948]],[[132.0469,43.2508],[132.04693,43.24981]],[[132.04811,43.25107],[132.04757,43.25078],[132.0469,43.2508]],[[132.06702,43.26273],[132.06314,43.25944]],[[132.06328,43.25933],[132.06774,43.26243]],[[132.06769,43.26459],[132.06702,43.26273]],[[132.06702,43.26273],[132.06774,43.26243]],[[132.06784,43.26475],[132.06769,43.26459]],[[132.06818,43.26572],[132.06785,43.26528],[132.06769,43.26459]],[[132.06774,43.26243],[132.06871,43.26323]],[[132.06784,43.26475],[132.06818,43.26572]],[[132.06871,43.26323],[132.06784,43.26475]],[[132.06818,43.26572],[132.0686,43.2662],[132.06871,43.2663],[132.07038,43.26801],[132.07074,43.26837],[132.07117,43.26891],[132.07013,43.27096],[132.07109,43.27235],[132.06574,43.27639],[132.06439,43.28245],[132.06735,43.28591],[132.06021,43.2916],[132.06038,43.29642],[132.06281,43.29999],[132.07027,43.3037],[132.08235,43.31441],[132.08353,43.31826],[132.08344,43.3246],[132.08441,43.32504]],[[132.06871,43.26323],[132.07193,43.26567],[132.07534,43.26656]],[[132.07776,44.44326],[132.08947,44.44489],[132.10012,44.4527],[132.12322,44.43471],[132.1366,44.43031],[132.14193,44.42532],[132.14613,44.4257],[132.15162,44.42843],[132.16192,44.42211],[132.19684,44.43209],[132.25273,44.43698],[132.26352,44.43467],[132.28163,44.43641],[132.34857,44.41471],[132.37086,44.41046],[132.3774,44.40747],[132.37567,44.40405],[132.38267,44.40077],[132.39376,44.39632],[132.41943,44.39045],[132.42733,44.38666],[132.45894,44.37845],[132.48224,44.37504],[132.49296,44.37048],[132.4972,44.36921],[132.50487,44.36904],[132.5122,44.36586],[132.52311,44.36465],[132.53337,44.36671],[132.54516,44.36378],[132.552,44.36331],[132.56933,44.35155],[132.56759,44.35004],[132.57763,44.34498],[132.628,44.30851],[132.62968,44.30464],[132.63048,44.29785],[132.63613,44.29067],[132.64512,44.28437],[132.65364,44.28105],[132.65734,44.2781],[132.66059,44.27348],[132.67539,44.26313],[132.67749,44.25943],[132.68713,44.25319],[132.69601,44.24982],[132.69674,44.24847],[132.69541,44.24462],[132.69672,44.24125],[132.69844,44.23975],[132.70572,44.23782],[132.7084,44.23555],[132.71025,44.23161],[132.71609,44.22569],[132.72171,44.21677],[132.72655,44.21303],[132.72824,44.20325],[132.73406,44.2],[132.73624,44.18273],[132.7394,44.17822],[132.73634,44.17191],[132.73695,44.16898],[132.7385,44.16791],[132.74327,44.16752],[132.74847,44.16897],[132.75174,44.16777],[132.75843,44.16823],[132.76202,44.16473],[132.76469,44.16414],[132.78233,44.16641],[132.7867,44.1679],[132.7893,44.16679],[132.80208,44.1765],[132.80562,44.18323],[132.8135,44.18679],[132.81959,44.18413],[132.83048,44.17593],[132.83493,44.17481],[132.83876,44.1765],[132.84333,44.17545],[132.84714,44.1769],[132.851,44.17536],[132.85212,44.18115],[132.85605,44.18059],[132.85885,44.17839],[132.87173,44.18141],[132.87437,44.18037],[132.87927,44.17218],[132.88992,44.16902],[132.90533,44.16166],[132.95152,44.15342],[132.96238,44.15472],[132.96881,44.15371],[132.97404,44.15644],[132.98823,44.16007],[133.01442,44.16055],[133.02896,44.1654],[133.03981,44.16526],[133.04638,44.16036],[133.05974,44.15601],[133.08714,44.14953],[133.10385,44.1504],[133.11767,44.14555],[133.1206,44.14621],[133.13302,44.15568],[133.13678,44.16206],[133.14747,44.16509],[133.15098,44.16395],[133.16653,44.15147],[133.1716,44.15066],[133.18161,44.14328],[133.20877,44.13034],[133.21263,44.12931],[133.22977,44.12884],[133.24149,44.12494]],[[132.08166,43.76347],[132.08009,43.76396]],[[132.08202,43.76382],[132.08009,43.76396]],[[132.08202,43.76382],[132.08166,43.76347]],[[132.08166,43.76347],[132.08286,43.76315]],[[132.08337,43.76385],[132.08202,43.76382]],[[132.08286,43.76315],[132.08202,43.76382]],[[132.08244,43.32888],[132.09847,43.3318],[132.11789,43.33071],[132.12615,43.3314],[132.12848,43.33321],[132.12951,43.33684],[132.13325,43.33992],[132.1472,43.3465]],[[132.08286,43.76315],[132.08355,43.76299],[132.0842,43.76284],[132.08565,43.76254]],[[132.08466,43.76371],[132.0844,43.76467],[132.08337,43.76385]],[[132.08337,43.76385],[132.08368,43.76355],[132.08338,43.76281],[132.08339,43.76263],[132.08357,43.76277],[132.08374,43.7631],[132.084,43.76363],[132.08407,43.76368],[132.08466,43.76371]],[[132.08466,43.76371],[132.08674,43.7629]],[[132.08674,43.7629],[132.08565,43.76254]],[[132.08565,43.76254],[132.08672,43.76241]],[[132.08674,43.7629],[132.08672,43.76241]],[[132.08672,43.76241],[132.08827,43.76235]],[[132.08827,43.76235],[132.08674,43.7629]],[[132.23856,43.95877],[132.23561,43.95108],[132.23773,43.94711],[132.23694,43.94377],[132.23889,43.943],[132.23766,43.93896],[132.24216,43.93409],[132.24439,43.9289],[132.2477,43.9257],[132.26556,43.91585],[132.27059,43.90457],[132.26671,43.9027],[132.26328,43.8988],[132.25584,43.88117],[132.25753,43.87425],[132.26209,43.86829],[132.26411,43.86063],[132.26826,43.85811],[132.27277,43.8534],[132.27731,43.84454],[132.2752,43.83889],[132.26974,43.83448],[132.26896,43.83037],[132.26196,43.82394],[132.25034,43.82256],[132.23474,43.83239],[132.22919,43.83309],[132.18968,43.82504],[132.18377,43.82058],[132.17653,43.82009],[132.17035,43.81596],[132.17159,43.81195],[132.16929,43.80992],[132.16999,43.808],[132.16574,43.80539],[132.15932,43.79836],[132.13469,43.7893],[132.1297,43.78225],[132.12332,43.77634],[132.1072,43.76493],[132.09849,43.76029],[132.08827,43.76235]],[[132.10882,43.19657],[132.11177,43.19508],[132.13317,43.19892],[132.13592,43.20063],[132.13839,43.20606],[132.14144,43.20783],[132.15359,43.20846],[132.16759,43.21232],[132.17442,43.21683],[132.18481,43.21938],[132.19135,43.21867],[132.19517,43.21939],[132.19612,43.22251],[132.19959,43.22469],[132.20036,43.22705],[132.19526,43.23545],[132.18544,43.24149],[132.17925,43.24331],[132.17682,43.24516],[132.17702,43.24803],[132.18047,43.25494],[132.20116,43.2639],[132.20277,43.2671],[132.21415,43.27049],[132.21862,43.27411],[132.22393,43.2746],[132.22986,43.2774],[132.23111,43.27994],[132.23547,43.28075],[132.23721,43.28738],[132.24271,43.29661],[132.24853,43.30299],[132.25571,43.30619],[132.261,43.31008],[132.26369,43.31323],[132.2647,43.31876]],[[132.1472,43.3465],[132.15869,43.34966]],[[132.15864,43.34977],[132.1472,43.3465]],[[132.15842,43.36805],[132.15915,43.36819]],[[132.15973,43.35007],[132.15864,43.34977]],[[132.15864,43.34977],[132.15869,43.34966]],[[132.15869,43.34966],[132.1598,43.34995]],[[132.15915,43.36819],[132.159,43.36877]],[[132.15973,43.35007],[132.15661,43.35464],[132.15656,43.36327],[132.15915,43.36819]],[[132.16166,43.35064],[132.15973,43.35007]],[[132.15973,43.35007],[132.1598,43.34995]],[[132.1598,43.34995],[132.16174,43.35052]],[[132.16825,43.35254],[132.16166,43.35064]],[[132.16174,43.35052],[132.16166,43.35064]],[[132.16174,43.35052],[132.16828,43.35241]],[[132.17107,43.35347],[132.16825,43.35254]],[[132.16825,43.35254],[132.16831,43.35242],[132.17119,43.35323]],[[132.16862,43.3958],[132.16751,43.39647],[132.16442,43.39508],[132.16509,43.39438],[132.16862,43.3958]],[[132.16862,43.3958],[132.17089,43.39205],[132.17395,43.38202]],[[132.17395,43.38202],[132.17102,43.39207],[132.16862,43.3958]],[[132.17115,43.35351],[132.17107,43.35347]],[[132.17107,43.35347],[132.17119,43.35323]],[[132.17119,43.35323],[132.17144,43.35342],[132.17127,43.35353],[132.17115,43.35351]],[[132.1715,43.35367],[132.17115,43.35351]],[[132.17138,43.35326],[132.19131,43.35313],[132.19136,43.35576]],[[132.17144,43.35342],[132.1715,43.35367]],[[132.19136,43.35576],[132.1761,43.35584],[132.1715,43.35367]],[[132.17395,43.38202],[132.17258,43.37932]],[[132.17395,43.38202],[132.17451,43.37855],[132.17344,43.3788],[132.17405,43.37965]],[[132.17478,43.96624],[132.18322,43.96528]],[[132.18051,43.96907],[132.18035,43.96799]],[[132.18322,43.96528],[132.18157,43.96599],[132.17952,43.96824],[132.18051,43.96907]],[[132.18336,43.96939],[132.18215,43.96906],[132.18051,43.96907]],[[132.18322,43.96528],[132.18142,43.96703],[132.18294,43.96903]],[[132.18322,43.96528],[132.21199,43.95937],[132.22814,43.96096]],[[132.19177,43.38834],[132.19106,43.38447]],[[132.19136,43.35576],[132.19958,43.3562],[132.2217,43.36892],[132.22504,43.37317],[132.23063,43.37684],[132.23762,43.3782],[132.2466,43.37685]],[[132.19177,43.38834],[132.1872,43.41104],[132.18907,43.41431],[132.19456,43.41763],[132.19276,43.43257],[132.19351,43.4341],[132.23169,43.44534],[132.2535,43.44719],[132.26404,43.45225],[132.27802,43.46453],[132.2855,43.45818],[132.28829,43.4523],[132.29348,43.44873],[132.29986,43.44197],[132.30221,43.4378],[132.30249,43.43188],[132.31159,43.42351],[132.32563,43.41675],[132.31131,43.40285],[132.30515,43.39233],[132.30604,43.39061],[132.31444,43.38887]],[[132.19177,43.38834],[132.19387,43.3843],[132.19263,43.38454],[132.19309,43.38541]],[[132.19285,43.38626],[132.19389,43.38679],[132.19364,43.38586]],[[132.22814,43.96096],[132.2297,43.96098]],[[132.2297,43.96098],[132.22868,43.9611],[132.22814,43.96096]],[[132.2297,43.96098],[132.23856,43.95877]],[[132.23856,43.95877],[132.31546,43.95102],[132.33225,43.95399],[132.34617,43.95465],[132.38354,43.96876],[132.40249,43.96764],[132.44557,43.97691],[132.45604,43.97756],[132.47729,43.9701]],[[132.2466,43.37685],[132.25131,43.37106]],[[132.2466,43.37685],[132.25069,43.3758]],[[132.26431,43.32149],[132.26305,43.32343],[132.25929,43.32786]],[[132.26228,43.3241],[132.2647,43.31876]],[[132.26431,43.32149],[132.26488,43.32446],[132.26641,43.32552]],[[132.2647,43.31876],[132.26431,43.32149]],[[132.33917,43.105],[132.34581,43.10666],[132.34813,43.10888],[132.35019,43.11121]],[[132.35019,43.11121],[132.34572,43.10672],[132.33917,43.105]],[[132.34179,43.10444],[132.33917,43.105]],[[132.40588,42.98712],[132.39943,42.9842],[132.39689,42.98622],[132.39033,42.9867],[132.3888,42.98966],[132.38561,42.99143],[132.3704,42.99648],[132.36414,42.99646],[132.35247,42.99952],[132.34776,43.00369],[132.34505,43.00458],[132.3391,43.00434],[132.33541,43.00147],[132.32002,42.99954],[132.32149,43.00225],[132.31884,43.01074],[132.322,43.01532],[132.31992,43.01955],[132.32528,43.02736],[132.32647,43.03109],[132.32063,43.03913],[132.31784,43.04654],[132.32242,43.05268],[132.32353,43.05665],[132.32199,43.0584],[132.31572,43.06099],[132.31489,43.06601],[132.32287,43.07579],[132.32616,43.07394],[132.32968,43.0753],[132.33268,43.07809],[132.33402,43.08163],[132.33159,43.08672],[132.33694,43.09312],[132.33921,43.10176],[132.34179,43.10444]],[[132.37714,43.11951],[132.3792,43.11627],[132.36792,43.1119],[132.36225,43.1084],[132.35922,43.1047],[132.35893,43.10246],[132.34179,43.10444]],[[132.35448,43.11492],[132.35019,43.11121]],[[132.37997,43.32283],[132.37819,43.31602],[132.36027,43.30213],[132.35785,43.29395],[132.35386,43.29123]],[[132.35448,43.11492],[132.35516,43.11523]],[[132.35498,43.11542],[132.35448,43.11492]],[[132.35522,43.11546],[132.35487,43.11566]],[[132.35525,43.11544],[132.35498,43.11542]],[[132.35498,43.11542],[132.35516,43.11523]],[[132.35516,43.11523],[132.35519,43.11523]],[[132.35519,43.11523],[132.36054,43.11542],[132.3611,43.11548],[132.36131,43.11552],[132.36239,43.11578]],[[132.35519,43.11523],[132.35525,43.11544]],[[132.35807,43.1157],[132.35689,43.11565],[132.35558,43.11542],[132.35525,43.11544]],[[132.36121,43.11577],[132.35807,43.1157]],[[132.35807,43.1157],[132.3581,43.11539]],[[132.3612,43.1155],[132.36121,43.11577]],[[132.36239,43.11578],[132.36121,43.11577]],[[132.40259,43.12167],[132.3928,43.12371],[132.36239,43.11578]],[[132.40031,42.97086],[132.39854,42.96883],[132.39532,42.96753],[132.39715,42.96469],[132.39828,42.95844],[132.39752,42.94369],[132.39487,42.94021],[132.38439,42.937],[132.37042,42.9354],[132.36836,42.93417],[132.36624,42.93035],[132.35613,42.92651],[132.3457,42.9187],[132.33794,42.92457],[132.33629,42.9248],[132.33475,42.92345],[132.33424,42.92089],[132.33535,42.91325],[132.32678,42.91291],[132.32667,42.91158],[132.32972,42.90766],[132.32993,42.90522],[132.32823,42.90308],[132.32806,42.89845],[132.3253,42.89369],[132.32622,42.89186],[132.32474,42.88959],[132.33163,42.88289],[132.33157,42.8797],[132.3366,42.87587],[132.34564,42.87104],[132.35241,42.86935],[132.35298,42.87495],[132.35577,42.87597],[132.36587,42.88442],[132.37253,42.88716]],[[132.37465,43.37528],[132.37421,43.37531]],[[132.37449,43.37478],[132.37465,43.37528]],[[132.37465,43.37528],[132.37954,43.37965],[132.39126,43.38417],[132.39389,43.38823],[132.39922,43.39312],[132.40752,43.399],[132.41631,43.41181],[132.43636,43.43158],[132.43826,43.43563],[132.43526,43.44169],[132.43421,43.44759],[132.43746,43.45413],[132.43686,43.45781],[132.44724,43.46998],[132.4496,43.47547],[132.46312,43.48569],[132.45451,43.49378],[132.44225,43.50157],[132.44048,43.50507],[132.43029,43.51325],[132.42331,43.52356],[132.42572,43.53077],[132.42485,43.53591],[132.42264,43.53851],[132.42201,43.54114],[132.42485,43.54637],[132.42566,43.55122],[132.43178,43.55424],[132.43294,43.55836],[132.44021,43.56787],[132.44112,43.57166],[132.44473,43.57366],[132.45076,43.57486],[132.45051,43.57728],[132.45433,43.58203],[132.45459,43.58519],[132.4578,43.58843],[132.45763,43.58654],[132.45974,43.58268],[132.46634,43.59013],[132.4707,43.59085],[132.49511,43.581],[132.50571,43.5752],[132.50817,43.57537],[132.50991,43.59304],[132.51204,43.60195],[132.50848,43.60903],[132.51016,43.61353],[132.51709,43.62215],[132.51163,43.62709],[132.50804,43.63452],[132.50341,43.63938],[132.49746,43.6546],[132.5012,43.66466],[132.50666,43.67186],[132.51827,43.67884],[132.52565,43.68096],[132.535,43.68921],[132.536,43.69313],[132.53574,43.70693],[132.53385,43.7134],[132.54626,43.724],[132.54827,43.72937],[132.55308,43.73541],[132.55358,43.73844],[132.55238,43.74241],[132.55681,43.75021],[132.55867,43.75642],[132.54665,43.76736],[132.53779,43.77953],[132.53746,43.78347],[132.53251,43.79363],[132.53531,43.8055],[132.53788,43.80778],[132.53767,43.80894],[132.50472,43.82542],[132.49325,43.84455],[132.48876,43.85409],[132.46549,43.86948],[132.45174,43.88643],[132.4417,43.89154],[132.43164,43.90021],[132.43267,43.90485],[132.43891,43.90781],[132.44061,43.9198],[132.4364,43.92722],[132.43936,43.93344],[132.44824,43.94097],[132.45114,43.95115],[132.46331,43.9547],[132.46927,43.96422],[132.47446,43.96624],[132.47729,43.9701]],[[132.40031,42.97086],[132.40145,42.97341],[132.39823,42.97504],[132.39677,42.97873],[132.39851,42.98439]],[[132.41,42.96978],[132.40399,42.96695],[132.40307,42.97031],[132.40031,42.97086]],[[132.41054,42.97005],[132.41,42.96978]],[[132.41,42.96978],[132.41061,42.96967]],[[132.41194,43.32235],[132.42831,43.34289],[132.43073,43.34425],[132.45504,43.35022],[132.47115,43.34956],[132.49738,43.35503],[132.55068,43.35316],[132.57335,43.35752],[132.63878,43.35194],[132.67287,43.35234],[132.68638,43.3549],[132.69649,43.35307],[132.72781,43.35507],[132.73955,43.35408],[132.74469,43.35209],[132.76501,43.35145],[132.7743,43.35372],[132.78105,43.35347],[132.7956,43.35712],[132.82944,43.34355],[132.85168,43.34225],[132.87476,43.34342],[132.89865,43.33913],[132.92003,43.3379],[132.92752,43.34082],[132.94005,43.3405],[132.94449,43.33786],[132.94555,43.33858],[132.94455,43.3405],[132.94548,43.34118],[132.95077,43.33967],[132.95344,43.34224],[132.9558,43.34006],[132.95975,43.34078],[132.96906,43.34788],[132.97116,43.35238],[132.97324,43.35344],[132.98769,43.35101],[132.99419,43.3524],[132.99922,43.34913],[133.00527,43.34704],[133.04222,43.33923],[133.04955,43.33389],[133.05431,43.31721],[133.059,43.31366],[133.06987,43.31538],[133.07614,43.31464],[133.08638,43.31848],[133.09557,43.32039],[133.10422,43.31377],[133.10695,43.30617],[133.11231,43.29859],[133.12315,43.29993],[133.13406,43.29853],[133.15125,43.28081],[133.15724,43.27705],[133.16338,43.26952],[133.16858,43.26591],[133.17076,43.25825],[133.17261,43.25531],[133.17549,43.2538],[133.17964,43.23964],[133.19377,43.22614],[133.19922,43.21684],[133.20477,43.21435],[133.21673,43.2131],[133.22465,43.20666],[133.21724,43.19523]],[[132.47729,43.9701],[132.50138,43.96189],[132.51454,43.96358],[132.53786,43.96101],[132.55165,43.96499],[132.60731,43.96445],[132.61244,43.96522],[132.634,43.96471],[132.6518,43.95893],[132.72367,43.95714],[132.75692,43.94821],[132.76724,43.93857],[132.78188,43.93209],[132.81607,43.92701],[132.82233,43.92879],[132.83635,43.92926],[132.84775,43.93434],[132.85464,43.93405],[132.86358,43.93102],[132.8773,43.93382],[132.88686,43.93063],[132.89352,43.93285],[132.90606,43.94834],[132.92597,43.95679],[132.93634,43.95986],[132.95167,43.96162],[132.96361,43.96504],[132.97178,43.96882],[132.99187,43.97292],[133.00204,43.97293],[133.00777,43.97112],[133.01328,43.97281],[133.02017,43.97254],[133.02249,43.96975],[133.02638,43.96833],[133.02842,43.96542],[133.0328,43.96345],[133.03791,43.95967],[133.03958,43.95712],[133.04262,43.95576],[133.05829,43.95673],[133.06309,43.95915],[133.06843,43.95715],[133.07269,43.96391],[133.07739,43.96771],[133.08362,43.9691],[133.0964,43.98544],[133.10338,43.99013],[133.10668,43.99522],[133.10617,44.00319],[133.10769,44.00588],[133.1167,44.00811],[133.12361,44.01754],[133.12496,44.02159],[133.13305,44.02872],[133.13839,44.03011],[133.14928,44.03807],[133.1649,44.03947],[133.17045,44.04451],[133.17622,44.0449],[133.18441,44.04764],[133.18805,44.05068],[133.20569,44.06049],[133.21454,44.07348],[133.22604,44.07661],[133.22802,44.07933],[133.2288,44.08588],[133.22707,44.08984],[133.22581,44.10466],[133.2334,44.11678],[133.23897,44.12358],[133.24149,44.12494]],[[132.6742,42.86708],[132.67439,42.86723]],[[132.67439,42.86723],[132.6757,42.86827]],[[132.6757,42.86827],[132.67453,42.86739],[132.67439,42.86723]],[[132.6757,42.86827],[132.68968,42.8772],[132.69263,42.88289],[132.70067,42.88579],[132.70141,42.88702],[132.70186,42.88938],[132.70029,42.89233],[132.6938,42.89627],[132.69104,42.90069],[132.68829,42.90261],[132.68968,42.90956],[132.68768,42.91649],[132.68928,42.92288],[132.68898,42.92817]],[[132.76682,44.52746],[132.76528,44.529],[132.76715,44.53022],[132.76624,44.53477],[132.76788,44.53936],[132.76497,44.55871],[132.7755,44.56433],[132.77895,44.56271],[132.7806,44.56351],[132.78271,44.56509],[132.78012,44.56668],[132.79378,44.57792]],[[132.79378,44.57792],[132.80052,44.58171],[132.80571,44.5791],[132.81001,44.5818],[132.8144,44.58736],[132.8194,44.58457]],[[132.82874,44.60124],[132.83533,44.611],[132.83239,44.61215],[132.83251,44.61415],[132.82848,44.61565],[132.82178,44.60571],[132.82289,44.60506],[132.82038,44.60064],[132.8157,44.59466],[132.79648,44.58104],[132.79194,44.58027],[132.79378,44.57792]],[[132.82874,44.60124],[132.8194,44.58457]],[[132.8194,44.58457],[132.82402,44.58145],[132.82433,44.57804],[132.83017,44.57266],[132.83808,44.56918]],[[132.85991,44.59301],[132.8355,44.5985],[132.82874,44.60124]],[[132.83808,44.56918],[132.83849,44.56837]],[[132.83808,44.56918],[132.83896,44.56886]],[[132.88802,42.82048],[132.89009,42.81835],[132.88361,42.81051],[132.87481,42.81142],[132.87226,42.81023],[132.8744,42.80523],[132.87456,42.79878],[132.87015,42.79525],[132.86894,42.7915],[132.85205,42.78208]],[[132.85205,42.78208],[132.84125,42.79162],[132.84265,42.79425],[132.84685,42.79726],[132.85165,42.80482],[132.8504,42.80818],[132.85212,42.81368],[132.8467,42.81815],[132.84657,42.81964],[132.85495,42.82591],[132.86192,42.82674],[132.87762,42.83617]],[[132.85205,42.78208],[132.85268,42.78148],[132.85438,42.77987],[132.85503,42.7794]],[[132.85239,42.78226],[132.85235,42.78179]],[[132.85503,42.7794],[132.85566,42.77895]],[[132.85596,42.77941],[132.85541,42.7793],[132.85503,42.7794]],[[132.85596,42.77941],[132.85566,42.77895]],[[132.85566,42.77895],[132.85626,42.77879]],[[132.85652,42.77917],[132.85627,42.77939],[132.85611,42.77942],[132.85596,42.77941]],[[132.85626,42.77879],[132.857,42.77884]],[[132.85626,42.77879],[132.85652,42.77917]],[[132.857,42.77884],[132.85652,42.77917]],[[132.857,42.77884],[132.86698,42.77749],[132.87201,42.7799],[132.87424,42.78511],[132.876,42.78654],[132.88137,42.78756],[132.88296,42.78557],[132.88528,42.78489],[132.88639,42.78835],[132.88942,42.7902],[132.89166,42.79503],[132.8981,42.7928],[132.90093,42.79345],[132.90404,42.80141],[132.90786,42.80262],[132.90653,42.80363]],[[132.85991,44.59301],[132.86035,44.59256],[132.86057,44.59286]],[[132.86045,44.59287],[132.85991,44.59301]],[[132.87762,42.83617],[132.87861,42.83637]],[[132.87838,42.83673],[132.87762,42.83617]],[[132.87861,42.83637],[132.87892,42.83669],[132.87869,42.83682],[132.87838,42.83673]],[[132.87894,42.8376],[132.87838,42.83673]],[[132.87838,42.83673],[132.87861,42.83637]],[[132.89286,42.84729],[132.88346,42.84552],[132.87982,42.84124],[132.87894,42.8376]],[[132.87894,42.83663],[132.87894,42.8376]],[[132.88754,42.82126],[132.8873,42.82127]],[[132.88814,42.82217],[132.88762,42.82178],[132.8873,42.82127]],[[132.8873,42.82127],[132.88732,42.82108],[132.88748,42.82085],[132.88802,42.82048]],[[132.8873,42.82127],[132.88741,42.82117],[132.88754,42.82126]],[[132.88754,42.82126],[132.88814,42.82217]],[[132.88802,42.82048],[132.88754,42.82126]],[[132.89197,42.82377],[132.88814,42.82217]],[[132.89197,42.82377],[132.89218,42.82392],[132.89282,42.824],[132.89289,42.82402],[132.89297,42.82404],[132.8931,42.8241],[132.89357,42.82461]],[[132.89357,42.82461],[132.89233,42.82411],[132.89197,42.82377]],[[132.89797,42.84686],[132.89468,42.84728],[132.89357,42.84734],[132.89286,42.84729]],[[132.89286,42.84729],[132.89794,42.84677]],[[132.90513,42.83601],[132.89927,42.83266],[132.89357,42.82461]],[[132.89797,42.84686],[132.89794,42.84677]],[[132.89794,42.84677],[132.90298,42.84541],[132.90484,42.84536],[132.90555,42.84554],[132.90612,42.84587],[132.90948,42.84898],[132.94338,42.85128],[132.9466,42.85193],[132.95547,42.85502],[132.9566,42.85507],[132.95742,42.85508],[132.96798,42.85524],[132.96817,42.85524],[132.97131,42.85528],[132.97262,42.8553],[132.97434,42.85545]],[[132.96817,42.85532],[132.95614,42.85515],[132.95413,42.85493],[132.94309,42.85132],[132.90945,42.84907],[132.90482,42.84545],[132.89797,42.84686]],[[132.90513,42.83601],[132.90669,42.83628]],[[132.90602,42.8365],[132.90513,42.83601]],[[132.90649,42.83667],[132.90602,42.8365]],[[132.90743,42.83728],[132.9069,42.83698],[132.90602,42.8365]],[[132.90696,42.83652],[132.90678,42.8367],[132.90649,42.83667]],[[132.9069,42.83698],[132.90649,42.83667]],[[132.90649,42.83667],[132.90669,42.83628]],[[132.90653,42.80363],[132.90571,42.80376],[132.90568,42.80357],[132.90632,42.80342],[132.90653,42.80363]],[[132.90669,42.83628],[132.90696,42.83652]],[[132.90696,42.83652],[132.90743,42.83728]],[[132.90743,42.83728],[132.91775,42.84299]],[[132.91775,42.84299],[132.91846,42.84345]],[[132.91813,42.84347],[132.91775,42.84299]],[[132.91981,42.84403],[132.91836,42.84379]],[[132.91853,42.8435],[132.91981,42.84403]],[[132.91981,42.84403],[132.93574,42.84537],[132.93956,42.84679],[132.95139,42.84629],[132.95867,42.84761]],[[133.42645,44.29529],[133.42372,44.32208],[133.4181,44.33299],[133.41787,44.33699],[133.4151,44.33868],[133.41351,44.34568],[133.42662,44.35588],[133.43035,44.36006],[133.43515,44.37189],[133.4464,44.37822],[133.45591,44.38058],[133.45802,44.38441],[133.46079,44.38643],[133.46107,44.38815],[133.46585,44.38852],[133.46898,44.39344],[133.46665,44.39947],[133.45767,44.40671],[133.4573,44.40884],[133.45404,44.41229],[133.44891,44.42399],[133.45585,44.44321],[133.45237,44.46081],[133.44495,44.47016],[133.44132,44.47865],[133.43173,44.48964],[133.42125,44.4899],[133.41889,44.49122],[133.41742,44.49352],[133.41821,44.49546],[133.41755,44.49691],[133.40713,44.50611],[133.40874,44.51086],[133.36953,44.53916],[133.357,44.54458],[133.34789,44.5458],[133.34347,44.55104],[133.33287,44.54948],[133.32859,44.55028],[133.3248,44.55304],[133.31402,44.56926],[133.30642,44.56742],[133.29798,44.56829],[133.29214,44.57187],[133.28886,44.57179],[133.27948,44.57499],[133.27496,44.57863],[133.26169,44.58416],[133.25745,44.58834],[133.24781,44.5891],[133.24162,44.59198],[133.22764,44.59437],[133.22332,44.59692],[133.21182,44.59884],[133.20559,44.60102],[133.19944,44.60097],[133.18709,44.60529],[133.16852,44.60329],[133.15657,44.60489],[133.14256,44.61003],[133.1284,44.60403],[133.12268,44.60492],[133.11902,44.60791],[133.09955,44.61618],[133.08515,44.61635],[133.04952,44.62025],[133.02736,44.62055],[133.00611,44.61879],[132.99323,44.61951],[132.93668,44.61619],[132.91989,44.61196]],[[132.95867,42.84761],[132.95993,42.8477]],[[132.95942,42.84784],[132.95867,42.84761]],[[132.95994,42.84788],[132.95942,42.84784]],[[132.95942,42.84784],[132.95966,42.84772]],[[132.95993,42.8477],[132.96017,42.84772],[132.96059,42.84783]],[[132.95993,42.8477],[132.95994,42.84788]],[[132.95994,42.84788],[132.95981,42.84779],[132.95993,42.8477]],[[132.96059,42.84783],[132.95994,42.84788]],[[132.96059,42.84783],[132.96825,42.85049],[132.97434,42.85545]],[[132.96086,42.85514],[132.96086,42.85521]],[[132.97461,42.85568],[132.96817,42.85532]],[[132.96817,42.85532],[132.96817,42.85524]],[[132.97434,42.85545],[132.97461,42.85568]],[[132.97461,42.85568],[132.97853,42.85892]],[[132.97853,42.85892],[132.98081,42.85888]],[[132.97853,42.85892],[132.97911,42.85941]],[[132.97911,42.85941],[132.9802,42.8603]],[[132.98081,42.85888],[132.97911,42.85941]],[[132.9802,42.8603],[133.00584,42.88092],[133.01186,42.88799],[133.01452,42.89549],[133.02967,42.91315],[133.05154,42.91416],[133.05878,42.91194],[133.07473,42.90248],[133.07961,42.90208],[133.08374,42.90406],[133.08736,42.9079],[133.08975,42.91369],[133.09146,42.92274],[133.10443,42.93513],[133.10762,42.93666],[133.12091,42.93738],[133.12331,42.94107],[133.12418,42.94613],[133.13071,42.95646],[133.13102,42.96241],[133.13492,42.96678],[133.14113,42.96942],[133.14208,42.97202],[133.14111,42.98022],[133.15507,43.00201],[133.16582,43.02454],[133.16777,43.03887],[133.17048,43.04472]],[[132.98081,42.85888],[132.97963,42.85942],[132.9802,42.8603]],[[133.04434,42.71875],[133.05358,42.71683],[133.06293,42.71753],[133.06558,42.72123],[133.06546,42.72337],[133.06368,42.72571],[133.06464,42.72777],[133.06896,42.73],[133.0764,42.72743],[133.09308,42.7338],[133.09842,42.73997],[133.09901,42.7458],[133.09116,42.75162],[133.08703,42.7574],[133.07867,42.76359],[133.05714,42.76644],[133.05313,42.77033],[133.04955,42.7719],[133.04624,42.77725],[133.03768,42.781],[133.02815,42.7918],[133.02901,42.79775],[133.04113,42.81179],[133.04146,42.81777],[133.03589,42.82835],[133.02937,42.83086],[133.01992,42.82776],[133.01521,42.82875],[133.01232,42.83106],[133.00908,42.83811],[132.99846,42.84522],[132.98898,42.8559],[132.98081,42.85888]],[[133.06202,42.90969],[133.05749,42.91229]],[[133.17048,43.04472],[133.17703,43.04899]],[[133.17048,43.04472],[133.17223,43.04833],[133.17121,43.05102]],[[133.21724,43.19523],[133.21268,43.18824],[133.20311,43.17336],[133.20158,43.17112],[133.19691,43.16644],[133.185,43.16184],[133.18049,43.15877],[133.16841,43.14502],[133.16492,43.14261],[133.14299,43.13367],[133.13757,43.12971],[133.13247,43.12911],[133.12583,43.12193],[133.12196,43.11997],[133.11652,43.11506],[133.1091,43.11217],[133.10909,43.10771],[133.11049,43.10413],[133.11767,43.09996],[133.12182,43.09347],[133.13557,43.0834],[133.13558,43.07852],[133.13649,43.07745],[133.14338,43.07175],[133.15028,43.06872],[133.15026,43.05817],[133.16615,43.05379],[133.17121,43.05102]],[[133.17121,43.05102],[133.17448,43.04908],[133.17703,43.04899]],[[133.17703,43.04899],[133.18338,43.05388],[133.18601,43.06116],[133.19737,43.0724],[133.20577,43.0777],[133.21548,43.08945],[133.22377,43.10353],[133.22515,43.11615],[133.23091,43.12348],[133.23489,43.13312],[133.23652,43.13414],[133.24167,43.13435],[133.24735,43.13679],[133.26015,43.14389],[133.26346,43.14732],[133.2651,43.15301],[133.26313,43.16047],[133.2614,43.16373],[133.25607,43.16922],[133.25623,43.1781],[133.26016,43.19601],[133.2604,43.19725],[133.26044,43.19955]],[[133.21707,43.19495],[133.21751,43.19489]],[[133.21751,43.19489],[133.21724,43.19523]],[[133.25928,43.19976],[133.24835,43.20004],[133.24306,43.19416],[133.23387,43.19305],[133.22612,43.19047],[133.22159,43.19102],[133.21751,43.19489]],[[133.22461,43.2067],[133.22499,43.2067]],[[133.28847,44.14611],[133.28214,44.1369],[133.24979,44.1291],[133.24149,44.12494]],[[133.26002,43.2],[133.25928,43.19976]],[[133.25928,43.19976],[133.25989,43.19946]],[[133.25989,43.19946],[133.26041,43.1987]],[[133.25989,43.19946],[133.26017,43.19942],[133.26044,43.19955]],[[133.26036,43.20061],[133.26002,43.2]],[[133.26044,43.19987],[133.26002,43.2]],[[133.89878,43.37736],[133.89231,43.40653],[133.88912,43.41026],[133.88374,43.41358],[133.86928,43.42635],[133.86715,43.43341],[133.8672,43.4394],[133.8622,43.45068],[133.84011,43.47104],[133.8193,43.4781],[133.80339,43.47756],[133.77612,43.48379],[133.73257,43.47146],[133.7257,43.47047],[133.72265,43.4725],[133.71696,43.47264],[133.71068,43.47499],[133.70927,43.47646],[133.7086,43.47985],[133.70534,43.48161],[133.70197,43.48183],[133.69634,43.47992],[133.69482,43.48075],[133.69398,43.48325],[133.69097,43.48385],[133.68903,43.48637],[133.68517,43.48716],[133.68214,43.4897],[133.67396,43.49217],[133.66372,43.49352],[133.65853,43.49772],[133.65502,43.49873],[133.65006,43.49782],[133.64226,43.49229],[133.62037,43.48175],[133.61459,43.48382],[133.61061,43.48683],[133.60787,43.48993],[133.60799,43.49293],[133.60634,43.4924],[133.6036,43.49435],[133.59352,43.49661],[133.58933,43.49993],[133.58536,43.49808],[133.58593,43.50012],[133.58894,43.50276],[133.58353,43.50212],[133.57884,43.49709],[133.58009,43.48597],[133.57865,43.48295],[133.56709,43.47683],[133.56152,43.47568],[133.55859,43.47325],[133.55427,43.47171],[133.54467,43.46429],[133.53742,43.45396],[133.52687,43.4475],[133.52319,43.44365],[133.51115,43.43851],[133.49803,43.43667],[133.48177,43.43669],[133.47585,43.42301],[133.45651,43.40665],[133.43241,43.39237],[133.42471,43.38884],[133.41083,43.38561],[133.37868,43.3663],[133.3658,43.36092],[133.37224,43.35524],[133.37415,43.35197],[133.37718,43.33001],[133.37611,43.32584],[133.35455,43.30424],[133.35288,43.29891],[133.34343,43.28683],[133.3349,43.28126],[133.31725,43.26411],[133.31615,43.25784],[133.31064,43.24862],[133.30747,43.24641],[133.29459,43.24204],[133.29059,43.23329],[133.28659,43.22807],[133.26951,43.21331],[133.26125,43.2083],[133.2601,43.20655],[133.26036,43.20061]],[[133.26036,43.20061],[133.26044,43.19987],[133.26044,43.19955]],[[133.29154,44.15081],[133.28847,44.14611]],[[133.29154,44.15081],[133.27299,44.17569],[133.26613,44.17364],[133.25552,44.16244],[133.28847,44.14611]],[[133.42645,44.29475],[133.4264,44.28396],[133.43769,44.26294],[133.42012,44.24952],[133.39715,44.23874],[133.37072,44.23105],[133.35112,44.22711],[133.34681,44.21188],[133.34736,44.20739],[133.35206,44.20095],[133.35477,44.18875],[133.34216,44.17052],[133.32154,44.16591],[133.30507,44.16957],[133.29312,44.15827],[133.29288,44.15302],[133.29154,44.15081]],[[133.3837,45.45725],[133.37376,45.45928],[133.36399,45.46457],[133.35653,45.46412],[133.34769,45.46883],[133.3336,45.47174],[133.33114,45.47307],[133.3306,45.47709],[133.32393,45.4794],[133.3229,45.48561],[133.3253,45.48958],[133.32524,45.4946],[133.33038,45.49947],[133.3285,45.50676],[133.32956,45.51572],[133.33973,45.52323],[133.3416,45.52972],[133.33833,45.53469],[133.32733,45.5395],[133.32309,45.54846],[133.31871,45.5514]],[[133.38021,45.45047],[133.38932,45.45492],[133.3837,45.45725]],[[133.38021,45.45047],[133.37838,45.45212],[133.3837,45.45725]],[[133.38021,45.45047],[133.37564,45.44187],[133.37558,45.43908],[133.38717,45.43117],[133.39036,45.42278],[133.39723,45.41859],[133.40066,45.41389],[133.40485,45.394],[133.40897,45.38485],[133.40841,45.37059],[133.41333,45.36335],[133.41425,45.35952],[133.41286,45.35406],[133.40934,45.34993],[133.4083,45.33569],[133.41037,45.32636],[133.41641,45.31052],[133.44209,45.27252],[133.45507,45.26014],[133.45773,45.25448],[133.46399,45.23352],[133.46911,45.22884],[133.47952,45.2249]],[[133.3837,45.45725],[133.3893,45.46387],[133.40086,45.46143]],[[133.40128,45.46158],[133.40086,45.46143]],[[133.40086,45.46143],[133.40137,45.46134]],[[133.40135,45.46161],[133.40128,45.46158]],[[133.40128,45.46158],[133.40137,45.46134]],[[133.40162,45.46146],[133.40157,45.46158],[133.40146,45.46162],[133.40135,45.46161]],[[133.40209,45.46206],[133.40135,45.46161]],[[133.40137,45.46134],[133.40162,45.46146]],[[133.40209,45.46206],[133.40162,45.46146]],[[133.40209,45.46206],[133.40473,45.46366]],[[133.40473,45.46366],[133.40669,45.46429]],[[133.40669,45.46429],[133.40503,45.4646],[133.40473,45.46366]],[[133.40669,45.46429],[133.41333,45.46426],[133.46096,45.46722],[133.46828,45.46633],[133.48115,45.46174],[133.48913,45.46181],[133.50097,45.46429],[133.52683,45.46459],[133.53803,45.46639],[133.54927,45.46618],[133.55856,45.46363]],[[133.42645,44.29475],[133.42645,44.29529]],[[133.42684,44.29496],[133.42645,44.29529]],[[133.42684,44.29496],[133.42645,44.29475]],[[133.42684,44.29496],[133.43626,44.29362],[133.44335,44.29555],[133.44881,44.30097],[133.45111,44.30688],[133.46635,44.31726],[133.47645,44.32124],[133.48492,44.32212],[133.48936,44.32445],[133.52188,44.32974],[133.53531,44.32832],[133.54219,44.32603],[133.55447,44.32607],[133.56321,44.32479],[133.57138,44.31918],[133.58448,44.31627],[133.59681,44.31454],[133.60449,44.31728],[133.61145,44.31447],[133.61796,44.31488],[133.62473,44.31157],[133.64546,44.29639],[133.64833,44.29236],[133.64631,44.28818],[133.65076,44.28905],[133.6534,44.28737],[133.66213,44.28611],[133.66445,44.28283],[133.66092,44.27963],[133.662,44.27875],[133.67475,44.28335],[133.68357,44.28294],[133.68793,44.28406],[133.70233,44.28187],[133.70496,44.2795],[133.70353,44.27289],[133.70451,44.27052],[133.70932,44.26839],[133.71832,44.26796],[133.72862,44.25951],[133.73288,44.2602],[133.7468,44.26791],[133.75131,44.26576],[133.75366,44.26275],[133.76347,44.2606],[133.77613,44.26475],[133.78319,44.2683],[133.78953,44.26789],[133.79881,44.271],[133.80515,44.26748],[133.8102,44.26864],[133.81406,44.26711],[133.81765,44.26747],[133.82526,44.26293],[133.84606,44.24157],[133.85327,44.23981],[133.85764,44.2416],[133.86849,44.25268],[133.87561,44.25672],[133.88164,44.26201],[133.88181,44.26429],[133.88638,44.26612],[133.8896,44.27072],[133.89202,44.27208],[133.8969,44.28494],[133.90283,44.29103],[133.90456,44.30553],[133.92207,44.3204],[133.92774,44.33915],[133.93654,44.34869],[133.94376,44.35084],[133.95214,44.35119],[133.95946,44.35377],[133.96549,44.35772],[133.98166,44.36319],[134.01599,44.38278],[134.02701,44.39429],[134.03281,44.39772],[134.03945,44.40628],[134.05554,44.41411],[134.06609,44.41511]],[[133.47952,45.2249],[133.4808,45.22596]],[[133.47996,45.22329],[133.47952,45.2249]],[[133.7727,45.91766],[133.77101,45.91747]],[[133.77101,45.91747],[133.7646,45.91698],[133.73569,45.9268],[133.73351,45.92761],[133.73027,45.93203],[133.74358,45.93671],[133.74729,45.93186],[133.75651,45.93242],[133.7736,45.92392]],[[133.77101,45.91747],[133.77194,45.91702]],[[133.7727,45.91766],[133.77222,45.91817]],[[134.06609,44.41511],[134.0668,44.41633],[134.06302,44.42077],[134.06373,44.42375],[134.06721,44.42803],[134.06411,44.43722],[134.06528,44.44077],[134.07108,44.44502],[134.07234,44.45274],[134.06844,44.45809],[134.06508,44.4658],[134.06502,44.4677],[134.0682,44.46873],[134.06816,44.47118],[134.06642,44.47342],[134.05961,44.47781],[134.04958,44.48055],[134.04135,44.48668],[134.03788,44.49344],[134.03835,44.4971],[134.05301,44.50936],[134.05353,44.51224],[134.05809,44.51615],[134.05854,44.51926],[134.06602,44.52774],[134.07167,44.53783],[134.08168,44.54498],[134.08853,44.55215],[134.09506,44.55185],[134.10557,44.55371],[134.11218,44.55672],[134.12016,44.56926],[134.13199,44.57812],[134.15419,44.60069],[134.15248,44.61208],[134.14718,44.61641],[134.1379,44.63617],[134.13678,44.64161],[134.14431,44.65341],[134.14336,44.65829],[134.15655,44.67023],[134.1592,44.67692],[134.16446,44.68215],[134.19672,44.69396],[134.21271,44.70929],[134.21674,44.72112],[134.21691,44.72496],[134.21882,44.72835],[134.219,44.73324],[134.22589,44.73841],[134.22868,44.74245],[134.24011,44.75068],[134.24601,44.76173],[134.26223,44.76888],[134.27294,44.77089],[134.2858,44.78255],[134.28611,44.78791],[134.30574,44.80334],[134.31084,44.81558],[134.31125,44.82192],[134.31526,44.82616],[134.31519,44.82821],[134.31286,44.83196],[134.31473,44.83438],[134.32167,44.83896],[134.32579,44.85593],[134.33438,44.86554],[134.33382,44.86809],[134.32498,44.87874],[134.32575,44.89153],[134.32708,44.89376],[134.3362,44.89803],[134.34149,44.89848],[134.3621,44.90476],[134.37408,44.91203],[134.38668,44.92231],[134.40683,44.95069],[134.41213,44.96595],[134.41162,44.96931],[134.41449,44.98225],[134.41287,44.99052],[134.40376,45.00372],[134.39429,45.00924],[134.38313,45.01207],[134.37816,45.01855],[134.37829,45.02081],[134.37489,45.02475],[134.3699,45.03686],[134.37042,45.03909],[134.37347,45.04204],[134.37554,45.04797],[134.37461,45.05643],[134.37298,45.06102],[134.37546,45.0677],[134.37157,45.0804],[134.37597,45.09031],[134.37634,45.10278],[134.37829,45.1052],[134.38659,45.10637],[134.38682,45.11073],[134.39201,45.11774],[134.39229,45.1208],[134.40126,45.12992],[134.39439,45.13644],[134.3887,45.13821],[134.38194,45.14842],[134.38271,45.15835],[134.3748,45.18477],[134.37087,45.18863],[134.37089,45.19128],[134.37951,45.21577],[134.39209,45.23321],[134.38749,45.23945],[134.38872,45.25424],[134.38038,45.26542],[134.38687,45.27019],[134.38811,45.27421],[134.38383,45.28227],[134.37858,45.28794],[134.38076,45.2924],[134.38012,45.29546],[134.36641,45.30858],[134.35898,45.33318],[134.35807,45.33503],[134.35449,45.33689],[134.3524,45.34722],[134.34478,45.35912],[134.34453,45.36531],[134.34223,45.37096],[134.32902,45.37719],[134.33024,45.38436],[134.32645,45.39014],[134.31677,45.3996],[134.29479,45.40497],[134.29819,45.41216],[134.29693,45.41667],[134.29073,45.42044],[134.28395,45.42655],[134.27646,45.42867],[134.27443,45.43357],[134.27416,45.43928],[134.27005,45.44341],[134.26185,45.45831],[134.2593,45.47068],[134.26032,45.47676],[134.26324,45.48068],[134.2636,45.48549],[134.26259,45.48979],[134.27106,45.4992],[134.27163,45.5033],[134.27592,45.50713],[134.2776,45.51021],[134.27757,45.52612],[134.27691,45.53038],[134.27475,45.5342],[134.27644,45.53619],[134.27538,45.53907],[134.27735,45.54217],[134.27112,45.54544],[134.26958,45.54895],[134.26962,45.55114],[134.27216,45.55539],[134.26956,45.56396],[134.2753,45.5757],[134.27474,45.57951],[134.27251,45.58308],[134.27369,45.59323],[134.27717,45.59577],[134.27434,45.59832],[134.27926,45.60158],[134.28008,45.60352],[134.27938,45.60525],[134.26733,45.62337],[134.25235,45.63409],[134.23716,45.6361],[134.22852,45.64085],[134.22148,45.64083],[134.21483,45.64665],[134.21536,45.65025],[134.2131,45.65319],[134.2055,45.65534],[134.18121,45.66893],[134.17678,45.66954],[134.16342,45.66557],[134.15399,45.66762],[134.14045,45.67521],[134.14,45.67751],[134.14159,45.68058],[134.13829,45.68391],[134.13224,45.69476],[134.12483,45.70035],[134.1166,45.70467],[134.11423,45.70938],[134.11474,45.71293],[134.11958,45.72167],[134.11845,45.72338],[134.11399,45.72553],[134.11234,45.72994],[134.11392,45.73357],[134.11319,45.73572],[134.11611,45.74184],[134.1164,45.74914],[134.12038,45.7633],[134.11989,45.7665],[134.12171,45.77545],[134.11985,45.78036],[134.11281,45.78982],[134.10869,45.79285],[134.10661,45.79591],[134.10037,45.79938],[134.09414,45.80035],[134.08226,45.80548],[134.07798,45.81],[134.07132,45.81421],[134.06719,45.81901],[134.05738,45.82069],[134.05723,45.8282],[134.0415,45.82847],[134.03339,45.82368],[134.02263,45.82374],[134.01608,45.82755],[134.00423,45.83044],[133.9741,45.83329],[133.96521,45.8374],[133.96263,45.84242],[133.95757,45.84642],[133.94853,45.85],[133.93753,45.86087],[133.93335,45.86813],[133.92931,45.87128],[133.92222,45.87202],[133.90435,45.87691],[133.88515,45.87883],[133.87709,45.87863],[133.85188,45.88719],[133.84088,45.89467],[133.83145,45.89827],[133.82187,45.90587],[133.8017,45.91083],[133.79576,45.91129],[133.78147,45.91708],[133.77538,45.91791],[133.7727,45.91766]],[[133.78931,45.94495],[133.80122,45.94638],[133.81182,45.93778],[133.82985,45.93413],[133.86612,45.93719],[133.88018,45.94217],[133.88699,45.94624],[133.90813,45.94856],[133.91567,45.94805],[133.93469,45.95599],[133.94333,45.95627],[133.95909,45.96054],[133.97505,45.95786],[133.99652,45.96449],[134.03076,45.97701],[134.07169,45.9746],[134.07746,45.9762],[134.09377,45.98458],[134.13041,45.98308],[134.1436,45.98794],[134.1629,45.98131],[134.19635,45.9735],[134.21264,45.97458],[134.22684,45.97144],[134.24133,45.97023],[134.25287,45.96423],[134.27011,45.96552],[134.27628,45.96264],[134.30425,45.96117],[134.31447,45.96508],[134.3239,45.96314],[134.33585,45.96344],[134.34515,45.96181],[134.35243,45.9626],[134.35945,45.9584],[134.37061,45.95817],[134.37613,45.9517],[134.38914,45.94491],[134.39323,45.93656],[134.39143,45.93381],[134.39141,45.93115],[134.39659,45.92968],[134.40139,45.9229],[134.40012,45.91464],[134.40537,45.90664],[134.40719,45.90074],[134.40517,45.88372],[134.40789,45.87691],[134.4118,45.87164],[134.42835,45.85639],[134.43539,45.84827],[134.44171,45.84366],[134.44815,45.84212],[134.45156,45.84261],[134.46911,45.85221],[134.50147,45.8573],[134.50688,45.85727],[134.51668,45.8611],[134.51904,45.86098],[134.5227,45.85857],[134.52928,45.85891],[134.57324,45.85382],[134.57884,45.85533],[134.5946,45.85456],[134.61404,45.86305],[134.66279,45.87136],[134.69356,45.87945],[134.72837,45.88253],[134.76163,45.87978],[134.81523,45.88665],[134.83474,45.88618],[134.84587,45.88828],[134.85461,45.89225],[134.86824,45.89546],[134.86721,45.90411],[134.87632,45.91412],[134.87469,45.92273],[134.8834,45.93012],[134.90507,45.93639],[134.91007,45.94159],[134.91362,45.94308],[134.92569,45.95202],[134.93757,45.9519],[134.96734,45.9632],[134.97613,45.96228],[134.98394,45.96302],[134.99031,45.96736],[134.99912,45.96987],[135.00899,45.97767],[135.00813,45.98968],[135.011,45.9932],[135.02849,45.99403],[135.04679,45.99201],[135.05643,45.99485],[135.06234,45.99847],[135.06456,46.00328],[135.06678,46.00526],[135.06747,46.00846],[135.0692,46.00946],[135.0726,46.00945],[135.07818,46.00731],[135.08552,46.01012],[135.09302,46.01106],[135.09829,46.01592],[135.11495,46.02009],[135.11922,46.02094],[135.12616,46.02016],[135.14069,46.02502],[135.14758,46.02414],[135.15026,46.02555],[135.15145,46.02789],[135.15811,46.03041],[135.15929,46.03372],[135.16544,46.03707],[135.16705,46.04078],[135.17111,46.0439],[135.1758,46.04484],[135.17803,46.04673],[135.18305,46.04745],[135.18612,46.05108],[135.18945,46.0521],[135.19061,46.0552],[135.19763,46.056],[135.2093,46.06011],[135.21896,46.06958],[135.22735,46.07429],[135.23666,46.07658],[135.23777,46.07782],[135.23765,46.0811],[135.24309,46.08337],[135.24476,46.08698],[135.23904,46.09508],[135.23364,46.11538],[135.23106,46.11979],[135.23312,46.12132],[135.23322,46.12663],[135.23929,46.13808],[135.24421,46.14142],[135.24553,46.14367],[135.25493,46.14596],[135.25557,46.15203],[135.25723,46.15379],[135.27587,46.15657],[135.28901,46.15567],[135.29979,46.16021],[135.30534,46.16389],[135.31078,46.16312],[135.31495,46.16428],[135.32575,46.1595],[135.33957,46.16083],[135.36132,46.17125],[135.36612,46.16938],[135.37727,46.15463],[135.40616,46.15987],[135.41257,46.15672],[135.42049,46.15464],[135.42827,46.15469],[135.44219,46.1519],[135.46313,46.15874],[135.47367,46.15926],[135.48324,46.16156],[135.49437,46.16096],[135.50281,46.16787],[135.5062,46.16839],[135.51177,46.17248],[135.5217,46.17471],[135.52677,46.17414],[135.52888,46.17494],[135.53641,46.18479],[135.53782,46.18835],[135.54096,46.19035],[135.54212,46.19329],[135.55444,46.19724],[135.5619,46.19806],[135.56774,46.20108],[135.57039,46.20367],[135.58569,46.20366],[135.59019,46.20516],[135.59255,46.20729],[135.59312,46.22258],[135.5975,46.22676],[135.59971,46.2308],[135.60946,46.23897],[135.61998,46.24167],[135.62435,46.24432],[135.625,46.24908],[135.64305,46.28668],[135.65187,46.29382],[135.66631,46.30175],[135.67594,46.30428],[135.70161,46.32649],[135.70024,46.34125],[135.70858,46.35108],[135.71171,46.36049],[135.71537,46.36643],[135.71371,46.3735],[135.72155,46.3875],[135.74039,46.39643],[135.7471,46.40298],[135.75423,46.40415],[135.76084,46.40898],[135.77237,46.41166],[135.77674,46.41515],[135.77995,46.41582],[135.78142,46.42145],[135.78473,46.42633],[135.79107,46.44124],[135.79443,46.44332],[135.79324,46.44468],[135.79362,46.44613],[135.79699,46.44825],[135.79556,46.45018],[135.7962,46.4513],[135.80785,46.45429],[135.81613,46.45153],[135.81946,46.45182],[135.82385,46.4495],[135.82582,46.45176],[135.82972,46.45286]],[[133.89867,43.37714],[133.89878,43.37736]],[[133.92129,42.8974],[133.91184,42.90154],[133.89814,42.90143],[133.89091,42.89929],[133.88936,42.90116],[133.89196,42.90471],[133.89124,42.90617],[133.88869,42.90883],[133.88214,42.91205],[133.86153,42.90856],[133.85878,42.90136],[133.85446,42.89897],[133.84314,42.89804],[133.84051,42.89223],[133.83921,42.89167],[133.83387,42.89486],[133.82875,42.89397],[133.81174,42.89682],[133.80312,42.90408],[133.79743,42.90512],[133.78918,42.90973],[133.78417,42.91032],[133.76857,42.91993],[133.75998,42.91995],[133.7516,42.91762],[133.75082,42.9184],[133.75157,42.91982],[133.74542,42.92637],[133.74004,42.92433],[133.73123,42.92539],[133.72866,42.92425],[133.71907,42.9247],[133.70903,42.92726],[133.70215,42.92531],[133.69873,42.92289],[133.69674,42.92308],[133.70568,42.95187],[133.70805,42.95646],[133.70723,42.95879],[133.70809,42.96244],[133.71024,42.96598],[133.70774,42.97085],[133.70773,42.97671],[133.71079,42.98181],[133.72603,42.99469],[133.72644,43.01004],[133.7235,43.01423],[133.7193,43.02778],[133.71207,43.03272],[133.71003,43.0397],[133.71027,43.04244],[133.71376,43.04829],[133.72024,43.0501],[133.72333,43.05784],[133.72838,43.06049],[133.73457,43.06895],[133.74147,43.07357],[133.7433,43.07631],[133.74546,43.08555],[133.74512,43.09326],[133.74941,43.10225],[133.75296,43.10656],[133.75461,43.11345],[133.75978,43.12356],[133.7626,43.13504],[133.76195,43.13985],[133.75522,43.1435],[133.75393,43.14636],[133.76206,43.15802],[133.76299,43.17348],[133.76708,43.20015],[133.77604,43.20548],[133.79159,43.20531],[133.82288,43.21649],[133.82687,43.21941],[133.82789,43.22217],[133.82779,43.23262],[133.83081,43.2443],[133.8363,43.25029],[133.84274,43.26057],[133.83929,43.26371],[133.84126,43.26347],[133.84381,43.26604],[133.84928,43.26711],[133.85353,43.27327],[133.85315,43.27783],[133.85117,43.28075],[133.85327,43.28914],[133.85577,43.29314],[133.85456,43.30321],[133.85518,43.30524],[133.86878,43.31285],[133.87527,43.31464],[133.88206,43.31887],[133.88745,43.32748],[133.88832,43.33523],[133.89049,43.33863],[133.89165,43.34396],[133.88918,43.35202],[133.89334,43.35341],[133.8943,43.35913],[133.89413,43.36177],[133.88934,43.36784],[133.88881,43.37016],[133.89141,43.37461],[133.89867,43.37714]],[[133.89893,43.37697],[133.89867,43.37714]],[[133.89878,43.37736],[133.89893,43.37697],[133.89914,43.3765],[133.90378,43.3681],[133.90415,43.36796],[133.95582,43.38814],[133.96708,43.38632],[133.97661,43.38993],[133.9847,43.38908],[133.99549,43.38393],[134.00221,43.38204],[134.02579,43.38171],[134.03128,43.37731],[134.03415,43.37254],[134.03352,43.36497],[134.04027,43.35978],[134.04619,43.3581],[134.06125,43.35653],[134.08123,43.35634],[134.09355,43.34524],[134.10222,43.3433],[134.12854,43.34118],[134.14755,43.33169],[134.15243,43.332],[134.15331,43.33447],[134.15226,43.33628],[134.157,43.33097],[134.16506,43.33016],[134.1716,43.32803],[134.1767,43.32187],[134.21336,43.29866],[134.23853,43.29253],[134.24822,43.29119],[134.27018,43.27216],[134.27973,43.27633],[134.29578,43.27381],[134.30171,43.27123],[134.31351,43.27258],[134.31903,43.26854],[134.32465,43.26244],[134.33824,43.25657],[134.34148,43.25394],[134.36514,43.24247],[134.38619,43.22149],[134.39958,43.22228],[134.41957,43.21983],[134.42368,43.21669],[134.44444,43.22349],[134.46404,43.22665],[134.4712,43.22628],[134.48686,43.23422],[134.50658,43.2541],[134.50929,43.27141],[134.51439,43.28129],[134.51359,43.28671],[134.51431,43.28836],[134.52184,43.29252],[134.53735,43.29472],[134.54943,43.29401],[134.58323,43.30099],[134.60097,43.30611],[134.60406,43.30776],[134.60388,43.31504],[134.60512,43.31589],[134.61505,43.31096],[134.61935,43.31129],[134.62301,43.31694],[134.62014,43.32743],[134.62235,43.33425],[134.63078,43.34285],[134.63276,43.34692],[134.63683,43.35109],[134.64428,43.36199],[134.65503,43.36867],[134.66097,43.37099],[134.66275,43.37577],[134.66744,43.38016],[134.66941,43.38495],[134.68115,43.38875],[134.68446,43.39685],[134.68806,43.40034],[134.69533,43.40244],[134.70464,43.40264],[134.71413,43.40539],[134.71202,43.40722],[134.70339,43.42228],[134.69355,43.42974],[134.69473,43.44396],[134.69151,43.459],[134.69195,43.47053],[134.70054,43.48924],[134.7003,43.49228],[134.67325,43.51058],[134.65655,43.51845],[134.65091,43.52695],[134.63749,43.53259],[134.63707,43.54123],[134.63494,43.54347],[134.6352,43.55084],[134.63087,43.57379],[134.62139,43.58775],[134.6155,43.59322],[134.61758,43.60077],[134.62178,43.60451],[134.62509,43.60945],[134.62508,43.61932],[134.62802,43.62669],[134.63257,43.62925],[134.63814,43.62895],[134.64705,43.63265],[134.66017,43.64307],[134.67227,43.64297],[134.67165,43.64578],[134.67326,43.64801],[134.6723,43.65168],[134.67388,43.65368],[134.67771,43.65439],[134.67886,43.65603],[134.68102,43.65365],[134.69035,43.65307],[134.69732,43.65751],[134.70055,43.66385],[134.7091,43.6693],[134.71951,43.67902],[134.72358,43.68364],[134.72605,43.6899],[134.73264,43.69744],[134.73547,43.69833],[134.73577,43.70274],[134.74141,43.7053],[134.74451,43.7177],[134.76096,43.73481],[134.75961,43.74469],[134.76265,43.7473],[134.76197,43.74878],[134.7629,43.75237],[134.77083,43.75994],[134.77648,43.76333],[134.78243,43.76448],[134.7947,43.76994],[134.8141,43.77155],[134.82491,43.77541],[134.82844,43.78199],[134.83701,43.78889],[134.86434,43.80405],[134.88269,43.80948],[134.88905,43.81019],[134.89864,43.8139],[134.90306,43.81842],[134.90264,43.82324],[134.90728,43.82743],[134.92512,43.8236],[134.9442,43.82623],[134.95624,43.8258],[134.99022,43.83186],[135.00899,43.82645],[135.01903,43.82562],[135.02665,43.82164],[135.02762,43.81943],[135.0312,43.81687],[135.03665,43.81499],[135.04565,43.80757],[135.07452,43.79782],[135.07757,43.79485],[135.07826,43.79167],[135.08529,43.78447],[135.0888,43.78347],[135.09599,43.78474],[135.10212,43.7839],[135.10673,43.78002],[135.11337,43.77839],[135.11948,43.77366],[135.12613,43.77236],[135.12999,43.76711],[135.13873,43.76897],[135.15677,43.76529],[135.16147,43.76689],[135.16443,43.77019],[135.17235,43.76848],[135.17737,43.76282],[135.18286,43.75947],[135.18929,43.75744],[135.19354,43.75428],[135.20387,43.75097],[135.20522,43.74979],[135.20488,43.74751],[135.20625,43.74399],[135.212,43.74102],[135.21867,43.74016],[135.22696,43.73438],[135.23514,43.73079],[135.23755,43.72824],[135.24923,43.72841],[135.26181,43.73111],[135.26942,43.73898],[135.27172,43.74445],[135.27522,43.74819],[135.28174,43.74791],[135.2837,43.74272],[135.29199,43.74392],[135.29408,43.74647],[135.30208,43.75103],[135.31,43.75181],[135.31542,43.75771],[135.31867,43.76837],[135.32026,43.77046],[135.31695,43.78021],[135.31792,43.7883],[135.31155,43.79451],[135.30608,43.79765],[135.30525,43.80148],[135.30201,43.80435],[135.29672,43.80704],[135.29124,43.80819],[135.27978,43.81551],[135.27845,43.81956],[135.26417,43.83175],[135.24972,43.83466],[135.24786,43.84014],[135.24935,43.8466],[135.24719,43.8488],[135.24024,43.85147],[135.23818,43.85404],[135.23824,43.85619],[135.24354,43.8663],[135.24305,43.87007],[135.24443,43.87818],[135.2372,43.8953],[135.22094,43.9164],[135.21571,43.91879],[135.20824,43.92439],[135.19803,43.93401],[135.19777,43.93699],[135.20249,43.94113],[135.20256,43.94405],[135.19289,43.95653],[135.18218,43.97445],[135.1795,43.98525],[135.17962,43.99365],[135.17722,44.00357],[135.18457,44.02293],[135.19227,44.03539],[135.19737,44.04094],[135.19796,44.04367],[135.19214,44.05433],[135.18971,44.06455],[135.18663,44.06791],[135.1824,44.06981],[135.16321,44.07441],[135.15104,44.0747],[135.14275,44.08194],[135.13715,44.08528],[135.13567,44.0878],[135.13489,44.10154],[135.13071,44.11561],[135.11287,44.1359],[135.11137,44.13985],[135.11538,44.15285],[135.12463,44.16377],[135.1418,44.17997],[135.14536,44.18533],[135.16173,44.19927],[135.16629,44.20522],[135.1935,44.22663],[135.19606,44.23009],[135.20847,44.23676],[135.21002,44.23862],[135.20994,44.24136],[135.20718,44.24592],[135.20321,44.24807],[135.18458,44.24773],[135.15881,44.24414],[135.14667,44.23989],[135.13695,44.23503],[135.1339,44.23478],[135.1009,44.24622],[135.09922,44.24767],[135.09824,44.2512]],[[135.09764,44.25213],[135.09263,44.25333],[135.0778,44.25349],[135.07374,44.25444],[135.0637,44.2522],[135.05935,44.25556],[135.04156,44.26372],[134.99006,44.283],[134.97976,44.28271],[134.96556,44.27784],[134.94307,44.27835],[134.92888,44.28044],[134.9195,44.28402],[134.9121,44.28454],[134.89732,44.28226],[134.87724,44.29139],[134.8622,44.28979],[134.85687,44.28827],[134.8367,44.28832],[134.82981,44.28944],[134.81748,44.28456],[134.81164,44.28748],[134.81049,44.29113],[134.80775,44.29464],[134.79946,44.29858],[134.78845,44.29711],[134.76996,44.2908],[134.75435,44.29865],[134.74304,44.31744],[134.73118,44.32305],[134.71268,44.33869],[134.70399,44.33951],[134.69669,44.34211],[134.69278,44.34569],[134.68911,44.34678],[134.68254,44.35436],[134.6733,44.35532],[134.66141,44.36708],[134.64624,44.36965],[134.63704,44.37358],[134.61907,44.37302],[134.60682,44.36901],[134.59238,44.3753],[134.57787,44.3792],[134.56157,44.3818],[134.5595,44.38147],[134.55469,44.37685],[134.54722,44.37556],[134.53159,44.37978],[134.51597,44.38147],[134.5123,44.37795],[134.50265,44.37206],[134.49782,44.36633],[134.49198,44.36403],[134.46591,44.36255],[134.45458,44.36007],[134.44305,44.36281],[134.43669,44.36166],[134.4174,44.36243],[134.40291,44.36641],[134.38787,44.36293],[134.38049,44.36509],[134.36448,44.36749],[134.36003,44.37065],[134.35513,44.36944],[134.34288,44.36894],[134.32763,44.37153],[134.3148,44.37208],[134.28641,44.37627],[134.25582,44.38327],[134.24234,44.38494],[134.2395,44.38695],[134.23264,44.38165],[134.22703,44.38022],[134.22002,44.38361],[134.2193,44.38661],[134.21569,44.38673],[134.20841,44.39166],[134.19927,44.39337],[134.18229,44.39321],[134.17068,44.39535],[134.16216,44.39457],[134.15688,44.39207],[134.13488,44.39007],[134.11948,44.3902],[134.09883,44.3929],[134.09158,44.39679],[134.08108,44.39868],[134.07508,44.41011],[134.0693,44.41422],[134.06609,44.41511]],[[134.11688,45.71606],[134.11714,45.7166]],[[135.09824,44.2512],[135.09764,44.25213]],[[135.09764,44.25213],[135.10022,44.25161],[135.10238,44.25261],[135.12637,44.28951],[135.1446,44.30517],[135.15832,44.30914],[135.17362,44.30562],[135.21242,44.30708],[135.2229,44.30977],[135.23432,44.31697],[135.23731,44.32156],[135.2389,44.32647],[135.24462,44.3324],[135.25758,44.34095],[135.26444,44.34424],[135.27211,44.34628],[135.2778,44.34619],[135.28958,44.34927],[135.29991,44.35373],[135.325,44.36075],[135.33123,44.36607],[135.34212,44.37274],[135.35483,44.37856],[135.37253,44.39034],[135.38171,44.40194],[135.38658,44.40438],[135.4003,44.41671],[135.41501,44.42532],[135.41876,44.43134],[135.4207,44.4386],[135.41295,44.44599],[135.40524,44.45061],[135.39364,44.45989],[135.39105,44.46405],[135.39191,44.47399],[135.38673,44.4941],[135.38824,44.4951],[135.38807,44.49736],[135.39002,44.49771],[135.3895,44.50083],[135.39188,44.50174],[135.39174,44.50351],[135.39318,44.505],[135.40082,44.50697],[135.40291,44.50294],[135.40611,44.50869],[135.41313,44.50968],[135.42478,44.5074],[135.43053,44.5074],[135.44248,44.51],[135.45501,44.51033],[135.46778,44.51569],[135.4817,44.5178],[135.49943,44.52879],[135.50472,44.53034],[135.52033,44.53889],[135.52309,44.54164],[135.54691,44.542],[135.55154,44.54541],[135.56742,44.55253],[135.56858,44.55472],[135.57253,44.55565],[135.57365,44.55685],[135.57343,44.55895],[135.60147,44.56123],[135.6145,44.55503],[135.63593,44.55435],[135.64331,44.55131],[135.6539,44.54428],[135.66264,44.52923],[135.66969,44.52091],[135.67865,44.51668],[135.67787,44.51353],[135.68738,44.5051],[135.69275,44.50405],[135.71016,44.4812],[135.71305,44.47583],[135.71195,44.46817],[135.71447,44.46146],[135.71709,44.45956],[135.73057,44.45883],[135.7367,44.45509],[135.75833,44.42608],[135.75793,44.4214],[135.75909,44.4171],[135.75827,44.41169],[135.763,44.40792],[135.76344,44.40268],[135.76737,44.39343],[135.77947,44.38555],[135.79031,44.36613],[135.79239,44.36463],[135.79643,44.36497],[135.80434,44.36095],[135.80805,44.3615],[135.81801,44.36615],[135.81702,44.37232],[135.81551,44.37505],[135.82891,44.39391],[135.82767,44.40162],[135.82906,44.40367],[135.83408,44.40224],[135.83952,44.40499],[135.85762,44.40567],[135.86278,44.41122],[135.86581,44.40899],[135.87267,44.4074],[135.88496,44.41855],[135.88529,44.42144],[135.88068,44.42381],[135.88168,44.42723],[135.87967,44.43256],[135.88405,44.44174],[135.8911,44.44401],[135.89887,44.44167],[135.89932,44.44592],[135.90348,44.44704],[135.90917,44.44637],[135.9169,44.45132],[135.92616,44.45531],[135.93025,44.45246],[135.93514,44.45184],[135.94149,44.44538],[135.9436,44.4413],[135.9433,44.43781],[135.9448,44.43229],[135.94746,44.42917],[135.95089,44.43043],[135.9522,44.43309],[135.96353,44.43438],[135.9665,44.43724],[135.96708,44.43957],[135.96997,44.441],[135.97334,44.44175],[135.98121,44.4396],[135.98516,44.44069],[136.00265,44.455],[136.00515,44.4616],[136.01411,44.46765],[136.02286,44.47145],[136.03186,44.47129],[136.07263,44.50305],[136.07562,44.50814],[136.07943,44.51146],[136.09493,44.52098],[136.09874,44.52543],[136.10024,44.5318],[136.10472,44.5337],[136.10985,44.5392],[136.11597,44.54282],[136.11653,44.54665],[136.12948,44.55886],[136.13972,44.55716],[136.15204,44.55203],[136.15247,44.55296],[136.1505,44.5549],[136.15126,44.55732],[136.15031,44.55924],[136.15326,44.56198],[136.15709,44.56295],[136.16186,44.56699],[136.16639,44.56599],[136.17037,44.56776],[136.17376,44.56589],[136.17637,44.56748],[136.18066,44.56709],[136.18215,44.57154],[136.19739,44.59247],[136.20676,44.60753],[136.20642,44.61247],[136.20979,44.61309],[136.21073,44.61446],[136.21094,44.62106],[136.21003,44.62363],[136.20753,44.62503],[136.20313,44.63361],[136.19975,44.63679],[136.21543,44.67467],[136.21241,44.68252],[136.20901,44.68536],[136.20874,44.68778],[136.20502,44.69388],[136.20741,44.70319],[136.21117,44.70715],[136.20982,44.71147],[136.21765,44.71646],[136.22317,44.71784],[136.22398,44.72145],[136.22843,44.72383],[136.22901,44.72685],[136.23029,44.7277],[136.24085,44.7307],[136.25051,44.73009],[136.27976,44.73494],[136.28162,44.73599],[136.28609,44.74401],[136.29215,44.74569],[136.29343,44.74725]],[[135.09824,44.2512],[135.09968,44.25164]],[[136.2934,44.74766],[136.29373,44.74747],[136.29398,44.74771],[136.29356,44.74801],[136.2934,44.74766]],[[136.2934,44.74766],[136.29343,44.74725]],[[136.29343,44.74725],[136.29448,44.74783]],[[136.29448,44.74783],[136.29385,44.74795]],[[136.60935,45.05144],[136.61406,45.04851],[136.59077,45.04099],[136.56695,45.03741],[136.56238,45.03263],[136.56111,45.026],[136.56176,45.02448],[136.57511,45.01116],[136.58191,45.00726],[136.58652,45.00316],[136.58949,44.9951],[136.58894,44.98838],[136.58452,44.98628],[136.58147,44.98715],[136.58047,44.98389],[136.57553,44.97963],[136.56313,44.97832],[136.54713,44.96891],[136.48899,44.94379],[136.47003,44.94208],[136.45892,44.93259],[136.45726,44.92932],[136.45187,44.92695],[136.44691,44.92638],[136.44342,44.92847],[136.42824,44.92961],[136.41451,44.92296],[136.41237,44.92105],[136.4118,44.91713],[136.40743,44.91461],[136.39306,44.91072],[136.37248,44.90849],[136.36441,44.90574],[136.34511,44.89569],[136.33847,44.8892],[136.31378,44.87554],[136.3066,44.87456],[136.27568,44.85552],[136.26241,44.8532],[136.21883,44.85185],[136.20492,44.84655],[136.20442,44.84311],[136.20557,44.84114],[136.22282,44.82973],[136.24913,44.82734],[136.26838,44.80968],[136.27932,44.79099],[136.27782,44.78234],[136.28928,44.77005],[136.29297,44.75865],[136.29807,44.75182],[136.29448,44.74783]],[[132.89297,42.82424],[132.89277,42.82425],[132.89269,42.82412],[132.89294,42.82403],[132.89297,42.82424]]]}},{"type":"Feature","properties":{"roadClass":"secondary"},"geometry":{"type":"MultiLineString","coordinates":[[[130.80566,42.6506],[130.80557,42.64978]],[[131.09363,42.63287],[131.08645,42.62998],[131.08225,42.63463],[131.07638,42.63719],[131.07559,42.63947],[131.07236,42.64245],[131.06665,42.64412],[131.06175,42.65004]],[[131.10437,42.67584],[131.10612,42.67306],[131.11709,42.67104],[131.12575,42.66381],[131.12563,42.65418],[131.127,42.65331],[131.12709,42.65045],[131.13144,42.64597],[131.12947,42.64437]],[[131.31368,43.89302],[131.32061,43.89336],[131.32956,43.89181],[131.33186,43.88964],[131.33362,43.88559],[131.3365,43.88446],[131.35108,43.88913],[131.36325,43.88657],[131.36893,43.88832],[131.37604,43.88878],[131.38229,43.89386],[131.38688,43.89552],[131.395,43.89736],[131.40084,43.89743],[131.41236,43.90138],[131.41998,43.90037],[131.42572,43.8957],[131.43294,43.89397],[131.45833,43.90053],[131.46184,43.90305],[131.4704,43.90261],[131.47692,43.90764],[131.4839,43.90943],[131.49625,43.90599],[131.49837,43.90245],[131.50306,43.89823],[131.50497,43.89449],[131.51644,43.8857],[131.5356,43.88569],[131.53997,43.88763],[131.54082,43.88985],[131.54479,43.89378],[131.55764,43.8964],[131.5638,43.89444],[131.56452,43.89292],[131.56277,43.88576],[131.57046,43.87872],[131.57124,43.87285],[131.57716,43.87165],[131.58434,43.87244]],[[131.34867,43.04495],[131.35612,43.04112],[131.36319,43.02432],[131.37516,43.02475],[131.38967,43.02368],[131.39995,43.02632],[131.41266,43.02337],[131.42271,43.024],[131.43159,43.01286],[131.43355,43.01321],[131.43536,43.01],[131.44331,43.01033],[131.44835,43.00756],[131.45057,43.00417],[131.45214,42.99793],[131.45062,42.9935],[131.45119,42.99194],[131.45711,42.98978],[131.4573,42.98952],[131.46005,42.9853],[131.46219,42.98209],[131.46195,42.98028],[131.46914,42.97858],[131.47276,42.97584],[131.48636,42.97597]],[[131.38666,44.39906],[131.38358,44.39966],[131.37021,44.40701],[131.36891,44.40589],[131.36418,44.40819]],[[131.37951,42.87237],[131.38283,42.87282],[131.38274,42.86938],[131.38542,42.86698]],[[131.38566,44.39917],[131.38611,44.39866]],[[131.3931,42.86195],[131.39814,42.86442]],[[131.49552,43.18605],[131.49891,43.18737],[131.50308,43.18658],[131.50936,43.18453],[131.51784,43.17969],[131.52977,43.17741],[131.53699,43.17386],[131.54362,43.1745],[131.54927,43.17146],[131.56882,43.15698],[131.57902,43.14718],[131.58576,43.13885],[131.59449,43.13487],[131.59692,43.13125],[131.59724,43.12888],[131.60596,43.12018],[131.60417,43.1144],[131.60014,43.10893],[131.59553,43.10409],[131.58458,43.09697],[131.58548,43.09578],[131.58466,43.09394],[131.57566,43.09288],[131.57987,43.08758],[131.579,43.08206],[131.58345,43.07585],[131.57646,43.06561],[131.57158,43.06365],[131.5717,43.0609],[131.57623,43.0496],[131.56316,43.04137],[131.55893,43.03714],[131.556,43.02967],[131.55745,43.02348],[131.55281,43.02321],[131.54512,43.01879],[131.51361,43.01979],[131.49856,43.01755],[131.4863,43.01148],[131.47971,43.00698],[131.47435,42.99505],[131.46813,42.99233],[131.46503,42.98657],[131.46005,42.9853]],[[131.5642,44.50318],[131.57018,44.50065],[131.57216,44.4947],[131.57733,44.48928],[131.58913,44.49628],[131.59701,44.49725],[131.61743,44.51115],[131.62738,44.52873],[131.63338,44.53453],[131.65174,44.54699],[131.66231,44.55249],[131.68746,44.5745],[131.69474,44.57981],[131.70352,44.58434]],[[131.77692,43.18161],[131.76708,43.17967],[131.76487,43.17735],[131.7598,43.17657],[131.75642,43.17901],[131.75418,43.18483],[131.74377,43.18685],[131.74053,43.18405],[131.72787,43.17865],[131.71916,43.17768],[131.71487,43.17927],[131.71184,43.18614],[131.709,43.1895],[131.69705,43.19947],[131.69409,43.20392],[131.68687,43.20795],[131.67588,43.21916],[131.67113,43.22864],[131.66587,43.23242],[131.66208,43.23783],[131.66108,43.24438],[131.64438,43.24877],[131.64072,43.25349],[131.63735,43.2559],[131.63336,43.26261],[131.62501,43.26732],[131.62299,43.27041],[131.60395,43.27324],[131.60085,43.27266],[131.59434,43.27421],[131.59189,43.27659],[131.58996,43.27636],[131.58889,43.27419],[131.58786,43.27416]],[[131.6196,43.94617],[131.61906,43.94583]],[[131.63855,43.95135],[131.6186,43.94882],[131.6196,43.94617]],[[131.61993,43.94564],[131.6196,43.94617]],[[131.76572,44.39472],[131.72374,44.36856],[131.71832,44.36201],[131.70244,44.34944],[131.6835,44.34644],[131.67233,44.34211],[131.66531,44.34074],[131.66142,44.3376],[131.65655,44.3404],[131.64787,44.33402],[131.63899,44.33214],[131.62311,44.33089]],[[131.8863,42.97512],[131.88768,42.97607],[131.8875,42.97771],[131.88122,42.97887],[131.88238,42.9828],[131.8791,42.98391],[131.87365,42.98177],[131.87177,42.98234],[131.87037,42.99088],[131.87134,42.9939],[131.8753,42.99911],[131.87333,43.00119],[131.87343,43.00261],[131.87092,43.00271],[131.86918,43.0073],[131.86725,43.00844],[131.86596,43.01475],[131.86746,43.01701],[131.86639,43.01827],[131.86549,43.02121],[131.86151,43.02598],[131.86338,43.02839],[131.85812,43.03085],[131.85764,43.03451],[131.85564,43.03652],[131.85788,43.03875],[131.85527,43.04026],[131.84776,43.04307],[131.83409,43.04339],[131.82967,43.04484],[131.81849,43.04427],[131.81473,43.0411],[131.81473,43.03452],[131.81099,43.03102],[131.81029,43.02852],[131.80702,43.02558],[131.80502,43.02188],[131.79822,43.01936],[131.79394,43.01381]],[[131.90423,43.33396],[131.90514,43.33087],[131.90066,43.33153],[131.89791,43.32983],[131.89246,43.32969],[131.88572,43.32353],[131.87369,43.32821],[131.87288,43.32599],[131.86478,43.32367],[131.86035,43.32466],[131.86188,43.3286],[131.85272,43.32904],[131.85154,43.32645],[131.85166,43.32087],[131.84636,43.31217],[131.84224,43.30885],[131.84089,43.30648],[131.8418,43.30535]],[[131.8418,43.30535],[131.84198,43.30529],[131.84214,43.3053],[131.8418,43.30502],[131.8418,43.30535]],[[131.86194,43.09552],[131.86319,43.09386],[131.85741,43.08521],[131.8537,43.0848],[131.85193,43.08209],[131.84873,43.08017],[131.84528,43.08096],[131.84175,43.07957],[131.84136,43.07854],[131.84222,43.07974]],[[131.8827,43.04185],[131.87872,43.04624],[131.87015,43.0473],[131.86609,43.04937],[131.86398,43.05176],[131.85993,43.05321],[131.85767,43.05653],[131.84979,43.05765],[131.84478,43.06079]],[[131.86691,43.01782],[131.86639,43.01857]],[[131.87492,43.11302],[131.87938,43.11697]],[[131.87938,43.11697],[131.87776,43.11719],[131.87563,43.11545],[131.87447,43.11418],[131.87492,43.11302]],[[131.87787,43.11254],[131.87492,43.11302]],[[131.87595,43.10708],[131.87797,43.10834],[131.87942,43.11225]],[[131.87745,43.36038],[131.891,43.35446],[131.89043,43.35115],[131.89152,43.34554],[131.89454,43.34219],[131.8985,43.34],[131.89946,43.33716],[131.90186,43.33608],[131.90237,43.33438],[131.90423,43.33396]],[[131.8802,43.11925],[131.87938,43.11697]],[[131.88247,43.11638],[131.87938,43.11697]],[[131.88188,43.12392],[131.87861,43.1241],[131.87748,43.12064],[131.88053,43.12017],[131.8802,43.11925]],[[131.88418,43.11846],[131.88366,43.11857],[131.88305,43.11867],[131.8802,43.11925]],[[131.88126,43.12213],[131.88166,43.12329],[131.88185,43.12378],[131.88188,43.12392]],[[131.89109,43.11899],[131.88134,43.12089],[131.88126,43.12213]],[[131.88126,43.12213],[131.88735,43.12092]],[[131.89186,43.12126],[131.88166,43.12329]],[[131.88188,43.12392],[131.88208,43.12541],[131.88808,43.12837],[131.88848,43.1303],[131.89264,43.13003]],[[131.8827,43.04185],[131.88415,43.04313],[131.88229,43.04647],[131.88502,43.05118],[131.8835,43.05249],[131.88454,43.05763],[131.88984,43.06174]],[[131.88503,43.04014],[131.8827,43.04185]],[[131.88377,43.11854],[131.8839,43.11829]],[[131.8839,43.11829],[131.88418,43.11846]],[[131.8839,43.11829],[131.88513,43.11444]],[[131.88418,43.11846],[131.88906,43.11752]],[[131.94304,43.78917],[131.9405,43.78708],[131.92814,43.78617],[131.91649,43.78793],[131.91028,43.7876],[131.89342,43.78326],[131.88891,43.79134],[131.88908,43.79601],[131.88307,43.8071],[131.88505,43.81835],[131.88261,43.82181],[131.88476,43.83466]],[[131.88513,43.11444],[131.89225,43.11283]],[[131.89225,43.11283],[131.8876,43.11404],[131.88513,43.11444]],[[131.88828,43.11526],[131.88906,43.11752]],[[131.88832,43.12936],[131.89249,43.129]],[[131.88906,43.11752],[131.89067,43.11786]],[[131.89048,43.13313],[131.8918,43.13462],[131.89485,43.1352]],[[131.89485,43.1352],[131.89181,43.13475],[131.89048,43.13313]],[[131.89048,43.13313],[131.89033,43.13209],[131.89275,43.13023]],[[131.89073,43.11789],[131.89067,43.11786]],[[131.89067,43.11786],[131.89079,43.11783]],[[131.89084,43.118],[131.89073,43.11789]],[[131.89073,43.11789],[131.89079,43.11783]],[[131.89079,43.11783],[131.8909,43.11783]],[[131.89084,43.118],[131.89109,43.11899]],[[131.89096,43.11795],[131.89084,43.118]],[[131.8909,43.11783],[131.89096,43.11795]],[[131.8909,43.11783],[131.89127,43.11779]],[[131.89127,43.11779],[131.89096,43.11795]],[[131.89109,43.11899],[131.89115,43.11915],[131.89121,43.11934],[131.89166,43.12067],[131.89186,43.12126],[131.89191,43.12138],[131.89209,43.12192],[131.89211,43.12208],[131.89154,43.12343],[131.8924,43.12426]],[[131.89336,43.11737],[131.89127,43.11779]],[[131.89225,43.11283],[131.8929,43.11271]],[[131.90147,43.12833],[131.89249,43.129]],[[131.89249,43.129],[131.89271,43.12891],[131.89717,43.12854],[131.89751,43.12851],[131.90014,43.12829],[131.9004,43.12827],[131.90138,43.1282]],[[131.89347,43.11425],[131.8929,43.11271]],[[131.8929,43.11271],[131.90095,43.11401],[131.89989,43.11439]],[[131.89336,43.11737],[131.89392,43.117]],[[131.89392,43.117],[131.89413,43.11721],[131.89336,43.11737]],[[131.89392,43.117],[131.89502,43.1157],[131.89454,43.11405]],[[131.89625,43.11682],[131.89416,43.1172]],[[131.89595,43.1022],[131.89437,43.1016]],[[131.89437,43.1016],[131.88396,43.09311],[131.8827,43.09095],[131.88396,43.09024],[131.88816,43.09274],[131.88855,43.09133],[131.89001,43.09128],[131.89635,43.0942]],[[131.89562,43.10106],[131.89437,43.1016]],[[131.91691,43.09194],[131.90841,43.08846],[131.90748,43.08689],[131.90261,43.08756],[131.89372,43.0856],[131.89477,43.08648]],[[131.89989,43.13315],[131.89994,43.13422],[131.89606,43.13522],[131.89485,43.1352]],[[131.89635,43.0942],[131.89537,43.09459],[131.89467,43.09988],[131.89562,43.10106]],[[131.89562,43.10106],[131.89669,43.10059]],[[131.89676,43.10255],[131.89645,43.10242],[131.89595,43.1022]],[[131.89595,43.1022],[131.89649,43.10206]],[[131.89649,43.10206],[131.89707,43.10149],[131.89623,43.10202]],[[131.89625,43.11682],[131.89667,43.11654]],[[131.89657,43.11681],[131.89625,43.11682]],[[131.89766,43.10207],[131.89722,43.10209],[131.89702,43.10211],[131.89668,43.10218],[131.89655,43.10225],[131.89644,43.10234],[131.89637,43.10242],[131.89627,43.10272]],[[131.90172,43.09379],[131.89635,43.0942]],[[131.8967,43.11647],[131.89637,43.11499]],[[131.89649,43.10206],[131.8977,43.10177],[131.897,43.10088]],[[131.89664,43.11682],[131.89657,43.11681]],[[131.89657,43.11681],[131.89667,43.11654]],[[131.89705,43.11691],[131.89664,43.11682]],[[131.89672,43.11642],[131.89664,43.11682]],[[131.89667,43.11654],[131.8967,43.11647]],[[131.89669,43.10059],[131.897,43.10088]],[[131.89669,43.10059],[131.90414,43.09851]],[[131.8967,43.11647],[131.89672,43.11642]],[[131.90052,43.1165],[131.89725,43.11604],[131.89672,43.11642]],[[131.89673,43.11647],[131.89705,43.11691]],[[131.91001,43.10191],[131.90104,43.1044],[131.89676,43.10255]],[[131.90008,43.1022],[131.89676,43.10255]],[[131.897,43.10088],[131.89786,43.10163]],[[131.89966,43.11761],[131.89705,43.11691]],[[131.89737,43.10225],[131.89712,43.10213],[131.89712,43.10209],[131.89713,43.10206],[131.89721,43.10199]],[[131.90008,43.1022],[131.89766,43.10207]],[[131.89786,43.10163],[131.89766,43.10207]],[[131.89786,43.10163],[131.90008,43.1022]],[[131.89966,43.11761],[131.90062,43.11781]],[[131.89996,43.11786],[131.89966,43.11761]],[[131.9038,43.12166],[131.89937,43.11965],[131.89994,43.11844]],[[131.89994,43.11844],[131.89996,43.11786]],[[131.89994,43.11844],[131.90016,43.11814]],[[131.90016,43.11814],[131.89996,43.11786]],[[131.90179,43.12894],[131.89998,43.13281]],[[131.90519,43.10126],[131.90008,43.1022]],[[131.90016,43.12842],[131.90014,43.12829]],[[131.90104,43.11819],[131.90016,43.11814]],[[131.90016,43.11814],[131.90062,43.11781]],[[131.90481,43.10101],[131.90449,43.09888],[131.90183,43.09478],[131.90042,43.09477]],[[131.90052,43.1165],[131.90061,43.11649]],[[131.90061,43.11649],[131.90057,43.1165],[131.90052,43.1165]],[[131.90061,43.11649],[131.90219,43.11599],[131.90611,43.11695],[131.91691,43.11373]],[[131.90062,43.11781],[131.90073,43.11782]],[[131.90073,43.11782],[131.90177,43.11792]],[[131.90073,43.11782],[131.90105,43.11814]],[[131.90104,43.11819],[131.90295,43.11949]],[[131.90105,43.11814],[131.90104,43.11819]],[[131.90177,43.11792],[131.90105,43.11814]],[[131.90138,43.1282],[131.90162,43.12799]],[[131.90138,43.1282],[131.90177,43.12818]],[[131.90187,43.12842],[131.90147,43.12833]],[[131.90179,43.12894],[131.90147,43.12833]],[[131.90177,43.11792],[131.90704,43.11855]],[[131.90224,43.12842],[131.90179,43.12894]],[[131.9111,43.13285],[131.9079,43.12962],[131.90261,43.12828]],[[131.90423,43.33396],[131.93489,43.33846],[131.94545,43.33812],[131.95323,43.34113],[131.96429,43.35072],[131.97286,43.36496],[131.97211,43.37124],[131.96955,43.37505]],[[131.90571,43.16552],[131.90444,43.16503]],[[131.9097,43.17323],[131.90388,43.17058],[131.90444,43.16503]],[[131.90444,43.16503],[131.90587,43.16532]],[[131.91001,43.10191],[131.90576,43.10144],[131.90519,43.10126],[131.90481,43.10101]],[[131.91288,43.09865],[131.90481,43.10101]],[[131.91004,43.1267],[131.90724,43.12659],[131.90496,43.1273]],[[131.91058,43.16695],[131.90981,43.16681],[131.90923,43.1667],[131.90893,43.16664],[131.90774,43.16632],[131.90571,43.16552]],[[131.90587,43.16532],[131.90571,43.16552]],[[131.90587,43.16532],[131.90894,43.16642],[131.90988,43.16662],[131.91113,43.16684],[131.9112,43.16686],[131.91165,43.16695],[131.91309,43.16729]],[[131.90612,43.12119],[131.90788,43.11952]],[[131.90626,43.14729],[131.9119,43.14876]],[[131.90704,43.11855],[131.90759,43.11858]],[[131.90768,43.11901],[131.90704,43.11855]],[[131.90707,43.14418],[131.91078,43.14362],[131.91397,43.14453],[131.91562,43.14087],[131.92182,43.14171],[131.92495,43.14093],[131.93591,43.15078],[131.93558,43.15312],[131.93583,43.15393],[131.936,43.15418],[131.93648,43.15486],[131.93665,43.15511],[131.93669,43.15517]],[[131.91004,43.1267],[131.90715,43.12669]],[[131.90759,43.11858],[131.90811,43.1186]],[[131.90759,43.11858],[131.90768,43.11901]],[[131.90768,43.11901],[131.90788,43.11952]],[[131.90811,43.1186],[131.90768,43.11901]],[[131.90788,43.11952],[131.91219,43.12162],[131.91573,43.1254]],[[131.90796,43.12651],[131.91064,43.12666]],[[131.90811,43.1186],[131.91457,43.11766],[131.91921,43.11834]],[[131.9097,43.17323],[131.91041,43.17536]],[[131.91058,43.16695],[131.91092,43.17004],[131.9097,43.17323]],[[131.90981,43.16681],[131.90988,43.16662]],[[131.90987,43.8225],[131.91896,43.83649],[131.92065,43.83717],[131.92678,43.83581]],[[131.91001,43.10191],[131.91111,43.10154],[131.91217,43.10146],[131.91344,43.10253]],[[131.91344,43.10253],[131.91203,43.10203],[131.91113,43.10194],[131.91053,43.10191],[131.91001,43.10191]],[[131.91262,43.12685],[131.91004,43.1267]],[[131.91064,43.12666],[131.91007,43.12639]],[[131.91007,43.13324],[131.91083,43.13302]],[[131.91253,43.13275],[131.91207,43.13297],[131.91181,43.13303],[131.91109,43.13318],[131.91012,43.13334]],[[131.91039,43.13279],[131.91083,43.13302]],[[131.91041,43.17536],[131.91072,43.1755]],[[131.91051,43.17558],[131.91041,43.17536]],[[131.91075,43.17565],[131.91051,43.17558]],[[131.91051,43.17558],[131.91072,43.1755]],[[131.91301,43.16746],[131.91058,43.16695]],[[131.91064,43.12666],[131.9125,43.12671],[131.9157,43.12578]],[[131.91233,43.15531],[131.91167,43.15588],[131.91072,43.15603],[131.9107,43.15514]],[[131.91072,43.1755],[131.91075,43.17565]],[[131.91075,43.17551],[131.91098,43.17562]],[[131.91098,43.17562],[131.91075,43.17565]],[[131.91083,43.13302],[131.9111,43.13297]],[[131.91094,43.15519],[131.91233,43.15531]],[[131.91767,43.17514],[131.91259,43.17595],[131.91098,43.17562]],[[131.9111,43.13297],[131.9111,43.13285]],[[131.91252,43.13258],[131.9111,43.13285]],[[131.9112,43.13315],[131.9111,43.13297]],[[131.9111,43.13297],[131.9122,43.13277],[131.91253,43.13275]],[[131.91261,43.13274],[131.9111,43.13565]],[[131.91128,43.10195],[131.91111,43.10154]],[[131.91113,43.16705],[131.9112,43.16686]],[[131.91262,43.12685],[131.91065,43.12745],[131.91158,43.13047]],[[131.91252,43.13258],[131.91159,43.13209]],[[131.91164,43.15557],[131.91179,43.15537]],[[131.91198,43.15558],[131.91169,43.15562]],[[131.91176,43.13286],[131.91181,43.13303]],[[131.91185,43.15537],[131.912,43.15554]],[[131.9119,43.14876],[131.91236,43.14892]],[[131.91236,43.14892],[131.91195,43.14909],[131.9119,43.14876]],[[131.91202,43.15943],[131.9123,43.15965]],[[131.9123,43.15965],[131.91211,43.15978]],[[131.9123,43.15965],[131.91649,43.16137]],[[131.9123,43.15965],[131.91178,43.15671],[131.9137,43.15578]],[[131.91233,43.15531],[131.91292,43.15524]],[[131.91236,43.14892],[131.91271,43.14883],[131.91415,43.15135]],[[131.91261,43.13274],[131.91252,43.13258]],[[131.91253,43.13275],[131.91261,43.13274]],[[131.91261,43.13274],[131.91505,43.1321]],[[131.91587,43.1259],[131.91345,43.12664],[131.91262,43.12685]],[[131.91345,43.09879],[131.91288,43.09865]],[[131.91288,43.09865],[131.91345,43.09856]],[[131.9137,43.15578],[131.91292,43.15524]],[[131.91292,43.15524],[131.91326,43.15521]],[[131.91609,43.16803],[131.91301,43.16746]],[[131.91301,43.16746],[131.91309,43.16729]],[[131.91309,43.16729],[131.91523,43.16775]],[[131.91326,43.15521],[131.91385,43.15574]],[[131.91326,43.15521],[131.91539,43.15496],[131.91479,43.15272]],[[131.93784,43.10222],[131.9346,43.10313],[131.92986,43.10332],[131.91781,43.10171],[131.91449,43.10285],[131.91344,43.10253]],[[131.91345,43.09879],[131.91345,43.09856]],[[131.91345,43.09856],[131.91381,43.09869]],[[131.91353,43.09882],[131.91345,43.09879]],[[131.91381,43.09869],[131.91371,43.0988],[131.91364,43.09882],[131.91353,43.09882]],[[131.91422,43.09915],[131.91353,43.09882]],[[131.91357,43.09852],[131.9139,43.09813]],[[131.91358,43.16371],[131.9152,43.16339]],[[131.91361,43.15581],[131.91364,43.15577]],[[131.9137,43.15578],[131.91378,43.15576],[131.91385,43.15574]],[[131.91445,43.09535],[131.91372,43.09299]],[[131.91379,43.15573],[131.91378,43.15576]],[[131.9139,43.09813],[131.9138,43.09864]],[[131.91381,43.09869],[131.91422,43.09915]],[[131.91385,43.15574],[131.92346,43.15676]],[[131.91386,43.16439],[131.91566,43.16397],[131.92725,43.16678],[131.932,43.16674],[131.93254,43.16886]],[[131.9139,43.09813],[131.91445,43.09535]],[[131.91396,43.17583],[131.91366,43.18254],[131.91768,43.18231]],[[131.91404,43.12631],[131.91411,43.12643]],[[131.91426,43.15154],[131.91415,43.15135]],[[131.91415,43.15135],[131.91437,43.1514],[131.91426,43.15154]],[[131.91995,43.09947],[131.91422,43.09915]],[[131.91484,43.15206],[131.91426,43.15154]],[[131.91854,43.09316],[131.91445,43.09535]],[[131.91479,43.15272],[131.91484,43.15206]],[[131.91484,43.15206],[131.91491,43.15247],[131.91479,43.15272]],[[131.91505,43.1321],[131.91983,43.13198],[131.92497,43.13349],[131.92658,43.13615]],[[131.91505,43.1321],[131.92382,43.12363]],[[131.9152,43.16339],[131.92792,43.16646],[131.93598,43.166],[131.94084,43.16373]],[[131.92346,43.15676],[131.92325,43.15979],[131.92192,43.16168],[131.91708,43.16031],[131.91706,43.16034],[131.9167,43.161],[131.91649,43.16137],[131.91645,43.16145],[131.91632,43.16166],[131.9152,43.16339]],[[131.91587,43.1259],[131.9157,43.12578]],[[131.9157,43.12578],[131.91571,43.12574]],[[131.91571,43.12574],[131.91573,43.1254]],[[131.91571,43.12574],[131.91592,43.12565]],[[131.91573,43.1254],[131.91592,43.12565]],[[131.916,43.12586],[131.91587,43.1259]],[[131.91592,43.12565],[131.91599,43.12568]],[[131.91599,43.12568],[131.91652,43.12572]],[[131.91599,43.12568],[131.916,43.12586]],[[131.91652,43.12572],[131.916,43.12586]],[[131.91652,43.12572],[131.92282,43.12359]],[[131.91739,43.11381],[131.91691,43.11373]],[[131.91691,43.11373],[131.9174,43.11361]],[[131.9173,43.11243],[131.91758,43.11329]],[[131.91744,43.11359],[131.91758,43.11329]],[[131.91791,43.11421],[131.9175,43.11384]],[[131.91758,43.11329],[131.91764,43.11363]],[[131.91767,43.11375],[131.91791,43.11421]],[[131.94051,43.19541],[131.92805,43.19595],[131.92287,43.1991],[131.9174,43.19145],[131.91446,43.19078],[131.91768,43.18231]],[[131.91768,43.18231],[131.91973,43.1809]],[[131.91791,43.11421],[131.91921,43.11834]],[[131.91921,43.11834],[131.9214,43.11869]],[[131.92592,43.00577],[131.92389,43.00319],[131.91925,43.00066]],[[131.92024,43.18093],[131.91998,43.18096]],[[131.92024,43.18093],[131.92018,43.18165]],[[131.94074,43.17562],[131.94094,43.17826],[131.94483,43.18214],[131.94426,43.18336],[131.94617,43.18469],[131.94615,43.18676],[131.94926,43.18924],[131.94864,43.19111],[131.94162,43.18805],[131.93642,43.18959],[131.93427,43.18828],[131.92957,43.18795],[131.92527,43.18551],[131.92212,43.18113],[131.92154,43.18089],[131.92024,43.18093]],[[131.9214,43.11869],[131.92182,43.11884]],[[131.92162,43.11897],[131.9214,43.11869]],[[131.9217,43.11908],[131.92162,43.11897]],[[131.92162,43.11897],[131.92182,43.11884]],[[131.92194,43.11905],[131.92185,43.11909],[131.9217,43.11908]],[[131.9221,43.11964],[131.9217,43.11908]],[[131.92182,43.11884],[131.92186,43.11884]],[[131.92186,43.11884],[131.92196,43.11903]],[[131.92186,43.11884],[131.92238,43.11884]],[[131.92194,43.11905],[131.9221,43.11964]],[[131.92196,43.11903],[131.92194,43.11905]],[[131.92238,43.11884],[131.92196,43.11903]],[[131.9221,43.11964],[131.92382,43.12121],[131.92276,43.12337]],[[131.92934,43.11782],[131.92238,43.11884]],[[131.9226,43.81639],[131.92196,43.81277],[131.91397,43.80305],[131.91377,43.80131],[131.92015,43.79709],[131.92814,43.7965],[131.93,43.7953],[131.93038,43.79312],[131.93735,43.79111]],[[131.92276,43.12337],[131.92304,43.12351]],[[131.92282,43.12359],[131.92276,43.12337]],[[131.92282,43.12359],[131.92304,43.12351]],[[131.92304,43.12351],[131.92395,43.12307]],[[131.92386,43.15716],[131.92346,43.15736]],[[131.92346,43.15676],[131.92381,43.15713],[131.92386,43.15716],[131.92389,43.15717],[131.92674,43.15732],[131.9349,43.1562]],[[131.92382,43.12363],[131.92507,43.12299]],[[131.92552,43.12429],[131.92481,43.12352],[131.92382,43.12363]],[[131.92405,43.12302],[131.92481,43.1226]],[[131.92454,43.07069],[131.92435,43.06998],[131.9319,43.06906],[131.9335,43.07024]],[[131.92532,43.12268],[131.92481,43.1226]],[[131.92481,43.1226],[131.92543,43.12244]],[[131.92507,43.12299],[131.92532,43.12268]],[[131.92551,43.12284],[131.92507,43.12299]],[[131.92551,43.12284],[131.92532,43.12268]],[[131.92532,43.12268],[131.92543,43.12244]],[[131.92543,43.12244],[131.92571,43.1224]],[[131.92558,43.12285],[131.92551,43.12284]],[[131.92592,43.12274],[131.92577,43.12283],[131.92568,43.12286],[131.92558,43.12285]],[[131.92615,43.12359],[131.92558,43.12285]],[[131.92571,43.1224],[131.92592,43.12274]],[[131.92571,43.1224],[131.92612,43.1223],[131.92637,43.12228],[131.92724,43.12225]],[[131.92592,43.12274],[131.92615,43.12359]],[[131.92724,43.12225],[131.92626,43.12267],[131.92592,43.12274]],[[131.92614,43.08688],[131.92597,43.08687]],[[131.9261,43.08632],[131.92614,43.08688]],[[131.92614,43.08688],[131.9266,43.09049],[131.92814,43.09268],[131.92862,43.0986],[131.93161,43.10026]],[[131.92627,43.12385],[131.92615,43.12359]],[[131.93404,43.12927],[131.93036,43.13003],[131.92774,43.12909],[131.92623,43.12703],[131.92627,43.12385]],[[131.92627,43.12385],[131.9259,43.1241],[131.92552,43.12429],[131.9255,43.1243],[131.92526,43.12448],[131.92441,43.12522],[131.92299,43.1268],[131.92111,43.13013],[131.92139,43.13147],[131.92664,43.13339],[131.93601,43.13392]],[[131.92637,43.12228],[131.92648,43.12257]],[[131.9265,43.11229],[131.92615,43.11506],[131.92375,43.11504],[131.9286,43.11641]],[[131.92654,43.13649],[131.92658,43.13615]],[[131.92658,43.13615],[131.92674,43.13648]],[[131.92678,43.83581],[131.929,43.8375],[131.9298,43.84323],[131.93901,43.84271],[131.94372,43.83982]],[[131.92678,43.83581],[131.92987,43.83364],[131.9348,43.83225],[131.94304,43.83343]],[[131.92685,43.12226],[131.9269,43.12237]],[[131.92724,43.12225],[131.93224,43.11948]],[[131.93017,43.11704],[131.9286,43.11641]],[[131.9286,43.11641],[131.9291,43.11639],[131.93017,43.11704]],[[131.93161,43.10026],[131.92917,43.10095]],[[131.93224,43.11948],[131.92934,43.11782]],[[131.92934,43.11782],[131.93017,43.11704]],[[131.92958,43.10085],[131.92953,43.10107]],[[131.93161,43.10026],[131.93477,43.102],[131.93784,43.10222]],[[131.93224,43.11948],[131.93429,43.12164],[131.93373,43.12478],[131.93556,43.12553],[131.93404,43.12927]],[[131.93312,43.1696],[131.93285,43.16926]],[[131.94027,43.17515],[131.93312,43.1696]],[[131.93335,43.16924],[131.93312,43.1696]],[[131.9383,43.12849],[131.93404,43.12927]],[[131.9349,43.1562],[131.93588,43.15544],[131.93643,43.15517],[131.93665,43.15511],[131.9373,43.15499],[131.93747,43.15494],[131.93857,43.15432],[131.93984,43.15398],[131.94061,43.15397],[131.94109,43.15434],[131.94117,43.15448],[131.94121,43.1548],[131.94117,43.15522],[131.94078,43.15704],[131.9406,43.15752],[131.94021,43.15829],[131.9401,43.16094],[131.94251,43.16163],[131.94377,43.15996],[131.94402,43.15985],[131.94472,43.1597],[131.94503,43.15976]],[[131.93669,43.15517],[131.9349,43.1562]],[[131.93555,43.80239],[131.94096,43.80297],[131.94122,43.803],[131.94265,43.80315],[131.94623,43.80354],[131.94901,43.80387],[131.95095,43.80405],[131.95284,43.80425],[131.95385,43.80434],[131.95523,43.80449],[131.95671,43.80465]],[[131.93601,43.13392],[131.936,43.13605]],[[131.94006,43.12955],[131.93645,43.13287],[131.93793,43.13395],[131.93664,43.13373],[131.93601,43.13392]],[[131.93635,43.79751],[131.94338,43.79839]],[[131.9366,43.11679],[131.94021,43.11639],[131.93923,43.11223]],[[131.9449,43.1599],[131.94268,43.16165],[131.94204,43.1617],[131.94037,43.16122],[131.93997,43.16082],[131.93992,43.15981],[131.94017,43.15828],[131.94084,43.15664],[131.94114,43.15449],[131.93669,43.15517]],[[131.9373,43.10237],[131.9372,43.10221]],[[131.93784,43.10222],[131.94166,43.10078]],[[131.93896,43.12847],[131.93858,43.1285],[131.9383,43.12849]],[[131.9383,43.12849],[131.93887,43.12836]],[[131.93902,43.11004],[131.93861,43.10918]],[[131.93887,43.12836],[131.93896,43.12847]],[[131.93887,43.12836],[131.93974,43.12778]],[[131.93927,43.12834],[131.93896,43.12847]],[[131.93925,43.112],[131.93902,43.11004]],[[131.9395,43.10978],[131.93902,43.11004]],[[131.93923,43.11223],[131.93925,43.112]],[[131.93923,43.11223],[131.93949,43.1122]],[[131.93925,43.112],[131.93949,43.1122]],[[131.93927,43.12834],[131.93945,43.12874],[131.94004,43.12823]],[[131.93927,43.12834],[131.94099,43.12766]],[[131.93935,43.11034],[131.9395,43.10978]],[[131.93949,43.1122],[131.94036,43.11323]],[[131.9395,43.10978],[131.94099,43.10793],[131.94655,43.10535]],[[131.93994,43.12756],[131.94026,43.12752]],[[131.94006,43.12955],[131.94046,43.12883]],[[131.94107,43.1293],[131.94006,43.12955]],[[131.94042,43.1277],[131.94018,43.12792]],[[131.94466,43.79028],[131.94023,43.78986]],[[131.94042,43.1277],[131.94026,43.12752]],[[131.94026,43.12752],[131.9412,43.12742]],[[131.94027,43.17515],[131.94074,43.17562]],[[131.94074,43.17562],[131.94048,43.1756],[131.94027,43.17515]],[[131.94036,43.11323],[131.94365,43.11826]],[[131.94036,43.11323],[131.95013,43.1098],[131.95245,43.11107],[131.95622,43.11836],[131.95349,43.11819],[131.94953,43.11603],[131.94484,43.11664],[131.94376,43.11877]],[[131.9412,43.12742],[131.94042,43.1277]],[[131.94114,43.1278],[131.9406,43.12854]],[[131.94114,43.1278],[131.94099,43.12766]],[[131.94099,43.12766],[131.94153,43.12749]],[[131.94238,43.12732],[131.94114,43.1278]],[[131.9412,43.12742],[131.94238,43.12732]],[[131.94153,43.12749],[131.94149,43.12741],[131.9412,43.12742]],[[131.94126,43.81209],[131.94258,43.80356],[131.94263,43.80326],[131.94265,43.80315],[131.94267,43.80302],[131.9429,43.80164],[131.94338,43.79839]],[[131.94153,43.12749],[131.94238,43.12732]],[[131.94166,43.10078],[131.94311,43.10133]],[[131.94166,43.10078],[131.94733,43.09924],[131.9506,43.09536],[131.94981,43.0907],[131.95369,43.09212],[131.95509,43.09724]],[[131.94238,43.12732],[131.95619,43.12555]],[[131.94306,43.10166],[131.94311,43.10133]],[[131.94311,43.10133],[131.94372,43.10142]],[[131.94311,43.10133],[131.94343,43.10151]],[[131.94328,43.10157],[131.94311,43.10133]],[[131.94338,43.79839],[131.94755,43.79888],[131.95499,43.79993]],[[131.94338,43.79839],[131.94466,43.79028]],[[131.94394,43.11828],[131.94365,43.11826]],[[131.94365,43.11826],[131.94376,43.11877]],[[131.94777,43.78736],[131.95021,43.78978],[131.95006,43.7903],[131.94991,43.79081],[131.94989,43.79087],[131.94953,43.79206],[131.94913,43.7934],[131.94873,43.79469],[131.94812,43.79692],[131.94755,43.79888],[131.94708,43.80051],[131.94686,43.80127],[131.94627,43.80337],[131.94623,43.80354],[131.94621,43.8036],[131.94609,43.80408],[131.94541,43.80649],[131.94367,43.81236]],[[131.95619,43.12555],[131.95448,43.12367],[131.94659,43.12259],[131.94376,43.11877]],[[131.94466,43.79028],[131.94439,43.78881]],[[131.9445,43.1013],[131.94572,43.1041]],[[131.95691,43.79148],[131.95229,43.79106],[131.94998,43.79082],[131.94991,43.79081],[131.94984,43.7908],[131.94927,43.79073],[131.94904,43.79071],[131.94466,43.79028]],[[131.94529,43.1594],[131.94821,43.15973]],[[131.9457,43.10445],[131.94572,43.1041]],[[131.94572,43.1041],[131.94588,43.10414],[131.94603,43.10419]],[[131.94588,43.10414],[131.94593,43.10423]],[[131.94627,43.10427],[131.94655,43.10535]],[[131.94633,43.16525],[131.94811,43.16287],[131.94821,43.15973]],[[131.94655,43.10535],[131.94969,43.10616],[131.95615,43.11208],[131.95853,43.11043],[131.95766,43.10793],[131.96109,43.10961],[131.96127,43.11131],[131.95936,43.11434],[131.96004,43.11788]],[[131.94787,43.07532],[131.94776,43.07505]],[[131.96203,43.08908],[131.95729,43.08708],[131.94466,43.08916],[131.94539,43.07719],[131.94787,43.07532]],[[131.9482,43.0752],[131.94787,43.07532]],[[131.94821,43.15973],[131.95196,43.15874],[131.95551,43.16005],[131.95295,43.16266],[131.95796,43.16738]],[[131.95499,43.79993],[131.95385,43.80434],[131.95353,43.80571],[131.95346,43.80581],[131.94951,43.80549]],[[131.95104,43.85631],[131.96444,43.85475],[131.9678,43.85755],[131.97083,43.85699],[131.96363,43.84819],[131.9628,43.84542],[131.96973,43.84386],[131.97207,43.83843],[131.97196,43.83197],[131.98585,43.82001]],[[131.95421,43.78447],[131.95691,43.79148]],[[131.95499,43.79993],[131.9585,43.80037]],[[131.95691,43.79148],[131.95499,43.79993]],[[131.95619,43.12555],[131.96004,43.11788]],[[131.95722,43.80473],[131.95671,43.80465]],[[131.95671,43.80465],[131.95727,43.80454]],[[131.95691,43.79148],[131.96044,43.79187]],[[131.9574,43.09668],[131.95757,43.09571],[131.96179,43.09429],[131.96416,43.09149]],[[131.95933,43.80042],[131.9585,43.80037]],[[131.9585,43.80037],[131.95932,43.80014]],[[131.97963,43.11506],[131.96705,43.11702],[131.96547,43.116],[131.96218,43.11911],[131.96004,43.11788]],[[131.96648,43.09132],[131.96146,43.09163],[131.962,43.08937]],[[131.962,43.08937],[131.96203,43.08908]],[[131.962,43.08937],[131.96226,43.08912]],[[131.96203,43.08908],[131.96226,43.08912]],[[131.96226,43.08912],[131.96309,43.08727],[131.96275,43.07688]],[[131.96648,43.09132],[131.9664,43.09761]],[[131.96656,43.08998],[131.96648,43.09132]],[[131.96656,43.08998],[131.97081,43.08765],[131.97465,43.09062],[131.9718,43.09169]],[[131.96656,43.08998],[131.96678,43.08998],[131.96805,43.09041],[131.97061,43.09137]],[[131.96923,43.3752],[131.96955,43.37505]],[[131.96955,43.37505],[131.96973,43.37527]],[[131.96958,43.79305],[131.97164,43.78595],[131.97817,43.78911],[131.97694,43.79529]],[[131.97085,43.09154],[131.97059,43.09154]],[[131.97137,43.0916],[131.97212,43.09177],[131.97364,43.09204],[131.97545,43.09244],[131.97575,43.09244],[131.97825,43.09097],[131.97989,43.09446],[131.97865,43.09596],[131.97209,43.09637],[131.97007,43.09471],[131.97059,43.09154]],[[131.97059,43.09154],[131.97061,43.09137]],[[131.97061,43.09137],[131.97086,43.0914]],[[131.97137,43.0916],[131.97085,43.09154]],[[131.97086,43.0914],[131.97085,43.09154]],[[131.97086,43.0914],[131.97137,43.0916]],[[131.97694,43.79529],[131.97914,43.79579],[131.97815,43.79978]],[[131.97815,43.79978],[131.97673,43.79887],[131.97694,43.79529]],[[131.97815,43.79978],[131.9778,43.80119]],[[131.97963,43.11506],[131.98166,43.11513],[131.98297,43.11413]],[[131.98379,43.11686],[131.97963,43.11506]],[[131.98503,43.81546],[131.98245,43.8177],[131.98585,43.82001]],[[131.98585,43.82001],[131.99148,43.8233],[132.00816,43.82527],[132.00923,43.82698],[132.01239,43.8272],[132.01548,43.82929],[132.01555,43.83207],[132.02574,43.83758],[132.03358,43.84339],[132.03975,43.84594],[132.04703,43.84492],[132.06538,43.83651],[132.06767,43.83712],[132.07298,43.83589],[132.07418,43.83444],[132.07621,43.83593],[132.07866,43.83554],[132.08147,43.83679],[132.08714,43.83501],[132.09795,43.83487]],[[132.04362,43.88946],[132.04041,43.88856],[132.03239,43.89067],[132.02871,43.8904],[132.02402,43.88905],[132.02581,43.88334],[132.01373,43.88127],[132.01325,43.8905],[132.0112,43.89134],[132.01293,43.89279],[132.00983,43.89433],[132.00718,43.89881],[132.00296,43.90123],[132.00139,43.90423],[132.00289,43.9081],[132.00188,43.91062],[131.99945,43.91207],[131.98877,43.91231]],[[131.99432,43.7677],[131.98939,43.7685]],[[131.99338,43.37096],[131.99563,43.37507],[131.99696,43.38234]],[[132.01334,43.7617],[132.01749,43.76725],[131.99848,43.77493],[131.99432,43.7677]],[[132.01334,43.7617],[131.99432,43.7677]],[[131.99477,43.36972],[131.99584,43.37001]],[[131.99584,43.37001],[131.99576,43.36908]],[[132.01072,43.38279],[131.99584,43.37001]],[[132.00392,44.15407],[132.01193,44.15299],[132.02402,44.15406],[132.02781,44.14948],[132.04434,44.14607],[132.05136,44.1478],[132.05777,44.14666],[132.07128,44.15133],[132.07487,44.15417],[132.08454,44.15521],[132.09655,44.15333],[132.10193,44.15355],[132.10683,44.15148],[132.18832,44.17807],[132.20601,44.18882],[132.21441,44.19681]],[[132.00578,43.9423],[132.01072,43.94172]],[[132.01072,43.94172],[132.00845,43.93055]],[[132.01072,43.94172],[132.01696,43.94074],[132.01531,43.93521]],[[132.01072,43.38279],[132.01109,43.38293]],[[132.01086,43.38299],[132.01072,43.38279]],[[132.04907,43.71266],[132.04873,43.71834],[132.03723,43.72103],[132.03315,43.72757],[132.02752,43.74375],[132.02258,43.75058],[132.0118,43.75894],[132.01334,43.7617]],[[132.04907,43.71266],[132.03886,43.71204],[132.03452,43.70947],[132.03006,43.70966],[132.01833,43.70568],[132.01438,43.70589]],[[132.03996,43.24277],[132.03899,43.24286],[132.03862,43.24292],[132.03226,43.24638],[132.02746,43.24581],[132.023,43.24759]],[[132.02311,44.72],[132.027,44.72566],[132.02959,44.736],[132.04215,44.74006],[132.04962,44.74094]],[[132.03975,43.24316],[132.03899,43.24286]],[[132.04056,44.72087],[132.05285,44.71947],[132.06129,44.72378],[132.05554,44.73201],[132.05111,44.73384],[132.04925,44.73587],[132.04962,44.74092],[132.04962,44.74094],[132.04961,44.74106],[132.04958,44.74129],[132.04956,44.74143],[132.0493,44.74285],[132.04872,44.74562],[132.04048,44.744]],[[132.13442,43.66399],[132.12221,43.66593],[132.11506,43.67165],[132.11072,43.672],[132.10028,43.67696],[132.07936,43.69754],[132.07608,43.70282],[132.06087,43.71097],[132.04907,43.71266]],[[132.06694,43.26887],[132.06558,43.27107],[132.051,43.28116]],[[132.07406,43.30713],[132.0904,43.29652]],[[132.08725,44.44448],[132.08828,44.4393],[132.08369,44.43876],[132.08495,44.43194],[132.0891,44.4267],[132.07708,44.42695]],[[132.08355,43.3231],[132.08508,43.32336]],[[132.09074,43.33074],[132.09205,43.32645],[132.08531,43.32374]],[[132.09311,43.76114],[132.09916,43.74147],[132.10097,43.73112],[132.10583,43.72704],[132.10073,43.7125],[132.10093,43.70277],[132.10627,43.69796],[132.10538,43.69593],[132.10732,43.69406],[132.109,43.69436],[132.11633,43.68476],[132.12724,43.68039],[132.12813,43.67798],[132.12754,43.67611],[132.13455,43.6684],[132.13526,43.66502],[132.13442,43.66399]],[[132.11909,43.35004],[132.10947,43.34984],[132.10609,43.35124]],[[132.11909,43.35004],[132.11369,43.3523]],[[132.15661,43.35464],[132.1438,43.35292],[132.14602,43.34949],[132.14519,43.34862],[132.14217,43.34868],[132.13212,43.34494],[132.11909,43.35004]],[[132.22968,43.6231],[132.23022,43.62295],[132.23027,43.62284],[132.23011,43.62277],[132.22978,43.6229],[132.2297,43.62305],[132.22968,43.6231],[132.22967,43.62316],[132.23041,43.6283],[132.22974,43.63007],[132.22729,43.62996],[132.22407,43.63179],[132.21898,43.63949],[132.20549,43.6386],[132.19602,43.64141],[132.1882,43.63971],[132.17759,43.64128],[132.16354,43.64084],[132.15956,43.64246],[132.15699,43.64584],[132.13882,43.65701],[132.13649,43.6592],[132.13563,43.66306],[132.13442,43.66399]],[[132.1472,43.3465],[132.1492,43.34401],[132.16301,43.34794],[132.16174,43.35052]],[[132.1566,43.35526],[132.17152,43.35791],[132.17298,43.35439]],[[132.15767,43.36947],[132.15693,43.36947],[132.15621,43.37063],[132.15488,43.37226],[132.15368,43.37336],[132.1522,43.37426],[132.15035,43.37501],[132.1443,43.37698],[132.14113,43.37749],[132.15297,43.37375],[132.15702,43.36866]],[[132.17165,43.35785],[132.1839,43.35984],[132.19112,43.36085],[132.19725,43.36247],[132.19916,43.36509],[132.19931,43.36876]],[[132.18447,43.37681],[132.18623,43.37774],[132.18504,43.38135]],[[132.18504,43.38135],[132.1837,43.3811],[132.18447,43.37681]],[[132.18447,43.37681],[132.18677,43.37592],[132.18778,43.37143],[132.19039,43.37023],[132.19057,43.36807]],[[132.18725,43.38199],[132.18504,43.38135]],[[132.2015,43.35729],[132.19986,43.35759],[132.19268,43.3576],[132.19151,43.35759],[132.19138,43.35759],[132.19073,43.35759],[132.19018,43.35758],[132.18997,43.35758],[132.18894,43.35757],[132.1883,43.35754],[132.18812,43.35754],[132.18768,43.35753],[132.18546,43.35753],[132.18547,43.35318]],[[132.18679,43.38211],[132.18725,43.38199]],[[132.18725,43.38199],[132.18734,43.38235]],[[132.18832,43.36043],[132.18812,43.35754],[132.18821,43.35316]],[[132.19057,43.36807],[132.19931,43.36876],[132.20769,43.37548],[132.21545,43.3783],[132.2183,43.37757],[132.21817,43.37548],[132.22076,43.37642],[132.22648,43.37417]],[[132.19057,43.36807],[132.19081,43.36369],[132.19091,43.36252],[132.19112,43.36085],[132.19123,43.35976],[132.19138,43.35759],[132.19136,43.35576]],[[132.19131,43.35313],[132.20112,43.35388],[132.20067,43.35681]],[[132.23009,43.62298],[132.22999,43.62283]],[[132.25801,44.00408],[132.25307,43.98262],[132.23907,43.96708],[132.23494,43.96505],[132.23184,43.96033]],[[132.28386,43.45916],[132.2905,43.46509],[132.30015,43.46422],[132.29874,43.45878],[132.28701,43.45487]],[[132.28879,43.37849],[132.28741,43.37747],[132.29573,43.37506],[132.30384,43.37471],[132.30898,43.36892],[132.31467,43.36762]],[[132.31467,43.36762],[132.31607,43.36756],[132.31601,43.36538],[132.31754,43.36478],[132.32357,43.37121],[132.32007,43.37155],[132.3144,43.36895],[132.31467,43.36762]],[[132.44092,44.20573],[132.45037,44.20294]],[[132.44482,43.31355],[132.44185,43.31096],[132.44381,43.30855],[132.44442,43.30506],[132.44667,43.30246],[132.451,43.30006],[132.45539,43.29288],[132.45642,43.28816],[132.45506,43.2878],[132.45456,43.28073],[132.45957,43.28092]],[[132.56759,44.35004],[132.56368,44.34733],[132.56816,44.34474],[132.56984,44.34627]],[[132.56984,44.34627],[132.57164,44.34795]],[[132.57549,44.34302],[132.56984,44.34627]],[[132.67316,42.86524],[132.66502,42.8611],[132.64152,42.86178],[132.63386,42.86097],[132.62583,42.86156],[132.62162,42.8636],[132.61286,42.86163],[132.60812,42.86446],[132.6035,42.86249],[132.60581,42.85408],[132.59977,42.85025],[132.58404,42.84937],[132.57611,42.85142],[132.57168,42.84954],[132.57029,42.84504]],[[132.57549,44.34302],[132.57788,44.34479]],[[132.5845,44.33748],[132.57549,44.34302]],[[132.6742,42.86708],[132.67482,42.86628],[132.67316,42.86524]],[[132.67316,42.86524],[132.67381,42.86182],[132.6799,42.86086],[132.68582,42.86184],[132.68692,42.86399],[132.69134,42.8632]],[[132.79963,44.58326],[132.79168,44.58965],[132.79397,44.59216],[132.79897,44.59433],[132.80864,44.6095],[132.82165,44.60545]],[[132.85268,42.78148],[132.84982,42.78048]],[[132.85205,42.78208],[132.84982,42.78048]],[[132.84982,42.78048],[132.84723,42.77993],[132.84652,42.7783],[132.85331,42.77011],[132.85516,42.77045],[132.85576,42.77854]],[[132.86297,42.79068],[132.85678,42.78991],[132.85704,42.7874],[132.8504,42.78362]],[[132.85056,42.82227],[132.85119,42.82215]],[[132.85057,42.80904],[132.85697,42.80401],[132.86636,42.80545]],[[132.85094,42.82244],[132.85119,42.82215]],[[132.85119,42.82215],[132.85132,42.82262]],[[132.85119,42.82215],[132.85296,42.82054],[132.85661,42.8205],[132.85972,42.81967],[132.8613,42.81966],[132.86206,42.81951],[132.86431,42.81895],[132.87369,42.82077],[132.87853,42.82003],[132.88687,42.82117]],[[132.85145,42.78264],[132.85154,42.78178]],[[132.85566,42.77895],[132.85576,42.77854]],[[132.85576,42.77854],[132.85612,42.77876]],[[132.86477,42.81218],[132.85729,42.81401],[132.85782,42.8158],[132.8561,42.81804],[132.8599,42.81823],[132.86146,42.81963]],[[132.86195,42.7876],[132.86157,42.78983],[132.86297,42.79068],[132.86859,42.79405]],[[132.86383,42.77758],[132.86504,42.77577],[132.86883,42.77525],[132.87119,42.77615],[132.87232,42.7795]],[[132.86477,42.81218],[132.86423,42.81062],[132.87224,42.80871]],[[132.87322,42.81101],[132.86477,42.81218]],[[132.86636,42.80545],[132.86576,42.80397],[132.87455,42.8018]],[[132.87454,42.80358],[132.86636,42.80545]],[[132.86859,42.79405],[132.86967,42.79401]],[[132.86917,42.79441],[132.86859,42.79405]],[[132.86929,42.79423],[132.86968,42.79435],[132.86931,42.79442]],[[132.86929,42.79423],[132.86936,42.79438],[132.86931,42.79442],[132.86917,42.79441],[132.86929,42.79423]],[[132.87174,42.77965],[132.87232,42.7795]],[[132.87234,42.78029],[132.87232,42.7795]],[[132.8769,42.83573],[132.87762,42.83568]],[[132.87762,42.83568],[132.87728,42.83596]],[[132.87877,42.83552],[132.87762,42.83568]],[[132.87877,42.83552],[132.87884,42.83604]],[[132.87877,42.83552],[132.87855,42.82838],[132.88051,42.82586],[132.887,42.82156]],[[132.87884,42.83604],[132.87922,42.83633]],[[132.87884,42.83604],[132.87861,42.83637],[132.87922,42.83633]],[[132.87973,42.8363],[132.87894,42.83663]],[[132.87922,42.83633],[132.87973,42.8363]],[[132.87973,42.8363],[132.88556,42.83586],[132.89846,42.8316]],[[132.89978,42.83381],[132.8965,42.83702],[132.88807,42.8407],[132.89022,42.84202],[132.88804,42.84569],[132.8856,42.84604],[132.8852,42.84622]],[[132.88595,42.846],[132.88585,42.84643]],[[132.88687,42.82117],[132.88741,42.82117]],[[132.887,42.82156],[132.88687,42.82117]],[[132.88746,42.82135],[132.887,42.82156]],[[132.89978,42.83381],[132.90794,42.83756]],[[132.90026,42.83333],[132.89978,42.83381]],[[132.90625,42.83622],[132.90747,42.83616]],[[132.90669,42.83628],[132.90687,42.83624]],[[132.90747,42.83616],[132.90696,42.83652]],[[132.92284,42.83918],[132.91025,42.83694],[132.90798,42.83618],[132.90782,42.83615],[132.90747,42.83616]],[[132.9185,42.84348],[132.9209,42.84299],[132.92284,42.83918]],[[132.92284,42.83918],[132.93603,42.84542]],[[132.93536,42.84534],[132.93542,42.84515]],[[133.04434,42.71875],[133.03967,42.7197],[133.02789,42.71914]],[[133.03046,43.96454],[133.03563,43.96837],[133.04839,43.9665],[133.0565,43.9669],[133.06456,43.96693]],[[133.04181,42.81594],[133.04532,42.81802]],[[133.04532,42.81802],[133.04587,42.82129],[133.04327,42.82426],[133.04309,42.82707],[133.03815,42.83427],[133.04085,42.84314],[133.04407,42.84581],[133.04201,42.85026],[133.02869,42.86175],[133.04377,42.86946],[133.04744,42.87525],[133.05292,42.87971],[133.06095,42.88282],[133.06775,42.89061],[133.07157,42.89305]],[[133.08275,42.76005],[133.08779,42.76686],[133.10365,42.7802],[133.10716,42.78169],[133.11184,42.78124],[133.11138,42.78367],[133.09899,42.79161],[133.09652,42.79686],[133.09232,42.80109],[133.06254,42.81282],[133.06007,42.8149],[133.04532,42.81802]],[[133.04572,43.95579],[133.05217,43.95678]],[[133.05217,43.95678],[133.05489,43.95703],[133.05658,43.95713],[133.05681,43.95715],[133.05746,43.95721],[133.05826,43.95727],[133.05862,43.95731],[133.05947,43.95737],[133.0597,43.95745],[133.06456,43.96693]],[[133.05217,43.95678],[133.05228,43.95624]],[[133.05681,43.95715],[133.0547,43.96679]],[[133.06456,43.96693],[133.06699,43.96669],[133.06815,43.96512],[133.06392,43.95912]],[[133.07157,42.89305],[133.06932,42.89513],[133.07259,42.89748]],[[133.07157,42.89305],[133.0824,42.88851],[133.08376,42.89002],[133.08365,42.89134],[133.07259,42.89748]],[[133.07259,42.89748],[133.07763,42.90194]],[[133.0772,42.90128],[133.07763,42.90109]],[[133.07943,42.89368],[133.0819,42.89693],[133.07835,42.89963],[133.07748,42.90164]],[[133.15511,43.13831],[133.14875,43.14501],[133.1426,43.14492],[133.1422,43.14341],[133.14106,43.14319],[133.13929,43.14481],[133.13572,43.14473],[133.13473,43.1512],[133.12377,43.14268],[133.12064,43.13615],[133.11617,43.13351],[133.11099,43.12852],[133.11367,43.12314],[133.11817,43.11762],[133.11944,43.1175]],[[133.2665,44.16471],[133.26045,44.16767]],[[133.26152,44.1595],[133.2665,44.16471]],[[133.26257,44.16995],[133.26566,44.16846],[133.2671,44.16772],[133.26863,44.16698],[133.27062,44.16599],[133.27153,44.16555],[133.27533,44.1637],[133.27838,44.16219]],[[133.26455,44.15802],[133.26945,44.16324]],[[133.2665,44.16471],[133.2675,44.16578],[133.26764,44.16593],[133.26863,44.16698],[133.269,44.16738],[133.26932,44.16775],[133.27433,44.17303]],[[133.26945,44.16324],[133.2665,44.16471]],[[133.26945,44.16324],[133.27035,44.16417]],[[133.27624,44.15988],[133.26945,44.16324]],[[133.27073,44.16467],[133.27035,44.16417]],[[133.27035,44.16417],[133.27093,44.16426],[133.27073,44.16467]],[[133.27073,44.16467],[133.27153,44.16555],[133.27192,44.166],[133.27457,44.16873],[133.27685,44.16973]],[[133.27624,44.15988],[133.27134,44.15469]],[[133.28142,44.16382],[133.27624,44.15988]],[[133.27624,44.15988],[133.28298,44.15647],[133.27798,44.15125]],[[133.28058,44.15394],[133.28122,44.15462]],[[133.37362,45.45942],[133.37353,45.45928]],[[133.3893,45.46387],[133.39167,45.46718]],[[133.39167,45.46718],[133.39833,45.47164],[133.40447,45.46506]],[[133.40253,45.46247],[133.39167,45.46718]],[[133.40447,45.46506],[133.40478,45.46434]],[[133.40528,45.4646],[133.40447,45.46506]],[[133.40481,45.46424],[133.40534,45.46411]],[[133.40528,45.46394],[133.40534,45.46411]],[[133.40534,45.46411],[133.4054,45.46456]],[[133.40534,45.46411],[133.40569,45.46409]],[[133.43744,45.48925],[133.42815,45.48323],[133.42948,45.48223],[133.41997,45.47786],[133.41563,45.47205],[133.42344,45.46866],[133.42519,45.46492]],[[133.5561,45.40589],[133.54817,45.40646],[133.53558,45.40025],[133.51809,45.4063],[133.51049,45.4063],[133.50212,45.40785],[133.48863,45.4128],[133.48394,45.41139],[133.4762,45.41619],[133.47192,45.42061],[133.46775,45.4287],[133.46117,45.43347],[133.45419,45.44533],[133.43586,45.45881],[133.43419,45.46555]],[[133.43744,45.48925],[133.43515,45.49097],[133.44307,45.49607],[133.45619,45.50189],[133.46145,45.50636],[133.46822,45.50927],[133.48033,45.5092],[133.48709,45.50756],[133.51463,45.5072],[133.543,45.51438],[133.55494,45.51595],[133.56631,45.51479],[133.56999,45.51826],[133.58165,45.51464],[133.59143,45.5152]],[[133.43744,45.48925],[133.4531,45.47807],[133.45113,45.4666]],[[133.45471,44.4496],[133.46038,44.45062],[133.47219,44.4458],[133.48314,44.44458],[133.48489,44.43155],[133.47998,44.42712],[133.47448,44.42668],[133.46238,44.42318],[133.45238,44.41778]],[[133.61298,45.82453],[133.61468,45.82337],[133.64345,45.82399],[133.64858,45.79613],[133.65442,45.7914],[133.67064,45.79374],[133.67196,45.79115],[133.67701,45.79139],[133.67756,45.79573],[133.68685,45.8025]],[[133.72321,45.87016],[133.69159,45.87004],[133.69111,45.86503],[133.67913,45.86516],[133.67252,45.86644],[133.66756,45.86964],[133.66205,45.86823],[133.66059,45.86996],[133.6495,45.87505],[133.63967,45.86007],[133.63975,45.85883],[133.6452,45.85797],[133.64693,45.85603],[133.64074,45.82408]],[[133.68685,45.8025],[133.68756,45.80212]],[[133.68923,45.80471],[133.68685,45.8025]],[[133.71275,45.93299],[133.70187,45.93814],[133.68815,45.94168]],[[133.69674,42.92308],[133.69129,42.91061],[133.69885,42.90634],[133.69941,42.90191],[133.69629,42.8997],[133.69566,42.89719],[133.70003,42.89222],[133.70037,42.88924],[133.69861,42.88433],[133.69968,42.88302],[133.6961,42.88027],[133.6978,42.87861],[133.69745,42.87757],[133.69496,42.87892],[133.68656,42.87801],[133.6851,42.87581],[133.68533,42.87071],[133.68816,42.86577],[133.69269,42.86214],[133.69778,42.85319],[133.69519,42.85034],[133.69508,42.84596],[133.69755,42.84271],[133.69575,42.83652],[133.71104,42.83019],[133.71328,42.82197],[133.72492,42.81897],[133.72509,42.81485],[133.72651,42.8124],[133.72338,42.81043],[133.72441,42.80951]],[[133.71275,45.93299],[133.71727,45.93358],[133.71829,45.93441],[133.71785,45.93614],[133.72295,45.93789],[133.72393,45.93631],[133.73131,45.93841],[133.73793,45.92956]],[[133.71275,45.93299],[133.70981,45.92988],[133.70887,45.92649],[133.71329,45.92543],[133.71951,45.92091]],[[133.73793,45.92956],[133.72696,45.92557],[133.71951,45.92091]],[[133.71951,45.92091],[133.73812,45.90048]],[[133.72735,45.93578],[133.73027,45.93203]],[[133.74662,45.93263],[133.73793,45.92956]],[[133.73793,45.92956],[133.74129,45.92489]],[[133.82067,43.78212],[133.82662,43.78532],[133.83672,43.78785],[133.84245,43.79158],[133.85058,43.79205],[133.85658,43.79418],[133.86722,43.81432],[133.8684,43.81864],[133.86707,43.82153],[133.86815,43.83136],[133.87463,43.83403],[133.87584,43.83703],[133.87458,43.84408],[133.87567,43.85117],[133.87315,43.86014],[133.87503,43.86532],[133.87321,43.86877],[133.87426,43.87055],[133.88212,43.87456],[133.89119,43.87605],[133.90292,43.88215],[133.90967,43.89359],[133.91667,43.89848],[133.93402,43.90195],[133.93922,43.90394]],[[133.85357,44.17629],[133.85395,44.18428],[133.85282,44.19197],[133.84375,44.20272],[133.84446,44.20778],[133.84167,44.2135],[133.8446,44.2312],[133.85027,44.2402]],[[133.85357,44.17629],[133.85896,44.17635],[133.86365,44.17471],[133.86917,44.17492],[133.89688,44.17882],[133.91153,44.17938],[133.915,44.19654],[133.91576,44.21477],[133.91395,44.21835],[133.86706,44.25111]],[[133.93922,43.90394],[133.94514,43.90728],[133.94468,43.91245],[133.94672,43.91811],[133.94582,43.92179],[133.94011,43.93037],[133.93484,43.93343],[133.92683,43.93461],[133.92304,43.93649],[133.91356,43.94521],[133.89975,43.95508],[133.89597,43.95883],[133.89432,43.96229],[133.89214,43.97275],[133.89563,43.98161],[133.89252,43.98687],[133.89213,43.99425],[133.89437,44.00831],[133.89281,44.01858],[133.89488,44.02917],[133.88367,44.04931],[133.88512,44.05485],[133.87579,44.0663],[133.86585,44.0717],[133.86431,44.07953],[133.86255,44.08201],[133.86228,44.08861],[133.85944,44.09428],[133.86322,44.10306],[133.86192,44.11727],[133.86398,44.14214],[133.86564,44.14785],[133.85367,44.168],[133.85357,44.17629]],[[133.8891,42.90853],[133.89582,42.91238],[133.90132,42.92098],[133.90992,42.93037]],[[134.90264,43.82324],[134.90116,43.82532],[134.87658,43.83008],[134.86471,43.84546],[134.86448,43.85015],[134.86191,43.85548],[134.85947,43.86581],[134.84749,43.88011],[134.84535,43.88894],[134.83782,43.90545],[134.83721,43.90884],[134.83403,43.91199],[134.84042,43.92547],[134.84043,43.92914],[134.83861,43.93431],[134.83439,43.93674],[134.83236,43.94081],[134.80799,43.94617],[134.79968,43.95071],[134.79401,43.95126],[134.78959,43.95607],[134.78727,43.95584],[134.78444,43.95752],[134.78105,43.95578],[134.76374,43.95842],[134.75312,43.95912],[134.7462,43.95822],[134.73126,43.96619],[134.72654,43.96528],[134.70607,43.96978],[134.69774,43.96858],[134.69231,43.96515],[134.67637,43.9636],[134.67332,43.96067],[134.66812,43.96114],[134.65632,43.95956],[134.64184,43.95282],[134.64038,43.94464],[134.6377,43.94105],[134.63269,43.93767],[134.62362,43.93609],[134.61062,43.92938],[134.60097,43.92981],[134.59438,43.92868],[134.58501,43.93021],[134.57923,43.92789],[134.57073,43.92922],[134.56702,43.92474],[134.55867,43.92],[134.55621,43.91983],[134.5543,43.91711],[134.54719,43.91371],[134.53952,43.91103],[134.5359,43.91085],[134.52782,43.90663],[134.5183,43.90478],[134.51176,43.90008],[134.49783,43.89616],[134.4918,43.8965],[134.48158,43.90052],[134.46534,43.89276],[134.45575,43.89205],[134.44258,43.89803],[134.43607,43.89797],[134.43642,43.89967],[134.43401,43.90103],[134.42653,43.90235],[134.42625,43.89893],[134.41626,43.89544],[134.41087,43.89896],[134.40278,43.90086],[134.3979,43.90347],[134.38669,43.90506],[134.38278,43.90854],[134.37274,43.91056],[134.36451,43.90871],[134.3531,43.90045],[134.34517,43.89855],[134.33969,43.89979],[134.33429,43.89769],[134.32935,43.89953],[134.3203,43.89795],[134.30936,43.89795],[134.30629,43.90011],[134.30075,43.90105],[134.29078,43.89682],[134.28483,43.89793],[134.28062,43.8964],[134.27386,43.89645],[134.26526,43.89899],[134.26163,43.90275],[134.25648,43.90373],[134.23514,43.9003],[134.22594,43.90415],[134.21895,43.9011],[134.21646,43.90125],[134.21623,43.89886],[134.2079,43.89342],[134.19817,43.89032],[134.19537,43.88812],[134.19362,43.88406],[134.19347,43.88039],[134.19739,43.87698],[134.19911,43.87387],[134.19935,43.86807],[134.19814,43.86382],[134.1846,43.85051],[134.17621,43.84666],[134.17385,43.84256],[134.16786,43.84091],[134.15922,43.84352],[134.15553,43.84252],[134.14976,43.84304],[134.14472,43.84088],[134.13893,43.8415],[134.13094,43.84042],[134.12228,43.8421],[134.1147,43.84647],[134.10814,43.84725],[134.106,43.85158],[134.10228,43.85185],[134.09563,43.85614],[134.08914,43.8642],[134.08762,43.8724],[134.08471,43.87898],[134.08108,43.87987],[134.06832,43.86964],[134.06861,43.85778],[134.06474,43.85282],[134.05835,43.84801],[134.04587,43.84765],[134.03263,43.84272],[134.02874,43.84358],[133.99922,43.83864],[133.99116,43.83796],[133.98197,43.8388],[133.97248,43.84219],[133.97098,43.84548],[133.97197,43.84678],[133.96665,43.85348],[133.9664,43.8576],[133.97286,43.86629],[133.97249,43.87165],[133.9683,43.87942],[133.96153,43.88534],[133.94822,43.89025],[133.94497,43.89308],[133.94197,43.9011],[133.93922,43.90394]],[[135.5618,46.74611],[135.55385,46.74807],[135.53188,46.74877],[135.52615,46.74538],[135.52738,46.74109],[135.52674,46.73982],[135.50338,46.72276],[135.47373,46.72309],[135.47233,46.72259],[135.4697,46.71818],[135.46501,46.71696],[135.45935,46.7184],[135.45476,46.72211],[135.45021,46.72349],[135.44887,46.7252],[135.44702,46.72483],[135.44614,46.72355],[135.45555,46.71547],[135.45439,46.7127],[135.45863,46.70673],[135.45704,46.70079],[135.45253,46.69646],[135.45551,46.69305],[135.45255,46.69127],[135.45397,46.68621],[135.45097,46.68555],[135.4541,46.68169],[135.4483,46.68135],[135.44349,46.68324],[135.44452,46.68075],[135.4416,46.67858],[135.44271,46.67615],[135.44653,46.67276],[135.43996,46.66536],[135.44182,46.66128],[135.44152,46.65913],[135.43611,46.65235],[135.42649,46.64521],[135.4264,46.64037],[135.42198,46.63787],[135.41805,46.63101],[135.42138,46.62261],[135.42053,46.61308],[135.41015,46.61595],[135.40372,46.61131],[135.3989,46.6094],[135.39637,46.60983],[135.39319,46.61792],[135.384,46.6219],[135.37958,46.6222],[135.37318,46.6267],[135.36628,46.62957],[135.36504,46.63231],[135.3602,46.63504],[135.34154,46.63648],[135.32363,46.64725],[135.31728,46.64901],[135.3051,46.65552],[135.29998,46.66521],[135.28543,46.67469],[135.28102,46.67631],[135.27483,46.68243],[135.26776,46.68093],[135.25812,46.68195],[135.25593,46.6808],[135.24547,46.6838],[135.23205,46.68513],[135.2275,46.68306],[135.22281,46.6871],[135.206,46.69412],[135.19594,46.69353],[135.19357,46.6911],[135.187,46.69141],[135.18394,46.68936],[135.17623,46.69069],[135.16138,46.68898],[135.15395,46.68621],[135.14941,46.68659],[135.14567,46.68833],[135.14272,46.68723],[135.13661,46.68745],[135.12848,46.68937],[135.03838,46.67705],[135.02811,46.67773],[135.0089,46.67632],[134.98277,46.66265],[134.96407,46.6557],[134.95862,46.65534],[134.95867,46.64829],[134.94554,46.64139],[134.93958,46.64054],[134.93624,46.63843],[134.93758,46.6351],[134.9409,46.63255],[134.94114,46.62867],[134.93973,46.62679],[134.92364,46.6197],[134.92092,46.61711],[134.9148,46.61437],[134.91326,46.61186],[134.90594,46.60712],[134.88956,46.60261],[134.88744,46.59502],[134.88469,46.59181],[134.8796,46.58996],[134.87506,46.58488],[134.87497,46.58194],[134.88325,46.58142],[134.89299,46.57745],[134.89689,46.57126],[134.90143,46.56681],[134.90189,46.56342],[134.9004,46.56248],[134.87489,46.56332],[134.87047,46.56136],[134.86001,46.55994],[134.85162,46.561],[134.83712,46.5577],[134.73732,46.57898],[134.73198,46.57806],[134.69572,46.57764],[134.67394,46.56616],[134.67238,46.56214],[134.66858,46.56482],[134.66361,46.56574],[134.66324,46.56758],[134.65751,46.5677],[134.63633,46.56379],[134.62983,46.56663],[134.61587,46.56136],[134.59422,46.55768],[134.58092,46.55725],[134.57773,46.55816],[134.56402,46.55574],[134.55213,46.55582],[134.54591,46.55255],[134.5375,46.55014],[134.5333,46.55026],[134.52488,46.54465],[134.5049,46.54305],[134.49565,46.53662],[134.49112,46.52655],[134.48521,46.52219],[134.45376,46.51638],[134.44051,46.51732],[134.43094,46.52058],[134.4235,46.53487],[134.42142,46.53621],[134.40785,46.53609],[134.38981,46.53776],[134.3747,46.53295],[134.37251,46.53644],[134.37371,46.54066],[134.37324,46.54333],[134.36357,46.55386],[134.3566,46.55844],[134.33579,46.55321],[134.31354,46.54004],[134.28984,46.53836],[134.27788,46.54148],[134.27105,46.53742]],[[134.29804,46.4481],[134.30364,46.44544],[134.29811,46.44815]],[[134.90333,45.90072],[134.86824,45.89546]],[[134.87595,45.91293],[134.89521,45.90896],[134.89821,45.90655],[134.90061,45.90226],[134.90333,45.90072]],[[136.21155,44.83637],[136.207,44.83514],[136.19686,44.83709],[136.19151,44.83656],[136.18237,44.83922],[136.15954,44.84136],[136.14406,44.835],[136.11548,44.83152],[136.11369,44.83198],[136.11562,44.83474],[136.11511,44.83576],[136.10179,44.84442],[136.08975,44.84992],[136.07447,44.86775],[136.07156,44.87848],[136.07437,44.88227],[136.07412,44.88409],[136.06367,44.8996],[136.05432,44.90917],[136.05164,44.91573],[136.04203,44.92212],[136.03898,44.92637],[136.02412,44.93473],[136.01442,44.9379],[136.00438,44.93866],[135.99801,44.94298],[135.9876,44.94649],[135.98685,44.94913],[135.97791,44.9575],[135.97764,44.96542],[135.97039,44.97156],[135.96791,44.97777],[135.95743,44.98844],[135.94722,45.0033],[135.94247,45.00412],[135.93965,45.0063],[135.93996,45.00752],[135.9446,45.00896],[135.94296,45.01721],[135.93489,45.02325],[135.93385,45.02755],[135.92418,45.04456],[135.91939,45.04805],[135.9188,45.05076],[135.91346,45.05644],[135.90897,45.05941],[135.89892,45.06256],[135.89423,45.06615],[135.88127,45.07977],[135.87982,45.08304],[135.88027,45.08885],[135.878,45.09492],[135.87301,45.10138],[135.86525,45.10788],[135.85487,45.11354],[135.85409,45.11302],[135.85506,45.11131],[135.84346,45.10639],[135.83886,45.10633],[135.82936,45.11099],[135.81479,45.10836],[135.8077,45.10544],[135.80674,45.10676],[135.80723,45.10932],[135.80191,45.11067],[135.79535,45.11742],[135.78903,45.11827],[135.76721,45.11494],[135.76199,45.11282],[135.75759,45.1091],[135.73339,45.11319],[135.72632,45.12241],[135.72227,45.12407],[135.7183,45.12936],[135.71241,45.1294],[135.70873,45.13124],[135.70721,45.13559],[135.7122,45.13937],[135.712,45.14261],[135.70385,45.14723],[135.69989,45.15091],[135.69172,45.1637],[135.68471,45.16822],[135.67885,45.17001],[135.67535,45.1734],[135.67456,45.17894],[135.66903,45.19547],[135.67052,45.20502],[135.68612,45.21252],[135.69696,45.22279],[135.69813,45.22743],[135.71352,45.24157],[135.71387,45.24373],[135.70918,45.24951],[135.71025,45.25157],[135.72794,45.25771],[135.73294,45.25777],[135.747,45.25181],[135.75444,45.25358],[135.75791,45.26194],[135.77347,45.2686],[135.78007,45.27499],[135.78304,45.28161],[135.77679,45.28718],[135.77466,45.29384],[135.77226,45.29718],[135.76615,45.30209],[135.7653,45.30552],[135.76913,45.3182],[135.76829,45.32995],[135.76971,45.33353],[135.77115,45.34773],[135.77051,45.35281],[135.76741,45.35402],[135.75761,45.35452],[135.73839,45.36101],[135.73106,45.36563],[135.72384,45.36783],[135.72209,45.37054],[135.7077,45.38093],[135.70223,45.38251],[135.70055,45.38483],[135.68681,45.39328],[135.67519,45.40559],[135.66288,45.41293],[135.65732,45.41493],[135.63815,45.42809],[135.63364,45.42986],[135.62861,45.43132],[135.61973,45.43098],[135.61195,45.43364],[135.60808,45.43121],[135.59942,45.42861],[135.59635,45.42562],[135.58215,45.42901],[135.57802,45.42757],[135.57618,45.42526],[135.57394,45.42498],[135.5528,45.43635],[135.53569,45.43429],[135.53202,45.43291],[135.52291,45.43525],[135.51633,45.43354],[135.50887,45.43599],[135.50757,45.43739],[135.50174,45.43752],[135.49971,45.43931],[135.49117,45.44168],[135.47899,45.44294],[135.47512,45.44066],[135.47016,45.44405],[135.46668,45.44424],[135.46768,45.44644],[135.46729,45.44909],[135.45974,45.4529],[135.45795,45.45541],[135.45562,45.45549],[135.45536,45.45876],[135.44953,45.46397],[135.43128,45.46656],[135.41548,45.47391],[135.4083,45.47331],[135.39309,45.47558],[135.39317,45.47891],[135.38898,45.48057],[135.38269,45.4861],[135.38004,45.48611],[135.38102,45.4887],[135.37648,45.49143],[135.36908,45.49269],[135.36895,45.49384],[135.37747,45.4959],[135.3774,45.49955],[135.36844,45.50838],[135.36356,45.51052],[135.3579,45.51616],[135.35544,45.52641],[135.35655,45.52983],[135.35348,45.53602],[135.35387,45.53941],[135.34474,45.54664],[135.33798,45.54804],[135.32534,45.5377],[135.30854,45.53378],[135.30554,45.53426],[135.30448,45.54057],[135.30321,45.53653],[135.29989,45.53673],[135.29787,45.53844],[135.29529,45.5409],[135.29493,45.54323],[135.29201,45.54413],[135.28956,45.54921],[135.28418,45.55456],[135.27811,45.55457],[135.27029,45.55071],[135.26715,45.54778],[135.26095,45.55066],[135.25295,45.55178],[135.24608,45.54938],[135.23919,45.55154],[135.23823,45.55393],[135.23562,45.55561],[135.23126,45.55535],[135.2305,45.55734],[135.22817,45.55827],[135.22429,45.55677],[135.22136,45.55709],[135.22299,45.56119],[135.22205,45.56265],[135.22627,45.56364],[135.22766,45.56642],[135.21765,45.5816],[135.21614,45.58616],[135.21945,45.59317],[135.21879,45.60128],[135.21644,45.60565],[135.21794,45.61474],[135.1922,45.62635],[135.19178,45.63114],[135.19557,45.64201],[135.2109,45.65567],[135.22193,45.67766],[135.22198,45.68162],[135.22078,45.68519],[135.20513,45.69116],[135.20003,45.69116],[135.19574,45.68941],[135.19083,45.69281],[135.19103,45.69538],[135.18606,45.69937],[135.18505,45.7073],[135.18358,45.71072],[135.17932,45.71503],[135.17692,45.72319],[135.17543,45.72467],[135.17058,45.726],[135.17214,45.72808],[135.16965,45.73223],[135.16908,45.7373],[135.16542,45.73961],[135.16404,45.74253],[135.15428,45.74879],[135.15251,45.75081],[135.15269,45.75259],[135.14847,45.75428],[135.14761,45.7579],[135.15171,45.76228],[135.1577,45.772],[135.15925,45.78218],[135.14806,45.78515],[135.13757,45.78348],[135.13033,45.79084],[135.12743,45.79188],[135.10806,45.79303],[135.10604,45.79458],[135.0963,45.7936],[135.08454,45.79968],[135.08291,45.79962],[135.07915,45.79623],[135.06366,45.80017],[135.0579,45.8035],[135.05718,45.80585],[135.05252,45.80945],[135.04194,45.81365],[135.03179,45.81595],[135.02745,45.81899],[135.02139,45.82119],[135.01186,45.82261],[135.00508,45.81936],[134.98832,45.82004],[134.9835,45.81841],[134.9583,45.82259],[134.94365,45.83437],[134.93314,45.84009],[134.92802,45.84154],[134.91698,45.85293],[134.91108,45.85537],[134.9021,45.86301],[134.89956,45.86734],[134.88928,45.87691],[134.88991,45.87851],[134.89321,45.88066],[134.90052,45.88295],[134.90531,45.88609],[134.90729,45.89085],[134.90643,45.89439],[134.90721,45.8978],[134.90333,45.90072]],[[135.04886,44.25979],[135.05116,44.27134],[135.0566,44.27246]],[[135.05502,44.29806],[135.05456,44.29243],[135.05698,44.27948],[135.0566,44.27246]],[[135.05652,44.27181],[135.0559,44.27192]],[[135.05699,44.25689],[135.05639,44.25679]],[[135.0566,44.27246],[135.05656,44.27223],[135.05652,44.27181],[135.05631,44.27024],[135.05631,44.26981],[135.05825,44.26708],[135.05699,44.25689]],[[135.05699,44.25689],[135.05679,44.25662]],[[135.05708,44.25651],[135.05699,44.25689]],[[135.10281,44.24528],[135.09866,44.24422],[135.07858,44.24866],[135.07058,44.2494],[135.06516,44.25193]],[[135.10324,44.24561],[135.10281,44.24528]],[[135.10324,44.24561],[135.0995,44.24731],[135.10281,44.24528]],[[135.10281,44.24528],[135.1057,44.24457],[135.10324,44.24561]],[[135.10657,44.25899],[135.10601,44.25756],[135.10742,44.25556],[135.10768,44.25207],[135.10324,44.24561]],[[135.27483,43.74781],[135.28099,43.75621],[135.28593,43.7557],[135.28734,43.75423],[135.29354,43.75232],[135.29535,43.75463],[135.29614,43.75898],[135.29873,43.75666],[135.30484,43.75876],[135.31019,43.75556],[135.31351,43.75572]],[[135.28267,43.74496],[135.28894,43.74584],[135.28919,43.74751],[135.29349,43.74578]],[[135.60737,46.97814],[135.59939,46.96578],[135.58895,46.95411],[135.58217,46.94212],[135.56749,46.92036],[135.56423,46.90905],[135.56064,46.8782],[135.55496,46.87085],[135.5456,46.86468],[135.54569,46.86146],[135.56826,46.81665],[135.56966,46.81041],[135.57045,46.79681],[135.57503,46.78175],[135.56953,46.77365],[135.56904,46.76997],[135.57067,46.76447],[135.57038,46.76193],[135.56182,46.75278],[135.56171,46.75094],[135.56172,46.7494],[135.5618,46.74611],[135.56186,46.74419],[135.56191,46.74156],[135.56177,46.7391],[135.55945,46.73448],[135.55391,46.72875],[135.53736,46.68562],[135.51684,46.66153]],[[135.54805,44.54268],[135.55149,44.54254],[135.55938,44.54615],[135.56517,44.54982],[135.56432,44.55083]],[[135.54872,44.54314],[135.55009,44.54763],[135.55357,44.54992],[135.55397,44.54996],[135.5541,44.54994],[135.55425,44.54991],[135.55433,44.54989],[135.55448,44.54985]],[[135.55425,44.54991],[135.5544,44.54975]],[[135.55461,44.54984],[135.5671,44.55598],[135.56836,44.5543]],[[135.55505,44.54987],[135.55465,44.54973]],[[135.56812,44.55471],[135.56875,44.5548]],[[135.79848,44.36381],[135.79133,44.35974],[135.79359,44.3569],[135.80516,44.34871],[135.80881,44.35067],[135.81647,44.34999]],[[136.61406,45.04851],[136.61563,45.04999],[136.62031,45.04798],[136.62627,45.04501],[136.62816,45.04325],[136.62751,45.04228]],[[131.9176,43.11361],[131.91764,43.1138],[131.9175,43.11384],[131.91742,43.11383],[131.91739,43.11381],[131.91735,43.11377],[131.9174,43.11361],[131.91744,43.11359],[131.91749,43.11359],[131.9176,43.11361]],[[135.5546,44.54968],[135.55464,44.54982],[135.55442,44.54981],[135.55444,44.5497],[135.5546,44.54968]]]}},{"type":"Feature","properties":{"roadClass":"tertiary"},"geometry":{"type":"MultiLineString","coordinates":[[[130.64412,42.44256],[130.64229,42.4428],[130.64191,42.44109],[130.63817,42.43791],[130.64111,42.43527],[130.64201,42.431],[130.64506,42.42741],[130.64617,42.4215],[130.64545,42.41986],[130.64294,42.41927],[130.6435,42.41865]],[[130.65396,42.4315],[130.65453,42.42918],[130.65123,42.42626],[130.65184,42.42253],[130.64661,42.42007]],[[130.70261,42.55863],[130.7187,42.56284],[130.72906,42.56276],[130.73515,42.57109],[130.75382,42.57582],[130.76235,42.58061],[130.76724,42.58137],[130.77167,42.58033],[130.77004,42.58794],[130.77071,42.59402]],[[130.76892,42.58112],[130.77053,42.58535]],[[130.76976,42.58465],[130.76892,42.58994],[130.77045,42.59362],[130.76988,42.59644],[130.77037,42.59863],[130.77347,42.60213]],[[130.78135,42.61517],[130.77595,42.60697],[130.77317,42.60468],[130.77166,42.6002]],[[130.77823,42.71635],[130.77433,42.71588],[130.77183,42.71406]],[[130.77336,42.72309],[130.77584,42.73155],[130.77581,42.73691],[130.78091,42.7443],[130.78128,42.74658],[130.77979,42.74945],[130.78439,42.75363],[130.78627,42.75826]],[[130.78072,42.61536],[130.78823,42.62366]],[[130.78876,42.62378],[130.78404,42.61887]],[[130.7905,42.62609],[130.78823,42.62366]],[[130.78823,42.62366],[130.78917,42.62508],[130.7958,42.63297]],[[130.79278,42.62877],[130.79024,42.62617]],[[130.79427,42.63109],[130.79321,42.62909]],[[130.80557,42.64978],[130.79788,42.65199]],[[130.80732,42.65965],[130.81086,42.65999],[130.81129,42.66241],[130.81601,42.66361],[130.81889,42.66246],[130.81961,42.65924]],[[130.91395,42.72058],[130.90985,42.71618],[130.9114,42.7125],[130.90784,42.70715],[130.90664,42.69431],[130.92094,42.69336]],[[131.06175,42.65004],[131.061,42.65102]],[[131.12947,42.64437],[131.12825,42.64357],[131.12662,42.6395],[131.12822,42.63891]],[[131.12902,42.64406],[131.13578,42.64085],[131.13758,42.642]],[[131.13578,42.64085],[131.13549,42.63936],[131.13176,42.63729],[131.13174,42.63633],[131.13469,42.63586],[131.13847,42.63311],[131.14028,42.628],[131.14586,42.62653],[131.14991,42.62],[131.15455,42.61732],[131.15929,42.61575],[131.16177,42.61606],[131.15995,42.61206],[131.1648,42.60666],[131.16671,42.60665],[131.16727,42.60776],[131.17184,42.60525],[131.17315,42.60611],[131.17812,42.60522],[131.18176,42.60598],[131.18631,42.603],[131.1852,42.60125],[131.18569,42.59904],[131.18791,42.59886],[131.19234,42.59614],[131.19321,42.59435],[131.20168,42.59478],[131.20229,42.59412],[131.20125,42.59235],[131.20519,42.59148],[131.20388,42.59005],[131.2044,42.58573],[131.2052,42.58408],[131.20591,42.58537],[131.20674,42.58357],[131.20484,42.58067],[131.20974,42.57733],[131.20607,42.57844],[131.20327,42.57718],[131.20685,42.57696],[131.20754,42.57599],[131.20684,42.57298],[131.20619,42.57339],[131.20515,42.57113],[131.20704,42.57067],[131.20685,42.56823],[131.20831,42.56668],[131.20834,42.5632],[131.20695,42.56341],[131.20825,42.5613],[131.21025,42.56181],[131.21541,42.55777],[131.21791,42.55719]],[[131.15079,44.95551],[131.14785,44.95142],[131.14948,44.94442],[131.14875,44.94372]],[[131.21998,42.82123],[131.22287,42.82007]],[[131.22287,42.82007],[131.22501,42.82181]],[[131.24737,42.79295],[131.24632,42.79448],[131.24689,42.79635],[131.24571,42.79781],[131.2449,42.8051],[131.24238,42.81175],[131.24346,42.81304],[131.23656,42.81672],[131.22939,42.81677],[131.22287,42.82007]],[[131.31122,43.90009],[131.31424,43.89021]],[[131.41058,44.35968],[131.38579,44.34284],[131.37729,44.3427],[131.35508,44.31848],[131.35201,44.30364],[131.34919,44.30105],[131.35188,44.29788],[131.35396,44.29111],[131.35254,44.28604],[131.35311,44.28165],[131.35599,44.27627],[131.35569,44.27311],[131.352,44.26473],[131.35691,44.25211],[131.35414,44.2461],[131.36215,44.23916],[131.3595,44.23763],[131.35915,44.23579]],[[131.36547,44.40772],[131.36037,44.40842]],[[131.36249,43.87737],[131.36535,43.88104],[131.36534,43.88711]],[[131.4846,43.18102],[131.48432,43.18488],[131.46898,43.19749],[131.46668,43.20179],[131.46022,43.20521],[131.45219,43.20619],[131.44687,43.20913],[131.42038,43.22487],[131.42072,43.22781],[131.41744,43.23078],[131.41279,43.2316],[131.40291,43.23718],[131.39669,43.23796],[131.38377,43.23641],[131.37748,43.23354]],[[131.37943,42.87399],[131.37549,42.88045],[131.37369,42.88796],[131.37538,42.89418],[131.37522,42.9007],[131.37777,42.90394],[131.38388,42.90591],[131.38647,42.90551]],[[131.38523,44.03527],[131.38432,44.03247],[131.38143,44.02917],[131.37627,44.02521],[131.38272,44.01914],[131.38193,44.01806],[131.38446,44.01153],[131.3843,44.00729]],[[131.38841,42.85665],[131.38709,42.85225],[131.3899,42.8465],[131.38788,42.84395],[131.38511,42.84325]],[[131.38841,42.85665],[131.38709,42.85684],[131.3832,42.86115],[131.38643,42.86351]],[[131.39203,42.86205],[131.39119,42.85909],[131.38841,42.85665]],[[131.46138,44.3714],[131.45176,44.36912],[131.44594,44.37111],[131.44295,44.37496],[131.43958,44.37761],[131.43848,44.37846],[131.43565,44.38056],[131.43323,44.38241],[131.43022,44.3842],[131.42407,44.38732],[131.41116,44.39128],[131.39019,44.40141]],[[131.3931,42.86195],[131.39499,42.85686],[131.39919,42.85613],[131.39755,42.85993],[131.39902,42.86271],[131.39814,42.86442],[131.40073,42.86602],[131.40793,42.86233],[131.42268,42.86445],[131.42717,42.86845],[131.43254,42.86609],[131.4368,42.86949],[131.43963,42.86941],[131.4417,42.87349],[131.44339,42.87442],[131.44864,42.87452],[131.45417,42.87812],[131.46498,42.8815],[131.46835,42.88128]],[[131.40998,44.03111],[131.41431,44.03176],[131.41553,44.0486],[131.41427,44.05673],[131.41196,44.05991],[131.40755,44.06201],[131.40101,44.06871],[131.40343,44.07103],[131.39686,44.07722],[131.389,44.07694],[131.38535,44.08489],[131.38028,44.08977],[131.41753,44.08371],[131.41831,44.0788],[131.41687,44.07027],[131.41792,44.06699],[131.41445,44.05638]],[[131.67118,44.67056],[131.66348,44.6713],[131.65822,44.66839],[131.65156,44.6678],[131.64139,44.67614],[131.63556,44.68901],[131.63393,44.69057],[131.61446,44.6973],[131.60947,44.69754],[131.60216,44.70206],[131.60025,44.70586],[131.59573,44.71019],[131.5931,44.71107],[131.5897,44.71053],[131.58917,44.71358],[131.58728,44.71435],[131.57644,44.70868],[131.568,44.7116],[131.565,44.71137],[131.56118,44.71587],[131.54745,44.7198],[131.50603,44.70738],[131.47812,44.70248],[131.46963,44.70365],[131.46041,44.7117],[131.44327,44.72007],[131.4346,44.72902],[131.42904,44.74106],[131.4297,44.74658],[131.42823,44.74962],[131.43041,44.75135],[131.4297,44.75632],[131.42604,44.75779],[131.4229,44.76086]],[[131.43951,44.37767],[131.43651,44.37501]],[[131.44525,44.35249],[131.44778,44.35849],[131.45147,44.36215],[131.45685,44.36618],[131.46126,44.36637],[131.46138,44.3714]],[[131.64854,43.84092],[131.64959,43.83669],[131.65124,43.83488],[131.65093,43.82786],[131.64402,43.82561],[131.6307,43.82777],[131.62376,43.82338],[131.62404,43.81725],[131.62165,43.81296],[131.61705,43.80948],[131.59422,43.80087],[131.57523,43.7977],[131.56653,43.7948],[131.55764,43.79447],[131.54455,43.7891],[131.53466,43.78711],[131.52831,43.78338],[131.50343,43.7786],[131.49661,43.77579],[131.4923,43.77121],[131.47482,43.76361],[131.47015,43.76218],[131.46424,43.76241],[131.4551,43.76071],[131.45457,43.7602],[131.45648,43.75809],[131.45954,43.75683],[131.45291,43.75225],[131.45308,43.7506],[131.4573,43.74842],[131.45555,43.74624]],[[131.46138,44.3714],[131.46602,44.37192],[131.46583,44.37361],[131.46888,44.37698],[131.46896,44.37914],[131.48174,44.38083],[131.49161,44.38954],[131.49844,44.39189],[131.50923,44.39987],[131.51376,44.40051],[131.5317,44.40769],[131.53475,44.40309],[131.53556,44.39839],[131.53683,44.39825]],[[131.50128,43.19325],[131.4827,43.20082],[131.47871,43.20095]],[[131.48636,42.97597],[131.48785,42.97278],[131.48736,42.96802],[131.49219,42.96619],[131.49024,42.96321]],[[131.49155,42.96465],[131.49906,42.96127],[131.50055,42.95656]],[[131.51089,43.9432],[131.51588,43.94218],[131.52147,43.93802],[131.54274,43.93477],[131.55549,43.92968],[131.58962,43.91381],[131.63671,43.88718]],[[131.54157,43.2349],[131.5411,43.23941],[131.52652,43.24312]],[[131.52798,43.87023],[131.52808,43.87038]],[[131.53408,44.59949],[131.5302,44.5959]],[[131.5725,43.87224],[131.56278,43.87008],[131.55734,43.87017],[131.55413,43.86794],[131.54998,43.86276],[131.52866,43.86955],[131.52836,43.86973],[131.52791,43.87031],[131.53168,43.87388],[131.53392,43.87877],[131.53286,43.88537]],[[131.53683,44.39825],[131.55245,44.40074],[131.56021,44.40012],[131.56218,44.4016],[131.56787,44.40195],[131.57277,44.40015],[131.58207,44.40059],[131.5887,44.3979],[131.60154,44.40051]],[[131.53683,44.39825],[131.54205,44.40555],[131.54404,44.41359],[131.55933,44.42044],[131.5681,44.43424],[131.56168,44.44586],[131.564,44.4517],[131.56531,44.45983],[131.56879,44.46478],[131.58594,44.48052],[131.57733,44.48928]],[[131.53949,43.23126],[131.53816,43.23299],[131.53971,43.23484],[131.54394,43.23451],[131.54562,43.23287]],[[131.54051,44.35581],[131.53932,44.3583],[131.53909,44.36554],[131.54568,44.3661],[131.55135,44.36953],[131.55563,44.36981],[131.56088,44.37201],[131.56173,44.3738],[131.56131,44.37712],[131.56301,44.38052],[131.56213,44.38359]],[[131.54709,43.23286],[131.54556,43.23351]],[[131.55557,44.11736],[131.55307,44.12533]],[[131.71259,44.11456],[131.6845,44.11765],[131.66389,44.12186],[131.65604,44.11511],[131.64984,44.1172],[131.64237,44.12452],[131.63406,44.12635],[131.62711,44.12591],[131.61209,44.12906],[131.60724,44.12829],[131.59718,44.12358],[131.58887,44.12451],[131.58323,44.12653],[131.57729,44.12687],[131.57028,44.12553],[131.56732,44.12439],[131.5655,44.12077],[131.55557,44.11736]],[[131.55557,44.11736],[131.56275,44.10317],[131.56703,44.0984],[131.56721,44.09478],[131.58411,44.09316],[131.58223,44.07772]],[[131.73804,44.92539],[131.7326,44.92658],[131.72651,44.93225],[131.71787,44.93631],[131.69634,44.93807],[131.69009,44.93404],[131.67721,44.93061],[131.67367,44.93111],[131.64367,44.92609],[131.63238,44.92006],[131.6259,44.92114],[131.62047,44.92065],[131.61759,44.91699],[131.60826,44.90985],[131.59266,44.90371],[131.58748,44.88747],[131.57939,44.87244]],[[131.60493,43.29307],[131.60967,43.29159],[131.6144,43.2922],[131.62436,43.2878],[131.64282,43.28785],[131.65745,43.28412],[131.66974,43.28402],[131.66959,43.28789],[131.67529,43.29061],[131.69722,43.28697],[131.7007,43.28912],[131.70543,43.28882],[131.71071,43.29253],[131.72055,43.29509],[131.72487,43.29564],[131.72536,43.29488],[131.73958,43.29843],[131.74359,43.29757],[131.7454,43.29821],[131.74644,43.30107],[131.74786,43.30196],[131.74845,43.30676],[131.75515,43.31228],[131.75382,43.31733],[131.75642,43.32359],[131.75333,43.32875],[131.75538,43.33403],[131.74889,43.34766],[131.74131,43.35009],[131.73552,43.35346],[131.73017,43.36338]],[[131.63546,44.05289],[131.63551,44.05115],[131.64891,44.0406],[131.66473,44.03176],[131.66805,44.02867],[131.67191,44.01501],[131.67137,44.00362],[131.67809,43.99131],[131.67572,43.98953],[131.67886,43.98733],[131.68386,43.97808]],[[131.63587,44.30579],[131.64649,44.30555],[131.64853,44.3064]],[[131.66824,43.97078],[131.65516,43.96585],[131.64215,43.95909],[131.64013,43.95549]],[[131.65073,43.7539],[131.66648,43.75324],[131.67073,43.7564],[131.67332,43.76041],[131.69054,43.7728]],[[131.65186,43.95318],[131.65295,43.94756]],[[131.66398,43.83941],[131.66356,43.84609],[131.65829,43.85427],[131.65809,43.86157]],[[131.66549,43.97608],[131.66824,43.97078]],[[131.74971,43.4191],[131.74314,43.41968],[131.74285,43.42238],[131.74113,43.42318],[131.73732,43.4205],[131.7274,43.41901],[131.70292,43.42269],[131.70188,43.42256],[131.70266,43.42037],[131.70103,43.41785],[131.69301,43.41484],[131.69296,43.41186],[131.68198,43.41184],[131.67025,43.40919],[131.6656,43.40964],[131.66795,43.41177],[131.66751,43.41274]],[[131.66824,43.97078],[131.68023,43.9741],[131.68386,43.97808]],[[131.68123,44.69658],[131.68556,44.69443],[131.69966,44.69078]],[[131.68386,43.97808],[131.68585,43.98054],[131.68591,43.98447],[131.70553,44.01309],[131.71163,44.01995],[131.71299,44.02895],[131.71218,44.04328],[131.70765,44.05315]],[[131.69054,43.7728],[131.69726,43.78004],[131.71986,43.79295],[131.75385,43.80499],[131.75598,43.81035],[131.771,43.81266],[131.79406,43.80706],[131.80424,43.80816]],[[131.69054,43.7728],[131.69216,43.75991],[131.69143,43.74806],[131.69442,43.73606],[131.69957,43.73107],[131.6952,43.72592],[131.69284,43.72466],[131.68219,43.72367],[131.67785,43.72151],[131.67424,43.71569],[131.66908,43.7128],[131.66876,43.71049],[131.67057,43.69836],[131.67334,43.69682],[131.67423,43.69329],[131.68795,43.68947],[131.70243,43.69021],[131.71094,43.68803],[131.71319,43.68276],[131.70928,43.67803],[131.70873,43.6753],[131.69909,43.66584],[131.69961,43.6621]],[[131.69113,44.14981],[131.69491,44.15214],[131.70684,44.15301]],[[131.69113,44.14981],[131.68412,44.1601],[131.68298,44.16986],[131.70265,44.17557]],[[131.70522,44.1281],[131.69503,44.13812],[131.6943,44.14462],[131.69113,44.14981]],[[131.7156,44.57036],[131.7438,44.58167],[131.72968,44.59145],[131.71692,44.59463],[131.71748,44.59696],[131.71548,44.59952],[131.70968,44.59829],[131.69347,44.59919]],[[131.83059,44.34733],[131.82841,44.34314],[131.83683,44.32898],[131.8479,44.31412],[131.84705,44.31002],[131.83935,44.30376],[131.83201,44.28216],[131.83581,44.24241],[131.81428,44.23778],[131.79245,44.23744],[131.78404,44.23548],[131.78078,44.22937],[131.77947,44.22251],[131.77467,44.21866],[131.74723,44.17115],[131.74566,44.16503],[131.74704,44.15926],[131.73219,44.16061],[131.72877,44.16261],[131.72173,44.18446],[131.72293,44.19976]],[[131.73258,43.95022],[131.72519,43.91491]],[[131.72638,44.10112],[131.7445,44.10426],[131.74907,44.10415],[131.75098,44.1007],[131.76413,44.10165],[131.76996,44.09853],[131.77402,44.08835]],[[131.79249,44.0951],[131.77523,44.08866],[131.77472,44.08849],[131.77174,44.08785],[131.77529,44.07853],[131.77076,44.07756],[131.74563,44.06462]],[[131.7564,42.9882],[131.76237,42.99098],[131.77263,42.99039],[131.77511,42.98909],[131.78278,42.99051],[131.7935,42.98832],[131.80924,42.99347],[131.81201,42.99233]],[[131.79977,43.759],[131.79445,43.76115],[131.78158,43.7607],[131.77419,43.76239],[131.7686,43.76526],[131.7641,43.76622],[131.76089,43.76564]],[[131.76202,44.45063],[131.76776,44.45045],[131.77295,44.44667],[131.77929,44.44416],[131.78719,44.44695],[131.81367,44.44803],[131.82943,44.4536],[131.85745,44.46028],[131.87268,44.45836]],[[131.78577,45.00165],[131.78721,44.99955],[131.78405,44.99338],[131.77885,44.9897],[131.77408,44.98036],[131.77219,44.97374],[131.77421,44.97168],[131.77406,44.96949],[131.77078,44.96851],[131.76959,44.96625]],[[131.77523,44.08866],[131.78136,44.0754]],[[131.77746,43.96978],[131.79437,43.9725],[131.81733,43.97429]],[[131.81681,43.49693],[131.81501,43.49373],[131.81141,43.49111],[131.80068,43.49031],[131.79666,43.48422],[131.79148,43.48011],[131.79205,43.47308],[131.7853,43.47005],[131.7828,43.46711],[131.78202,43.46568],[131.7837,43.46366]],[[131.79391,43.01325],[131.79598,43.01055],[131.79279,43.00735],[131.79589,43.0063],[131.79697,43.00475],[131.80381,43.00373],[131.80527,43.00123],[131.81187,42.99881],[131.81401,42.99562],[131.81201,42.99233]],[[131.86071,45.16542],[131.83543,45.16855],[131.83116,45.1703],[131.82239,45.17666],[131.81523,45.17731],[131.80535,45.18029],[131.79668,45.18043]],[[131.80888,43.51377],[131.80043,43.51398],[131.79819,43.51132]],[[131.80338,43.81231],[131.80696,43.81257],[131.80421,43.82164]],[[131.81201,42.99233],[131.81409,42.98979],[131.81787,42.98844],[131.8183,42.98293],[131.82337,42.98065],[131.82617,42.97714],[131.83401,42.97509],[131.84335,42.9701],[131.85124,42.97371],[131.84884,42.97564],[131.85284,42.97991],[131.85206,42.98195],[131.85378,42.98486],[131.86393,42.98582],[131.8641,42.98287],[131.87185,42.98223]],[[132.0047,44.16161],[131.99578,44.16576],[131.99171,44.1709],[131.98422,44.17389],[131.98564,44.17856],[131.97876,44.18341],[131.96833,44.18505],[131.956,44.20336],[131.95392,44.21017],[131.94602,44.21223],[131.94112,44.21567],[131.92341,44.23393],[131.91287,44.23769],[131.91071,44.24179],[131.90442,44.23987],[131.89321,44.24041],[131.88367,44.23898],[131.86401,44.24428],[131.84957,44.24228],[131.83577,44.24236]],[[131.83828,43.87749],[131.85042,43.87433],[131.85906,43.86463],[131.86808,43.85654],[131.87677,43.85126],[131.88171,43.84152],[131.87963,43.83794]],[[131.84136,43.07854],[131.84058,43.07637],[131.84135,43.07533]],[[131.8418,43.30502],[131.84214,43.30266],[131.84548,43.29877]],[[131.84214,43.3053],[131.85069,43.30667],[131.85625,43.31076],[131.86254,43.31267],[131.86505,43.3147],[131.86817,43.32323]],[[131.84302,44.64444],[131.84992,44.63587],[131.89044,44.612],[131.92901,44.58504],[131.93922,44.57635],[131.93794,44.57429],[131.94385,44.57244],[131.94942,44.56846],[131.95364,44.56718],[131.95806,44.5675],[131.96194,44.56563],[131.96893,44.58293],[131.99023,44.60072],[131.99011,44.61506],[131.99434,44.61574],[131.99248,44.61653],[131.997,44.61745],[132.02906,44.61823],[132.05827,44.6317]],[[131.85272,43.32904],[131.84959,43.33299],[131.84819,43.33818],[131.84393,43.34078]],[[131.86194,43.09552],[131.86523,43.09736]],[[131.86389,43.09936],[131.86425,43.09979],[131.86492,43.10046],[131.8663,43.10159],[131.86845,43.10226]],[[131.86425,43.09979],[131.86448,43.09965]],[[131.86614,43.3236],[131.86817,43.32323]],[[131.86817,43.32323],[131.86871,43.32517]],[[131.8755,44.02263],[131.86885,44.00393]],[[131.92767,43.44755],[131.92696,43.44715],[131.92401,43.4499],[131.92183,43.44819],[131.91133,43.45134],[131.89989,43.45915],[131.88755,43.45588],[131.88113,43.45657],[131.86987,43.45442]],[[131.87268,44.45836],[131.88122,44.47577],[131.88944,44.47926],[131.89056,44.4819]],[[132.07708,44.42695],[132.06785,44.43088],[132.06299,44.43495],[132.05757,44.43666],[132.05654,44.43679],[132.05331,44.43711],[132.0519,44.43714],[132.04213,44.43265],[132.03394,44.43188],[132.00228,44.43577],[131.98875,44.43616],[131.98025,44.43898],[131.96954,44.44455],[131.93822,44.44934],[131.92572,44.44893],[131.90714,44.45194],[131.88902,44.45284],[131.88143,44.45658],[131.87268,44.45836]],[[131.87626,44.02304],[131.8755,44.02263]],[[131.8755,44.02263],[131.87561,44.02351]],[[131.89885,43.9136],[131.89211,43.91681],[131.8771,43.93725]],[[131.9107,44.67074],[131.90559,44.6785],[131.88635,44.68623],[131.88153,44.69236],[131.8814,44.69857],[131.87909,44.70256],[131.8802,44.70685],[131.87942,44.71346],[131.88273,44.72805],[131.88126,44.73181]],[[131.88408,43.05577],[131.88722,43.05416],[131.89011,43.05501],[131.89076,43.05778],[131.88984,43.06174]],[[131.88465,43.11332],[131.88509,43.11334],[131.88529,43.11347],[131.88515,43.11355],[131.88465,43.11332]],[[131.88513,43.11444],[131.88465,43.11332]],[[131.88516,43.12374],[131.88818,43.12316]],[[131.89148,43.12012],[131.88772,43.1208]],[[131.88848,43.1303],[131.8869,43.13354],[131.89242,43.13803],[131.89354,43.14016],[131.90076,43.13933],[131.90594,43.13697],[131.90825,43.13783],[131.909,43.14003],[131.90416,43.14307],[131.90587,43.14893]],[[131.892,43.12235],[131.89905,43.12542]],[[131.90616,43.01413],[131.9048,43.01424],[131.90137,43.01871],[131.89645,43.01513],[131.89473,43.01149]],[[131.89675,43.37479],[131.89734,43.37785]],[[131.89818,43.12657],[131.89905,43.12542]],[[131.89885,43.9136],[131.89885,43.90996],[131.90975,43.89282],[131.91643,43.88365],[131.93314,43.88522],[131.95181,43.87191]],[[131.89885,43.9136],[131.91278,43.9125],[131.90975,43.89282]],[[131.89905,43.12542],[131.90225,43.12588],[131.9025,43.12326]],[[131.90026,43.82563],[131.89616,43.82144],[131.89679,43.81553],[131.90083,43.8123],[131.90738,43.81225],[131.90727,43.80406],[131.91313,43.8039]],[[131.90473,43.00799],[131.89913,43.00713],[131.89848,43.00586],[131.90115,43.00165],[131.90724,42.99819]],[[131.91332,43.16381],[131.90755,43.16137],[131.90474,43.16488]],[[131.90518,43.1009],[131.90556,43.10139]],[[131.90554,43.14934],[131.90453,43.14934],[131.90483,43.15108],[131.90709,43.15248],[131.90844,43.15534],[131.91046,43.15579]],[[131.90554,43.14934],[131.90564,43.14918]],[[131.90584,43.14931],[131.90554,43.14934]],[[131.90611,43.11695],[131.91063,43.11674],[131.91175,43.11796]],[[131.90712,43.82059],[131.90924,43.82269]],[[131.90712,43.82059],[131.90676,43.82041],[131.90706,43.82025],[131.90712,43.82059]],[[131.90752,43.14437],[131.91052,43.14843]],[[131.90809,43.15157],[131.90995,43.15072]],[[131.90995,43.15072],[131.91146,43.15413],[131.91283,43.15403]],[[131.90995,43.15072],[131.91195,43.14909]],[[131.91063,43.1759],[131.91052,43.17562]],[[131.91063,43.1759],[131.91113,43.18471],[131.91619,43.18493]],[[131.91072,43.17567],[131.91063,43.1759]],[[131.91195,43.50019],[131.92138,43.50014],[131.94725,43.50868]],[[131.91219,43.12162],[131.91287,43.11903]],[[131.9153,43.18776],[131.91242,43.1872]],[[131.91435,43.15138],[131.91711,43.15076],[131.91817,43.14876],[131.91763,43.14756],[131.91271,43.14883]],[[131.91304,43.15523],[131.91283,43.15403]],[[131.91283,43.15403],[131.91326,43.15521]],[[131.91291,43.10175],[131.91351,43.10066],[131.92011,43.09954]],[[131.91384,43.80283],[131.91313,43.8039]],[[131.91313,43.8039],[131.9146,43.80382]],[[131.91539,43.15496],[131.92286,43.15546],[131.92301,43.15649]],[[131.91605,43.10064],[131.91693,43.10173]],[[131.91708,43.4745],[131.92641,43.47368],[131.93531,43.47026],[131.94398,43.47257],[131.95104,43.47136],[131.96007,43.47528]],[[131.91766,43.07093],[131.92342,43.07076]],[[131.92389,43.18972],[131.92294,43.191],[131.91833,43.19238]],[[131.91855,43.16847],[131.91962,43.17338]],[[131.92192,43.16168],[131.93034,43.16355],[131.93063,43.16166],[131.92815,43.15995],[131.92723,43.15721]],[[131.92342,43.07076],[131.92414,43.07026]],[[131.92454,43.07069],[131.92342,43.07076]],[[131.92506,43.81514],[131.92589,43.81758],[131.92984,43.82182]],[[131.94749,43.39396],[131.94307,43.39324],[131.93644,43.38962],[131.92962,43.388],[131.92602,43.38927]],[[131.93457,43.64417],[131.93616,43.64982],[131.93478,43.65239],[131.9332,43.653],[131.92391,43.65112],[131.92614,43.64696]],[[131.92651,43.00658],[131.92659,43.01044],[131.92914,43.0119]],[[131.92651,43.00658],[131.92613,43.00615],[131.92592,43.00577],[131.92618,43.00602],[131.92651,43.00658]],[[131.92728,43.16911],[131.92837,43.17239],[131.93065,43.17505]],[[131.92744,43.16959],[131.92776,43.16932]],[[131.92763,43.15711],[131.92715,43.15555],[131.93207,43.15495]],[[131.92826,43.1569],[131.92829,43.15928],[131.93165,43.16063],[131.93463,43.15895],[131.93464,43.15635]],[[131.92914,43.0119],[131.92918,43.01215],[131.92926,43.01289],[131.92918,43.01289],[131.92909,43.01216],[131.92914,43.0119]],[[131.92922,43.01256],[131.92914,43.01256]],[[131.92984,43.82182],[131.93041,43.82454],[131.93693,43.8246]],[[131.92984,43.82182],[131.93692,43.82181]],[[131.9299,43.79538],[131.9366,43.79593]],[[131.94026,43.12856],[131.93299,43.13339]],[[131.93685,43.81166],[131.94013,43.79121],[131.93763,43.79097]],[[131.93692,43.82181],[131.93693,43.8246]],[[131.93692,43.82181],[131.94659,43.82176]],[[131.94673,43.82262],[131.94194,43.8246],[131.93693,43.8246]],[[131.93765,43.77985],[131.94543,43.78837]],[[131.94698,43.74514],[131.93935,43.75137]],[[131.94088,43.11842],[131.94021,43.11639]],[[131.9416,43.10047],[131.93902,43.09718],[131.94134,43.09554],[131.94095,43.09474],[131.94442,43.09466],[131.94497,43.09597],[131.95022,43.09564]],[[131.95353,43.12956],[131.95242,43.13126],[131.94926,43.12943],[131.94549,43.13021],[131.94406,43.12895],[131.94163,43.13045]],[[131.94227,43.11606],[131.94281,43.11414],[131.94599,43.11376],[131.94777,43.11198],[131.95356,43.11302]],[[131.95659,43.64814],[131.95577,43.64175],[131.95318,43.63404],[131.94588,43.63467]],[[131.94746,43.41883],[131.95048,43.42031],[131.9532,43.41854],[131.95625,43.41969],[131.9601,43.41944]],[[131.95181,43.87191],[131.94759,43.88776],[131.94706,43.89782],[131.94325,43.8985],[131.9489,43.90768]],[[131.95029,43.81154],[131.95025,43.81176]],[[131.95029,43.81154],[131.95058,43.81157]],[[131.95029,43.81154],[131.95145,43.80565]],[[131.95115,43.11643],[131.9513,43.12025],[131.9573,43.12407]],[[131.9514,43.85806],[131.95645,43.85776],[131.95561,43.856]],[[131.95181,43.87191],[131.9549,43.86974]],[[131.95908,43.79733],[131.95202,43.79641]],[[131.95269,43.10503],[131.9568,43.11003],[131.9585,43.1105]],[[131.9529,43.79372],[131.95278,43.79371]],[[131.9733,43.15594],[131.96995,43.15537],[131.96672,43.15181],[131.96273,43.15143],[131.96022,43.14982],[131.95792,43.15035],[131.9557,43.15342],[131.95313,43.1538]],[[131.98103,43.39819],[131.98004,43.39966],[131.97797,43.40014],[131.9714,43.39966],[131.96335,43.40149],[131.96135,43.40473],[131.95699,43.40555],[131.95605,43.40485],[131.95119,43.41016],[131.95431,43.4187]],[[131.95737,43.09592],[131.95595,43.09035],[131.95463,43.08985]],[[132.02496,44.0774],[131.97973,44.06726],[131.95626,44.06386],[131.95418,44.06327],[131.95526,44.06059]],[[131.95635,43.79403],[131.95618,43.79402]],[[131.99934,43.69054],[131.99592,43.68671],[131.97785,43.68115],[131.96812,43.68333],[131.96639,43.68623],[131.96149,43.68888],[131.95761,43.69548]],[[131.95766,43.10793],[131.95541,43.10454],[131.96204,43.10392]],[[131.95896,43.13683],[131.96556,43.14518],[131.9743,43.15017]],[[131.95982,43.79436],[131.95989,43.79436]],[[131.96089,43.16806],[131.96633,43.16368],[131.96573,43.16233],[131.96368,43.16212]],[[132.00095,43.55961],[131.98044,43.5567],[131.96093,43.56026]],[[131.96168,44.7634],[131.97088,44.7586],[131.99981,44.75553],[132.01078,44.75574]],[[131.96368,43.16212],[131.96191,43.16212]],[[131.96204,43.16177],[131.96191,43.16212]],[[131.96191,43.16212],[131.96217,43.16198],[131.96204,43.16177]],[[131.96204,43.16177],[131.96368,43.16212]],[[131.96275,43.07688],[131.96205,43.07448]],[[131.96319,43.08333],[131.96033,43.08411],[131.9536,43.08346],[131.95972,43.08083],[131.96051,43.07846],[131.96298,43.07861]],[[131.96478,44.9199],[131.97145,44.92281],[131.97451,44.93034],[131.98337,44.9306],[131.99259,44.93479],[131.99793,44.93265],[131.99904,44.92816],[131.99932,44.91715]],[[131.96485,44.91668],[131.96796,44.91767],[131.9852,44.91635],[131.99932,44.91715]],[[131.96565,44.32371],[131.96831,44.32026],[131.96766,44.31226]],[[131.97844,43.76884],[131.98666,43.76747],[131.98376,43.7643]],[[131.97945,43.81251],[131.97359,43.81771],[131.98264,43.82283]],[[131.97945,43.81251],[131.97947,43.81226]],[[131.97968,43.81231],[131.97945,43.81251]],[[131.98858,43.40346],[131.98103,43.39819]],[[131.98376,43.37939],[131.98328,43.38359],[131.98498,43.39127],[131.98141,43.39583],[131.98103,43.39819]],[[131.98169,43.22437],[131.98026,43.22833],[131.98205,43.23074],[131.98412,43.22445]],[[131.98251,43.80924],[131.9904,43.81026]],[[131.9848,43.79933],[131.99243,43.80033]],[[131.98503,43.81546],[131.99206,43.81973],[131.98948,43.82224]],[[131.98675,44.85293],[132.02325,44.84068],[132.03202,44.83713],[132.03424,44.83498],[132.03491,44.83159],[132.03394,44.82975],[132.02016,44.82318],[132.01298,44.81545],[132.00607,44.79295]],[[132.01532,45.09939],[132.00727,45.09942],[131.9998,45.09765],[131.98775,45.10069]],[[132.00604,43.73335],[132.00197,43.73153],[131.99563,43.73187],[131.9951,43.73371],[131.9933,43.73414],[131.98859,43.73935]],[[131.99631,43.33525],[131.99254,43.33535],[131.97941,43.33951],[131.97359,43.3308],[131.96486,43.32263],[131.97152,43.31783],[131.97652,43.31624],[131.98082,43.31651],[131.99181,43.31993]],[[131.99465,43.27907],[131.99786,43.28059],[131.99854,43.2861],[131.99864,43.28956],[131.99568,43.29463],[131.99814,43.30103],[131.99757,43.30948]],[[131.99568,43.82417],[132.00181,43.82739],[132.01257,43.82874]],[[131.99687,43.33537],[131.99631,43.33525]],[[131.99631,43.33525],[131.99658,43.33493]],[[131.99926,43.2265],[131.99575,43.23019],[131.99769,43.23206]],[[131.9993,43.73946],[132.0048,43.74011]],[[131.99932,44.91715],[132.00547,44.91757],[132.01616,44.91558],[132.03258,44.90293],[132.0374,44.90139],[132.04588,44.89588],[132.05133,44.89675],[132.06426,44.89492],[132.07799,44.8972],[132.08735,44.8965],[132.10493,44.88684],[132.10204,44.88423]],[[131.99934,43.69054],[131.99971,43.69019]],[[131.99999,43.69058],[131.99971,43.69049],[131.99934,43.69054]],[[132.00008,43.92716],[132.00365,43.92849]],[[132.01496,43.38493],[132.00874,43.38615],[132.00356,43.38368]],[[132.00365,43.92849],[132.00804,43.92906]],[[132.00365,43.92849],[132.00963,43.94181]],[[132.00446,43.92591],[132.00365,43.92849]],[[132.00464,43.36541],[132.01097,43.37154],[132.01093,43.37443],[132.01364,43.37866],[132.01237,43.38259]],[[132.00792,43.92754],[132.00779,43.92676]],[[132.00887,43.32487],[132.00479,43.3263],[132.00402,43.32844],[132.00591,43.33036],[132.00719,43.32899],[132.00943,43.32881],[132.01541,43.33041],[132.01933,43.32998]],[[132.00922,43.23004],[132.01116,43.22702]],[[132.01078,44.75574],[132.01202,44.7564],[132.01001,44.76153],[132.01069,44.76216],[132.02433,44.76075]],[[132.01931,44.71959],[132.02083,44.72624],[132.0256,44.7364],[132.02552,44.73918],[132.02476,44.74109],[132.0192,44.74362],[132.01845,44.74679],[132.01024,44.75364],[132.01078,44.75574]],[[132.01217,43.82834],[132.01185,43.82715]],[[132.01186,43.23632],[132.01559,43.2366]],[[132.02402,43.88905],[132.01427,43.89201],[132.01273,43.89112]],[[132.01496,43.38493],[132.03662,43.38653],[132.0398,43.38921],[132.04855,43.39264],[132.05513,43.39732],[132.05627,43.40012],[132.06038,43.40257],[132.06243,43.40599],[132.06847,43.41101],[132.09104,43.4169],[132.11295,43.42957],[132.1142,43.43101],[132.10056,43.45524]],[[132.0189,43.38052],[132.0175,43.38371],[132.01496,43.38493]],[[132.02443,43.24136],[132.01714,43.24132]],[[132.01906,43.36431],[132.01964,43.36292]],[[132.01943,44.09165],[132.02656,44.09201],[132.05042,44.0876],[132.07289,44.08856],[132.07663,44.08988],[132.09079,44.08758],[132.10042,44.08262],[132.10198,44.0802],[132.09782,44.06682]],[[132.02813,43.36833],[132.01532,43.36401],[132.01607,43.3622],[132.02128,43.36325],[132.02085,43.36468]],[[132.02138,43.25169],[132.03171,43.25235],[132.03396,43.25439],[132.0356,43.26603],[132.04146,43.26848],[132.03999,43.26473],[132.04115,43.26163]],[[132.02181,43.24863],[132.02167,43.24701]],[[132.02872,43.95624],[132.03177,43.96248],[132.03927,43.96518],[132.05526,43.97451],[132.05882,43.9815],[132.06674,43.98033]],[[132.06722,43.23015],[132.0598,43.23324],[132.05302,43.23371],[132.0471,43.23568],[132.03486,43.23524]],[[132.04418,43.25898],[132.04371,43.25948]],[[132.04481,43.25845],[132.0468,43.2567],[132.04551,43.25431]],[[132.04747,44.65413],[132.08103,44.65568],[132.09619,44.65896]],[[132.05505,44.74967],[132.05465,44.74699],[132.04872,44.74562]],[[132.07219,44.42164],[132.07126,44.42209],[132.07093,44.42224],[132.06925,44.42304],[132.06909,44.42312],[132.06675,44.42417],[132.06501,44.42485],[132.05869,44.43127],[132.05462,44.43226],[132.05654,44.43679]],[[132.05818,44.72201],[132.07147,44.71229],[132.07333,44.71538],[132.06129,44.72369]],[[132.06353,43.25985],[132.06115,43.26136],[132.06274,43.26292],[132.06039,43.26691]],[[132.06317,43.30025],[132.06068,43.30286],[132.06135,43.30376]],[[132.06141,43.95028],[132.06759,43.95542],[132.06899,43.96133]],[[132.06538,43.83651],[132.06874,43.83299],[132.07418,43.83444]],[[132.07387,44.42245],[132.07309,44.42236],[132.07219,44.42164],[132.06986,44.41967],[132.06904,44.41904]],[[132.06922,44.42286],[132.06925,44.42304]],[[132.15952,44.3533],[132.1549,44.35372],[132.14047,44.35135],[132.13338,44.34343],[132.13172,44.33562],[132.12907,44.33552],[132.12292,44.33008],[132.1174,44.32221],[132.10644,44.31742],[132.10364,44.31682],[132.10147,44.31771],[132.0962,44.32293],[132.09304,44.32273],[132.07021,44.32764]],[[132.07151,44.53433],[132.08906,44.53502]],[[132.08905,44.41517],[132.0811,44.41725],[132.07305,44.41756],[132.07387,44.42245]],[[132.07387,44.42245],[132.07704,44.42243]],[[132.15952,44.3533],[132.16827,44.36189],[132.16383,44.36465],[132.1577,44.36606],[132.12724,44.38477],[132.11727,44.38749],[132.10275,44.39955],[132.08461,44.4031],[132.07656,44.40596]],[[132.07669,43.30976],[132.08458,43.30494],[132.08276,43.30115]],[[132.07732,44.43803],[132.08369,44.43876]],[[132.07931,44.4752],[132.08745,44.47904],[132.0917,44.47944],[132.1259,44.47958],[132.15884,44.48728],[132.16277,44.49098],[132.18854,44.4969],[132.18477,44.56958],[132.18613,44.57337],[132.18592,44.57816]],[[132.08547,43.21106],[132.08851,43.2107],[132.0934,43.20766]],[[132.08799,44.44075],[132.11216,44.44348]],[[132.08884,43.31115],[132.10087,43.3083],[132.10481,43.30552],[132.10622,43.30242]],[[132.11237,43.90816],[132.10797,43.90824],[132.10987,43.91206],[132.10462,43.91528],[132.10424,43.91666],[132.1007,43.91683],[132.09823,43.91911],[132.09197,43.92032],[132.08985,43.92751],[132.09057,43.92959],[132.09492,43.93301],[132.10437,43.93859],[132.10519,43.94167]],[[132.1126,44.13022],[132.10598,44.13441],[132.10387,44.13776],[132.1042,44.14786],[132.10683,44.15148]],[[132.11901,43.68351],[132.12059,43.68534],[132.12488,43.6861],[132.1306,43.68896],[132.13747,43.69549],[132.15005,43.69703],[132.1573,43.69382]],[[132.14777,43.20789],[132.14748,43.20914],[132.14515,43.20997]],[[132.15556,43.34585],[132.15663,43.34374],[132.15159,43.34226],[132.15047,43.34439]],[[132.15624,43.20694],[132.15129,43.20723],[132.15152,43.20808]],[[132.16578,43.45593],[132.16371,43.45578],[132.16126,43.45272],[132.15704,43.45266]],[[132.15711,43.45366],[132.15704,43.45266]],[[132.15704,43.45266],[132.1546,43.44865],[132.15826,43.44503],[132.17259,43.43779],[132.18327,43.43443],[132.19065,43.43419],[132.19276,43.43257]],[[132.15711,43.45366],[132.16025,43.45393],[132.16212,43.45716],[132.15914,43.45661],[132.15711,43.45366]],[[132.15791,44.02507],[132.16189,44.02764],[132.16926,44.03013]],[[132.15869,43.34966],[132.15996,43.34709]],[[132.2514,44.30293],[132.25052,44.30324],[132.2483,44.30417],[132.22086,44.3209],[132.21821,44.32061],[132.20947,44.33111],[132.17844,44.34322],[132.15952,44.3533]],[[132.16383,44.36465],[132.16971,44.3866],[132.18692,44.39447],[132.19042,44.39409],[132.19301,44.40216],[132.16166,44.42217]],[[132.16477,43.64061],[132.16382,43.63661],[132.16534,43.63219],[132.16385,43.62566]],[[132.16798,43.36916],[132.168,43.36934]],[[132.18592,44.57816],[132.18595,44.57838],[132.1854,44.57835],[132.18592,44.57816]],[[132.18832,43.36043],[132.18841,43.36309],[132.19084,43.36325]],[[132.19084,43.39482],[132.19441,43.39521],[132.20808,43.39215],[132.21063,43.394]],[[132.19876,44.1842],[132.20086,44.18294],[132.20761,44.1846],[132.21667,44.18414]],[[132.21441,44.19681],[132.21564,44.20499],[132.23398,44.21522],[132.23569,44.22388],[132.23894,44.22685],[132.24414,44.22844],[132.25545,44.27313],[132.2585,44.27576],[132.25891,44.27813],[132.27149,44.28601],[132.26923,44.28983],[132.25699,44.30033],[132.2514,44.30293]],[[132.21667,44.18414],[132.22581,44.18988]],[[132.26259,44.10818],[132.24893,44.11158],[132.24634,44.11323],[132.24642,44.12364],[132.24451,44.12644],[132.24445,44.13161],[132.24258,44.13558],[132.23939,44.13853],[132.22851,44.14355],[132.21766,44.15601],[132.21369,44.16513],[132.21982,44.17483],[132.21667,44.18414]],[[132.22581,44.18988],[132.22994,44.1925]],[[132.22581,44.18988],[132.23342,44.18004],[132.25007,44.18695]],[[132.23499,43.6324],[132.22974,43.63007]],[[132.22986,43.2774],[132.24023,43.26889],[132.25051,43.26536],[132.25625,43.2656],[132.25709,43.26833],[132.2593,43.26972]],[[132.23011,43.62277],[132.23112,43.62059],[132.23041,43.61648],[132.23558,43.6124],[132.2363,43.61066],[132.23491,43.60449],[132.23119,43.60008],[132.23164,43.59247],[132.22764,43.58391],[132.22901,43.57919],[132.23126,43.5771],[132.23025,43.57457]],[[132.25556,44.2733],[132.25365,44.27274],[132.24093,44.28041],[132.23104,44.27514]],[[132.24686,43.82409],[132.25162,43.81806],[132.25854,43.82106],[132.26889,43.81956],[132.26959,43.82305],[132.26763,43.82597],[132.26902,43.82992],[132.26909,43.83018],[132.26911,43.83033],[132.26915,43.83068]],[[132.25052,44.30324],[132.25138,44.30354]],[[132.2514,44.30293],[132.26436,44.31455],[132.26575,44.31851],[132.2711,44.32355],[132.27238,44.33696],[132.28065,44.35192],[132.28441,44.35558],[132.28914,44.3671],[132.28871,44.36873],[132.28537,44.37112],[132.271,44.37603],[132.26921,44.37838],[132.27944,44.39277],[132.28899,44.412],[132.2884,44.43429]],[[132.25701,43.30706],[132.26254,43.30389],[132.26494,43.30124]],[[132.25801,44.00419],[132.25959,44.01379],[132.26555,44.02515],[132.26897,44.03602],[132.26818,44.03959],[132.27132,44.04452],[132.27577,44.04742],[132.27872,44.05251],[132.28386,44.05754],[132.29439,44.05374],[132.29703,44.05094],[132.2996,44.05001],[132.30537,44.04218]],[[132.27093,43.32501],[132.26636,43.32428],[132.2644,43.3213]],[[132.26494,43.30124],[132.26583,43.30001],[132.26656,43.29967],[132.27125,43.29859],[132.2785,43.29886],[132.28689,43.29575]],[[132.28699,43.29585],[132.27999,43.29865],[132.27561,43.29934],[132.27104,43.29871],[132.26627,43.29988],[132.26494,43.30124]],[[132.26896,43.83037],[132.26911,43.83033]],[[132.27007,43.32612],[132.27093,43.32501]],[[132.27093,43.32501],[132.28106,43.32527],[132.28232,43.32735],[132.28747,43.32995],[132.29077,43.33651],[132.30512,43.34628],[132.30553,43.34822]],[[132.28024,43.46339],[132.29733,43.47762],[132.29806,43.48207],[132.30222,43.48287]],[[132.28376,43.37154],[132.28921,43.37149],[132.29847,43.36619],[132.29792,43.3609],[132.29955,43.35873],[132.29968,43.35399],[132.30815,43.34934],[132.30783,43.3478],[132.30553,43.34822]],[[132.28669,44.43489],[132.3148,44.45467],[132.34204,44.46647],[132.3468,44.46756],[132.35805,44.47329]],[[132.28706,43.29564],[132.28783,43.29523]],[[132.28783,43.29523],[132.28719,43.29574]],[[132.28783,43.29523],[132.28841,43.29511]],[[132.29017,43.29517],[132.28931,43.29525],[132.28841,43.29511]],[[132.28841,43.29511],[132.29017,43.29517]],[[132.29017,43.29517],[132.29338,43.29359]],[[132.29351,43.29342],[132.29365,43.29069],[132.29032,43.28827]],[[132.29711,43.35094],[132.30553,43.34822]],[[132.32002,42.99954],[132.31201,42.99653],[132.30835,42.99725],[132.30287,42.9965],[132.3019,42.99805]],[[132.31423,43.3687],[132.30967,43.3686]],[[132.31584,43.36774],[132.3192,43.36976],[132.31851,43.37073]],[[132.31888,44.08976],[132.32639,44.08995],[132.34211,44.09696],[132.36071,44.09103],[132.37402,44.08537],[132.38703,44.07745],[132.3855,44.07466],[132.38841,44.0723],[132.38761,44.06812],[132.39149,44.06662],[132.39263,44.06404]],[[132.34375,43.11476],[132.33472,43.10923],[132.33269,43.10711],[132.32967,43.10658]],[[132.33754,43.11071],[132.3423,43.10573]],[[132.33984,42.92329],[132.33895,42.92717]],[[132.39027,43.95159],[132.38655,43.95183],[132.37764,43.94969],[132.34099,43.97083],[132.33717,43.97754],[132.33701,43.98176],[132.33555,43.98313],[132.3352,43.98549],[132.33955,43.98778]],[[132.35141,43.32238],[132.34791,43.32451],[132.34005,43.33301]],[[132.3463,43.11332],[132.34637,43.11339]],[[132.34637,43.11339],[132.34157,43.11603],[132.34375,43.11476],[132.3463,43.11332]],[[132.3463,43.11332],[132.35019,43.11121],[132.34637,43.11339]],[[132.34637,43.11339],[132.35052,43.11735]],[[132.34788,43.10878],[132.35914,43.10427]],[[132.35052,43.11735],[132.35208,43.1188],[132.34525,43.12293],[132.34892,43.13004],[132.3445,43.13773],[132.34447,43.14393],[132.3446,43.14557],[132.35259,43.15765],[132.35144,43.16061]],[[132.35052,43.11735],[132.355,43.11543]],[[132.35867,43.11135],[132.35674,43.11232],[132.35343,43.11126],[132.35078,43.11168]],[[132.35987,43.31892],[132.35711,43.3139],[132.35213,43.31145],[132.34569,43.31195],[132.34749,43.31802],[132.35141,43.32238]],[[132.35903,43.31761],[132.35141,43.32238]],[[132.35869,43.11091],[132.35387,43.10681]],[[132.35867,43.11135],[132.35877,43.11115]],[[132.35894,43.11126],[132.35867,43.11135]],[[132.35869,43.11091],[132.35898,43.11103]],[[132.35877,43.11111],[132.35869,43.11091]],[[132.35894,43.11126],[132.35877,43.11115]],[[132.35877,43.11115],[132.35877,43.11111]],[[132.35877,43.11111],[132.35898,43.11103]],[[132.35903,43.11105],[132.35894,43.11126]],[[132.35898,43.11103],[132.35903,43.11105]],[[132.35929,43.11119],[132.359,43.11124]],[[132.35903,43.11105],[132.35929,43.11119]],[[132.35929,43.11119],[132.36101,43.11171]],[[132.36029,43.11542],[132.35974,43.1144],[132.36197,43.10975],[132.36225,43.1084]],[[132.36536,43.12332],[132.3751,43.12579],[132.37656,43.12498],[132.3791,43.12005]],[[132.40288,43.13845],[132.39668,43.13824],[132.38248,43.14136],[132.38071,43.14956]],[[132.39151,44.15257],[132.38786,44.13801]],[[132.39676,44.07855],[132.40418,44.07274],[132.41148,44.07129],[132.41491,44.06819],[132.42062,44.06772],[132.42257,44.06414],[132.42551,44.0625],[132.43374,44.06373],[132.43635,44.06285],[132.44157,44.05852],[132.44907,44.06473],[132.44671,44.06971],[132.44067,44.07569],[132.41621,44.08652],[132.41066,44.09176]],[[132.39882,43.22076],[132.39825,43.21224],[132.4018,43.2063],[132.40648,43.2047]],[[132.40513,43.1392],[132.40288,43.13845]],[[132.40326,43.15246],[132.39824,43.15108],[132.3956,43.14836],[132.39662,43.14516],[132.40156,43.14289],[132.40288,43.13845]],[[132.40648,43.2047],[132.40702,43.20332]],[[132.40871,43.20495],[132.40738,43.20471],[132.407,43.20468],[132.40648,43.2047]],[[132.40729,43.12925],[132.42172,43.1231],[132.42892,43.12298],[132.44262,43.11684],[132.44831,43.11221]],[[132.41032,42.97114],[132.4223,42.97938],[132.42171,42.98011]],[[132.41459,42.87143],[132.41605,42.87082],[132.41496,42.86715],[132.41534,42.86378],[132.41334,42.86119],[132.41743,42.85976]],[[132.43867,44.20307],[132.43164,44.20324],[132.42843,44.20007],[132.42381,44.19787],[132.42558,44.19572],[132.4193,44.19129]],[[132.51896,44.01944],[132.51624,44.027],[132.50642,44.0317],[132.49742,44.03871],[132.49105,44.04748],[132.47794,44.05768],[132.4769,44.05965],[132.47818,44.06598],[132.47544,44.07451],[132.47631,44.07534],[132.47455,44.07746],[132.46455,44.07319],[132.46114,44.0757],[132.45107,44.07908],[132.45043,44.08114],[132.43532,44.08848],[132.42902,44.09807],[132.42432,44.10009]],[[132.43867,44.20307],[132.44092,44.20573]],[[132.43867,44.20307],[132.44774,44.19895]],[[132.44665,43.46954],[132.47128,43.46709],[132.48249,43.46723]],[[132.49797,44.1946],[132.48203,44.19009],[132.4737,44.20457],[132.47038,44.20381],[132.46278,44.19834],[132.45024,44.20403]],[[132.45397,44.22997],[132.43323,44.2515],[132.43329,44.25498],[132.40888,44.2589],[132.40553,44.26175],[132.40371,44.26748],[132.40544,44.27523],[132.41134,44.27505],[132.42027,44.27721],[132.43831,44.27376],[132.44555,44.27452],[132.4517,44.27379],[132.46163,44.27717],[132.46224,44.27671],[132.46091,44.27474],[132.4637,44.26991]],[[132.46871,43.28234],[132.46467,43.28023],[132.46105,43.28155],[132.45957,43.28092]],[[132.46846,43.2456],[132.4724,43.24729],[132.475,43.24685],[132.48148,43.24312],[132.48303,43.24012],[132.48688,43.2385],[132.49052,43.23969],[132.49669,43.24765],[132.49851,43.24625],[132.49852,43.24393],[132.50126,43.24003],[132.50615,43.23804],[132.50832,43.23416],[132.5411,43.22667],[132.55719,43.23042],[132.56716,43.2271],[132.59723,43.22172],[132.60745,43.21537],[132.60255,43.20815]],[[132.47022,43.24642],[132.46907,43.24704]],[[132.47252,43.34161],[132.47406,43.34542],[132.47881,43.34643],[132.47799,43.3496],[132.47903,43.35101]],[[132.47729,43.9701],[132.47993,43.97388],[132.48444,43.97652]],[[132.48196,43.9679],[132.4877,43.97261],[132.48444,43.97652]],[[132.48444,43.97652],[132.51346,44.01105],[132.51597,44.01623],[132.51896,44.01944]],[[132.51747,42.91541],[132.51817,42.90973],[132.52287,42.90549],[132.52206,42.90317],[132.52268,42.90091],[132.51932,42.89844],[132.52094,42.8974],[132.52118,42.89354],[132.52323,42.89238],[132.5218,42.8912],[132.52263,42.88102],[132.51978,42.87814],[132.52483,42.87585],[132.53075,42.87737],[132.53093,42.87591],[132.5258,42.87369],[132.52589,42.87211],[132.52941,42.87035]],[[132.51896,44.01944],[132.55042,44.05225],[132.56699,44.06102],[132.59402,44.08119],[132.60257,44.09897],[132.63835,44.12439],[132.64783,44.13551],[132.64666,44.13887],[132.66517,44.14242],[132.67505,44.14563],[132.67951,44.15351],[132.68828,44.15987],[132.70985,44.1591],[132.72776,44.16208],[132.73867,44.16787]],[[132.53443,44.36656],[132.52982,44.37222],[132.5294,44.38945],[132.52724,44.40055],[132.52807,44.4132]],[[132.53509,44.33891],[132.52423,44.33307],[132.52272,44.33382],[132.53597,44.34224],[132.53385,44.34378]],[[132.6575,43.99545],[132.65212,43.99495],[132.64687,43.99146],[132.6438,43.99227],[132.63358,43.99182],[132.62014,43.99677],[132.60491,43.99169],[132.58204,43.98963],[132.58153,43.98634],[132.57983,43.98392],[132.57741,43.98378],[132.56693,43.97884],[132.5628,43.97545],[132.56202,43.96987],[132.55854,43.96497]],[[132.56984,44.34627],[132.56558,44.34865]],[[132.57029,42.84504],[132.57073,42.84487]],[[132.57473,44.34644],[132.57271,44.3446]],[[132.64415,44.41564],[132.61842,44.42908],[132.59978,44.44617],[132.59691,44.4539],[132.59168,44.45848],[132.59198,44.46101],[132.59059,44.46361],[132.58188,44.47092],[132.57884,44.47781],[132.57502,44.48093],[132.57035,44.49693],[132.57539,44.50336]],[[132.58152,44.34229],[132.57948,44.34073]],[[132.58172,44.33938],[132.58331,44.34102]],[[132.58911,44.07745],[132.60541,44.07372],[132.6162,44.07513],[132.62997,44.07377],[132.65219,44.0644],[132.65419,44.0611],[132.65476,44.05688]],[[132.59265,44.45741],[132.58542,44.45349],[132.58257,44.45434],[132.57614,44.44916],[132.5726,44.44343],[132.57535,44.43828],[132.5924,44.43499],[132.59796,44.45012]],[[132.60255,43.20815],[132.60007,43.20875],[132.59885,43.20653],[132.59503,43.20456],[132.59508,43.20071],[132.59917,43.19399],[132.59978,43.18919],[132.60284,43.18577],[132.59303,43.17839],[132.5935,43.17566],[132.59223,43.17036],[132.593,43.16415],[132.59558,43.15939],[132.59395,43.15627],[132.59945,43.14812]],[[132.60209,43.35494],[132.60142,43.34625],[132.60228,43.34455],[132.61002,43.3414],[132.61729,43.33993],[132.63444,43.34007],[132.64959,43.34539],[132.67321,43.34832],[132.68279,43.34691],[132.68642,43.34523],[132.69417,43.34491]],[[133.05847,43.31388],[133.0579,43.30876],[133.05356,43.30175],[133.04007,43.29763],[133.01745,43.28753],[133.00972,43.28255],[133.00486,43.2743],[133.00235,43.2586],[132.99966,43.25423],[132.99992,43.24634],[133.00124,43.24418],[132.99849,43.23698],[132.9991,43.23519],[132.99668,43.23283],[132.9931,43.23267],[132.98163,43.22166],[132.98167,43.22001],[132.97955,43.2204],[132.97631,43.21627],[132.9671,43.21137],[132.9626,43.20738],[132.95905,43.20142],[132.95655,43.18991],[132.95456,43.18869],[132.95314,43.18926],[132.95469,43.19551],[132.95334,43.19734],[132.95111,43.1969],[132.94748,43.19133],[132.94774,43.18877],[132.94479,43.18612],[132.94658,43.18213],[132.95281,43.17756],[132.95445,43.17305],[132.95261,43.17473],[132.94731,43.1765],[132.94111,43.17628],[132.93799,43.17894],[132.92332,43.18539],[132.90914,43.19396],[132.89771,43.19038],[132.89598,43.1907],[132.88703,43.18131],[132.87725,43.17863],[132.86956,43.18061],[132.86491,43.18004],[132.84576,43.16813],[132.83651,43.16984],[132.83232,43.17326],[132.82967,43.17141],[132.82713,43.17114],[132.82138,43.17339],[132.80268,43.17134],[132.79367,43.1682],[132.78643,43.16806],[132.78246,43.16992],[132.76755,43.17254],[132.75936,43.17203],[132.75182,43.17552],[132.74252,43.17434],[132.73693,43.17577],[132.71295,43.17574],[132.70551,43.18033],[132.66689,43.19318],[132.65454,43.19443],[132.63108,43.20114],[132.6183,43.20225],[132.60782,43.20704],[132.60255,43.20815]],[[132.60621,44.34574],[132.61186,44.34348],[132.61949,44.3422],[132.62395,44.3387],[132.6449,44.33019],[132.65305,44.32996],[132.67243,44.33275],[132.68121,44.33121],[132.68661,44.33323],[132.69038,44.33156],[132.69101,44.32908],[132.69488,44.32989],[132.69964,44.32652],[132.70925,44.3247],[132.71788,44.31846]],[[132.63601,44.51528],[132.64876,44.52455],[132.65784,44.52286],[132.66036,44.52109],[132.66637,44.5233],[132.66946,44.52308],[132.67578,44.51725]],[[132.64221,44.40135],[132.65335,44.40144],[132.66345,44.39816],[132.66586,44.40343],[132.67316,44.40666],[132.70772,44.40323],[132.71919,44.39918],[132.74109,44.38415],[132.77239,44.37846],[132.79122,44.37776],[132.79258,44.38055],[132.79851,44.38561]],[[132.64471,44.41494],[132.64415,44.41564]],[[132.64491,44.4153],[132.64415,44.41564]],[[132.64837,44.41903],[132.66085,44.41886]],[[132.69689,44.49743],[132.69338,44.4995],[132.67578,44.51725]],[[132.73992,44.52007],[132.73537,44.52175],[132.70536,44.52209],[132.68808,44.51827],[132.67578,44.51725]],[[132.68749,43.31746],[132.69005,43.32136],[132.69141,43.32732],[132.69341,43.33047],[132.69417,43.34491]],[[132.69261,42.86254],[132.69292,42.86303]],[[132.69261,42.86254],[132.69134,42.8632],[132.69292,42.86303]],[[132.69292,42.86303],[132.6934,42.86299],[132.69278,42.86228],[132.69261,42.86254]],[[132.69417,43.34491],[132.71176,43.34573],[132.72124,43.34835],[132.73384,43.34856],[132.73786,43.35125],[132.74439,43.35212]],[[132.69635,42.88478],[132.70479,42.87921],[132.71124,42.87848],[132.71309,42.87656]],[[132.73443,44.56476],[132.74036,44.57312]],[[132.74656,44.69638],[132.7432,44.70294],[132.73215,44.74285],[132.71045,44.76822],[132.70709,44.76997],[132.69786,44.77185],[132.70269,44.77712],[132.7168,44.77725],[132.73711,44.80042]],[[132.74036,44.57312],[132.74393,44.58164]],[[132.77155,44.56826],[132.76338,44.57371],[132.76197,44.57455],[132.76184,44.5746],[132.76166,44.57463],[132.76067,44.57221],[132.75856,44.57093],[132.74036,44.57312]],[[132.74656,44.69638],[132.76041,44.71282],[132.77258,44.7355],[132.77344,44.7463],[132.7678,44.74642],[132.7679,44.75052],[132.77469,44.75873],[132.7823,44.76247],[132.78115,44.76642],[132.78286,44.76924],[132.78366,44.77575],[132.79731,44.79015],[132.80169,44.80081],[132.80441,44.80149],[132.80623,44.81135],[132.79806,44.81136]],[[132.78461,44.61823],[132.78315,44.61987],[132.77403,44.64477],[132.74656,44.69638]],[[132.76421,44.56249],[132.76121,44.56278],[132.75314,44.56045],[132.74926,44.56143]],[[132.76571,44.55902],[132.76462,44.56175],[132.76421,44.56249],[132.76404,44.56274],[132.75965,44.56728],[132.75987,44.56954],[132.76111,44.57284],[132.76134,44.57337],[132.76184,44.5746],[132.76199,44.57495],[132.76214,44.5752],[132.76663,44.57577],[132.77464,44.57952],[132.77936,44.57772],[132.78154,44.57447]],[[132.77155,44.56826],[132.77385,44.57006],[132.77806,44.56717],[132.76912,44.56372]],[[132.76912,44.56372],[132.76767,44.56521],[132.77155,44.56826]],[[132.77165,44.5621],[132.76912,44.56372]],[[132.76947,44.16448],[132.76914,44.16752],[132.77122,44.16895],[132.77643,44.16834],[132.78408,44.16962],[132.7869,44.16789]],[[132.80959,42.82334],[132.80264,42.82509],[132.80102,42.82617],[132.80069,42.82801],[132.7956,42.83105],[132.78307,42.83077],[132.77884,42.82936],[132.77611,42.82607],[132.77231,42.82609]],[[132.78461,44.61823],[132.77481,44.61066],[132.78029,44.60984],[132.80283,44.60019]],[[132.80864,44.6095],[132.79235,44.61416],[132.78461,44.61823]],[[132.78614,44.57178],[132.794,44.56838],[132.8055,44.57908]],[[132.79981,42.81962],[132.80063,42.82159],[132.80959,42.82334]],[[132.80298,42.91513],[132.80543,42.91825],[132.80657,42.92351],[132.81133,42.92508],[132.82088,42.93603],[132.83386,42.94513],[132.83842,42.95125],[132.85453,42.95565],[132.86172,42.95921],[132.86459,42.96511],[132.86767,42.9676],[132.8689,42.97065],[132.86888,42.97891],[132.87152,42.98093]],[[132.80407,44.5424],[132.82292,44.5183],[132.83323,44.50303],[132.83887,44.49892],[132.84737,44.49492],[132.849,44.49264],[132.85417,44.478],[132.85614,44.46296],[132.85508,44.45818],[132.8564,44.45273],[132.86233,44.44597],[132.86919,44.44309],[132.87579,44.43771],[132.87723,44.43417],[132.8762,44.43078],[132.87664,44.42373],[132.88085,44.41981],[132.88101,44.41659],[132.90003,44.40555]],[[132.80959,42.82334],[132.81269,42.8227],[132.8314,42.82699],[132.83795,42.8261],[132.84378,42.82744],[132.85064,42.82275]],[[132.84732,42.77694],[132.84592,42.77693],[132.8458,42.77691],[132.84543,42.77683],[132.84466,42.77667],[132.84262,42.7762],[132.84218,42.77616],[132.8326,42.77847],[132.82769,42.77833],[132.82376,42.77693],[132.81866,42.77281]],[[132.84126,42.79193],[132.83863,42.78992],[132.83375,42.78967],[132.8306,42.78759],[132.82848,42.78002],[132.82935,42.77842]],[[132.84762,44.61011],[132.84036,44.61164],[132.83827,44.60969],[132.83531,44.6111]],[[132.83943,44.5688],[132.83896,44.56886]],[[132.83943,44.5688],[132.83961,44.56944]],[[132.83943,44.5688],[132.84329,44.56783],[132.84859,44.56284],[132.85539,44.55348],[132.85889,44.5474],[132.86475,44.53101],[132.87,44.52153],[132.89873,44.50518],[132.90907,44.50366],[132.92031,44.50485],[132.92323,44.50427],[132.93487,44.49212],[132.94207,44.48726],[132.95045,44.48516],[132.97112,44.47612],[132.97211,44.4739],[132.9714,44.47128]],[[132.84592,42.777],[132.8458,42.77691]],[[132.84605,42.77694],[132.84592,42.777],[132.8453,42.7773],[132.84472,42.7777],[132.84411,42.77844],[132.8445,42.78068],[132.84609,42.78281],[132.84968,42.78432]],[[132.85685,42.78478],[132.85431,42.788],[132.84902,42.78496]],[[132.85064,42.82275],[132.85056,42.82227]],[[132.85064,42.82275],[132.85094,42.82244]],[[132.85132,42.82262],[132.85064,42.82275]],[[132.85081,44.56005],[132.85434,44.56121]],[[132.85141,42.78633],[132.85445,42.78341]],[[132.85687,42.7888],[132.86146,42.7894]],[[132.86477,42.81218],[132.86547,42.81348],[132.85779,42.81558]],[[132.85863,42.80862],[132.86281,42.80886]],[[132.86116,42.79055],[132.86146,42.78968]],[[132.86559,42.8133],[132.86673,42.81251],[132.86593,42.81006],[132.86281,42.80886]],[[132.86423,42.81062],[132.86309,42.81085],[132.86281,42.80886]],[[132.86884,42.79459],[132.86585,42.79498]],[[132.86716,44.59247],[132.8684,44.59217]],[[132.8684,44.59217],[132.86843,44.59241]],[[132.8684,44.59217],[132.89004,44.58857],[132.89594,44.58294],[132.91656,44.57308],[132.91714,44.56948],[132.93004,44.56446],[132.93669,44.56337],[132.93924,44.56071],[132.95118,44.56098],[132.96559,44.55138],[132.96973,44.55186],[132.99042,44.54768],[132.99229,44.54593],[132.99165,44.53952],[132.99275,44.53706],[132.99567,44.53528],[133.00201,44.52832],[133.01241,44.52374],[133.01791,44.52697],[133.02467,44.52293]],[[132.86884,42.79459],[132.86913,42.79427]],[[132.86971,42.7945],[132.86884,42.79459]],[[132.86951,42.79451],[132.86923,42.79443]],[[132.87211,42.81126],[132.87135,42.80887]],[[132.87206,42.80964],[132.87537,42.81097],[132.8838,42.80621]],[[132.8736,42.85485],[132.8852,42.84622]],[[132.88051,42.82586],[132.87339,42.82577],[132.87369,42.82077]],[[132.92427,44.61995],[132.90965,44.62905],[132.87647,44.64127]],[[132.88057,42.84239],[132.87928,42.83696],[132.88104,42.83628]],[[132.89787,44.40676],[132.89271,44.40181],[132.88157,44.39943]],[[132.88334,42.83615],[132.88373,42.83678],[132.88418,42.83663],[132.88439,42.83657],[132.88647,42.83588],[132.88786,42.83543],[132.88903,42.83504],[132.8908,42.83446],[132.89125,42.83431],[132.89181,42.83412],[132.89315,42.83368],[132.89456,42.83321],[132.89596,42.83275],[132.8968,42.83247],[132.89748,42.83234]],[[132.88386,42.83803],[132.89162,42.83933]],[[132.88631,42.83564],[132.88647,42.83588]],[[132.88903,42.83504],[132.88889,42.83479]],[[132.89022,42.84202],[132.89456,42.84396]],[[132.89364,42.83816],[132.89149,42.8347],[132.89125,42.83431],[132.89111,42.83405]],[[132.89294,42.82358],[132.89152,42.82085]],[[132.89166,42.83387],[132.89181,42.83412],[132.89322,42.83644],[132.89415,42.83796]],[[132.8918,42.84728],[132.89456,42.84396]],[[132.89271,42.82456],[132.89226,42.82406]],[[132.89231,42.836],[132.89284,42.83583]],[[132.89322,42.83644],[132.89269,42.83662]],[[132.89277,42.82463],[132.89271,42.82456]],[[132.89271,42.82456],[132.89294,42.82358]],[[132.89301,42.8237],[132.89277,42.82463]],[[132.89328,42.82441],[132.89277,42.82463]],[[132.89294,42.82358],[132.89301,42.8237]],[[132.89301,42.8237],[132.89342,42.82438]],[[132.89301,42.83342],[132.89315,42.83368]],[[132.89442,42.83295],[132.89456,42.83321]],[[132.89456,42.84396],[132.90008,42.84202]],[[132.89596,42.83275],[132.8958,42.83248]],[[132.89978,42.83381],[132.89723,42.83201]],[[132.90634,43.19331],[132.90571,43.19311]],[[132.96592,43.73491],[132.96404,43.73833],[132.96579,43.74762],[132.96483,43.75368],[132.96206,43.75578],[132.96101,43.75984],[132.94305,43.76553],[132.9357,43.76561],[132.93219,43.76722],[132.92796,43.7715],[132.92678,43.77674],[132.92838,43.78237],[132.92726,43.78708],[132.93495,43.79609],[132.93626,43.80488],[132.91873,43.82055],[132.91813,43.82351],[132.91045,43.83745],[132.91015,43.84536],[132.91349,43.85132],[132.91321,43.8537],[132.91577,43.86084],[132.92624,43.86528],[132.93245,43.86672],[132.93502,43.86986],[132.93484,43.87156],[132.9281,43.87918],[132.92925,43.89012],[132.94436,43.89995],[132.95131,43.90721],[132.9582,43.9097],[132.95512,43.91302],[132.95537,43.91898],[132.96226,43.92677],[132.95953,43.93499],[132.95918,43.94052],[132.95674,43.9458],[132.95747,43.94803],[132.94771,43.95519],[132.94448,43.95614],[132.94263,43.96035]],[[132.9566,42.85516],[132.95673,42.85184],[132.95689,42.85039],[132.95942,42.84784]],[[132.95673,42.85184],[132.96236,42.85197],[132.96222,42.85523]],[[132.98508,42.85722],[132.97529,42.85145],[132.97416,42.84892],[132.96864,42.84901]],[[132.9782,44.61867],[132.98139,44.62506],[132.97991,44.63697],[132.98395,44.64764],[132.98792,44.65287],[132.98582,44.65979],[132.9917,44.67131],[132.98591,44.6732],[132.96633,44.6909],[132.95227,44.69469],[132.94484,44.69956],[132.94364,44.70549],[132.92324,44.70955],[132.90503,44.70886],[132.90385,44.71042],[132.9036,44.72169],[132.91022,44.733],[132.92158,44.74569],[132.94955,44.75918],[132.9567,44.77636],[132.95918,44.7777],[132.9706,44.77663],[132.98442,44.7737],[132.99034,44.77462],[133.00075,44.79661],[133.01989,44.8104],[133.03021,44.8134],[133.0367,44.82705],[133.0456,44.82786]],[[132.98076,42.83907],[132.98097,42.84096],[132.98641,42.84771],[132.98938,42.84758],[132.99345,42.85083]],[[132.98123,42.88134],[132.98712,42.88218],[133.00026,42.87662]],[[132.98508,42.85722],[133.00427,42.87855],[133.00375,42.87928]],[[132.98825,42.85641],[132.98508,42.85722]],[[133.02936,42.79827],[133.02733,42.80093],[133.02407,42.80003],[133.00837,42.79982],[133.00229,42.80408]],[[133.04434,42.71875],[133.0428,42.71555],[133.03825,42.71422],[133.02885,42.71375],[133.02695,42.71297],[133.02227,42.71277],[133.02166,42.71268],[133.02152,42.71266],[133.02055,42.71252],[133.02025,42.71247],[133.01995,42.71242],[133.01775,42.71189],[133.01629,42.71176],[133.01516,42.71139],[133.00712,42.7134]],[[133.01156,42.7117],[133.00746,42.71042],[133.00902,42.7068],[133.0272,42.70473],[133.02967,42.70539],[133.02971,42.70752],[133.02864,42.70846],[133.01798,42.70979],[133.02368,42.71103],[133.02162,42.71225]],[[133.01592,43.34478],[133.01634,43.343],[133.03141,43.33962],[133.03347,43.34156]],[[133.02162,42.71225],[133.02025,42.71247]],[[133.02162,42.71225],[133.02166,42.71268]],[[133.02972,44.16544],[133.02252,44.16971],[133.02531,44.1736]],[[133.13473,43.1512],[133.13016,43.15796],[133.13086,43.15952],[133.12459,43.16632],[133.11045,43.17654],[133.10219,43.17988],[133.10024,43.18218],[133.09006,43.18869],[133.08366,43.19132],[133.08063,43.19652],[133.07806,43.19788],[133.06,43.19871],[133.04735,43.20112],[133.0401,43.19754],[133.03224,43.19843],[133.03114,43.19562],[133.03343,43.1896],[133.03011,43.18632],[133.02846,43.18643]],[[133.03211,43.96385],[133.03153,43.96302],[133.03468,43.96064],[133.03733,43.95455],[133.04012,43.95238],[133.03793,43.94948],[133.03978,43.94808],[133.04048,43.94313],[133.03642,43.93373],[133.03465,43.9244],[133.03236,43.92149],[133.03008,43.91322],[133.02549,43.90702],[133.0256,43.90316],[133.02261,43.89939],[133.0224,43.895],[133.02502,43.89183],[133.02068,43.88646],[133.02084,43.88179],[133.02379,43.87823],[133.02697,43.87736],[133.02964,43.87455],[133.03299,43.8746],[133.03844,43.87249],[133.04141,43.86816],[133.04527,43.86674],[133.05126,43.86672],[133.05926,43.86398],[133.06374,43.86556],[133.07006,43.86498],[133.07667,43.86097],[133.0935,43.8548],[133.12096,43.85014],[133.12705,43.85314],[133.13144,43.85792],[133.13947,43.86106],[133.14072,43.86337],[133.14834,43.86558],[133.15385,43.8659],[133.15872,43.86972],[133.16831,43.87062],[133.17293,43.8742],[133.18786,43.87823],[133.19034,43.87683],[133.21106,43.87553],[133.21478,43.87293]],[[133.10723,44.21604],[133.10019,44.21376],[133.08947,44.22052],[133.07826,44.22087],[133.0529,44.21736],[133.03875,44.21073]],[[133.0456,44.82786],[133.05479,44.82781],[133.06679,44.82315],[133.0707,44.8192],[133.06798,44.8154],[133.06846,44.81456],[133.07365,44.81868],[133.07813,44.81828],[133.10068,44.80066],[133.10971,44.79827]],[[133.07102,44.91678],[133.03798,44.91515],[133.03321,44.90897],[133.03428,44.89981],[133.03372,44.8951],[133.02887,44.88563],[133.03302,44.876],[133.03626,44.8592],[133.04389,44.83799],[133.0456,44.82786]],[[133.13005,44.19167],[133.12712,44.18934],[133.10811,44.19072],[133.10473,44.18257],[133.10427,44.17886],[133.10013,44.17549],[133.09166,44.17458],[133.08668,44.17083],[133.07929,44.17226],[133.06603,44.1782],[133.06069,44.17389],[133.05395,44.16521],[133.04762,44.1599]],[[133.04798,42.91466],[133.04871,42.92718],[133.05331,42.93184],[133.06233,42.94469],[133.0699,42.94977],[133.06921,42.95353],[133.07174,42.96656],[133.07362,42.96624],[133.0781,42.96811],[133.07826,42.97126],[133.08272,42.97816],[133.08697,42.97836],[133.09093,42.99137],[133.10127,43.00599],[133.10994,43.01187],[133.11505,43.01875],[133.11104,43.01621],[133.10882,43.01841]],[[133.05271,42.77055],[133.05533,42.77255],[133.05973,42.77343]],[[133.05973,42.77343],[133.06019,42.76988],[133.05637,42.76697]],[[133.05973,42.77343],[133.06557,42.77469]],[[133.06293,42.71753],[133.06049,42.7114],[133.06146,42.70881],[133.06957,42.70185],[133.07606,42.70118],[133.07788,42.69476],[133.09046,42.6913],[133.09022,42.69035],[133.09273,42.68839],[133.09234,42.68678],[133.09139,42.68677]],[[133.06567,42.73451],[133.07679,42.72882],[133.08058,42.72884]],[[133.08217,42.69298],[133.08237,42.69203],[133.09028,42.6903]],[[133.1431,43.07196],[133.14181,43.07111],[133.13983,43.06421],[133.12319,43.06208],[133.10808,43.06843],[133.09162,43.07088],[133.08536,43.07061]],[[133.08549,44.76276],[133.09129,44.7557],[133.0945,44.74753],[133.09403,44.74186],[133.10192,44.73288],[133.09877,44.72722],[133.10058,44.71141]],[[133.08905,43.10139],[133.0952,43.09939],[133.1034,43.09404]],[[133.09615,43.10669],[133.10086,43.10948],[133.10216,43.11002],[133.10338,43.11069],[133.10366,43.11087],[133.1091,43.11217]],[[133.11894,42.74439],[133.11215,42.74478],[133.09842,42.73997]],[[133.1007,44.61584],[133.107,44.62321],[133.10792,44.62583],[133.11282,44.62852],[133.1143,44.63119],[133.11905,44.63309],[133.11659,44.63376],[133.11647,44.63543]],[[133.11047,43.11714],[133.10228,43.1134],[133.10338,43.11069]],[[133.11837,43.10682],[133.11675,43.10637],[133.1034,43.09404]],[[133.1034,43.09404],[133.10721,43.09208],[133.1145,43.09104],[133.12153,43.0938]],[[133.11139,43.12905],[133.10465,43.13741]],[[133.10544,43.11083],[133.10911,43.10944]],[[133.15193,44.21076],[133.14505,44.21649],[133.14201,44.22343],[133.13571,44.22614],[133.12926,44.2259],[133.11284,44.21917],[133.1061,44.21837],[133.10723,44.21604]],[[133.10723,44.21604],[133.11149,44.2083],[133.11698,44.20406]],[[133.10868,43.11203],[133.10918,43.11179]],[[133.10971,44.79827],[133.11265,44.79983]],[[133.10971,44.79827],[133.1133,44.79787]],[[133.11047,43.11714],[133.10726,43.12104],[133.10738,43.12253],[133.1094,43.12054],[133.11471,43.11953]],[[133.11343,43.11458],[133.11306,43.11475],[133.11095,43.11659],[133.11047,43.11714]],[[133.11102,43.12796],[133.1239,43.12081]],[[133.11636,43.1203],[133.11118,43.11639]],[[133.11167,42.78116],[133.11792,42.78094],[133.12234,42.78265],[133.12532,42.78179]],[[133.11265,44.79983],[133.11292,44.80136]],[[133.1133,44.79787],[133.11265,44.79983]],[[133.11306,43.11475],[133.11311,43.11447]],[[133.15778,44.78319],[133.12332,44.79047],[133.11593,44.79682],[133.1133,44.79787]],[[133.11607,44.19016],[133.11953,44.20239],[133.11698,44.20406]],[[133.11652,43.11506],[133.12149,43.11249],[133.1227,43.111],[133.12801,43.10802]],[[133.1167,44.00811],[133.12132,44.00467],[133.12226,43.99638]],[[133.11698,44.20406],[133.13322,44.20998],[133.13524,44.20966],[133.13717,44.20693],[133.14056,44.20576],[133.15264,44.21004]],[[133.11758,43.11851],[133.12003,43.11962],[133.12196,43.11997],[133.12588,43.11836],[133.12873,43.12035],[133.13276,43.12067],[133.13905,43.11878]],[[133.11854,43.11891],[133.11995,43.11796]],[[133.11944,43.1175],[133.12695,43.11298],[133.12379,43.11043]],[[133.12102,43.13587],[133.12016,43.13577]],[[133.12064,43.13615],[133.12102,43.13587],[133.12391,43.13562],[133.13069,43.1366]],[[133.12663,43.14395],[133.12536,43.14393]],[[133.12621,43.1446],[133.12663,43.14395]],[[133.12663,43.14395],[133.13572,43.14473]],[[133.13005,44.19167],[133.13417,44.1957],[133.14509,44.20102],[133.14922,44.2015],[133.15128,44.20647],[133.15436,44.20786],[133.15373,44.20897],[133.15193,44.21076]],[[133.15113,44.16384],[133.14817,44.16627],[133.14612,44.16811],[133.14405,44.17025],[133.14032,44.18151],[133.13005,44.19167]],[[133.13575,43.12949],[133.13625,43.12892],[133.13702,43.12819],[133.13784,43.12754],[133.14027,43.12619],[133.1435,43.12612]],[[133.13635,43.12954],[133.13599,43.12922]],[[133.13799,44.03741],[133.13798,44.0299]],[[133.14833,43.13576],[133.14533,43.1376],[133.14017,43.13721]],[[133.14984,43.14421],[133.14914,43.14737],[133.14252,43.15529],[133.14031,43.15608]],[[133.14285,44.88408],[133.1642,44.89387],[133.17158,44.89972],[133.17428,44.89698],[133.18375,44.89464],[133.18784,44.89527],[133.19056,44.89879]],[[133.14285,44.88408],[133.13631,44.89331],[133.15641,44.91233],[133.16135,44.9151],[133.17213,44.9249],[133.16476,44.94356],[133.14368,44.95595],[133.14069,44.96117],[133.14301,44.96452],[133.14567,44.96568]],[[133.14611,44.87362],[133.13847,44.8819],[133.14285,44.88408]],[[133.14611,44.87362],[133.15053,44.87569],[133.14285,44.88408]],[[133.15584,43.12485],[133.14657,43.12672],[133.1435,43.12612]],[[133.1435,43.12612],[133.15651,43.12206]],[[133.14503,44.16505],[133.14817,44.16627],[133.16214,44.1701],[133.17641,44.1788],[133.17932,44.19076],[133.17192,44.19827],[133.16705,44.21293],[133.16975,44.21624],[133.16881,44.21798],[133.17229,44.22069],[133.17228,44.22178]],[[133.16148,44.85394],[133.1562,44.85819],[133.14989,44.8676],[133.14939,44.87],[133.14611,44.87362]],[[133.14941,44.08311],[133.16117,44.08326],[133.16344,44.08148],[133.16725,44.08118],[133.17924,44.08162],[133.19252,44.09606],[133.19711,44.10435],[133.19793,44.11026],[133.19515,44.11898],[133.19748,44.12067],[133.20127,44.12789],[133.21283,44.14457],[133.22775,44.15879],[133.23096,44.16811],[133.22962,44.17181],[133.23256,44.17321],[133.23611,44.18329],[133.24349,44.1847],[133.24562,44.18639],[133.24415,44.18985],[133.25053,44.19328],[133.25466,44.19277],[133.267,44.19856]],[[133.15193,44.21076],[133.16267,44.21414],[133.16676,44.2185],[133.17181,44.22153],[133.17593,44.22393],[133.17963,44.22397],[133.21272,44.21401],[133.22084,44.20931],[133.22548,44.21005],[133.22781,44.21233],[133.2344,44.20929],[133.23753,44.21235],[133.26266,44.21452],[133.27616,44.21164],[133.26886,44.20275],[133.267,44.19856]],[[133.16492,43.14261],[133.15783,43.1483],[133.15843,43.14951],[133.1561,43.15772],[133.15927,43.1631]],[[133.16529,43.05404],[133.16806,43.05714],[133.18237,43.05518],[133.18302,43.05659],[133.18445,43.05642]],[[133.18442,44.14193],[133.17929,44.14233],[133.17213,44.1446],[133.16653,44.15147]],[[133.20641,44.87024],[133.20673,44.87]],[[133.20673,44.87026],[133.20673,44.87]],[[133.20673,44.87],[133.20692,44.87028]],[[133.20673,44.87],[133.20752,44.86583],[133.21114,44.85986],[133.21488,44.85852],[133.22741,44.85708],[133.23898,44.85776],[133.24576,44.85869],[133.24908,44.86084],[133.25668,44.86293],[133.25943,44.86278],[133.2643,44.85342],[133.27247,44.84956],[133.28106,44.84987],[133.29708,44.8525],[133.32038,44.8477],[133.32643,44.84525]],[[133.21478,43.87293],[133.21672,43.87508],[133.22333,43.87791],[133.23564,43.88029],[133.24152,43.88009],[133.24297,43.88221],[133.24984,43.88483],[133.26556,43.88419]],[[133.21478,43.87293],[133.22073,43.86921],[133.22163,43.86718],[133.22025,43.86026],[133.22129,43.84887],[133.22059,43.84293],[133.22175,43.84151],[133.22103,43.83962],[133.22361,43.83241],[133.2264,43.83257],[133.22679,43.83383]],[[133.22476,43.20633],[133.23129,43.21005],[133.23247,43.21411],[133.23223,43.22304],[133.23047,43.23036],[133.22582,43.24119],[133.23106,43.24283],[133.23081,43.24476],[133.22718,43.2477],[133.22786,43.25038],[133.22696,43.2544],[133.22173,43.25966],[133.22072,43.26261],[133.21397,43.27187],[133.20406,43.28019],[133.1919,43.29549],[133.18573,43.30648],[133.1813,43.30755],[133.17667,43.3146],[133.17519,43.32401],[133.17641,43.32923],[133.17617,43.33403],[133.17763,43.33663],[133.17649,43.34296],[133.17761,43.34725],[133.18027,43.35007],[133.18188,43.36115],[133.18333,43.36444],[133.19073,43.37131],[133.19121,43.37545],[133.19411,43.3792],[133.19443,43.38151],[133.19827,43.3857],[133.20004,43.39019],[133.21222,43.4069],[133.21937,43.41366],[133.22496,43.4144],[133.23374,43.42282]],[[133.25828,44.15599],[133.26152,44.1595]],[[133.267,44.19856],[133.2692,44.19504],[133.27281,44.19312],[133.27394,44.18865],[133.26144,44.18442],[133.25581,44.18118],[133.25438,44.1742],[133.25168,44.1724],[133.25179,44.17136],[133.26018,44.16737]],[[133.30847,45.1246],[133.30429,45.11878],[133.30059,45.11981],[133.27472,45.11937],[133.27158,45.12176],[133.27149,45.12509],[133.26984,45.12721],[133.26092,45.12501],[133.25907,45.12985],[133.26069,45.13897]],[[133.26207,44.1554],[133.26455,44.15802]],[[133.2675,44.16578],[133.27021,44.16444]],[[133.27042,44.16465],[133.26764,44.16593]],[[133.27082,44.16418],[133.2773,44.16101]],[[133.27742,44.16114],[133.27098,44.16435]],[[133.27685,44.16973],[133.28742,44.17902],[133.30135,44.18482],[133.30611,44.18555]],[[133.28142,44.16382],[133.28523,44.16523],[133.28833,44.16865]],[[133.28663,44.9203],[133.32083,44.90774],[133.33474,44.9125],[133.33799,44.91856]],[[133.28938,44.14757],[133.29919,44.14186],[133.30361,44.1367],[133.30374,44.13481],[133.31348,44.12662],[133.3138,44.12196],[133.32146,44.11008]],[[133.3208,44.95116],[133.3034,44.96068],[133.29902,44.96937],[133.29246,44.97361],[133.29014,44.99004],[133.29115,44.99301],[133.28856,44.99398],[133.29497,45.003],[133.29251,45.00394]],[[133.30611,44.18555],[133.30347,44.18982],[133.31049,44.19122],[133.30741,44.19723],[133.31151,44.20189],[133.31521,44.20261],[133.31817,44.20087],[133.34164,44.2124],[133.34682,44.21228]],[[133.3191,44.16641],[133.31692,44.17106],[133.31758,44.1748],[133.30923,44.18141],[133.30611,44.18555]],[[133.30847,45.1246],[133.30724,45.12505],[133.30982,45.13098],[133.32081,45.13708],[133.32761,45.13947],[133.33256,45.13939],[133.33695,45.14426],[133.37521,45.16028],[133.39609,45.16556],[133.46437,45.1876],[133.46913,45.18822]],[[133.52544,45.10708],[133.51453,45.10411],[133.51001,45.09348],[133.48452,45.09809],[133.47448,45.10112],[133.46052,45.11043],[133.451,45.1151],[133.44792,45.11634],[133.44115,45.11819],[133.4351,45.11967],[133.43434,45.11984],[133.41064,45.12236],[133.35422,45.11545],[133.3294,45.11856],[133.32255,45.12196],[133.30847,45.1246]],[[133.3234,43.27026],[133.32953,43.26992],[133.34562,43.27259],[133.35049,43.27463],[133.35928,43.2751],[133.36661,43.27679],[133.37582,43.27647],[133.39071,43.2732],[133.39581,43.27422],[133.4008,43.27327]],[[133.33342,44.96456],[133.34395,44.96382],[133.3516,44.96593],[133.36627,44.96547]],[[133.3391,45.53405],[133.33934,45.53409]],[[133.33934,45.53409],[133.33868,45.53601],[133.33943,45.53805],[133.34537,45.54354],[133.34412,45.5476],[133.3478,45.55001],[133.35334,45.55107]],[[133.33961,45.53351],[133.33934,45.53409]],[[133.34692,43.5553],[133.35892,43.55909]],[[133.34692,43.5553],[133.34749,43.5572],[133.35057,43.55978],[133.35352,43.56803],[133.35652,43.57136],[133.35812,43.57715],[133.36082,43.58158],[133.37627,43.59452]],[[133.34692,43.5553],[133.34399,43.55035],[133.33992,43.54727],[133.33818,43.54235],[133.33442,43.53925],[133.33395,43.53513],[133.32984,43.53224],[133.3282,43.52515],[133.32215,43.51975],[133.32436,43.51547],[133.33022,43.51391],[133.33171,43.50946],[133.33425,43.50655],[133.33916,43.5024],[133.34554,43.49998],[133.34682,43.49795],[133.34604,43.49486],[133.35658,43.48876],[133.36084,43.48441],[133.37011,43.4799],[133.36971,43.47666],[133.37329,43.46878],[133.37221,43.46414],[133.37535,43.45877],[133.37294,43.4492],[133.37495,43.44287],[133.37315,43.44073],[133.36882,43.43904],[133.37364,43.43298],[133.37357,43.43017],[133.36868,43.42414],[133.36964,43.42202],[133.36841,43.4199],[133.36909,43.41727],[133.36694,43.40997],[133.36821,43.40494],[133.36702,43.40131],[133.36806,43.39825],[133.36466,43.39226],[133.36366,43.3868],[133.3603,43.37882],[133.36185,43.37699],[133.37661,43.37013],[133.37868,43.3663]],[[133.37302,45.45749],[133.36462,45.45938],[133.35653,45.46412]],[[133.35779,45.39665],[133.35206,45.39633],[133.35315,45.40081],[133.36019,45.40388],[133.3668,45.41515],[133.37505,45.42318],[133.37265,45.42696],[133.37451,45.43101],[133.37233,45.44355]],[[133.41377,45.3172],[133.41051,45.31548],[133.38282,45.3089],[133.37847,45.3088],[133.37644,45.31086],[133.36751,45.31263],[133.36469,45.31411],[133.36425,45.31563]],[[133.3711,45.45136],[133.3643,45.4524]],[[133.3658,43.36092],[133.35772,43.35508],[133.35707,43.34929],[133.35802,43.34153],[133.35663,43.33541],[133.35833,43.33301],[133.3572,43.32539],[133.35765,43.32372],[133.36044,43.32193],[133.37059,43.3201]],[[133.36627,44.96547],[133.38003,44.96858],[133.38453,44.97189],[133.40161,44.97466],[133.43586,44.97578],[133.44783,44.97062],[133.45541,44.97122],[133.47418,44.95938],[133.4878,44.95227],[133.49041,44.956]],[[133.36627,44.96547],[133.37523,44.95949],[133.38437,44.95064],[133.3956,44.93511],[133.39607,44.93265],[133.40324,44.92718],[133.40849,44.91988]],[[133.37302,45.45749],[133.3711,45.45136]],[[133.3711,45.45136],[133.36911,45.44458],[133.37233,45.44355]],[[133.37441,45.45092],[133.3711,45.45136]],[[133.37233,45.44355],[133.3735,45.44546],[133.37335,45.44785],[133.37416,45.45002],[133.37441,45.45092],[133.37449,45.45113],[133.37879,45.45649]],[[133.37353,45.45928],[133.37302,45.45749]],[[133.37879,45.45649],[133.37302,45.45749]],[[133.40074,45.01131],[133.38609,45.01466],[133.37487,45.02165]],[[133.39806,45.47163],[133.38837,45.47767],[133.38386,45.47914],[133.37954,45.47922],[133.37784,45.47729]],[[133.37879,45.45649],[133.3794,45.45809]],[[133.42614,44.2969],[133.42639,44.29715]],[[133.4287,45.46514],[133.42833,45.46678],[133.43014,45.47093],[133.43173,45.47185]],[[133.43176,45.48871],[133.43515,45.49097]],[[133.43176,45.48871],[133.42596,45.49344],[133.43405,45.49861],[133.43392,45.4996],[133.4384,45.50316],[133.44583,45.50493],[133.44673,45.50251],[133.44789,45.50257]],[[133.43408,45.48698],[133.43176,45.48871]],[[133.43459,45.11978],[133.43716,45.11145]],[[133.44591,45.49737],[133.44759,45.49601],[133.43744,45.48925]],[[133.44234,45.49996],[133.44029,45.50347]],[[133.44664,45.49774],[133.44432,45.49976]],[[133.45705,45.50267],[133.46387,45.50074],[133.46162,45.48927],[133.44917,45.48092]],[[133.47512,45.27217],[133.47459,45.26821],[133.45984,45.26547],[133.45326,45.26241]],[[133.46565,45.0505],[133.47529,45.05055],[133.48739,45.04031],[133.48578,45.03794],[133.48421,45.02984],[133.48575,45.02589],[133.48328,45.02547],[133.48253,45.02416],[133.48552,45.01936],[133.48269,45.01871],[133.47955,45.00763],[133.47734,45.00719],[133.47741,45.00141],[133.46629,44.99774],[133.46698,44.99427],[133.46572,44.98886],[133.46168,44.9806],[133.46192,44.97688],[133.45479,44.97144]],[[133.46051,45.50726],[133.4632,45.50861],[133.46421,45.50782]],[[133.46594,45.23118],[133.4692,45.23243]],[[133.52811,45.55081],[133.50937,45.56187],[133.50723,45.55273],[133.50738,45.54808],[133.50401,45.54268],[133.50223,45.54286],[133.50221,45.53112],[133.49446,45.5307],[133.49041,45.52864],[133.48514,45.52119],[133.47139,45.51471],[133.46678,45.50901]],[[133.50419,45.22782],[133.50004,45.23432],[133.49123,45.23503],[133.4692,45.23243]],[[133.46952,45.23417],[133.4692,45.23243]],[[133.47119,45.19484],[133.50207,45.19373],[133.52422,45.20237],[133.51699,45.2088],[133.50835,45.22763],[133.50419,45.22782]],[[133.47389,45.61617],[133.47704,45.61382],[133.47924,45.61499],[133.49795,45.61757],[133.50033,45.62009],[133.50195,45.6257],[133.50559,45.62799],[133.51158,45.63004],[133.52838,45.63225],[133.52992,45.63606],[133.53112,45.6357],[133.5299,45.63077],[133.53058,45.63015],[133.54691,45.63496],[133.56137,45.63455],[133.58219,45.63633],[133.59471,45.63604],[133.59567,45.64003],[133.61145,45.63937],[133.6237,45.63672],[133.62539,45.63501]],[[133.47604,44.32111],[133.47734,44.32813],[133.48012,44.32974],[133.48213,44.33307],[133.48879,44.3377],[133.49993,44.33792],[133.51927,44.34858],[133.51959,44.35172],[133.52226,44.35612],[133.52063,44.36655],[133.52474,44.36864],[133.52593,44.37187],[133.52848,44.37456],[133.53226,44.37614],[133.53367,44.3797],[133.53583,44.38131],[133.53549,44.38352],[133.54076,44.38818],[133.54692,44.38977],[133.55472,44.39503],[133.56104,44.39746],[133.5623,44.40047],[133.56596,44.40355],[133.56625,44.40551],[133.56944,44.40898],[133.5713,44.42049],[133.57517,44.42549]],[[133.47996,45.22329],[133.48122,45.22417]],[[133.48122,45.22417],[133.4808,45.22596]],[[133.48122,45.22417],[133.49575,45.22157],[133.50265,45.22339],[133.50416,45.22506],[133.50419,45.22782]],[[133.48887,45.12207],[133.49835,45.12057],[133.50762,45.11403],[133.52544,45.10708]],[[133.49455,45.08426],[133.51013,45.08193]],[[133.49483,45.08507],[133.4825,45.08686],[133.48052,45.08936],[133.49544,45.08703]],[[133.49727,45.09297],[133.51283,45.0903]],[[133.50747,45.30719],[133.50944,45.30615],[133.52064,45.30699]],[[133.51065,45.30202],[133.50944,45.30615]],[[133.51112,45.30188],[133.5109,45.30214]],[[133.51664,44.56054],[133.51191,44.54703],[133.51153,44.54035],[133.50862,44.53701],[133.50466,44.52689],[133.50269,44.51708],[133.49857,44.50985],[133.49135,44.48975],[133.49124,44.48598],[133.48848,44.48158],[133.48501,44.4719],[133.4824,44.45943],[133.48319,44.45502],[133.48205,44.45057],[133.48314,44.44458],[133.49001,44.44304],[133.49545,44.43515],[133.51014,44.44054],[133.51961,44.44054],[133.52221,44.43992],[133.53053,44.43292],[133.53746,44.43216],[133.55067,44.43766]],[[133.59666,45.25642],[133.59178,45.25219],[133.57671,45.25734],[133.57422,45.25969],[133.56873,45.2619],[133.55757,45.27147],[133.54955,45.27615],[133.54268,45.28259],[133.53869,45.28998],[133.52193,45.29616]],[[133.5449,45.08795],[133.53468,45.09398],[133.52811,45.10476],[133.52544,45.10708]],[[133.5449,45.08795],[133.56456,45.08881],[133.57498,45.09292],[133.58444,45.09238],[133.61689,45.08632],[133.62672,45.08324],[133.63261,45.07739],[133.63188,45.06894],[133.62979,45.06821],[133.62389,45.06063],[133.6135,45.04541],[133.61031,45.0386],[133.59981,45.02906]],[[133.5449,45.08795],[133.54454,45.08419],[133.53883,45.0757],[133.53931,45.06919],[133.54622,45.06136],[133.55133,45.06122],[133.55416,45.05984],[133.55755,45.05615],[133.55967,45.04926],[133.56927,45.0472]],[[133.54577,45.4664],[133.54779,45.4689],[133.55859,45.46477]],[[133.55067,44.43766],[133.55883,44.44683],[133.57031,44.45493],[133.56943,44.46272],[133.57385,44.46854],[133.5774,44.48056],[133.58221,44.48508],[133.59008,44.49789],[133.59035,44.50267],[133.59834,44.51244],[133.59668,44.51934],[133.59448,44.52334],[133.59496,44.52579],[133.59904,44.53031],[133.60493,44.53436],[133.6055,44.53837],[133.60027,44.54422],[133.59155,44.54817],[133.58298,44.54897],[133.58166,44.55041],[133.58266,44.5538],[133.59605,44.56217],[133.59521,44.56886],[133.59284,44.57291],[133.60624,44.59159],[133.60591,44.59772],[133.59689,44.6181],[133.60159,44.62937],[133.60057,44.63351],[133.59122,44.64202],[133.59665,44.64633],[133.59759,44.64991],[133.59678,44.65865],[133.6004,44.66189],[133.61016,44.66619],[133.61307,44.67705],[133.61714,44.68067],[133.62015,44.69544],[133.64229,44.70537],[133.63603,44.70965],[133.62146,44.71202],[133.61014,44.72788],[133.6058,44.74726],[133.60759,44.75903],[133.61146,44.75906]],[[133.57517,44.42549],[133.5732,44.42752],[133.55531,44.4373],[133.55067,44.43766]],[[133.70809,42.96244],[133.70009,42.96643],[133.68963,42.96831],[133.68409,42.97694],[133.68425,42.98136],[133.69317,42.98941],[133.69223,42.99339],[133.69351,42.99625],[133.6909,42.99876],[133.67725,42.99827],[133.67056,42.99941],[133.66489,42.99848],[133.66185,42.99594],[133.65376,42.99337],[133.64922,42.99518],[133.64667,42.99858],[133.64075,43.00152],[133.62712,43.00355],[133.61088,42.99855],[133.5999,42.98811],[133.58558,42.98467],[133.5792,42.99504],[133.56586,43.00715],[133.56507,43.0214],[133.56728,43.02738],[133.56648,43.03153],[133.56072,43.03949],[133.55663,43.04972],[133.55386,43.0526],[133.55312,43.06029]],[[133.55385,44.98225],[133.55631,44.98596],[133.56157,44.9888],[133.56333,44.993],[133.56112,44.99748],[133.55104,45.00747],[133.55176,45.01062],[133.55467,45.01261],[133.56514,45.01327],[133.56679,45.01547],[133.56502,45.01775],[133.55998,45.01938],[133.55664,45.02176],[133.55441,45.0266],[133.55593,45.02917],[133.55945,45.03121],[133.55951,45.03551],[133.56096,45.0381],[133.56899,45.04478],[133.56927,45.0472]],[[133.56146,45.37901],[133.57335,45.3797],[133.58486,45.36901],[133.58946,45.36089],[133.59581,45.35632],[133.60407,45.35727],[133.60837,45.35547],[133.63227,45.35179],[133.64441,45.36078],[133.66422,45.36928]],[[133.59981,45.02906],[133.5865,45.0359],[133.58329,45.03623],[133.57879,45.04119],[133.57446,45.04295],[133.56927,45.0472]],[[133.57499,44.42523],[133.57538,44.42525]],[[133.57517,44.42549],[133.59669,44.40112]],[[133.61146,44.75906],[133.61089,44.76149],[133.61211,44.76363],[133.61903,44.76688],[133.62514,44.77228],[133.62625,44.7776],[133.62538,44.78302],[133.62283,44.78791],[133.62058,44.80214],[133.61681,44.80855],[133.61596,44.81263],[133.60403,44.82258],[133.59045,44.82838],[133.58856,44.83261],[133.57654,44.8312]],[[133.58484,45.50812],[133.59662,45.5064],[133.60778,45.50244],[133.62472,45.48878],[133.62901,45.48766],[133.63528,45.48322],[133.6423,45.48031],[133.64825,45.4574]],[[133.59782,44.51487],[133.60855,44.51659]],[[133.65547,44.9347],[133.63686,44.95204],[133.62669,44.96635],[133.61653,44.97628],[133.61616,44.98154],[133.60631,44.98607],[133.60118,44.99247],[133.60103,44.99544],[133.59911,44.99859],[133.60176,45.00697],[133.60157,45.01452],[133.59949,45.01968],[133.59981,45.02906]],[[133.71354,45.5561],[133.70514,45.55234],[133.68929,45.55214],[133.67723,45.54749],[133.6604,45.55562],[133.63429,45.55383],[133.63192,45.55285],[133.6081,45.55606]],[[133.61146,44.75906],[133.61156,44.75906],[133.6117,44.75906],[133.61195,44.7591],[133.61859,44.76063],[133.62324,44.75981],[133.62302,44.76178],[133.62935,44.76056],[133.63409,44.76125],[133.63872,44.76]],[[133.61298,45.82453],[133.61575,45.82927],[133.6157,45.83106]],[[133.62539,45.63501],[133.62119,45.63593]],[[133.62454,43.55477],[133.6265,43.55339],[133.62654,43.55218],[133.63366,43.54753],[133.63829,43.53512],[133.63581,43.52757],[133.63762,43.52594],[133.63566,43.52283],[133.6365,43.52001],[133.63785,43.51919],[133.63729,43.51776],[133.64508,43.51267],[133.64473,43.50889],[133.64559,43.50735],[133.64835,43.5061],[133.65502,43.49873]],[[133.77196,45.64627],[133.76475,45.6403],[133.75776,45.64023],[133.75395,45.63551],[133.74917,45.63389],[133.73301,45.62201],[133.71502,45.62051],[133.70971,45.61809],[133.69044,45.61836],[133.68099,45.62326],[133.6672,45.62339],[133.65188,45.62659],[133.62539,45.63501]],[[133.64442,45.55465],[133.64329,45.56052],[133.64012,45.5611],[133.63757,45.56346],[133.63816,45.56624]],[[133.70873,45.92617],[133.70397,45.92292],[133.70137,45.91809],[133.69275,45.91275],[133.6788,45.90893],[133.67116,45.90527],[133.67013,45.90309],[133.65773,45.89725],[133.65685,45.89607],[133.65773,45.89156],[133.64493,45.87746],[133.63901,45.87868]],[[133.64155,44.70473],[133.64377,44.70085],[133.64914,44.70261],[133.65328,44.69937],[133.65866,44.67602],[133.66592,44.6764],[133.68312,44.66878],[133.70563,44.66855],[133.71305,44.66258],[133.7233,44.66325],[133.72799,44.66044],[133.74389,44.65547],[133.74933,44.6608],[133.75072,44.66598],[133.75848,44.6718],[133.7647,44.66908],[133.7776,44.65954],[133.7816,44.65496],[133.80172,44.65361],[133.80795,44.64994]],[[133.6672,45.74499],[133.66955,45.73853],[133.67318,45.73398],[133.6719,45.72225],[133.66309,45.71333],[133.66538,45.71186],[133.66158,45.70791],[133.6501,45.70697],[133.64169,45.70366]],[[133.64693,45.85603],[133.64737,45.85773],[133.65494,45.86395],[133.66219,45.86818]],[[133.64823,45.87991],[133.64637,45.87636],[133.6495,45.87505]],[[133.65547,44.9347],[133.67563,44.9358],[133.68887,44.93213],[133.69689,44.92253],[133.70137,44.91873],[133.70432,44.91811],[133.73122,44.91795],[133.7508,44.92226],[133.78393,44.91494],[133.79118,44.91538],[133.80415,44.91348],[133.82233,44.91295],[133.82888,44.91375],[133.84159,44.91808]],[[133.72885,44.79671],[133.72125,44.80111],[133.71631,44.8083],[133.70095,44.8401],[133.6989,44.84975],[133.69198,44.86195],[133.69196,44.87282],[133.69003,44.87797],[133.69322,44.88616],[133.69266,44.89031],[133.68117,44.89624],[133.66609,44.91555],[133.66165,44.92655],[133.65547,44.9347]],[[133.66318,44.0917],[133.66604,44.09042],[133.66867,44.09631],[133.67353,44.09735],[133.6792,44.09628],[133.7105,44.08482],[133.71842,44.07828],[133.724,44.07841],[133.72471,44.0817],[133.72288,44.08482],[133.72456,44.08998],[133.72449,44.09353],[133.73108,44.10041],[133.73533,44.10257],[133.74473,44.10191],[133.74812,44.10422],[133.75052,44.11286],[133.7482,44.12252],[133.75434,44.12554],[133.75621,44.13162],[133.76108,44.13732],[133.78608,44.1374],[133.79562,44.14025],[133.80967,44.13838],[133.81626,44.13895],[133.81826,44.13802],[133.8211,44.14077],[133.827,44.14144],[133.82941,44.14066],[133.83464,44.13585]],[[133.69246,44.86108],[133.67954,44.85883],[133.67169,44.85512]],[[133.7014,45.82629],[133.70379,45.82521],[133.70662,45.82175],[133.71215,45.82085],[133.71905,45.82085],[133.72386,45.82305],[133.72894,45.82363],[133.745,45.80638],[133.74846,45.79532],[133.75313,45.79595],[133.75574,45.7949],[133.77241,45.79807],[133.77243,45.80105],[133.77823,45.804],[133.78635,45.80628],[133.7958,45.8143],[133.80191,45.83852],[133.80557,45.83996],[133.81269,45.8454],[133.81501,45.8488],[133.8174,45.86425],[133.81988,45.87065],[133.82968,45.87685],[133.82925,45.88171],[133.83168,45.88989],[133.83062,45.89306],[133.83145,45.89827]],[[133.70914,45.92634],[133.70873,45.92617]],[[133.70873,45.92617],[133.70882,45.92665]],[[133.71661,45.93573],[133.71785,45.93614]],[[133.71951,45.92091],[133.71663,45.91982]],[[133.72295,45.93789],[133.72545,45.93855]],[[133.7247,45.93491],[133.727,45.93167]],[[133.727,45.93167],[133.72481,45.93495],[133.72735,45.93578]],[[133.727,45.93167],[133.72749,45.93105]],[[133.72749,45.93105],[133.73027,45.93203]],[[133.73588,45.92139],[133.72964,45.92998],[133.72749,45.93105]],[[133.73841,45.93491],[133.7473,45.92284]],[[133.74212,45.92988],[133.74729,45.93186]],[[133.75458,45.93262],[133.75253,45.92669],[133.75276,45.92283],[133.75093,45.92162]],[[133.7859,45.97088],[133.77912,45.97023],[133.7774,45.96887],[133.77338,45.96946],[133.77153,45.96773],[133.75763,45.97125],[133.75253,45.97316],[133.75167,45.97597],[133.75235,45.98149]],[[133.84905,46.02272],[133.84458,46.02281],[133.84262,46.02448],[133.83226,46.0274],[133.8171,46.03462],[133.81307,46.03549],[133.80212,46.03124],[133.79437,46.03265],[133.78811,46.03146],[133.78043,46.03955],[133.77647,46.0384],[133.77605,46.03924],[133.77923,46.04201],[133.77442,46.04525],[133.76625,46.0488],[133.75734,46.0488]],[[133.76057,45.97075],[133.76434,45.98088],[133.76929,45.98085],[133.77226,45.98216],[133.78847,45.98179],[133.80282,45.98687],[133.8079,45.98604]],[[133.78642,45.97098],[133.7859,45.97088]],[[133.7862,45.97071],[133.7859,45.97088]],[[133.83464,44.13585],[133.83426,44.14547],[133.83611,44.15179],[133.83277,44.15729],[133.82764,44.17467],[133.81838,44.18562],[133.81413,44.19249],[133.80692,44.19988],[133.80403,44.20138]],[[133.82067,43.78212],[133.81704,43.77534],[133.81407,43.77338],[133.81274,43.77106],[133.8162,43.76284],[133.8163,43.75958],[133.83311,43.74776],[133.83914,43.7475],[133.84936,43.74213],[133.86075,43.74156],[133.8674,43.73857],[133.87546,43.73046],[133.87669,43.72408],[133.87492,43.7197],[133.88014,43.71443],[133.89544,43.70684],[133.90877,43.70594],[133.91752,43.70335],[133.93028,43.69838],[133.93284,43.69586],[133.95091,43.68791],[133.96196,43.68521]],[[133.86015,44.28257],[133.8574,44.28108],[133.84706,44.26785],[133.84176,44.26344],[133.83703,44.25363],[133.83434,44.25276]],[[133.86365,44.1321],[133.86017,44.13054],[133.85474,44.13413],[133.84967,44.1321],[133.83464,44.13585]],[[133.84054,46.09296],[133.86088,46.08405],[133.86635,46.08352],[133.87234,46.08447],[133.87882,46.08309],[133.89392,46.07619]],[[133.84159,44.91808],[133.85297,44.92034],[133.85013,44.92519],[133.85081,44.92774],[133.84734,44.93193],[133.84866,44.94217],[133.85444,44.94628],[133.85888,44.94761],[133.86161,44.95221],[133.87184,44.95854],[133.87662,44.96654],[133.88228,44.97244],[133.8848,44.97909],[133.91956,45.00899],[133.92822,45.01946],[133.94161,45.02586],[133.96358,45.03415],[133.9637,45.03727]],[[133.84159,44.91808],[133.85778,44.90986],[133.86006,44.90683],[133.86557,44.90717],[133.87217,44.90427],[133.88217,44.88501],[133.88176,44.88164],[133.88338,44.87383],[133.88701,44.8708],[133.90015,44.87036],[133.90469,44.8719],[133.91366,44.87128],[133.92576,44.87301],[133.92741,44.868],[133.93158,44.86496],[133.93793,44.86632],[133.94216,44.87032],[133.9424,44.86742],[133.94532,44.86295],[133.95191,44.8584],[133.95724,44.85861],[133.95872,44.8577],[133.9599,44.85582],[133.95855,44.85111]],[[133.86194,44.11774],[133.87192,44.11716],[133.87482,44.11536]],[[133.86266,44.12505],[133.86877,44.12447],[133.89049,44.12728]],[[133.86315,44.10286],[133.87235,44.09614],[133.87142,44.09307],[133.87388,44.08312]],[[133.88413,44.04842],[133.88325,44.04684],[133.89303,44.0199]],[[133.88512,44.05485],[133.88916,44.06591],[133.88976,44.10332],[133.89369,44.11458],[133.89049,44.12728]],[[133.94017,46.19025],[133.92977,46.17702],[133.92735,46.17858],[133.91234,46.16309],[133.89009,46.1484]],[[133.89049,44.12728],[133.89074,44.13158],[133.89292,44.13595],[133.90154,44.14002],[133.90385,44.14249],[133.91153,44.17938]],[[133.90773,45.87589],[133.91074,45.88045],[133.91335,45.87972],[133.91834,45.8812],[133.92296,45.88067],[133.9311,45.885],[133.93884,45.88665],[133.94639,45.88638],[133.95373,45.88455],[133.95929,45.88499]],[[133.94729,46.19772],[133.9462,46.19839],[133.95012,46.20308],[133.93346,46.21329]],[[134.02731,44.33261],[134.01449,44.33115],[133.9964,44.33577],[133.96864,44.33121],[133.96051,44.3309],[133.94463,44.33757],[133.93594,44.34807]],[[133.99944,46.21582],[133.99654,46.21683],[133.99064,46.21478],[133.97758,46.21326],[133.95644,46.20683],[133.94966,46.1998],[133.94729,46.19772],[133.94569,46.19619],[133.94017,46.19025]],[[133.94017,46.19025],[133.94353,46.18802],[133.94662,46.1881],[133.95074,46.17907],[133.96093,46.1704]],[[134.0389,44.54296],[134.04298,44.54034],[134.0474,44.53999],[134.05222,44.53655],[134.05684,44.53626],[134.06037,44.53218],[134.06731,44.53006]],[[134.04565,46.367],[134.059,46.36869],[134.07859,46.38118],[134.08682,46.37858],[134.10863,46.39392],[134.1124,46.39192],[134.12064,46.39436]],[[134.05806,46.34928],[134.06541,46.34584],[134.07849,46.34961],[134.09762,46.34129],[134.1,46.34133],[134.10863,46.34758],[134.1172,46.35058],[134.1285,46.35247],[134.13808,46.35846],[134.14933,46.36224],[134.15319,46.3661],[134.15942,46.36626]],[[134.12064,46.39436],[134.13945,46.40809]],[[134.12064,46.39436],[134.13739,46.38307],[134.14666,46.38197],[134.16016,46.37289]],[[134.13103,45.69598],[134.13275,45.6954]],[[134.13275,45.6954],[134.13266,45.69418]],[[134.13275,45.6954],[134.13477,45.69682],[134.14616,45.69699],[134.14704,45.69644],[134.14611,45.6948]],[[134.35697,46.37083],[134.34903,46.37193],[134.34442,46.37396],[134.3394,46.37405],[134.30588,46.3703],[134.29564,46.36102],[134.28014,46.35365],[134.2734,46.34792],[134.26434,46.33539],[134.25782,46.32921],[134.24833,46.32233],[134.24068,46.31842],[134.23555,46.31195],[134.22884,46.30808],[134.20669,46.30948],[134.19751,46.31293],[134.18916,46.32188],[134.17697,46.33212],[134.14601,46.33581]],[[134.35999,45.99354],[134.32608,46.0047],[134.28966,46.01285],[134.27452,46.01447],[134.25235,46.0146],[134.2324,46.01699],[134.21555,46.01372],[134.2113,46.01382],[134.18643,46.01843],[134.15934,46.0102]],[[134.24522,44.40519],[134.23396,44.40563],[134.21296,44.41169],[134.20267,44.41269],[134.19021,44.41152],[134.18602,44.41052],[134.18268,44.40745],[134.17989,44.40659],[134.18161,44.39828],[134.17474,44.39507]],[[134.23881,43.16724],[134.23331,43.17],[134.232,43.168],[134.22968,43.16918],[134.22785,43.16703],[134.22558,43.16667],[134.22114,43.16122],[134.22109,43.15155],[134.21796,43.14671],[134.21109,43.14178],[134.20797,43.14139],[134.20377,43.13862],[134.19543,43.12863],[134.19037,43.12489],[134.18852,43.12176],[134.18872,43.11789],[134.18624,43.10869],[134.18532,43.10675],[134.18382,43.10643],[134.18062,43.09837],[134.17538,43.07373]],[[134.2778,46.44471],[134.26153,46.44265],[134.19661,46.45039],[134.19273,46.4529],[134.18568,46.46586],[134.18562,46.46915]],[[134.21071,45.97465],[134.21838,45.97551],[134.22023,45.97499],[134.22739,45.97413],[134.23244,45.97343],[134.23324,45.9733],[134.24133,45.97023]],[[134.23219,45.97346],[134.23238,45.97109]],[[134.24176,43.29214],[134.24028,43.28435],[134.25087,43.26778],[134.25034,43.2624],[134.25862,43.25304],[134.26519,43.23776],[134.28058,43.22096],[134.26611,43.21527],[134.2607,43.20883],[134.2603,43.20623],[134.2617,43.20311],[134.26112,43.19022],[134.25054,43.18076],[134.24912,43.17775],[134.25153,43.17399],[134.251,43.17191],[134.24824,43.16917],[134.25196,43.16936],[134.24648,43.1662],[134.2426,43.16722],[134.24121,43.16695],[134.23933,43.16729],[134.23881,43.16724]],[[134.23881,43.16724],[134.24396,43.16248],[134.25975,43.15609],[134.26839,43.14569],[134.27292,43.1359],[134.28991,43.12335]],[[134.25246,46.55303],[134.2498,46.55348]],[[134.25246,46.55303],[134.25224,46.55276],[134.25139,46.55175],[134.2513,46.55166],[134.25008,46.55102],[134.24907,46.55249],[134.25014,46.55288]],[[134.25224,46.55276],[134.25202,46.55305]],[[134.25994,46.56162],[134.25246,46.55303]],[[134.35697,46.37083],[134.35468,46.37624],[134.33903,46.39019],[134.33715,46.39706],[134.33119,46.40899],[134.32782,46.42048],[134.31771,46.42522],[134.31095,46.42448],[134.28578,46.42988],[134.27409,46.43714],[134.26788,46.43959]],[[134.27242,45.56985],[134.28787,45.57191],[134.30996,45.57681],[134.3125,45.57818],[134.33069,45.56356],[134.33687,45.56151],[134.35134,45.5583],[134.35623,45.55619],[134.39131,45.5282],[134.40791,45.52415],[134.42254,45.5153],[134.42608,45.51652],[134.42933,45.51609],[134.44022,45.51034],[134.44425,45.49296],[134.45272,45.49249],[134.47952,45.4831],[134.48323,45.477],[134.4936,45.46553],[134.50266,45.45837],[134.50367,45.45528],[134.50247,45.4514],[134.50559,45.44684],[134.50667,45.43764],[134.51941,45.43801]],[[134.27919,46.44488],[134.2778,46.44471]],[[134.27792,46.44458],[134.2778,46.44471]],[[134.28598,46.86127],[134.29662,46.86072],[134.30004,46.86462],[134.30135,46.8648],[134.30408,46.86276],[134.30468,46.85953],[134.30783,46.85904],[134.31265,46.86332],[134.31569,46.86905],[134.3174,46.87012],[134.32918,46.86995],[134.33139,46.87411],[134.34621,46.88058],[134.34981,46.88082],[134.34926,46.87813],[134.35108,46.87748],[134.35487,46.87803],[134.35782,46.88],[134.371,46.88229],[134.3746,46.88033],[134.387,46.88039],[134.39715,46.8768],[134.41188,46.87378],[134.42824,46.86787],[134.43295,46.86352],[134.44606,46.85955]],[[134.29162,46.44239],[134.28943,46.44258],[134.28821,46.44613]],[[134.30352,46.44532],[134.30013,46.44318],[134.29881,46.44298],[134.29783,46.44282],[134.29755,46.44278],[134.29162,46.44239]],[[134.30827,46.44985],[134.31274,46.44747],[134.30921,46.44551],[134.30834,46.44477],[134.30665,46.44325],[134.30656,46.44316],[134.30622,46.44289],[134.30572,46.44242],[134.30461,46.44117],[134.30404,46.44078],[134.3033,46.44052],[134.29647,46.43949],[134.29162,46.44239]],[[134.29291,46.44677],[134.29364,46.44254]],[[134.29592,46.64337],[134.3038,46.64824],[134.31115,46.6434],[134.3199,46.63212],[134.32193,46.63156],[134.32288,46.63381]],[[134.29902,46.44301],[134.30121,46.44021]],[[134.29912,46.44765],[134.30088,46.4498]],[[134.29947,46.44986],[134.30827,46.44985]],[[134.30286,46.44471],[134.30545,46.4434],[134.30665,46.44325],[134.31257,46.44056],[134.31341,46.44158],[134.32006,46.44267]],[[134.30827,46.44985],[134.30364,46.44544]],[[134.30786,46.44433],[134.3092,46.44368]],[[134.30902,46.45051],[134.30827,46.44985]],[[134.30843,46.44484],[134.30925,46.4444]],[[134.33687,45.56151],[134.34699,45.57306],[134.35834,45.57635],[134.36798,45.57709],[134.37976,45.58067],[134.3867,45.58612],[134.391,45.58783],[134.3969,45.59376],[134.39388,45.61124],[134.38878,45.61336],[134.38805,45.61506],[134.39414,45.62779],[134.39855,45.63074],[134.40115,45.63424],[134.4067,45.6368],[134.41599,45.64563],[134.41667,45.65246],[134.41284,45.66372],[134.4173,45.67231],[134.43274,45.68426],[134.43629,45.70773],[134.47423,45.73525],[134.47609,45.73822],[134.46927,45.75403],[134.46022,45.7851],[134.45839,45.80691],[134.45572,45.81103],[134.45923,45.81547],[134.45671,45.82098],[134.45202,45.8252],[134.45411,45.82956],[134.44733,45.84222]],[[134.33699,45.96333],[134.33768,45.96862],[134.34199,45.96805],[134.34224,45.96675]],[[134.3498,45.96251],[134.34691,45.97126],[134.34864,45.97441],[134.35263,45.97555],[134.34988,45.98277],[134.35377,45.98512],[134.35498,45.98937],[134.35727,45.99034],[134.35999,45.99354]],[[134.3845,46.33974],[134.36601,46.35099],[134.3639,46.35909],[134.35934,46.36418],[134.35697,46.37083]],[[134.35999,45.99354],[134.37359,45.98892]],[[135.39334,46.06583],[135.38965,46.06552],[135.39062,46.06758],[135.38231,46.06973],[135.37978,46.07456],[135.36449,46.07379],[135.35023,46.07056],[135.33067,46.05647],[135.31827,46.05153],[135.30775,46.04954],[135.29983,46.05191],[135.29038,46.06021],[135.28475,46.06291],[135.27575,46.06364],[135.2624,46.0608],[135.25249,46.06008],[135.2279,46.06317],[135.21028,46.0608],[135.18262,46.0595],[135.16766,46.06238],[135.15043,46.07753],[135.11195,46.07547],[135.04096,46.08499],[135.03104,46.08855],[135.00642,46.1043],[135.00122,46.11398],[135.00219,46.11586],[134.97519,46.1304],[134.97131,46.13463],[134.96842,46.13595],[134.96567,46.1424],[134.9558,46.1449],[134.94569,46.14221],[134.9344,46.14303],[134.88456,46.15894],[134.87264,46.162],[134.86762,46.16146],[134.86224,46.16321],[134.84645,46.15624],[134.83301,46.15389],[134.82227,46.14639],[134.81786,46.14501],[134.81086,46.14039],[134.76008,46.13474],[134.75758,46.13796],[134.7495,46.14018],[134.71691,46.13312],[134.71587,46.12688],[134.71383,46.12523],[134.70428,46.12387],[134.70387,46.11959],[134.70703,46.11187],[134.70478,46.10816],[134.68915,46.10768],[134.68288,46.10264],[134.66544,46.10184],[134.6656,46.09953],[134.66198,46.09646],[134.65865,46.09648],[134.63292,46.10556],[134.63069,46.11279],[134.63097,46.11543],[134.62915,46.11631],[134.62483,46.11535],[134.61954,46.11897],[134.61628,46.11958],[134.60785,46.11163],[134.59834,46.10515],[134.59897,46.10163],[134.59538,46.1009],[134.59031,46.09505],[134.58186,46.09307],[134.57547,46.08529],[134.5697,46.08181],[134.55398,46.07734],[134.54411,46.07726],[134.5183,46.06744],[134.51203,46.06242],[134.50033,46.05953],[134.48627,46.05987],[134.46978,46.05711],[134.45952,46.05678],[134.4441,46.05278],[134.43344,46.05346],[134.41061,46.0479],[134.40202,46.04414],[134.39339,46.04407],[134.3921,46.04056],[134.38841,46.03808],[134.38147,46.03475],[134.37153,46.03341],[134.36703,46.02753],[134.37087,46.01607],[134.38132,46.00633],[134.37617,45.99813],[134.37769,45.99462],[134.37359,45.98892]],[[134.52324,45.87669],[134.53023,45.89463],[134.5205,45.89929],[134.51539,45.9036],[134.50925,45.90646],[134.5071,45.9082],[134.5061,45.91204],[134.48862,45.9115],[134.47592,45.91602],[134.47337,45.92346],[134.46481,45.92654],[134.46195,45.92906],[134.44121,45.93983],[134.43628,45.94085],[134.43234,45.94422],[134.4297,45.95375],[134.42466,45.96234],[134.40929,45.96788],[134.40748,45.97246],[134.4011,45.97869],[134.38301,45.98389],[134.37359,45.98892]],[[134.37795,45.10495],[134.38132,45.11095],[134.38378,45.11919],[134.39229,45.1208]],[[134.40633,45.90417],[134.40768,45.91192],[134.40491,45.91512],[134.40494,45.91699],[134.40768,45.91882],[134.41034,45.92707],[134.40817,45.92774],[134.40802,45.92934],[134.39659,45.92968]],[[134.41716,44.21992],[134.41399,44.22717],[134.41477,44.23699],[134.41589,44.23934],[134.41422,44.2424],[134.41592,44.24774],[134.41302,44.25385],[134.41443,44.26714],[134.42243,44.27073],[134.42609,44.27323],[134.42835,44.27647],[134.42457,44.28121],[134.42462,44.2859],[134.42779,44.28803],[134.4324,44.30143],[134.43883,44.30532],[134.44599,44.31405],[134.45322,44.31891],[134.45418,44.32246],[134.45303,44.32744],[134.45451,44.33258],[134.46608,44.34146],[134.47292,44.34935],[134.47748,44.35155],[134.47756,44.35334],[134.48019,44.35655],[134.47388,44.3627]],[[134.44606,46.85955],[134.44988,46.85932],[134.45104,46.86068],[134.44046,46.864]],[[134.44606,46.85955],[134.4513,46.8567]],[[134.44675,46.86196],[134.44908,46.85971]],[[134.4646,45.84992],[134.4799,45.84999],[134.48871,45.85193],[134.51159,45.85397],[134.52199,45.85872]],[[134.51941,45.43801],[134.53648,45.43936],[134.54149,45.44105],[134.5447,45.43888],[134.54454,45.43614],[134.54623,45.43432],[134.5526,45.43058],[134.57559,45.43277],[134.58461,45.4303],[134.5999,45.43262],[134.60462,45.43545],[134.61407,45.43475],[134.62713,45.44046],[134.64034,45.4386],[134.64504,45.43963],[134.65076,45.43813],[134.6574,45.43925],[134.68298,45.43917],[134.68623,45.44089],[134.69124,45.44098],[134.69267,45.44326],[134.70717,45.44443],[134.72299,45.44875]],[[134.51941,45.43801],[134.52364,45.41328],[134.5287,45.40499],[134.52211,45.36924],[134.52491,45.35689],[134.52685,45.35389],[134.52529,45.34481],[134.53003,45.32403],[134.52988,45.32042],[134.53277,45.31607],[134.54502,45.30787],[134.558,45.3055],[134.56564,45.29998],[134.57554,45.29648]],[[134.53735,43.29472],[134.53281,43.30124],[134.53073,43.30591],[134.53126,43.30781],[134.52878,43.30902],[134.52918,43.31066],[134.52527,43.3168],[134.52682,43.32432]],[[134.63203,43.57002],[134.6405,43.57225],[134.64461,43.57194],[134.64876,43.5744],[134.64983,43.57658],[134.6546,43.57643]],[[134.66314,43.98079],[134.67174,43.9796],[134.67868,43.97626],[134.68432,43.97494],[134.69802,43.97527],[134.6991,43.97454],[134.69983,43.97031],[134.70229,43.96914]],[[134.67243,46.56327],[134.66858,46.56482]],[[134.79831,43.35183],[134.78634,43.35216],[134.7817,43.35587],[134.78014,43.35949],[134.78343,43.36352],[134.78207,43.36641],[134.78161,43.3719],[134.78357,43.37646],[134.77848,43.37924],[134.7745,43.38717],[134.76848,43.39243],[134.7586,43.39404],[134.74829,43.39752],[134.74609,43.39979],[134.74793,43.40096],[134.74733,43.40419],[134.7384,43.40892],[134.73247,43.40972],[134.72827,43.41161],[134.71822,43.40883],[134.71413,43.40539]],[[134.74254,43.41033],[134.74511,43.40822],[134.75329,43.40565],[134.7668,43.40342]],[[134.74733,43.40419],[134.74881,43.40699]],[[134.91428,45.94354],[134.9049,45.95562],[134.89416,45.95903]],[[134.90662,45.88869],[134.90814,45.88486],[134.90825,45.87866],[134.91149,45.87483],[134.91134,45.8723],[134.91282,45.86983],[134.90946,45.8679],[134.90348,45.86181]],[[134.91221,45.94245],[134.91471,45.93997],[134.9252,45.93861],[134.92772,45.93566],[134.92835,45.93164],[134.93326,45.92934],[134.93198,45.92723],[134.93416,45.92097],[134.93239,45.90172]],[[135.05132,44.27152],[135.05009,44.28632]],[[135.055,44.25186],[135.05679,44.25662]],[[135.10355,44.36491],[135.09739,44.35325],[135.09493,44.34046],[135.08061,44.33529],[135.06848,44.33365],[135.05802,44.32367],[135.0566,44.30369],[135.05502,44.29806]],[[135.15925,45.78218],[135.1694,45.77585],[135.17294,45.77679],[135.1786,45.77639],[135.18729,45.77887],[135.18975,45.78241],[135.20561,45.79608],[135.23025,45.80668],[135.23322,45.8088],[135.2336,45.81065],[135.23704,45.81419],[135.25748,45.81903],[135.26965,45.82843],[135.2721,45.83242],[135.27542,45.83163]],[[135.64137,44.15513],[135.64161,44.15803],[135.63561,44.1617],[135.63476,44.16599],[135.63232,44.16711],[135.62495,44.16652],[135.61552,44.16915],[135.61522,44.17109],[135.61832,44.17148],[135.61635,44.1736],[135.60845,44.17655],[135.60128,44.18289],[135.59246,44.18811],[135.55891,44.19581],[135.55322,44.19877],[135.55099,44.20191],[135.54516,44.20626],[135.54972,44.2139],[135.54666,44.21675],[135.54129,44.21908],[135.53745,44.22311],[135.52944,44.22261],[135.52309,44.22397],[135.51876,44.22976],[135.51103,44.23294],[135.48295,44.23948],[135.47258,44.24474],[135.46151,44.24574],[135.45278,44.24806],[135.44535,44.25112],[135.44491,44.25554],[135.43511,44.26323],[135.41908,44.26858],[135.41587,44.27124],[135.4053,44.27405],[135.38207,44.27747],[135.36452,44.26885],[135.32901,44.27425],[135.31313,44.27354],[135.30631,44.27033],[135.28845,44.2683],[135.27345,44.27052],[135.25551,44.26863],[135.24541,44.26554],[135.23825,44.26175],[135.23251,44.25725],[135.23109,44.25333],[135.22342,44.25082],[135.2178,44.2514],[135.19995,44.24813]],[[135.24436,43.87712],[135.24651,43.87356],[135.24704,43.8661],[135.24584,43.86237],[135.24236,43.85759],[135.24109,43.85105]],[[135.27233,45.85025],[135.27192,45.84097],[135.2739,45.83795],[135.27421,45.83445],[135.27672,45.83277]],[[135.2888,43.74777],[135.28713,43.75276],[135.28331,43.75295],[135.28004,43.75568]],[[135.28887,43.74721],[135.2888,43.74777]],[[135.2888,43.74777],[135.28933,43.7475]],[[135.30703,44.27053],[135.31075,44.26616],[135.31574,44.26313],[135.31721,44.25766],[135.32119,44.25654],[135.33092,44.2579],[135.335,44.25972],[135.34737,44.25644],[135.34724,44.246],[135.34827,44.2439]],[[135.31774,43.78857],[135.3188,43.79169],[135.31871,43.79866],[135.32196,43.80815],[135.32916,43.81725],[135.32954,43.82101],[135.34166,43.83339],[135.35298,43.83706],[135.38328,43.8521],[135.39138,43.85463],[135.4076,43.86371],[135.41105,43.86837],[135.41588,43.86909],[135.42183,43.86789],[135.44256,43.8747],[135.45133,43.87394],[135.45207,43.87534],[135.45554,43.87734],[135.45531,43.88337],[135.4583,43.88699],[135.45397,43.89052],[135.45527,43.89543],[135.46707,43.90307],[135.46331,43.90658],[135.4617,43.91055],[135.46133,43.91544],[135.44875,43.91886],[135.4509,43.92202],[135.45042,43.92633],[135.45132,43.92945],[135.44573,43.93603],[135.44626,43.93838],[135.44507,43.93904],[135.44924,43.9401],[135.45063,43.94165],[135.45302,43.94918],[135.45174,43.95182],[135.45246,43.95343],[135.46081,43.95627],[135.46582,43.95669]],[[135.49919,44.56092],[135.49869,44.56129],[135.49758,44.56209],[135.49727,44.56226],[135.47175,44.57551],[135.46466,44.58542],[135.45231,44.59482],[135.43569,44.61042],[135.42576,44.61473],[135.41755,44.62123],[135.37259,44.62751],[135.34288,44.6264]],[[135.40372,46.61131],[135.40559,46.61018],[135.40664,46.60552],[135.4035,46.60479],[135.405,46.59524],[135.40042,46.59141],[135.38876,46.58753],[135.38538,46.58384],[135.37869,46.57995],[135.3775,46.57547],[135.37166,46.57113],[135.36349,46.56999],[135.35904,46.56323],[135.3537,46.55804],[135.35087,46.54902],[135.34772,46.54521],[135.34883,46.54107],[135.35241,46.53789]],[[135.50893,43.89059],[135.50953,43.88477],[135.50612,43.88337],[135.50421,43.88074],[135.49955,43.87877],[135.49261,43.87367],[135.48324,43.87215],[135.47667,43.86779],[135.4708,43.86659],[135.468,43.86426],[135.46592,43.86468],[135.46326,43.86753],[135.46345,43.87487],[135.45545,43.87727]],[[135.51684,46.66153],[135.51099,46.65597],[135.49838,46.64951],[135.49284,46.64543]],[[135.49834,44.56088],[135.49334,44.55808]],[[135.49919,44.56092],[135.49834,44.56088]],[[135.49869,44.56129],[135.49834,44.56088]],[[135.50894,44.55385],[135.49919,44.56092]],[[135.50965,44.55343],[135.50927,44.55384],[135.50906,44.5539],[135.50894,44.55385]],[[135.52796,44.54207],[135.50894,44.55385]],[[135.55451,44.54967],[135.5563,44.5472]],[[135.55461,44.54958],[135.55463,44.5497]],[[135.62318,44.57343],[135.62386,44.57516],[135.62017,44.57517],[135.6208,44.58097],[135.62508,44.58258],[135.63432,44.59189],[135.64723,44.60051],[135.6535,44.61198],[135.65643,44.61511],[135.65569,44.62176],[135.65715,44.62479],[135.65608,44.62621],[135.65507,44.63342],[135.65735,44.64436],[135.65942,44.64858],[135.65966,44.65788],[135.66902,44.66529],[135.67419,44.66756],[135.67744,44.67227],[135.68029,44.6722],[135.67842,44.6744],[135.6789,44.67682],[135.69086,44.68239],[135.70117,44.68473],[135.70957,44.6844],[135.71944,44.68621],[135.72933,44.68828],[135.74202,44.693],[135.75279,44.69392],[135.76056,44.6919],[135.77383,44.69736],[135.78111,44.69562],[135.78627,44.70044],[135.7905,44.70267],[135.80456,44.70571],[135.80761,44.70994],[135.81268,44.71166],[135.82267,44.71785]],[[135.6233,44.56579],[135.62244,44.56806],[135.6244,44.56934],[135.62245,44.57159],[135.62318,44.57343]],[[135.63458,44.55563],[135.63683,44.55776],[135.63617,44.56343],[135.63231,44.56319],[135.62935,44.56814],[135.63095,44.57124],[135.62464,44.57105],[135.62318,44.57343]],[[135.62327,44.56073],[135.62951,44.56069]],[[135.62327,44.56073],[135.6233,44.56579]],[[135.62557,44.55855],[135.62327,44.56073]],[[135.6233,44.56579],[135.62754,44.56568],[135.62951,44.56069],[135.63146,44.55939],[135.63069,44.55736],[135.63458,44.55563]],[[135.62557,44.55855],[135.62566,44.55895]],[[135.62657,44.55472],[135.62557,44.55855]],[[135.63458,44.55563],[135.63522,44.55449]],[[135.64701,45.42213],[135.65623,45.42465],[135.65899,45.42642],[135.66005,45.43042],[135.66519,45.43752],[135.66403,45.44609],[135.6663,45.45217],[135.67737,45.46504],[135.68245,45.46848],[135.68537,45.47299],[135.69381,45.47591],[135.69835,45.47989],[135.70765,45.48504],[135.71421,45.48441],[135.71642,45.48624],[135.72073,45.48647],[135.72345,45.48964],[135.72746,45.49043],[135.73695,45.48826],[135.74365,45.4921],[135.74649,45.49648],[135.75052,45.49773],[135.7517,45.49975],[135.75575,45.51155],[135.7549,45.51479],[135.75869,45.52155],[135.76243,45.52396],[135.75992,45.52749],[135.76138,45.52922],[135.76475,45.52853],[135.7678,45.53262],[135.77323,45.53663],[135.78426,45.54194],[135.7974,45.54614],[135.8154,45.55611],[135.82417,45.56436],[135.82491,45.5695],[135.82671,45.57283],[135.82444,45.57494],[135.8253,45.576],[135.82888,45.57805],[135.83702,45.57981],[135.86177,45.59342],[135.86729,45.5973],[135.86857,45.60162],[135.87394,45.60757],[135.87514,45.60744],[135.87667,45.60145],[135.87972,45.60469],[135.87994,45.60766],[135.88616,45.61047],[135.89472,45.6111],[135.8966,45.61426],[135.89582,45.61623],[135.89742,45.61749],[135.8959,45.62457],[135.90018,45.62617],[135.90386,45.63112],[135.91212,45.63481],[135.91848,45.64097],[135.93909,45.64322],[135.94062,45.64146],[135.94308,45.64127],[135.94554,45.63953],[135.94764,45.64016],[135.95309,45.63662],[135.95479,45.6372],[135.95351,45.63998],[135.95471,45.64063],[135.96701,45.63829],[135.97558,45.63838],[135.97837,45.64069],[135.98129,45.63814],[135.98485,45.63913],[135.99128,45.63862],[135.9967,45.64314],[135.99221,45.64446],[135.99308,45.64602],[136.00768,45.65011],[136.00844,45.65196],[136.00698,45.65531],[136.00939,45.65693],[136.01114,45.66064],[136.01068,45.6629],[136.01296,45.66457],[136.01797,45.66479],[136.02127,45.66795],[136.02478,45.66652],[136.02956,45.66651],[136.03008,45.66872],[136.03453,45.67022],[136.03815,45.67762],[136.04183,45.67991],[136.04239,45.68174],[136.04644,45.68083],[136.04864,45.68218],[136.05428,45.68025],[136.05846,45.68051],[136.06024,45.6822],[136.05994,45.68551],[136.06737,45.68577],[136.07453,45.68153],[136.08683,45.67805],[136.0908,45.6813],[136.08946,45.68553],[136.09327,45.68714],[136.09635,45.69173],[136.09696,45.68999],[136.09973,45.68842],[136.10985,45.68556],[136.11066,45.68287],[136.11708,45.67968],[136.11276,45.68594],[136.10843,45.6895],[136.12313,45.68415],[136.13496,45.68188],[136.14953,45.68272],[136.17141,45.68803],[136.18266,45.68735],[136.19098,45.68496],[136.20975,45.68816],[136.22425,45.68911],[136.23066,45.69157],[136.23425,45.69449],[136.23641,45.69843],[136.23187,45.71309],[136.23469,45.71606],[136.23454,45.72129],[136.23714,45.72321],[136.24047,45.73524]],[[135.81702,44.37232],[135.81864,44.37584],[135.82303,44.38036],[135.8219,44.38097]],[[135.81833,44.34815],[135.81647,44.34999],[135.82211,44.34978],[135.83564,44.3458],[135.83772,44.34216],[135.83873,44.34261],[135.83869,44.34521]],[[135.82964,46.44699],[135.82946,46.45572],[135.83471,46.46257]],[[135.8803,44.41435],[135.87719,44.4212],[135.8811,44.4253]],[[136.00265,44.455],[136.01602,44.45773],[136.03186,44.47129]],[[136.48263,45.95689],[136.47498,45.95507],[136.45564,45.95462],[136.4476,45.95212],[136.44002,45.95279],[136.43118,45.952],[136.42237,45.9382],[136.41239,45.9333],[136.40199,45.92268],[136.38612,45.91458],[136.37657,45.90816],[136.36792,45.89834],[136.35681,45.89083],[136.35179,45.88501],[136.3473,45.88348],[136.3416,45.87873],[136.33013,45.87562],[136.31529,45.85953],[136.30975,45.85549],[136.30447,45.85341],[136.28756,45.85219],[136.27505,45.85503],[136.26293,45.84746],[136.26202,45.84185],[136.25857,45.83973],[136.25555,45.83558],[136.24665,45.83109],[136.23533,45.82118],[136.2298,45.81847],[136.21241,45.81767],[136.21269,45.81404],[136.2181,45.81252],[136.23316,45.81165],[136.23744,45.81026],[136.24144,45.80806],[136.24529,45.80312],[136.23785,45.78576],[136.23764,45.77954],[136.23948,45.77365],[136.23757,45.76597],[136.24649,45.75591],[136.24905,45.75098],[136.2433,45.74321],[136.23698,45.74218],[136.23734,45.73839],[136.24047,45.73524]],[[136.24047,45.73524],[136.24845,45.73397],[136.25369,45.73472],[136.26209,45.73123],[136.28642,45.71661],[136.29233,45.70802],[136.29621,45.70482],[136.30171,45.70293],[136.30593,45.70253],[136.312,45.70558],[136.3111,45.70993],[136.31529,45.71181],[136.32394,45.71245],[136.33284,45.7102],[136.35194,45.71175],[136.35935,45.7106],[136.37246,45.70486],[136.38638,45.6964],[136.39224,45.69431],[136.40532,45.68705],[136.41426,45.67714],[136.42487,45.67597],[136.42507,45.6717],[136.429,45.67068],[136.43297,45.66698],[136.44568,45.6487],[136.44807,45.64141],[136.444,45.63566],[136.44572,45.6325],[136.4456,45.62682],[136.44709,45.62043],[136.44549,45.61441],[136.44685,45.61218],[136.44709,45.60706],[136.45389,45.60117],[136.45407,45.59777],[136.45143,45.59196],[136.45146,45.58971],[136.45371,45.58347],[136.45715,45.58033],[136.45747,45.57082],[136.46003,45.56519],[136.45922,45.56363],[136.46002,45.56138],[136.46317,45.55594],[136.47137,45.54984],[136.47653,45.54069],[136.48613,45.54164],[136.49096,45.54002],[136.4948,45.53724],[136.49719,45.53169],[136.50734,45.52551],[136.51166,45.52153],[136.52129,45.51675],[136.52325,45.51721],[136.5238,45.51461],[136.54392,45.50599],[136.54837,45.50233],[136.56018,45.50123],[136.56381,45.49927],[136.57538,45.49775],[136.59033,45.49291],[136.61505,45.49093],[136.62635,45.489],[136.63505,45.48576],[136.65204,45.48285],[136.66283,45.47737],[136.66281,45.47582]],[[136.27605,44.79716],[136.28926,44.81318]],[[136.28281,44.76372],[136.2786,44.7601]],[[136.28169,44.76203],[136.28927,44.75563]],[[136.28927,44.75563],[136.2908,44.75703],[136.28687,44.77261]],[[136.29323,44.74827],[136.28605,44.75208],[136.28927,44.75563]],[[136.28927,44.75563],[136.29144,44.75398],[136.29751,44.75259]],[[136.29323,44.74827],[136.29339,44.74779]],[[136.29371,44.74801],[136.29323,44.74827]],[[136.29807,44.75182],[136.30015,44.75084],[136.31207,44.75228]],[[136.53374,45.11073],[136.52596,45.10461],[136.51993,45.10217],[136.51513,45.09849],[136.51478,45.09192],[136.5083,45.08246],[136.50721,45.07731],[136.50884,45.06744],[136.51153,45.0615],[136.51714,45.05447],[136.51544,45.05301],[136.51268,45.05481],[136.51255,45.05315],[136.5183,45.04915],[136.52154,45.04544],[136.52574,45.04764],[136.53518,45.04304],[136.56093,45.03835],[136.56246,45.03577],[136.56245,45.03496],[136.56233,45.03398],[136.56223,45.03221]],[[136.56233,45.03398],[136.56322,45.03381]],[[136.66281,45.47582],[136.66097,45.47375],[136.6452,45.46504],[136.64392,45.46325],[136.6438,45.45947],[136.63994,45.45543],[136.63797,45.45018],[136.6443,45.44123],[136.64801,45.4377],[136.65179,45.43639],[136.65367,45.43407],[136.65107,45.43337],[136.65342,45.43085],[136.65215,45.42528],[136.65303,45.4214],[136.65133,45.41666],[136.65664,45.4079],[136.65528,45.40488],[136.65473,45.39716],[136.65248,45.39306],[136.65296,45.38996],[136.65105,45.38344],[136.6441,45.38051],[136.63995,45.3748],[136.63689,45.37373],[136.63158,45.36634],[136.61954,45.35821],[136.61663,45.35224],[136.60596,45.3391],[136.59554,45.3218],[136.58972,45.31712],[136.58157,45.31399],[136.57742,45.31048],[136.57157,45.30797],[136.57039,45.30649],[136.56897,45.29917],[136.56221,45.29577],[136.55507,45.28735],[136.55468,45.28301],[136.55257,45.27778],[136.54993,45.27649],[136.54974,45.27411],[136.54528,45.26552],[136.5363,45.25934],[136.53204,45.25227],[136.52031,45.2399],[136.52007,45.23573],[136.51649,45.2308],[136.51964,45.22564],[136.5176,45.22455],[136.51814,45.22164],[136.52869,45.20468],[136.52811,45.19899],[136.52897,45.19671],[136.53396,45.19291],[136.54224,45.18956],[136.54503,45.18613],[136.54878,45.16601],[136.54494,45.13638],[136.5356,45.12253],[136.53081,45.11217],[136.53374,45.11073],[136.53774,45.10914],[136.54251,45.10802],[136.55121,45.10309],[136.55747,45.10364],[136.56653,45.10072],[136.57885,45.09216],[136.58911,45.0802],[136.59511,45.07632],[136.59654,45.0723],[136.60125,45.06595],[136.60929,45.05866],[136.61107,45.05383],[136.60935,45.05144]],[[136.66281,45.47582],[136.66801,45.47688],[136.67698,45.47317],[136.68592,45.47394],[136.68853,45.47987],[136.69784,45.48538],[136.7047,45.49204],[136.70456,45.49398],[136.7026,45.49651],[136.70247,45.50097],[136.70574,45.50236],[136.70589,45.50011],[136.70909,45.49731],[136.71525,45.50397],[136.71701,45.50461],[136.71899,45.50359],[136.72081,45.5095]],[[136.72081,45.5095],[136.726,45.51088],[136.73245,45.50942],[136.7346,45.50628],[136.73786,45.50642],[136.74378,45.50373],[136.74326,45.50048],[136.74413,45.4995],[136.74954,45.50054],[136.75894,45.49833],[136.75869,45.49693],[136.76238,45.49955],[136.78354,45.50043],[136.8066,45.50867],[136.81443,45.51272],[136.83921,45.50819],[136.84493,45.50827],[136.85917,45.51276],[136.8721,45.51451],[136.88657,45.51901],[136.88646,45.51004],[136.88438,45.50469],[136.88987,45.49614],[136.8924,45.49489],[136.8942,45.49005],[136.89594,45.48946],[136.89888,45.49084],[136.89923,45.48813],[136.90442,45.48619],[136.90766,45.48679],[136.9092,45.48463],[136.91253,45.48398],[136.91559,45.48186],[136.91728,45.47948],[136.92211,45.48292],[136.93086,45.48317],[136.93691,45.48056],[136.94332,45.48083],[136.96379,45.48538],[136.97241,45.48566],[136.9804,45.48957],[136.98786,45.49086],[136.99512,45.49369],[137.00076,45.49397],[137.006,45.49286],[137.01294,45.48682],[137.01531,45.48043],[137.0209,45.47753],[137.02531,45.47311],[137.02847,45.46496],[137.03588,45.45702],[137.04505,45.4552],[137.05704,45.45528],[137.06881,45.45356],[137.0744,45.44956],[137.08746,45.44472],[137.09415,45.44022],[137.09708,45.43679],[137.09605,45.43305],[137.09797,45.43003],[137.10903,45.42225],[137.11467,45.41971],[137.12117,45.41872],[137.12609,45.41575],[137.13085,45.41609],[137.14387,45.41132],[137.14988,45.41037],[137.15925,45.41264],[137.15979,45.41443],[137.16508,45.41679]],[[136.72081,45.5095],[136.71758,45.50959],[136.71642,45.51311],[136.72045,45.5154],[136.71991,45.51681],[136.72531,45.51971],[136.72557,45.52247],[136.72178,45.52364],[136.72907,45.52519],[136.73244,45.53038],[136.73253,45.53369],[136.74231,45.54778],[136.74395,45.55479],[136.74925,45.55971],[136.75071,45.56692],[136.75676,45.57362],[136.75836,45.57933],[136.76542,45.5833],[136.76966,45.59648],[136.77347,45.60169],[136.77308,45.60378],[136.77509,45.60799],[136.77879,45.61232],[136.78624,45.63027],[136.78563,45.6337],[136.78785,45.63683],[136.79539,45.63766],[136.79732,45.63987],[136.79586,45.64333],[136.79214,45.64685],[136.78501,45.64998],[136.78093,45.65502],[136.77746,45.6621],[136.77463,45.66442],[136.76668,45.66685],[136.76215,45.67337],[136.76348,45.67487],[136.77189,45.67725],[136.77636,45.68092],[136.77836,45.6898],[136.77577,45.69299],[136.77786,45.69699],[136.77783,45.74048],[136.78024,45.74478],[136.77777,45.74586],[136.77782,45.74869],[136.7739,45.75892],[136.76779,45.76511],[136.76813,45.77876],[136.77275,45.77994],[136.77446,45.78239],[136.79339,45.78428],[136.79956,45.78621],[136.8145,45.8033],[136.81734,45.80507],[136.82083,45.81114],[136.82156,45.8216],[136.8179,45.82544],[136.81676,45.83736],[136.81862,45.84402],[136.81616,45.8491],[136.8202,45.86165],[136.8204,45.87119],[136.84101,45.88978],[136.84931,45.9049],[136.86392,45.91054],[136.87553,45.92885],[136.88078,45.93379],[136.91848,45.95299],[136.92299,45.95771],[136.94343,45.96637],[136.95016,45.97239],[136.95874,45.97724],[136.96368,45.9817],[136.96493,45.98647],[136.96819,45.98953],[136.96786,45.99131],[136.98339,45.99401],[136.98459,45.9926],[136.99458,45.99314],[137.00343,46.00196],[137.00497,46.00514],[137.00462,46.00744],[137.00581,46.00725],[137.00854,46.00357],[137.01081,46.00603],[137.01644,46.00409],[137.02046,46.00448],[137.02331,46.00664],[137.0217,46.00923],[137.02601,46.00653],[137.02796,46.00685],[137.03322,46.00934],[137.0389,46.01385],[137.04493,46.01562],[137.0483,46.01781],[137.05055,46.02015],[137.05237,46.02499],[137.06098,46.031],[137.07272,46.02976],[137.11083,46.03345],[137.12006,46.03053],[137.12923,46.02922],[137.13646,46.02584],[137.15141,46.02698],[137.15821,46.02333],[137.16881,46.02129],[137.17998,46.01373],[137.18508,46.00748],[137.18402,46.00537],[137.18456,46.00411],[137.19941,45.99135],[137.20606,45.98785],[137.21972,45.98543],[137.22467,45.98344],[137.23547,45.98452],[137.25059,45.98855],[137.25506,45.99125],[137.27703,45.99032],[137.28192,45.9892],[137.28126,45.98737],[137.2832,45.98728],[137.28406,45.98583],[137.28246,45.98439],[137.28681,45.98284],[137.28729,45.98165],[137.29299,45.97973],[137.29454,45.98036],[137.29706,45.9782],[137.30385,45.97616],[137.31454,45.9756],[137.33499,45.97829],[137.35325,45.97236],[137.37623,45.9812],[137.38015,45.99045],[137.38014,45.99274],[137.38127,45.99169],[137.3813,45.98936],[137.37982,45.98442],[137.38274,45.98363],[137.38216,45.981],[137.37945,45.98105],[137.38052,45.97936],[137.37867,45.97748],[137.38297,45.97763],[137.38564,45.97493],[137.38689,45.97569],[137.38979,45.97482],[137.3924,45.97097],[137.39098,45.97005],[137.38854,45.97376],[137.38551,45.97246],[137.38105,45.97503],[137.3827,45.97136],[137.38161,45.9707],[137.38588,45.96919],[137.38428,45.96752],[137.38814,45.96777],[137.39342,45.96575],[137.3975,45.96235],[137.41006,45.9576],[137.41772,45.95131],[137.42575,45.94275],[137.42916,45.93373],[137.42843,45.92697],[137.43258,45.91863],[137.43559,45.91602],[137.44626,45.9117],[137.45328,45.91096],[137.46955,45.91397],[137.49826,45.91168],[137.5039,45.9095],[137.50604,45.9062],[137.51134,45.90196],[137.5181,45.90319],[137.52291,45.90282],[137.52961,45.89912],[137.55628,45.89407],[137.56757,45.88719],[137.57149,45.88343],[137.57677,45.88206],[137.58146,45.88225],[137.58625,45.88059],[137.58827,45.87963],[137.5914,45.87503],[137.60527,45.86958],[137.63019,45.85475],[137.64228,45.85161],[137.64711,45.8485],[137.65174,45.84709],[137.66171,45.84704],[137.67094,45.84877],[137.68394,45.84927],[137.68935,45.8542],[137.68449,45.85897],[137.68262,45.86644],[137.67562,45.87969],[137.675,45.88398],[137.67628,45.89654],[137.67342,45.90863],[137.6833,45.91429],[137.68773,45.91818],[137.68429,45.9219],[137.68513,45.9237],[137.68848,45.92415],[137.68917,45.92755],[137.69541,45.92928],[137.69423,45.93046],[137.68573,45.92745],[137.68491,45.92842],[137.68862,45.93109],[137.7026,45.93715],[137.70917,45.94402],[137.72196,45.95111],[137.73824,45.95238],[137.75551,45.95549],[137.75662,45.95672],[137.75622,45.95908],[137.76395,45.97209],[137.76516,45.97665],[137.76122,45.97893]],[[137.67735,45.83981],[137.6778,45.83849],[137.68607,45.8402]],[[137.6785,45.84331],[137.67783,45.84405],[137.67896,45.8462],[137.68399,45.84917]],[[137.68414,45.84932],[137.68062,45.84315],[137.68073,45.84022],[137.6819,45.8395]],[[138.00408,46.17078],[138.00519,46.16621],[138.00406,46.16338],[138.0079,46.15872],[138.00005,46.14644],[137.9869,46.13474],[137.97716,46.12401],[137.96793,46.118],[137.96256,46.11483],[137.94381,46.10944],[137.93616,46.10586],[137.92284,46.10867],[137.91681,46.1052],[137.90956,46.10476],[137.89151,46.0931],[137.89158,46.08876],[137.88963,46.08486],[137.88176,46.08269],[137.88001,46.07955],[137.87915,46.06772],[137.87233,46.05828],[137.86669,46.05495],[137.8525,46.04974],[137.84524,46.04863],[137.8429,46.04501],[137.83085,46.03932],[137.82479,46.03913],[137.81462,46.04458],[137.80222,46.04161],[137.80099,46.03604],[137.80574,46.03075],[137.78572,46.0197],[137.78022,46.00613],[137.77765,46.00291],[137.77391,46.00099],[137.77432,45.9986],[137.77296,45.99492],[137.76617,45.98774],[137.76395,45.98233],[137.76122,45.97893]],[[138.30358,46.5462],[138.30373,46.54729],[138.29564,46.55188],[138.29281,46.55616],[138.28993,46.55826],[138.27851,46.55728],[138.26231,46.56034],[138.25505,46.56288],[138.25222,46.56121],[138.24295,46.56209],[138.24038,46.56083],[138.23015,46.55952],[138.22605,46.56009],[138.22791,46.56353],[138.22453,46.56426],[138.2165,46.56122],[138.21471,46.55933],[138.2085,46.55651],[138.20757,46.5548],[138.20456,46.55542],[138.20267,46.55451],[138.1964,46.55801],[138.19403,46.55574],[138.19403,46.55392],[138.18928,46.55382],[138.18703,46.55064],[138.17763,46.54822],[138.17785,46.54573],[138.17036,46.54681],[138.16752,46.546],[138.16872,46.54334],[138.1644,46.54551],[138.16188,46.54407],[138.16144,46.54525],[138.15669,46.54549],[138.15622,46.54374],[138.15548,46.54602],[138.14926,46.54689],[138.14314,46.54963],[138.12653,46.55802],[138.12063,46.56244],[138.10733,46.55323],[138.10941,46.55025],[138.10567,46.55139],[138.09919,46.54554],[138.09474,46.54449],[138.09009,46.54105],[138.08025,46.53874],[138.0661,46.54056],[138.05942,46.53637],[138.05583,46.53552],[138.0507,46.53077],[138.03071,46.51902],[138.0284,46.51507],[138.0222,46.51004],[138.02253,46.507],[138.02096,46.50593],[138.01927,46.50127],[138.01789,46.50393],[138.01848,46.50758],[138.01106,46.50283],[138.0077,46.50381],[138.00502,46.49738],[137.99987,46.49677],[138.00049,46.49585],[137.99862,46.4956],[137.99506,46.49099],[137.99455,46.48761],[138.00329,46.47857],[138.00353,46.4762],[138.00017,46.47232],[137.99929,46.46874],[138.00283,46.46726],[138.00547,46.46281],[138.00297,46.456],[138.00382,46.45337],[138.00288,46.45289],[137.99415,46.45329],[137.98197,46.45764],[137.97308,46.46274],[137.96468,46.46473],[137.95328,46.46325],[137.93483,46.45683],[137.93035,46.45736],[137.91593,46.45023],[137.90768,46.44826],[137.87979,46.45037],[137.87398,46.45213],[137.86757,46.45079],[137.8603,46.45481],[137.85326,46.46098],[137.85406,46.46612],[137.85088,46.46296],[137.85037,46.46096],[137.83934,46.46344],[137.83695,46.46724],[137.834,46.46556],[137.82499,46.46758],[137.82361,46.46632],[137.82961,46.46288],[137.83233,46.45748],[137.83154,46.45646],[137.82877,46.45792],[137.82673,46.45764],[137.82458,46.46114],[137.82213,46.46174],[137.82354,46.46208],[137.82854,46.45984],[137.82807,46.46091],[137.82353,46.46373],[137.81832,46.46511],[137.81849,46.46617],[137.81375,46.46335],[137.80473,46.46281],[137.79821,46.45844],[137.79633,46.45505],[137.78126,46.44678],[137.78024,46.44317],[137.7762,46.43763],[137.77753,46.43381],[137.77635,46.42961],[137.77347,46.42652],[137.76116,46.42725],[137.75613,46.42901],[137.74609,46.42669],[137.74941,46.43054],[137.74476,46.43316],[137.73417,46.43486],[137.72618,46.43272],[137.71539,46.43461],[137.71439,46.43174],[137.72076,46.42767],[137.72386,46.42387],[137.73259,46.42278],[137.73271,46.42129],[137.72588,46.42191],[137.72085,46.41619],[137.72259,46.41158],[137.72946,46.4109],[137.7347,46.40869],[137.72892,46.40711],[137.72887,46.40614],[137.73131,46.40515],[137.73898,46.40508],[137.74429,46.40709],[137.74478,46.40507],[137.74762,46.40618],[137.74855,46.40514],[137.75129,46.40545],[137.75288,46.4024],[137.75526,46.40346],[137.75806,46.40164],[137.76198,46.40115],[137.76124,46.39852],[137.76234,46.39729],[137.76648,46.3966],[137.76805,46.39299],[137.76537,46.39459],[137.76096,46.39309],[137.75755,46.39422],[137.75712,46.39163],[137.75005,46.39433],[137.74754,46.38995],[137.7447,46.38971],[137.73817,46.39254],[137.73249,46.3931],[137.72153,46.39631],[137.71842,46.39885],[137.7025,46.39831],[137.69889,46.39638],[137.69519,46.39599],[137.68871,46.39884],[137.681,46.39057],[137.68001,46.38535],[137.68084,46.38366],[137.6799,46.38257],[137.68314,46.38137],[137.68496,46.38388],[137.68478,46.38613],[137.68766,46.38783],[137.6871,46.38581],[137.68845,46.38302],[137.68717,46.38151],[137.68769,46.37919],[137.6945,46.3732],[137.69799,46.37314],[137.69882,46.37175],[137.69432,46.36913],[137.69673,46.36627],[137.69137,46.36062],[137.69669,46.35708],[137.69392,46.35471],[137.6947,46.35317],[137.69391,46.35092],[137.70305,46.34322],[137.71364,46.34075],[137.72357,46.33041],[137.72591,46.33029],[137.72452,46.32885],[137.72536,46.32573],[137.73217,46.31485],[137.73184,46.30636],[137.74342,46.30192],[137.75639,46.29862],[137.76746,46.29386],[137.78023,46.29196],[137.78792,46.2896],[137.79645,46.28404],[137.80573,46.28106],[137.81255,46.27618],[137.80948,46.27035],[137.81064,46.26846],[137.80431,46.25709],[137.79656,46.24668],[137.79412,46.23921],[137.78969,46.23684],[137.78504,46.23605],[137.77466,46.23669],[137.78198,46.2341],[137.77635,46.23002],[137.77388,46.22933],[137.77094,46.23013],[137.77184,46.22569],[137.76751,46.2252],[137.76345,46.22746],[137.76344,46.22571],[137.76516,46.22404],[137.76418,46.22266],[137.76246,46.22258],[137.75888,46.22521],[137.76065,46.22061],[137.75378,46.21256],[137.75497,46.20891],[137.75538,46.19416],[137.75892,46.18938],[137.7584,46.18054],[137.75651,46.17714],[137.74236,46.16866],[137.73343,46.15667],[137.73281,46.14845],[137.73364,46.14603],[137.73018,46.13223],[137.72565,46.12457],[137.72614,46.1201],[137.72287,46.11667],[137.72273,46.11407],[137.72016,46.11051],[137.72005,46.10833],[137.72464,46.10079],[137.72735,46.0904],[137.73101,46.08537],[137.7313,46.07644],[137.72989,46.06824],[137.72725,46.06431],[137.72723,46.0597],[137.72058,46.05116],[137.72042,46.04779],[137.71881,46.04543],[137.71166,46.03849],[137.70621,46.03684],[137.7063,46.03492],[137.70327,46.03365],[137.70264,46.03214],[137.70498,46.03194],[137.7102,46.02306],[137.71823,46.01543],[137.72528,46.0005],[137.73301,45.99605],[137.73795,45.99031],[137.7446,45.98871],[137.74652,45.98545],[137.75178,45.98143],[137.76122,45.97893]],[[138.29225,46.547],[138.3026,46.54545]],[[138.3026,46.54545],[138.30358,46.5462],[138.3066,46.54704],[138.31684,46.54],[138.33048,46.54121]],[[138.3026,46.54545],[138.30073,46.54299],[138.30579,46.53919],[138.31754,46.53628],[138.33675,46.53891]],[[132.28695,43.29584],[132.28696,43.29565],[132.28718,43.29571],[132.28713,43.29584],[132.28704,43.29586],[132.28699,43.29585],[132.28695,43.29584]],[[132.29331,43.29349],[132.29347,43.29341],[132.29358,43.29351],[132.29342,43.29361],[132.29331,43.29349]]]}},{"type":"Feature","properties":{"roadClass":"trunk"},"geometry":{"type":"MultiLineString","coordinates":[[[130.78029,42.71039],[130.77797,42.71389],[130.77787,42.72068],[130.75782,42.73236],[130.75078,42.73781],[130.73365,42.74477],[130.72332,42.7453],[130.6748,42.73097],[130.65019,42.72688],[130.63589,42.72915],[130.62151,42.72646],[130.6118,42.72108],[130.60378,42.72084],[130.59337,42.72218],[130.57548,42.72909],[130.56107,42.72704],[130.55701,42.72743],[130.54486,42.73328],[130.53263,42.73707],[130.51411,42.74807],[130.49746,42.74978],[130.47037,42.76899],[130.46992,42.76916],[130.46974,42.76923],[130.4686,42.7695],[130.46108,42.77001]],[[130.46974,42.76923],[130.47046,42.76767],[130.47227,42.76739]],[[130.46992,42.76916],[130.47135,42.76818]],[[130.77964,42.71076],[130.77311,42.71381],[130.75579,42.71714],[130.75059,42.71675],[130.72795,42.70507],[130.70844,42.69798],[130.69943,42.69067],[130.68882,42.68429],[130.65261,42.66975],[130.65001,42.66726],[130.64902,42.64658],[130.65545,42.64021],[130.6595,42.63824],[130.66438,42.63779],[130.67696,42.64285],[130.68274,42.64186],[130.6858,42.64015],[130.69055,42.64071],[130.70002,42.63061],[130.7156,42.62122],[130.71799,42.61772],[130.71861,42.61415],[130.71724,42.60909],[130.6963,42.58169],[130.70241,42.55801],[130.69362,42.55428],[130.67893,42.53318],[130.66364,42.52008],[130.66263,42.51617],[130.66374,42.51234],[130.65862,42.50366],[130.65593,42.49249],[130.65225,42.48751],[130.65076,42.48215],[130.64451,42.47955],[130.63737,42.47176],[130.63725,42.46491],[130.63529,42.45878],[130.63616,42.45506],[130.64418,42.4425],[130.65071,42.4385],[130.65449,42.43055],[130.66002,42.42251],[130.65761,42.41783],[130.63963,42.40906]],[[130.77964,42.71076],[130.7799,42.71094]],[[130.78029,42.71039],[130.77964,42.71076]],[[130.83265,42.70505],[130.8215,42.70258],[130.81133,42.70222],[130.8043,42.70509],[130.78953,42.70559],[130.78029,42.71039]],[[130.83265,42.70505],[130.83307,42.70506],[130.83327,42.70499],[130.83362,42.70456],[130.83401,42.70535]],[[130.83401,42.70535],[130.83265,42.70505]],[[131.10804,42.7271],[131.08755,42.71803],[131.06681,42.71634],[131.04787,42.71723],[131.01583,42.72262],[131.00614,42.72737],[131.00067,42.72877],[130.9882,42.72724],[130.97753,42.72353],[130.96489,42.7264],[130.94193,42.72709],[130.91909,42.72102],[130.88672,42.71846],[130.88395,42.71717],[130.88048,42.71238],[130.87707,42.7105],[130.85586,42.70785],[130.84587,42.70943],[130.83401,42.70535]],[[131.10804,42.7271],[131.11281,42.72888]],[[131.11281,42.72888],[131.11039,42.72804],[131.10804,42.7271]],[[131.3114,42.88186],[131.31096,42.87925],[131.30582,42.87504],[131.30391,42.87155],[131.30387,42.86959],[131.30662,42.86599],[131.30688,42.86368],[131.30033,42.85077],[131.29817,42.8488],[131.26684,42.83471],[131.25145,42.8304],[131.24343,42.82555],[131.23333,42.8272],[131.22501,42.82181],[131.22209,42.82113],[131.20832,42.82335],[131.20558,42.82293],[131.20122,42.82037],[131.19996,42.81502],[131.197,42.80914],[131.18046,42.80034],[131.16985,42.7965],[131.16651,42.79368],[131.16289,42.78831],[131.15528,42.78912],[131.15363,42.78097],[131.1618,42.76257],[131.15678,42.75121],[131.15444,42.74906],[131.13562,42.73957],[131.12836,42.73373],[131.11946,42.73173],[131.11281,42.72888]],[[131.19305,44.41192],[131.18258,44.40952],[131.17643,44.4067],[131.16437,44.40528],[131.15824,44.40587]],[[131.16188,44.40534],[131.16438,44.4052],[131.1762,44.40657],[131.18199,44.40893],[131.1903,44.4103],[131.19305,44.41192]],[[131.38479,44.39049],[131.37588,44.39488],[131.36242,44.39712],[131.34522,44.40706],[131.3369,44.41038],[131.32059,44.40756],[131.30849,44.40147],[131.30152,44.39969],[131.27817,44.40046],[131.26951,44.39883],[131.25573,44.39929],[131.24376,44.39572],[131.23078,44.39348],[131.22769,44.39445],[131.22593,44.39789],[131.21877,44.40497],[131.20876,44.41024],[131.20225,44.41238],[131.19887,44.41473],[131.19655,44.41444],[131.19305,44.41192]],[[131.25221,44.01795],[131.25184,44.0179]],[[131.25275,44.01833],[131.25221,44.01795],[131.25282,44.01775]],[[131.25312,44.01779],[131.25386,44.01817],[131.25307,44.01837]],[[131.25707,44.01742],[131.25386,44.01817]],[[131.25707,44.01742],[131.25929,44.01545],[131.2599,44.01537]],[[131.2599,44.01537],[131.25707,44.01742]],[[131.42612,44.02263],[131.414,44.02572],[131.4102,44.03098],[131.40242,44.03349],[131.39626,44.03432],[131.38973,44.03675],[131.37995,44.03461],[131.37794,44.03248],[131.37496,44.03262],[131.36953,44.03807],[131.3548,44.03579],[131.3472,44.03027],[131.33898,44.02963],[131.33356,44.03069],[131.32539,44.02752],[131.31577,44.02652],[131.2599,44.01537]],[[131.89887,43.54663],[131.88207,43.55148],[131.87772,43.55126],[131.87027,43.55319],[131.85908,43.55797],[131.84994,43.55856],[131.84702,43.55681],[131.84437,43.54951],[131.84093,43.54628],[131.83966,43.54293],[131.83555,43.53779],[131.82138,43.53017],[131.81563,43.52424],[131.80943,43.51636],[131.80882,43.51218],[131.81693,43.50031],[131.81616,43.49335],[131.81462,43.4907],[131.78713,43.46774],[131.77568,43.46125],[131.76798,43.45331],[131.75134,43.44367],[131.745,43.43606],[131.74461,43.43007],[131.74256,43.42512],[131.73834,43.40119],[131.73628,43.3968],[131.74381,43.37897],[131.74429,43.37513],[131.74124,43.37051],[131.73209,43.36421],[131.72558,43.36211],[131.71477,43.3621],[131.70555,43.35849],[131.68964,43.35965],[131.67142,43.35662],[131.65806,43.35684],[131.64508,43.36118],[131.63023,43.3624],[131.60637,43.35494],[131.588,43.34554],[131.5831,43.33758],[131.58421,43.32939],[131.59495,43.31791],[131.59729,43.30782],[131.60498,43.30249],[131.60642,43.2999],[131.60475,43.29288],[131.59721,43.29016],[131.59018,43.28302],[131.58653,43.26822],[131.5877,43.25756],[131.5801,43.25031],[131.57905,43.2474],[131.57914,43.24197],[131.57654,43.23706],[131.57207,43.23458],[131.56716,43.23358],[131.55765,43.23476],[131.53982,43.23149],[131.53381,43.22659],[131.52396,43.22121],[131.5205,43.21708],[131.51392,43.2121],[131.50955,43.20302],[131.50423,43.19771],[131.4968,43.18678],[131.48768,43.18107],[131.48427,43.18093],[131.47397,43.17612],[131.46606,43.16881],[131.46014,43.16571],[131.44688,43.16231],[131.43788,43.15868],[131.43155,43.15187],[131.42055,43.1461],[131.41862,43.14352],[131.41821,43.13449],[131.41721,43.1323],[131.40728,43.1277],[131.39923,43.12139],[131.38497,43.10529],[131.38474,43.09904],[131.38066,43.0791],[131.37543,43.07545],[131.36811,43.06725],[131.35628,43.0591],[131.35335,43.05523],[131.34494,43.03823],[131.33328,43.02595],[131.3346,43.02052],[131.32654,43.00897],[131.32864,43.00191],[131.32613,42.99065],[131.32103,42.98163],[131.31987,42.97746],[131.31651,42.97309],[131.31453,42.9603],[131.31565,42.95592],[131.32058,42.94887],[131.3183,42.93877],[131.32515,42.92848],[131.32453,42.91917],[131.31945,42.91528],[131.31825,42.9114],[131.32118,42.90732],[131.32518,42.90483],[131.32581,42.90279],[131.32471,42.90103],[131.31464,42.89491],[131.3099,42.88947],[131.30905,42.88621],[131.3114,42.88186]],[[131.3114,42.88186],[131.31185,42.88179]],[[131.3849,44.39096],[131.38479,44.39049]],[[131.38479,44.39049],[131.38442,44.38767],[131.38918,44.37789],[131.40326,44.36093],[131.43898,44.35626],[131.46239,44.34225],[131.46736,44.34333],[131.47594,44.34896],[131.47747,44.35038],[131.47876,44.35436],[131.48196,44.35683],[131.49679,44.36296],[131.51,44.36548],[131.5173,44.36239],[131.52131,44.35598],[131.52416,44.35534],[131.52829,44.35794],[131.54224,44.35563],[131.55539,44.356],[131.56038,44.35781],[131.58236,44.34952],[131.59935,44.35213],[131.61866,44.33651],[131.62311,44.33089],[131.62841,44.32071],[131.63085,44.31292],[131.63587,44.30579],[131.63753,44.2957],[131.64061,44.29002],[131.64049,44.28539],[131.63656,44.2724],[131.63957,44.26245],[131.6499,44.25537],[131.65435,44.24039],[131.6586,44.2338],[131.66412,44.22947],[131.67496,44.2245],[131.68921,44.21374],[131.69787,44.20248],[131.69899,44.19868],[131.69982,44.18291],[131.70626,44.16692],[131.70691,44.15372],[131.70395,44.13393],[131.70522,44.1281],[131.70992,44.11711],[131.72482,44.10513],[131.72746,44.09736],[131.72852,44.08524],[131.74563,44.06462]],[[131.43392,44.00947],[131.42816,44.01099],[131.42913,44.01402],[131.42612,44.02263]],[[131.42612,44.02263],[131.42684,44.02262],[131.42715,44.02269],[131.428,44.02337],[131.42866,44.03204],[131.42975,44.03312],[131.45581,44.03585],[131.47149,44.03996],[131.47723,44.03882],[131.48168,44.03925],[131.49209,44.04193],[131.49547,44.04684],[131.49953,44.04784],[131.50194,44.05186],[131.50483,44.06439],[131.51125,44.0668],[131.54216,44.06698],[131.5478,44.0714],[131.55292,44.07219],[131.55767,44.07538],[131.56523,44.07834],[131.58475,44.07747],[131.61225,44.06873],[131.62537,44.06144],[131.63108,44.05522],[131.636,44.05281],[131.64706,44.05615],[131.6779,44.05774],[131.69293,44.05143],[131.70765,44.05315],[131.72377,44.05994],[131.72911,44.06033],[131.74563,44.06462]],[[131.7839,43.92733],[131.76315,43.93941],[131.75598,43.94615],[131.70502,43.95453],[131.67684,43.95739],[131.65619,43.95255],[131.64013,43.95549],[131.63746,43.94829],[131.62011,43.94562],[131.60986,43.94833],[131.59354,43.95004],[131.58607,43.95426],[131.58218,43.95841],[131.56222,43.95772],[131.54606,43.9546],[131.52917,43.95752],[131.49432,43.95855],[131.47333,43.97219],[131.46495,43.97467],[131.46455,43.97613],[131.46636,43.97843],[131.46576,43.97964],[131.45294,43.98665],[131.4535,43.992],[131.45249,43.99478],[131.43421,44.0094]],[[131.6991,44.19728],[131.69963,44.19806]],[[131.74563,44.06462],[131.75798,44.05198],[131.76392,44.04169],[131.76384,44.03614],[131.77524,43.9803],[131.7821,43.94709],[131.78706,43.92914]],[[131.78508,43.92659],[131.7839,43.92733]],[[131.78706,43.92914],[131.78643,43.92738],[131.78518,43.92707],[131.7839,43.92733]],[[131.78508,43.92659],[131.79127,43.92276]],[[131.79112,43.92505],[131.79057,43.9259],[131.78994,43.92593],[131.78936,43.92589],[131.78855,43.92582],[131.78769,43.92576],[131.78692,43.9258],[131.78508,43.92659]],[[131.78706,43.92914],[131.78834,43.92703],[131.78958,43.92511]],[[131.78958,43.92511],[131.79079,43.92334]],[[131.79112,43.92505],[131.78958,43.92511]],[[131.79079,43.92334],[131.79112,43.92505]],[[131.79079,43.92334],[131.79127,43.92276]],[[131.79127,43.92276],[131.8255,43.88884],[131.84446,43.87196],[131.8453,43.86703],[131.87226,43.84341],[131.88113,43.83674],[131.90026,43.82563],[131.91141,43.82199],[131.93037,43.81245],[131.93338,43.81195]],[[131.89611,43.10272],[131.89437,43.1016]],[[131.89609,43.10202],[131.89545,43.10131],[131.89556,43.10206]],[[131.89611,43.10272],[131.89609,43.10202]],[[131.89609,43.10202],[131.89612,43.10075],[131.89645,43.0997],[131.89938,43.0959]],[[131.90277,43.12018],[131.89983,43.11769],[131.89706,43.11608],[131.89647,43.11539],[131.89611,43.10272]],[[131.89654,43.11498],[131.89877,43.11622]],[[131.89654,43.11498],[131.90344,43.11971]],[[131.89949,43.09595],[131.89626,43.10073],[131.89654,43.11498]],[[131.89887,43.54663],[131.90371,43.55273],[131.90918,43.55523],[131.91817,43.55798],[131.92421,43.55771],[131.93668,43.55936],[131.93875,43.56147],[131.94049,43.56822],[131.94406,43.57444],[131.94961,43.57654]],[[131.91882,43.47423],[131.91807,43.47306],[131.91725,43.47303],[131.91663,43.47316],[131.91642,43.47325],[131.91622,43.47338],[131.91498,43.48045],[131.91041,43.48416],[131.90871,43.48669],[131.90803,43.49216],[131.91274,43.49869],[131.90602,43.50423],[131.90941,43.50753],[131.90706,43.51129],[131.90678,43.51809],[131.89947,43.52725],[131.89605,43.53604],[131.89579,43.54249],[131.89887,43.54663]],[[131.89949,43.09595],[131.89938,43.0959]],[[131.89938,43.0959],[131.90092,43.09416]],[[131.9009,43.09431],[131.89949,43.09595]],[[131.90092,43.09416],[131.90082,43.09388]],[[131.9009,43.09431],[131.9011,43.09467]],[[131.91925,43.09254],[131.91716,43.09286],[131.90888,43.09308],[131.9009,43.09431]],[[131.90092,43.09416],[131.90832,43.09304],[131.91563,43.09283]],[[131.90418,43.12052],[131.90383,43.12083],[131.90336,43.12095],[131.90322,43.12095],[131.9029,43.12088],[131.90165,43.12054]],[[131.90418,43.12052],[131.90277,43.12018]],[[131.9038,43.12166],[131.90347,43.12115],[131.90319,43.12072],[131.90277,43.12018]],[[131.90344,43.11971],[131.90518,43.12052]],[[131.90344,43.11971],[131.90418,43.12052]],[[131.90707,43.12657],[131.9038,43.12166]],[[131.9038,43.12166],[131.90518,43.12052]],[[131.90518,43.12052],[131.90876,43.12467]],[[131.90647,43.14965],[131.90592,43.14931]],[[131.90592,43.14931],[131.90572,43.14899],[131.90587,43.14893],[131.90597,43.14891],[131.90651,43.1488]],[[131.90592,43.14931],[131.90624,43.149]],[[131.90643,43.14899],[131.90701,43.14905]],[[131.91176,43.15947],[131.91112,43.1561],[131.91102,43.15576],[131.9108,43.15531],[131.90647,43.14965]],[[131.90647,43.14965],[131.90631,43.14923],[131.90624,43.149],[131.90613,43.14869],[131.90603,43.14834],[131.90574,43.14524],[131.90612,43.14455],[131.91001,43.14052],[131.91087,43.13535]],[[131.90651,43.1488],[131.90666,43.14845]],[[131.90651,43.1488],[131.90691,43.14873],[131.907,43.14897]],[[131.907,43.14897],[131.90682,43.1488],[131.90651,43.1488]],[[131.90675,43.14979],[131.9111,43.15546],[131.91202,43.15943]],[[131.91158,43.13047],[131.91155,43.13262],[131.91039,43.14019],[131.90596,43.14514],[131.90622,43.14834],[131.90643,43.14899],[131.90659,43.14943],[131.90675,43.14979]],[[131.90701,43.14905],[131.90675,43.14979]],[[131.907,43.14897],[131.90701,43.14905]],[[131.90954,43.12696],[131.90866,43.12663],[131.90707,43.12657]],[[131.90777,43.12676],[131.90707,43.12657]],[[131.90985,43.12715],[131.90918,43.12686],[131.90777,43.12676]],[[131.90985,43.12715],[131.90777,43.12676]],[[131.90876,43.12467],[131.91184,43.12674]],[[131.90876,43.12467],[131.91052,43.12774],[131.91158,43.13047]],[[131.90886,43.14218],[131.90948,43.14281]],[[131.90904,43.12487],[131.91051,43.12707]],[[131.9113,43.13281],[131.9114,43.13049],[131.90985,43.12715]],[[131.90987,43.14103],[131.91035,43.14236]],[[131.91087,43.13535],[131.91012,43.13334]],[[131.91051,43.12707],[131.9112,43.12693],[131.91036,43.12672]],[[131.91102,43.15576],[131.9105,43.15569]],[[131.91051,43.12707],[131.91065,43.12745]],[[131.9113,43.13281],[131.91087,43.13254]],[[131.91087,43.13535],[131.9113,43.13281]],[[131.9114,43.15595],[131.91118,43.15565]],[[131.91158,43.13047],[131.91215,43.13192]],[[131.91383,43.16505],[131.91176,43.15947]],[[131.91202,43.15943],[131.91176,43.15947]],[[131.91202,43.15943],[131.91408,43.165]],[[131.91317,43.48205],[131.91426,43.48176]],[[131.91597,43.17055],[131.91578,43.16988],[131.91495,43.16778],[131.91399,43.16535],[131.91383,43.16505]],[[131.91454,43.16706],[131.91383,43.16505]],[[131.91426,43.48176],[131.91389,43.48153]],[[131.91408,43.165],[131.91426,43.16528],[131.91523,43.16775],[131.91544,43.16835],[131.91552,43.16851],[131.91555,43.16859],[131.91599,43.16976],[131.91623,43.1705]],[[131.91408,43.165],[131.91416,43.16532],[131.91511,43.16778],[131.91592,43.16987],[131.91623,43.1705]],[[131.91426,43.48176],[131.91521,43.48149]],[[131.91494,43.16701],[131.91488,43.16707],[131.91477,43.1671],[131.91465,43.16711],[131.91454,43.16706]],[[131.91597,43.17055],[131.9153,43.16904],[131.91454,43.16706]],[[131.91515,43.16863],[131.9152,43.16856],[131.91531,43.1685],[131.91542,43.1685],[131.91552,43.16851]],[[131.91809,43.48201],[131.91521,43.48149]],[[131.91521,43.48149],[131.91696,43.47953]],[[131.91521,43.48149],[131.91745,43.48088],[131.9177,43.48081],[131.91847,43.48059],[131.91879,43.48057],[131.91885,43.48191]],[[131.91563,43.09283],[131.91755,43.09233]],[[131.91563,43.09283],[131.91766,43.09272],[131.91824,43.09262],[131.92089,43.09209],[131.92229,43.0914],[131.92401,43.08841],[131.92587,43.08685],[131.92594,43.0832],[131.92717,43.07983],[131.92771,43.07906]],[[131.92895,43.19287],[131.92672,43.19234],[131.9257,43.19181],[131.92106,43.18702],[131.91597,43.17055]],[[131.91617,43.17112],[131.91648,43.17106]],[[131.91623,43.1705],[131.91648,43.17106],[131.91735,43.17329],[131.9197,43.18017]],[[131.91796,43.48173],[131.91752,43.48072],[131.91729,43.4802],[131.91696,43.47953]],[[131.95214,43.3829],[131.9491,43.38838],[131.94695,43.39641],[131.94239,43.40119],[131.94859,43.41703],[131.93512,43.43042],[131.93259,43.43442],[131.93344,43.43938],[131.93273,43.4419],[131.91797,43.46095],[131.91638,43.46972],[131.91643,43.47268],[131.91643,43.4738],[131.91633,43.47751],[131.91696,43.47953]],[[131.91796,43.48173],[131.91885,43.48191]],[[131.91809,43.48201],[131.91796,43.48173]],[[131.91833,43.48254],[131.91809,43.48201]],[[131.91824,43.09262],[131.91813,43.0924]],[[131.96127,43.57088],[131.96202,43.56811],[131.96084,43.5624],[131.9614,43.55527],[131.97104,43.54589],[131.97732,43.53563],[131.97492,43.52488],[131.96521,43.50484],[131.96308,43.50259],[131.95351,43.49858],[131.93439,43.49536],[131.92773,43.49303],[131.92105,43.48759],[131.91833,43.48254]],[[131.91885,43.48191],[131.91833,43.48254]],[[131.91925,43.09254],[131.91991,43.09464]],[[131.92791,43.07921],[131.92607,43.08321],[131.9261,43.08632],[131.92578,43.08724],[131.92224,43.0916],[131.92137,43.09206],[131.91925,43.09254]],[[131.9197,43.18017],[131.92146,43.18734],[131.92585,43.19173],[131.92902,43.19269]],[[131.9197,43.18017],[131.91985,43.18016],[131.91992,43.1802],[131.92024,43.18093]],[[131.92771,43.07906],[131.92791,43.07921]],[[131.92771,43.07906],[131.94017,43.07387]],[[131.94093,43.07359],[131.93723,43.07596],[131.92791,43.07921]],[[131.96177,43.21901],[131.95087,43.21096],[131.95011,43.21017],[131.94943,43.20837],[131.94948,43.20152],[131.94815,43.19958],[131.94705,43.19893],[131.94578,43.19829],[131.94355,43.19724],[131.94327,43.19709],[131.93783,43.19403],[131.92895,43.19287]],[[131.92902,43.19269],[131.92895,43.19287]],[[131.92902,43.19269],[131.93791,43.19393],[131.94832,43.19953],[131.94962,43.20149],[131.95013,43.20993],[131.96178,43.21882]],[[131.93338,43.81195],[131.93395,43.81171]],[[131.93412,43.81189],[131.93338,43.81195]],[[131.93412,43.81189],[131.93395,43.81171]],[[131.93395,43.81171],[131.93406,43.81159]],[[131.93406,43.81159],[131.93415,43.81121]],[[131.93406,43.81159],[131.93426,43.81157],[131.93437,43.81163]],[[131.93429,43.81188],[131.93421,43.8119],[131.93412,43.81189]],[[131.93415,43.81121],[131.93432,43.8116]],[[131.93415,43.81121],[131.93735,43.79111],[131.95641,43.78351]],[[131.93437,43.81163],[131.93429,43.81188]],[[131.93518,43.8118],[131.93429,43.81188]],[[131.93437,43.81163],[131.93518,43.8118]],[[131.93518,43.8118],[131.93719,43.81168],[131.94758,43.81279]],[[131.94017,43.07387],[131.94023,43.07226]],[[131.94017,43.07387],[131.94298,43.0724],[131.94438,43.07235],[131.94578,43.07409],[131.95086,43.07601],[131.95693,43.07611],[131.96388,43.07782]],[[131.94268,43.07266],[131.94093,43.07359]],[[131.96487,43.07834],[131.95704,43.07622],[131.95079,43.07609],[131.94267,43.07331],[131.94093,43.07359]],[[131.94342,43.19691],[131.94327,43.19709]],[[131.94355,43.19724],[131.94371,43.19706]],[[131.94673,43.82262],[131.94236,43.83545],[131.94445,43.84163],[131.94997,43.85049],[131.9531,43.86617],[131.95722,43.87447],[131.96018,43.87779],[131.96062,43.89273],[131.96293,43.89586],[131.98832,43.91177],[131.99463,43.92363],[131.99919,43.92582]],[[131.94758,43.81279],[131.94607,43.81846],[131.94673,43.82262]],[[131.94998,43.81304],[131.94816,43.82235],[131.94673,43.82262]],[[131.94758,43.81279],[131.94998,43.81304]],[[131.94961,43.57654],[131.9579,43.58056]],[[131.94961,43.57654],[131.95634,43.57257]],[[131.95695,43.80537],[131.95363,43.81144],[131.95043,43.81162],[131.94998,43.81304]],[[131.95214,43.3829],[131.95379,43.3808],[131.95668,43.37905],[131.96331,43.37624],[131.96736,43.37528],[131.96938,43.37521],[131.97143,43.37563],[131.97415,43.37637],[131.98305,43.3791]],[[131.98376,43.37939],[131.96739,43.37537],[131.95671,43.37915],[131.95214,43.3829]],[[131.95982,43.57544],[131.95634,43.57257]],[[131.95634,43.57257],[131.95865,43.57274]],[[131.95641,43.78351],[131.95704,43.78289]],[[131.95724,43.78309],[131.95641,43.78351]],[[131.95695,43.80537],[131.95722,43.80473]],[[131.95745,43.80479],[131.95695,43.80537]],[[131.95724,43.78309],[131.95704,43.78289]],[[131.95704,43.78289],[131.95709,43.78283]],[[131.95709,43.78283],[131.95779,43.7818],[131.95938,43.78048],[131.95982,43.78012],[131.96875,43.77297],[131.97024,43.77231],[131.97139,43.77225]],[[131.95709,43.78283],[131.95722,43.78281],[131.95735,43.78287]],[[131.95745,43.80479],[131.95722,43.80473]],[[131.95722,43.80473],[131.95727,43.80454]],[[131.95932,43.80014],[131.95909,43.79721],[131.96044,43.78945],[131.95724,43.78309]],[[131.95737,43.78295],[131.95724,43.78309]],[[131.95727,43.80454],[131.95768,43.80416]],[[131.95727,43.80454],[131.95746,43.80453],[131.95756,43.80459]],[[131.95735,43.78287],[131.95737,43.78295]],[[131.97139,43.77225],[131.96858,43.77332],[131.95735,43.78287]],[[131.95737,43.78295],[131.95927,43.78588],[131.95937,43.7861],[131.95945,43.78629],[131.96025,43.78847],[131.96038,43.78882],[131.96042,43.78896],[131.96043,43.78897],[131.96052,43.7894],[131.95962,43.80013]],[[131.95756,43.80459],[131.95745,43.80479]],[[131.95768,43.80416],[131.95756,43.80459]],[[131.95934,43.80082],[131.95768,43.80416]],[[131.9579,43.58056],[131.95924,43.58103],[131.9597,43.58107],[131.96014,43.58108],[131.96103,43.58105],[131.96174,43.58122],[131.96543,43.58363]],[[131.96241,43.58255],[131.9579,43.58056]],[[131.95865,43.57274],[131.95958,43.57292]],[[131.95865,43.57274],[131.96108,43.5715]],[[131.95931,43.78597],[131.95922,43.78601]],[[131.95933,43.80042],[131.95932,43.80014]],[[131.95932,43.80014],[131.95962,43.80013]],[[131.95964,43.80041],[131.95947,43.80046],[131.95933,43.80042]],[[131.95934,43.80082],[131.95933,43.80042]],[[131.95964,43.80041],[131.95934,43.80082]],[[131.95938,43.78048],[131.95955,43.78058]],[[131.95958,43.57292],[131.96055,43.57312]],[[131.95958,43.57292],[131.95887,43.57386],[131.96041,43.57355]],[[131.95962,43.80013],[131.95964,43.80041]],[[131.95977,43.58006],[131.96033,43.58078],[131.96094,43.58142],[131.96201,43.58221],[131.96543,43.58363]],[[131.96241,43.58255],[131.96046,43.58114],[131.96034,43.58102],[131.96025,43.58091],[131.96011,43.58071],[131.95977,43.58006]],[[131.95982,43.57544],[131.95977,43.58006]],[[131.95989,43.78749],[131.95981,43.78751]],[[131.96041,43.57355],[131.95982,43.57544]],[[131.96034,43.78898],[131.96042,43.78896]],[[131.96055,43.57312],[131.96041,43.57355]],[[131.96055,43.57312],[131.96217,43.57319],[131.96205,43.57214]],[[131.96078,43.57238],[131.96055,43.57312]],[[131.96108,43.5715],[131.96078,43.57238]],[[131.96205,43.57214],[131.96078,43.57238]],[[131.96127,43.57088],[131.96108,43.5715]],[[131.96127,43.57088],[131.96205,43.57214]],[[131.96699,43.22184],[131.96548,43.22117],[131.96517,43.22101],[131.96445,43.22061],[131.96291,43.21979],[131.96177,43.21901]],[[131.96481,43.22248],[131.96283,43.22074],[131.96177,43.21901]],[[131.96178,43.21882],[131.96473,43.21735]],[[131.96178,43.21882],[131.96304,43.21968],[131.96348,43.21994],[131.96385,43.22013],[131.96517,43.22083]],[[131.96201,43.77838],[131.96216,43.77846]],[[131.99862,43.63744],[131.99298,43.6312],[131.99147,43.62923],[131.99056,43.62695],[131.9905,43.62535],[131.9915,43.62191],[131.99686,43.61185],[131.99584,43.60681],[131.99295,43.60404],[131.9763,43.59447],[131.96717,43.58492],[131.96241,43.58255]],[[131.96275,43.07688],[131.96446,43.07766]],[[131.96491,43.07873],[131.96298,43.07861]],[[131.96455,43.21877],[131.96322,43.21895],[131.96348,43.21994]],[[131.96388,43.07782],[131.96462,43.07809]],[[131.96388,43.07782],[131.96446,43.07766]],[[131.96445,43.22061],[131.96283,43.22033],[131.9647,43.22129]],[[131.96446,43.07766],[131.96462,43.07809]],[[131.9647,43.22129],[131.96468,43.22112],[131.96461,43.22023],[131.96455,43.21924],[131.96455,43.21877]],[[131.96455,43.21877],[131.96473,43.21735]],[[131.96462,43.07809],[131.96542,43.07857],[131.97004,43.08257],[131.97039,43.08358],[131.97016,43.08573],[131.97174,43.08758],[131.97964,43.09094],[131.98217,43.0925],[131.98325,43.09347],[131.98356,43.09464],[131.98263,43.09767],[131.98477,43.09995],[131.98516,43.10112],[131.98494,43.10194],[131.98314,43.10433]],[[131.96481,43.22248],[131.9647,43.22129]],[[131.96472,43.21939],[131.96633,43.22024],[131.96587,43.22121]],[[131.96472,43.21939],[131.96478,43.22014]],[[131.97238,43.16952],[131.96559,43.1716],[131.96396,43.17229],[131.95979,43.17539],[131.96003,43.17648],[131.96195,43.17911],[131.96234,43.18024],[131.96152,43.18633],[131.96282,43.19673],[131.96787,43.20031],[131.96874,43.20136],[131.96903,43.20225],[131.96887,43.20364],[131.96685,43.20784],[131.96472,43.21939]],[[131.96473,43.21735],[131.96678,43.20765],[131.9689,43.20225],[131.96271,43.19673],[131.9614,43.18633],[131.96216,43.17989],[131.95989,43.1765],[131.95967,43.17539],[131.96389,43.17222],[131.96618,43.1713],[131.97175,43.16965],[131.9726,43.16924],[131.97284,43.16904],[131.97321,43.1687],[131.97348,43.16836],[131.97391,43.16586]],[[131.96478,43.22014],[131.96478,43.22022],[131.96485,43.22111],[131.96489,43.22165]],[[131.96517,43.22083],[131.96616,43.2203],[131.96524,43.2199],[131.96478,43.22014]],[[131.9923,43.32225],[131.99568,43.31153],[131.99343,43.29314],[131.9936,43.28408],[131.98983,43.27827],[131.98375,43.27332],[131.97852,43.26986],[131.97717,43.26868],[131.97306,43.26413],[131.97226,43.26329],[131.97143,43.26237],[131.97127,43.26221],[131.97031,43.26118],[131.96935,43.25998],[131.96841,43.25875],[131.96626,43.25513],[131.96486,43.25148],[131.96412,43.24731],[131.96481,43.22248]],[[131.9656,43.07887],[131.96487,43.07834]],[[131.96491,43.07873],[131.96487,43.07834]],[[131.96489,43.22165],[131.96548,43.22117]],[[131.96489,43.22165],[131.96496,43.22263]],[[131.9656,43.07887],[131.96521,43.07866],[131.96491,43.07873]],[[131.96496,43.22263],[131.96421,43.24556],[131.96542,43.25276],[131.96853,43.2587],[131.96947,43.25992],[131.97048,43.26111],[131.97189,43.26269],[131.97721,43.26856],[131.98376,43.27321],[131.98965,43.27796],[131.99271,43.28164],[131.99356,43.28354],[131.99402,43.28553],[131.99357,43.29329],[131.99569,43.30901]],[[131.96699,43.22184],[131.96496,43.22263]],[[131.96517,43.22083],[131.96587,43.22121],[131.9665,43.22152],[131.96725,43.22181],[131.96885,43.22222],[131.97819,43.22375],[131.97906,43.22388],[131.98023,43.22401],[131.98129,43.22412],[131.98193,43.22417],[131.98224,43.2242],[131.98364,43.2243],[131.98718,43.22459],[131.98836,43.22467],[131.99362,43.22462],[131.99525,43.22491],[131.9984,43.22596]],[[131.96543,43.58363],[131.96787,43.58537],[131.97605,43.59409],[131.98274,43.59758],[131.9925,43.60363],[131.9945,43.60506],[131.99594,43.60676],[131.99703,43.60928],[131.99691,43.61224],[131.99171,43.62189],[131.9908,43.62709],[132.00164,43.64091]],[[131.97622,43.08977],[131.97437,43.08918],[131.97186,43.08778],[131.97108,43.08717],[131.96996,43.08561],[131.9699,43.08263],[131.9656,43.07887]],[[131.99923,43.22648],[131.99383,43.22477],[131.98878,43.22482],[131.98716,43.22471],[131.98404,43.22444],[131.98192,43.22428],[131.98129,43.22423],[131.97915,43.22401],[131.97031,43.22264],[131.96699,43.22184]],[[131.96811,43.17071],[131.97009,43.16951],[131.96963,43.1687],[131.97181,43.16892]],[[131.96871,43.77323],[131.96857,43.77312]],[[131.97314,43.16984],[131.97275,43.17014],[131.9725,43.17021],[131.96995,43.17029]],[[131.9711,43.08754],[131.96998,43.08569]],[[131.97091,43.26226],[131.97119,43.26213]],[[131.97159,43.26255],[131.97091,43.26226]],[[131.97181,43.26208],[131.97025,43.26078],[131.97,43.26094],[131.96987,43.26124],[131.97091,43.26226]],[[131.97131,43.26204],[131.97181,43.26208]],[[132.00847,43.71336],[132.00538,43.71798],[132.00783,43.72798],[132.0045,43.73868],[132.00596,43.74335],[132.00496,43.7475],[131.99267,43.7567],[131.99022,43.76068],[131.98571,43.7627],[131.97611,43.77118],[131.97395,43.77227],[131.97139,43.77225]],[[131.97314,43.16984],[131.97331,43.16912],[131.97321,43.16909],[131.97293,43.16905],[131.97181,43.16892]],[[131.97181,43.16892],[131.9732,43.16821],[131.97391,43.16586]],[[131.97181,43.26208],[131.97189,43.26269]],[[131.97238,43.16952],[131.97314,43.16984]],[[131.99948,43.13435],[131.99839,43.13735],[131.9998,43.14161],[131.99958,43.14498],[131.99883,43.1459],[131.99599,43.14728],[131.9955,43.14791],[131.99489,43.1496],[131.99444,43.15018],[131.99356,43.1507],[131.99278,43.15094],[131.98905,43.15126],[131.98625,43.15326],[131.98507,43.15366],[131.98337,43.15362],[131.97815,43.15211],[131.97412,43.15393],[131.97379,43.15771],[131.97608,43.1609],[131.97643,43.16213],[131.97363,43.16838],[131.9734,43.16874],[131.97332,43.16883],[131.97302,43.16911],[131.97238,43.16952]],[[131.97391,43.16586],[131.97629,43.16212],[131.97424,43.15902],[131.97347,43.15694],[131.97341,43.15499],[131.97449,43.15335],[131.97626,43.15234],[131.97868,43.15197],[131.98478,43.1536],[131.98932,43.15104],[131.9935,43.15062],[131.99573,43.14737],[131.99959,43.14441],[131.99825,43.13734],[131.99956,43.13368],[131.99956,43.13284],[131.99704,43.12951],[131.99647,43.12784],[131.99643,43.12485],[131.995,43.12359],[131.98809,43.12266],[131.98699,43.12225],[131.98622,43.12157],[131.98346,43.11614],[131.9834,43.11136],[131.98447,43.10773],[131.98326,43.10563]],[[131.97622,43.08977],[131.97428,43.0898]],[[131.98297,43.10472],[131.98327,43.10352],[131.98505,43.10113],[131.98251,43.09767],[131.98327,43.09377],[131.97622,43.08977]],[[131.97906,43.22388],[131.9802,43.22379]],[[131.9802,43.22379],[131.98156,43.22396],[131.98172,43.22408],[131.98171,43.22418],[131.98169,43.22437],[131.97915,43.22401]],[[131.9802,43.22379],[131.98023,43.22401]],[[131.98404,43.22444],[131.9816,43.22468],[131.98145,43.22435]],[[131.98274,43.59758],[131.98235,43.59786]],[[131.98256,43.10518],[131.98238,43.10523]],[[131.98326,43.10563],[131.98256,43.10518]],[[131.98256,43.10518],[131.98297,43.10472]],[[131.98326,43.10563],[131.98297,43.10472]],[[131.98305,43.3791],[131.98355,43.37892]],[[131.98305,43.3791],[131.98373,43.3793]],[[131.98314,43.10433],[131.98341,43.10472]],[[131.98314,43.10433],[131.98316,43.10501]],[[131.98316,43.10501],[131.98438,43.10682],[131.98448,43.10704],[131.98459,43.1074],[131.98399,43.10974]],[[131.98341,43.10472],[131.98316,43.10501]],[[131.98341,43.10472],[131.9835,43.10471],[131.98356,43.10472],[131.98366,43.1048],[131.98486,43.10686],[131.98483,43.10719],[131.98471,43.10725],[131.98459,43.10727],[131.98439,43.10729],[131.98426,43.1073]],[[132.0037,44.15542],[132.00307,44.15839],[132.00738,44.16596],[132.01085,44.16911],[132.01693,44.18072],[132.02369,44.19871],[132.04257,44.22759],[132.05158,44.24337],[132.05686,44.25588],[132.06364,44.27936],[132.05935,44.30402],[132.06291,44.30792],[132.07068,44.32893],[132.07617,44.36425],[132.07559,44.396],[132.07699,44.41104],[132.07721,44.43663],[132.07952,44.46363],[132.07939,44.47818],[132.07776,44.49511],[132.07151,44.53433],[132.07674,44.56801],[132.06866,44.60937],[132.04104,44.66757],[132.04054,44.7326],[132.04217,44.73999],[132.03781,44.74991],[132.02596,44.75788],[132.00677,44.7922],[131.99603,44.79705],[131.99309,44.79978],[131.98513,44.86416],[131.98314,44.86937],[131.96785,44.88906],[131.96185,44.90648],[131.96485,44.91089],[131.96468,44.92036],[131.95114,44.94031],[131.946,44.94294],[131.94468,44.94471],[131.94303,44.96149],[131.94509,44.97278],[131.95427,44.99047],[131.98142,45.02924],[131.98093,45.03469],[131.98894,45.04308],[131.99242,45.04863],[131.9901,45.06054],[131.98454,45.06678],[131.97665,45.07064],[131.97519,45.0726],[131.97754,45.08402],[131.98711,45.09511],[131.99135,45.13009],[131.99997,45.13545],[131.99965,45.14655],[131.99877,45.14799],[131.9993,45.15393],[131.97819,45.17302],[131.97444,45.22044],[131.98039,45.24374],[131.97782,45.2615],[131.98371,45.26747]],[[131.98373,43.3793],[131.99696,43.38234]],[[131.98373,43.3793],[131.98376,43.37939]],[[131.99693,43.38241],[131.98376,43.37939]],[[131.9838,43.11027],[131.98358,43.11607],[131.9863,43.12148],[131.98756,43.12242],[131.99456,43.12336],[131.9953,43.12361],[131.99619,43.12426],[131.9967,43.12519],[131.99677,43.12839],[131.99949,43.13226],[131.99975,43.13345],[131.99948,43.13435]],[[131.98399,43.10974],[131.9838,43.11027]],[[131.98436,43.11006],[131.9838,43.11027]],[[131.98418,43.3795],[131.98394,43.37968]],[[131.98399,43.10974],[131.98436,43.11006]],[[131.98436,43.11006],[131.98496,43.10958]],[[131.98496,43.10958],[131.98511,43.10917]],[[131.9854,43.10941],[131.98496,43.10958]],[[131.9923,43.32225],[131.99203,43.32188]],[[132.02499,43.35914],[132.01717,43.35551],[132.01519,43.35432],[132.01277,43.35254],[131.99946,43.33877],[131.99631,43.3345],[131.99368,43.32924],[131.99241,43.32579],[131.99218,43.32453],[131.9923,43.32225]],[[131.99569,43.30901],[131.9962,43.30933]],[[131.99569,43.30901],[131.99579,43.31184],[131.99544,43.31444],[131.99264,43.32123],[131.99235,43.32464],[131.99466,43.33107],[131.99568,43.33316],[131.99627,43.33416],[131.99699,43.33533],[131.99774,43.33644],[131.99936,43.3385],[131.99987,43.33907],[132.00026,43.33951],[132.00196,43.34128],[132.01396,43.35331],[132.01796,43.35579],[132.01931,43.35643],[132.02719,43.36002],[132.03032,43.36175],[132.03391,43.36465],[132.03581,43.36677]],[[131.99644,43.64155],[131.99893,43.63979],[131.99862,43.63744]],[[131.99692,43.33521],[131.99987,43.33907]],[[132.0109,43.38306],[132.00855,43.38341],[132.00356,43.38368],[132.00202,43.38351],[131.99693,43.38241]],[[131.99696,43.38234],[131.99693,43.38241]],[[132.01307,43.70454],[132.00274,43.69473],[131.99693,43.6865]],[[131.99693,43.6865],[131.99512,43.68315],[131.9949,43.68069],[131.99708,43.66663],[132.00221,43.6442],[132.00187,43.64193],[132.00144,43.64096],[131.99862,43.63744]],[[131.99693,43.6865],[131.99738,43.68625]],[[131.99696,43.38234],[132.00348,43.38361],[132.01056,43.38306]],[[131.99738,43.68625],[132.00413,43.69571],[132.01296,43.704]],[[132.00232,43.64306],[132.00208,43.64607],[131.99705,43.66776],[131.99508,43.68068],[131.99539,43.68338],[131.99738,43.68625]],[[132.00221,43.6442],[132.00067,43.64185],[131.99744,43.64136]],[[131.99923,43.22648],[131.99766,43.22671]],[[131.9984,43.22596],[132.00135,43.2251]],[[131.9984,43.22596],[132.00526,43.22921],[132.00922,43.23004],[132.01349,43.23128],[132.02006,43.23181],[132.02724,43.23282],[132.03656,43.23589],[132.03829,43.23708],[132.03925,43.2383],[132.03977,43.23979],[132.04014,43.24144],[132.04025,43.24202],[132.04053,43.24342],[132.04067,43.24395]],[[131.99887,43.13535],[131.99858,43.13502]],[[131.99919,43.92582],[131.99993,43.92584]],[[131.99981,43.92618],[131.99919,43.92582]],[[132.04119,43.24561],[132.04053,43.24427],[132.04033,43.24346],[132.03994,43.24145],[132.0393,43.23891],[132.03647,43.23601],[132.0271,43.23294],[132.01348,43.23142],[132.00567,43.22947],[131.99923,43.22648]],[[131.99948,43.13435],[131.99961,43.13455]],[[132.00018,43.92609],[132.00007,43.92618],[131.99981,43.92618]],[[132.00017,43.9264],[131.99981,43.92618]],[[131.99981,43.92618],[131.99993,43.92584]],[[131.99993,43.92584],[132.00018,43.92609]],[[132.00017,43.9264],[131.99998,43.92918],[132.00353,43.93773],[132.01388,43.95838]],[[132.00018,43.92609],[132.00017,43.9264]],[[132.00164,43.64091],[132.00336,43.64116],[132.00232,43.64306]],[[132.00164,43.64091],[132.00232,43.64306]],[[132.00295,43.69412],[132.00259,43.69451]],[[132.0142,43.95908],[132.02236,43.97541],[132.03017,43.98313],[132.03416,43.99369],[132.03416,43.99909],[132.03936,44.00544],[132.04081,44.01379],[132.04115,44.02573],[132.02857,44.06371],[132.02683,44.07323],[132.01955,44.08918],[132.01957,44.11915],[132.00764,44.14219],[132.00411,44.14673],[132.00371,44.15534]],[[132.00847,43.71336],[132.01308,43.70846],[132.01327,43.70805],[132.0134,43.70771],[132.01357,43.70715],[132.01362,43.70674],[132.01307,43.70454]],[[132.01296,43.704],[132.01374,43.70612],[132.01367,43.70738],[132.01353,43.70786],[132.01327,43.70842],[132.00847,43.71336]],[[132.01056,43.38306],[132.01072,43.38279]],[[132.01056,43.38306],[132.01086,43.38299]],[[132.0109,43.38306],[132.01086,43.38299]],[[132.01086,43.38299],[132.01912,43.38043],[132.03384,43.37141]],[[132.03945,43.37024],[132.03835,43.37038],[132.03725,43.37057],[132.03626,43.37077],[132.03409,43.37146],[132.02032,43.37993],[132.01694,43.38139],[132.0109,43.38306]],[[132.01492,43.70846],[132.01386,43.708],[132.01309,43.70769],[132.01226,43.7073],[132.01211,43.70651]],[[132.01211,43.70651],[132.01307,43.70454]],[[132.01357,43.70715],[132.01308,43.70636],[132.01211,43.70651]],[[132.01666,43.70943],[132.01419,43.70863],[132.01219,43.70983]],[[132.01296,43.704],[132.01731,43.70965]],[[132.01388,43.95838],[132.01457,43.95897]],[[132.01388,43.95838],[132.0142,43.95908]],[[132.0142,43.95908],[132.01457,43.95897]],[[132.01457,43.95897],[132.01697,43.95922],[132.03047,43.95574],[132.0375,43.95134]],[[132.01492,43.70846],[132.01694,43.70933],[132.01731,43.70965]],[[132.01666,43.70943],[132.01492,43.70846]],[[132.01777,43.71024],[132.01666,43.70943]],[[132.01731,43.70965],[132.01777,43.71024]],[[132.0328,43.72391],[132.0269,43.72074],[132.01777,43.71024]],[[132.02325,43.35822],[132.02388,43.35812]],[[132.02388,43.35812],[132.02398,43.35855]],[[132.02388,43.35812],[132.02495,43.35781],[132.02752,43.35815]],[[132.02433,43.35924],[132.02421,43.35879]],[[132.02675,43.36115],[132.02431,43.36044],[132.02433,43.35924]],[[132.02499,43.35914],[132.02433,43.35924]],[[132.03564,43.36683],[132.03143,43.36266],[132.02499,43.35914]],[[132.0309,43.37311],[132.0308,43.37257]],[[132.0328,43.72391],[132.03933,43.72541]],[[132.03933,43.72541],[132.03846,43.72525],[132.03652,43.72478],[132.03348,43.72411],[132.0328,43.72391]],[[132.03384,43.37141],[132.03604,43.36925],[132.03564,43.36683]],[[132.03384,43.37141],[132.03719,43.37044],[132.03833,43.37024],[132.03944,43.37011],[132.04216,43.36999]],[[132.03562,43.72495],[132.03428,43.72562]],[[132.03562,43.72495],[132.03525,43.7245]],[[132.03537,43.72446],[132.03613,43.72416]],[[132.03652,43.72478],[132.03562,43.72495]],[[132.04366,43.37003],[132.04039,43.37201],[132.03962,43.37213],[132.03897,43.37198],[132.03843,43.37148],[132.03747,43.36978],[132.03644,43.36798],[132.03564,43.36683]],[[132.03581,43.36677],[132.03825,43.36887],[132.04216,43.36999]],[[132.03581,43.36677],[132.03658,43.36796],[132.03788,43.37023],[132.03854,43.37138],[132.03874,43.37163],[132.04051,43.3718],[132.04084,43.37075],[132.03945,43.37024]],[[132.03603,43.72293],[132.03613,43.72416]],[[132.03613,43.72416],[132.03663,43.72472]],[[132.0375,43.95134],[132.03793,43.95103]],[[132.04719,43.94929],[132.0413,43.9498],[132.0375,43.95134]],[[132.0379,43.94726],[132.04017,43.94844],[132.04115,43.94877],[132.04166,43.94889],[132.04272,43.94913]],[[132.03793,43.95103],[132.03913,43.94905],[132.0379,43.94726]],[[132.03933,43.72541],[132.05651,43.73159],[132.07325,43.74184],[132.07919,43.75059],[132.08579,43.76695],[132.10697,43.79044],[132.11019,43.80429],[132.10514,43.82481],[132.08348,43.85628],[132.06846,43.87357],[132.03811,43.89313],[132.03179,43.90106],[132.03028,43.9058],[132.03018,43.911],[132.03327,43.92521],[132.03516,43.9433],[132.0379,43.94726]],[[132.0426,43.94802],[132.04202,43.94827],[132.04156,43.94858],[132.04084,43.94907],[132.04032,43.94942],[132.03793,43.95103]],[[132.04366,43.37003],[132.03945,43.37024]],[[132.04067,43.24395],[132.04187,43.24608],[132.04628,43.24905],[132.04948,43.25224],[132.05587,43.25476],[132.05941,43.2566],[132.06571,43.26113],[132.0707,43.26525],[132.08153,43.26736]],[[132.04119,43.24561],[132.04061,43.24548],[132.03985,43.24282],[132.04006,43.24275],[132.04012,43.24274],[132.04055,43.2427],[132.04056,43.2427],[132.04071,43.2427],[132.04103,43.24289],[132.04067,43.24395]],[[132.07788,43.26709],[132.07052,43.26536],[132.05915,43.25663],[132.04964,43.25254],[132.04119,43.24561]],[[132.04216,43.36999],[132.0647,43.3655],[132.07077,43.36065]],[[132.0426,43.94802],[132.0434,43.94777],[132.04428,43.94778],[132.04927,43.94907]],[[132.04272,43.94913],[132.04366,43.94848],[132.04332,43.94809],[132.04302,43.948],[132.0426,43.94802]],[[132.04272,43.94913],[132.04528,43.9493],[132.04927,43.94907]],[[132.04719,43.94929],[132.04433,43.94932],[132.04272,43.94913]],[[132.07774,43.35594],[132.07411,43.35771],[132.0656,43.3653],[132.04366,43.37003]],[[132.09495,43.94164],[132.08942,43.94271],[132.08244,43.9465],[132.0805,43.94732],[132.07866,43.94779],[132.07417,43.94849],[132.07065,43.94917],[132.06994,43.94929],[132.06087,43.95029],[132.05311,43.94915],[132.04719,43.94929]],[[132.04927,43.94907],[132.05314,43.94895],[132.06189,43.95009],[132.06954,43.94888],[132.07025,43.94878],[132.0708,43.9487],[132.07142,43.94863],[132.0736,43.9484],[132.07805,43.94774],[132.09005,43.94228],[132.09494,43.94124]],[[132.07788,43.26709],[132.06784,43.26475]],[[132.06827,43.26487],[132.06786,43.26504]],[[132.07005,43.94881],[132.07006,43.94927]],[[132.07077,43.36065],[132.0719,43.35843],[132.0713,43.34697],[132.0717,43.34517]],[[132.07077,43.36065],[132.07362,43.35797],[132.07504,43.35693],[132.07678,43.35613],[132.07989,43.35519],[132.08018,43.35506],[132.08075,43.3548],[132.08386,43.35321]],[[132.08037,43.35507],[132.08049,43.35616],[132.08094,43.35542],[132.08064,43.35516],[132.08033,43.35487],[132.08025,43.3548],[132.07423,43.34973],[132.07276,43.3483],[132.0717,43.34517]],[[132.0717,43.34517],[132.07303,43.34294],[132.0802,43.33387]],[[132.07563,43.35072],[132.07551,43.35079]],[[132.07642,43.35141],[132.08006,43.35377],[132.08386,43.35321]],[[132.07642,43.35141],[132.07916,43.3538],[132.08032,43.35475],[132.0807,43.3551],[132.08117,43.35574],[132.08062,43.35625],[132.07917,43.35593],[132.07774,43.35594]],[[132.08038,43.33392],[132.07205,43.34478],[132.07283,43.34805],[132.07358,43.34891],[132.07519,43.35029],[132.07563,43.35072],[132.07642,43.35141]],[[132.08037,43.35507],[132.07774,43.35594]],[[132.08146,43.26777],[132.07788,43.26709]],[[132.0802,43.33387],[132.08193,43.33032]],[[132.0802,43.33387],[132.08149,43.33193],[132.08177,43.33115],[132.08197,43.33059],[132.08235,43.32957],[132.08363,43.32614],[132.08427,43.32461],[132.08513,43.3235],[132.08698,43.32204]],[[132.11336,43.35267],[132.09315,43.34965],[132.08892,43.35078],[132.08815,43.35113],[132.0815,43.35452],[132.08037,43.35507]],[[132.08717,43.32207],[132.08524,43.32356],[132.08441,43.32463],[132.08377,43.32616],[132.08292,43.32842],[132.08244,43.32974],[132.08212,43.33062],[132.0816,43.33196],[132.08038,43.33392]],[[132.08237,43.33042],[132.0815,43.33252],[132.08038,43.33392]],[[132.08959,43.2996],[132.09181,43.29223],[132.0981,43.28508],[132.09877,43.28189],[132.09652,43.27832],[132.09519,43.27427],[132.09406,43.27288],[132.08631,43.26863],[132.08146,43.26777]],[[132.08153,43.26736],[132.08146,43.26777]],[[132.08153,43.26736],[132.08701,43.26878],[132.09423,43.27278],[132.09537,43.27423],[132.09906,43.2823],[132.09833,43.28514],[132.09227,43.29183],[132.09071,43.29611],[132.0893,43.30222],[132.08843,43.3199],[132.08786,43.32145],[132.08717,43.32207]],[[132.08237,43.33042],[132.08193,43.33032]],[[132.08193,43.33032],[132.08415,43.32449],[132.08508,43.32336],[132.08698,43.32204]],[[132.08717,43.32207],[132.08466,43.32455],[132.08237,43.33042]],[[132.08386,43.35321],[132.08808,43.35106],[132.08963,43.35044],[132.09247,43.34966],[132.09558,43.34944],[132.09902,43.34976],[132.10853,43.35176],[132.11193,43.35239],[132.11275,43.35251],[132.11394,43.35268]],[[132.08698,43.32204],[132.08825,43.3198],[132.08909,43.30221],[132.08959,43.2996]],[[132.08959,43.2996],[132.08977,43.29814],[132.08879,43.29769]],[[132.09495,43.94164],[132.09494,43.94124]],[[132.09494,43.94124],[132.09834,43.94122],[132.10609,43.94178],[132.11041,43.94257],[132.1135,43.94354]],[[132.11324,43.9439],[132.10551,43.94181],[132.10233,43.94156],[132.09495,43.94164]],[[132.11336,43.35267],[132.11277,43.35259]],[[132.11282,43.35252],[132.11394,43.35268]],[[132.1135,43.94354],[132.11386,43.9439],[132.11324,43.9439]],[[132.21196,43.98478],[132.17865,43.96726],[132.15572,43.96489],[132.1518,43.96385],[132.13749,43.95471],[132.13522,43.95384],[132.12974,43.95281],[132.12676,43.95179],[132.11324,43.9439]],[[132.15532,43.36414],[132.15083,43.36136],[132.14988,43.36111],[132.14097,43.35922],[132.12379,43.35476],[132.11994,43.35381],[132.11336,43.35267]],[[132.1135,43.94354],[132.12675,43.95159],[132.12973,43.95267],[132.1349,43.95361],[132.13763,43.95456],[132.15211,43.96378],[132.1792,43.96726],[132.21232,43.98446]],[[132.11394,43.35268],[132.12005,43.35375],[132.15116,43.36135],[132.15387,43.3626],[132.15597,43.36463]],[[132.12627,43.35541],[132.12496,43.35507]],[[132.14768,43.36067],[132.14513,43.36015]],[[132.16127,43.37166],[132.1593,43.37011],[132.1587,43.36959],[132.15839,43.36924],[132.15738,43.36788],[132.15705,43.36715],[132.15637,43.36564],[132.15532,43.36414]],[[132.1567,43.36812],[132.15532,43.36414]],[[132.15597,43.36463],[132.15823,43.36781]],[[132.15597,43.36463],[132.1565,43.36559],[132.15718,43.36713],[132.15753,43.36783],[132.15789,43.36841],[132.15881,43.36951],[132.15943,43.37003],[132.16143,43.37158]],[[132.15805,43.36981],[132.1567,43.36812]],[[132.1567,43.36812],[132.15683,43.3677],[132.15701,43.36757],[132.15711,43.36752],[132.15724,43.36749],[132.15737,43.36747],[132.1575,43.36746],[132.15776,43.3675],[132.15823,43.36781]],[[132.15913,43.36892],[132.15928,43.36937],[132.15925,43.36954],[132.15918,43.36965],[132.15914,43.3697],[132.15908,43.36974],[132.15903,43.36979],[132.15896,43.36982],[132.15886,43.36987],[132.15862,43.36992],[132.15805,43.36981]],[[132.16127,43.37166],[132.15805,43.36981]],[[132.15823,43.36781],[132.15913,43.36892]],[[132.15913,43.36892],[132.16143,43.37158]],[[132.19584,43.38686],[132.1858,43.38187],[132.17565,43.3802],[132.17174,43.37898],[132.168,43.3769],[132.16127,43.37166]],[[132.16143,43.37158],[132.17119,43.37858]],[[132.16828,43.35241],[132.16831,43.35242]],[[132.17119,43.37858],[132.1739,43.37848]],[[132.17119,43.37858],[132.18548,43.38164],[132.19071,43.38413]],[[132.1767,43.38041],[132.17395,43.38202]],[[132.19071,43.38413],[132.19348,43.38416]],[[132.19071,43.38413],[132.19868,43.38738],[132.20777,43.38712],[132.20955,43.38732],[132.21203,43.38802],[132.21468,43.3896],[132.22192,43.39733],[132.22975,43.39908],[132.23548,43.39699],[132.24403,43.38633],[132.24993,43.38209],[132.25143,43.37949],[132.25163,43.37822],[132.25163,43.37816],[132.25156,43.37636]],[[132.19584,43.38686],[132.19289,43.3871],[132.19177,43.38834]],[[132.25183,43.37818],[132.25135,43.38037],[132.25045,43.38178],[132.24431,43.38629],[132.2366,43.39622],[132.23414,43.398],[132.23089,43.39906],[132.22919,43.39925],[132.22622,43.39909],[132.22221,43.39767],[132.21476,43.3899],[132.21134,43.38794],[132.20007,43.38768],[132.19584,43.38686]],[[132.21232,43.98446],[132.21237,43.98473],[132.21217,43.9848],[132.21196,43.98478]],[[132.25195,44.00221],[132.24114,43.9988],[132.23652,43.99703],[132.21196,43.98478]],[[132.21232,43.98446],[132.23662,43.99696],[132.2521,44.00184]],[[132.25163,43.37816],[132.24991,43.37705],[132.24603,43.3771]],[[132.25069,43.3758],[132.25015,43.37678],[132.25156,43.37636]],[[132.25147,43.37519],[132.24965,43.37452],[132.25069,43.3758]],[[132.25069,43.3758],[132.25254,43.37574]],[[132.25156,43.37636],[132.25154,43.37611],[132.25148,43.37535],[132.25147,43.37519]],[[132.25147,43.37519],[132.24945,43.3382],[132.24956,43.33668],[132.25008,43.3352],[132.25132,43.33354],[132.25748,43.32945],[132.26097,43.32562]],[[132.25149,43.37045],[132.25632,43.37582]],[[132.25149,43.37045],[132.2517,43.37489]],[[132.26615,43.3256],[132.25929,43.32786],[132.2571,43.32991],[132.25161,43.33348],[132.24987,43.33624],[132.25149,43.37045]],[[132.2517,43.37489],[132.2517,43.37535],[132.25174,43.3761],[132.25176,43.37634]],[[132.25307,43.37573],[132.25413,43.37514],[132.25384,43.37409],[132.2517,43.37489]],[[132.25176,43.37634],[132.25315,43.37678],[132.25254,43.37574]],[[132.25176,43.37634],[132.25183,43.37818]],[[132.25793,43.37601],[132.25183,43.37818]],[[132.26445,44.0077],[132.25195,44.00221]],[[132.25195,44.00221],[132.2521,44.00184]],[[132.2521,44.00184],[132.26478,44.00739]],[[132.25254,43.37574],[132.25307,43.37573]],[[132.25307,43.37573],[132.2548,43.37569],[132.25632,43.37582]],[[132.25632,43.37582],[132.25793,43.37601]],[[132.25793,43.37601],[132.26078,43.37612],[132.26438,43.37554],[132.27567,43.3698],[132.28339,43.37128],[132.28718,43.37635]],[[132.26615,43.3256],[132.26354,43.32517],[132.26116,43.32479],[132.26069,43.32471],[132.25958,43.32518],[132.26097,43.32562]],[[132.26097,43.32562],[132.26135,43.32518],[132.26207,43.32434],[132.26228,43.3241],[132.26168,43.32317],[132.26025,43.32431],[132.26077,43.32458],[132.26103,43.32462],[132.26381,43.32508],[132.27007,43.32612],[132.27231,43.3265],[132.27718,43.32677],[132.30851,43.32157],[132.33622,43.30999],[132.35326,43.29627],[132.35538,43.29159]],[[132.26478,44.00739],[132.26477,44.00764],[132.26464,44.0077],[132.26454,44.00771],[132.26445,44.0077]],[[132.29527,44.03326],[132.29102,44.02956],[132.28687,44.02486],[132.28098,44.01959],[132.27582,44.01474],[132.26445,44.0077]],[[132.26478,44.00739],[132.27594,44.01466],[132.28155,44.0196],[132.28637,44.02415],[132.29527,44.03326]],[[132.35463,43.295],[132.35345,43.29635],[132.33762,43.30916],[132.33457,43.31121],[132.30857,43.3217],[132.27799,43.32682],[132.27311,43.32677],[132.26615,43.3256]],[[132.28155,44.0196],[132.28124,44.01978]],[[132.28718,43.37635],[132.28852,43.37818]],[[132.28852,43.37818],[132.28749,43.37759],[132.28718,43.37635]],[[132.28852,43.37818],[132.3185,43.39101],[132.32136,43.38839],[132.32988,43.38423],[132.34222,43.38532],[132.35414,43.3828],[132.35597,43.38337],[132.35867,43.3872],[132.36266,43.38546],[132.37431,43.3752],[132.37497,43.37179],[132.37304,43.36487],[132.37148,43.36293],[132.37119,43.35931],[132.36774,43.35541],[132.36622,43.34551],[132.36854,43.3438],[132.36867,43.3417],[132.36414,43.33662],[132.36495,43.33388],[132.37099,43.33127],[132.36629,43.33096],[132.36789,43.32983],[132.36211,43.32691],[132.35979,43.319],[132.3695,43.31754],[132.37843,43.32271],[132.37887,43.32279],[132.37948,43.32284],[132.38041,43.32282],[132.38591,43.32191],[132.40576,43.32415],[132.42275,43.31908],[132.43292,43.31948],[132.44465,43.31367],[132.44731,43.30844],[132.45631,43.30185],[132.4585,43.29366],[132.45927,43.28149],[132.46858,43.2659],[132.46666,43.26035],[132.46906,43.2472],[132.4682,43.24533]],[[132.29527,44.03326],[132.30455,44.04122],[132.30871,44.04624],[132.32002,44.0537],[132.32341,44.05843],[132.32634,44.06031],[132.34997,44.06935],[132.35742,44.07085],[132.37681,44.0802],[132.38499,44.08144],[132.40607,44.08931],[132.42361,44.09859],[132.42415,44.10155],[132.41999,44.10958],[132.4193,44.11779],[132.42013,44.12077],[132.42702,44.13058],[132.42949,44.13988],[132.4417,44.15452],[132.44015,44.16401],[132.44189,44.19144],[132.44294,44.19395],[132.44774,44.19895],[132.4498,44.20146],[132.45032,44.2025],[132.44946,44.21284],[132.45955,44.25416],[132.45764,44.25747],[132.45989,44.2664],[132.46479,44.27062],[132.48734,44.27737],[132.50177,44.28753],[132.536,44.30445],[132.54641,44.31112],[132.5629,44.31681],[132.56885,44.32183],[132.57278,44.328],[132.59149,44.34302],[132.60621,44.34574],[132.61571,44.34937],[132.62048,44.35257],[132.6427,44.38701],[132.64184,44.40831],[132.64471,44.41494],[132.6574,44.42852],[132.67773,44.45421],[132.68646,44.46351],[132.68946,44.47105],[132.6967,44.48226],[132.69662,44.49457]],[[132.35503,43.28938],[132.35369,43.28248],[132.35359,43.28005]],[[132.35377,43.28005],[132.35547,43.29056]],[[132.35547,43.29056],[132.3556,43.29247],[132.35463,43.295]],[[132.35837,43.29556],[132.35662,43.2943],[132.35463,43.295]],[[132.35538,43.29159],[132.35503,43.28938]],[[132.35538,43.29159],[132.35386,43.29123],[132.35503,43.28938]],[[132.35547,43.29056],[132.35785,43.29395]],[[132.37894,43.32279],[132.37993,43.3226]],[[132.40606,43.18983],[132.40961,43.18015],[132.41083,43.17851],[132.41243,43.17701]],[[132.41693,43.17561],[132.41845,43.17601],[132.41912,43.17508],[132.41739,43.1745],[132.41673,43.17483],[132.41602,43.17518],[132.41544,43.17547],[132.41377,43.1763],[132.41289,43.17687],[132.41144,43.17809],[132.41058,43.17902],[132.40624,43.18987]],[[132.41903,43.17803],[132.41421,43.1767],[132.41237,43.17732]],[[132.41243,43.17701],[132.41388,43.17167]],[[132.41243,43.17701],[132.41422,43.17589],[132.41588,43.17504],[132.4166,43.17469],[132.41719,43.17441],[132.41735,43.17326],[132.4163,43.17305],[132.41566,43.17416],[132.41384,43.17439],[132.41547,43.17525]],[[132.41544,43.17547],[132.416,43.17685],[132.41693,43.17561]],[[132.46688,43.24402],[132.46194,43.23757],[132.46186,43.23436],[132.45588,43.23344],[132.44792,43.23021],[132.44335,43.22231],[132.4336,43.22273],[132.42396,43.21874],[132.41459,43.21164],[132.4121,43.20737],[132.40584,43.20221],[132.41082,43.19638],[132.42524,43.18591],[132.42489,43.18481],[132.42322,43.18292],[132.42282,43.18241],[132.42111,43.18047],[132.42064,43.17992],[132.41996,43.17912],[132.41903,43.17803],[132.41816,43.17702],[132.41693,43.17561]],[[132.41693,43.17561],[132.41658,43.17521],[132.41584,43.17435],[132.41566,43.17416],[132.41519,43.17363],[132.41455,43.17278],[132.41358,43.17097],[132.41298,43.16536],[132.40301,43.15199],[132.40278,43.14873],[132.40773,43.13086],[132.3928,43.10564],[132.39183,43.09407],[132.38783,43.08649],[132.38849,43.07997],[132.3904,43.07721],[132.39855,43.07416],[132.4192,43.06992],[132.4271,43.06645],[132.43727,43.04586],[132.43954,43.03266],[132.42325,43.0216],[132.42262,43.01758],[132.41409,43.00873],[132.40579,42.98598],[132.40824,42.98144],[132.41104,42.96646],[132.41242,42.96421],[132.41579,42.96237],[132.43952,42.95788],[132.44457,42.95297],[132.44858,42.94394],[132.46374,42.93437],[132.47132,42.92429],[132.47577,42.92041],[132.48228,42.91691],[132.54532,42.9146],[132.55858,42.91986],[132.57475,42.92408],[132.58167,42.92482],[132.59044,42.92878],[132.59555,42.93305],[132.60705,42.93718],[132.63376,42.93821],[132.64479,42.93587],[132.66631,42.93669],[132.67934,42.93343],[132.68615,42.92878],[132.69587,42.92614],[132.73627,42.92001],[132.75085,42.9144],[132.76985,42.91018],[132.80206,42.91539],[132.81785,42.909],[132.84405,42.90707],[132.85184,42.90313],[132.85801,42.9021],[132.86232,42.89844],[132.86901,42.89493],[132.88005,42.89229],[132.88287,42.89294],[132.88392,42.88984],[132.8888,42.88851],[132.88919,42.88235],[132.89766,42.87904],[132.89579,42.87723],[132.90342,42.87401],[132.9088,42.86771],[132.91375,42.85098],[132.91767,42.84407]],[[132.44815,44.19945],[132.4476,44.19935]],[[132.46688,43.24402],[132.4682,43.24533]],[[132.4682,43.24533],[132.4678,43.245],[132.46688,43.24402]],[[132.69662,44.49457],[132.69727,44.49701],[132.69935,44.4987]],[[132.69935,44.4987],[132.69674,44.49727],[132.69662,44.49457]],[[132.69935,44.4987],[132.73843,44.51962],[132.76761,44.52773],[132.82386,44.55034],[132.82897,44.55414],[132.833,44.56294],[132.83857,44.56843]],[[132.83951,44.56936],[132.83834,44.56907]],[[132.83857,44.56843],[132.83943,44.5688]],[[132.83857,44.56843],[132.83951,44.56936]],[[132.83951,44.56936],[132.85072,44.57604],[132.85304,44.58333],[132.85987,44.59218]],[[132.85987,44.59218],[132.8633,44.59314],[132.8664,44.59263]],[[132.8664,44.59263],[132.86355,44.59325],[132.85987,44.59218]],[[132.8664,44.59263],[132.86983,44.59263],[132.87792,44.59552],[132.88285,44.60108],[132.91989,44.61196],[132.93126,44.63262],[132.94496,44.64693],[132.95021,44.64925],[132.96194,44.64974],[132.96627,44.65121],[132.96891,44.65369],[132.97288,44.66073],[132.98846,44.67161],[132.99705,44.68467],[133.00075,44.68638],[133.01189,44.68862],[133.03378,44.6968],[133.04672,44.70992],[133.05834,44.7167],[133.065,44.72939],[133.06502,44.73307],[133.06309,44.73889],[133.06462,44.74393],[133.06926,44.74791],[133.07925,44.75377],[133.0907,44.77021],[133.10531,44.78739],[133.11292,44.80136]],[[132.91767,42.84407],[132.91806,42.84357]],[[132.91826,42.84379],[132.91767,42.84407]],[[132.91826,42.84379],[132.91806,42.84357]],[[132.91806,42.84357],[132.91853,42.8435],[132.91826,42.84379]],[[132.97011,42.85535],[132.97011,42.85527]],[[133.11292,44.80136],[133.11157,44.79997]],[[133.11292,44.80136],[133.11496,44.80638],[133.10941,44.81579],[133.11132,44.82028],[133.181,44.86691],[133.21548,44.87175],[133.30341,44.93166],[133.32791,44.95963],[133.33342,44.96456],[133.33899,44.97615],[133.45753,45.0429],[133.46782,45.05255],[133.48604,45.07727],[133.49446,45.08409],[133.49804,45.09564],[133.48901,45.10956],[133.48853,45.15166],[133.46892,45.18753],[133.4834,45.2342],[133.51065,45.25867],[133.51237,45.26705],[133.50846,45.27093],[133.50792,45.27308],[133.51096,45.28039],[133.51991,45.28542],[133.52239,45.29111],[133.52073,45.30722],[133.52496,45.30959],[133.53292,45.32346],[133.55547,45.34743],[133.56443,45.36821],[133.56039,45.38224],[133.55696,45.38834],[133.5553,45.39947],[133.55522,45.40411],[133.55782,45.40879],[133.55926,45.41522],[133.56161,45.43553],[133.56179,45.44815],[133.55828,45.45426],[133.559,45.47495],[133.56734,45.48207],[133.58067,45.50368],[133.60526,45.53078],[133.60927,45.56751],[133.60792,45.57168],[133.60244,45.57884],[133.60289,45.58843],[133.61298,45.60095],[133.62365,45.64474],[133.64282,45.67401],[133.64285,45.67666],[133.63857,45.68697],[133.64208,45.69763],[133.642,45.70652],[133.65499,45.72496],[133.66209,45.7401],[133.67401,45.75316],[133.67647,45.78316],[133.68204,45.78982],[133.68399,45.79527]],[[133.68399,45.79527],[133.68541,45.79794]],[[133.68492,45.7981],[133.68399,45.79527]],[[133.68631,45.80013],[133.68492,45.7981]],[[133.68492,45.7981],[133.68541,45.79794]],[[133.68541,45.79794],[133.68631,45.80013]],[[133.68631,45.80013],[133.69076,45.80702]],[[133.69076,45.80702],[133.69233,45.80898]],[[133.69186,45.80914],[133.69076,45.80702]],[[133.69233,45.80898],[133.69217,45.80919],[133.69186,45.80914]],[[133.6935,45.81122],[133.69186,45.80914]],[[133.69233,45.80898],[133.6935,45.81122]],[[133.6935,45.81122],[133.69822,45.8193]],[[133.69822,45.8193],[133.69953,45.82157],[133.7002,45.82368]],[[133.7002,45.82368],[133.69901,45.82167],[133.69822,45.8193]],[[133.69901,45.82167],[133.69953,45.82157]],[[133.7002,45.82368],[133.70345,45.83088]],[[133.70345,45.83088],[133.70473,45.83314]],[[133.70429,45.83329],[133.70345,45.83088]],[[133.70473,45.83314],[133.70462,45.83328],[133.70454,45.83331],[133.70429,45.83329]],[[133.70557,45.83559],[133.70429,45.83329]],[[133.70473,45.83314],[133.70557,45.83559]],[[133.70557,45.83559],[133.71867,45.86084]],[[133.71867,45.86084],[133.72006,45.86312]],[[133.71956,45.86324],[133.71867,45.86084]],[[133.72092,45.86548],[133.71956,45.86324]],[[133.71956,45.86324],[133.72006,45.86312]],[[133.72006,45.86312],[133.72092,45.86548]],[[133.72092,45.86548],[133.72402,45.87183]],[[133.72402,45.87183],[133.72513,45.87357]],[[133.72464,45.87367],[133.72402,45.87183]],[[133.72513,45.87357],[133.72496,45.87372],[133.72464,45.87367]],[[133.72592,45.87568],[133.72464,45.87367]],[[133.72513,45.87357],[133.72592,45.87568]],[[133.72592,45.87568],[133.73812,45.90048],[133.74985,45.90362],[133.77096,45.91539],[133.77197,45.91713]],[[133.77222,45.91817],[133.77101,45.91747]],[[133.77197,45.91713],[133.7727,45.91766]],[[133.77197,45.91713],[133.77222,45.91817]],[[133.77222,45.91817],[133.77516,45.92956],[133.78942,45.94353],[133.78496,45.9537],[133.78287,45.96522],[133.78789,45.97277],[133.8283,45.99851],[133.8345,46.00512],[133.83949,46.00691],[133.84817,46.01254],[133.85017,46.01775],[133.84917,46.02328],[133.85495,46.0303],[133.86893,46.03741],[133.88951,46.03923],[133.89825,46.04476],[133.89931,46.04907],[133.89703,46.06468],[133.89343,46.07193],[133.89414,46.07661],[133.91936,46.10137],[133.95053,46.12624],[133.96244,46.13289],[133.96865,46.14212],[133.97627,46.14812],[133.97736,46.15107],[133.97643,46.15445],[133.96244,46.16628],[133.96107,46.16878],[133.96137,46.1725],[133.96533,46.17635],[133.99446,46.19385],[133.99671,46.19796],[133.99836,46.21281],[134.00007,46.2167],[134.07429,46.25963],[134.09686,46.26544],[134.11459,46.28251],[134.12532,46.30804],[134.15792,46.35177],[134.16016,46.37289],[134.16898,46.38555],[134.22333,46.39985],[134.2741,46.44294],[134.27919,46.44488],[134.29607,46.44724],[134.29899,46.44904],[134.29944,46.46387],[134.30253,46.46845],[134.29994,46.49227],[134.27691,46.53259],[134.25014,46.55288]],[[134.2498,46.55348],[134.24959,46.553]],[[134.2498,46.55348],[134.24812,46.55808],[134.25389,46.56287],[134.25805,46.56934],[134.25961,46.58823],[134.26378,46.59514],[134.26867,46.60105],[134.29003,46.61605],[134.29243,46.61932],[134.29298,46.62986],[134.29544,46.64163],[134.30134,46.65351],[134.30058,46.65702],[134.29349,46.66816],[134.29376,46.67174],[134.29697,46.6751]],[[134.2498,46.55348],[134.25014,46.55288]],[[134.25014,46.55288],[134.25046,46.55334]]]}}],"provenance":{"sources":[{"id":"osm-far-eastern-260916","url":"https://download.geofabrik.de/russia/far-eastern-fed-district-260916.osm.pbf","snapshot":"2026-09-16T20:21:21Z","sha256":"fd264d9cb2c1670512aeaa43ca562920df9b3e676e381a45f4141676843fd1f1","md5":"879d448abc7a6059dd1e48f978330f6e","bytes":387672435,"license":"ODbL-1.0","attribution":"© OpenStreetMap contributors, Geofabrik","downloadDate":"2026-09-17"}],"attribution":"© OpenStreetMap contributors, Geofabrik; ODbL-1.0","geometryMethod":"Actual OSM road ways, merged by class and endpoint, display simplification 0.0007 degrees; not routing geometry","sourceWayCount":10165,"routingUse":false}}