{"type":"FeatureCollection","features":[{"type":"Feature","properties":{"roadClass":"motorway"},"geometry":{"type":"MultiLineString","coordinates":[[[54.80649,55.41474],[54.81407,55.41336],[54.8166,55.41332],[54.81987,55.41369],[54.82341,55.41465],[54.85772,55.4258],[54.86996,55.4289],[54.87945,55.43054],[54.9204,55.43594],[54.95189,55.44073],[54.96107,55.44249],[54.96999,55.44482],[54.97934,55.44801],[54.98667,55.45116],[55.05166,55.48439],[55.08956,55.49645],[55.09413,55.49834],[55.09797,55.50059],[55.10145,55.50362],[55.1037,55.50674],[55.11284,55.52211],[55.1146,55.52615],[55.11557,55.52969],[55.1161,55.53574],[55.11576,55.53904],[55.11499,55.54244],[55.11382,55.54565],[55.10443,55.56558],[55.10349,55.57254],[55.10541,55.57882],[55.12129,55.6052],[55.12714,55.61116],[55.13591,55.6163],[55.14441,55.61934],[55.18993,55.63135],[55.19651,55.63337],[55.20131,55.63538],[55.2064,55.6382],[55.21127,55.64193],[55.21409,55.64494],[55.21651,55.6487],[55.21774,55.65184],[55.22404,55.68325],[55.22939,55.6942],[55.23503,55.70102],[55.24299,55.70805],[55.26925,55.72345],[55.27275,55.72598],[55.2765,55.72963],[55.27882,55.7329],[55.28022,55.73585],[55.29043,55.76617],[55.29458,55.77134],[55.30144,55.77671],[55.3042,55.77924],[55.30651,55.782],[55.30835,55.78508],[55.30941,55.78789],[55.30997,55.79118],[55.3123,55.83801],[55.31249,55.84085],[55.31262,55.84325],[55.31268,55.84427],[55.31522,55.85127],[55.32372,55.8597],[55.34656,55.87085],[55.35126,55.8739],[55.35311,55.87542],[55.35573,55.87803],[55.35814,55.8813],[55.35974,55.88462],[55.36866,55.91604],[55.37365,55.91973],[55.37725,55.92066],[55.3842,55.92118],[55.38732,55.9218],[55.38912,55.92242],[55.39066,55.92317],[55.39205,55.92412],[55.39319,55.92524],[55.39376,55.92608],[55.39433,55.92758],[55.40146,55.9524],[55.40804,55.96105],[55.41404,55.96521],[55.42255,55.96905],[55.43152,55.97154],[55.44693,55.97434],[55.45352,55.97591],[55.45813,55.97746],[55.46202,55.97909],[55.46483,55.9805],[55.46856,55.98278],[55.47305,55.98643],[55.47987,55.99408],[55.48788,56.00067],[55.50184,56.00991],[55.51205,56.01328],[55.51424,56.01433],[55.51639,56.01585],[55.51746,56.01698],[55.51846,56.01866],[55.52068,56.02714],[55.52457,56.03146],[55.53477,56.03798],[55.54888,56.04407],[55.5516,56.04556],[55.554,56.04737],[55.55599,56.04959],[55.55705,56.05158],[55.56104,56.0639],[55.56404,56.06674],[55.58193,56.07162],[55.58375,56.07224],[55.58619,56.07336],[55.58805,56.0745],[55.58962,56.07582],[55.59756,56.08401],[55.60711,56.08958],[55.61953,56.0935],[55.63758,56.09599],[55.64268,56.09707],[55.64848,56.09878],[55.65301,56.10055],[55.65674,56.10239],[55.67651,56.11461],[55.67952,56.11673],[55.68231,56.11916],[55.68561,56.12319],[55.68745,56.1267],[55.69194,56.1404],[55.69675,56.14527],[55.74554,56.16644],[55.76957,56.18],[55.77562,56.18272],[55.78786,56.18741],[55.79115,56.18888],[55.79653,56.19169],[55.82402,56.20723],[55.83392,56.21207],[55.85392,56.21899],[55.87665,56.22384],[55.88311,56.22558],[55.88888,56.22777],[55.89183,56.22918],[55.89536,56.23121],[55.89947,56.23424],[55.90193,56.23662],[55.90402,56.2392],[55.90579,56.24228],[55.90693,56.24567],[55.91394,56.27646],[55.91497,56.28065],[55.91749,56.28467],[55.92231,56.28824],[55.9319,56.29152],[55.94745,56.29317],[55.95214,56.29398],[55.9566,56.29507],[55.96093,56.29652],[55.96574,56.2987],[55.96938,56.30087],[55.97891,56.30749],[55.98689,56.31095],[55.996,56.31318],[56.02493,56.31752],[56.03228,56.31897],[56.03774,56.32058],[56.04339,56.32283],[56.06289,56.33281],[56.08295,56.33654]],[[56.08293,56.33663],[56.06281,56.33289],[56.0422,56.32241],[56.03221,56.31906],[55.99593,56.31326],[55.98679,56.31103],[55.97879,56.30756],[55.96563,56.29877],[55.95653,56.29516],[55.93181,56.2916],[55.9222,56.28831],[55.91734,56.2847],[55.91492,56.281],[55.90677,56.24569],[55.90564,56.2423],[55.90529,56.24157],[55.90488,56.24084],[55.90387,56.23924],[55.90178,56.23666],[55.89525,56.23127],[55.88303,56.22566],[55.85383,56.21907],[55.83384,56.21214],[55.82389,56.20729],[55.79452,56.1907],[55.78777,56.18749],[55.77553,56.18279],[55.76948,56.18007],[55.74543,56.16651],[55.69662,56.14533],[55.69202,56.14095],[55.68545,56.12322],[55.67637,56.11467],[55.65782,56.10314],[55.64978,56.09937],[55.63899,56.09635],[55.624,56.0944],[55.61799,56.09325],[55.607,56.08965],[55.59742,56.08406],[55.58607,56.07342],[55.5639,56.0668],[55.56089,56.06393],[55.5569,56.0516],[55.55387,56.04742],[55.54879,56.04414],[55.53474,56.03809],[55.52444,56.03152],[55.52053,56.02717],[55.51831,56.01868],[55.51627,56.0159],[55.51194,56.01335],[55.50173,56.00998],[55.48775,56.00073],[55.47973,55.99413],[55.46764,55.9823],[55.45343,55.97599],[55.43144,55.97162],[55.42248,55.96913],[55.41489,55.96581],[55.40791,55.9611],[55.40131,55.95242],[55.39271,55.9249],[55.38725,55.92187],[55.37721,55.92075],[55.37358,55.9198],[55.3685,55.91606],[55.35958,55.88464],[55.35609,55.87867],[55.34644,55.87091],[55.3236,55.85976],[55.31506,55.8513],[55.31252,55.84429],[55.30982,55.79118],[55.30819,55.78511],[55.30405,55.77928],[55.29443,55.77138],[55.29027,55.7662],[55.27981,55.73523],[55.27634,55.72965],[55.26912,55.72352],[55.24286,55.70811],[55.23487,55.70107],[55.22923,55.69424],[55.22362,55.68244],[55.21759,55.65185],[55.21394,55.64499],[55.20627,55.63826],[55.19641,55.63345],[55.14433,55.61942],[55.13581,55.61638],[55.12701,55.61122],[55.12067,55.60458],[55.10524,55.57886],[55.10328,55.57255],[55.10425,55.56556],[55.11481,55.54242],[55.11591,55.53573],[55.11539,55.5297],[55.11301,55.52283],[55.10485,55.50897],[55.10189,55.50436],[55.09783,55.50066],[55.0895,55.49655],[55.05154,55.48448],[54.98654,55.45123],[54.96892,55.44462],[54.94807,55.44024],[54.87942,55.43064],[54.86992,55.42901],[54.85761,55.4259],[54.81982,55.41379],[54.81409,55.41346],[54.80659,55.41487]],[[55.31204,55.83253],[55.31304,55.83407],[55.3135,55.84202],[55.31262,55.84325]],[[55.908,56.25105],[55.90529,56.24157]],[[55.90544,56.24155],[55.90594,56.24235],[55.90679,56.24459],[55.90816,56.25104]]]}},{"type":"Feature","properties":{"roadClass":"primary"},"geometry":{"type":"MultiLineString","coordinates":[[[53.46289,54.48133],[53.43275,54.4854]],[[53.46521,54.48167],[53.46289,54.48133]],[[53.46289,54.48133],[53.46548,54.48113]],[[53.46548,54.48113],[53.46592,54.48124],[53.46599,54.48155],[53.46554,54.48173],[53.4653,54.4817],[53.46521,54.48167],[53.46511,54.48161],[53.46548,54.48113]],[[53.47357,54.48306],[53.46567,54.48172]],[[53.46598,54.48131],[53.47375,54.48275]],[[53.47357,54.48306],[53.47375,54.48275]],[[53.47407,54.48296],[53.47357,54.48306]],[[53.47375,54.48275],[53.47407,54.48296]],[[53.47407,54.48296],[53.48225,54.4844]],[[53.48225,54.4844],[53.48282,54.48446]],[[53.48275,54.48457],[53.48225,54.4844]],[[53.48342,54.48445],[53.48487,54.48451]],[[53.48487,54.48451],[53.48347,54.48466]],[[53.48487,54.48451],[53.49652,54.48367]],[[53.49652,54.48367],[53.49751,54.48334]],[[53.49767,54.48368],[53.49718,54.48364],[53.49652,54.48367]],[[53.49825,54.48319],[53.5282,54.48109],[53.53063,54.48111]],[[53.53063,54.48111],[53.52723,54.48128],[53.52398,54.48155],[53.51053,54.48248],[53.5043,54.48295],[53.5042,54.48296],[53.50407,54.48297],[53.50384,54.48299],[53.50354,54.48301],[53.49903,54.48333],[53.49849,54.48353]],[[53.50384,54.48299],[53.50381,54.48286]],[[53.50404,54.48284],[53.50407,54.48297]],[[53.51954,54.48186],[53.51951,54.48172]],[[53.54057,54.4829],[53.53063,54.48111]],[[53.54057,54.4829],[53.54199,54.48304],[53.57694,54.47602],[53.5785,54.47405],[53.57468,54.46842],[53.57543,54.46211],[53.60082,54.4481]],[[53.54104,54.48322],[53.54057,54.4829]],[[53.60082,54.4481],[53.60107,54.44785]],[[53.60284,54.44784],[53.60082,54.4481]],[[54.20324,56.19968],[54.20334,56.19282],[54.21198,56.18925],[54.21535,56.18492],[54.21347,56.17953],[54.21485,56.17486],[54.24137,56.1647],[54.24434,56.16091],[54.2515,56.15917],[54.25558,56.15478],[54.25986,56.1382],[54.2653,56.13249],[54.27219,56.13081],[54.27581,56.13139],[54.28022,56.12975],[54.28072,56.1282],[54.27221,56.11925],[54.29745,56.11086],[54.30636,56.10708]],[[54.24836,56.10031],[54.25175,56.1035],[54.27203,56.09682]],[[54.2679,56.09354],[54.26672,56.09383],[54.26199,56.09544],[54.25476,56.09782],[54.24857,56.09983],[54.24807,56.10001],[54.24836,56.10031]],[[54.24857,56.09983],[54.24836,56.10031]],[[54.25831,56.08198],[54.25696,56.08231]],[[54.25931,56.08453],[54.25696,56.08231]],[[54.25696,56.08231],[54.25755,56.08157],[54.25831,56.08198]],[[54.25755,56.08157],[54.2586,56.08091]],[[54.2583,56.08203],[54.25914,56.0841],[54.25952,56.08446],[54.25984,56.08475],[54.26408,56.08884],[54.26801,56.09257],[54.26878,56.09336],[54.26921,56.09385],[54.26955,56.09421],[54.27215,56.09677]],[[54.2586,56.08091],[54.25831,56.08198]],[[54.2586,56.08091],[54.26547,56.07213]],[[54.25914,56.0841],[54.25896,56.0842]],[[54.27203,56.09682],[54.2689,56.09376],[54.26867,56.0935],[54.26857,56.0934],[54.26821,56.09301],[54.26389,56.0889],[54.2638,56.08882],[54.26313,56.08819],[54.25969,56.08491],[54.25961,56.08482],[54.25931,56.08453]],[[54.25931,56.08453],[54.25952,56.08446]],[[54.25984,56.08475],[54.25961,56.08482]],[[54.26399,56.08876],[54.2638,56.08882]],[[54.26586,56.07166],[54.26521,56.0717]],[[54.26547,56.07213],[54.26521,56.0717]],[[54.26521,56.0717],[54.26562,56.07125]],[[54.26586,56.07166],[54.26547,56.07213]],[[54.26636,56.07184],[54.26547,56.07213]],[[54.26562,56.07125],[54.26597,56.07152]],[[54.26562,56.07125],[54.26627,56.0712]],[[54.26597,56.07152],[54.26586,56.07166]],[[54.26627,56.0712],[54.26597,56.07152]],[[54.26627,56.0712],[54.27561,56.05945],[54.27659,56.05656],[54.27313,56.04901],[54.26708,56.04163],[54.26628,56.03562]],[[54.30785,56.10599],[54.31262,56.09448],[54.30869,56.08535],[54.29608,56.0588],[54.29564,56.05677],[54.29834,56.04424],[54.29709,56.04005],[54.29286,56.03758],[54.26628,56.03562]],[[54.26628,56.03562],[54.26458,56.01636],[54.25557,55.98817],[54.25774,55.97248],[54.25024,55.95522],[54.25353,55.93691],[54.2561,55.93197],[54.26109,55.92838],[54.3242,55.89797],[54.43658,55.85069],[54.4456,55.84861],[54.48842,55.84613],[54.49534,55.84419],[54.59369,55.77398],[54.60554,55.74145],[54.60746,55.7389],[54.63628,55.72964],[54.65753,55.72546],[54.6757,55.71794],[54.71152,55.69153],[54.73787,55.66931],[54.77263,55.6464],[54.78505,55.63451],[54.78791,55.63049],[54.78891,55.62547],[54.7874,55.61137],[54.79869,55.58397],[54.80781,55.57719],[54.81949,55.57283],[54.83579,55.56852],[54.84505,55.56392],[54.84901,55.56145],[54.85989,55.55082],[54.86259,55.54667],[54.86232,55.54049],[54.83995,55.52264],[54.83166,55.50175],[54.82834,55.49956],[54.81573,55.49573]],[[54.2679,56.09354],[54.26821,56.09301]],[[54.30889,56.08585],[54.28514,56.08817],[54.27504,56.09218],[54.27228,56.09273],[54.2692,56.09328],[54.26878,56.09336],[54.26857,56.0934],[54.2679,56.09354]],[[54.2689,56.09376],[54.26835,56.09356],[54.2681,56.09353],[54.2679,56.09354]],[[54.2685,56.09307],[54.2692,56.09328],[54.26921,56.09385]],[[54.27362,56.09831],[54.27203,56.09682]],[[54.27215,56.09677],[54.27203,56.09682]],[[54.27215,56.09677],[54.274,56.09808]],[[54.27433,56.09901],[54.27384,56.09851]],[[54.274,56.09808],[54.27429,56.09819]],[[54.27429,56.09819],[54.27384,56.09851],[54.27362,56.09831],[54.27364,56.09822],[54.274,56.09808]],[[54.27429,56.09819],[54.27518,56.09855]],[[54.28944,56.1135],[54.27433,56.09901]],[[54.27518,56.09855],[54.27433,56.09901]],[[54.3067,56.10621],[54.2956,56.10244],[54.27518,56.09855]],[[54.30636,56.10708],[54.30702,56.10663]],[[54.30749,56.10685],[54.30636,56.10708]],[[54.3067,56.10621],[54.30731,56.10626]],[[54.30699,56.10655],[54.3067,56.10621]],[[54.30743,56.10623],[54.30785,56.10599]],[[54.30785,56.10599],[54.30796,56.10632]],[[54.30796,56.10632],[54.3078,56.10683],[54.307,56.10659],[54.30699,56.10655],[54.30703,56.10643],[54.30731,56.10626],[54.30743,56.10623],[54.30763,56.10623],[54.30796,56.10632]],[[54.72789,53.18535],[54.76087,53.19209],[54.77959,53.19375],[54.7782,53.19906],[54.78017,53.2087],[54.77951,53.21611],[54.78667,53.23704],[54.81026,53.25287],[54.8152,53.25282],[54.81928,53.25408],[54.81999,53.25557],[54.81854,53.25757],[54.82204,53.25874],[54.83189,53.26949],[54.83883,53.27909],[54.84269,53.28731],[54.8472,53.28936],[54.85223,53.3002],[54.87542,53.31697],[54.88059,53.31725],[54.92411,53.32968]],[[54.78865,55.41833],[54.78983,55.41801],[54.79345,55.41727],[54.79687,55.41652],[54.80231,55.41553]],[[54.80321,55.41555],[54.80134,55.41603],[54.79842,55.41662],[54.79535,55.41724],[54.79316,55.41769],[54.79017,55.41819]],[[54.79991,55.41855],[54.79632,55.41858],[54.79316,55.41769]],[[54.79345,55.41727],[54.79273,55.41635],[54.79456,55.41639]],[[54.79456,55.41639],[54.79496,55.41656],[54.79651,55.41718],[54.79737,55.41753]],[[54.79687,55.41652],[54.79506,55.4154],[54.79456,55.41639]],[[54.79535,55.41724],[54.79622,55.41848],[54.79737,55.41753]],[[54.79737,55.41753],[54.79782,55.41771]],[[54.79782,55.41771],[54.79945,55.4173],[54.79842,55.41662]],[[54.79782,55.41771],[54.79991,55.41855]],[[54.79991,55.41855],[54.80111,55.41905]],[[54.80111,55.41905],[54.80832,55.42194],[54.79551,55.46423],[54.7903,55.46918],[54.79194,55.47632],[54.79073,55.48573],[54.79335,55.48828],[54.81369,55.49508]],[[54.80134,55.41603],[54.80005,55.41733],[54.80111,55.41905]],[[54.81369,55.49508],[54.81463,55.49537]],[[54.81428,55.49556],[54.81369,55.49508]],[[54.81486,55.49572],[54.81428,55.49556]],[[54.81428,55.49556],[54.81463,55.49537]],[[54.81463,55.49537],[54.81495,55.49545]],[[54.81495,55.49545],[54.81486,55.49572]],[[54.81573,55.49573],[54.81524,55.49569],[54.81486,55.49572]],[[54.81495,55.49545],[54.81573,55.49573]],[[55.2133,55.64664],[55.20973,55.64849],[55.18757,55.65323],[55.10482,55.66407],[55.08932,55.66498],[55.08685,55.66812],[55.03023,55.65522],[55.02286,55.65088],[55.01256,55.64887],[54.9749,55.62162],[54.96623,55.6119],[54.93941,55.60653],[54.93233,55.60403],[54.92725,55.58621],[54.92095,55.5759],[54.91777,55.56383],[54.91152,55.54831],[54.89776,55.50475],[54.88743,55.50994],[54.88313,55.51599],[54.87922,55.52655],[54.87247,55.53375],[54.86388,55.53424],[54.86253,55.54079]],[[54.92903,53.33084],[54.92411,53.32968]],[[55.28869,53.44619],[55.28625,53.44014],[55.26975,53.43232],[55.25892,53.43064],[55.23996,53.42436],[55.20786,53.42933],[55.19198,53.42644],[55.179,53.42781],[55.15435,53.4332],[55.13666,53.42839],[55.11536,53.41404],[55.10688,53.41192],[55.09868,53.41282],[55.0842,53.41017],[55.06069,53.40172],[55.04459,53.3883],[55.01259,53.37077],[54.99112,53.35634],[54.97533,53.34756],[54.96659,53.3362],[54.943,53.33142],[54.92827,53.33084],[54.92636,53.33166],[54.92411,53.32968]],[[54.95076,56.2642],[54.99298,56.23598],[55.04804,56.1851],[55.08615,56.14313],[55.08758,56.13831],[55.0771,56.08715],[55.0727,56.07854],[55.06997,56.06144],[55.07305,56.05655],[55.09313,56.04206],[55.09492,56.0374],[55.0948,56.02823],[55.10264,56.01892],[55.10889,56.01483],[55.13706,56.00185],[55.15851,55.99623],[55.18773,55.98357],[55.21033,55.95842],[55.23247,55.94151],[55.26156,55.93301],[55.29413,55.90679],[55.2965,55.90367],[55.29841,55.89771],[55.30702,55.88645],[55.30868,55.88599],[55.30815,55.88497],[55.31169,55.88051],[55.32954,55.87142]],[[55.21352,55.6465],[55.2133,55.64664]],[[55.21369,55.64667],[55.21345,55.64662],[55.2133,55.64664]],[[55.21369,55.64667],[55.21352,55.6465]],[[55.21366,55.64642],[55.21352,55.6465]],[[55.21366,55.64642],[55.21383,55.64664]],[[55.21387,55.64628],[55.21366,55.64642]],[[55.21389,55.6468],[55.21369,55.64667]],[[55.21383,55.64664],[55.21389,55.6468]],[[55.21387,55.64628],[55.21383,55.64664]],[[55.21527,55.64541],[55.21387,55.64628]],[[55.21389,55.6468],[55.21513,55.64719]],[[55.21562,55.64737],[55.21513,55.64719]],[[55.21513,55.64719],[55.21537,55.64697]],[[55.21554,55.64525],[55.21527,55.64541]],[[55.21576,55.64548],[55.21547,55.64539],[55.21527,55.64541]],[[55.21551,55.64694],[55.21599,55.64703]],[[55.21576,55.64548],[55.21554,55.64525]],[[55.2157,55.64515],[55.21554,55.64525]],[[55.2157,55.64515],[55.21589,55.6454]],[[55.21589,55.64503],[55.2157,55.64515]],[[55.21594,55.64561],[55.21576,55.64548]],[[55.21599,55.64703],[55.21576,55.64735]],[[55.21589,55.64503],[55.21589,55.6454]],[[55.39725,55.8333],[55.38662,55.82039],[55.36793,55.80545],[55.34522,55.80081],[55.33676,55.79266],[55.32816,55.78344],[55.31969,55.76775],[55.31681,55.75109],[55.31023,55.74587],[55.30117,55.73299],[55.29306,55.7184],[55.28853,55.71337],[55.26891,55.70192],[55.24611,55.68578],[55.24446,55.67918],[55.24001,55.67246],[55.23016,55.65085],[55.22276,55.6409],[55.21589,55.64503]],[[55.21589,55.6454],[55.21594,55.64561]],[[55.21594,55.64561],[55.21599,55.64703]],[[55.28869,53.44619],[55.28931,53.447]],[[55.28887,53.44695],[55.28869,53.44619]],[[55.29006,53.44766],[55.28912,53.44737]],[[55.28912,53.44737],[55.28869,53.44707],[55.28879,53.44698],[55.28887,53.44695],[55.289,53.44693],[55.28931,53.447]],[[55.28941,53.44713],[55.28912,53.44737]],[[55.28931,53.447],[55.28941,53.44713]],[[55.28941,53.44713],[55.29006,53.44766]],[[55.84634,53.56829],[55.84441,53.56753],[55.83563,53.5641],[55.82931,53.56161],[55.80041,53.55748],[55.78404,53.5522],[55.77159,53.55301],[55.75198,53.55881],[55.74527,53.55935],[55.66752,53.54934],[55.65673,53.54714],[55.62794,53.54532],[55.61888,53.54309],[55.58918,53.52649],[55.583,53.52442],[55.57966,53.52611],[55.57225,53.53326],[55.57073,53.53343],[55.5496,53.52461],[55.52989,53.51047],[55.51724,53.50452],[55.48759,53.495],[55.46755,53.4845],[55.44085,53.48121],[55.42299,53.47565],[55.41023,53.48102],[55.40241,53.48271],[55.38718,53.48513],[55.37823,53.48407],[55.35637,53.47812],[55.34854,53.47297],[55.31899,53.45833],[55.30686,53.45562],[55.29006,53.44766]],[[55.32954,55.87142],[55.33002,55.8711]],[[55.33029,55.87142],[55.32983,55.87139],[55.32954,55.87142]],[[55.33037,55.8709],[55.33163,55.87036]],[[55.33099,55.87111],[55.3306,55.87144],[55.33029,55.87142],[55.33015,55.87137],[55.33,55.87119],[55.33037,55.8709],[55.33054,55.87089],[55.33069,55.87091],[55.33099,55.87111]],[[55.33163,55.87036],[55.33099,55.87111]],[[55.33163,55.87036],[55.33568,55.86839]],[[55.33568,55.86839],[55.33604,55.86822]],[[55.33642,55.86844],[55.3361,55.86838],[55.33568,55.86839]],[[55.33642,55.86844],[55.33604,55.86822]],[[55.33604,55.86822],[55.3362,55.86815]],[[55.3362,55.86815],[55.33657,55.86838]],[[55.3362,55.86815],[55.3366,55.86796]],[[55.3368,55.8686],[55.33642,55.86844]],[[55.33657,55.86838],[55.3368,55.8686]],[[55.3366,55.86796],[55.33657,55.86838]],[[55.3366,55.86796],[55.34072,55.86598]],[[55.3368,55.8686],[55.33901,55.86963],[55.34185,55.86921]],[[55.34072,55.86598],[55.34101,55.86583]],[[55.34144,55.86607],[55.34127,55.86601],[55.34097,55.86598],[55.34086,55.86598],[55.34072,55.86598]],[[55.34144,55.86607],[55.34101,55.86583]],[[55.34101,55.86583],[55.34118,55.86575]],[[55.34118,55.86575],[55.34154,55.86599]],[[55.34118,55.86575],[55.34153,55.86559]],[[55.34175,55.86618],[55.34144,55.86607]],[[55.34153,55.86559],[55.34154,55.86599]],[[55.34153,55.86559],[55.3422,55.86527]],[[55.34154,55.86599],[55.34175,55.86618]],[[55.34185,55.86921],[55.34174,55.86858]],[[55.34175,55.86618],[55.34317,55.86826]],[[55.34328,55.86929],[55.34243,55.8691],[55.34185,55.86921]],[[55.34185,55.86851],[55.34317,55.86826]],[[55.3422,55.86527],[55.35017,55.86143]],[[55.35017,55.86143],[55.34795,55.86302],[55.34726,55.86345],[55.3465,55.86381],[55.3422,55.86527]],[[55.34317,55.86826],[55.34338,55.86922]],[[55.34684,55.86303],[55.34753,55.86328]],[[55.35017,55.86143],[55.39725,55.8333]],[[55.42502,55.8158],[55.39725,55.8333]],[[55.42513,55.81653],[55.42433,55.81647]],[[55.42513,55.81653],[55.42466,55.81616]],[[55.42502,55.8158],[55.42513,55.81653]],[[55.58297,55.42025],[55.60567,55.51352],[55.59401,55.6506],[55.58271,55.66876],[55.58914,55.68124],[55.59079,55.69564],[55.58641,55.71019],[55.58446,55.71236],[55.56771,55.72008],[55.55224,55.73191],[55.54095,55.73652],[55.5277,55.7386],[55.50256,55.7554],[55.47813,55.76221],[55.47197,55.76756],[55.46743,55.77676],[55.44271,55.79447],[55.42502,55.8158]],[[55.91461,56.24397],[55.92709,56.23312],[55.92794,56.22645],[55.92936,56.22364],[55.93703,56.21611],[55.9406,56.20067],[55.95474,56.19428],[55.95605,56.19231],[55.95654,56.18795],[55.95197,56.18258],[55.95186,56.17796],[55.95068,56.17606],[55.94716,56.17141],[55.94109,56.16627],[55.9328,56.14982],[55.93386,56.14595],[55.94145,56.13995],[55.9447,56.1164],[55.94692,56.10964],[55.92198,56.07346],[55.92246,56.06985],[55.92674,56.06406],[55.92997,56.04522],[55.92815,56.04082],[55.91921,56.0286],[55.91035,56.00613],[55.90976,55.99352],[55.9118,55.98395],[55.86441,55.95535],[55.83613,55.94483],[55.8302,55.94027],[55.82689,55.93482],[55.82489,55.9334],[55.79029,55.92706],[55.77009,55.91005],[55.76619,55.90796],[55.70923,55.89244],[55.6963,55.8915],[55.68884,55.8845],[55.65137,55.86293],[55.64539,55.86044],[55.63466,55.85877],[55.62492,55.86035],[55.60588,55.85599],[55.58547,55.83655],[55.58019,55.83361],[55.57442,55.83238],[55.55303,55.83196],[55.53646,55.83431],[55.49571,55.8328],[55.444,55.83651],[55.44092,55.83503],[55.43178,55.82606],[55.42513,55.81653]],[[55.58307,55.41939],[55.58234,55.41936]],[[55.58297,55.42025],[55.58234,55.41936]],[[55.58234,55.41936],[55.58238,55.41888]],[[55.58238,55.41888],[55.58318,55.41819]],[[55.58238,55.41888],[55.58291,55.41883],[55.58321,55.41896]],[[55.58307,55.41939],[55.58297,55.42025]],[[55.58321,55.41896],[55.58307,55.41939]],[[55.58318,55.41819],[55.58321,55.41896]],[[55.58318,55.41819],[55.58881,55.40492],[55.57637,55.37141],[55.58228,55.35687],[55.59671,55.33542],[55.62849,55.31162],[55.65017,55.28796],[55.65889,55.28226],[55.66753,55.27979],[55.67876,55.27919],[55.70113,55.28109],[55.70833,55.28012],[55.71826,55.27649],[55.85197,55.18203],[55.85378,55.1779],[55.85277,55.1515],[55.84359,55.13264],[55.84078,55.11967],[55.84123,55.11319]],[[55.58962,56.40814],[55.59289,56.3979],[55.5994,56.39343],[55.61339,56.37807],[55.62404,56.37085],[55.6435,56.36617],[55.67078,56.36244],[55.79946,56.33016],[55.82025,56.31599],[55.83604,56.29944],[55.83615,56.29672],[55.83226,56.28732],[55.83314,56.28465],[55.84049,56.2816],[55.86931,56.27647],[55.88607,56.25513],[55.89211,56.25015],[55.89807,56.248]],[[55.60038,55.49113],[55.62086,55.49693],[55.64896,55.49852],[55.65822,55.50233],[55.68131,55.50744],[55.71296,55.5087],[55.7309,55.51643],[55.73721,55.52168],[55.74214,55.52806],[55.75055,55.53076],[55.77772,55.5331],[55.80901,55.53401],[55.82666,55.54029],[55.84359,55.54244],[55.87149,55.53812],[55.88831,55.53919],[55.89914,55.54229],[55.91409,55.54921],[55.94123,55.55303],[55.96559,55.55168],[55.97087,55.55258],[55.98238,55.55878],[55.98869,55.56514],[55.99443,55.58939],[55.99847,55.59422],[56.00739,55.5968],[56.02331,55.59656],[56.0346,55.59828],[56.07336,55.61195],[56.08705,55.61824],[56.10104,55.6285],[56.10529,55.63617],[56.11965,55.64769],[56.1269,55.65209],[56.14035,55.65754],[56.17317,55.68185],[56.20195,55.69931],[56.24461,55.71446],[56.3218,55.73678],[56.42107,55.78404],[56.42974,55.78682],[56.55445,55.79735],[56.63356,55.81295],[56.73647,55.82011],[56.81599,55.82297],[56.82682,55.82702],[56.83147,55.83108],[56.83372,55.83534],[56.83878,55.83717],[56.84364,55.8366],[56.84551,55.83146],[56.85325,55.82612],[56.88438,55.82316],[56.89326,55.82024],[56.90489,55.81881],[56.91959,55.81181],[56.94321,55.80871],[56.98275,55.82118],[56.99618,55.82004],[57.00447,55.81638],[57.00885,55.81593],[57.01278,55.81727],[57.02244,55.82513],[57.02711,55.82704],[57.0329,55.8271],[57.04538,55.82377],[57.05674,55.82639],[57.06826,55.8267],[57.119,55.84288],[57.13813,55.84791],[57.14496,55.84666],[57.15378,55.84125],[57.15753,55.84044],[57.16639,55.84112],[57.1768,55.835],[57.19245,55.83287],[57.21151,55.82287],[57.22964,55.82014],[57.23799,55.82166],[57.24725,55.82793],[57.28418,55.84507],[57.31727,55.84851],[57.3381,55.84127],[57.3536,55.84304],[57.36492,55.84208],[57.40471,55.83096],[57.44463,55.82544],[57.46172,55.81765],[57.46442,55.81513],[57.46834,55.80762],[57.47426,55.80507],[57.50677,55.80395],[57.5359,55.80134],[57.55677,55.79023],[57.56536,55.78736],[57.57931,55.78542],[57.592,55.78697],[57.60377,55.7863],[57.63358,55.77553],[57.65723,55.77382],[57.67574,55.76776],[57.6886,55.768],[57.71416,55.76394],[57.72611,55.76514],[57.73672,55.76945],[57.74377,55.76977],[57.75591,55.76356],[57.77365,55.75897],[57.78219,55.75313],[57.7923,55.75097],[57.80071,55.75099],[57.84549,55.75746],[57.86063,55.75568],[57.87748,55.75525],[57.88486,55.74945],[57.8903,55.74157],[57.89915,55.73551],[57.89706,55.72906],[57.90154,55.71193],[57.90644,55.70762],[57.9302,55.6957],[57.95911,55.66558],[57.97179,55.66054],[57.98164,55.6596],[58.01261,55.64981],[58.02386,55.64295],[58.03366,55.63898],[58.06924,55.61945],[58.11109,55.58821],[58.11697,55.58612],[58.12739,55.58519],[58.20025,55.56048],[58.2282,55.54907],[58.23569,55.54301]],[[55.70704,54.87963],[55.7117,54.87868],[55.71175,54.87867],[55.71332,54.87834],[55.71811,54.87737],[55.71854,54.87728],[55.71894,54.87719],[55.72071,54.87683],[55.72361,54.87623],[55.72932,54.87469],[55.7425,54.86836]],[[55.7145,54.88186],[55.7114,54.88008],[55.70715,54.87977]],[[55.71521,54.88273],[55.71478,54.88213],[55.71281,54.87896],[55.71235,54.87823],[55.70907,54.8727]],[[55.7094,54.87302],[55.71013,54.87427],[55.71065,54.87507],[55.71254,54.87819],[55.713,54.87892],[55.71408,54.8807],[55.71624,54.88405]],[[55.71208,54.87795],[55.71057,54.87547]],[[55.71091,54.87532],[55.71496,54.87717],[55.71854,54.87728]],[[55.71208,54.87795],[55.71026,54.87798],[55.71175,54.87867]],[[55.71182,54.87881],[55.71152,54.87993],[55.71284,54.87916]],[[55.71284,54.87916],[55.71272,54.87898],[55.71226,54.87825],[55.71208,54.87795]],[[55.71342,54.87832],[55.71427,54.8773],[55.71246,54.87789]],[[55.7145,54.88186],[55.71284,54.87916]],[[55.71321,54.87909],[55.71481,54.88169]],[[55.7425,54.86836],[55.73022,54.87457],[55.72452,54.87619],[55.71348,54.87847]],[[55.71521,54.88273],[55.7145,54.88186]],[[55.7168,54.88506],[55.71521,54.88273]],[[55.71624,54.88405],[55.7168,54.88506]],[[55.7186,54.87743],[55.71471,54.88047],[55.71624,54.88405]],[[55.7168,54.88506],[55.73335,54.91219],[55.73825,54.92433],[55.76776,54.97481],[55.78701,55.01884],[55.79952,55.03034],[55.8086,55.04414],[55.80946,55.04793],[55.80716,55.08087],[55.80843,55.086],[55.82108,55.10108],[55.83187,55.10723]],[[55.7425,54.86836],[55.79225,54.84002],[55.81776,54.83124],[55.83305,54.8238],[55.84463,54.81427],[55.85129,54.80679],[55.85851,54.80156]],[[55.79346,54.67503],[55.80152,54.67505],[55.80236,54.6754],[55.80251,54.67555],[55.80305,54.67614],[55.80342,54.67656],[55.80357,54.67671]],[[55.80507,54.67864],[55.79389,54.67525]],[[55.79948,54.67616],[55.80151,54.67634],[55.80188,54.67636],[55.80228,54.67638],[55.80301,54.67639],[55.80339,54.67639],[55.80429,54.67636],[55.80689,54.67623]],[[55.80274,54.67669],[55.79981,54.67637]],[[55.80346,54.67683],[55.80293,54.67624],[55.80243,54.67567],[55.80197,54.67533],[55.80051,54.67556],[55.80188,54.67636]],[[55.80622,54.67645],[55.80462,54.67664],[55.80404,54.67668],[55.8036,54.67669],[55.80321,54.67669],[55.80274,54.67669]],[[55.80274,54.67669],[55.80206,54.67705],[55.80346,54.67683]],[[55.80514,54.67562],[55.80333,54.67557],[55.80306,54.67598],[55.80315,54.67617],[55.80321,54.67625],[55.80342,54.67656]],[[55.80465,54.67812],[55.80346,54.67683]],[[55.80357,54.67671],[55.80531,54.67699],[55.80462,54.67664]],[[55.80357,54.67671],[55.80465,54.67812]],[[55.80465,54.67812],[55.80507,54.67864]],[[55.80503,54.67632],[55.80514,54.67562]],[[55.80507,54.67864],[55.81411,54.68526],[55.81869,54.6913],[55.84551,54.70312],[55.84718,54.70487]],[[55.80976,54.67617],[55.80592,54.67673],[55.80507,54.67864]],[[55.80514,54.67562],[55.80972,54.67602]],[[55.83187,55.10723],[55.84091,55.11101],[55.84167,55.1112]],[[55.8405,55.11091],[55.83187,55.10723]],[[55.84012,55.11066],[55.84157,55.11073],[55.84206,55.10881]],[[55.84165,55.11133],[55.8405,55.11091]],[[55.84123,55.11319],[55.8405,55.11091]],[[55.84123,55.11319],[55.84165,55.11133],[55.84167,55.1112]],[[55.84167,55.1112],[55.84206,55.10881]],[[56.08178,54.91292],[56.08109,54.93192],[56.0782,54.94383],[56.07836,54.94744],[56.07658,54.95168],[56.09279,54.97409],[56.09372,54.97781],[56.09223,54.98656],[56.08399,55.0033],[56.06771,55.02236],[56.06711,55.035],[56.0648,55.03816],[56.05987,55.04043],[56.04219,55.04481],[55.94464,55.05669],[55.9362,55.05987],[55.93229,55.06293],[55.90125,55.07209],[55.88471,55.07838],[55.87063,55.0811],[55.85932,55.08487],[55.84345,55.10347],[55.84206,55.10881]],[[55.84634,53.56829],[55.84448,53.56848],[55.84441,53.56753],[55.8463,53.56725]],[[55.84634,53.56829],[55.92444,53.59904],[55.93209,53.60117]],[[55.84754,53.5664],[55.84566,53.56782],[55.84634,53.56829]],[[55.84718,54.70487],[55.85545,54.70555],[55.85707,54.70479],[55.85915,54.70205],[55.86077,54.70122],[55.87424,54.69975]],[[55.87424,54.69975],[55.86065,54.70141],[55.85729,54.70486],[55.85559,54.70566],[55.84718,54.70487]],[[55.84839,53.65804],[55.90873,53.63809]],[[55.85851,54.80156],[55.86309,54.79927],[55.86673,54.79844],[55.89793,54.7966],[55.90302,54.7942],[55.91052,54.78397],[55.91175,54.7829],[55.91417,54.78163],[55.91849,54.78051],[55.94497,54.77761],[55.94902,54.77639],[55.95286,54.77345],[55.95558,54.76482],[55.95738,54.76227],[55.96824,54.75525],[55.97436,54.74853],[55.97512,54.74896]],[[55.97512,54.74896],[55.96945,54.75493],[55.95697,54.76317],[55.95313,54.77351],[55.94915,54.77658],[55.94507,54.77782],[55.9143,54.78178],[55.91018,54.78472],[55.90411,54.79352],[55.90129,54.79553],[55.89809,54.79674],[55.86753,54.79848],[55.85851,54.80156]],[[55.87424,54.69975],[55.8936,54.69795],[55.90994,54.70025]],[[55.89807,56.248],[55.91194,56.24477],[55.91353,56.24432],[55.91461,56.24397]],[[55.91461,56.24397],[55.91193,56.24487],[55.90913,56.24548],[55.90334,56.24678],[55.89807,56.248]],[[55.90075,56.24729],[55.90555,56.24239]],[[55.90759,56.24981],[55.90551,56.24797],[55.90076,56.24739]],[[55.91342,54.49222],[55.90491,54.49628]],[[55.90637,56.24471],[55.90472,56.24443],[55.90351,56.24577],[55.90549,56.24621]],[[55.90551,56.2463],[55.90425,56.24736],[55.90696,56.24711]],[[55.90594,56.24235],[55.90817,56.24361],[55.91405,56.24415]],[[55.91407,54.49192],[55.9128,54.49243],[55.91009,54.49301],[55.90679,54.49299]],[[55.90969,56.24527],[55.91047,56.24465],[55.90948,56.24391],[55.90679,56.24459]],[[55.90685,54.49291],[55.91045,54.49289],[55.91239,54.4925],[55.91328,54.49222],[55.91407,54.49192]],[[55.90709,54.48937],[55.90834,54.4919],[55.91328,54.49222]],[[55.90736,56.2469],[55.90892,56.2476],[55.91074,56.24603],[55.90913,56.24548]],[[55.91252,56.24471],[55.90801,56.2498]],[[55.90873,53.63809],[55.90919,53.63776]],[[55.9096,53.63809],[55.90873,53.63809]],[[55.91086,53.63757],[55.91042,53.63809],[55.9096,53.63809]],[[55.9096,53.63809],[55.90934,53.63737],[55.91055,53.63728]],[[55.90994,54.70025],[55.92021,54.70052]],[[55.92021,54.70052],[55.91181,54.7004],[55.90994,54.70025]],[[55.91055,53.63728],[55.93029,53.63039]],[[55.91055,53.63728],[55.91086,53.63757]],[[55.93051,53.63064],[55.91086,53.63757]],[[58.82498,53.61005],[58.80314,53.63022],[58.79926,53.63502],[58.78567,53.64667],[58.77996,53.64761],[58.75392,53.64683],[58.74049,53.64496],[58.73389,53.64751],[58.72957,53.65369],[58.72219,53.65915],[58.71759,53.67253],[58.71233,53.68252],[58.7079,53.6884],[58.70916,53.69551],[58.70813,53.69893],[58.68365,53.71867],[58.68018,53.74811],[58.68312,53.75357],[58.68305,53.7559],[58.6772,53.76254],[58.67376,53.76894],[58.65786,53.77854],[58.6563,53.78223],[58.65916,53.7882],[58.65872,53.79456],[58.64844,53.8052],[58.63804,53.82059],[58.63083,53.8229],[58.61384,53.82344],[58.59724,53.83167],[58.59236,53.83284],[58.5884,53.83586],[58.58116,53.83751],[58.5805,53.8386],[58.58268,53.8454],[58.58087,53.85265],[58.57355,53.85573],[58.56586,53.85691],[58.54398,53.86335],[58.53881,53.8684],[58.52812,53.88554],[58.52456,53.88881],[58.51459,53.89225],[58.49127,53.89558],[58.47923,53.90162],[58.46868,53.9041],[58.4555,53.9144],[58.44912,53.91496],[58.44106,53.91267],[58.42657,53.91112],[58.39222,53.91239],[58.36976,53.90964],[58.32234,53.91407],[58.27801,53.90766],[58.26671,53.90097],[58.24353,53.89028],[58.2359,53.88875],[58.22524,53.89051],[58.18992,53.91],[58.18217,53.91138],[58.16996,53.90677],[58.1552,53.89657],[58.14013,53.88999],[58.10861,53.87992],[58.10028,53.8837],[58.09112,53.89557],[58.07331,53.89907],[58.06085,53.90562],[58.0282,53.9132],[58.01835,53.91381],[58.00484,53.91249],[57.99856,53.91356],[57.97088,53.92068],[57.9611,53.92584],[57.95322,53.92557],[57.93654,53.93237],[57.93138,53.9359],[57.90746,53.9404],[57.89368,53.9474],[57.88736,53.94652],[57.88267,53.94729],[57.87949,53.9517],[57.87096,53.95559],[57.86827,53.95872],[57.86848,53.96066],[57.87498,53.96758],[57.87562,53.9698],[57.864,53.97918],[57.86187,53.98493],[57.86124,53.99097],[57.85762,53.99567],[57.85547,54.00297],[57.85573,54.00538],[57.86111,54.01346],[57.86225,54.02082],[57.84033,54.02988],[57.83824,54.03178],[57.83951,54.04151],[57.84425,54.05581],[57.84068,54.08017],[57.83604,54.0823],[57.82084,54.08173],[57.81092,54.08659],[57.79996,54.08571],[57.796,54.08757],[57.79047,54.0992],[57.78963,54.10465],[57.78511,54.11429],[57.79007,54.12172],[57.78476,54.13622],[57.78705,54.14219],[57.78675,54.14621],[57.78315,54.14947],[57.77078,54.15224],[57.76795,54.15389],[57.76926,54.15907],[57.7661,54.16393],[57.76929,54.16737],[57.76963,54.17358],[57.76375,54.17727],[57.76209,54.18131],[57.75207,54.18962],[57.74663,54.19569],[57.74063,54.19804],[57.72762,54.20001],[57.72185,54.20236],[57.71126,54.20831],[57.70667,54.2137],[57.70242,54.21537],[57.6987,54.21518],[57.69543,54.2121],[57.67987,54.20672],[57.67272,54.20192],[57.65852,54.1984],[57.65192,54.19522],[57.6477,54.1918],[57.64283,54.19092],[57.62088,54.19062],[57.61317,54.19433],[57.60384,54.19716],[57.6017,54.20007],[57.59785,54.20214],[57.5865,54.20359],[57.5797,54.20824],[57.56463,54.20436],[57.55579,54.20522],[57.54183,54.20963],[57.5359,54.21599],[57.50033,54.22763],[57.49593,54.23047],[57.48641,54.23359],[57.48458,54.23618],[57.48563,54.24001],[57.48492,54.24215],[57.47284,54.25553],[57.46786,54.25726],[57.45809,54.26341],[57.45561,54.26686],[57.44869,54.27204],[57.43704,54.27719],[57.43398,54.28105],[57.4125,54.28352],[57.39959,54.28855],[57.39865,54.29281],[57.40422,54.30222],[57.40259,54.30443],[57.39852,54.30609],[57.39154,54.30756],[57.38576,54.30502],[57.37976,54.29747],[57.37213,54.29167],[57.36248,54.27856],[57.36338,54.28876],[57.36027,54.295],[57.35688,54.29633],[57.34747,54.29604],[57.32958,54.30453],[57.31227,54.30603],[57.30249,54.31032],[57.29639,54.31097],[57.29015,54.30872],[57.27713,54.29874],[57.27154,54.29916],[57.27027,54.30092],[57.2708,54.3098],[57.26367,54.31826],[57.2542,54.32132],[57.25338,54.32702],[57.24834,54.33047],[57.24458,54.33004],[57.23996,54.32425],[57.23318,54.32234],[57.22626,54.32257],[57.22161,54.31567],[57.21473,54.31265],[57.19998,54.31368],[57.19402,54.31189],[57.18497,54.31781],[57.17015,54.31808],[57.16574,54.32327],[57.16484,54.32871],[57.15974,54.33443],[57.15034,54.33791],[57.14662,54.33833],[57.13862,54.33616],[57.13517,54.33267],[57.13144,54.33127],[57.12762,54.33187],[57.12254,54.33444],[57.10875,54.33752],[57.083,54.33958],[57.07874,54.34196],[57.07626,54.34556],[57.07426,54.3504],[57.0735,54.35986],[57.06421,54.37077],[57.06263,54.37657],[57.0565,54.38418],[57.04785,54.38739],[57.03414,54.38817],[57.0248,54.39879],[57.00891,54.40668],[56.97988,54.41013],[56.96617,54.41885],[56.93956,54.42396],[56.93092,54.42401],[56.9037,54.42018],[56.86593,54.41261],[56.82844,54.39811],[56.7951,54.3929],[56.76446,54.39318],[56.7563,54.39497],[56.7328,54.40618],[56.71952,54.41007],[56.67577,54.41404],[56.63417,54.42369],[56.62074,54.42449],[56.61568,54.42728],[56.60844,54.429],[56.59015,54.43636],[56.53111,54.45006],[56.52128,54.45397],[56.48768,54.4543],[56.47523,54.45278],[56.39519,54.43336],[56.37626,54.42988],[56.36278,54.42545],[56.3521,54.41923],[56.23698,54.38869],[56.2213,54.38247],[56.21581,54.38238],[56.19947,54.38585],[56.1451,54.3853],[56.13028,54.38844],[56.08207,54.40431],[55.97912,54.44875],[55.97354,54.45198],[55.96071,54.46404],[55.92519,54.48074],[55.91407,54.49192]],[[55.91801,52.84149],[55.93125,52.83712],[55.94548,52.83588],[55.95844,52.83151],[55.97533,52.82755],[55.99586,52.81961],[56.013,52.80903],[56.0219,52.8058],[56.03078,52.80462],[56.08213,52.80332],[56.13291,52.79604],[56.16007,52.78825],[56.2318,52.7826],[56.25646,52.78693],[56.27703,52.78546],[56.29291,52.78909],[56.33404,52.79449],[56.34148,52.79346],[56.35416,52.7868],[56.36403,52.78419],[56.40782,52.78741],[56.43813,52.7856],[56.46314,52.77426],[56.48888,52.76701],[56.49634,52.76395],[56.51958,52.74745],[56.54563,52.7338],[56.57224,52.71673],[56.57443,52.71174],[56.57182,52.70687],[56.5471,52.69555],[56.5377,52.68808],[56.52373,52.67057],[56.49788,52.62487],[56.49753,52.62196],[56.50873,52.56571],[56.49863,52.54691],[56.47555,52.45343],[56.45959,52.42676],[56.45861,52.42337],[56.4644,52.39046],[56.46449,52.35703],[56.47908,52.3172],[56.4853,52.28732],[56.50366,52.25271],[56.50667,52.23994],[56.50212,52.22663],[56.52103,52.19771],[56.53073,52.18667],[56.57729,52.17863],[56.58209,52.17953],[56.59317,52.18592],[56.60014,52.18645],[56.64795,52.17295],[56.6589,52.16766],[56.67142,52.15721],[56.68776,52.15337],[56.69827,52.14874],[56.70948,52.1394],[56.7174,52.13483],[56.72024,52.12873],[56.72437,52.12737],[56.74761,52.13287],[56.76195,52.13935],[56.76777,52.14591],[56.79233,52.15252],[56.81716,52.15455],[56.85754,52.14926],[56.86522,52.1546],[56.87089,52.15631],[56.90402,52.16182],[56.92345,52.16054],[56.94695,52.15677],[56.95488,52.15651],[56.96532,52.15901],[56.97344,52.16342],[56.97977,52.16479],[56.98308,52.16674],[56.98401,52.16959],[56.98574,52.17056],[57.0014,52.16681],[57.02118,52.16445],[57.03023,52.16609],[57.03527,52.17166],[57.05043,52.17806],[57.05987,52.17971],[57.08205,52.17809],[57.10771,52.17236],[57.13101,52.16191],[57.13652,52.16072],[57.20145,52.16961],[57.20915,52.17168],[57.21957,52.17982],[57.24307,52.18893],[57.24872,52.19471],[57.26035,52.20354],[57.26569,52.20514],[57.28487,52.21625],[57.31473,52.22733],[57.32742,52.22858],[57.35612,52.22476],[57.37794,52.22762],[57.38934,52.22587],[57.40572,52.22977],[57.41061,52.22947]],[[55.92021,54.70052],[55.941,54.70093]],[[55.92434,53.37314],[55.92522,53.37329]],[[55.92489,53.37369],[55.92434,53.37314]],[[55.92434,53.37314],[55.91731,53.36874],[55.91679,53.35382],[55.91496,53.35156],[55.91691,53.3496],[55.91705,53.34475],[55.91432,53.33529],[55.91443,53.32172],[55.92732,53.3124],[55.92786,53.30524]],[[55.92501,53.37378],[55.92489,53.37369]],[[55.92489,53.37369],[55.92522,53.37329]],[[55.93241,54.64823],[55.92938,54.64576],[55.92497,54.6457]],[[55.92562,53.37379],[55.92501,53.37378]],[[55.92539,53.3745],[55.92501,53.37378]],[[55.92522,53.37329],[55.92562,53.37379]],[[55.92621,53.38218],[55.92539,53.3745]],[[55.92562,53.37379],[55.92539,53.3745]],[[55.92621,53.38218],[55.92632,53.38385]],[[55.92632,53.38385],[55.92579,53.38299],[55.92621,53.38218]],[[55.93124,53.43074],[55.92828,53.41834],[55.92632,53.38385]],[[55.92786,53.30524],[55.92731,53.30501]],[[55.92786,53.30386],[55.92786,53.30524]],[[55.93051,53.63064],[55.93029,53.63039]],[[55.93029,53.63039],[55.93114,53.6301]],[[55.93119,53.63064],[55.93087,53.63071],[55.93051,53.63064]],[[55.93114,53.6301],[55.93829,53.6277]],[[55.93114,53.6301],[55.93138,53.6303]],[[55.94841,53.65659],[55.94836,53.65429],[55.94279,53.64519],[55.93119,53.63064]],[[55.93138,53.6303],[55.93119,53.63064]],[[55.93124,53.43074],[55.93204,53.43125]],[[55.9315,53.43145],[55.93124,53.43074]],[[55.93835,53.62777],[55.93138,53.6303]],[[55.9314,53.63035],[55.94221,53.6439],[55.9485,53.65426],[55.94876,53.65654]],[[55.97466,53.57906],[55.97163,53.57267],[55.9635,53.562],[55.94729,53.55126],[55.92597,53.49874],[55.92354,53.48263],[55.91854,53.47646],[55.91626,53.46306],[55.91709,53.45588],[55.93145,53.43298]],[[55.93145,53.43298],[55.9317,53.43182]],[[55.93218,53.43185],[55.93145,53.43298]],[[55.9317,53.43182],[55.9315,53.43145]],[[55.9315,53.43145],[55.93204,53.43125]],[[55.93218,53.43185],[55.9317,53.43182]],[[55.93204,53.43125],[55.93218,53.43185]],[[55.94922,54.70227],[55.94855,54.70125],[55.9482,54.70071],[55.94805,54.70048],[55.94763,54.69984],[55.94743,54.69953],[55.94742,54.69952],[55.94409,54.6946],[55.93356,54.68063],[55.9334,54.66121],[55.93326,54.6587],[55.9331,54.65716],[55.93264,54.65045],[55.93241,54.64823],[55.93233,54.64747],[55.93216,54.64486]],[[55.93251,54.64479],[55.93271,54.64805],[55.93292,54.65043],[55.93302,54.65275],[55.93359,54.6598],[55.93372,54.68013],[55.93443,54.68173],[55.94315,54.69294],[55.94677,54.69824],[55.94806,54.69953],[55.94861,54.7004],[55.94892,54.70086],[55.94915,54.70122],[55.94953,54.70179]],[[55.9589,53.61715],[55.93995,53.59867],[55.93269,53.60118]],[[55.9405,54.64334],[55.93602,54.64457],[55.93329,54.64637],[55.93271,54.64805]],[[55.93356,54.68063],[55.93274,54.67775]],[[55.93835,53.62777],[55.93829,53.6277]],[[55.93829,53.6277],[55.94748,53.62459]],[[55.93835,53.62777],[55.96088,53.65681],[55.96403,53.66222]],[[55.94826,53.62439],[55.93835,53.62777]],[[55.94026,53.7414],[55.94113,53.74129]],[[55.94064,53.74156],[55.94101,53.7414],[55.94113,53.74129],[55.94127,53.7411]],[[55.941,54.70093],[55.94465,54.701],[55.94792,54.70108],[55.94951,54.70112],[55.94972,54.70113],[55.95021,54.70202]],[[55.94922,54.70227],[55.941,54.70093]],[[55.94127,53.7411],[55.94112,53.74196]],[[55.94127,53.7411],[55.94538,53.71326],[55.94966,53.67103],[55.94915,53.66397]],[[55.94194,54.70094],[55.94706,54.70071],[55.94763,54.69984]],[[55.94748,53.62459],[55.94856,53.62421]],[[55.94748,53.62459],[55.94792,53.62445],[55.94856,53.62421]],[[55.94821,53.62434],[55.94826,53.62439]],[[55.97249,53.63733],[55.95994,53.64027],[55.94826,53.62439]],[[55.96124,53.61945],[55.95575,53.62166],[55.94826,53.62439]],[[55.94886,53.663],[55.94841,53.65685]],[[55.94856,53.62421],[55.95405,53.62221],[55.96124,53.61945]],[[55.94881,53.65688],[55.94932,53.66297]],[[55.9489,53.66354],[55.94886,53.663]],[[55.94886,53.663],[55.94932,53.66297]],[[55.94932,53.66355],[55.9489,53.66354]],[[55.94915,53.66397],[55.9489,53.66354]],[[55.94932,53.66355],[55.94915,53.66397]],[[55.95746,54.71373],[55.95651,54.71286],[55.95592,54.7122],[55.94922,54.70227]],[[55.94932,53.66297],[55.94962,53.66325]],[[55.94954,53.66343],[55.94932,53.66355]],[[55.94953,54.70179],[55.95021,54.70202]],[[55.94953,54.70179],[55.95026,54.7029]],[[55.95056,53.66351],[55.94954,53.66343]],[[55.94962,53.66325],[55.94954,53.66343]],[[55.94962,53.66325],[55.95056,53.66351]],[[55.95021,54.70202],[55.95026,54.7029]],[[55.95026,54.7029],[55.9525,54.7064],[55.95625,54.71213],[55.95653,54.71251],[55.95754,54.71352],[55.95792,54.71378],[55.95837,54.7141],[55.95888,54.71447],[55.95905,54.71458]],[[55.95056,53.66351],[55.9524,53.66378],[55.95973,53.66315],[55.96984,53.66097],[55.9766,53.65648],[55.98283,53.65479],[55.98674,53.65187],[55.97517,53.64852],[55.97328,53.64484],[55.97249,53.63733]],[[55.95713,54.71341],[55.95079,54.70445]],[[55.95746,54.71373],[55.95606,54.71281]],[[55.95636,54.71227],[55.96032,54.71271]],[[55.9567,53.62119],[55.95696,53.62059]],[[56.01465,54.74886],[56.01374,54.74797],[56.009,54.74124],[56.00723,54.73878],[56.00697,54.73842],[56.00582,54.73683],[56.0057,54.73668],[56.00551,54.73641],[56.00532,54.73614],[56.00092,54.73232],[55.99948,54.73149],[55.99688,54.73012],[55.99499,54.72905],[55.99132,54.727],[55.98965,54.72607],[55.98537,54.72359],[55.98132,54.72147],[55.98115,54.7214],[55.98064,54.72119],[55.97924,54.72087],[55.97792,54.72064],[55.97574,54.72024],[55.97425,54.71996],[55.97179,54.7195],[55.9677,54.71876],[55.96433,54.71796],[55.96189,54.7169],[55.96166,54.71676],[55.96115,54.71638],[55.95876,54.71472],[55.95865,54.71461],[55.95827,54.71432],[55.95746,54.71373]],[[55.95882,54.71556],[55.95943,54.71548],[55.95935,54.71535],[55.95885,54.71497],[55.95867,54.71482],[55.95857,54.71472],[55.95817,54.71437],[55.95755,54.71389],[55.95746,54.71373]],[[55.95933,54.71364],[55.95792,54.71378]],[[55.95867,54.71437],[55.95827,54.71467],[55.95815,54.71497],[55.95882,54.71556]],[[55.95947,54.71369],[55.95911,54.71396],[55.95887,54.71419],[55.95867,54.71437]],[[55.95905,54.71458],[55.95985,54.71466],[55.95925,54.71418],[55.95899,54.71419],[55.95882,54.71431],[55.95867,54.71437]],[[55.96045,54.7159],[55.95882,54.71556]],[[55.96124,53.61945],[55.9589,53.61715]],[[55.9589,53.61715],[55.96475,53.61504]],[[55.95905,54.71458],[55.95941,54.7149],[55.96208,54.71682],[55.96448,54.71783],[55.966,54.71824],[55.96633,54.7183],[55.96737,54.7185],[55.96744,54.71851],[55.9678,54.71858],[55.96871,54.71876],[55.97191,54.71932],[55.97282,54.7195],[55.97435,54.71978],[55.97446,54.7198],[55.97615,54.72011],[55.97803,54.72045],[55.97922,54.72069],[55.98125,54.72121],[55.98553,54.72345],[55.98852,54.7252],[55.98925,54.72561],[55.99093,54.72649],[55.99503,54.72893],[56.00116,54.7322],[56.00568,54.7361],[56.00675,54.73759],[56.00723,54.73821],[56.00749,54.73858],[56.00838,54.73988],[56.00933,54.74127],[56.014,54.74785],[56.0147,54.74852],[56.01591,54.74953],[56.01749,54.75066],[56.01813,54.75104],[56.01981,54.75192],[56.02011,54.75203],[56.02108,54.75236],[56.02136,54.75246],[56.02204,54.75266],[56.03411,54.75473],[56.03695,54.75577],[56.03971,54.75826],[56.04298,54.76231],[56.04509,54.76314],[56.06576,54.77447],[56.07187,54.78069],[56.07748,54.78684],[56.07798,54.7878],[56.0781,54.78881],[56.07749,54.79245]],[[55.95976,54.71542],[55.95946,54.71531],[55.95907,54.71505],[55.95857,54.71472],[55.95812,54.71444],[55.95793,54.71431],[55.95737,54.71398],[55.95697,54.71406],[55.95776,54.71473],[55.95814,54.71458],[55.95876,54.71411],[55.9591,54.71384],[55.95933,54.71364]],[[55.95933,54.71364],[55.96483,54.70876]],[[55.95947,54.71369],[55.96098,54.71602]],[[55.96483,54.70876],[55.96506,54.71006],[55.95947,54.71369]],[[55.97249,53.63733],[55.97119,53.63185],[55.96902,53.62977],[55.97696,53.62695],[55.96475,53.61504]],[[55.9737,53.58094],[55.96446,53.58664],[55.9602,53.59251],[55.96203,53.60813],[55.96041,53.61022],[55.96475,53.61504]],[[55.98477,54.6896],[55.96938,54.69929],[55.96483,54.70876]],[[55.97634,54.72141],[55.97561,54.72059],[55.97233,54.72002],[55.97136,54.71983],[55.9687,54.71933],[55.96858,54.7193],[55.96844,54.71927],[55.96834,54.71925],[55.96816,54.71922],[55.96538,54.71829]],[[55.96744,54.71851],[55.9682,54.71829]],[[55.9682,54.71829],[55.96821,54.71855],[55.96834,54.71863],[55.96871,54.71876]],[[55.9682,54.71829],[55.96897,54.71816]],[[55.96834,54.71925],[55.96842,54.71912],[55.96875,54.71851],[55.96897,54.71816]],[[55.96897,54.71816],[55.96902,54.71842],[55.969,54.71847],[55.96896,54.71854],[55.96865,54.71917],[55.96858,54.7193]],[[55.97574,54.72024],[55.97136,54.71983]],[[55.9737,53.58094],[55.97466,53.57906]],[[55.97466,53.57906],[55.97481,53.58018],[55.9737,53.58094]],[[55.97446,54.7198],[55.97627,54.71975]],[[55.97716,54.74891],[55.97512,54.74896]],[[55.97523,54.7485],[55.97716,54.74891]],[[55.97627,54.71975],[55.97615,54.72011]],[[55.97627,54.71975],[55.97782,54.71998]],[[55.97634,54.72141],[55.97548,54.72426],[55.98192,54.73832]],[[55.97726,54.7209],[55.97634,54.72141]],[[55.97716,54.74891],[55.98297,54.75052],[55.99313,54.74651]],[[55.97921,54.72122],[55.97726,54.7209]],[[55.97726,54.7209],[55.97734,54.72082],[55.97743,54.72067],[55.97767,54.72024],[55.97782,54.71998]],[[55.97962,54.7203],[55.97782,54.71998]],[[55.98115,54.7214],[55.97921,54.72122]],[[55.97921,54.72122],[55.97924,54.72087]],[[55.97922,54.72069],[55.97962,54.7203]],[[55.97962,54.7203],[55.98076,54.72104]],[[55.98099,54.73863],[55.98192,54.73832]],[[55.98192,54.73832],[55.98271,54.73874]],[[55.98271,54.739],[55.98192,54.73832]],[[55.98271,54.73874],[55.9844,54.7394],[55.98499,54.73985],[55.98604,54.74065],[55.98788,54.74207],[55.98868,54.74275],[55.9894,54.74334],[55.99065,54.74431],[55.99262,54.74586],[55.993,54.74618],[55.99333,54.74643]],[[55.98271,54.73874],[55.98271,54.739]],[[55.99313,54.74651],[55.98271,54.739]],[[55.98477,54.73995],[55.98499,54.73985]],[[55.99151,54.68695],[55.98645,54.68895],[55.98415,54.69003],[55.98477,54.6896]],[[55.98477,54.6896],[56.01868,54.67613],[56.02341,54.67451],[56.02686,54.67358],[56.07421,54.66416],[56.0803,54.66006],[56.08195,54.65578]],[[55.98965,54.72607],[55.98708,54.7251],[55.98537,54.72359]],[[55.98737,54.74169],[55.98716,54.74177]],[[55.98717,54.72439],[55.98941,54.72472],[55.98919,54.72494]],[[55.9899,54.68745],[55.98818,54.68727]],[[55.9885,54.74284],[55.98868,54.74275]],[[55.98852,54.7252],[55.98896,54.7252]],[[55.98919,54.72494],[55.9889,54.7248]],[[55.98896,54.7252],[55.98925,54.72561]],[[55.98919,54.72494],[55.98896,54.7252]],[[55.99038,54.6874],[55.98929,54.68983]],[[55.99151,54.68695],[55.9905,54.68784]],[[55.9938,54.72896],[55.99132,54.727]],[[56.08194,54.65686],[56.08127,54.65903],[56.07984,54.6611],[56.07378,54.66442],[56.06712,54.66599],[56.02696,54.67373],[56.02354,54.67465],[55.99151,54.68695]],[[55.99262,54.74586],[55.99243,54.74594]],[[56.02205,54.76934],[56.01387,54.76292],[55.99313,54.74651]],[[55.99313,54.74651],[55.99333,54.74643]],[[55.99333,54.74643],[55.994,54.74698],[55.99889,54.75086],[56.00722,54.75736],[56.01061,54.76009],[56.01125,54.76058],[56.01192,54.7611],[56.01226,54.76137],[56.01258,54.76163],[56.01286,54.76185],[56.01407,54.76284],[56.01418,54.76289],[56.0147,54.76331],[56.01502,54.76356],[56.0182,54.76599],[56.01911,54.76671],[56.01921,54.76679],[56.01977,54.76723],[56.02231,54.76922]],[[55.99384,54.74705],[55.994,54.74698]],[[55.99585,54.73004],[55.99499,54.72905]],[[55.99529,54.72904],[55.99748,54.72971]],[[55.99585,54.73004],[55.9983,54.73146]],[[55.99669,54.73002],[55.99585,54.73004]],[[55.99748,54.72971],[55.99721,54.73004]],[[55.99973,54.73093],[55.99748,54.72971]],[[55.9983,54.73146],[55.99865,54.73107]],[[56.0002,54.73191],[55.9983,54.73146]],[[55.99904,54.73104],[55.99973,54.73093]],[[55.99973,54.73093],[56.00048,54.73182]],[[56.00568,54.7361],[56.01002,54.73764]],[[56.00782,54.73785],[56.00775,54.73696],[56.00675,54.73759]],[[56.19704,54.68941],[56.18834,54.69004],[56.17086,54.68975],[56.1606,54.69151],[56.13219,54.70324],[56.1051,54.71871],[56.10103,54.72065],[56.09728,54.722],[56.09134,54.72349],[56.03143,54.73469],[56.01902,54.73682],[56.01619,54.7372],[56.01229,54.73754],[56.00876,54.7379],[56.0078,54.73797],[56.00758,54.73799],[56.00633,54.7381],[56.0058,54.73839],[56.00697,54.73842]],[[56.00749,54.73858],[56.00902,54.73856],[56.0078,54.73797]],[[56.00779,54.73956],[56.00612,54.73904],[56.00567,54.73817],[56.00626,54.73799],[56.00751,54.73788],[56.00782,54.73785],[56.00874,54.73778],[56.01226,54.73741],[56.01614,54.73708],[56.01895,54.73671],[56.03073,54.73467],[56.09716,54.72189],[56.10494,54.71862],[56.13207,54.70312],[56.16055,54.69138],[56.17085,54.6896],[56.19702,54.68928]],[[56.01007,54.73777],[56.00838,54.73988]],[[56.01061,54.76009],[56.01042,54.76017]],[[56.01171,54.76119],[56.01192,54.7611]],[[56.01449,54.76339],[56.0147,54.76331]],[[56.07749,54.79245],[56.07727,54.78682],[56.06531,54.77431],[56.04521,54.76336],[56.04447,54.7631],[56.04391,54.76297],[56.04268,54.76273],[56.04247,54.76272],[56.04195,54.76321],[56.0431,54.76319],[56.04309,54.7631],[56.04276,54.76258],[56.04258,54.76231],[56.04109,54.76033],[56.0382,54.75692],[56.0362,54.75559],[56.02133,54.75264],[56.01719,54.75076],[56.01465,54.74886]],[[56.01529,54.74992],[56.01465,54.74886]],[[56.0147,54.74852],[56.0163,54.74922]],[[56.0197,54.75206],[56.01529,54.74992]],[[56.01581,54.74975],[56.01529,54.74992]],[[56.0163,54.74922],[56.01591,54.74953]],[[56.0163,54.74922],[56.01872,54.75086]],[[56.01783,54.76571],[56.01758,54.76581]],[[56.01813,54.75104],[56.01872,54.75086]],[[56.01872,54.75086],[56.02011,54.75203]],[[56.01895,54.7669],[56.01921,54.76679]],[[56.02358,54.77053],[56.02205,54.76934]],[[56.02231,54.76922],[56.02205,54.76934]],[[56.02231,54.76922],[56.02382,54.77042]],[[56.03898,54.79615],[56.03877,54.79613],[56.03867,54.79592],[56.0382,54.79494],[56.03798,54.79448],[56.0379,54.7943],[56.03767,54.79379],[56.03697,54.79227],[56.0366,54.79146],[56.03491,54.78778],[56.03354,54.78479],[56.0332,54.78405],[56.03286,54.78331],[56.03228,54.78203],[56.03022,54.7775],[56.02981,54.77657],[56.02944,54.77567],[56.02908,54.77495],[56.02358,54.77053]],[[56.02358,54.77053],[56.02382,54.77042]],[[56.02382,54.77042],[56.02941,54.77507],[56.02953,54.77529],[56.03049,54.77746],[56.03055,54.77759],[56.03079,54.77814],[56.03114,54.77892],[56.03182,54.78043],[56.03253,54.782],[56.03613,54.78984],[56.03656,54.79082],[56.03684,54.79142],[56.03773,54.79337],[56.03817,54.79437],[56.03821,54.79445],[56.03843,54.7949],[56.03844,54.79494],[56.03877,54.79569]],[[56.03017,54.77674],[56.0299,54.77678]],[[56.03053,54.77818],[56.03079,54.77814]],[[56.03222,54.78131],[56.03197,54.78135]],[[56.0366,54.79146],[56.03684,54.79142]],[[56.0379,54.79376],[56.03767,54.79379]],[[56.0382,54.79494],[56.03843,54.7949]],[[56.03877,54.79569],[56.04062,54.79604],[56.04395,54.7962],[56.05694,54.79696],[56.06005,54.79712],[56.06668,54.79749],[56.07172,54.79776],[56.07685,54.79806],[56.0771,54.79807]],[[56.03877,54.79569],[56.03898,54.79615]],[[56.10939,54.79929],[56.10859,54.79953],[56.10551,54.79978],[56.09555,54.79925],[56.09155,54.79901],[56.0772,54.79822],[56.07686,54.7982],[56.05629,54.79707],[56.04379,54.79635],[56.03898,54.79615]],[[56.05811,54.77043],[56.05508,54.77078]],[[56.06015,54.79728],[56.06018,54.79713]],[[56.06651,54.77398],[56.06604,54.77467]],[[56.06874,54.66557],[56.06683,54.66581],[56.0687,54.66539]],[[56.07689,54.79772],[56.0771,54.79807]],[[56.08444,54.80732],[56.07702,54.79853],[56.07686,54.7982],[56.07685,54.79806],[56.07689,54.79772]],[[56.07749,54.79245],[56.07689,54.79772]],[[56.07702,54.79853],[56.0773,54.79844]],[[56.0771,54.79807],[56.10939,54.79929]],[[56.0771,54.79807],[56.0772,54.79822],[56.07744,54.79869],[56.08414,54.80654],[56.08444,54.80732]],[[56.08195,54.65578],[56.0821,54.65316],[56.07738,54.65065]],[[56.07939,54.66096],[56.07984,54.6611]],[[56.08137,54.91255],[56.08124,54.91242]],[[56.08124,54.91242],[56.08147,54.91149]],[[56.08124,54.91242],[56.08172,54.91238]],[[56.08173,54.91244],[56.08156,54.91256],[56.08137,54.91255]],[[56.08178,54.91292],[56.08137,54.91255]],[[56.08145,54.65091],[56.08031,54.6517],[56.08263,54.65173]],[[56.08263,54.65173],[56.08285,54.64956],[56.08062,54.6498],[56.08146,54.65063]],[[56.08147,54.91149],[56.08172,54.91238]],[[56.08444,54.80732],[56.09085,54.81475],[56.1075,54.81886],[56.1159,54.82786],[56.12901,54.82836],[56.13258,54.83112],[56.13402,54.83456],[56.13132,54.83786],[56.12399,54.84029],[56.11908,54.8473],[56.1135,54.85931],[56.10025,54.86855],[56.09945,54.87239],[56.09651,54.87559],[56.09644,54.87952],[56.09322,54.88677],[56.0932,54.89217],[56.08044,54.90564],[56.08147,54.91149]],[[56.08172,54.91238],[56.08173,54.91244]],[[56.08173,54.91244],[56.08178,54.91292]],[[56.08288,54.65175],[56.08194,54.65686]],[[56.08825,54.65133],[56.08295,54.65318],[56.08194,54.65686]],[[56.08195,54.65578],[56.08263,54.65173]],[[56.08288,54.65175],[56.08528,54.6519],[56.08417,54.65107]],[[56.0845,54.65081],[56.0856,54.65006],[56.08355,54.64958],[56.08288,54.65175]],[[56.13726,54.80278],[56.13923,54.79727],[56.10939,54.79929]],[[56.13726,54.80278],[56.13775,54.80299]],[[56.13726,54.80278],[56.13722,54.80287],[56.13775,54.80299]],[[56.13775,54.80299],[56.16719,54.80894],[56.20164,54.79927],[56.20629,54.79667],[56.2304,54.77767],[56.24398,54.77465],[56.25551,54.77569],[56.26521,54.76445],[56.29801,54.74658]],[[56.19702,54.68928],[56.1989,54.68848],[56.19914,54.68718]],[[56.19702,54.68928],[56.20252,54.68841],[56.20314,54.68749],[56.20127,54.68718],[56.20114,54.68845]],[[56.20311,54.69065],[56.19704,54.68941]],[[56.2029,54.68982],[56.20503,54.68941],[56.20361,54.68841],[56.19704,54.68941]],[[56.29765,54.74071],[56.30265,54.7409]],[[56.29801,54.74658],[56.30077,54.74491],[56.30139,54.74446],[56.30201,54.74395],[56.30246,54.74348],[56.30286,54.74304],[56.30295,54.74293],[56.30402,54.74139],[56.30265,54.7409]],[[56.30646,54.74328],[56.30356,54.74339],[56.29801,54.74658]],[[56.29989,54.74544],[56.30069,54.74311],[56.29832,54.74106]],[[56.30248,54.7422],[56.30099,54.74288],[56.30286,54.74304]],[[56.30265,54.7409],[56.30207,54.7416],[56.30296,54.74215]],[[57.41061,52.22947],[57.4114,52.22911]],[[57.41147,52.22948],[57.41119,52.22945],[57.41061,52.22947]],[[57.41219,52.22988],[57.41172,52.22954]],[[57.41216,52.2294],[57.41219,52.22988]],[[57.41219,52.22988],[57.42197,52.24822],[57.42733,52.25083],[57.43422,52.25175],[57.44427,52.25273],[57.45678,52.25068],[57.46486,52.25109],[57.46863,52.24913],[57.4703,52.24477],[57.47346,52.24359],[57.54482,52.24488],[57.54973,52.24574],[57.56302,52.25516],[57.57256,52.25857],[57.58566,52.28889],[57.6064,52.31063],[57.6202,52.32084],[57.62622,52.32773],[57.65886,52.3406],[57.70589,52.34213],[57.71085,52.34321],[57.72004,52.34743],[57.74688,52.35168],[57.77232,52.34811],[57.77504,52.34911],[57.77813,52.35238],[57.78131,52.35343],[57.82651,52.34865],[57.84663,52.35035],[57.85729,52.3486],[57.86768,52.3504],[57.87183,52.35255],[57.88282,52.36497],[57.88441,52.37132],[57.88807,52.37443],[57.90879,52.38098],[57.95061,52.39857],[57.97553,52.41129],[58.03315,52.42643],[58.13954,52.44316],[58.17319,52.45706],[58.18747,52.46597],[58.2068,52.48832],[58.20985,52.50523],[58.22088,52.52547],[58.27892,52.56024],[58.28894,52.57067]],[[58.23544,55.54186],[58.22114,55.53249],[58.20627,55.52648],[58.17593,55.50357],[58.15973,55.49774],[58.14881,55.48931],[58.13134,55.47102],[58.11483,55.43388],[58.11277,55.43188],[58.03183,55.39355],[57.99287,55.37753],[57.99086,55.37563],[57.99123,55.37325],[57.99601,55.3701],[57.99956,55.37028],[58.0071,55.37295],[58.00344,55.3694],[58.00398,55.36616],[58.00904,55.36061],[58.02066,55.35647],[58.02836,55.34999],[58.02886,55.34658],[58.02434,55.33944],[58.0349,55.33149],[58.04064,55.32955],[58.06421,55.32759],[58.07417,55.32139],[58.08132,55.31898],[58.09599,55.30109],[58.10992,55.29441],[58.1189,55.28376],[58.1319,55.27909],[58.13309,55.2774],[58.13451,55.26951],[58.13811,55.26343],[58.15068,55.25507],[58.15498,55.251],[58.16108,55.23905],[58.16345,55.21809],[58.15662,55.19345],[58.14435,55.18017],[58.14319,55.17675],[58.14625,55.17292],[58.1588,55.16869],[58.16321,55.16592],[58.17104,55.15121],[58.17053,55.14914],[58.16823,55.14709],[58.15072,55.13789],[58.12634,55.12805],[58.11807,55.11815],[58.1065,55.10712],[58.10299,55.10024],[58.1043,55.0866],[58.10355,55.08342],[58.0836,55.05987],[58.06838,55.0489],[58.06817,55.04043],[58.06461,55.03543],[58.04705,55.02584],[58.01959,55.01752]],[[58.05031,56.11297],[58.08577,56.08044],[58.08975,56.07809],[58.15059,56.07563],[58.1714,56.07065],[58.18275,56.06923],[58.18735,56.06686],[58.19286,56.05572],[58.20393,56.04527],[58.21275,56.03062],[58.2129,55.9856],[58.20389,55.97],[58.19731,55.95205],[58.19706,55.94725],[58.2031,55.92879],[58.2122,55.91188],[58.21114,55.9087],[58.20456,55.90175],[58.20428,55.89695],[58.22751,55.85591],[58.23715,55.84241],[58.23684,55.83922],[58.23111,55.83144],[58.23095,55.82958],[58.24182,55.82264],[58.24551,55.82165],[58.26612,55.82473],[58.27503,55.82398],[58.28132,55.81568],[58.29086,55.81055],[58.30087,55.79414],[58.30294,55.77811],[58.32009,55.72476],[58.32111,55.71794],[58.31947,55.70551],[58.31496,55.69424],[58.29356,55.67347],[58.29259,55.67142],[58.29581,55.66239],[58.30114,55.63896],[58.29892,55.61699],[58.29632,55.611],[58.30183,55.60442],[58.3024,55.59976],[58.2952,55.5866],[58.28032,55.57759],[58.27719,55.56922],[58.27247,55.56169],[58.25724,55.55493],[58.2372,55.54292]],[[58.23544,55.54186],[58.23634,55.54228]],[[58.23616,55.54242],[58.23544,55.54186]],[[58.23569,55.54301],[58.23618,55.54246]],[[58.23604,55.54276],[58.23569,55.54301]],[[58.2359,55.54206],[58.2368,55.54199]],[[58.23633,55.54253],[58.23604,55.54276]],[[58.23674,55.54269],[58.23604,55.54276]],[[58.23618,55.54246],[58.23616,55.54242]],[[58.23616,55.54242],[58.2366,55.54236]],[[58.23633,55.54253],[58.23618,55.54246]],[[58.23661,55.54241],[58.23652,55.54251],[58.23639,55.54254],[58.23633,55.54253]],[[58.2372,55.54292],[58.23674,55.54269],[58.23639,55.54254]],[[58.2364,55.54228],[58.23695,55.5419]],[[58.2366,55.54236],[58.23661,55.54241]],[[58.23695,55.5419],[58.2366,55.54236]],[[58.23661,55.54241],[58.2372,55.54292]],[[58.23695,55.5419],[58.24973,55.53216],[58.25916,55.52963],[58.27498,55.52969],[58.29016,55.52114],[58.29221,55.52093],[58.29521,55.51893],[58.30581,55.51544],[58.31578,55.51065],[58.32314,55.50306],[58.32487,55.48847],[58.3333,55.48167],[58.3456,55.47501],[58.38627,55.46],[58.39454,55.45847],[58.41456,55.45792],[58.44496,55.45965],[58.47106,55.4598],[58.52887,55.44767],[58.53496,55.44265],[58.54045,55.43343],[58.57724,55.42079],[58.60457,55.39899],[58.64212,55.39592],[58.66855,55.38583],[58.67555,55.38438],[58.67636,55.3804],[58.68574,55.36608],[58.68432,55.35016],[58.68598,55.33439],[58.6925,55.32567],[58.69909,55.32253],[58.7275,55.3183],[58.72912,55.31721],[58.73146,55.31116],[58.77035,55.2886],[58.77117,55.28428]],[[58.28894,52.57067],[58.29038,52.57122]],[[58.28902,52.57124],[58.28894,52.57067]],[[58.29038,52.57122],[58.28989,52.57138]],[[58.88645,52.74019],[58.8823,52.73368],[58.85583,52.73556],[58.76107,52.7386],[58.76051,52.73728],[58.76556,52.72801],[58.76594,52.72196],[58.75755,52.72125],[58.75262,52.71929],[58.71632,52.71815],[58.70889,52.71616],[58.68035,52.71288],[58.66588,52.70594],[58.66399,52.70366],[58.67268,52.7004],[58.68249,52.68883],[58.67593,52.68557],[58.6567,52.68035],[58.63148,52.68023],[58.59713,52.66019],[58.57762,52.65193],[58.55593,52.64921],[58.55129,52.64983],[58.53954,52.64613],[58.52895,52.64131],[58.51292,52.64153],[58.47919,52.63855],[58.47289,52.63669],[58.4599,52.62601],[58.45762,52.6225],[58.45749,52.61721],[58.45419,52.60877],[58.45465,52.60452],[58.44199,52.59375],[58.43865,52.59217],[58.43211,52.58382],[58.41603,52.58173],[58.40725,52.57787],[58.40086,52.57773],[58.39215,52.58085],[58.39002,52.57925],[58.3848,52.57125],[58.37531,52.56917],[58.3723,52.56976],[58.37001,52.57307],[58.36549,52.57426],[58.35306,52.57694],[58.3474,52.57553],[58.33742,52.57638],[58.3292,52.57965],[58.29038,52.57122]],[[58.29159,55.52085],[58.29252,55.52062]],[[58.82617,53.39895],[58.81408,53.39789],[58.78689,53.38732],[58.76289,53.39058]],[[58.82508,53.60112],[58.81681,53.59421],[58.81475,53.59065],[58.81393,53.47419],[58.82423,53.45631],[58.82575,53.41268],[58.82582,53.40949],[58.82611,53.4007],[58.82615,53.39945],[58.82617,53.39895]],[[58.82689,53.39896],[58.82615,53.39945],[58.82555,53.39894]],[[58.89777,53.39241],[58.87549,53.39332],[58.86727,53.39621],[58.86071,53.40053],[58.85545,53.40188],[58.83907,53.39919],[58.83796,53.39911],[58.83451,53.39908],[58.82689,53.39896],[58.82617,53.39895]],[[58.93086,53.05455],[58.91992,53.02813],[58.91813,53.02113],[58.91835,53.01313],[58.92415,52.9916],[58.92352,52.98293],[58.89904,52.94975],[58.88466,52.92081],[58.8738,52.90202],[58.86656,52.88295],[58.86333,52.86128],[58.86389,52.85359],[58.87295,52.83324],[58.88047,52.80163],[58.88955,52.74913],[58.88911,52.74517],[58.88726,52.7415]],[[58.89927,53.37194],[58.8975,53.3859],[58.89777,53.39241]],[[58.90133,53.39234],[58.89777,53.39241]],[[59.02326,53.20314],[58.9895,53.25244],[58.98568,53.25555],[58.97609,53.25793],[58.94439,53.25772],[58.91663,53.26637],[58.90072,53.26824],[58.8939,53.27208],[58.88714,53.28546],[58.88809,53.29956],[58.89094,53.3082],[58.90143,53.32649]],[[53.48292,54.4844],[53.48331,54.48439],[53.48349,54.48462],[53.48295,54.48477],[53.48275,54.48457],[53.48292,54.4844]],[[53.49785,54.48374],[53.49767,54.48368],[53.49759,54.48364],[53.4975,54.48353],[53.49763,54.48323],[53.4985,54.48337],[53.49785,54.48374]],[[54.95022,56.26422],[54.95066,56.26416],[54.95087,56.26438],[54.95031,56.26452],[54.95022,56.26422]],[[55.93235,53.60143],[55.93211,53.60115],[55.93264,53.60113],[55.93268,53.60131],[55.93235,53.60143]],[[55.94889,53.65661],[55.94881,53.65688],[55.94833,53.65676],[55.94837,53.65662],[55.94841,53.65659],[55.94849,53.65655],[55.94889,53.65661]],[[57.4122,52.22933],[57.41172,52.22954],[57.41155,52.22951],[57.41147,52.22948],[57.41142,52.22945],[57.41131,52.22927],[57.4122,52.22933]],[[58.2892,52.5711],[58.28962,52.57108],[58.28988,52.57143],[58.28918,52.5715],[58.289,52.57131],[58.28902,52.57124],[58.2892,52.5711]]]}},{"type":"Feature","properties":{"roadClass":"secondary"},"geometry":{"type":"MultiLineString","coordinates":[[[53.44429,54.48488],[53.44322,54.48461]],[[53.4489,54.49345],[53.44431,54.49468],[53.44435,54.49852],[53.43134,54.50692],[53.4298,54.51451],[53.43506,54.52982],[53.4346,54.53562],[53.43774,54.5424],[53.43836,54.54959],[53.44365,54.55992]],[[53.44422,54.48454],[53.44427,54.48472],[53.44429,54.48488],[53.44464,54.48629],[53.44537,54.48965],[53.4455,54.49015]],[[53.44532,54.44758],[53.44465,54.44745]],[[53.44491,54.44715],[53.44532,54.44758]],[[53.44575,54.44619],[53.44532,54.44752]],[[53.44532,54.44758],[53.44572,54.45283],[53.45094,54.46298],[53.45239,54.46852],[53.45059,54.47095],[53.45073,54.47276],[53.45569,54.47416]],[[53.4455,54.49015],[53.4489,54.49345]],[[53.48219,54.48552],[53.47709,54.488],[53.46779,54.4885],[53.46133,54.48906],[53.45778,54.48926],[53.45761,54.48929],[53.45743,54.4893],[53.4455,54.49015]],[[53.4489,54.49345],[53.46888,54.49169],[53.49899,54.49537]],[[53.45569,54.47416],[53.45571,54.47838],[53.45573,54.47972],[53.45579,54.48074],[53.45599,54.48184],[53.45723,54.48744],[53.45761,54.48929],[53.45762,54.48939],[53.45821,54.49214]],[[53.45569,54.47416],[53.45605,54.47195],[53.46214,54.47521],[53.47864,54.47831],[53.4821,54.48047],[53.48306,54.48376]],[[53.46321,54.48067],[53.45573,54.47972]],[[53.48219,54.48552],[53.48278,54.48465]],[[53.48322,54.48479],[53.48219,54.48552]],[[53.48292,54.4844],[53.48306,54.48376]],[[53.48306,54.48376],[53.48337,54.48442]],[[53.49899,54.49537],[53.50634,54.50203],[53.51164,54.505],[53.51491,54.50979],[53.51618,54.51102],[53.53142,54.51619],[53.55061,54.52762],[53.5647,54.5398],[53.56777,54.54363],[53.59006,54.55221],[53.60345,54.55408],[53.61746,54.55985],[53.65823,54.58744]],[[53.49899,54.49537],[53.50844,54.49052],[53.51739,54.49019],[53.52344,54.48562],[53.52474,54.48485],[53.54199,54.48304]],[[53.50404,54.48284],[53.50307,54.47674],[53.53122,54.47287],[53.53704,54.47722],[53.54814,54.48184]],[[53.52098,54.48754],[53.52151,54.48772],[53.52193,54.48789],[53.52208,54.48796],[53.52223,54.48807],[53.5222,54.49599],[53.51574,54.50689],[53.51376,54.50802]],[[53.52193,54.48789],[53.52009,54.48821]],[[53.67764,54.59945],[53.66574,54.59303],[53.65823,54.58744]],[[53.69587,54.58227],[53.67146,54.58334],[53.65823,54.58744]],[[53.67134,54.08101],[53.65641,54.08361],[53.65925,54.09674],[53.65705,54.10013],[53.657,54.10264],[53.65284,54.11302],[53.65607,54.12581],[53.65684,54.1349],[53.6642,54.1497],[53.67665,54.16307],[53.69617,54.15775],[53.71016,54.18274],[53.71486,54.204],[53.72306,54.22212],[53.72964,54.2282],[53.73347,54.23493],[53.7234,54.24302],[53.71061,54.24977],[53.70989,54.25203],[53.70138,54.25734],[53.70492,54.26204],[53.69928,54.26574],[53.69911,54.2671],[53.70739,54.28775],[53.71469,54.29389],[53.71526,54.29635],[53.74471,54.30164],[53.75781,54.31265],[53.76126,54.32283],[53.77786,54.33737],[53.7872,54.34781],[53.78721,54.34965],[53.79367,54.36297],[53.79406,54.3718],[53.79401,54.37887],[53.79127,54.38977],[53.78578,54.39517],[53.7832,54.40006],[53.78561,54.4085],[53.78401,54.41125],[53.78612,54.41864],[53.78354,54.4239],[53.78392,54.42595],[53.78018,54.42793],[53.77161,54.43877],[53.76325,54.45396],[53.75668,54.45863],[53.75189,54.46732],[53.74283,54.47947],[53.74491,54.48999],[53.7434,54.49135],[53.72888,54.49612],[53.70325,54.51082],[53.69961,54.51353],[53.69364,54.52082],[53.69369,54.5277],[53.69039,54.53296],[53.68893,54.5716],[53.68914,54.57209],[53.69587,54.58227],[53.69918,54.58732],[53.69958,54.58788],[53.69992,54.58845],[53.7039,54.59449],[53.70519,54.59655],[53.71041,54.60432],[53.71098,54.60543],[53.7012,54.61116],[53.68472,54.60189],[53.67806,54.59956]],[[53.67134,54.08101],[53.6678,54.0785],[53.66849,54.07706],[53.66674,54.07413],[53.66838,54.04124],[53.67563,54.02927],[53.6991,54.01016],[53.70779,54.0077],[53.78699,53.99362],[53.80089,53.98938],[53.82028,53.97496],[53.82814,53.96431],[53.85644,53.93136],[53.87076,53.92063],[53.87476,53.91581],[53.88455,53.91029],[53.9002,53.90391],[53.91921,53.89312],[53.923,53.88932],[53.97421,53.93527],[53.97524,53.93813],[53.97572,53.96001],[54.00525,54.01038],[54.03652,54.04369],[54.04965,54.05947],[54.06986,54.07069]],[[53.67134,54.08101],[53.67703,54.07782],[53.69714,54.095],[53.71037,54.1002],[53.72066,54.10649],[53.74207,54.11234],[53.77242,54.10855],[53.78384,54.10567],[53.79298,54.10599],[53.80414,54.10226],[53.80648,54.10482],[53.8171,54.10597],[53.82855,54.10949],[53.84736,54.11022],[53.86009,54.10661],[53.92701,54.09991],[53.94302,54.09362],[53.96234,54.08865],[53.98044,54.0963],[54.02472,54.10179],[54.03343,54.10512],[54.04781,54.10777],[54.07297,54.10858]],[[53.67806,54.59956],[53.67779,54.59965],[53.67761,54.59951],[53.67764,54.59945],[53.6777,54.59941],[53.67788,54.59939],[53.67806,54.59956]],[[53.69918,54.58732],[53.70071,54.58804]],[[53.70071,54.58804],[53.69992,54.58845]],[[53.70071,54.58804],[53.71762,54.59651],[53.73084,54.58943],[53.73965,54.59337]],[[53.72511,54.60099],[53.71691,54.60662],[53.7132,54.6069],[53.71251,54.60574],[53.71061,54.60569]],[[53.72511,54.60099],[53.72971,54.60364],[53.73354,54.60878],[53.73629,54.61017],[53.74329,54.61103],[53.7557,54.62121],[53.76201,54.63385],[53.76527,54.63653],[53.77029,54.65245],[53.77501,54.66129],[53.78422,54.67625],[53.79089,54.68309]],[[53.73965,54.59337],[53.72511,54.60099]],[[53.73965,54.59337],[53.77731,54.57367],[53.79335,54.57171],[53.80773,54.56826],[53.81221,54.56385],[53.82037,54.56095],[53.83015,54.54729],[53.86244,54.52219],[53.88816,54.4969],[53.89175,54.49157],[53.9042,54.48608]],[[53.79089,54.68309],[53.79271,54.6848],[53.80449,54.68948],[53.8147,54.69677],[53.82194,54.69739],[53.82637,54.69895],[53.82729,54.70048],[53.82621,54.70529],[53.83469,54.71263],[53.8399,54.72091],[53.85927,54.73722],[53.86558,54.74056],[53.87347,54.74925],[53.88689,54.75507],[53.8951,54.76096],[53.91043,54.77568],[53.93053,54.78838],[53.93721,54.78832],[53.94324,54.79133],[53.96389,54.79558]],[[53.79089,54.68309],[53.78032,54.68987],[53.77811,54.69732],[53.77314,54.70373],[53.7767,54.7102],[53.77711,54.71357],[53.77258,54.72789],[53.77494,54.7352],[53.7852,54.74917],[53.7816,54.75476],[53.78543,54.76514],[53.77703,54.77993],[53.78556,54.79818],[53.78728,54.80846],[53.79072,54.81259],[53.79052,54.81586],[53.78127,54.82786],[53.7537,54.84625],[53.75193,54.84864],[53.75354,54.85284],[53.76621,54.85954],[53.76746,54.8705],[53.77333,54.88364],[53.77074,54.88855],[53.7707,54.89244],[53.76671,54.90169],[53.76751,54.91159],[53.7573,54.92477],[53.75849,54.92797],[53.76658,54.93342],[53.75318,54.94114],[53.73999,54.95418],[53.73837,54.95823],[53.74467,54.96593],[53.74234,54.97535],[53.7276,54.99204],[53.70675,54.99845],[53.70207,55.0013],[53.69956,55.01603],[53.69504,55.02676],[53.68618,55.03949],[53.67553,55.04639],[53.67321,55.05032],[53.6745,55.05686],[53.67394,55.06463],[53.66986,55.07652],[53.67371,55.08715],[53.67819,55.09111],[53.71397,55.11116],[53.7255,55.12592],[53.73907,55.13369],[53.76464,55.15813],[53.77264,55.16241],[53.78424,55.16605],[53.79186,55.16196],[53.79625,55.16178],[53.80091,55.16404],[53.81012,55.17373],[53.81183,55.18005],[53.81645,55.18651],[53.8084,55.18795],[53.81022,55.2123],[53.80834,55.21815],[53.81066,55.22699],[53.80967,55.23428],[53.80518,55.23868],[53.80511,55.24084],[53.81875,55.25356],[53.82591,55.26252],[53.83545,55.27754],[53.83468,55.28065],[53.82986,55.28791],[53.83239,55.29605],[53.86339,55.32023],[53.86315,55.32291],[53.86693,55.33004],[53.87452,55.33725],[53.87817,55.33913],[53.88428,55.33682],[53.90042,55.3361],[53.8961,55.3514],[53.90825,55.36145],[53.91087,55.36245],[53.98049,55.36815],[53.99182,55.36786],[54.00923,55.36562],[54.01554,55.36058],[54.0433,55.35398],[54.04982,55.35475],[54.06683,55.36142],[54.10614,55.37332],[54.12263,55.38054]],[[53.81041,55.17407],[53.82422,55.1672],[53.82763,55.16154],[53.83101,55.15875],[53.8412,55.15599],[53.855,55.14705],[53.88133,55.13754],[53.91923,55.13857],[53.95052,55.14321],[54.05676,55.12649],[54.06832,55.12817],[54.08356,55.12769],[54.14754,55.09823],[54.15927,55.09535],[54.17351,55.08272],[54.17748,55.08104],[54.2151,55.07829],[54.24129,55.0814],[54.30612,55.08313]],[[53.86266,55.40054],[53.86312,55.39827],[53.86152,55.39443],[53.8626,55.38421],[53.8663,55.38148],[53.88457,55.37312],[53.87817,55.33913]],[[53.90302,54.48533],[53.90651,54.48509]],[[53.9042,54.48608],[53.90703,54.48489]],[[53.90641,54.4856],[53.9042,54.48608]],[[53.90471,54.48586],[53.90457,54.48533]],[[53.90703,54.48489],[53.90641,54.4856]],[[53.90703,54.48489],[53.90847,54.48537],[53.90641,54.4856]],[[54.09354,54.12643],[54.08863,54.14329],[54.07613,54.21359],[54.06561,54.28412],[54.04307,54.34692],[54.04046,54.36968],[54.03911,54.37361],[54.02999,54.3862],[54.01632,54.39856],[54.01103,54.40119],[54.00649,54.40522],[53.98959,54.42801],[53.96116,54.44186],[53.95524,54.4535],[53.94642,54.46092],[53.92733,54.4738],[53.91788,54.47665],[53.91123,54.48272],[53.90703,54.48489]],[[53.92682,53.89161],[53.92603,53.89162]],[[54.24653,53.69244],[54.24664,53.70099],[54.24499,53.70312],[54.20643,53.71907],[54.19292,53.72914],[54.1855,53.73221],[54.18089,53.73649],[54.1719,53.74622],[54.16564,53.75639],[54.15938,53.76975],[54.15455,53.78592],[54.13847,53.78619],[54.13988,53.81238],[54.13275,53.83049],[54.12429,53.83476],[54.10008,53.84355],[54.06098,53.85148],[54.00957,53.84652],[54.00504,53.84687],[53.94503,53.88376],[53.92742,53.89108],[53.92682,53.89161],[53.92701,53.89249]],[[53.9349,55.90846],[53.93555,55.90867]],[[53.9349,55.90882],[53.93431,55.90895],[53.93387,55.90858],[53.93453,55.90833],[53.9349,55.90882]],[[53.93555,55.90867],[53.9349,55.90882]],[[53.93555,55.90867],[53.95812,55.90973],[54.02182,55.92311],[54.0325,55.9238],[54.06733,55.92294],[54.12266,55.93162],[54.12759,55.93352]],[[53.95,55.45697],[53.95143,55.45492],[53.95193,55.45468],[53.95255,55.45463],[53.95379,55.45506],[53.95973,55.45761]],[[53.9584,55.45709],[53.95468,55.45605],[53.95117,55.45659]],[[53.95973,55.45761],[53.9584,55.45709],[53.95284,55.45474],[53.95139,55.45511],[53.95357,55.45555]],[[53.95874,55.45356],[53.95691,55.45592],[53.96169,55.45842]],[[53.95973,55.45761],[53.99223,55.47152],[54.02702,55.47763],[54.05494,55.4677],[54.07022,55.46633],[54.10474,55.46935],[54.1411,55.4659],[54.18325,55.46424],[54.22517,55.45241],[54.27701,55.44164]],[[53.96389,54.79558],[53.97665,54.80109],[53.99824,54.80069],[54.00423,54.80314],[54.01372,54.81165],[54.01749,54.8166],[54.01754,54.82963],[54.04402,54.84958],[54.04696,54.85354],[54.05122,54.85683],[54.09109,54.88341],[54.09774,54.89225],[54.10694,54.89985],[54.11463,54.90878],[54.11578,54.91277],[54.11253,54.91679],[54.11477,54.92036],[54.1335,54.93343],[54.14336,54.93689],[54.14379,54.94033],[54.15123,54.94713],[54.17039,54.95204],[54.2213,54.95728],[54.24026,54.96654],[54.24256,54.96923],[54.24813,54.9817],[54.24478,54.98893],[54.24689,54.99697],[54.25247,55.00306],[54.27049,55.01632],[54.27896,55.02651],[54.2744,55.03042],[54.27757,55.04385],[54.27684,55.05122],[54.29651,55.07474],[54.30612,55.08313]],[[54.12433,54.54542],[54.11582,54.55284],[54.11381,54.55579],[54.11504,54.55691],[54.11316,54.55909],[54.11026,54.55956],[54.10708,54.56837],[54.10225,54.57348],[54.10215,54.57567],[54.09846,54.57654],[54.10029,54.58793],[54.09211,54.60862],[54.08615,54.61448],[54.07674,54.64059],[54.07163,54.64565],[54.06481,54.65826],[54.06707,54.67244],[54.07945,54.68499],[54.08462,54.69278],[54.0933,54.72227],[54.08755,54.72591],[54.08701,54.72878],[54.08207,54.73122],[54.01527,54.75746],[53.99871,54.76634],[53.97492,54.78393],[53.96389,54.79558]],[[54.09271,54.08393],[54.08394,54.07668],[54.06986,54.07069]],[[54.06986,54.07069],[54.07427,54.06337],[54.07666,54.06141],[54.09693,54.05562]],[[54.09642,54.1085],[54.08967,54.10766],[54.07297,54.10858]],[[54.07297,54.10858],[54.07247,54.11313],[54.07512,54.11655],[54.09305,54.1256]],[[54.07297,54.10858],[54.08215,54.09361],[54.09271,54.08393]],[[54.09642,54.1085],[54.0974,54.09821],[54.09413,54.09547],[54.09271,54.08393]],[[54.09305,54.1256],[54.09364,54.12574],[54.0938,54.12581]],[[54.09354,54.12643],[54.09305,54.1256]],[[54.09425,54.12616],[54.09354,54.12643]],[[54.0936,54.12584],[54.09364,54.12574],[54.09384,54.12543],[54.09553,54.12053],[54.09635,54.11909],[54.0982,54.11729],[54.09995,54.11619],[54.10187,54.11524]],[[54.0938,54.12581],[54.09403,54.12606],[54.09349,54.12604],[54.09351,54.12589],[54.0936,54.12584],[54.0938,54.12581]],[[54.10187,54.11524],[54.09631,54.11939],[54.09401,54.12588]],[[54.09406,54.12594],[54.09425,54.12616]],[[54.09425,54.12616],[54.09748,54.12644],[54.12126,54.12028],[54.12416,54.11788],[54.14474,54.10825],[54.14823,54.11063],[54.18019,54.11459],[54.19095,54.11946],[54.18953,54.12887],[54.19355,54.13361],[54.20662,54.13703],[54.21439,54.13394],[54.21927,54.13346],[54.22689,54.13599],[54.23005,54.13599],[54.27696,54.17441],[54.28954,54.18017],[54.29938,54.18328],[54.33204,54.18576],[54.34727,54.1832]],[[54.12401,54.09957],[54.12011,54.10127],[54.11762,54.10045],[54.10007,54.10896],[54.09642,54.1085]],[[54.09693,54.05562],[54.10054,54.05385],[54.10416,54.04887],[54.11173,54.04479],[54.13997,54.04748]],[[54.09693,54.05562],[54.09851,54.05555],[54.10099,54.0558],[54.1085,54.05853],[54.10823,54.06546],[54.11685,54.07916],[54.11728,54.08321]],[[54.11756,54.08442],[54.11802,54.0891],[54.12304,54.09795],[54.12401,54.09957],[54.12576,54.10263],[54.12607,54.10323],[54.1262,54.10348],[54.10187,54.11524]],[[54.11728,54.08321],[54.11762,54.08341]],[[54.11734,54.08355],[54.11728,54.08321]],[[54.11738,54.08369],[54.11734,54.08355]],[[54.11734,54.08355],[54.11762,54.08341]],[[54.11786,54.08371],[54.11738,54.08369]],[[54.11756,54.08442],[54.11738,54.08369]],[[54.11786,54.08371],[54.11756,54.08442]],[[54.11762,54.08341],[54.11794,54.08356]],[[54.11762,54.08341],[54.11806,54.08283]],[[54.11794,54.08356],[54.11786,54.08371]],[[54.11806,54.08283],[54.11794,54.08356]],[[54.57834,53.92335],[54.57181,53.92157],[54.54382,53.92121],[54.52909,53.91483],[54.52103,53.91262],[54.47794,53.91632],[54.4658,53.91973],[54.43653,53.93294],[54.41449,53.96262],[54.41013,53.97586],[54.40115,53.98053],[54.39595,53.98594],[54.38615,53.99047],[54.38475,53.99314],[54.38421,54.00069],[54.37798,54.00643],[54.37264,54.00875],[54.358,54.00863],[54.32448,54.01336],[54.26781,54.01558],[54.26041,54.01788],[54.24037,54.01941],[54.17586,54.01851],[54.17008,54.02289],[54.1617,54.02686],[54.15774,54.03062],[54.14531,54.03863],[54.1293,54.06777],[54.11806,54.08283]],[[54.11916,55.38543],[54.12285,55.38343],[54.12263,55.38054]],[[54.12699,55.38245],[54.12892,55.38198],[54.12747,55.38166],[54.12711,55.38179],[54.12571,55.38245],[54.12173,55.38428]],[[54.12225,54.53975],[54.1313,54.53933]],[[54.12263,55.38054],[54.12527,55.38169]],[[54.12552,54.54434],[54.12532,54.54138],[54.12369,54.5403]],[[54.12433,54.54542],[54.12552,54.54434]],[[54.12638,54.54375],[54.12433,54.54542]],[[54.12527,55.38169],[54.12561,55.38184],[54.12658,55.38227],[54.12699,55.38245]],[[54.12527,55.38169],[54.12335,55.38219],[54.12464,55.3826],[54.12509,55.38242],[54.12728,55.3814],[54.13209,55.37951]],[[54.12552,54.54434],[54.12645,54.54354],[54.12703,54.54303],[54.12778,54.54239],[54.12787,54.54232],[54.12828,54.54197],[54.12943,54.54096]],[[54.12585,54.10364],[54.12607,54.10323],[54.12652,54.10333]],[[54.12678,54.54339],[54.12655,54.54351],[54.12645,54.54354],[54.1264,54.54355],[54.12634,54.54356],[54.126,54.54342]],[[54.12678,54.54339],[54.12638,54.54375]],[[54.13277,54.5428],[54.12908,54.54256],[54.12638,54.54375]],[[54.13094,54.53974],[54.12678,54.54339]],[[54.12699,55.38245],[54.12987,55.38373]],[[54.12759,55.93352],[54.14993,55.94833],[54.17704,55.95072],[54.25276,55.96169]],[[54.18898,55.87577],[54.15685,55.88879],[54.14751,55.89727],[54.12927,55.90757],[54.12821,55.90988],[54.12759,55.93352]],[[54.12781,54.54146],[54.12599,54.54199],[54.12787,54.54232]],[[54.12943,54.54096],[54.12789,54.54009],[54.12821,54.54134]],[[54.12943,54.54096],[54.13025,54.54025],[54.1313,54.53933],[54.13153,54.53918],[54.13094,54.53974]],[[54.12947,54.53977],[54.13007,54.53996],[54.1302,54.54009],[54.13024,54.54016],[54.13025,54.54023],[54.13025,54.54025],[54.13026,54.54033]],[[54.12987,55.38373],[54.13962,55.38815],[54.15795,55.39047],[54.16089,55.39235],[54.16328,55.3972],[54.1918,55.40188],[54.20046,55.40492],[54.21771,55.41452],[54.22987,55.41697],[54.23506,55.4164],[54.24272,55.41848],[54.28589,55.435],[54.29518,55.43723]],[[54.13394,55.37886],[54.12941,55.38098],[54.12987,55.38373]],[[54.13094,54.53974],[54.13062,54.54133],[54.13257,54.54257]],[[54.23081,56.10543],[54.23067,56.10548],[54.22909,56.10589],[54.22783,56.10626],[54.22358,56.10738],[54.20857,56.11147],[54.20672,56.11189],[54.17756,56.11631],[54.17003,56.11832],[54.16535,56.12135]],[[54.24347,56.09563],[54.22711,56.10101],[54.22692,56.10104],[54.22671,56.10106],[54.21988,56.10107]],[[54.22691,56.09629],[54.22674,56.09629],[54.22384,56.09633],[54.22191,56.09634],[54.22158,56.09641],[54.22154,56.0999],[54.21989,56.10095],[54.21988,56.10107],[54.21985,56.10207],[54.21991,56.10318],[54.22358,56.10738]],[[54.22589,55.70206],[54.22297,55.71023],[54.23912,55.7289],[54.24224,55.73118],[54.24373,55.73105],[54.25755,55.72166],[54.26886,55.70909],[54.27906,55.70146],[54.27693,55.69195],[54.28307,55.68282],[54.28626,55.68281],[54.29549,55.69006],[54.31573,55.69686],[54.33838,55.69053],[54.37024,55.67974],[54.38297,55.67872]],[[54.22849,56.08435],[54.2283,56.08426]],[[54.23454,56.08721],[54.22859,56.08452],[54.2283,56.08426]],[[54.2283,56.08426],[54.2317,56.08312],[54.23325,56.08263],[54.23973,56.08048],[54.2402,56.08034],[54.24411,56.07905],[54.24553,56.07856],[54.24842,56.07761],[54.25061,56.07696]],[[54.22849,56.08435],[54.22915,56.08465],[54.2305,56.08528],[54.23091,56.08547],[54.23467,56.08715]],[[54.25061,56.07696],[54.24741,56.0781],[54.24632,56.07846],[54.24565,56.07868],[54.24294,56.07958],[54.24048,56.08037],[54.2403,56.08043],[54.23983,56.08058],[54.23912,56.08083],[54.23352,56.08267],[54.23335,56.08272],[54.23195,56.0832],[54.22849,56.08435]],[[54.24728,56.09932],[54.23644,56.10292],[54.23567,56.10315],[54.23045,56.10462],[54.23017,56.1047],[54.23003,56.10474]],[[54.23042,56.08534],[54.2305,56.08528]],[[54.23044,56.10553],[54.23056,56.10539]],[[54.23067,56.10548],[54.23056,56.10539],[54.22751,56.10179],[54.22692,56.10104],[54.22682,56.10053],[54.22674,56.09629],[54.22683,56.09616],[54.23954,56.09188]],[[54.23962,56.09197],[54.22691,56.09629],[54.22699,56.09999],[54.22704,56.10074],[54.22706,56.10086],[54.22711,56.10101],[54.22717,56.10114],[54.22719,56.10121],[54.22738,56.10147],[54.2284,56.1026],[54.23017,56.1047],[54.23062,56.10526],[54.23081,56.10543]],[[54.24778,56.09973],[54.23081,56.10543]],[[54.23133,56.08566],[54.23125,56.08572]],[[54.23713,56.08633],[54.23605,56.08532],[54.23354,56.0829],[54.23335,56.08272],[54.23325,56.08263]],[[54.23849,56.09087],[54.23454,56.08721]],[[54.23454,56.08721],[54.23467,56.08715]],[[54.23467,56.08715],[54.23561,56.08798],[54.23681,56.08913],[54.23748,56.08976],[54.23864,56.09083],[54.23873,56.09092],[54.23974,56.09188]],[[54.2436,56.08418],[54.24048,56.08523],[54.23896,56.08571],[54.23774,56.08613],[54.23732,56.08627],[54.23713,56.08633],[54.23692,56.08639],[54.2348,56.08709],[54.23467,56.08715]],[[54.23954,56.09188],[54.23849,56.09087]],[[54.23849,56.09087],[54.23864,56.09083],[54.23952,56.09052],[54.24085,56.09008],[54.24656,56.08825]],[[54.23962,56.09197],[54.23954,56.09188]],[[54.23954,56.09188],[54.23974,56.09188]],[[54.24347,56.09563],[54.23962,56.09197]],[[54.23974,56.09188],[54.23962,56.09197]],[[54.23974,56.09188],[54.23985,56.09198],[54.24362,56.09558],[54.24371,56.09567],[54.24743,56.09928]],[[54.24767,56.08926],[54.23974,56.09188]],[[54.24728,56.09932],[54.24347,56.09563]],[[54.2638,56.08882],[54.25753,56.09099],[54.25303,56.09247],[54.25252,56.09265],[54.2524,56.09269],[54.25087,56.09322],[54.24949,56.09368],[54.24807,56.09413],[54.24454,56.09529],[54.24387,56.0955],[54.24362,56.09558],[54.24347,56.09563]],[[54.24745,56.08783],[54.2436,56.08418]],[[54.2436,56.08418],[54.23983,56.08058],[54.23973,56.08048],[54.23962,56.08037],[54.23817,56.07898],[54.23723,56.07811],[54.23657,56.07744],[54.2348,56.0758],[54.22853,56.06977],[54.22891,56.06963],[54.23443,56.07493],[54.2393,56.07947],[54.24006,56.08019],[54.24009,56.08022],[54.2402,56.08034],[54.2403,56.08043],[54.24411,56.08401]],[[54.24411,56.08401],[54.2436,56.08418]],[[54.24411,56.08401],[54.24838,56.08808]],[[54.25487,56.08046],[54.24411,56.08401]],[[54.24619,56.07835],[54.24632,56.07846]],[[54.24653,53.69244],[54.26536,53.69808],[54.2748,53.69652]],[[54.27737,53.68486],[54.27695,53.6778],[54.25052,53.68728],[54.24728,53.68983],[54.24653,53.69244]],[[54.24656,56.08825],[54.24745,56.08783]],[[54.24656,56.08825],[54.24781,56.08815]],[[54.24751,56.09946],[54.24728,56.09932]],[[54.24743,56.09928],[54.24728,56.09932]],[[54.24743,56.09928],[54.24751,56.09946]],[[54.2678,56.09261],[54.26443,56.09369],[54.26147,56.09468],[54.25756,56.09596],[54.25693,56.09618],[54.2564,56.09634],[54.25597,56.09648],[54.24963,56.09857],[54.24884,56.09884],[54.24743,56.09928]],[[54.24781,56.08815],[54.24745,56.08783]],[[54.24751,56.09946],[54.24778,56.09973]],[[54.24839,56.08871],[54.24767,56.08926]],[[54.24864,56.08895],[54.24767,56.08926]],[[54.24778,56.09973],[54.24857,56.09983]],[[54.24836,56.10031],[54.24778,56.09973]],[[54.24797,56.08831],[54.24781,56.08815]],[[54.24781,56.08815],[54.24818,56.08813]],[[54.2482,56.08854],[54.24797,56.08831]],[[54.24797,56.08831],[54.24818,56.08813]],[[54.24818,56.08813],[54.24838,56.08808]],[[54.2486,56.08852],[54.24838,56.08856],[54.2482,56.08854]],[[54.24839,56.08871],[54.2482,56.08854]],[[54.24838,56.08808],[54.24871,56.08843]],[[54.24838,56.08808],[54.25931,56.08453]],[[54.25716,56.09703],[54.2564,56.09634],[54.25252,56.09265],[54.25079,56.09097],[54.24893,56.08924],[54.24864,56.08895],[54.24839,56.08871]],[[54.2486,56.08852],[54.24839,56.08871]],[[54.24871,56.08843],[54.2486,56.08852]],[[54.24871,56.08843],[54.25113,56.09063],[54.25151,56.09102],[54.25303,56.09247],[54.25314,56.09257],[54.25331,56.09274],[54.25426,56.09362],[54.25693,56.09618],[54.25766,56.09686]],[[54.25961,56.08482],[54.25322,56.0869],[54.25034,56.08784],[54.24871,56.08843]],[[54.26424,56.07166],[54.25061,56.07696]],[[54.25487,56.08046],[54.25073,56.07693]],[[54.25296,56.08661],[54.25322,56.0869],[54.25351,56.08718],[54.25501,56.08858],[54.25525,56.08882],[54.25743,56.0909],[54.25753,56.09099],[54.25779,56.09125],[54.25875,56.09216],[54.26147,56.09468],[54.26473,56.0981],[54.27419,56.10702],[54.2805,56.10492]],[[54.25636,56.08177],[54.25487,56.08046]],[[54.25636,56.08177],[54.25669,56.08179],[54.25736,56.08162]],[[54.25691,56.08227],[54.25636,56.08177]],[[54.26424,56.07166],[54.26496,56.07135]],[[54.26497,56.07163],[54.26424,56.07166]],[[54.2666,56.07181],[54.26521,56.0717]],[[54.26597,56.07152],[54.2666,56.07181]],[[54.29992,56.06697],[54.2666,56.07181]],[[54.2748,53.69652],[54.29385,53.69636]],[[54.27737,53.68486],[54.27739,53.68852],[54.2748,53.69652]],[[54.27745,55.44155],[54.27725,55.44186],[54.27662,55.44172]],[[54.38297,55.67872],[54.37406,55.58774],[54.37528,55.57023],[54.38196,55.54204],[54.38155,55.5347],[54.35615,55.50326],[54.35623,55.5002],[54.34562,55.49789],[54.33781,55.48571],[54.32746,55.47978],[54.30108,55.47302],[54.29547,55.47027],[54.28383,55.44896],[54.28254,55.44735],[54.27789,55.44247],[54.27734,55.44195],[54.27725,55.44186],[54.27701,55.44164]],[[54.27701,55.44164],[54.29521,55.43777],[54.29642,55.43768],[54.30902,55.44039],[54.31669,55.43829],[54.34157,55.44107],[54.396,55.44185],[54.43834,55.45905],[54.46634,55.47269],[54.49431,55.48159],[54.49902,55.48205],[54.52427,55.4801],[54.52993,55.47723],[54.60625,55.46996],[54.61734,55.46586],[54.70584,55.44832],[54.71721,55.44148],[54.73254,55.43751],[54.76519,55.43296],[54.79836,55.42877],[54.80282,55.42822],[54.80305,55.42819],[54.80374,55.42811],[54.80587,55.42787],[54.80597,55.42786],[54.80643,55.42784]],[[54.27737,53.68486],[54.28375,53.68486],[54.29321,53.69409],[54.29385,53.69636]],[[54.29385,53.69636],[54.3256,53.6964],[54.32783,53.69534],[54.33295,53.68847],[54.3399,53.68464],[54.34543,53.68436],[54.35288,53.68604],[54.36026,53.68533],[54.39066,53.67925],[54.42466,53.6697],[54.44266,53.66978],[54.47759,53.67328],[54.49482,53.68049],[54.49913,53.68382],[54.51715,53.68493],[54.51683,53.68039],[54.523,53.6601],[54.53038,53.65857],[54.53679,53.66048],[54.53983,53.65892],[54.54705,53.65899],[54.55952,53.65521],[54.56599,53.6576],[54.57821,53.65981],[54.60218,53.66065],[54.6299,53.65586],[54.64316,53.65717],[54.65983,53.6571],[54.69479,53.65314],[54.70313,53.65452],[54.71123,53.65127],[54.71905,53.65602],[54.74491,53.66771]],[[54.29518,55.43723],[54.29674,55.4372]],[[54.29581,55.43769],[54.29551,55.43742],[54.29536,55.43731],[54.29518,55.43723]],[[54.29521,55.43777],[54.29536,55.43731]],[[54.29663,55.43737],[54.29642,55.43768]],[[54.29663,55.43737],[54.29697,55.4377]],[[54.29663,55.43737],[54.30806,55.42232],[54.31437,55.41594],[54.325,55.40053],[54.33212,55.38634],[54.33329,55.37903],[54.34128,55.36341],[54.34285,55.3583],[54.3423,55.35259],[54.34683,55.34983],[54.35759,55.34893],[54.36026,55.34752],[54.36966,55.33405],[54.37067,55.32975]],[[54.4236,55.11661],[54.33216,55.08282],[54.30612,55.08313]],[[54.30858,56.1069],[54.3078,56.10683]],[[54.3081,56.10646],[54.30858,56.1069]],[[54.30858,56.1069],[54.34915,56.12243],[54.38889,56.14617],[54.46322,56.16779],[54.49042,56.17154],[54.49709,56.1737],[54.49991,56.17617],[54.50728,56.1769],[54.54712,56.18717],[54.57506,56.18587],[54.59206,56.18373],[54.62724,56.18254],[54.68458,56.1989],[54.71019,56.20287],[54.72476,56.20157],[54.73144,56.202],[54.74485,56.20641],[54.79948,56.21718],[54.86473,56.22689],[54.89411,56.23247],[54.92314,56.24758],[54.93979,56.25149],[54.9504,56.26415]],[[54.30889,56.08585],[54.31586,56.08494],[54.33966,56.07618],[54.34778,56.06796],[54.3501,56.06267],[54.36668,56.05224],[54.39697,56.0371],[54.40269,56.02657],[54.42835,56.00952],[54.46969,56.00486],[54.48361,55.99847],[54.50115,55.99725],[54.51197,55.99365],[54.52432,55.99495],[54.5356,55.98443],[54.54095,55.9761],[54.54266,55.97542],[54.60912,55.9763],[54.69093,55.96706],[54.72839,55.97118],[54.81704,55.9617],[54.83241,55.96627],[54.8395,55.97293],[54.84875,55.9738],[54.86908,55.97076],[54.89577,55.97365],[54.9072,55.97296],[54.91344,55.9712],[54.94182,55.97149],[54.96055,55.96763],[54.99695,55.96386],[55.01671,55.96878],[55.02625,55.96999],[55.03577,55.97447],[55.04203,55.98007],[55.04932,56.0015],[55.04808,56.00698],[55.05294,56.0143],[55.05211,56.02966],[55.05281,56.03465],[55.09419,56.03111]],[[54.36685,55.32649],[54.37211,55.32362]],[[54.37155,55.32602],[54.37019,55.32534],[54.36944,55.32584],[54.37018,55.32636]],[[54.37127,55.32711],[54.37067,55.32975]],[[54.37655,55.32642],[54.37067,55.32975]],[[54.37127,55.32711],[54.3732,55.32746],[54.37175,55.32656]],[[54.37155,55.32602],[54.37127,55.32711]],[[54.37211,55.32362],[54.37155,55.32602]],[[54.37211,55.32362],[54.4082,55.16469],[54.40398,55.13997],[54.4119,55.13423],[54.4236,55.11661]],[[54.8134,55.49592],[54.77099,55.50981],[54.76499,55.51115],[54.75354,55.51158],[54.70419,55.52076],[54.68884,55.52848],[54.68237,55.53465],[54.66863,55.54289],[54.61771,55.55174],[54.59752,55.55986],[54.56787,55.56221],[54.56132,55.56419],[54.55911,55.56606],[54.54594,55.58649],[54.53822,55.59152],[54.52889,55.60402],[54.51829,55.61531],[54.51392,55.61727],[54.50753,55.61801],[54.48532,55.62412],[54.48269,55.62584],[54.48455,55.64363],[54.47132,55.66171],[54.44444,55.67193],[54.42413,55.6765],[54.38297,55.67872]],[[54.39538,55.44176],[54.39632,55.4416],[54.39652,55.44199]],[[54.6301,55.13921],[54.51473,55.14195],[54.49047,55.13344],[54.47868,55.13275],[54.44757,55.12441],[54.44231,55.1246],[54.43249,55.11806],[54.4236,55.11661]],[[54.4236,55.11661],[54.4288,55.08992],[54.4197,55.06111],[54.42343,55.05722],[54.42835,55.04158],[54.43146,55.03742],[54.42942,55.03283],[54.43241,55.00859],[54.42367,55.00333],[54.43539,54.99401],[54.44985,54.97725],[54.44264,54.96578],[54.43905,54.96212],[54.4488,54.95097],[54.45036,54.94758],[54.45889,54.94306],[54.47084,54.93086],[54.46656,54.91752],[54.46648,54.90376],[54.46463,54.89356],[54.45705,54.88007],[54.45643,54.8682],[54.45998,54.85551],[54.47643,54.82239],[54.47788,54.81605],[54.4772,54.81407],[54.49914,54.79292],[54.55291,54.77142],[54.56134,54.77065]],[[54.53818,54.64776],[54.53711,54.64609],[54.53125,54.64294]],[[54.53659,54.64233],[54.53488,54.64215],[54.53483,54.64305]],[[54.5378,54.6434],[54.53895,54.64266],[54.53672,54.6428]],[[54.53678,54.64301],[54.53806,54.64727]],[[54.53806,54.64727],[54.53818,54.64776],[54.5384,54.64857],[54.54262,54.66274],[54.54412,54.66676],[54.5642,54.70379],[54.56878,54.7154],[54.56893,54.71879],[54.55516,54.81412],[54.56491,54.84281],[54.57313,54.88064],[54.58714,54.90605],[54.58651,54.90939],[54.56181,54.94875],[54.56218,54.95996],[54.575,54.97855],[54.57859,54.99545],[54.61562,55.04188],[54.64187,55.08897],[54.65221,55.10977],[54.65743,55.114],[54.6845,55.13027],[54.68694,55.13176],[54.68737,55.13198],[54.69241,55.13514],[54.69911,55.14043],[54.79757,55.24523],[54.82959,55.32443],[54.86213,55.37575],[54.86285,55.37835],[54.86303,55.37865],[54.86331,55.3791],[54.86534,55.38121],[54.8669,55.38056]],[[54.54227,54.64403],[54.5388,54.64542],[54.53806,54.64727]],[[54.57764,53.92311],[54.57802,53.92301]],[[54.57834,53.92335],[54.61056,53.92914],[54.65764,53.93262],[54.70155,53.94519],[54.72131,53.95882],[54.72823,53.96683],[54.76248,53.99575],[54.76463,53.99854],[54.76544,54.00335],[54.77683,54.00882],[54.78971,54.0122],[54.80537,54.01401],[54.87317,54.01349],[54.88181,54.01933],[54.90354,54.03101],[54.91279,54.03957],[54.91147,54.09266],[54.91255,54.09666],[54.92345,54.10801],[54.98867,54.21448],[55.00611,54.22788],[55.01404,54.23182],[55.06523,54.24142],[55.07196,54.24384],[55.07824,54.24802],[55.10649,54.27869],[55.16404,54.3279],[55.17841,54.3496],[55.19549,54.36228],[55.19583,54.38116],[55.19741,54.38489],[55.22142,54.40998],[55.2337,54.42893],[55.23594,54.43502],[55.24154,54.44331],[55.25275,54.45709],[55.27742,54.49438],[55.28705,54.50346],[55.30212,54.52661],[55.32225,54.54428],[55.3294,54.5486],[55.36248,54.57775],[55.39426,54.58812]],[[54.74491,53.66771],[54.74173,53.67187],[54.74434,53.68364],[54.74392,53.70042],[54.74828,53.72375],[54.74695,53.73433],[54.7498,53.75138],[54.739,53.77607],[54.73932,53.78458],[54.73572,53.79677],[54.71652,53.81805],[54.71286,53.81954],[54.69874,53.82092],[54.69232,53.82382],[54.68401,53.82977],[54.6763,53.84106],[54.64776,53.85871],[54.63782,53.86875],[54.62042,53.87965],[54.60832,53.89526],[54.59208,53.90658],[54.57958,53.91712],[54.57789,53.92123],[54.57834,53.92335]],[[54.6301,55.13921],[54.61929,55.14892],[54.61899,55.15071],[54.6237,55.15522],[54.63406,55.15706]],[[54.65372,55.12763],[54.63717,55.12967],[54.6301,55.13921]],[[54.65208,55.13962],[54.64548,55.13899],[54.6301,55.13921]],[[54.65086,55.10792],[54.65372,55.12763]],[[54.79154,55.41517],[54.75929,55.40158],[54.75392,55.39804],[54.74481,55.39047],[54.73411,55.37381],[54.72987,55.37318],[54.72565,55.36835],[54.70243,55.35478],[54.69741,55.34498],[54.68848,55.33319],[54.68627,55.33194],[54.68664,55.32899],[54.69255,55.32784],[54.69499,55.32602],[54.69186,55.31838],[54.66154,55.28987],[54.65688,55.28159],[54.65217,55.28093],[54.63129,55.26249],[54.5932,55.23709],[54.58385,55.21202],[54.58627,55.21107],[54.5836,55.20733],[54.60142,55.20014],[54.61893,55.18759],[54.61945,55.18073],[54.62116,55.17809],[54.6234,55.16897],[54.62614,55.16417],[54.63406,55.15706],[54.64687,55.14535],[54.65208,55.13962]],[[54.65435,55.13311],[54.6548,55.13616],[54.65208,55.13962]],[[54.65372,55.12763],[54.65435,55.13311]],[[55.27529,55.07745],[55.27295,55.07581],[55.27129,55.07498],[55.26404,55.07285],[55.25514,55.06658],[55.24835,55.06691],[55.24043,55.06432],[55.22781,55.06239],[55.18549,55.06017],[55.17414,55.0578],[55.16029,55.05778],[55.13973,55.05313],[55.12845,55.05174],[55.09848,55.06384],[55.08549,55.07246],[55.06809,55.07907],[55.0605,55.09158],[55.05727,55.09231],[55.04718,55.09872],[55.03038,55.10381],[54.79324,55.11906],[54.78712,55.11902],[54.77996,55.11705],[54.75256,55.11621],[54.74747,55.11948],[54.69575,55.12766],[54.6845,55.13027],[54.67672,55.13217],[54.67151,55.13431],[54.65783,55.13315],[54.65661,55.13309],[54.65435,55.13311]],[[54.67661,55.12554],[54.67631,55.1257]],[[54.80578,53.60448],[54.76077,53.61543],[54.75544,53.6184],[54.754,53.62225],[54.76123,53.63512],[54.76957,53.64457],[54.76645,53.64877],[54.74829,53.65845],[54.7464,53.66098],[54.74491,53.66771]],[[54.78983,55.41801],[54.79194,55.41719],[54.79154,55.41517]],[[54.79154,55.41517],[54.79193,55.41533]],[[54.79193,55.41533],[54.7989,55.41615]],[[54.79193,55.41533],[54.79439,55.41633]],[[54.8063,55.42831],[54.80305,55.42819]],[[54.80374,55.42811],[54.80658,55.42734]],[[54.80578,53.60448],[54.80633,53.60392]],[[54.8067,53.6042],[54.80578,53.60448]],[[54.80707,53.60356],[54.80767,53.60324]],[[54.80767,53.60324],[54.80735,53.60369]],[[54.92636,53.33166],[54.92908,53.33752],[54.93457,53.34048],[54.93508,53.34309],[54.91915,53.35445],[54.90518,53.37581],[54.89663,53.39737],[54.89231,53.40266],[54.88344,53.40859],[54.88283,53.42008],[54.86719,53.43284],[54.86749,53.45324],[54.86866,53.45876],[54.86412,53.4646],[54.85402,53.47093],[54.83654,53.48444],[54.83703,53.49416],[54.83883,53.49972],[54.83823,53.516],[54.83539,53.52028],[54.83826,53.53165],[54.82718,53.54247],[54.82143,53.55988],[54.81889,53.57773],[54.81225,53.58683],[54.80767,53.60324]],[[54.86576,55.47587],[54.85746,55.46449],[54.85629,55.45783],[54.85313,55.45166],[54.84226,55.44437],[54.84304,55.44058],[54.84127,55.43569],[54.80832,55.42194]],[[54.8134,55.49592],[54.81434,55.49544]],[[54.81459,55.49575],[54.8134,55.49592]],[[54.81472,55.49538],[54.81554,55.49535]],[[54.81537,55.49541],[54.81498,55.4956]],[[54.81537,55.49541],[54.81542,55.49561]],[[54.81554,55.49535],[54.81537,55.49541]],[[54.85278,55.48897],[54.81554,55.49535]],[[54.83134,55.50142],[54.83192,55.50205]],[[54.83166,55.50175],[54.85644,55.49683]],[[54.85399,55.4915],[54.85278,55.48897]],[[54.86616,55.4766],[54.87281,55.48534],[54.86187,55.48732],[54.86165,55.48736],[54.85948,55.48778],[54.85504,55.48856],[54.85407,55.48874],[54.85346,55.48885],[54.8531,55.48891],[54.85278,55.48897]],[[54.8531,55.48891],[54.85343,55.48958],[54.85434,55.49145],[54.85644,55.49586],[54.85672,55.4966]],[[54.85343,55.48958],[54.85311,55.48963]],[[54.85607,55.49591],[54.85399,55.4915]],[[54.85399,55.4915],[54.85434,55.49145]],[[54.85644,55.49683],[54.85607,55.49591]],[[54.85607,55.49591],[54.85644,55.49586]],[[54.85666,55.49546],[54.85629,55.49553]],[[54.85644,55.49683],[54.85672,55.4966]],[[54.85672,55.4966],[54.85666,55.49546],[54.86457,55.49257],[54.86336,55.4906],[54.8618,55.48761],[54.86172,55.48748],[54.86165,55.48736],[54.86159,55.48726],[54.86094,55.48622],[54.86078,55.48591],[54.86042,55.48321],[54.862,55.47985],[54.86616,55.4766]],[[54.86267,55.38152],[54.86354,55.38055],[54.86285,55.37835]],[[54.86303,55.37865],[54.86716,55.37896]],[[54.8669,55.38056],[54.86507,55.38031]],[[54.86576,55.47587],[54.86676,55.47626]],[[54.86616,55.4766],[54.86576,55.47587]],[[54.86576,55.47688],[54.86596,55.47637]],[[54.86616,55.4766],[54.8697,55.4747],[54.88351,55.45693],[54.90164,55.44079],[54.90652,55.43192],[54.9104,55.41512],[54.91871,55.41487],[54.93143,55.40931]],[[54.86617,55.47622],[54.86638,55.47648]],[[54.86729,55.37902],[54.8669,55.38056]],[[55.18174,53.16456],[55.18068,53.16438],[55.17091,53.1623],[55.17058,53.16184],[55.15709,53.13679],[55.14592,53.10662],[55.12593,53.09323],[55.10197,53.08207],[55.09773,53.07855],[55.09533,53.07574],[55.09247,53.06651],[55.08324,53.06327],[55.08788,53.05694],[55.07964,53.05062],[55.07794,53.04374],[55.07541,53.03999],[55.0438,53.02528],[55.0376,53.01952],[55.0322,53.00678],[55.01186,52.99353],[54.98603,52.97303],[54.96882,52.96139],[54.95373,52.94729],[54.87811,52.91034],[54.87511,52.90976]],[[54.91186,54.07797],[54.91265,54.07851],[54.91185,54.07897]],[[55.84839,53.65804],[55.79351,53.66387],[55.76402,53.66273],[55.74605,53.66519],[55.73701,53.67114],[55.73727,53.67884],[55.73641,53.67999],[55.68426,53.70416],[55.61737,53.71787],[55.60243,53.72022],[55.59339,53.71985],[55.5898,53.72161],[55.5827,53.72927],[55.4813,53.77983],[55.42727,53.80875],[55.38947,53.81655],[55.37889,53.82051],[55.32429,53.84671],[55.31075,53.85078],[55.28477,53.85615],[55.2519,53.86972],[55.17582,53.89419],[55.16159,53.90275],[55.07879,53.92835],[55.06285,53.93618],[55.04701,53.95044],[55.04695,53.95364],[55.05507,53.96662],[55.05274,53.97639],[55.05565,53.98973],[55.05532,53.99307],[55.04088,54.00657],[55.03833,54.01379],[55.01839,54.03203],[55.00032,54.05642],[54.98148,54.06748],[54.95484,54.07836],[54.94327,54.08181],[54.92652,54.0787],[54.92513,54.07861],[54.91265,54.07851],[54.91186,54.07849]],[[54.93143,55.40931],[54.9449,55.38543],[54.94063,55.38042],[54.94435,55.37646],[54.9442,55.36388],[54.94958,55.34275]],[[55.51984,55.42099],[55.51089,55.42129],[55.50034,55.40765],[55.48332,55.4004],[55.45247,55.39607],[55.44089,55.38999],[55.41901,55.38405],[55.4087,55.38541],[55.38345,55.37898],[55.37572,55.37947],[55.36513,55.37796],[55.35063,55.36461],[55.33498,55.36155],[55.32484,55.36174],[55.316,55.36014],[55.31258,55.35752],[55.27624,55.34598],[55.27059,55.33951],[55.2576,55.33361],[55.25173,55.32883],[55.23993,55.32503],[55.14193,55.35522],[55.1391,55.35578],[55.13434,55.35473],[55.06611,55.36723],[55.02757,55.37979],[54.98063,55.39774],[54.93688,55.40708],[54.93143,55.40931]],[[54.95069,56.26452],[54.96116,56.28024],[54.95555,56.28636],[54.94503,56.2889],[54.93772,56.28932]],[[54.94297,56.25449],[54.97036,56.25122]],[[54.94962,55.34213],[54.9473,55.33967],[54.94445,55.33943]],[[54.94745,55.33685],[54.95016,55.33687]],[[54.94769,55.33793],[54.94745,55.33685]],[[54.94958,55.34275],[54.94962,55.34213],[54.94958,55.34138],[54.94888,55.33999],[54.94612,55.33746],[54.94745,55.33685]],[[54.95055,55.3388],[54.94854,55.33959]],[[54.94958,55.34275],[54.95055,55.3388],[54.95118,55.33656]],[[55.08668,56.14213],[55.09054,56.14169]],[[55.08766,56.13878],[55.09054,56.14169],[55.10403,56.14671],[55.12068,56.15589],[55.15542,56.14999],[55.20675,56.15634],[55.23618,56.15239],[55.27292,56.15237],[55.29558,56.1603],[55.32397,56.15985],[55.34032,56.16193],[55.39548,56.16043],[55.43017,56.1778],[55.46535,56.21642],[55.50896,56.24202],[55.53252,56.26615],[55.53802,56.26954],[55.56075,56.27857],[55.60975,56.28524],[55.6393,56.28587],[55.66276,56.28839],[55.75405,56.30044],[55.80575,56.28841],[55.82109,56.2889],[55.8338,56.29131]],[[55.16756,55.13868],[55.17064,55.13611],[55.17618,55.1373]],[[55.17618,55.1373],[55.16932,55.13806]],[[55.17618,55.1373],[55.20461,55.1362],[55.25542,55.13832],[55.2915,55.13473],[55.30129,55.13176],[55.3073,55.12796],[55.33291,55.10137]],[[55.18068,53.16438],[55.18168,53.16396],[55.18289,53.16484]],[[55.18174,53.16456],[55.18289,53.16484],[55.19875,53.16829],[55.20064,53.1691],[55.20831,53.17786],[55.20769,53.18446]],[[55.89295,52.97161],[55.88316,52.97551],[55.8241,52.98392],[55.81911,52.98607],[55.81065,52.98702],[55.78825,52.98688],[55.77132,52.99409],[55.71214,53.01516],[55.68001,53.02915],[55.66235,53.03848],[55.64249,53.04341],[55.62303,53.05136],[55.61254,53.05203],[55.59601,53.05582],[55.52858,53.0638],[55.47414,53.08258],[55.44839,53.088],[55.4279,53.0904],[55.42111,53.09245],[55.38158,53.09187],[55.36542,53.09502],[55.33659,53.09526],[55.31305,53.1116],[55.29616,53.11839],[55.24199,53.13074],[55.22668,53.13245],[55.21268,53.13234],[55.18713,53.13604],[55.18585,53.1372],[55.18082,53.15451],[55.1811,53.15867],[55.18141,53.162],[55.18168,53.16396],[55.18174,53.16456]],[[55.20744,53.18534],[55.20731,53.18483]],[[55.20731,53.18483],[55.20769,53.18446]],[[55.20731,53.18483],[55.20752,53.18481],[55.2078,53.18489]],[[55.20795,53.18563],[55.20744,53.18534]],[[55.20784,53.18525],[55.20744,53.18534]],[[55.20769,53.18446],[55.2078,53.18489]],[[55.2078,53.18489],[55.20784,53.18525]],[[55.20784,53.18525],[55.20795,53.18563]],[[55.20795,53.18563],[55.22158,53.19368],[55.23179,53.20413],[55.23344,53.21058],[55.2283,53.21637],[55.22472,53.22621],[55.22806,53.23343],[55.22872,53.24017],[55.25124,53.26687],[55.26581,53.28907],[55.26747,53.2904],[55.27675,53.29256],[55.2818,53.29653],[55.28447,53.30061],[55.28472,53.30532],[55.27558,53.31034],[55.27447,53.31251],[55.2753,53.31654],[55.2737,53.32693],[55.27747,53.3375],[55.28122,53.34182],[55.29341,53.34895],[55.29655,53.35285],[55.30037,53.36145],[55.29292,53.39167],[55.27691,53.39827],[55.26651,53.40069],[55.26068,53.41626],[55.26138,53.43109]],[[55.27179,55.07948],[55.273,55.07822],[55.27182,55.0768],[55.27166,55.07547],[55.26792,55.07409]],[[55.26917,55.07435],[55.27911,55.07599],[55.2835,55.07459]],[[55.28159,55.0819],[55.27925,55.08045],[55.27665,55.08018],[55.27464,55.07922],[55.2719,55.07959]],[[55.27351,55.07619],[55.27722,55.07867],[55.27919,55.07804],[55.27618,55.07778]],[[55.27606,55.0777],[55.27689,55.07617],[55.2752,55.07618],[55.27505,55.07719]],[[55.27643,55.07828],[55.27529,55.07745]],[[55.27529,55.07745],[55.27316,55.07616],[55.27188,55.07658],[55.27379,55.07814],[55.27567,55.07787]],[[55.2758,55.07795],[55.27494,55.079],[55.27769,55.08001],[55.27643,55.07828]],[[55.33291,55.10137],[55.2902,55.08681],[55.28639,55.08525],[55.28299,55.08282],[55.28159,55.0819],[55.27972,55.08059],[55.27886,55.07998],[55.27643,55.07828]],[[55.2768,55.07845],[55.27886,55.07998]],[[55.27944,54.93934],[55.27984,54.93978]],[[55.283,55.07494],[55.28005,55.07648],[55.27926,55.07944],[55.28179,55.08203]],[[55.31924,55.06707],[55.31712,55.06464],[55.31655,55.06395],[55.31532,55.06247]],[[55.31532,55.06247],[55.31197,55.05892],[55.29996,55.05197],[55.29523,55.04618],[55.29462,55.04218],[55.29872,55.02859],[55.30159,55.02291],[55.30211,55.01071],[55.29832,54.99863],[55.29135,54.99107],[55.27774,54.98117],[55.26897,54.96987],[55.26812,54.96736],[55.27013,54.96413],[55.26789,54.96012],[55.26704,54.9446],[55.26901,54.94287],[55.28058,54.93892],[55.28283,54.93692],[55.27937,54.93315],[55.27009,54.92837],[55.26957,54.9272],[55.27584,54.9006],[55.27722,54.88894],[55.28414,54.87634],[55.30074,54.87007],[55.29934,54.85683],[55.30674,54.8456],[55.30773,54.84],[55.30671,54.83499],[55.30807,54.83139],[55.30735,54.82648],[55.30407,54.82326],[55.28515,54.79271],[55.27727,54.79043],[55.27258,54.77837],[55.29863,54.77177],[55.31627,54.7646],[55.3372,54.75872]],[[55.31968,55.0632],[55.31803,55.06218],[55.31532,55.06247]],[[55.32126,55.06612],[55.32039,55.06434],[55.31955,55.06426],[55.31849,55.06427],[55.31711,55.06432],[55.31581,55.06436]],[[55.31582,55.06425],[55.31704,55.06412],[55.31927,55.06399],[55.31968,55.0632]],[[55.33815,55.09576],[55.3316,55.08161],[55.31924,55.06707]],[[55.32126,55.06612],[55.31924,55.06707]],[[55.31968,55.0632],[55.32622,55.06446]],[[55.3277,55.06474],[55.32317,55.06452],[55.32126,55.06612]],[[55.3372,54.75872],[55.33888,54.75105],[55.34432,54.74422],[55.34337,54.73526],[55.34228,54.73286],[55.32939,54.72207],[55.32065,54.71051],[55.32193,54.70696],[55.31796,54.70275],[55.31841,54.70244],[55.33778,54.69554],[55.33979,54.69378],[55.33574,54.68884],[55.32399,54.68337]],[[55.32627,54.69966],[55.32641,54.6998]],[[55.33291,55.10137],[55.33815,55.09576],[55.34045,55.09359],[55.34452,55.09073],[55.36284,55.08271],[55.37581,55.07938],[55.39686,55.07879],[55.41282,55.07039],[55.41358,55.06987],[55.41884,55.06609],[55.42283,55.06313]],[[55.33458,54.68818],[55.3348,54.68805]],[[55.3372,54.75872],[55.36911,54.74866],[55.37281,54.73457],[55.37627,54.72951],[55.37954,54.71774],[55.38073,54.713],[55.37904,54.70304],[55.38346,54.69418],[55.38809,54.68989],[55.39817,54.68542],[55.41092,54.68423],[55.40873,54.67748],[55.40318,54.67135]],[[55.39426,54.58812],[55.43655,54.60126],[55.44037,54.60071],[55.44833,54.59649],[55.44806,54.5947],[55.44261,54.58952],[55.44188,54.5866]],[[55.39984,54.6672],[55.39847,54.6655],[55.39839,54.6654],[55.39612,54.66253],[55.3788,54.64102],[55.37648,54.63804],[55.37529,54.6352],[55.37695,54.6219],[55.38274,54.60484],[55.38535,54.59963],[55.38932,54.59629],[55.39426,54.58812]],[[55.39432,54.58841],[55.39479,54.58834]],[[55.40318,54.67135],[55.39493,54.66948]],[[55.39502,54.66925],[55.39839,54.6654]],[[55.39847,54.6655],[55.40505,54.66754],[55.40998,54.66693]],[[55.39984,54.6672],[55.39736,54.66787],[55.39915,54.66861]],[[55.40024,54.6677],[55.39984,54.6672]],[[55.40024,54.6677],[55.40135,54.66908]],[[55.40168,54.66821],[55.40254,54.66732],[55.40024,54.6677]],[[55.4006,54.66861],[55.3991,54.66948],[55.40078,54.66999],[55.40135,54.66908]],[[55.40135,54.66908],[55.40245,54.66971],[55.40376,54.66905],[55.40175,54.66842]],[[55.40318,54.67135],[55.40135,54.66908]],[[55.40998,54.66711],[55.40506,54.66816],[55.40318,54.67135]],[[55.41717,55.06729],[55.42431,55.06139],[55.42227,55.06014],[55.41591,55.06052]],[[55.42283,55.06313],[55.4252,55.06115],[55.42578,55.06021],[55.42604,55.05959],[55.42611,55.0594],[55.42644,55.05854],[55.42686,55.05754],[55.42767,55.05713]],[[55.43442,55.05504],[55.42283,55.06313]],[[55.42609,55.05895],[55.42698,55.0586],[55.42835,55.05811],[55.42866,55.05792],[55.42767,55.05713]],[[55.42767,55.05713],[55.43056,55.05711],[55.43407,55.05512]],[[55.44188,54.5866],[55.44203,54.58626],[55.44365,54.58523]],[[55.44365,54.58523],[55.44188,54.5866]],[[55.44365,54.58523],[55.45269,54.57948],[55.45539,54.57616],[55.48083,54.56362],[55.50154,54.56391],[55.53484,54.571],[55.57152,54.5729],[55.58517,54.57003],[55.59138,54.5675],[55.59255,54.5653],[55.6033,54.56114],[55.63303,54.56145],[55.64096,54.55816],[55.65027,54.55591],[55.65471,54.56074],[55.67224,54.56049],[55.70193,54.57346],[55.75073,54.58048]],[[55.7964,54.83848],[55.79588,54.83796],[55.79501,54.83711],[55.79485,54.83694],[55.79435,54.83648],[55.78783,54.83123],[55.78043,54.82711],[55.73785,54.81939],[55.73381,54.81937],[55.73318,54.81943],[55.72954,54.81983],[55.72892,54.8199],[55.72802,54.82],[55.72579,54.82024],[55.72251,54.82059],[55.71986,54.82087],[55.71768,54.82101],[55.70816,54.81986],[55.68808,54.82175],[55.6665,54.82175],[55.63735,54.82661],[55.62512,54.82474],[55.604,54.81811],[55.58777,54.81549],[55.56453,54.80626],[55.54093,54.80332],[55.53554,54.80165],[55.52309,54.79291],[55.48903,54.77348],[55.48661,54.76508]],[[55.51051,55.42054],[55.51847,55.41941],[55.51984,55.42099]],[[55.53657,55.41898],[55.5224,55.42195],[55.5223,55.421],[55.51769,55.41515],[55.51838,55.41364]],[[55.51984,55.42099],[55.52192,55.421],[55.5223,55.421],[55.52255,55.421],[55.52295,55.42092],[55.52873,55.41804],[55.53033,55.41893],[55.53246,55.4178],[55.53349,55.41726],[55.53356,55.41722],[55.53364,55.41718],[55.54032,55.41352],[55.54168,55.41326],[55.58071,55.41884]],[[55.52434,55.41178],[55.53065,55.41561],[55.53185,55.41623],[55.53346,55.41716],[55.53356,55.41722],[55.53366,55.41727],[55.5352,55.41814],[55.53657,55.41898],[55.5396,55.42711],[55.54771,55.43665],[55.55776,55.43428],[55.55656,55.43161],[55.5846,55.42676]],[[55.55048,55.41449],[55.54656,55.39654],[55.54175,55.38828],[55.54272,55.37632],[55.54207,55.37347],[55.54029,55.3674],[55.53664,55.36244],[55.53562,55.35255],[55.52837,55.32933],[55.5335,55.31979],[55.54393,55.30833],[55.54148,55.28838],[55.54504,55.27983],[55.54038,55.27496],[55.53959,55.272],[55.53929,55.26728],[55.54155,55.26088],[55.54055,55.25133],[55.52557,55.24578]],[[55.58071,55.41884],[55.58149,55.41889],[55.58238,55.41888]],[[55.58234,55.41936],[55.5814,55.41902],[55.58127,55.41898],[55.58071,55.41884]],[[55.58273,55.41983],[55.5814,55.41902]],[[55.58149,55.41889],[55.58268,55.41861]],[[55.72471,54.5768],[55.7366,54.5789]],[[55.7288,54.82106],[55.72892,54.8199]],[[55.73052,54.81847],[55.73023,54.81975]],[[55.78791,52.76491],[55.77986,52.76702],[55.77089,52.77874],[55.75435,52.77942],[55.75201,52.78066],[55.75452,52.79729],[55.75893,52.84651],[55.7575,52.84878],[55.75076,52.85317],[55.74054,52.88195],[55.73801,52.89658],[55.74174,52.90285],[55.73902,52.90578]],[[55.75226,54.58053],[55.74826,54.58046],[55.74473,54.5803]],[[55.92405,54.63334],[55.91215,54.63413],[55.89661,54.62901],[55.89413,54.62668],[55.89062,54.61402],[55.88691,54.61145],[55.87008,54.60941],[55.82099,54.59788],[55.78516,54.58173],[55.78191,54.58144],[55.75995,54.58077],[55.75672,54.58066],[55.75258,54.58053],[55.75226,54.58053],[55.75073,54.58048]],[[55.75073,54.58048],[55.7546,54.58056],[55.75672,54.58066]],[[55.79692,54.74232],[55.78281,54.74183]],[[55.9565,52.34352],[55.9517,52.3485],[55.93951,52.35057],[55.88063,52.37351],[55.81442,52.4145],[55.79848,52.42072],[55.79595,52.41965],[55.7935,52.42022],[55.78506,52.42624]],[[55.79649,52.75665],[55.78772,52.75656]],[[55.78772,52.75656],[55.78791,52.76491]],[[55.78772,52.75656],[55.78529,52.75292],[55.80024,52.75246],[55.80668,52.75672]],[[55.78791,52.76491],[55.78791,52.76958],[55.79231,52.76933],[55.79801,52.77178],[55.80405,52.77087]],[[55.80255,52.76226],[55.79774,52.76093],[55.78795,52.76084]],[[55.79486,54.83899],[55.79592,54.838]],[[55.79588,54.83796],[55.79801,54.83793]],[[55.79683,52.75665],[55.79649,52.75665]],[[55.79683,52.75665],[55.79639,52.76031],[55.79649,52.75665]],[[55.80668,52.75672],[55.80607,52.75673],[55.80414,52.7567],[55.80073,52.75668],[55.79854,52.75666],[55.79699,52.75665],[55.79683,52.75665]],[[55.80255,52.76226],[55.80756,52.76366]],[[55.80749,52.76379],[55.80681,52.76356],[55.80263,52.76234],[55.80255,52.76226]],[[55.80668,52.75672],[55.80255,52.76226]],[[55.80295,52.70613],[55.8366,52.70334],[55.85097,52.6994],[55.85402,52.7002]],[[55.80495,54.59067],[55.80301,54.59016]],[[55.80687,52.76346],[55.80775,52.7633]],[[55.80724,52.76427],[55.80707,52.76364]],[[55.80724,52.76427],[55.8042,52.77143],[55.82097,52.7823],[55.84807,52.77868],[55.8562,52.78117],[55.85926,52.78348]],[[55.80724,52.76427],[55.80749,52.76379]],[[55.80749,52.76379],[55.80756,52.76366]],[[55.80756,52.76366],[55.80775,52.7633]],[[55.80775,52.7633],[55.81217,52.75696],[55.8261,52.75715],[55.82507,52.75099],[55.82636,52.74662],[55.82551,52.7451],[55.82095,52.74258],[55.80919,52.72859],[55.81182,52.71534],[55.80315,52.70646],[55.80305,52.70631],[55.80295,52.70613],[55.80283,52.7059],[55.80234,52.70462],[55.80257,52.70338],[55.80939,52.69776],[55.8176,52.69519],[55.82299,52.68369],[55.83461,52.66654]],[[55.81657,54.59615],[55.81128,54.59364]],[[55.84718,54.70487],[55.82247,54.70128]],[[55.85988,54.79771],[55.84331,54.79412],[55.84168,54.79232],[55.84224,54.78788],[55.83642,54.78385],[55.82083,54.78037],[55.81459,54.77185],[55.80034,54.75622],[55.79674,54.75013],[55.79569,54.74403],[55.79692,54.74232],[55.80086,54.73894],[55.80239,54.73677],[55.81026,54.71453],[55.81206,54.71271],[55.81787,54.7119],[55.82224,54.7016],[55.82516,54.69732],[55.82781,54.69542]],[[55.83319,56.29119],[55.83363,56.29092]],[[55.83501,52.66693],[55.83431,52.66699]],[[55.91937,53.35164],[55.90347,53.35194],[55.90167,53.37825],[55.87508,53.39949],[55.86742,53.40281],[55.85342,53.40353],[55.85247,53.40451],[55.85223,53.40965],[55.84971,53.41122],[55.83715,53.41161]],[[55.84827,53.47297],[55.86041,53.46894],[55.91644,53.46105]],[[55.85842,54.8016],[55.87824,54.80676],[55.88161,54.80951],[55.88265,54.81311],[55.88505,54.81421]],[[55.85926,52.78348],[55.85991,52.78349]],[[55.86031,52.78427],[55.85926,52.78348]],[[55.868,54.79972],[55.86558,54.79913],[55.86395,54.7987],[55.86233,54.79826],[55.86141,54.79803],[55.85988,54.79771]],[[55.85988,54.79771],[55.86814,54.79683],[55.87139,54.79539]],[[55.868,54.79972],[55.86151,54.80014]],[[55.86233,54.79826],[55.86973,54.7982]],[[55.86885,54.79993],[55.87103,54.79923],[55.86858,54.79855],[55.86561,54.79891],[55.86441,54.79917],[55.86248,54.7997]],[[55.86298,54.79843],[55.86112,54.79882],[55.86216,54.79937],[55.8625,54.79931],[55.8637,54.79894],[55.86448,54.79873],[55.86673,54.79844]],[[55.87461,54.79819],[55.87229,54.79874],[55.87097,54.80045],[55.868,54.79972]],[[55.87061,52.91799],[55.8698,52.91789]],[[55.87061,52.91799],[55.87022,52.91763]],[[55.87068,52.91734],[55.87046,52.91785]],[[55.90533,52.95087],[55.89826,52.94551],[55.88925,52.9345],[55.88146,52.92874],[55.87061,52.91799]],[[55.87528,54.79666],[55.87139,54.79539]],[[55.87139,54.79539],[55.8847,54.78682],[55.89133,54.77685]],[[55.87185,54.79812],[55.87528,54.79666]],[[55.87528,54.79666],[55.88062,54.79749],[55.89065,54.79703],[55.89239,54.80323],[55.88505,54.81421]],[[55.88505,54.81421],[55.88331,54.81588],[55.8825,54.82416],[55.88511,54.82898],[55.88779,54.82999],[55.93806,54.83365],[55.97002,54.82851],[55.98871,54.82334],[55.9835,54.81819],[55.96624,54.80881],[55.96096,54.79645],[55.94983,54.7892],[55.94767,54.78172],[55.94943,54.77713],[55.95386,54.77309],[55.95582,54.7662]],[[55.88646,54.01608],[55.89438,54.01559],[55.90171,54.01748]],[[55.91289,53.96574],[55.91059,53.98074],[55.90753,53.98998],[55.89952,54.00094],[55.88656,54.01171],[55.88643,54.01229],[55.8864,54.02351],[55.88366,54.02969],[55.88476,54.03406],[55.88774,54.03469]],[[55.89054,55.97133],[55.8915,55.97157]],[[55.89119,55.97173],[55.8915,55.97157],[55.89176,55.97144],[55.89712,55.96866],[55.89868,55.96782],[55.90358,55.96449],[55.90779,55.95997],[55.90977,55.95603],[55.93747,55.82396]],[[55.89133,54.77685],[55.89201,54.77622],[55.89333,54.77549],[55.90459,54.77113],[55.90727,54.77037],[55.94958,54.76464]],[[55.95085,54.76454],[55.90749,54.77043],[55.89133,54.77685]],[[55.89176,55.97144],[55.89169,55.97203]],[[55.89197,54.56768],[55.90774,54.57288]],[[55.89197,54.56768],[55.8902,54.56771],[55.88882,54.56917],[55.88639,54.56832],[55.88819,54.56647],[55.89197,54.56768]],[[55.89295,52.97161],[55.89324,52.97066]],[[55.89379,52.97179],[55.89351,52.97163],[55.89328,52.97158],[55.89295,52.97161]],[[55.89424,52.9702],[55.89551,52.97055]],[[55.89551,52.97055],[55.89481,52.97133]],[[55.91009,52.96437],[55.89551,52.97055]],[[55.90917,53.63771],[55.90091,53.63768],[55.90367,53.63183],[55.90279,53.62254],[55.89982,53.61535]],[[55.91209,53.59425],[55.90812,53.59881],[55.9049,53.60249],[55.90442,53.60305],[55.90359,53.60393],[55.89917,53.60691],[55.89982,53.61535]],[[55.90744,53.61509],[55.89982,53.61535]],[[55.90171,54.01748],[55.90358,54.01715]],[[55.90171,54.01748],[55.90392,54.01807]],[[55.90214,54.01841],[55.90171,54.01748]],[[55.90421,54.01815],[55.90227,54.01853]],[[55.90861,53.62999],[55.90353,53.63]],[[55.90388,54.01717],[55.90392,54.01807]],[[55.90392,54.01807],[55.90421,54.01815]],[[55.90421,54.01815],[55.96408,54.03202],[55.98781,54.03366],[56.00654,54.02582],[56.01203,54.02068],[56.02055,54.01604],[56.03359,54.00053],[56.04366,53.99739],[56.07091,53.99778],[56.11257,53.9891],[56.13665,53.98256],[56.17002,53.9802],[56.22511,53.98634],[56.22695,53.98381],[56.23449,53.98302],[56.23444,53.97723],[56.228,53.96542],[56.23235,53.91567]],[[55.90559,52.95041],[55.90501,52.95049]],[[55.91009,52.96437],[55.90669,52.95999],[55.90533,52.95087]],[[55.90533,52.95087],[55.90543,52.9506],[55.90559,52.95041],[55.90612,52.94975],[55.90669,52.94896],[55.90694,52.94847],[55.9088,52.94236],[55.91564,52.93983],[55.91479,52.93582],[55.92068,52.93524]],[[55.90861,53.62999],[55.90838,53.62617],[55.90806,53.62193],[55.90767,53.616],[55.90771,53.61523]],[[55.91472,54.57352],[55.9134,54.57465],[55.90774,54.57288]],[[55.91188,54.57608],[55.91125,54.57448],[55.90774,54.57288]],[[55.90774,54.57288],[55.91261,54.57328]],[[55.90787,53.59872],[55.90812,53.59881]],[[55.90809,53.62238],[55.90838,53.62237]],[[55.90838,53.62237],[55.90811,53.6226]],[[55.92999,53.62418],[55.91683,53.62093],[55.90838,53.62237]],[[55.90988,53.63693],[55.90861,53.62999]],[[55.92979,53.63019],[55.92444,53.63012],[55.91137,53.62999],[55.90887,53.62997],[55.90861,53.62999]],[[55.90966,53.63721],[55.90988,53.63693]],[[55.91032,53.63858],[55.9098,53.63813]],[[55.90988,53.63693],[55.91027,53.63718]],[[55.92467,53.03453],[55.91849,52.9802],[55.92149,52.97422],[55.91779,52.97348],[55.91535,52.96883],[55.91009,52.96437]],[[55.91891,52.9606],[55.91009,52.96437]],[[55.91032,53.63858],[55.91041,53.63883]],[[55.91059,53.63802],[55.91032,53.63858]],[[55.91041,53.63883],[55.9106,53.64376],[55.9268,53.66305],[55.94801,53.66326]],[[55.92563,53.6385],[55.91041,53.63883]],[[56.07151,54.53647],[56.03394,54.54752],[56.02493,54.55072],[56.02284,54.55393],[56.00896,54.55943],[55.98731,54.56688],[55.97296,54.57005],[55.96542,54.56981],[55.96222,54.56469],[55.9602,54.56378],[55.93914,54.56273],[55.93044,54.57035],[55.92134,54.57322],[55.91586,54.57868],[55.91427,54.57868],[55.9117,54.58673],[55.91085,54.58691]],[[55.91472,54.57352],[55.91268,54.57369]],[[55.91289,53.96574],[55.91356,53.96529]],[[55.91382,53.96597],[55.91332,53.96569],[55.91289,53.96574]],[[55.91384,53.96543],[55.91316,53.96568]],[[55.92092,53.25264],[55.91556,53.23255],[55.92038,53.22062],[55.91342,53.20228]],[[55.91398,52.88054],[55.91542,52.88207],[55.91099,52.90511],[55.92055,52.93466]],[[55.91435,54.57155],[55.91472,54.57352]],[[55.91671,53.34992],[55.91707,53.35124],[55.91867,53.35162]],[[55.91891,52.9606],[55.91972,52.96026]],[[55.91986,52.96047],[55.91891,52.9606]],[[55.91986,52.96047],[55.91972,52.96026],[55.92014,52.96024],[55.92017,52.9604],[55.91997,52.96048],[55.91986,52.96047]],[[55.92003,52.96019],[55.92083,52.96014]],[[55.92747,53.40044],[55.9066,53.40023],[55.90565,53.43498],[55.90194,53.43798],[55.92005,53.45104]],[[55.92083,52.96014],[55.92017,52.9604]],[[55.92053,53.6301],[55.92066,53.63206],[55.92238,53.63411],[55.92375,53.63609],[55.92442,53.6369],[55.92563,53.6385],[55.92599,53.63896],[55.92667,53.63987],[55.92875,53.64257],[55.93114,53.6456],[55.93464,53.65024],[55.94041,53.65149]],[[55.92055,52.93466],[55.92721,52.9572],[55.92854,52.96048],[55.92837,52.96112],[55.92455,52.9686]],[[55.95044,52.9661],[55.94264,52.94365],[55.9419,52.94259],[55.93935,52.94026],[55.93765,52.93753],[55.93073,52.93492],[55.92179,52.93447],[55.92055,52.93466]],[[55.92083,52.96014],[55.92339,52.96013],[55.92579,52.96057],[55.92837,52.96112],[55.93528,52.96292],[55.95377,52.96681],[55.96037,52.96897],[55.9662,52.97262],[55.98403,52.97309],[55.99671,52.98239],[56.01627,52.99372],[56.03902,53.00028],[56.04394,53.00282],[56.06991,53.03519],[56.07545,53.03743],[56.08056,53.03799],[56.09969,53.04947],[56.11285,53.07802],[56.12909,53.10806],[56.13932,53.11075],[56.14507,53.11511],[56.15149,53.11815],[56.16179,53.12673],[56.16153,53.12876],[56.1573,53.13439],[56.17943,53.15562],[56.20133,53.17898],[56.2035,53.18395],[56.20661,53.202],[56.20294,53.21363],[56.20816,53.22123],[56.20738,53.24422],[56.19864,53.25646],[56.17536,53.27511],[56.1739,53.28564],[56.1519,53.30789],[56.12632,53.32464],[56.10179,53.34595],[56.09227,53.42139],[56.07028,53.42365],[56.05569,53.43146],[56.04392,53.43601],[56.03919,53.43638],[56.03745,53.43769],[56.03415,53.43713]],[[55.92346,52.94414],[55.92585,52.94318],[55.93626,52.9438],[55.9419,52.94259]],[[55.92405,54.63334],[55.9247,54.63316]],[[55.9247,54.63334],[55.92405,54.63334]],[[55.92428,53.35192],[55.91939,53.35176],[55.91937,53.35164],[55.91937,53.35162],[55.92447,53.35158]],[[55.94041,53.65149],[55.92444,53.63012]],[[55.9247,54.63334],[55.92538,54.63339]],[[55.9247,54.63334],[55.92766,54.63154],[55.92709,54.6293]],[[55.92538,54.63339],[55.92778,54.6337]],[[55.92983,54.63714],[55.92868,54.63476],[55.92538,54.63339]],[[55.92591,53.3827],[55.92651,53.3826]],[[55.9265,53.3833],[55.92604,53.38336]],[[55.92656,53.38264],[55.92702,53.38271]],[[55.92702,53.38271],[55.92669,53.38297]],[[55.92702,53.38271],[55.93609,53.38283],[55.93663,53.35992]],[[55.92706,54.72217],[55.92767,54.7248]],[[55.92706,54.72217],[55.92728,54.722],[55.93709,54.72033],[55.94933,54.71844]],[[55.94935,54.71852],[55.92706,54.72217]],[[55.92767,54.7248],[55.92969,54.7291],[55.94146,54.72706]],[[55.93949,54.72285],[55.92767,54.7248]],[[55.92778,54.6337],[55.92833,54.63377],[55.92936,54.6339],[55.92981,54.63396],[55.93017,54.63407],[55.93071,54.63544]],[[55.92906,54.63486],[55.92866,54.63395],[55.9283,54.63287],[55.9282,54.63272],[55.92639,54.63282],[55.92778,54.6337]],[[55.92782,53.31134],[55.9339,53.32949]],[[55.92897,54.63373],[55.92924,54.63422],[55.92969,54.63546],[55.93071,54.63544]],[[55.93029,53.63038],[55.92979,53.63019]],[[55.92979,53.63019],[55.9304,53.63018]],[[55.93028,53.62433],[55.92999,53.62418]],[[55.93022,53.62418],[55.92999,53.62418]],[[55.93039,53.62407],[55.93056,53.62393]],[[55.93071,54.63544],[55.93048,54.63835]],[[55.93829,53.6277],[55.93645,53.62586],[55.93052,53.62438]],[[55.93062,53.62408],[55.93056,53.62393]],[[55.93056,53.62393],[55.93375,53.61947],[55.9324,53.61805]],[[55.93075,53.62425],[55.93088,53.6244]],[[55.94156,53.61311],[55.93108,53.6028]],[[55.93108,53.6028],[55.92983,53.60434],[55.93965,53.61382]],[[55.93108,53.6028],[55.93224,53.60141]],[[55.93224,53.43129],[55.9335,53.43126]],[[55.93239,53.60143],[55.94348,53.6124]],[[55.9324,53.61805],[55.93211,53.61724],[55.93235,53.61671],[55.93469,53.6159]],[[55.93469,53.6159],[55.93248,53.61689],[55.9324,53.61805]],[[55.9335,53.43126],[55.93249,53.43163]],[[55.9335,53.43126],[55.93385,53.43126],[55.93435,53.43129],[55.93637,53.43147],[55.93784,53.43174],[55.95385,53.43579],[56.01802,53.43871],[56.02501,53.44188]],[[55.9339,53.32949],[55.93613,53.34556],[55.93568,53.3564]],[[55.93568,53.3564],[55.93571,53.34526],[55.9339,53.32949]],[[55.93469,53.6159],[55.93965,53.61382]],[[55.93673,53.35641],[55.93568,53.3564]],[[55.93653,53.35781],[55.9368,53.35781]],[[55.93673,53.35641],[55.93684,53.35661],[55.93682,53.35687],[55.9368,53.35781],[55.9368,53.35788],[55.93672,53.35983],[55.93663,53.35992],[55.93645,53.35902],[55.93653,53.35781],[55.93663,53.35677],[55.93663,53.35661],[55.93673,53.35641]],[[55.94146,54.72706],[55.93949,54.72285]],[[55.94538,54.72184],[55.93949,54.72285]],[[55.93965,53.61382],[55.94156,53.61311]],[[55.94041,53.65149],[55.94756,53.65294]],[[55.94743,54.7261],[55.94146,54.72706]],[[55.94156,53.61311],[55.94348,53.6124]],[[55.94348,53.6124],[55.94802,53.61079],[55.96087,53.60608],[55.9613,53.60593],[55.96174,53.60578]],[[55.94538,54.72184],[55.94743,54.7261]],[[55.94538,54.72184],[55.95047,54.72095]],[[55.94929,54.77738],[55.94648,54.77749]],[[55.94743,54.7261],[55.9498,54.73107]],[[55.95336,54.72517],[55.94743,54.7261]],[[55.94871,53.66345],[55.94801,53.66326]],[[55.94801,53.66326],[55.9487,53.66309]],[[56.45645,54.85969],[56.45786,54.86376],[56.46807,54.87142],[56.46929,54.87363],[56.47011,54.88396],[56.47573,54.89933],[56.47571,54.90767],[56.47445,54.91057],[56.47905,54.91988],[56.47678,54.92386],[56.47067,54.93017],[56.47194,54.93288],[56.47949,54.94102],[56.4809,54.94708],[56.48146,54.95865],[56.48823,54.96728],[56.4971,54.96911],[56.49887,54.9704],[56.50371,54.98058],[56.49778,55.00714],[56.50671,55.03453],[56.5164,55.04584],[56.53341,55.05333],[56.56305,55.05838],[56.59177,55.06679],[56.60115,55.07532],[56.6061,55.0821],[56.623,55.09744],[56.63808,55.11877],[56.63767,55.12149],[56.64691,55.12622],[56.65588,55.12711],[56.67739,55.15304],[56.67776,55.15621],[56.67367,55.1605],[56.66991,55.17044],[56.66649,55.17608],[56.66691,55.17763],[56.69493,55.19087],[56.69205,55.1969],[56.68908,55.19883],[56.66953,55.20593],[56.65528,55.2137],[56.64662,55.21647],[56.64192,55.22443],[56.64359,55.22883],[56.65788,55.24088],[56.65559,55.25388],[56.65701,55.25752],[56.66102,55.25968],[56.67073,55.26097],[56.67435,55.26324],[56.68097,55.27045],[56.69938,55.27934],[56.708,55.28038],[56.7126,55.28416],[56.71331,55.28895],[56.71702,55.29312],[56.71054,55.30205],[56.71316,55.31069],[56.71133,55.33208],[56.70821,55.33585],[56.70478,55.33771],[56.68574,55.34415],[56.68055,55.34748],[56.67637,55.36192],[56.68289,55.3704],[56.68197,55.37848],[56.67911,55.38258],[56.6741,55.3845],[56.6554,55.38712],[56.64496,55.39106],[56.63066,55.39209],[56.62514,55.39449],[56.62264,55.40051],[56.62303,55.40826],[56.62018,55.4106],[56.61675,55.41786],[56.61077,55.42326],[56.61089,55.4263],[56.60829,55.42622],[56.60607,55.42469],[56.59794,55.42576],[56.5893,55.42471],[56.55193,55.40984],[56.5509,55.40907],[56.55776,55.40347],[56.56955,55.40972],[56.58458,55.41383],[56.57756,55.41044],[56.57847,55.40755],[56.57276,55.40362],[56.56082,55.39811],[56.54894,55.39528],[56.50398,55.38577],[56.49126,55.38536],[56.48059,55.38259],[56.4727,55.38428],[56.46621,55.38991],[56.46156,55.39137],[56.44329,55.38979],[56.4367,55.38803],[56.42227,55.37787],[56.42098,55.37494],[56.42248,55.3685],[56.42039,55.36539],[56.40327,55.35527],[56.39527,55.35499],[56.39229,55.35353],[56.39048,55.34275],[56.3822,55.33911],[56.37076,55.33805],[56.34523,55.31889],[56.30789,55.30371],[56.29243,55.28947],[56.29167,55.27983],[56.27114,55.27366],[56.25599,55.27218],[56.24208,55.26959],[56.23362,55.26683],[56.22639,55.26296],[56.22323,55.25667],[56.22069,55.25433],[56.21331,55.25149],[56.20003,55.2491],[56.17556,55.24174],[56.17428,55.24095],[56.17336,55.23748],[56.16733,55.23247],[56.15685,55.22834],[56.13597,55.22439],[56.1156,55.20858],[56.0967,55.20261],[56.09398,55.1975],[56.10416,55.18677],[56.10846,55.1715],[56.10723,55.16121],[56.10483,55.15296],[56.09035,55.13828],[56.07863,55.13259],[56.0742,55.12601],[56.05743,55.11121],[56.05701,55.10939],[56.06024,55.09871],[56.0587,55.08762],[56.05165,55.07778],[56.02682,55.0646],[56.02113,55.05994],[56.01856,55.05462],[56.0157,55.0518],[56.01158,55.0487],[56.01121,55.04845],[56.01115,55.0484],[56.01109,55.04836],[56.00766,55.04603],[56.00163,55.04187],[56.0005,55.04094],[55.99435,55.03684],[55.98904,55.03241],[55.96869,55.03225],[55.96523,55.03455],[55.95904,55.04566],[55.9482,55.05594]],[[55.94901,53.6553],[55.9485,53.65536]],[[55.9486,53.65514],[55.94901,53.6553]],[[55.94901,53.6553],[55.94862,53.65563]],[[55.97879,53.64943],[55.97175,53.65276],[55.94901,53.6553]],[[55.94901,53.60748],[55.96138,53.60301]],[[55.94933,54.71844],[55.94935,54.71852]],[[55.94933,54.71844],[55.95656,54.71544]],[[55.94935,54.71852],[55.95047,54.72095]],[[55.95739,54.7152],[55.94935,54.71852]],[[55.94958,54.76464],[55.95789,54.76174]],[[55.94958,54.76464],[55.95085,54.76454]],[[55.95475,54.76759],[55.95295,54.76519],[55.94961,54.76472]],[[55.9498,54.73107],[55.95212,54.73572]],[[55.9498,54.73107],[55.95581,54.73011]],[[55.94997,54.46852],[55.95825,54.47533],[55.9631,54.47608],[56.00694,54.49935],[56.01219,54.51109],[56.01977,54.51399],[56.02249,54.52083],[56.0289,54.52223],[56.03833,54.51954],[56.04129,54.5199],[56.06164,54.52693],[56.06691,54.53009],[56.07151,54.53647]],[[55.95625,54.71307],[55.95036,54.70401]],[[55.95047,54.72095],[55.95336,54.72517]],[[55.95582,54.7662],[55.95786,54.76534],[55.95713,54.76483],[55.95689,54.76478],[55.9566,54.76473],[55.95508,54.76448],[55.95452,54.7644],[55.95085,54.76454]],[[55.95212,54.73572],[55.95219,54.73583]],[[55.95212,54.73572],[55.95795,54.73478]],[[55.96682,54.74038],[55.96654,54.74046],[55.96294,54.74126],[55.96141,54.7416],[55.96106,54.74168],[55.96076,54.74175],[55.95669,54.74265],[55.95219,54.73583]],[[55.95802,54.73491],[55.95219,54.73583]],[[55.95293,53.62243],[55.95319,53.62252]],[[55.95336,54.72517],[55.95581,54.73011]],[[55.95452,54.7644],[55.95353,54.7652],[55.95558,54.76482]],[[55.95584,54.7643],[55.9555,54.76333],[55.95418,54.76349],[55.95501,54.76447]],[[55.95625,54.71307],[55.95575,54.71194]],[[55.95581,54.73011],[55.95795,54.73478]],[[55.95884,54.76165],[55.95651,54.76414],[55.95629,54.7645],[55.95606,54.76494],[55.95582,54.7662]],[[55.95656,54.71544],[55.95725,54.71478],[55.95719,54.71465],[55.95674,54.71395],[55.95625,54.71307]],[[55.95656,54.71544],[55.95814,54.71458]],[[55.95701,54.71389],[55.95663,54.71373]],[[55.95701,54.71389],[55.9567,54.71387]],[[55.96696,54.74063],[55.96156,54.74186],[55.96121,54.74193],[55.95702,54.74286],[55.95692,54.74288],[55.95675,54.74291]],[[55.95731,54.71396],[55.95701,54.71389]],[[55.95827,54.71467],[55.95739,54.7152]],[[55.95848,54.71533],[55.95802,54.71511],[55.95739,54.7152]],[[55.95802,54.73491],[55.95795,54.73478]],[[55.95795,54.73478],[55.95864,54.73467]],[[55.95834,54.73562],[55.95802,54.73491]],[[55.96121,54.74193],[55.96106,54.74168],[55.96102,54.74159],[55.96004,54.73946],[55.95834,54.73562]],[[55.95872,54.73543],[55.95834,54.73562]],[[55.95864,54.73467],[55.95916,54.73502]],[[55.95864,54.73467],[55.97004,54.73294]],[[55.95872,54.73543],[55.95916,54.73502]],[[55.95894,54.7354],[55.95872,54.73543]],[[55.95916,54.73502],[55.95894,54.7354]],[[55.96006,54.73535],[55.95894,54.7354]],[[55.95916,54.73502],[55.95943,54.73516],[55.95981,54.73528],[55.96006,54.73535]],[[55.95928,54.73477],[55.95916,54.73502]],[[55.95928,54.73477],[55.95958,54.7352]],[[55.97004,54.73294],[55.95928,54.73477]],[[55.96861,53.65311],[55.95869,53.64073],[55.95994,53.64027]],[[55.96006,54.73535],[55.96504,54.73617]],[[55.9681,53.62619],[55.96129,53.61949]],[[55.96178,53.60608],[55.9613,53.60593]],[[55.96291,54.71073],[55.96545,54.70959]],[[55.96488,54.70947],[55.96614,54.70925],[55.96578,54.71036],[55.96457,54.71028]],[[55.96504,54.73617],[55.97067,54.73709]],[[55.96682,54.74038],[55.96504,54.73617]],[[55.96545,54.70959],[55.96506,54.71006],[55.96557,54.7103],[55.96578,54.71036],[55.966,54.71043],[55.96667,54.71063],[55.96688,54.71066],[55.98468,54.71111]],[[55.99365,54.6977],[55.9807,54.69992],[55.97313,54.70606],[55.96826,54.70832],[55.96614,54.70925],[55.96545,54.70959]],[[55.96696,54.74063],[55.96682,54.74038]],[[55.96682,54.74038],[55.97337,54.73891]],[[55.9734,54.74851],[55.9718,54.74827],[55.96995,54.74614],[55.96696,54.74063]],[[55.97361,54.73925],[55.96696,54.74063]],[[55.96902,53.62977],[55.96611,53.62688],[55.9681,53.62619]],[[55.9681,53.62619],[55.97404,53.62411]],[[55.97004,54.73294],[55.98672,54.73034],[55.99653,54.7311],[56.0035,54.72792],[56.0087,54.72568],[56.01204,54.72427],[56.01251,54.72406],[56.01379,54.72351],[56.01416,54.72336],[56.01441,54.72325],[56.0146,54.72316]],[[55.97067,54.73709],[55.97227,54.73735]],[[55.97067,54.73709],[55.98225,54.7353],[55.98756,54.73635],[55.99771,54.74458]],[[55.97227,54.73735],[55.97876,54.73836]],[[55.97337,54.73891],[55.97227,54.73735]],[[55.97355,54.74978],[55.97305,54.74854]],[[55.97361,54.73925],[55.97337,54.73891]],[[55.97421,54.74888],[55.9734,54.74851]],[[55.9734,54.74851],[55.97469,54.74839]],[[55.97361,54.73925],[55.97712,54.74557],[55.9821,54.74708],[55.98551,54.74975],[55.99263,54.75541],[55.99312,54.75581],[55.99721,54.75905],[56.00733,54.75476]],[[55.97642,54.72633],[55.97728,54.72667],[55.97688,54.72734]],[[55.97663,54.72677],[55.97728,54.72667],[55.97795,54.72658],[55.98941,54.72472],[55.9914,54.72431],[56.00563,54.71771]],[[55.97782,54.71998],[55.97931,54.71865],[55.99017,54.71881],[55.99666,54.71346],[55.99686,54.71334],[55.99828,54.7126],[56.00093,54.71138]],[[55.97876,54.73836],[55.9826,54.73871]],[[55.98247,54.73895],[55.97876,54.73836]],[[55.98634,54.68885],[55.98703,54.68786],[55.98458,54.68418]],[[55.98468,54.71111],[55.98819,54.71135],[55.98967,54.71161],[55.99686,54.71334],[56.00265,54.71542]],[[56.00241,54.71551],[55.99666,54.71346],[55.99112,54.71205],[55.98468,54.71111]],[[55.98664,54.75065],[55.98469,54.75007]],[[55.98599,53.65113],[55.98812,53.64979]],[[55.98913,54.69083],[55.98645,54.68895]],[[55.98755,54.68852],[55.98874,54.68899]],[[55.98874,54.68899],[55.98793,54.68714],[55.987,54.68705],[55.98807,54.68817]],[[56.01633,53.6964],[56.01461,53.69091],[56.00006,53.67546],[55.99554,53.66596],[55.98929,53.65983],[55.98809,53.65352],[55.98674,53.65187],[55.98812,53.64979]],[[55.98812,53.64979],[55.98957,53.64758],[55.99182,53.64686],[56.05972,53.64048],[56.07022,53.63853],[56.07423,53.63691],[56.07708,53.63238],[56.10895,53.62432],[56.11691,53.61775],[56.16182,53.60215],[56.17243,53.6006],[56.20316,53.60519],[56.20928,53.60808],[56.22882,53.6119],[56.25374,53.62073],[56.26962,53.62276],[56.28637,53.62782],[56.31823,53.62644],[56.38838,53.63804],[56.40181,53.63569],[56.41598,53.62813],[56.42077,53.62713],[56.43243,53.63016],[56.45316,53.62961],[56.50785,53.63738],[56.54539,53.6307],[56.56952,53.63839]],[[55.98818,54.68727],[55.98876,54.68864],[55.98929,54.68983],[55.98952,54.69407],[55.99291,54.69651],[55.99384,54.69765]],[[55.98871,54.68854],[55.98992,54.68831],[55.98905,54.68791]],[[55.99365,54.6977],[55.98941,54.69432],[55.98921,54.69379],[55.98912,54.69123],[55.98913,54.69083],[55.98913,54.69037],[55.9891,54.69008],[55.98874,54.68899]],[[55.99389,54.69793],[55.99327,54.69778]],[[55.99333,54.74643],[55.99771,54.74458]],[[55.99389,54.69793],[55.99365,54.6977]],[[55.99384,54.69765],[55.99365,54.6977]],[[55.99384,54.69765],[55.99467,54.69848],[55.9949,54.69912]],[[55.9949,54.69912],[55.99389,54.69793]],[[56.00093,54.71138],[55.9949,54.69912]],[[56.00236,54.72844],[55.99503,54.72893]],[[55.99722,54.72167],[56.00059,54.72484],[55.99651,54.72873]],[[55.99771,54.74458],[56.00652,54.7528]],[[56.0029,54.71532],[56.00093,54.71138]],[[56.00292,54.71575],[56.00241,54.71551]],[[56.00265,54.71542],[56.00241,54.71551]],[[56.00265,54.71542],[56.00293,54.71558]],[[56.00265,54.71542],[56.0029,54.71532]],[[56.0029,54.71532],[56.00306,54.71568]],[[56.00293,54.71558],[56.0029,54.71532]],[[56.0281,54.74006],[56.02334,54.72875],[56.0171,54.7247],[56.01579,54.72396],[56.01441,54.72325],[56.01094,54.72133],[56.00292,54.71575]],[[56.00292,54.71575],[56.00293,54.71558]],[[56.00293,54.71558],[56.00306,54.71568]],[[56.00306,54.71568],[56.02339,54.72855],[56.0264,54.73377],[56.02949,54.74388]],[[56.00652,54.7528],[56.00745,54.75309]],[[56.00652,54.7528],[56.00819,54.75436],[56.00845,54.75459],[56.00864,54.75475]],[[56.00768,54.75462],[56.00652,54.7528]],[[56.00745,54.75309],[56.00702,54.75326]],[[56.00733,54.75476],[56.00864,54.75475]],[[56.00733,54.75476],[56.00768,54.75462],[56.00867,54.75418]],[[56.00745,54.75309],[56.00867,54.75418]],[[56.00864,54.75475],[56.01457,54.75913],[56.02254,54.76265]],[[56.00987,54.75369],[56.00864,54.75475]],[[56.00867,54.75418],[56.00987,54.75369]],[[56.00987,54.75369],[56.02272,54.74821],[56.02928,54.7439]],[[56.01077,55.0488],[56.01109,55.04836]],[[56.01121,55.04845],[56.0122,55.04863],[56.01204,55.04903]],[[56.23208,53.91426],[56.22873,53.90806],[56.21801,53.90334],[56.20594,53.90106],[56.20395,53.89776],[56.18143,53.87356],[56.17465,53.86314],[56.16223,53.85782],[56.15767,53.8578],[56.14163,53.84709],[56.13617,53.84622],[56.12708,53.83767],[56.1205,53.83437],[56.11965,53.82693],[56.11502,53.81709],[56.10689,53.81274],[56.10795,53.81048],[56.10354,53.80813],[56.10426,53.80656],[56.09917,53.80284],[56.09958,53.80169],[56.08329,53.78518],[56.07615,53.77604],[56.05845,53.76321],[56.03926,53.73881],[56.03089,53.72244],[56.02125,53.72192],[56.00855,53.70569],[56.00852,53.70448],[56.0158,53.69767]],[[56.0158,53.69767],[56.01599,53.69711]],[[56.01639,53.69737],[56.0158,53.69767]],[[56.01604,53.69702],[56.01633,53.6964]],[[56.01633,53.6964],[56.01671,53.69698]],[[56.02238,54.76257],[56.02476,54.75692]],[[56.02254,54.76265],[56.03277,54.77036],[56.03703,54.78071]],[[56.03123,54.7503],[56.02699,54.75222],[56.02664,54.75308],[56.02585,54.75483],[56.02534,54.75599],[56.02498,54.75684],[56.02493,54.75695],[56.02481,54.75722],[56.02291,54.76193],[56.02254,54.76265]],[[56.02267,54.75282],[56.02647,54.75305]],[[56.02464,54.75381],[56.02358,54.75322]],[[56.02602,54.75405],[56.02464,54.75381]],[[56.02525,54.7535],[56.02464,54.75381]],[[56.02476,54.75692],[56.02493,54.75695],[56.02514,54.75698],[56.02964,54.75763],[56.03066,54.75778]],[[56.02476,54.75692],[56.02602,54.75405]],[[56.02571,54.75706],[56.0248,54.75731]],[[56.02501,53.44188],[56.02727,53.44193]],[[56.02501,53.44188],[56.0265,53.44272]],[[56.02602,54.75405],[56.02647,54.75305]],[[56.02647,54.75305],[56.02683,54.75219],[56.02705,54.75195],[56.03086,54.75032],[56.03119,54.75019],[56.03139,54.75012]],[[56.0265,53.44272],[56.02969,53.44398],[56.03194,53.4449],[56.0483,53.45161],[56.03071,53.46681],[56.03572,53.46818],[56.04213,53.4717],[56.0388,53.47414],[56.04026,53.47612]],[[56.02727,53.44193],[56.0265,53.44272]],[[56.02683,54.75219],[56.02699,54.75222]],[[56.02727,53.44193],[56.03024,53.44154]],[[56.02928,54.7439],[56.0281,54.74006]],[[56.0283,54.74003],[56.0281,54.74006]],[[56.03123,54.7503],[56.03119,54.75019],[56.03118,54.75015],[56.02928,54.7439]],[[56.02928,54.7439],[56.02949,54.74388]],[[56.02949,54.74388],[56.03136,54.75],[56.03142,54.75022]],[[56.02995,54.75404],[56.03072,54.75393],[56.03112,54.75396]],[[56.03024,53.44154],[56.03145,53.44165]],[[56.03024,53.44154],[56.03177,53.44116]],[[56.03121,54.75486],[56.03063,54.75435]],[[56.03066,54.75778],[56.0352,54.75861],[56.03952,54.76161],[56.04089,54.76077]],[[56.03066,54.75778],[56.03154,54.7559],[56.03173,54.75549]],[[56.0319,54.75552],[56.03066,54.75778]],[[56.03112,54.75396],[56.03234,54.75407]],[[56.03112,54.75396],[56.03134,54.75428]],[[56.03121,54.75486],[56.03135,54.75563]],[[56.03207,54.75459],[56.03121,54.75486]],[[56.03234,54.75407],[56.03123,54.7503]],[[56.03142,54.75022],[56.03123,54.7503]],[[56.03154,54.7559],[56.03135,54.75563]],[[56.03135,54.75563],[56.03173,54.75549]],[[56.03142,54.75022],[56.03242,54.75341]],[[56.03145,53.44165],[56.03052,53.44321],[56.02969,53.44398],[56.02652,53.44681],[56.0231,53.44974],[56.02037,53.45464],[56.01002,53.46449],[56.0097,53.47292],[56.01055,53.47422],[56.01679,53.47438],[56.02632,53.47656],[56.03404,53.48116]],[[56.03177,53.44116],[56.03145,53.44165]],[[56.03226,54.75574],[56.03171,54.75591]],[[56.03173,54.75549],[56.03234,54.75407]],[[56.03361,53.43738],[56.03177,53.44116]],[[56.0319,54.75552],[56.03226,54.75574]],[[56.03245,54.75425],[56.0319,54.75552]],[[56.03286,54.75522],[56.03226,54.75574]],[[56.03231,54.75442],[56.03301,54.75441],[56.03317,54.75441],[56.03331,54.75434],[56.03286,54.75409],[56.03245,54.75425]],[[56.03242,54.75341],[56.03695,54.75577]],[[56.03242,54.75341],[56.03245,54.75425]],[[56.03286,54.75522],[56.03243,54.75464]],[[56.03253,54.782],[56.03728,54.78127]],[[56.03364,54.75483],[56.03286,54.75522]],[[56.03569,53.64273],[56.03113,53.63289],[56.03497,53.62943],[56.0413,53.62662],[56.04514,53.62105],[56.04433,53.61908],[56.03729,53.61439],[56.0363,53.60825],[56.05341,53.58781],[56.06681,53.56708],[56.07206,53.54213],[56.0714,53.53359],[56.06557,53.52563],[56.03681,53.50803],[56.03157,53.50237],[56.02919,53.49563],[56.0311,53.4841],[56.0399,53.47706]],[[56.03703,54.78071],[56.0374,54.78084],[56.03819,54.78114]],[[56.03703,54.78071],[56.03728,54.78127]],[[56.03722,54.78114],[56.038,54.78107]],[[56.03728,54.78127],[56.04397,54.79636]],[[56.03819,54.78114],[56.03728,54.78127]],[[56.03794,53.46053],[56.0481,53.45153]],[[56.03819,54.78114],[56.054,54.78673]],[[56.05377,54.81004],[56.05001,54.80837],[56.04939,54.80582],[56.03984,54.79798],[56.03877,54.79613]],[[56.03898,54.79615],[56.04954,54.80568],[56.05033,54.80836],[56.05336,54.80951]],[[56.0399,53.47706],[56.04015,53.47668]],[[56.04041,53.47681],[56.0399,53.47706]],[[56.04017,53.47659],[56.04026,53.47612]],[[56.04026,53.47612],[56.04063,53.4766]],[[56.04089,54.76077],[56.04074,54.75992]],[[56.04165,54.76108],[56.04126,54.76078],[56.04103,54.76072],[56.04089,54.76077]],[[56.04259,54.76195],[56.04939,54.77243]],[[56.04912,54.77249],[56.04309,54.7631]],[[56.04541,54.76347],[56.04392,54.7639]],[[56.04806,54.76479],[56.05015,54.76486]],[[56.04912,54.76549],[56.05015,54.76486]],[[56.053,54.78112],[56.04912,54.77249]],[[56.04939,54.77243],[56.04912,54.77249]],[[56.04939,54.77243],[56.0498,54.7731],[56.05243,54.77813],[56.05301,54.78028],[56.05305,54.78059],[56.053,54.78112]],[[56.04939,54.77243],[56.05419,54.77131],[56.06553,54.76435]],[[56.05015,54.76486],[56.06553,54.76435]],[[56.0513,54.77598],[56.05105,54.77604]],[[56.05305,54.78059],[56.05283,54.7806]],[[56.053,54.78112],[56.054,54.78673]],[[56.05336,54.80951],[56.05441,54.80984]],[[56.05336,54.80951],[56.05395,54.80993]],[[56.05498,54.81088],[56.05377,54.81004]],[[56.05377,54.81004],[56.05395,54.80993]],[[56.05395,54.80993],[56.05516,54.8108]],[[56.05395,54.80993],[56.05441,54.80984]],[[56.054,54.78673],[56.05742,54.78832],[56.06683,54.79765]],[[56.05441,54.80984],[56.05832,54.8107]],[[56.05632,54.81183],[56.05498,54.81088]],[[56.05516,54.8108],[56.05498,54.81088]],[[56.05516,54.8108],[56.05632,54.81183]],[[56.05832,54.8107],[56.05516,54.8108]],[[56.0567,54.81289],[56.05632,54.81183]],[[56.0567,54.81289],[56.06538,54.81374],[56.06972,54.81881]],[[56.05764,54.81754],[56.0567,54.81289]],[[56.06057,54.81801],[56.05752,54.81793]],[[56.06396,54.82525],[56.06046,54.82401],[56.05704,54.81998],[56.05752,54.81793]],[[56.05752,54.81793],[56.05764,54.81754]],[[56.05764,54.81754],[56.06057,54.81801]],[[56.46748,53.04028],[56.45516,53.03675],[56.44351,53.03569],[56.43149,53.03893],[56.42971,53.04054],[56.42447,53.03927],[56.4217,53.0365],[56.42065,53.03074],[56.42255,53.02737],[56.4217,53.02021],[56.41136,53.01334],[56.39545,53.01022],[56.35019,53.00601],[56.31529,52.99692],[56.29616,52.98529],[56.28734,52.98541],[56.27341,52.98748],[56.26859,52.99098],[56.18169,53.00864],[56.11704,53.00927],[56.10091,53.01688],[56.09266,53.01927],[56.05806,53.02006]],[[56.05832,54.8107],[56.06995,54.81175]],[[56.06057,54.81801],[56.0672,54.8187]],[[56.06455,54.82542],[56.06396,54.82525]],[[56.06396,54.82525],[56.06528,54.82416]],[[56.08134,54.9129],[56.08151,54.91463],[56.07824,54.91579],[56.07733,54.91824],[56.06626,54.91777],[56.06507,54.9166],[56.06609,54.90866],[56.05961,54.90747],[56.05345,54.90369],[56.05444,54.89551],[56.05132,54.88716],[56.05206,54.88393],[56.05904,54.88219],[56.06232,54.878],[56.06147,54.87354],[56.06491,54.87017],[56.07169,54.86651],[56.07636,54.85992],[56.0734,54.85397],[56.07696,54.85],[56.07549,54.8426],[56.0764,54.8356],[56.07168,54.83061],[56.06572,54.83014],[56.06455,54.82542]],[[56.06528,54.82416],[56.06455,54.82542]],[[56.06875,54.82043],[56.06528,54.82416]],[[56.06553,54.76435],[56.07583,54.77],[56.07915,54.7735],[56.07098,54.77998]],[[56.0672,54.8187],[56.06972,54.81881]],[[56.06875,54.82043],[56.0672,54.8187]],[[56.07475,54.81786],[56.06875,54.82043]],[[56.06972,54.81881],[56.07439,54.81745]],[[56.06995,54.81175],[56.07453,54.81734]],[[56.06995,54.81175],[56.08628,54.81062]],[[56.07151,54.53647],[56.08508,54.547],[56.09432,54.54878],[56.11029,54.54859],[56.12203,54.54273],[56.14053,54.53935],[56.14565,54.5341],[56.15693,54.52813],[56.16345,54.50958],[56.17058,54.50722],[56.17744,54.49979],[56.17889,54.49548],[56.18359,54.49268],[56.20274,54.47389],[56.22542,54.4684],[56.26624,54.4451],[56.29522,54.43969],[56.31101,54.43375]],[[56.07439,54.81745],[56.07476,54.81757]],[[56.07439,54.81745],[56.07453,54.81734]],[[56.07453,54.81734],[56.07476,54.81757]],[[56.07485,54.81769],[56.07475,54.81786]],[[56.07501,54.81788],[56.07488,54.81785],[56.07475,54.81786]],[[56.07476,54.81757],[56.07485,54.81769]],[[56.07476,54.81757],[56.11354,54.80648]],[[56.07485,54.81769],[56.07501,54.81788]],[[56.11354,54.80648],[56.07485,54.81769]],[[56.07501,54.81788],[56.07892,54.82211]],[[56.07665,54.85065],[56.08469,54.85111],[56.08509,54.85378],[56.09006,54.85666],[56.09873,54.85608],[56.10872,54.86216]],[[56.079,54.79236],[56.07749,54.79245]],[[56.07774,54.79124],[56.079,54.79236]],[[56.12744,54.81303],[56.11736,54.81111],[56.10439,54.81483],[56.10021,54.82041],[56.09435,54.8221],[56.09238,54.82256],[56.08201,54.82132],[56.07892,54.82211]],[[56.07892,54.82211],[56.08155,54.82118],[56.08196,54.82108],[56.0925,54.82235],[56.09825,54.82075],[56.10001,54.82022],[56.10435,54.81456],[56.11723,54.8109],[56.12763,54.81283]],[[56.12028,54.78808],[56.079,54.79236]],[[56.08134,54.9129],[56.08125,54.91247]],[[56.08165,54.91253],[56.08134,54.9129]],[[56.08171,54.82136],[56.08155,54.82118]],[[56.08628,54.81062],[56.08766,54.81057],[56.1054,54.80549]],[[56.08628,54.81062],[56.08686,54.81014]],[[56.1054,54.80549],[56.10558,54.80542],[56.10689,54.80504],[56.10713,54.80499]],[[56.10713,54.80499],[56.10692,54.80507],[56.10561,54.80544],[56.1054,54.80549]],[[56.10558,54.80542],[56.10561,54.80544]],[[56.10692,54.80507],[56.10689,54.80504]],[[56.10713,54.80499],[56.11116,54.80383]],[[56.10872,54.86216],[56.10957,54.86221]],[[56.10872,54.86216],[56.10882,54.86227]],[[56.10876,54.8627],[56.10882,54.86227]],[[56.10882,54.86227],[56.10911,54.86249]],[[56.10936,54.82088],[56.12552,54.81627]],[[56.11091,54.82285],[56.124,54.81899],[56.12744,54.81303]],[[56.1129,54.8058],[56.11116,54.80383]],[[56.11116,54.80383],[56.11322,54.80197],[56.1157,54.80092],[56.12008,54.80043],[56.12534,54.80012],[56.12871,54.80013],[56.13073,54.80042],[56.13558,54.80195],[56.13709,54.80283]],[[56.13709,54.80283],[56.13048,54.80046],[56.12535,54.80021],[56.11563,54.80105],[56.11116,54.80383]],[[56.11354,54.80648],[56.1129,54.8058]],[[56.13253,54.80626],[56.13222,54.80619],[56.13056,54.80584],[56.1214,54.80408],[56.12039,54.80398],[56.11802,54.80428],[56.11634,54.80479],[56.11308,54.80573],[56.1129,54.8058]],[[56.11358,54.8056],[56.11333,54.80624]],[[56.12161,54.78809],[56.12028,54.78808]],[[56.12028,54.78808],[56.12185,54.78738]],[[56.12185,54.78738],[56.12161,54.78809]],[[56.12292,54.78807],[56.12161,54.78809]],[[56.12185,54.78738],[56.12292,54.78807]],[[56.12185,54.78738],[56.12437,54.78501],[56.12441,54.78102],[56.13131,54.78102]],[[56.13134,54.78806],[56.12292,54.78807]],[[56.12486,54.81231],[56.12883,54.80551]],[[56.12787,54.81312],[56.12527,54.81689]],[[56.12787,54.81312],[56.12744,54.81303]],[[56.12744,54.81303],[56.12763,54.81283]],[[56.12763,54.81283],[56.128,54.8129]],[[56.12763,54.81283],[56.12797,54.81242],[56.13213,54.80635],[56.13222,54.80619],[56.13307,54.80493],[56.13709,54.80283]],[[56.128,54.8129],[56.12787,54.81312]],[[56.13253,54.80626],[56.128,54.8129]],[[56.13131,54.78102],[56.13134,54.78806]],[[56.13131,54.78102],[56.13852,54.78102],[56.13863,54.78104],[56.13922,54.78805]],[[56.13923,54.79727],[56.13922,54.78805],[56.13134,54.78806]],[[56.13709,54.80283],[56.13253,54.80626]],[[56.22403,54.78255],[56.23233,54.78735],[56.23564,54.7907],[56.24764,54.79556],[56.2482,54.79571],[56.24903,54.79588]],[[56.23198,53.91479],[56.23208,53.91426]],[[56.23208,53.91426],[56.23352,53.91451]],[[56.23235,53.91567],[56.23211,53.91512]],[[56.23279,53.91512],[56.23235,53.91567]],[[56.23352,53.91451],[56.23294,53.91497]],[[56.23352,53.91451],[56.26139,53.90659],[56.26918,53.90568],[56.27807,53.90223],[56.31397,53.903],[56.32438,53.90611],[56.33835,53.91217],[56.35068,53.92231],[56.35439,53.92385],[56.39655,53.92724],[56.40891,53.9299],[56.42171,53.92991]],[[56.35656,54.42235],[56.35284,54.42154],[56.34279,54.4237],[56.3133,54.43664],[56.31101,54.43375],[56.30852,54.43071],[56.30791,54.4302],[56.26695,54.41213],[56.25455,54.405],[56.23874,54.3905],[56.23917,54.38928]],[[56.2482,54.79571],[56.24927,54.79571],[56.24944,54.79592]],[[56.24903,54.79588],[56.24924,54.79591],[56.24944,54.79592],[56.24965,54.79592],[56.25088,54.79576],[56.25753,54.79452],[56.28448,54.7925],[56.30193,54.79562],[56.31505,54.80141],[56.31754,54.80444],[56.35416,54.81235],[56.39215,54.82461]],[[56.25551,54.77569],[56.25329,54.78026],[56.25128,54.79455],[56.2505,54.79535],[56.24927,54.79571],[56.24903,54.79588]],[[56.25491,54.77656],[56.25354,54.77593]],[[56.39215,54.82461],[56.39415,54.82558],[56.39101,54.83104],[56.39018,54.83601],[56.39102,54.83977],[56.41899,54.85021],[56.45645,54.85969]],[[56.39215,54.82461],[56.39588,54.82327],[56.42278,54.83164],[56.42284,54.83358],[56.42514,54.83095],[56.42489,54.82914]],[[56.41378,54.76431],[56.4128,54.76462],[56.41034,54.76379]],[[56.42489,54.82914],[56.41618,54.81452],[56.40902,54.81171],[56.41827,54.78757],[56.41796,54.78433],[56.41483,54.77249],[56.4128,54.76462],[56.41271,54.76414]],[[56.42076,53.9301],[56.42122,53.93045]],[[56.75318,54.39644],[56.73817,54.38616],[56.7267,54.38202],[56.71128,54.3729],[56.70572,54.36829],[56.68003,54.35547],[56.66692,54.34299],[56.63938,54.32867],[56.63246,54.3277],[56.62225,54.33265],[56.61306,54.33156],[56.59209,54.32209],[56.56729,54.32036],[56.54825,54.31775],[56.53987,54.30789],[56.51742,54.2686],[56.5211,54.26169],[56.52181,54.2546],[56.53023,54.24226],[56.53741,54.23863],[56.54463,54.23111],[56.54844,54.22874],[56.5489,54.22415],[56.55618,54.20752],[56.55563,54.20391],[56.54885,54.1979],[56.53569,54.15963],[56.52224,54.15075],[56.51719,54.14441],[56.49243,54.13513],[56.47926,54.13208],[56.47368,54.12876],[56.46925,54.12863],[56.46778,54.12368],[56.46833,54.12053],[56.47249,54.11482],[56.47755,54.09107],[56.47779,54.07665],[56.4436,54.05174],[56.42241,54.04355],[56.42134,54.03992],[56.41664,54.03374],[56.41458,54.02497],[56.40679,54.01195],[56.39733,53.98784],[56.3873,53.97562],[56.39508,53.96763],[56.42122,53.93045]],[[56.42122,53.93045],[56.42171,53.92991]],[[56.42171,53.92991],[56.43845,53.91349],[56.44177,53.9117],[56.43993,53.89816],[56.44374,53.89374],[56.44798,53.88327],[56.45631,53.8765],[56.4855,53.87507],[56.49997,53.88126],[56.50109,53.8896]],[[56.45645,54.85969],[56.45461,54.85358],[56.45146,54.85087],[56.453,54.84727],[56.45269,54.84226],[56.44982,54.84028],[56.45119,54.83794],[56.42489,54.82914]],[[56.45465,52.30461],[56.48221,52.30173]],[[56.4618,55.78987],[56.45818,55.8033],[56.44447,55.82569],[56.44359,55.83213],[56.44563,55.84501],[56.44339,55.85133],[56.44377,55.85443],[56.45485,55.88786],[56.47192,55.91871],[56.48482,55.93806],[56.49434,55.95995],[56.50212,55.96845],[56.50744,55.97651],[56.50921,55.99094],[56.49417,56.02712],[56.49414,56.02932],[56.50213,56.04058],[56.51705,56.05525],[56.54115,56.06739],[56.54177,56.07063],[56.54004,56.07902]],[[56.52946,52.18738],[56.52868,52.18629],[56.5328,52.1787],[56.53184,52.17252],[56.51634,52.16804],[56.50582,52.16652],[56.50281,52.16351]],[[56.57224,52.71673],[56.57416,52.71527],[56.58156,52.70928],[56.58217,52.70904],[56.60081,52.71264],[56.61053,52.71612],[56.62077,52.71558]],[[56.57416,52.71527],[56.57359,52.71495]],[[56.74562,54.86983],[56.74059,54.86883],[56.74135,54.86614],[56.75594,54.86303],[56.76512,54.86313],[56.77023,54.862],[56.77868,54.85919],[56.79537,54.85096]],[[56.79537,54.85096],[56.79592,54.84328],[56.79283,54.835],[56.79386,54.81715]],[[57.01676,54.89945],[56.98713,54.91075],[56.98188,54.90642],[56.98047,54.90702],[56.98024,54.90939],[56.97171,54.91023],[56.96386,54.90436],[56.96366,54.89945],[56.96202,54.89627],[56.94649,54.88854],[56.93627,54.88496],[56.89225,54.87952],[56.88858,54.87516],[56.85174,54.87746],[56.85222,54.87573],[56.84967,54.87153],[56.83237,54.85743],[56.80789,54.85023],[56.79537,54.85096]],[[57.059,54.84177],[57.04713,54.87423],[57.0374,54.88186],[57.01854,54.88947],[57.01923,54.8972],[57.01676,54.89945]],[[57.01676,54.89945],[57.01725,54.89926]],[[58.07733,53.8692],[58.06372,53.86485],[58.03088,53.86545],[58.01342,53.86223],[58.00264,53.85706],[57.99566,53.84946],[57.98816,53.84557],[57.97925,53.83821],[57.97075,53.82479],[57.95112,53.80431],[57.94735,53.79795],[57.9466,53.78008],[57.93155,53.76363],[57.9196,53.74553],[57.90721,53.73933],[57.89691,53.73118],[57.88571,53.72069],[57.88128,53.71056],[57.87025,53.7023],[57.84888,53.69601],[57.83636,53.69691],[57.83069,53.69376],[57.81707,53.68242],[57.82052,53.67331],[57.8133,53.66506],[57.80534,53.65956],[57.79351,53.64807],[57.78198,53.64181],[57.77935,53.63902],[57.77749,53.63455],[57.76456,53.6322],[57.75461,53.6215],[57.74101,53.61508],[57.73641,53.60077],[57.72171,53.58741],[57.71735,53.57994],[57.71468,53.57183],[57.70957,53.56612],[57.71021,53.56318],[57.72127,53.5531],[57.7219,53.55092],[57.71452,53.54495],[57.70169,53.53773],[57.70131,53.5353],[57.70497,53.53126],[57.70524,53.52909],[57.70266,53.52242],[57.69599,53.51466],[57.68981,53.51161],[57.68572,53.50682],[57.67733,53.50499],[57.67435,53.50153],[57.67334,53.49848],[57.67346,53.49248],[57.67086,53.48726],[57.65592,53.47471],[57.65247,53.46445],[57.65171,53.45732],[57.6436,53.44665],[57.63907,53.44294],[57.62425,53.43518],[57.62069,53.43169],[57.62121,53.42672],[57.62444,53.42413],[57.62541,53.42113],[57.62168,53.4073],[57.62268,53.40436],[57.62811,53.39717],[57.62616,53.38962],[57.64163,53.38169],[57.64776,53.37416],[57.6438,53.36519],[57.64334,53.36164],[57.63961,53.35728],[57.64357,53.34697],[57.64237,53.3435],[57.6357,53.339],[57.62786,53.32808],[57.60442,53.31953],[57.59546,53.31038],[57.5713,53.30424],[57.55715,53.30185],[57.55684,53.29858],[57.56337,53.29573],[57.56094,53.2906],[57.54454,53.28108],[57.53516,53.28167],[57.52931,53.27692],[57.52306,53.27704],[57.52579,53.27518],[57.52532,53.27394],[57.51884,53.26808],[57.50257,53.25726],[57.49785,53.24942],[57.47737,53.2322],[57.46879,53.22966],[57.46145,53.23104],[57.4579,53.23063],[57.45502,53.22872],[57.45194,53.22353],[57.43775,53.21464],[57.43608,53.20073],[57.43998,53.18986],[57.43372,53.18609],[57.43097,53.18135],[57.4249,53.17494],[57.4127,53.17137],[57.40773,53.14851],[57.4113,53.14204],[57.41598,53.12629],[57.42233,53.12093],[57.42333,53.11577],[57.4338,53.10728],[57.42966,53.10528],[57.42782,53.10262],[57.42519,53.10134],[57.40245,53.09946],[57.3903,53.09694],[57.37798,53.08715],[57.37056,53.07885],[57.36355,53.07892],[57.35977,53.08083],[57.35278,53.07446],[57.33647,53.06887],[57.33598,53.05918],[57.33797,53.0536],[57.33072,53.04969],[57.32561,53.04849],[57.31465,53.04863],[57.31203,53.05082],[57.30492,53.05343],[57.28901,53.05719],[57.27839,53.05714],[57.25533,53.0499],[57.25007,53.04657],[57.24366,53.04576],[57.23698,53.04731],[57.23572,53.05244],[57.23225,53.05454],[57.21889,53.05357],[57.20672,53.05112],[57.19833,53.05418],[57.19004,53.05332],[57.15791,53.06117],[57.13717,53.07199],[57.12836,53.07391],[57.10736,53.07071],[57.09669,53.07373],[57.08521,53.07245]],[[58.22361,51.85842],[58.22813,51.86131],[58.22917,51.86493],[58.22895,51.87567],[58.22088,51.88246],[58.21952,51.88477],[58.22692,51.93303],[58.21227,51.96147],[58.19954,51.97847],[58.15694,52.01016],[58.15624,52.01226],[58.15728,52.02053],[58.16069,52.02504],[58.16243,52.03735],[58.1622,52.03984],[58.1581,52.04798],[58.14437,52.06686],[58.13168,52.07489],[58.12396,52.08135],[58.10607,52.08683],[58.10422,52.089],[58.10232,52.09533],[58.10005,52.09753],[58.09484,52.0989],[58.07665,52.09902],[58.07056,52.10142],[58.04823,52.12419],[58.00736,52.19249],[58.00692,52.19457],[58.00829,52.19706],[58.02487,52.20909],[58.02659,52.21882],[58.02282,52.22865],[58.02266,52.2347],[58.02019,52.24023],[58.01894,52.24845],[58.02299,52.25921],[58.02311,52.26233],[58.01308,52.27971],[58.01726,52.28833],[58.01658,52.29125],[58.01114,52.29683],[57.99652,52.30133],[57.99175,52.30716],[57.98905,52.3089],[57.94292,52.32041],[57.91711,52.33031],[57.9158,52.33214],[57.91198,52.3492],[57.9098,52.35148],[57.90589,52.35225],[57.89477,52.35115],[57.88168,52.3535],[57.87676,52.35296],[57.87402,52.35494]],[[58.08275,53.8974],[58.07369,53.8873],[58.0756,53.87221],[58.07733,53.8692]],[[58.07733,53.8692],[58.08719,53.86112],[58.0915,53.85953],[58.13595,53.8599],[58.15672,53.8573],[58.16872,53.85226],[58.17395,53.84588],[58.1826,53.84079],[58.1902,53.83232],[58.19874,53.82156],[58.20271,53.81418],[58.21365,53.80666],[58.21682,53.8033],[58.21686,53.79806],[58.21102,53.79087],[58.21318,53.77894],[58.22489,53.76482],[58.22165,53.75365],[58.22975,53.74537],[58.23175,53.73919],[58.23583,53.73254],[58.23604,53.72819],[58.24463,53.7222],[58.25199,53.72155],[58.25784,53.71962],[58.26669,53.71411],[58.26975,53.71091],[58.27,53.70721],[58.2608,53.69507],[58.25865,53.69028],[58.24499,53.67466],[58.24011,53.67222],[58.23102,53.67201],[58.22675,53.67081],[58.2193,53.66471],[58.21624,53.65796],[58.20332,53.64811],[58.19872,53.64322],[58.19802,53.63767],[58.20726,53.62706],[58.20976,53.61949],[58.2076,53.61471],[58.20112,53.61029],[58.20005,53.60845],[58.20267,53.59802],[58.19588,53.59216],[58.19192,53.58693],[58.19097,53.58318],[58.19229,53.56943],[58.20223,53.55489],[58.20377,53.54911],[58.2077,53.5441],[58.21609,53.53768],[58.24222,53.52842],[58.25492,53.52638],[58.26316,53.52332],[58.28977,53.52373],[58.3023,53.52036],[58.30487,53.51832],[58.30165,53.49768],[58.31689,53.47778],[58.31751,53.46507],[58.32422,53.46051],[58.31298,53.45222],[58.30627,53.44404],[58.30636,53.43834],[58.30496,53.43345],[58.29895,53.42486],[58.30574,53.39494],[58.31272,53.38838],[58.32154,53.3716],[58.32209,53.35379],[58.31778,53.34306],[58.31857,53.3406],[58.31755,53.32621],[58.32261,53.32054],[58.32973,53.31735],[58.33952,53.31773],[58.35567,53.31584],[58.36065,53.31256],[58.36317,53.30722],[58.36007,53.30196],[58.36006,53.29685],[58.35591,53.29161],[58.36158,53.2867]],[[58.33308,52.5781],[58.33998,52.56431],[58.33896,52.54958],[58.33023,52.53779],[58.3266,52.52216],[58.32928,52.50795],[58.32761,52.5005],[58.33046,52.4956],[58.33033,52.49378],[58.31249,52.44537],[58.30403,52.43311],[58.29443,52.42491],[58.29117,52.42037],[58.2865,52.40131],[58.28764,52.39523],[58.29237,52.38743],[58.28136,52.37616],[58.27792,52.37082],[58.27715,52.36238],[58.26474,52.3443],[58.26083,52.34138],[58.2574,52.33489],[58.26454,52.31937],[58.26729,52.29158],[58.28687,52.26084],[58.2871,52.24145],[58.29246,52.22859],[58.2898,52.21983],[58.28281,52.2093],[58.27354,52.20114],[58.2554,52.18849],[58.24256,52.18249],[58.23906,52.17022],[58.23204,52.16475],[58.22844,52.15773],[58.22367,52.15477],[58.22702,52.14972],[58.2252,52.14325],[58.21982,52.13522],[58.21178,52.11791],[58.20571,52.11136],[58.18362,52.08023],[58.18175,52.06825],[58.17878,52.06262],[58.15633,52.05055]],[[58.73351,55.30981],[58.71924,55.3068],[58.69049,55.30486],[58.67359,55.30136],[58.66492,55.2973],[58.66112,55.29382],[58.66648,55.28403],[58.66646,55.28227],[58.66165,55.27465],[58.65191,55.26612],[58.64343,55.2478],[58.62836,55.24121],[58.61685,55.23834],[58.59753,55.23641],[58.5833,55.23119],[58.56281,55.20344],[58.56029,55.20159],[58.54581,55.19809],[58.53732,55.19738],[58.52999,55.19948],[58.52133,55.19397],[58.51773,55.19316],[58.51075,55.18678],[58.46555,55.17418],[58.44101,55.16564],[58.41562,55.1615],[58.40594,55.16132],[58.35329,55.1661],[58.34981,55.1669],[58.34216,55.17203],[58.33354,55.17466],[58.32198,55.17231],[58.30941,55.16824],[58.27721,55.17149],[58.27105,55.17298],[58.24226,55.17261],[58.21954,55.17047],[58.18783,55.15384],[58.17097,55.15042]],[[58.31928,53.94911],[58.30171,53.94619],[58.27891,53.94611],[58.25732,53.93958],[58.23935,53.93627],[58.20005,53.92334],[58.18135,53.91276],[58.18044,53.91116]],[[58.2805,55.94943],[58.27693,55.9468],[58.26768,55.94432],[58.26564,55.93934],[58.26626,55.93547],[58.26374,55.93347],[58.24952,55.92818],[58.2406,55.92655],[58.23344,55.92223],[58.21929,55.91679],[58.20866,55.91861]],[[58.20901,55.91799],[58.20963,55.91843]],[[58.22361,51.85842],[58.22221,51.85966],[58.21491,51.85994],[58.21235,51.85714]],[[58.21297,56.00401],[58.2248,55.99739],[58.22905,55.99259],[58.23268,55.98506],[58.23543,55.9822],[58.25395,55.96959],[58.25543,55.962],[58.26121,55.95413],[58.2805,55.94943]],[[58.34579,51.76986],[58.33347,51.77376],[58.33123,51.77693],[58.33191,51.78105],[58.31302,51.80118],[58.29952,51.80692],[58.27918,51.80848],[58.26894,51.81226],[58.24189,51.84038],[58.2288,51.85189],[58.22361,51.85842]],[[58.68249,52.68883],[58.70235,52.6838],[58.70569,52.68195],[58.7066,52.68018],[58.70683,52.66464],[58.72147,52.64959],[58.72092,52.51795],[58.72025,52.51503],[58.71668,52.50006],[58.70791,52.46303],[58.70697,52.459],[58.70387,52.44453],[58.68804,52.37835],[58.66957,52.36644],[58.62863,52.3457],[58.62636,52.34403],[58.62515,52.34077],[58.61755,52.3336],[58.62716,52.31407],[58.62469,52.30827],[58.62088,52.3005],[58.59818,52.25083],[58.59516,52.24444],[58.5949,52.24393],[58.59468,52.24353],[58.54178,52.16289],[58.53731,52.1528],[58.53461,52.1504],[58.52699,52.14768],[58.47786,52.09605],[58.4735,52.08486],[58.46707,52.07627],[58.45231,52.06604],[58.44822,52.03884],[58.40074,51.98363],[58.39013,51.97254],[58.30578,51.90628],[58.22895,51.87567]],[[58.29221,55.52093],[58.29128,55.52341],[58.29437,55.53624],[58.31755,55.55259],[58.31807,55.55617],[58.31145,55.56213],[58.29619,55.56874],[58.27719,55.56922]],[[58.2805,55.94943],[58.28665,55.94837],[58.3033,55.94071],[58.31815,55.9403],[58.32635,55.94136],[58.33146,55.94057],[58.34077,55.94282],[58.34661,55.94304],[58.42218,55.94121],[58.43876,55.94319],[58.4564,55.94046],[58.46081,55.94197],[58.47554,55.93589],[58.48954,55.92787],[58.51737,55.91927],[58.52872,55.92202],[58.57374,55.92646],[58.57733,55.92819],[58.58098,55.93208],[58.58728,55.9337],[58.60133,55.94076],[58.60301,55.93949],[58.60765,55.94299],[58.61415,55.94335],[58.62242,55.94612],[58.64061,55.95644],[58.65223,55.96125],[58.66574,55.96181],[58.68689,55.95677],[58.68766,55.95522]],[[58.3654,53.27658],[58.36558,53.27526],[58.35896,53.26753],[58.34965,53.26094],[58.32717,53.25694],[58.31205,53.25673],[58.30609,53.25573],[58.30244,53.25389],[58.29933,53.25196],[58.29572,53.24764],[58.28259,53.22843],[58.26569,53.22207],[58.25906,53.22117],[58.2545,53.21766],[58.25118,53.21206],[58.24298,53.20478],[58.2375,53.19669],[58.22479,53.19057],[58.21026,53.18609],[58.20696,53.18374],[58.20512,53.17786],[58.2062,53.16916],[58.19855,53.14681],[58.2006,53.13112],[58.19705,53.11794],[58.19901,53.11414],[58.21141,53.09903],[58.19514,53.07572],[58.18948,53.0642],[58.16528,53.04658],[58.15811,53.03609],[58.15864,53.02815],[58.14798,53.01763],[58.14628,53.01203],[58.13746,52.99753],[58.14112,52.98359],[58.13547,52.9725],[58.15157,52.96098],[58.15455,52.95642],[58.16187,52.95],[58.17096,52.937],[58.19111,52.92319],[58.20222,52.89902],[58.20968,52.87872],[58.20141,52.86522],[58.17092,52.84291],[58.15814,52.82805],[58.14727,52.82292],[58.14294,52.8095],[58.11004,52.77696],[58.10769,52.77161],[58.10192,52.76552],[58.10119,52.7614],[58.09991,52.74184],[58.1091,52.73095],[58.11103,52.72604],[58.14163,52.69321],[58.16545,52.67593],[58.19306,52.66066],[58.19491,52.65563],[58.20241,52.65367],[58.24878,52.63074],[58.26289,52.6262],[58.28695,52.61435],[58.29569,52.60801],[58.28867,52.60059],[58.28327,52.59151],[58.28344,52.58845],[58.28735,52.57972],[58.28876,52.57182]],[[58.28876,52.57182],[58.289,52.57131]],[[58.28941,52.57157],[58.28876,52.57182]],[[58.29188,55.52134],[58.29159,55.52085]],[[58.5949,52.24393],[58.52729,52.25624],[58.511,52.26957],[58.46268,52.26642],[58.45472,52.26849],[58.43776,52.26847],[58.41368,52.26669],[58.40893,52.2627],[58.38089,52.25374],[58.37651,52.25359],[58.3586,52.25697],[58.34506,52.25188],[58.2939,52.24324]],[[58.31928,53.94911],[58.30858,53.93627],[58.31804,53.93194],[58.31327,53.92709],[58.30452,53.92366],[58.29639,53.91848],[58.2979,53.91569],[58.29642,53.91048]],[[58.33877,53.95256],[58.31928,53.94911]],[[58.33787,53.95185],[58.33877,53.95256]],[[58.37124,53.96255],[58.35882,53.95593],[58.33877,53.95256]],[[58.36105,53.28708],[58.36124,53.28618],[58.36195,53.28643]],[[58.3654,53.27658],[58.35997,53.27785],[58.35789,53.28002],[58.35791,53.28042],[58.36124,53.28618],[58.36158,53.2867]],[[58.50512,53.32325],[58.49898,53.3178],[58.49261,53.31646],[58.48668,53.31735],[58.47651,53.32142],[58.47146,53.32083],[58.46354,53.31798],[58.46013,53.31156],[58.44964,53.30182],[58.4135,53.28905],[58.40607,53.28337],[58.39641,53.28587],[58.3902,53.28617],[58.38745,53.28526],[58.38143,53.28029],[58.37528,53.27925],[58.37001,53.28062],[58.36158,53.2867]],[[58.37666,53.27922],[58.3654,53.27658]],[[58.37124,53.96255],[58.39975,53.97178]],[[58.37124,53.96255],[58.37058,53.96041],[58.37219,53.95961],[58.38779,53.95621],[58.39996,53.96207]],[[58.40256,53.97107],[58.39975,53.97178]],[[58.39975,53.97178],[58.40088,53.97128],[58.40256,53.97107]],[[58.44069,53.94115],[58.4322,53.9455],[58.41957,53.94985],[58.41224,53.95315],[58.40999,53.95601],[58.40744,53.95719],[58.40462,53.95912],[58.40452,53.95918],[58.40439,53.95927],[58.40354,53.95982],[58.4008,53.96156],[58.40005,53.96202],[58.39983,53.96215]],[[58.40451,53.9708],[58.40256,53.97107]],[[58.40451,53.9708],[58.40545,53.97013],[58.4092,53.97211]],[[58.41939,53.97726],[58.41843,53.97734],[58.4181,53.97729],[58.40549,53.97051],[58.40451,53.9708]],[[58.41837,53.96641],[58.40452,53.95918]],[[58.40887,53.97232],[58.4092,53.97211]],[[58.4092,53.97211],[58.41553,53.97549],[58.4157,53.97558],[58.41727,53.97639],[58.41866,53.97713],[58.41939,53.97726]],[[58.4092,53.97211],[58.41837,53.96641]],[[58.41354,53.96945],[58.4198,53.97292]],[[58.41521,53.97568],[58.41534,53.97556],[58.41553,53.97549],[58.41567,53.97547]],[[58.41567,53.97547],[58.4157,53.97558],[58.41536,53.97577]],[[58.41567,53.97547],[58.42495,53.96979],[58.42323,53.96889]],[[58.42323,53.96889],[58.41827,53.97206]],[[58.42323,53.96889],[58.41837,53.96641]],[[58.41843,53.97734],[58.41866,53.97713]],[[58.41939,53.97726],[58.42361,53.97799],[58.44027,53.98728],[58.45906,54.00169],[58.47028,54.02232],[58.48396,54.03413],[58.48551,54.03801],[58.49215,54.04413],[58.49881,54.05493],[58.50852,54.06086],[58.51178,54.07087],[58.53567,54.09431],[58.54548,54.10799],[58.56268,54.12017],[58.56761,54.12159],[58.57014,54.1238],[58.57647,54.13517],[58.58479,54.14332],[58.58413,54.14745],[58.58633,54.15747],[58.58524,54.1596],[58.5794,54.16446],[58.57971,54.1678],[58.58468,54.17208],[58.58896,54.17955],[58.60188,54.18784]],[[58.42115,53.94932],[58.43078,53.95444],[58.44479,53.9596]],[[58.42323,53.96889],[58.42946,53.9652],[58.44479,53.9596]],[[58.44069,53.94115],[58.45428,53.94686],[58.46337,53.95365]],[[58.44069,53.94115],[58.44894,53.93587],[58.45072,53.93345],[58.4529,53.92782],[58.45519,53.91603],[58.45508,53.91565],[58.45488,53.9155],[58.45438,53.91522],[58.45421,53.91511],[58.45401,53.91476]],[[58.46337,53.95365],[58.44479,53.9596]],[[58.45609,53.91417],[58.45438,53.91522],[58.45131,53.91507]],[[59.36146,54.34048],[59.34881,54.34446],[59.34419,54.34459],[59.32382,54.34123],[59.30671,54.33609],[59.29004,54.33847],[59.26493,54.33775],[59.25964,54.33451],[59.24485,54.33162],[59.22841,54.33442],[59.20864,54.32862],[59.18073,54.31229],[59.1693,54.30996],[59.14656,54.299],[59.14097,54.28674],[59.13518,54.27834],[59.13718,54.26804],[59.13631,54.26379],[59.14371,54.25753],[59.16462,54.23385],[59.16702,54.22676],[59.16427,54.21929],[59.16153,54.19939],[59.15169,54.18124],[59.14804,54.17003],[59.14715,54.15304],[59.14372,54.15013],[59.1401,54.14389],[59.13765,54.13433],[59.13303,54.12827],[59.10236,54.122],[59.09606,54.11955],[59.08038,54.10327],[59.06586,54.09442],[59.0601,54.09369],[59.04731,54.09476],[59.0095,54.08605],[58.99564,54.08471],[58.96016,54.07767],[58.95408,54.07024],[58.95259,54.06355],[58.94729,54.05873],[58.93302,54.05312],[58.9255,54.04759],[58.91546,54.04565],[58.89576,54.03688],[58.8842,54.03051],[58.88128,54.02742],[58.88231,54.02471],[58.8806,54.02046],[58.87794,54.01897],[58.87247,54.0164],[58.84124,54.00702],[58.83228,53.99731],[58.82626,53.98718],[58.79263,53.98037],[58.7868,53.97814],[58.77444,53.96664],[58.76738,53.96249],[58.74045,53.96724],[58.7251,53.96729],[58.70817,53.97079],[58.68022,53.96686],[58.66102,53.96951],[58.64191,53.97022],[58.63446,53.97201],[58.60917,53.97181],[58.60023,53.97448],[58.58646,53.97362],[58.57466,53.97617],[58.56765,53.97909],[58.55334,53.97682],[58.54754,53.9718],[58.54036,53.96959],[58.51297,53.96439],[58.50299,53.96107],[58.47758,53.95728],[58.47169,53.95454],[58.46337,53.95365]],[[58.50512,53.32325],[58.50548,53.32345]],[[58.50536,53.32355],[58.50512,53.32325]],[[58.50567,53.32371],[58.50536,53.32355]],[[58.50536,53.32355],[58.50548,53.32345]],[[58.50548,53.32345],[58.50558,53.32343]],[[58.50558,53.32343],[58.50581,53.32351]],[[58.50558,53.32343],[58.50593,53.32318]],[[58.50619,53.32387],[58.50567,53.32371]],[[58.50584,53.32359],[58.50567,53.32371]],[[58.50581,53.32351],[58.50584,53.32359]],[[58.50593,53.32318],[58.50581,53.32351]],[[58.50584,53.32359],[58.50619,53.32387]],[[58.50593,53.32318],[58.51313,53.30956],[58.51564,53.2834],[58.49113,53.23676],[58.49316,53.23471],[58.49852,53.23394],[58.50129,53.23136],[58.50134,53.21696],[58.50534,53.2113],[58.51202,53.20706],[58.52356,53.20707],[58.53362,53.20241],[58.53302,53.19871],[58.52877,53.19362],[58.52845,53.18972],[58.52268,53.18528],[58.52307,53.18236],[58.5306,53.17139],[58.5463,53.16293],[58.55501,53.1532],[58.55434,53.14685],[58.55513,53.14035],[58.54738,53.12268],[58.54787,53.1161],[58.53888,53.1095],[58.53961,53.09878],[58.53826,53.0924],[58.55803,53.05748],[58.57185,53.05327],[58.57347,53.04566],[58.58703,53.03775],[58.62041,53.02499],[58.66416,53.01905],[58.6843,53.02288],[58.68679,53.02203],[58.68796,53.01867],[58.69004,53.01705]],[[58.51772,53.33464],[58.51436,53.32924],[58.50619,53.32387]],[[58.51228,53.3473],[58.52537,53.371],[58.52715,53.37675],[58.53861,53.39442],[58.54547,53.4023],[58.55115,53.4161],[58.55784,53.42816],[58.56818,53.4406],[58.5797,53.44977],[58.59032,53.45091],[58.61348,53.4589],[58.63972,53.45879],[58.67051,53.46641],[58.68107,53.47455]],[[58.51772,53.33464],[58.50935,53.33569],[58.50505,53.33744],[58.51228,53.3473]],[[58.51228,53.3473],[58.52117,53.34411],[58.53888,53.33191]],[[58.77223,53.36764],[58.72493,53.36749],[58.7228,53.36602],[58.72278,53.35928],[58.72051,53.35707],[58.68489,53.35207],[58.67579,53.34723],[58.66901,53.34544],[58.66412,53.34621],[58.66365,53.35043],[58.66223,53.35194],[58.65588,53.3533],[58.61344,53.34802],[58.60451,53.34421],[58.59507,53.34282],[58.58537,53.33729],[58.56499,53.32921],[58.5604,53.32913],[58.51772,53.33464]],[[58.53753,53.96947],[58.5355,53.96928]],[[58.59379,53.58911],[58.59416,53.58924]],[[58.59382,53.58937],[58.59379,53.58911]],[[58.68107,53.47455],[58.67929,53.48659],[58.67514,53.49989],[58.67043,53.50527],[58.65201,53.51798],[58.64651,53.51964],[58.62818,53.51747],[58.60913,53.51864],[58.59998,53.52127],[58.59416,53.52636],[58.59385,53.52879],[58.60107,53.55554],[58.59711,53.56301],[58.59274,53.5673],[58.58961,53.57812],[58.58988,53.58334],[58.59379,53.58911]],[[58.59484,53.59009],[58.59436,53.58979]],[[58.59467,53.58963],[58.59484,53.59009]],[[58.74228,53.64477],[58.72151,53.63814],[58.70883,53.62934],[58.70127,53.61972],[58.6976,53.61753],[58.67642,53.61196],[58.65992,53.60965],[58.6393,53.60499],[58.62844,53.60603],[58.62399,53.60282],[58.61936,53.60271],[58.61321,53.60576],[58.60331,53.60587],[58.60236,53.60482],[58.60333,53.60228],[58.60051,53.59637],[58.59598,53.5925],[58.59484,53.59009]],[[58.60679,52.74762],[58.61982,52.74487],[58.64013,52.74465],[58.63984,52.73958],[58.64418,52.73752],[58.65164,52.73652],[58.65263,52.73573],[58.65228,52.73139],[58.65336,52.7307],[58.6575,52.72815],[58.66108,52.72599]],[[58.63148,52.68023],[58.64515,52.68421],[58.65382,52.68973],[58.65651,52.69569],[58.65562,52.70029]],[[58.65297,52.7056],[58.65044,52.70633],[58.6509,52.7084],[58.64894,52.70999]],[[58.65831,52.72003],[58.65121,52.71966]],[[58.65121,52.71966],[58.65092,52.72203],[58.65529,52.72248],[58.66178,52.7264],[58.66527,52.72653]],[[58.65351,52.70701],[58.65121,52.71966]],[[58.65362,52.70662],[58.65297,52.7056]],[[58.65297,52.7056],[58.6494,52.7019],[58.65466,52.70055],[58.65516,52.70042],[58.65562,52.70029]],[[58.65297,52.7056],[58.66043,52.70412]],[[58.65362,52.70662],[58.65351,52.70701]],[[58.681,52.72109],[58.68101,52.72102],[58.68102,52.72097],[58.68103,52.72092],[58.68111,52.72036],[58.6812,52.71981],[58.68127,52.71934],[58.68133,52.71895],[58.68147,52.71803],[58.6817,52.71623],[58.68147,52.71574],[58.6757,52.71299],[58.67439,52.71231],[58.67348,52.71188],[58.66793,52.70913],[58.6656,52.70797],[58.66068,52.70557],[58.65723,52.70551],[58.65351,52.70701]],[[58.65362,52.70662],[58.65418,52.70673]],[[58.67954,52.7304],[58.67397,52.73172],[58.66933,52.73278],[58.66595,52.73357],[58.66544,52.73362],[58.6544,52.73006]],[[58.65466,52.70055],[58.65523,52.69975]],[[58.65562,52.70029],[58.66094,52.7039],[58.66399,52.70366]],[[58.65879,52.72028],[58.65831,52.72003]],[[58.65831,52.72003],[58.65886,52.71975]],[[58.99256,55.69859],[58.98708,55.69332],[58.98256,55.69063],[58.9759,55.67567],[58.95982,55.6643],[58.95767,55.66051],[58.95567,55.65272],[58.9484,55.64572],[58.93754,55.6276],[58.94255,55.60095],[58.94175,55.59143],[58.93562,55.58547],[58.91326,55.57436],[58.87273,55.53438],[58.86102,55.53012],[58.84393,55.51291],[58.83596,55.50262],[58.83011,55.48892],[58.81593,55.47152],[58.79691,55.45476],[58.77596,55.44611],[58.76132,55.44245],[58.75281,55.43554],[58.74251,55.4297],[58.72478,55.4236],[58.68865,55.42071],[58.67567,55.41723],[58.67148,55.41206],[58.66396,55.40787],[58.6634,55.40609],[58.66506,55.40093],[58.66387,55.39676],[58.66254,55.39378],[58.65843,55.38978]],[[58.66043,52.70412],[58.66064,52.70374]],[[58.66043,52.70412],[58.66138,52.70402]],[[58.66367,52.70372],[58.664,52.70381]],[[58.68049,52.72734],[58.68006,52.72732],[58.6763,52.7271],[58.66527,52.72653]],[[58.66527,52.72653],[58.66605,52.7211],[58.66607,52.72097],[58.66614,52.7205],[58.66616,52.72035],[58.66624,52.71983],[58.66624,52.71978],[58.66626,52.71969],[58.66688,52.71534],[58.66703,52.71432],[58.6672,52.7141]],[[58.66643,52.7206],[58.66567,52.72655]],[[58.66606,52.72104],[58.66637,52.72106]],[[58.68098,52.72128],[58.68078,52.72136],[58.66656,52.72061],[58.66643,52.7206],[58.66631,52.7206],[58.66614,52.7205]],[[58.66616,52.72035],[58.66638,52.72025],[58.66648,52.72025],[58.66692,52.72028],[58.68084,52.72101],[58.681,52.72109]],[[58.66655,52.7198],[58.66624,52.71978]],[[58.66643,52.7206],[58.66607,52.72097],[58.66583,52.72104],[58.65874,52.72067],[58.65879,52.72028],[58.6589,52.71941],[58.66602,52.71978],[58.66624,52.71983],[58.6664,52.71999],[58.66648,52.72025]],[[58.66963,52.70776],[58.66793,52.70913],[58.66734,52.71426],[58.66732,52.71434],[58.6671,52.71592],[58.6669,52.71729],[58.66667,52.71895],[58.66655,52.7198],[58.66648,52.72025],[58.66643,52.7206]],[[58.66885,52.72672],[58.66836,52.73112],[58.66848,52.73135],[58.66933,52.73278],[58.66941,52.73293],[58.66957,52.73317],[58.67023,52.73437],[58.6721,52.73726],[58.67355,52.74002],[58.67431,52.74273],[58.68122,52.7435]],[[58.67726,52.71148],[58.6757,52.71299]],[[58.67727,52.71182],[58.67784,52.71176]],[[58.67954,52.7304],[58.6798,52.73009],[58.68014,52.73017]],[[58.6802,52.7301],[58.68014,52.73017],[58.6801,52.7302],[58.67997,52.73026],[58.67989,52.7303],[58.67954,52.7304]],[[58.69004,53.01705],[58.69978,53.01228],[58.7026,53.00973],[58.70553,52.99145],[58.71218,52.97462],[58.70871,52.92975],[58.7107,52.91999],[58.7097,52.86791],[58.70652,52.84325],[58.70036,52.82503],[58.71297,52.82043],[58.72245,52.81469],[58.72722,52.80933],[58.73191,52.80341],[58.7343,52.79113],[58.7377,52.78257],[58.73509,52.78004],[58.72973,52.77911],[58.72457,52.77337],[58.69815,52.75361],[58.68867,52.7489],[58.68128,52.7466],[58.68224,52.73449],[58.68011,52.73062]],[[58.68011,52.73062],[58.67989,52.7303],[58.67982,52.73016],[58.6798,52.73009],[58.67981,52.72989],[58.67993,52.72876],[58.68006,52.72741],[58.68006,52.72732],[58.68008,52.72718],[58.68079,52.72271]],[[58.68049,52.72734],[58.68021,52.73],[58.6802,52.7301],[58.68019,52.73016],[58.68012,52.73036],[58.68011,52.73062]],[[58.68106,52.72299],[58.68049,52.72734]],[[58.68074,52.72304],[58.68087,52.72298]],[[58.68087,52.72298],[58.68076,52.72288]],[[58.68096,52.72146],[58.68078,52.72136]],[[58.68079,52.72271],[58.68106,52.72299]],[[58.68098,52.72128],[58.68097,52.72137],[58.68096,52.72146],[58.68095,52.72154],[58.68079,52.72271]],[[58.68084,52.72101],[58.68102,52.72097]],[[58.68087,52.72298],[58.68106,52.72299]],[[58.68098,52.72128],[58.681,52.72109]],[[58.68112,52.72119],[58.68098,52.72128]],[[58.681,52.72109],[58.68112,52.72119]],[[58.68107,53.47455],[58.68363,53.47194],[58.69387,53.46717],[58.70887,53.46453],[58.74797,53.46121],[58.77489,53.45717],[58.79408,53.45659],[58.79828,53.4553],[58.80245,53.4524],[58.82436,53.45291]],[[58.69173,52.72171],[58.68112,52.72119]],[[58.99248,55.69898],[58.97265,55.70274],[58.96889,55.70255],[58.96148,55.70793],[58.93621,55.71587],[58.91814,55.71911],[58.91196,55.72157],[58.90541,55.72835],[58.89104,55.73278],[58.88883,55.73434],[58.88762,55.73698],[58.8836,55.73893],[58.85787,55.73776],[58.8466,55.73478],[58.84204,55.73145],[58.83628,55.72935],[58.82339,55.72898],[58.79219,55.73895],[58.78169,55.74089],[58.77276,55.74579],[58.76426,55.75327],[58.75781,55.75633],[58.74486,55.75997],[58.73868,55.75979],[58.73219,55.76253],[58.7095,55.76539],[58.70494,55.76734],[58.70055,55.77537],[58.70228,55.78963],[58.70027,55.7976],[58.697,55.80489],[58.69576,55.81883],[58.69717,55.83209],[58.70004,55.84145],[58.70026,55.85043],[58.69286,55.88195],[58.68881,55.88767],[58.68697,55.89874],[58.68643,55.91158],[58.68829,55.92974],[58.69137,55.93907],[58.69996,55.94367],[58.6878,55.95507]],[[58.69004,53.01705],[58.69416,53.01932],[58.73119,53.04873],[58.75443,53.06892],[58.76396,53.08687],[58.76627,53.11359],[58.77547,53.13197],[58.78823,53.24039],[58.77683,53.25743],[58.77721,53.26534],[58.78092,53.26967],[58.79912,53.27864],[58.80885,53.28918],[58.806,53.2947],[58.79523,53.30706],[58.78948,53.31828],[58.78497,53.34253],[58.78647,53.35063],[58.7863,53.36625],[58.78381,53.36761],[58.77223,53.36764]],[[58.70989,52.72304],[58.69173,52.72171]],[[58.69173,52.72171],[58.692,52.72165],[58.69279,52.7215],[58.6965,52.72092],[58.69742,52.72071],[58.69862,52.72063],[58.70854,52.7218],[58.70893,52.72199],[58.70989,52.72304]],[[58.69284,52.72175],[58.69272,52.72151]],[[58.70926,52.72242],[58.70896,52.72284]],[[58.73326,52.73243],[58.72793,52.73177],[58.70989,52.72304]],[[58.79993,52.48091],[58.79684,52.47934],[58.77261,52.48145],[58.77141,52.48273],[58.71348,52.48653]],[[58.72918,52.71854],[58.72987,52.71978],[58.729,52.72404],[58.73931,52.72755],[58.73886,52.72901],[58.73376,52.73276]],[[58.76107,52.7386],[58.7528,52.73997],[58.74125,52.73896],[58.73326,52.73243]],[[58.73326,52.73243],[58.73382,52.73222]],[[58.77233,53.38894],[58.77223,53.36764]],[[58.82482,53.43827],[58.89868,53.43838]],[[58.99296,55.69901],[58.99248,55.69898]],[[58.99248,55.69898],[58.99256,55.69859]],[[58.99256,55.69859],[58.99376,55.69872]],[[58.99296,55.69901],[58.99288,55.69879],[58.99325,55.69883],[58.99321,55.69898],[58.99312,55.69901],[58.99301,55.69902],[58.99296,55.69901]],[[58.99376,55.69872],[58.99324,55.69895]],[[59.27105,55.78849],[59.26643,55.78754],[59.20654,55.78615],[59.20128,55.78475],[59.18569,55.77593],[59.18009,55.77422],[59.16746,55.77142],[59.15093,55.77192],[59.14844,55.77031],[59.14676,55.76575],[59.13986,55.75936],[59.1357,55.74927],[59.12936,55.74502],[59.11469,55.73809],[59.09861,55.73495],[59.08741,55.73467],[59.08129,55.73258],[59.06155,55.71608],[59.04905,55.71035],[59.0302,55.6993],[59.01426,55.69305],[59.00818,55.69312],[59.00194,55.69658],[58.99376,55.69872]],[[59.32327,56.13126],[59.30327,56.13557],[59.29798,56.13941],[59.22085,56.1717],[59.21447,56.17601],[59.17348,56.18352],[59.14826,56.18934],[59.13533,56.19366],[59.12829,56.19467]],[[59.41702,54.27772],[59.41127,54.26861],[59.38169,54.25262],[59.36949,54.24416],[59.36625,54.2392],[59.35856,54.23269],[59.35148,54.22077],[59.35328,54.21606],[59.35145,54.21209],[59.34243,54.20176],[59.34059,54.19158],[59.34226,54.18879],[59.33513,54.18254]],[[59.36146,54.34048],[59.36247,54.34013]],[[59.36261,54.34041],[59.36146,54.34048]],[[59.36261,54.34041],[59.36247,54.34013]],[[59.36247,54.34013],[59.36299,54.33979]],[[59.36327,54.3405],[59.36261,54.34041]],[[59.36299,54.33979],[59.3635,54.33925]],[[59.36299,54.33979],[59.36325,54.33976],[59.36345,54.33986]],[[59.36416,54.34075],[59.36327,54.3405]],[[59.36362,54.34027],[59.36327,54.3405]],[[59.36345,54.33986],[59.36362,54.34027]],[[59.3635,54.33925],[59.36345,54.33986]],[[59.3635,54.33925],[59.36647,54.33296],[59.36635,54.33004],[59.3736,54.32561],[59.37489,54.32372]],[[59.36362,54.34027],[59.36416,54.34075]],[[59.37171,54.34462],[59.36416,54.34075]],[[59.41569,54.35654],[59.41388,54.35706],[59.41044,54.35464],[59.39571,54.35358],[59.3843,54.35091],[59.37171,54.34462]],[[59.37171,54.34462],[59.38244,54.33737],[59.38194,54.3254]],[[59.38141,54.32519],[59.37489,54.32372]],[[59.37489,54.32372],[59.36631,54.32174],[59.3741,54.3114],[59.37569,54.30981],[59.3793,54.30649],[59.38314,54.30891],[59.38359,54.3091],[59.38389,54.3092],[59.38402,54.30923]],[[59.37569,54.30981],[59.37873,54.31054],[59.38196,54.31128],[59.38224,54.31135],[59.38237,54.31138],[59.38255,54.31142],[59.38265,54.31145],[59.38535,54.31208],[59.38783,54.31267],[59.39073,54.31333],[59.39234,54.31264],[59.39261,54.31092],[59.39559,54.31153]],[[59.379,54.31614],[59.37956,54.31627]],[[59.37988,54.31634],[59.37923,54.3173],[59.37795,54.31698],[59.379,54.31614]],[[59.379,54.31614],[59.37925,54.31601],[59.3804,54.31426],[59.38228,54.31149],[59.38237,54.31138],[59.38246,54.31126],[59.38379,54.30929],[59.38389,54.3092],[59.38402,54.30913]],[[59.37956,54.31627],[59.37988,54.31634]],[[59.38373,54.3098],[59.38271,54.31132],[59.38265,54.31145],[59.38259,54.31156],[59.37953,54.31607],[59.37956,54.31627]],[[59.37988,54.31634],[59.39085,54.31879],[59.39635,54.31635]],[[59.38194,54.3254],[59.38141,54.32519]],[[59.38141,54.32519],[59.38206,54.32434]],[[59.38206,54.32434],[59.38194,54.3254]],[[59.38645,54.31783],[59.38206,54.32434]],[[59.3835,54.30974],[59.38373,54.3098]],[[59.38402,54.30913],[59.38402,54.30923],[59.38398,54.30935],[59.38373,54.3098]],[[59.38402,54.30913],[59.38798,54.29949],[59.39468,54.29002],[59.40471,54.28567]],[[59.39559,54.31153],[59.39704,54.31358],[59.3957,54.31518],[59.39635,54.31635]],[[59.39559,54.31153],[59.40843,54.3093],[59.41291,54.31663],[59.41359,54.32391]],[[59.41359,54.32391],[59.40778,54.32301],[59.40255,54.32398],[59.4009,54.32174],[59.39865,54.32086],[59.39773,54.3167],[59.39635,54.31635]],[[59.40471,54.28567],[59.41952,54.28653],[59.42547,54.28534]],[[59.40471,54.28567],[59.41702,54.27772]],[[59.41359,54.32391],[59.41607,54.33748],[59.41258,54.3497],[59.41556,54.35426],[59.41451,54.35585],[59.41569,54.35654]],[[59.59719,54.21399],[59.59044,54.22541],[59.57779,54.23296],[59.54389,54.24448],[59.52703,54.25262],[59.52181,54.25724],[59.50569,54.25531],[59.49196,54.25872],[59.49155,54.26125],[59.48889,54.26311],[59.4704,54.27143],[59.45426,54.30494],[59.45063,54.31008],[59.44456,54.31557],[59.42995,54.32055],[59.42787,54.32387],[59.42573,54.32476],[59.42048,54.32523],[59.41542,54.32389],[59.41359,54.32391]],[[59.95431,54.78234],[59.94653,54.76966],[59.91991,54.73334],[59.89727,54.70492],[59.897,54.69745],[59.89518,54.69419],[59.84061,54.67885],[59.83275,54.68046],[59.82251,54.67956],[59.8083,54.66884],[59.80819,54.66242],[59.8055,54.65188],[59.79474,54.64048],[59.78309,54.63583],[59.77984,54.63157],[59.77861,54.62743],[59.77354,54.62383],[59.7679,54.62169],[59.7571,54.6219],[59.74635,54.61899],[59.74177,54.61895],[59.73179,54.61391],[59.72831,54.60766],[59.71991,54.60054],[59.72296,54.58253],[59.70619,54.56968],[59.70564,54.56269],[59.70217,54.55585],[59.69965,54.55317],[59.68349,54.54479],[59.6711,54.54019],[59.65038,54.52535],[59.6319,54.51684],[59.62648,54.51097],[59.61817,54.50744],[59.60835,54.50532],[59.59097,54.49292],[59.58419,54.48942],[59.57958,54.48536],[59.57524,54.47485],[59.57312,54.4721],[59.57398,54.46751],[59.57044,54.46038],[59.54829,54.44217],[59.48763,54.40492],[59.46333,54.38326],[59.4385,54.36565],[59.41569,54.35654]],[[59.42547,54.28534],[59.41702,54.27772]],[[59.42547,54.28534],[59.43224,54.28398],[59.43674,54.28448],[59.43775,54.2891],[59.43665,54.29488],[59.43806,54.29617],[59.45673,54.29963]],[[54.80706,53.6042],[54.8067,53.6042],[54.80652,53.60414],[54.80634,53.60379],[54.80706,53.6042]],[[55.90788,53.61521],[55.90757,53.6152],[55.90744,53.61509],[55.90743,53.615],[55.90788,53.61521]],[[55.92441,53.35206],[55.92428,53.35192],[55.92426,53.35183],[55.92455,53.35155],[55.92532,53.35177],[55.92441,53.35206]],[[55.93047,53.62406],[55.93073,53.62415],[55.93072,53.6243],[55.93043,53.62438],[55.93028,53.62433],[55.93023,53.62429],[55.93021,53.62423],[55.93022,53.62418],[55.93025,53.62413],[55.93031,53.62409],[55.93039,53.62407],[55.93047,53.62406]],[[56.01646,53.69737],[56.01607,53.69727],[56.01604,53.69702],[56.01671,53.69698],[56.01646,53.69737]],[[56.02598,53.44236],[56.02589,53.44213],[56.02625,53.44217],[56.0262,53.44233],[56.02598,53.44236]],[[56.04036,53.47651],[56.04058,53.47655],[56.04064,53.47671],[56.04021,53.47675],[56.04017,53.47659],[56.04036,53.47651]],[[56.23195,53.91497],[56.23198,53.91479],[56.23233,53.91462],[56.23295,53.91489],[56.23195,53.91497]],[[58.21207,51.85693],[58.21233,51.85692],[58.21242,51.85707],[58.21206,51.85715],[58.21207,51.85693]],[[58.40532,53.9704],[58.40551,53.97027],[58.40573,53.9704],[58.40556,53.97051],[58.40532,53.9704]],[[58.59444,53.58926],[58.59455,53.58973],[58.59376,53.58956],[58.59376,53.58946],[58.59382,53.58937],[58.59391,53.5893],[58.59444,53.58926]]]}},{"type":"Feature","properties":{"roadClass":"tertiary"},"geometry":{"type":"MultiLineString","coordinates":[[[53.2659,55.15988],[53.3136,55.1524],[53.33525,55.15184],[53.3511,55.1481],[53.37667,55.14809],[53.38731,55.13982],[53.39002,55.13488],[53.39971,55.12443],[53.4035,55.11601],[53.40324,55.111],[53.40747,55.10895],[53.42353,55.1099],[53.43332,55.10807],[53.44828,55.10726],[53.46169,55.10995],[53.48339,55.11204],[53.49714,55.11211],[53.50787,55.10731],[53.55016,55.10101]],[[53.36743,55.04297],[53.36095,55.03789],[53.35329,55.0278],[53.34838,55.02474],[53.34832,55.02359]],[[53.35329,55.0278],[53.36469,55.02557],[53.39409,55.02447],[53.40502,55.02162],[53.40834,55.02191],[53.41197,55.02469],[53.41146,55.02858],[53.41559,55.03857],[53.42881,55.04551],[53.44234,55.04846],[53.44836,55.05196],[53.45725,55.0552],[53.48524,55.06215],[53.50818,55.06952],[53.51823,55.07074],[53.52786,55.07],[53.53154,55.07117],[53.5448,55.0793],[53.5508,55.08494],[53.55279,55.08982],[53.55016,55.10101]],[[53.78424,55.17347],[53.77115,55.17297],[53.7411,55.18946],[53.73253,55.18944],[53.73082,55.19082],[53.72196,55.19333],[53.67119,55.20487],[53.66613,55.20378],[53.64293,55.20373],[53.62655,55.20569],[53.60381,55.20417],[53.58925,55.20419],[53.57568,55.20433],[53.56052,55.20557],[53.55169,55.20509],[53.53849,55.20732],[53.53183,55.21026],[53.51175,55.21078],[53.50623,55.21376],[53.49993,55.21365],[53.45812,55.20722],[53.42731,55.19404],[53.42532,55.19044],[53.43624,55.18439],[53.43739,55.18007],[53.43669,55.17892],[53.3968,55.15817],[53.38539,55.14142]],[[53.68404,54.61793],[53.63327,54.6206],[53.59076,54.61311],[53.56076,54.60492],[53.553,54.60144],[53.5046,54.58786],[53.49859,54.58392],[53.49555,54.58026],[53.49223,54.57901],[53.47941,54.56321],[53.47165,54.5609],[53.4484,54.54973],[53.43848,54.54991]],[[53.44365,54.55992],[53.44751,54.56871]],[[53.44464,54.48629],[53.46341,54.48546]],[[53.44491,54.44715],[53.44228,54.43452],[53.43934,54.4316],[53.4329,54.42836],[53.42836,54.42362],[53.42657,54.418],[53.41216,54.39562],[53.40286,54.38708],[53.39886,54.38048],[53.40089,54.37756],[53.41444,54.37305],[53.41831,54.37069],[53.41752,54.36888],[53.42044,54.36778],[53.42131,54.36286],[53.42791,54.35747],[53.42446,54.34925],[53.42193,54.34589],[53.43777,54.33499],[53.43597,54.32788],[53.43736,54.32468],[53.44123,54.32161],[53.44449,54.31004],[53.44658,54.30931],[53.46507,54.31033],[53.47332,54.31576],[53.4732,54.32008],[53.48812,54.30893],[53.49075,54.3063],[53.49401,54.29914],[53.49742,54.29687],[53.49433,54.28525],[53.49171,54.28258],[53.49893,54.2788],[53.50117,54.27556],[53.5096,54.27112],[53.53252,54.26881],[53.54271,54.27278],[53.55911,54.27227],[53.56467,54.26821]],[[53.4494,54.45974],[53.45822,54.45935],[53.45858,54.46124],[53.45869,54.46257],[53.45226,54.46807]],[[53.45862,54.46207],[53.45094,54.46298]],[[53.46451,54.48341],[53.46201,54.48297],[53.45841,54.48232]],[[53.46451,54.48341],[53.46367,54.48498],[53.46222,54.48773],[53.46001,54.49208]],[[53.46289,54.48133],[53.46201,54.48297],[53.46198,54.48304],[53.46174,54.48348],[53.46088,54.48504]],[[53.46578,54.47584],[53.46321,54.48067]],[[53.46367,54.48498],[53.47183,54.48641],[53.4742,54.48658],[53.47558,54.48644],[53.47624,54.48631],[53.47687,54.48614],[53.47708,54.48607],[53.47939,54.48464],[53.48014,54.48295],[53.47931,54.4811],[53.47704,54.47976],[53.47602,54.47947],[53.47564,54.4794],[53.47351,54.479]],[[53.4689,54.48419],[53.47089,54.48022],[53.47471,54.48093],[53.47578,54.48123],[53.47733,54.48274],[53.47653,54.48424],[53.4741,54.48497],[53.4729,54.4849],[53.47261,54.48485],[53.46907,54.48422],[53.4689,54.48419],[53.46565,54.48361],[53.46451,54.48341]],[[53.4654,54.48172],[53.46451,54.48341]],[[53.46592,54.48124],[53.47351,54.479],[53.4786,54.47281],[53.48077,54.47253],[53.48824,54.4766],[53.48959,54.47915],[53.49401,54.48223],[53.49418,54.48384]],[[53.47357,54.48306],[53.47261,54.48485],[53.47183,54.48641],[53.47033,54.48926],[53.46909,54.49154],[53.46905,54.4917]],[[53.47258,54.47706],[53.47377,54.47483]],[[53.47564,54.4794],[53.47471,54.48093],[53.47375,54.48275]],[[53.47555,54.48473],[53.47687,54.48614],[53.47996,54.4894],[53.48209,54.49081],[53.49419,54.49169]],[[53.48254,54.48111],[53.49074,54.47998]],[[53.48415,54.4851],[53.48332,54.48476]],[[53.48342,54.48471],[53.48415,54.4851]],[[53.49393,54.4897],[53.48415,54.4851]],[[53.48625,54.48089],[53.48653,54.48438]],[[53.49349,54.49408],[53.49419,54.49173],[53.49419,54.49169],[53.49417,54.49142],[53.49403,54.49017],[53.49393,54.4897]],[[53.49812,54.48407],[53.49844,54.48653],[53.49393,54.4897]],[[53.49812,54.48407],[53.49785,54.48374]],[[53.49832,54.48368],[53.49812,54.48407]],[[53.50384,54.48299],[53.50463,54.48979],[53.50675,54.49122]],[[53.50984,54.47438],[53.50741,54.47443],[53.50847,54.47117]],[[53.50984,54.47438],[53.50982,54.4797],[53.5126,54.48234]],[[53.51324,54.47122],[53.50984,54.47438]],[[53.52951,54.48472],[53.53144,54.48578],[53.52224,54.49005]],[[53.52398,54.48155],[53.52325,54.47752],[53.5249,54.47414]],[[53.52554,54.48468],[53.53273,54.47731],[53.53229,54.47372]],[[53.71549,54.99618],[53.70132,54.988],[53.68258,54.97947],[53.67229,54.97487],[53.66077,54.96957],[53.63405,54.96031],[53.62737,54.95333],[53.6022,54.94359],[53.59255,54.9378],[53.56642,54.92795],[53.5467,54.9254],[53.53616,54.92655],[53.52939,54.92442]],[[53.67352,55.08676],[53.6553,55.08839],[53.64257,55.1104],[53.63756,55.11615],[53.63344,55.11874],[53.5747,55.10294],[53.56709,55.10283],[53.55597,55.10027],[53.55016,55.10101]],[[53.56467,54.26821],[53.56688,54.26921],[53.57484,54.27921],[53.58465,54.28722],[53.58911,54.29444],[53.59567,54.29691],[53.60214,54.29791],[53.60658,54.30077],[53.64669,54.31754],[53.65337,54.32658],[53.67044,54.33268],[53.67247,54.33783],[53.67777,54.33885]],[[53.6642,54.1497],[53.62913,54.1646],[53.62316,54.16656],[53.61579,54.16681],[53.6035,54.17288],[53.59198,54.1935],[53.58465,54.19589],[53.58482,54.19777],[53.57413,54.20128],[53.57044,54.20904],[53.57066,54.22063],[53.56214,54.24445],[53.56295,54.25797],[53.5644,54.2618],[53.56285,54.26305],[53.56467,54.26821]],[[53.56756,53.94708],[53.56959,53.94933],[53.56812,53.95117],[53.57246,53.95489],[53.59144,53.95964],[53.59519,53.9673],[53.60962,53.98162]],[[53.57543,54.65718],[53.57702,54.65565],[53.57734,54.65135],[53.58527,54.64636],[53.58871,54.64446],[53.59967,54.64291],[53.58703,54.64],[53.57698,54.63616],[53.59178,54.62425],[53.59805,54.61454]],[[53.58558,55.21429],[53.58848,55.21186],[53.58925,55.20419]],[[53.59995,54.44784],[53.60141,54.44757]],[[53.60107,54.44785],[53.60141,54.44757]],[[53.60141,54.44757],[53.60868,54.44405],[53.61333,54.43956],[53.61905,54.4378],[53.6408,54.43647],[53.65072,54.43166],[53.65793,54.43037],[53.66945,54.4284],[53.69554,54.42483],[53.7019,54.42622],[53.72249,54.43614],[53.7651,54.43875]],[[53.66863,54.0407],[53.66355,54.03249],[53.66215,54.02518],[53.66022,54.02305],[53.61267,53.99146],[53.60423,53.98819],[53.60022,53.98395],[53.60962,53.98162]],[[53.60962,53.98162],[53.65935,53.97233],[53.67284,53.97145],[53.6998,53.97931],[53.71925,53.98032],[53.7348,53.97644],[53.75326,53.99983]],[[53.69181,54.06668],[53.68804,54.0681],[53.68289,54.07217],[53.67641,54.07379],[53.67355,54.07409],[53.66849,54.07706],[53.65843,54.07393],[53.61503,54.07234],[53.60888,54.07613],[53.60847,54.07746],[53.61097,54.07918]],[[53.63834,53.83161],[53.63133,53.83529],[53.64201,53.84077],[53.64873,53.84247]],[[53.71114,53.86906],[53.69808,53.86148],[53.64873,53.84247]],[[53.72942,53.7523],[53.72613,53.75207],[53.72987,53.76124],[53.72874,53.76517],[53.69306,53.80206],[53.67624,53.81445],[53.64873,53.84247]],[[53.65738,54.43087],[53.65648,54.43064]],[[53.65738,54.43087],[53.65865,54.43467],[53.6715,54.44752],[53.68149,54.46408],[53.70961,54.47386],[53.71236,54.47601],[53.70782,54.48267],[53.7165,54.49262],[53.71807,54.5023],[53.7201,54.50755],[53.72826,54.5136],[53.73461,54.52194],[53.75947,54.53749],[53.76435,54.543],[53.76762,54.54201],[53.77132,54.54406],[53.77443,54.54697],[53.77196,54.54857],[53.77844,54.55612]],[[53.65784,54.43038],[53.65738,54.43087]],[[53.66318,54.59118],[53.67377,54.58736],[53.68611,54.59501]],[[53.69181,54.06668],[53.68467,54.05894],[53.66734,54.06129]],[[53.6789,54.59062],[53.67042,54.59587]],[[53.68258,54.97947],[53.67234,54.98894],[53.67026,54.99312],[53.66636,54.99658],[53.63081,55.01515],[53.62727,55.01803],[53.62554,55.02476],[53.62111,55.02704],[53.65188,55.03844],[53.67006,55.04761],[53.67321,55.05032]],[[53.77925,54.33903],[53.76937,54.34159],[53.7602,54.3424],[53.7456,54.33996],[53.73524,54.3406],[53.72016,54.33974],[53.70738,54.34084],[53.67777,54.33885]],[[53.67777,54.33885],[53.67643,54.34639],[53.67264,54.35281],[53.67261,54.3548],[53.67941,54.3739],[53.68811,54.38941],[53.69386,54.3953],[53.711,54.406],[53.72073,54.41016],[53.72432,54.41055],[53.72653,54.40824],[53.7271,54.40812],[53.72748,54.40813],[53.72902,54.40827],[53.73973,54.41136],[53.75199,54.41233],[53.77183,54.41974],[53.78394,54.42129]],[[53.67779,54.59965],[53.67844,54.60388],[53.6789,54.60472],[53.68008,54.60643],[53.68161,54.60861],[53.68419,54.61229],[53.69259,54.61618]],[[53.69992,54.58845],[53.68786,54.59422],[53.68543,54.59532],[53.67817,54.59876],[53.67788,54.59939]],[[53.68023,54.07129],[53.67807,54.07189],[53.67856,54.07323]],[[53.70136,54.5906],[53.68774,54.59701],[53.68541,54.59807],[53.68053,54.6004]],[[53.69349,54.60111],[53.68161,54.60861]],[[53.68423,54.61805],[53.68404,54.61793]],[[53.68404,54.61793],[53.68443,54.6179]],[[53.68419,54.61229],[53.69342,54.60682],[53.69754,54.60429],[53.70007,54.6027],[53.7002,54.60263],[53.7029,54.60093],[53.70328,54.60069],[53.70662,54.59864],[53.71636,54.59578]],[[53.68454,54.61859],[53.68431,54.61817]],[[53.69214,54.62112],[53.69192,54.62127],[53.69081,54.62192],[53.69045,54.62209],[53.68974,54.62199],[53.68896,54.62168],[53.68874,54.62154],[53.68454,54.61859]],[[53.68472,54.61819],[53.68454,54.61859]],[[53.68455,54.61789],[53.68479,54.61814],[53.68425,54.61812],[53.68423,54.61805],[53.68426,54.61799],[53.68455,54.61789]],[[53.68455,54.61789],[53.68549,54.61782]],[[53.68549,54.61782],[53.68479,54.61814]],[[53.68543,54.59532],[53.68774,54.59701],[53.69349,54.60111]],[[53.69152,54.61683],[53.68549,54.61782]],[[53.69152,54.61683],[53.69141,54.61599]],[[53.7012,54.61116],[53.69152,54.61683]],[[53.69156,55.03236],[53.70063,55.03485],[53.70788,55.03954],[53.71629,55.03794],[53.72576,55.03255]],[[53.72681,54.00469],[53.72769,54.01055],[53.73621,54.0217],[53.73858,54.0267],[53.73799,54.0412],[53.73632,54.04705],[53.73137,54.05703],[53.72801,54.05849],[53.70978,54.06127],[53.69181,54.06668]],[[53.69192,54.62127],[53.69174,54.62103],[53.69258,54.62081]],[[53.69214,54.62112],[53.69189,54.62103],[53.69174,54.62103],[53.69146,54.62108],[53.69004,54.6215],[53.68933,54.6221],[53.68807,54.62372],[53.68644,54.62519],[53.68619,54.62577],[53.6875,54.63567],[53.68525,54.63916],[53.68984,54.64298],[53.69084,54.64592],[53.68851,54.65099],[53.67686,54.66076],[53.66968,54.66522],[53.66845,54.66745],[53.6658,54.68539],[53.65095,54.69801],[53.64833,54.7037],[53.65548,54.72973],[53.64893,54.7381],[53.64529,54.74104],[53.64473,54.744],[53.64088,54.74688],[53.64473,54.75076],[53.64535,54.75352],[53.6376,54.76199],[53.63574,54.76271],[53.6384,54.76831],[53.63726,54.77077],[53.63407,54.77228],[53.63274,54.77495],[53.63081,54.78537],[53.63121,54.79201],[53.64051,54.80363],[53.64854,54.82459],[53.65679,54.83027],[53.66042,54.8296],[53.66748,54.83671],[53.68179,54.83017],[53.69044,54.83081],[53.70491,54.84404],[53.7071,54.84487],[53.7564,54.85453]],[[53.70824,54.60972],[53.69924,54.61467],[53.69787,54.61566],[53.69333,54.62022],[53.69258,54.62081],[53.69214,54.62112]],[[53.69349,54.60111],[53.69488,54.60018],[53.69508,54.6001],[53.6952,54.60003],[53.69631,54.59933],[53.6981,54.5982],[53.7039,54.59449]],[[53.70824,54.60972],[53.71219,54.61239],[53.7019,54.62043],[53.70008,54.62144],[53.69485,54.61872]],[[53.69488,54.60018],[53.69497,54.60005]],[[53.70692,54.60631],[53.70638,54.60601],[53.70215,54.6038],[53.70007,54.6027],[53.69613,54.60063],[53.69508,54.6001],[53.69497,54.60005]],[[53.69497,54.60005],[53.69509,54.59997],[53.69635,54.59918],[53.698,54.59815],[53.70385,54.59441]],[[53.69509,54.59997],[53.6952,54.60003],[53.69622,54.60056],[53.69744,54.60119],[53.69773,54.60134],[53.7002,54.60263],[53.7023,54.60372],[53.70445,54.60484],[53.70464,54.60494],[53.70701,54.60616],[53.70692,54.60631],[53.7059,54.60791],[53.70633,54.6082]],[[53.7132,54.6069],[53.70824,54.60972]],[[53.71762,54.59651],[53.71924,54.59752],[53.71388,54.6006],[53.71471,54.60202],[53.71041,54.60432]],[[53.87707,53.91449],[53.87047,53.913],[53.835,53.91157],[53.79376,53.90444],[53.76534,53.89267],[53.73781,53.88861],[53.72926,53.87951],[53.71114,53.86906]],[[53.75114,53.75581],[53.75225,53.75672],[53.75097,53.75922],[53.75536,53.76959],[53.75316,53.77445],[53.75636,53.78532],[53.75544,53.7898],[53.74487,53.80049],[53.74357,53.80318],[53.75158,53.81261],[53.74457,53.81763],[53.7304,53.83114],[53.72444,53.84125],[53.7243,53.84626],[53.73551,53.85304],[53.71114,53.86906]],[[53.73914,54.59368],[53.74375,54.59641],[53.73194,54.60354],[53.73075,54.60307],[53.7244,54.60677],[53.71691,54.60662]],[[53.77029,54.44093],[53.76154,54.43631],[53.75116,54.42526],[53.74547,54.41694],[53.73927,54.41569],[53.73471,54.4114],[53.73083,54.41053],[53.72776,54.40816]],[[53.72963,54.98959],[53.74305,54.99447],[53.75385,54.99591],[53.76814,55.00189],[53.76934,55.003],[53.7689,55.00637],[53.78532,55.01506],[53.8002,55.02472],[53.80546,55.02376],[53.8117,55.02451],[53.81941,55.02742],[53.84485,55.03097],[53.8612,55.03426],[53.8614,55.03721],[53.86659,55.0378],[53.86793,55.03594],[53.88917,55.02927],[53.90006,55.0376],[53.90541,55.06829],[53.88826,55.07833],[53.88503,55.09037],[53.8892,55.11043],[53.87632,55.13346],[53.88054,55.1377]],[[53.73002,54.22878],[53.7451,54.22029],[53.77062,54.21017],[53.7794,54.20468],[53.7808,54.20293],[53.77869,54.20087],[53.78026,54.19929],[53.81652,54.18412],[53.82526,54.1814],[53.84316,54.17933],[53.85052,54.17534],[53.86311,54.17159],[53.89574,54.1674],[53.89558,54.16531],[53.90112,54.16536],[53.90431,54.17251],[53.90764,54.17553],[53.91042,54.18045],[53.92135,54.19054]],[[53.82526,54.1814],[53.81987,54.17526],[53.8012,54.15857],[53.79333,54.15586],[53.78875,54.15284],[53.78277,54.14256],[53.77804,54.13792],[53.76456,54.12909],[53.75341,54.1195],[53.74666,54.11637],[53.74207,54.11234]],[[53.7608,54.63111],[53.76586,54.63034],[53.77909,54.62699],[53.79172,54.62704],[53.79629,54.62894],[53.80433,54.62721],[53.81133,54.62975],[53.85895,54.63194],[53.87676,54.62869],[53.89565,54.61483],[53.9042,54.59359]],[[53.76978,54.44034],[53.7707,54.44016]],[[53.77268,54.62859],[53.76953,54.62312],[53.77801,54.62176],[53.78073,54.61859],[53.77983,54.61812],[53.78278,54.61732]],[[53.82267,54.55732],[53.81573,54.55787],[53.81456,54.55703],[53.80476,54.56007],[53.79981,54.55639],[53.77844,54.55612]],[[53.77844,54.55612],[53.7768,54.55809],[53.77599,54.56698],[53.77946,54.56945],[53.77922,54.57324]],[[53.781,55.16505],[53.78424,55.17347],[53.79043,55.18164],[53.79684,55.18858],[53.8084,55.18795],[53.80676,55.18115],[53.80261,55.1768]],[[53.99002,54.54827],[53.98134,54.53898],[53.99592,54.53539],[53.99848,54.53342],[53.99272,54.52763],[53.98859,54.51397],[53.99918,54.50053],[54.0107,54.50003],[54.01059,54.4977],[54.0085,54.48929],[54.00791,54.48101],[54.00296,54.47283],[54.00298,54.46663],[53.99928,54.46204],[53.99299,54.45693],[53.99182,54.45557],[53.99122,54.45493],[53.9866,54.44992],[53.98251,54.44608],[53.96087,54.44229],[53.89026,54.44103],[53.87746,54.44427],[53.82536,54.44174],[53.81974,54.43876],[53.80357,54.42687],[53.79132,54.42399],[53.78392,54.42595]],[[53.78442,54.4216],[53.78394,54.42129]],[[53.78394,54.42129],[53.78465,54.42111]],[[53.79985,55.17774],[53.79439,55.17276],[53.78424,55.16605]],[[53.7878,54.80946],[53.79731,54.8094],[53.83453,54.79987],[53.85342,54.80296],[53.87345,54.7976],[53.90225,54.79627],[53.93006,54.78821]],[[53.79451,55.18605],[53.80135,55.18311],[53.79647,55.17904],[53.79525,55.17786],[53.79507,55.17778],[53.78921,55.17986]],[[53.79647,55.17904],[53.79985,55.17774]],[[53.80261,55.1768],[53.79985,55.17774]],[[53.80175,53.97613],[53.80266,53.9779],[53.80044,53.9814],[53.80871,53.98366]],[[53.81041,55.17407],[53.80261,55.1768]],[[53.81699,53.97759],[53.82597,53.98238],[53.83145,53.98808],[53.83156,53.98952],[53.83146,53.99243],[53.8306,53.99374],[53.82066,53.99648],[53.81786,53.99925],[53.82583,54.008],[53.82726,54.0111],[53.82813,54.01826],[53.82663,54.02215],[53.82586,54.03021],[53.82742,54.03708]],[[53.9042,54.59359],[53.89198,54.59215],[53.88226,54.58743],[53.86664,54.58314],[53.8628,54.57949],[53.859,54.56862],[53.85473,54.56475],[53.81858,54.56164]],[[54.19534,55.22419],[54.19213,55.22415],[54.18971,55.22563],[54.17416,55.22133],[54.09768,55.21966],[54.09479,55.22074],[54.052,55.24996],[54.04741,55.25187],[54.04425,55.25567],[54.0397,55.25728],[54.03481,55.26142],[53.98864,55.25153],[53.98413,55.24909],[53.94383,55.23763],[53.92368,55.2288],[53.89264,55.21779],[53.89085,55.21647],[53.89019,55.21298],[53.88702,55.21171],[53.88592,55.20984],[53.86981,55.2028],[53.86136,55.19713],[53.84541,55.18982],[53.83845,55.18539],[53.83139,55.17962],[53.82608,55.17099],[53.82187,55.16865]],[[53.8238,55.1696],[53.85032,55.17458],[53.8724,55.17154],[53.91944,55.17704],[53.92632,55.17292],[53.92944,55.17243],[53.94136,55.17235],[53.95546,55.17457],[53.96084,55.17265],[53.98639,55.15293],[53.99168,55.15005],[53.999,55.14889],[53.9904,55.13679]],[[53.8307,53.98951],[53.83156,53.98952],[53.83249,53.98952]],[[53.83213,54.71034],[53.84709,54.70419],[53.91557,54.69979],[53.9247,54.6978],[53.94077,54.69665],[53.95263,54.69369],[53.95907,54.67984],[53.95306,54.6508],[53.96007,54.6391],[53.96569,54.63526],[53.97028,54.61733],[53.97013,54.61175]],[[53.9025,54.88397],[53.89505,54.89052],[53.87276,54.90137],[53.85028,54.90204],[53.8396,54.89861]],[[53.84672,54.53472],[53.86233,54.53763],[53.86586,54.53719]],[[53.92864,53.90421],[53.92692,53.90264],[53.9264,53.90217],[53.92555,53.90144],[53.92451,53.90049],[53.92406,53.90008],[53.92346,53.89953],[53.899,53.90448]],[[53.90286,53.97739],[53.91449,53.97517],[53.94911,53.97753],[53.99522,53.96197],[54.03217,53.95968],[54.0386,53.9617],[54.07564,53.98221],[54.07698,53.98433],[54.07682,54.00163]],[[53.909,54.59295],[53.9042,54.59359]],[[54.06807,54.6518],[54.06275,54.6517],[54.0571,54.65012],[54.03218,54.64058],[54.00582,54.62495],[53.97815,54.61418],[53.97794,54.61321],[53.97478,54.61216],[53.96054,54.61081],[53.94418,54.60382],[53.93194,54.60118],[53.909,54.59295]],[[54.0717,54.53196],[54.06648,54.53282],[54.06335,54.53604],[54.05015,54.5387],[54.039,54.54415],[54.0073,54.5476],[53.99183,54.54781],[53.99002,54.54827],[53.98613,54.54961],[53.97124,54.558],[53.9555,54.57415],[53.93127,54.58905],[53.92146,54.59278],[53.909,54.59295]],[[53.92135,54.19054],[53.91217,54.19117],[53.90355,54.19729],[53.90209,54.20144],[53.9006,54.23087],[53.91151,54.24135]],[[53.92917,53.90107],[53.92886,53.90118],[53.92805,53.9015],[53.9264,53.90217],[53.92124,53.90411]],[[53.92135,54.19054],[53.928,54.18939],[53.96757,54.17623],[53.97191,54.17082],[53.97607,54.16143],[53.97984,54.15818],[54.01628,54.14882],[54.02018,54.14533],[54.02862,54.14075],[54.05922,54.13454],[54.07278,54.12798],[54.08386,54.1247],[54.08991,54.12412]],[[53.92406,53.90008],[53.92654,53.89916],[53.92689,53.89904]],[[53.93116,53.90323],[53.93003,53.90221],[53.92886,53.90118],[53.92654,53.89916]],[[53.92689,53.89904],[53.92917,53.90107]],[[53.92689,53.89904],[53.92869,53.89837],[53.92932,53.89811],[53.93381,53.89641]],[[53.93093,53.90627],[53.92864,53.90421]],[[53.93665,53.90111],[53.93387,53.90218],[53.93265,53.90266],[53.93147,53.90311],[53.93137,53.90315],[53.93116,53.90323],[53.931,53.90329],[53.93077,53.90338],[53.92864,53.90421]],[[53.92917,53.90107],[53.93147,53.90311]],[[53.93436,53.89906],[53.93326,53.89948],[53.93223,53.89989],[53.93164,53.90012],[53.93101,53.90037],[53.92917,53.90107]],[[53.92938,53.89809],[53.93083,53.89939],[53.93164,53.90012],[53.93339,53.90171],[53.93387,53.90218],[53.93616,53.90422]],[[53.94133,53.90534],[53.93327,53.90833],[53.93093,53.90627]],[[53.93896,53.90318],[53.93093,53.90627]],[[53.93426,55.90923],[53.93411,55.90891]],[[53.93472,55.93042],[53.93531,55.9215],[53.93342,55.91565],[53.93426,55.90923]],[[53.93474,55.9089],[53.93426,55.90923]],[[54.04381,55.98705],[54.02414,55.97124],[53.93472,55.93042]],[[54.04381,55.98705],[54.03233,55.99196],[54.03197,55.99398],[54.02637,55.99729],[54.01678,55.99934],[53.97196,55.99168],[53.96654,55.98909],[53.93613,55.98764],[53.89005,55.97925],[53.88126,55.97825],[53.87484,55.9801],[53.87322,55.97916],[53.87098,55.97503],[53.87069,55.96848],[53.86411,55.94874],[53.86732,55.93836],[53.88298,55.93187],[53.90699,55.92401],[53.92091,55.9243],[53.93472,55.93042]],[[53.9368,55.89184],[53.93764,55.88509],[53.93627,55.88025]],[[53.9368,55.89184],[53.93734,55.89233],[53.9362,55.89231],[53.93622,55.89204],[53.9368,55.89184]],[[53.93737,55.89212],[53.95728,55.89113],[53.95497,55.89787],[53.95577,55.90934]],[[53.99348,53.77794],[53.99043,53.77601],[53.96653,53.76861],[53.93853,53.76434]],[[53.94363,53.88457],[53.94322,53.8843]],[[53.94697,54.46044],[53.95709,54.46309],[53.96372,54.46647],[53.96406,54.46757]],[[53.96406,54.46757],[53.95453,54.47449]],[[53.96155,54.46536],[53.95605,54.46749]],[[53.96406,54.46757],[53.96828,54.4655],[53.96878,54.46618]],[[53.96828,54.4655],[53.98025,54.45971]],[[53.97484,54.80053],[53.98169,54.81002],[53.98807,54.81601],[53.99491,54.81811],[53.99611,54.82086]],[[53.97623,54.80101],[53.97563,54.80137]],[[53.97984,54.45938],[53.99122,54.45493]],[[53.9836,53.59669],[53.98376,53.60042],[53.98921,53.60276],[53.9906,53.60588],[53.99259,53.60689],[53.99463,53.60999],[54.00018,53.61168],[54.00868,53.62727],[54.02994,53.65619]],[[53.99348,53.77794],[53.99977,53.78415],[54.00897,53.7856],[54.01255,53.78739],[54.01851,53.79483],[54.02352,53.80873],[54.05666,53.8479],[54.08008,53.8652],[54.08509,53.87487],[54.08963,53.87977],[54.11363,53.89434],[54.11944,53.90138]],[[54.10757,53.78656],[54.10315,53.77965],[54.09814,53.77765],[54.03186,53.77667],[54.0221,53.77475],[53.99513,53.77693],[53.99348,53.77794]],[[54.00662,54.82262],[54.00094,54.82542],[53.99776,54.82344],[53.99611,54.82086]],[[53.99611,54.82086],[53.99186,54.82103],[53.98019,54.8269],[53.96616,54.83999],[53.95592,54.84781],[53.9309,54.85776],[53.91211,54.86728],[53.9025,54.88397],[53.91166,54.89738],[53.91449,54.90431],[53.91441,54.91147],[53.891,54.93515],[53.88425,54.94343],[53.88913,54.94895],[53.91244,54.95741],[53.92096,54.95911],[53.93469,54.96709],[53.9478,54.97115],[53.96071,54.97774],[53.98765,54.98646],[53.98946,54.98674],[53.99163,54.98447],[53.9992,54.98109],[54.00971,54.97962],[54.03986,54.9917]],[[53.99699,55.91794],[53.99746,55.91781]],[[53.99747,55.91804],[53.99744,55.91818]],[[54.02994,53.65619],[54.0355,53.67074],[54.0428,53.68507],[54.04573,53.7118],[54.04409,53.71337],[54.01209,53.71466],[54.00535,53.72696],[54.00022,53.73934],[53.98629,53.74694],[53.99129,53.7662],[53.99558,53.77418],[53.998,53.77665]],[[54.00436,55.91948],[54.0043,55.91966]],[[54.00606,55.91983],[54.00619,55.9196]],[[54.01754,54.82963],[54.01618,54.82863],[54.01212,54.82553],[54.00952,54.82364],[54.00662,54.82262]],[[54.00662,54.82262],[54.01001,54.82058],[54.0174,54.81868]],[[54.01618,54.82863],[54.01692,54.82843]],[[54.01682,54.39812],[54.03923,54.40159],[54.04964,54.4054],[54.06374,54.42153],[54.07471,54.43068],[54.07656,54.43439]],[[54.01753,54.81676],[54.02018,54.81584],[54.08182,54.82397],[54.11371,54.84337],[54.12068,54.84523],[54.13069,54.85105],[54.14907,54.8641],[54.1516,54.86705],[54.17842,54.88064],[54.18144,54.8785],[54.21548,54.89355]],[[54.02994,53.65619],[54.05887,53.65515],[54.06396,53.65076],[54.08273,53.65518],[54.08867,53.65029],[54.10819,53.64587],[54.13034,53.63815],[54.13484,53.63762],[54.14036,53.64082],[54.14583,53.64219],[54.16387,53.63985],[54.17519,53.63968],[54.19842,53.64338]],[[54.03499,54.0421],[54.04752,54.04066],[54.0553,54.03672],[54.0616,54.02998],[54.06747,54.01692],[54.07625,54.00976],[54.07682,54.00163]],[[54.03983,54.37204],[54.05088,54.35891],[54.06096,54.36044],[54.08239,54.34975],[54.0873,54.3489],[54.09552,54.35066],[54.09808,54.35314],[54.09634,54.35425],[54.09697,54.3559],[54.10458,54.36521],[54.11586,54.3752],[54.1198,54.38025],[54.13033,54.38651],[54.14015,54.40616],[54.13977,54.41296],[54.1381,54.41508],[54.14082,54.41776],[54.1417,54.42184],[54.14646,54.42761],[54.15839,54.43408],[54.16786,54.44221],[54.1683,54.44506],[54.1781,54.45257],[54.17935,54.45557],[54.19133,54.46908],[54.19536,54.47823],[54.19476,54.48025],[54.19856,54.48402]],[[54.04659,55.98596],[54.04381,55.98705]],[[54.12981,56.00837],[54.04659,55.98596]],[[54.13713,55.94731],[54.04659,55.98596]],[[54.35209,55.34939],[54.345,55.34655],[54.31431,55.33834],[54.29575,55.32983],[54.26281,55.32272],[54.26027,55.3197],[54.24937,55.3154],[54.23438,55.29783],[54.22216,55.29391],[54.21081,55.28571],[54.20028,55.27982],[54.16515,55.2728],[54.15912,55.26606],[54.12631,55.25762],[54.05004,55.25081]],[[54.05449,55.1268],[54.04631,55.10392],[54.04689,55.08788],[54.05132,55.0861]],[[54.05757,55.92264],[54.05641,55.91969],[54.06101,55.91585],[54.07011,55.90124],[54.0672,55.8951],[54.06512,55.89409],[54.06195,55.88852]],[[54.06795,56.05513],[54.07745,56.05525],[54.08107,56.04295],[54.08493,56.03895],[54.14653,56.0159],[54.14603,56.01268]],[[54.30186,54.60565],[54.28207,54.61346],[54.26696,54.60923],[54.24626,54.60815],[54.23984,54.6112],[54.24425,54.61517],[54.24522,54.6177],[54.24183,54.62327],[54.2282,54.62425],[54.21871,54.62268],[54.21198,54.62362],[54.19684,54.62858],[54.1938,54.6315],[54.18947,54.64035],[54.1835,54.65694],[54.17984,54.65986],[54.17891,54.66287],[54.17633,54.66523],[54.1674,54.66564],[54.11789,54.65794],[54.09956,54.65702],[54.07686,54.64971],[54.07163,54.64565]],[[54.0717,54.53196],[54.0779,54.53662],[54.0804,54.54169],[54.09094,54.54319],[54.10791,54.54811],[54.11582,54.55284]],[[54.07185,54.53111],[54.0717,54.53196]],[[54.15931,54.02918],[54.15608,54.02782],[54.15133,54.01948],[54.14412,54.01636],[54.14176,54.0176],[54.12706,54.01798],[54.12543,54.01683],[54.12546,54.01417],[54.1145,54.00849],[54.09193,54.00447],[54.08721,54.00083],[54.07682,54.00163]],[[54.07788,55.78242],[54.08049,55.78311],[54.08892,55.79111],[54.09086,55.79255],[54.09294,55.79383],[54.09433,55.79467],[54.09726,55.79629],[54.09926,55.79762],[54.10819,55.80494],[54.11089,55.80983],[54.11357,55.81209],[54.11389,55.81433],[54.12179,55.82367],[54.12271,55.82737],[54.12997,55.83154],[54.13963,55.84286],[54.16317,55.8571],[54.18415,55.86287],[54.18446,55.86457],[54.18238,55.86861],[54.18898,55.87577],[54.2348,55.85805],[54.23913,55.85884],[54.28156,55.87611],[54.32522,55.87901],[54.34186,55.89058]],[[54.08228,55.12791],[54.08712,55.13133],[54.10617,55.13356],[54.11731,55.13006],[54.13022,55.13365],[54.13442,55.13727],[54.14007,55.13952],[54.14663,55.13806],[54.15196,55.13894],[54.15905,55.14267],[54.185,55.16599],[54.20085,55.17619],[54.20624,55.18417],[54.20741,55.18788],[54.19275,55.20211],[54.1885,55.21468],[54.19601,55.22348],[54.19534,55.22419]],[[54.0848,54.54495],[54.08579,54.54373],[54.08491,54.54235]],[[54.08701,54.72878],[54.1205,54.74784],[54.13528,54.75395],[54.15162,54.75768],[54.17983,54.76979],[54.19696,54.78],[54.20499,54.78117]],[[54.09405,54.09486],[54.10469,54.08994]],[[54.1009,54.10296],[54.09657,54.10293]],[[54.09675,54.10192],[54.10089,54.10196]],[[54.09741,54.09866],[54.10027,54.09716],[54.10165,54.09649],[54.10375,54.09551],[54.10858,54.09308]],[[54.12778,54.11529],[54.1097,54.10241],[54.10625,54.09984],[54.10287,54.09741],[54.10165,54.09649],[54.10064,54.09574],[54.09989,54.09518],[54.09888,54.09446],[54.09745,54.09336]],[[54.09977,54.53409],[54.10292,54.53463]],[[54.10007,54.10896],[54.10599,54.11326]],[[54.10089,54.10196],[54.10089,54.10242]],[[54.10089,54.10196],[54.10583,54.09957]],[[54.10089,54.10242],[54.1009,54.10296],[54.10098,54.10307],[54.11148,54.11058]],[[54.10857,54.09879],[54.10638,54.09983],[54.10625,54.09984],[54.105,54.10042],[54.10089,54.10242]],[[54.1015,54.53397],[54.10009,54.52922],[54.09455,54.51899],[54.10155,54.51442]],[[54.10199,54.11535],[54.10187,54.11524]],[[54.1038,55.83734],[54.08645,55.82059],[54.08642,55.80495],[54.08773,55.79971],[54.09015,55.7964],[54.09294,55.79383],[54.09721,55.78952],[54.09785,55.78909],[54.13136,55.78768],[54.16052,55.79377],[54.17197,55.79311],[54.21652,55.78258],[54.24202,55.77843],[54.24668,55.77868],[54.24906,55.78056],[54.25142,55.7852],[54.25224,55.79425],[54.26015,55.80444],[54.25517,55.80836],[54.25278,55.8119],[54.24559,55.82786],[54.23312,55.83838],[54.23151,55.84111],[54.22133,55.84852],[54.21483,55.85788],[54.2064,55.8643],[54.20857,55.86786]],[[54.34933,53.83318],[54.34665,53.83158],[54.34712,53.82961],[54.34273,53.8254],[54.32937,53.82313],[54.32235,53.81759],[54.31923,53.81759],[54.31711,53.81581],[54.2922,53.81068],[54.28781,53.80674],[54.27375,53.80867],[54.24907,53.80594],[54.24187,53.8077],[54.23387,53.81124],[54.22485,53.8182],[54.21278,53.82377],[54.19147,53.82756],[54.17861,53.83661],[54.13252,53.84447],[54.12904,53.83926],[54.12572,53.83717],[54.10757,53.78656]],[[54.10757,53.78656],[54.13847,53.78619]],[[54.1168,54.55192],[54.1094,54.54729],[54.10791,54.54811]],[[54.17586,54.01851],[54.17816,54.01597],[54.17927,54.01205],[54.18285,53.99291],[54.18652,53.98187],[54.18587,53.97806],[54.18214,53.97396],[54.13786,53.95143],[54.13639,53.94927],[54.13125,53.92027],[54.11944,53.90138]],[[54.11944,53.90138],[54.13068,53.89889],[54.13771,53.89947],[54.14279,53.89468],[54.20161,53.8989],[54.22651,53.90955],[54.22856,53.91203]],[[54.12126,54.12028],[54.11734,54.12404],[54.1121,54.13713],[54.11214,54.14894],[54.11369,54.15292],[54.12143,54.1596],[54.13202,54.16539],[54.13823,54.171],[54.14221,54.17494],[54.1563,54.19489],[54.16279,54.19981],[54.16588,54.20047],[54.16918,54.19924],[54.17694,54.1992],[54.18106,54.20047],[54.18327,54.20609],[54.18953,54.21345],[54.20435,54.24665],[54.20363,54.24983],[54.20527,54.26292],[54.21404,54.27604],[54.21956,54.28988],[54.22734,54.29421],[54.23044,54.29969],[54.24039,54.30275],[54.24464,54.30659],[54.24913,54.3088],[54.25977,54.32447],[54.28163,54.33909],[54.29325,54.34452],[54.29355,54.34642],[54.31076,54.36433],[54.32528,54.36642],[54.3383,54.36424],[54.35539,54.36769],[54.38387,54.37009],[54.39512,54.37219],[54.40489,54.36811],[54.42789,54.38441]],[[54.12343,54.09768],[54.12279,54.09748]],[[54.13584,54.09161],[54.12713,54.09566],[54.12343,54.09768],[54.12314,54.09812]],[[54.12612,55.97769],[54.13352,55.98972],[54.12981,56.00837]],[[54.12759,55.93352],[54.12691,55.94626],[54.13713,55.94731]],[[54.14603,56.01268],[54.12981,56.00837]],[[54.19856,54.48402],[54.19394,54.48576],[54.17776,54.4978],[54.17521,54.50357],[54.15978,54.51943],[54.15491,54.5208],[54.14811,54.5248],[54.13153,54.53918]],[[54.13238,54.26411],[54.12916,54.26327],[54.11554,54.2636],[54.12392,54.2435],[54.13433,54.2272],[54.14022,54.21319],[54.14699,54.20326],[54.15729,54.19573]],[[54.23671,55.46568],[54.24047,55.47052],[54.23476,55.47599],[54.22722,55.48698],[54.21723,55.51705],[54.23732,55.52949],[54.2145,55.54183],[54.2139,55.54414],[54.21574,55.55173],[54.21259,55.55387],[54.20428,55.55392],[54.19571,55.54502],[54.17848,55.55397],[54.16114,55.55808],[54.13711,55.56159],[54.13346,55.5594]],[[54.14598,54.10754],[54.13828,54.10116],[54.14218,54.09739],[54.13584,54.09161]],[[54.13584,54.09161],[54.1385,54.09039]],[[54.13713,55.94731],[54.14993,55.94833]],[[54.13713,55.94731],[54.14405,55.94443]],[[54.13841,53.40002],[54.14749,53.41811],[54.15407,53.42381],[54.16151,53.44302],[54.1659,53.44844],[54.17365,53.46157],[54.18048,53.47283],[54.17562,53.4795],[54.18237,53.48898],[54.18717,53.49244],[54.18966,53.51842],[54.19386,53.52132],[54.19349,53.52313],[54.19481,53.52403],[54.20748,53.52684],[54.20767,53.52698],[54.2123,53.52951],[54.21349,53.53022],[54.21393,53.5311],[54.21162,53.5405],[54.20578,53.5485],[54.20532,53.54918],[54.20278,53.55263],[54.19958,53.5577],[54.18861,53.57212],[54.1802,53.58101],[54.17448,53.59297],[54.17576,53.5967],[54.18007,53.59904],[54.18426,53.60488],[54.19191,53.60804],[54.19972,53.62579],[54.19842,53.64338]],[[54.13977,53.80724],[54.1389,53.80727]],[[54.1395,54.09479],[54.14909,54.09015]],[[54.14603,56.01268],[54.15237,56.01344],[54.19606,55.99634],[54.23014,55.95845]],[[54.1538,56.12399],[54.1606,56.12348],[54.16535,56.12135],[54.17247,56.12595],[54.17476,56.13426],[54.16816,56.14168],[54.16846,56.14441]],[[54.15795,55.39047],[54.1611,55.39119],[54.17967,55.39621],[54.18388,55.39646],[54.18987,55.39848],[54.20243,55.40411],[54.20294,55.40628]],[[54.15924,55.55836],[54.16506,55.5675],[54.17824,55.581],[54.19529,55.59314],[54.21853,55.61376],[54.22912,55.62921],[54.20953,55.63676],[54.20196,55.6384],[54.20978,55.64824],[54.2215,55.65467],[54.23877,55.67284],[54.24745,55.67869],[54.25302,55.681],[54.26689,55.6833],[54.28307,55.68282]],[[54.16012,55.39159],[54.1611,55.39119]],[[54.17326,54.11372],[54.18311,54.11208],[54.18855,54.11302],[54.1895,54.11089],[54.20562,54.09973],[54.21298,54.08204],[54.21754,54.07689],[54.26212,54.04798],[54.26869,54.04586],[54.28902,54.04273],[54.30417,54.03511],[54.33613,54.03169],[54.34861,54.02758],[54.37357,54.02873]],[[54.4513,53.53077],[54.42099,53.51177],[54.41189,53.50471],[54.40577,53.48855],[54.38037,53.47781],[54.36532,53.47629],[54.32719,53.46868],[54.31635,53.46791],[54.29636,53.4622],[54.2917,53.45894],[54.27828,53.45495],[54.26448,53.44908],[54.21728,53.44549],[54.20146,53.45459],[54.17365,53.46157]],[[54.26647,56.03886],[54.22962,56.03957],[54.20697,56.03837],[54.20239,56.03951],[54.19613,56.03861],[54.19507,56.03721]],[[54.38289,55.2762],[54.35033,55.26162],[54.3412,55.25442],[54.33553,55.25137],[54.3271,55.25082],[54.29462,55.23951],[54.29267,55.23989],[54.28694,55.24555],[54.27411,55.24779],[54.26892,55.2472],[54.24845,55.24204],[54.22235,55.23128],[54.20377,55.22754],[54.2013,55.22354],[54.19534,55.22419]],[[54.1988,55.45934],[54.19748,55.45969]],[[54.30495,55.44572],[54.28067,55.44991],[54.23671,55.46568],[54.22778,55.46641],[54.22034,55.46362],[54.19824,55.45949]],[[54.19842,53.64338],[54.19863,53.64908],[54.21439,53.65351],[54.24653,53.69244]],[[54.19856,54.48402],[54.22146,54.50979],[54.22429,54.51715],[54.22865,54.52196],[54.21754,54.53603],[54.21603,54.5407],[54.21881,54.54591],[54.22411,54.54694],[54.233,54.56342]],[[54.20499,54.78117],[54.20851,54.78286]],[[54.20499,54.78117],[54.21946,54.77396],[54.23588,54.77342],[54.24163,54.77375],[54.25892,54.78062],[54.26665,54.78163]],[[54.20544,54.56142],[54.23977,54.56428],[54.24841,54.56886],[54.27078,54.58743],[54.26861,54.58878]],[[54.20578,53.5485],[54.24787,53.53897],[54.25829,53.53997],[54.2644,53.53722],[54.2766,53.53472],[54.27889,53.53256]],[[54.20767,53.52698],[54.21039,53.52695],[54.21236,53.52587],[54.21836,53.52358],[54.21808,53.51931],[54.21897,53.51763],[54.26607,53.49076],[54.27277,53.48972],[54.28298,53.49063],[54.29645,53.4955],[54.31222,53.49515],[54.31363,53.49355],[54.31401,53.48603],[54.31671,53.48005],[54.31409,53.46727]],[[54.24224,55.73118],[54.2291,55.73824],[54.22657,55.74079],[54.22619,55.74448],[54.21353,55.74702]],[[54.21527,53.52482],[54.21608,53.52832],[54.21393,53.5311]],[[54.21872,55.61398],[54.25533,55.60054],[54.25957,55.59107],[54.26913,55.58948],[54.26966,55.58894],[54.27081,55.58593],[54.27188,55.58349],[54.27334,55.58146],[54.3003,55.55794],[54.33137,55.54921],[54.34702,55.54161],[54.35691,55.5387],[54.37683,55.52862]],[[54.21923,56.10856],[54.23328,56.12192]],[[54.22158,56.10513],[54.22882,56.1031]],[[54.22856,53.91203],[54.22732,53.91284],[54.23273,53.91526],[54.23268,53.92036],[54.23565,53.92144],[54.23541,53.92475],[54.23809,53.92534]],[[54.22856,53.91203],[54.23852,53.90755],[54.25159,53.89428],[54.25566,53.89206],[54.25782,53.89242],[54.26642,53.88773],[54.26933,53.887],[54.27292,53.88857],[54.28062,53.88539],[54.28746,53.88451],[54.29178,53.88235],[54.30455,53.87964],[54.31501,53.88063],[54.31974,53.87514],[54.31155,53.87225],[54.31235,53.87047],[54.31045,53.86744],[54.313,53.86024],[54.31997,53.85637],[54.32741,53.8546],[54.3286,53.85021],[54.33686,53.83863],[54.34933,53.83318]],[[54.23588,54.77342],[54.23492,54.76867],[54.22611,54.75904],[54.22982,54.75778]],[[54.24259,56.11724],[54.23067,56.10548]],[[54.23081,56.10543],[54.23622,56.11062],[54.23631,56.11071],[54.23633,56.11073],[54.24276,56.11719]],[[54.23325,56.08263],[54.23145,56.08098]],[[54.23244,56.09424],[54.2402,56.10168]],[[54.23338,56.10792],[54.23321,56.10798]],[[54.23386,56.09387],[54.23377,56.09379]],[[54.23596,55.5696],[54.24618,55.5791],[54.27081,55.58593],[54.30368,55.60892],[54.30552,55.60902],[54.30951,55.61243],[54.31866,55.61708],[54.32045,55.61595],[54.32628,55.61878],[54.33444,55.61635],[54.34888,55.60772],[54.3757,55.60449]],[[54.23631,56.11071],[54.23609,56.11077]],[[54.23732,55.52949],[54.24747,55.53236],[54.25592,55.52858],[54.26428,55.52298],[54.27024,55.51693],[54.27748,55.51591]],[[54.25488,56.11313],[54.24294,56.10169]],[[54.25422,55.93468],[54.25099,55.92773],[54.24179,55.91793],[54.24125,55.91381],[54.24615,55.91427]],[[54.25692,53.70725],[54.252,53.70473],[54.25052,53.70241]],[[54.25175,56.1035],[54.26023,56.11145],[54.26496,56.10999],[54.25641,56.10199]],[[54.29724,55.08299],[54.2929,55.09033],[54.28899,55.10132],[54.28907,55.1043],[54.29235,55.10827],[54.29215,55.1219],[54.28978,55.12167],[54.2762,55.12627],[54.26658,55.12769],[54.26332,55.1306],[54.2554,55.12937],[54.25454,55.13162]],[[54.25711,55.99362],[54.29441,55.98446],[54.32347,55.98542],[54.38893,55.97236],[54.43109,55.94976]],[[54.25864,55.80782],[54.26247,55.80388],[54.2617,55.80278],[54.26263,55.80175],[54.25495,55.79232],[54.25561,55.78709],[54.2522,55.77942],[54.25295,55.7736],[54.27018,55.76318],[54.27108,55.76045],[54.2887,55.74742],[54.3149,55.74431],[54.34603,55.74576],[54.36631,55.74304],[54.3986,55.74571],[54.41819,55.75285],[54.44117,55.75138],[54.44457,55.75316],[54.45158,55.76772],[54.45,55.77426]],[[54.25984,56.08475],[54.26566,56.08581]],[[54.26068,56.05052],[54.26123,56.04891],[54.26427,56.04821],[54.2678,56.04527],[54.27711,56.04173],[54.32349,56.03301]],[[54.26433,55.89278],[54.29982,55.87738]],[[54.2776,56.09632],[54.27093,56.08807],[54.26616,56.08569]],[[54.26732,53.69829],[54.26326,53.70337],[54.25692,53.70725],[54.25645,53.70766],[54.25588,53.71382],[54.26181,53.72008],[54.25957,53.7292],[54.27161,53.73766],[54.26984,53.7435],[54.27068,53.74561]],[[54.29731,56.08696],[54.29529,56.08354],[54.29501,56.08302],[54.29321,56.07991],[54.29252,56.07867],[54.29182,56.0776],[54.27136,56.06487]],[[54.27188,56.08666],[54.28017,56.09582]],[[54.27508,56.09591],[54.27215,56.09677]],[[54.27228,56.09273],[54.27502,56.09555],[54.27508,56.09591],[54.27553,56.09655],[54.2776,56.09632]],[[54.29608,56.0588],[54.27407,56.06146]],[[54.4513,53.53077],[54.43871,53.53748],[54.43276,53.53739],[54.42682,53.54007],[54.42363,53.54391],[54.42344,53.54801],[54.42487,53.54939],[54.4197,53.55464],[54.40865,53.55958],[54.4018,53.56413],[54.37343,53.57412],[54.35192,53.58948],[54.32631,53.61138],[54.31632,53.63051],[54.30663,53.63606],[54.30343,53.64374],[54.29959,53.6617],[54.27695,53.6778]],[[54.2776,56.09632],[54.28017,56.09582]],[[54.28017,56.09582],[54.28585,56.09802],[54.28841,56.09773]],[[54.28225,53.75275],[54.29417,53.7563],[54.29682,53.75914],[54.30156,53.76078],[54.32373,53.77385],[54.34572,53.78887],[54.35146,53.79925],[54.35099,53.80204],[54.35395,53.80785],[54.3532,53.81008],[54.35809,53.83012]],[[54.2864,56.09801],[54.28345,56.10017]],[[54.42054,55.06416],[54.36455,55.04723],[54.35361,55.04655],[54.34493,55.04275],[54.33252,55.04422],[54.32597,55.04996],[54.31942,55.05344],[54.28515,55.06129]],[[54.28567,56.08059],[54.29074,56.08024],[54.29321,56.07991],[54.29598,56.07956],[54.30083,56.07897],[54.3054,56.0785]],[[54.31724,55.45848],[54.30929,55.4586],[54.30495,55.44572]],[[54.30495,55.44572],[54.30995,55.42045]],[[54.30495,55.44572],[54.31473,55.44414]],[[54.30874,55.44037],[54.31311,55.44165],[54.31473,55.44414]],[[54.3096,55.44033],[54.30957,55.44057]],[[54.31804,54.38254],[54.33269,54.37723],[54.31458,54.36838],[54.31076,54.36433]],[[54.31473,55.44414],[54.31724,55.45848]],[[54.31724,55.45848],[54.31794,55.46169],[54.35251,55.48476]],[[54.32103,55.40664],[54.32913,55.4082],[54.33747,55.41246]],[[54.32821,54.61387],[54.32754,54.61255]],[[54.33228,55.38556],[54.34428,55.38816],[54.34819,55.39107],[54.35523,55.39335],[54.36945,55.39351],[54.3728,55.39447],[54.37668,55.39633],[54.37934,55.40205],[54.38653,55.40223],[54.39837,55.40652],[54.3982,55.4088],[54.4014,55.41201],[54.40023,55.41453],[54.39026,55.41885]],[[54.45668,54.86692],[54.41618,54.8726],[54.39214,54.87278],[54.38138,54.87077],[54.37584,54.87332],[54.33708,54.86837]],[[54.34299,55.25576],[54.34831,55.25248],[54.34936,55.24836],[54.35245,55.24716],[54.36681,55.25693],[54.38697,55.25834]],[[54.346,55.77504],[54.33537,55.77022],[54.33108,55.76597],[54.34166,55.76089],[54.3494,55.75345],[54.35715,55.75185],[54.37561,55.761],[54.38792,55.76134],[54.42603,55.77526],[54.45268,55.77444],[54.46067,55.78463],[54.46958,55.78883],[54.48059,55.7995],[54.49747,55.80751],[54.50602,55.81582],[54.52504,55.81655],[54.52655,55.81717],[54.52755,55.82081],[54.52783,55.82123]],[[54.34727,54.1832],[54.35041,54.18313],[54.3542,54.18595],[54.3572,54.1833],[54.35945,54.17827],[54.39369,54.17547],[54.4258,54.1855],[54.43194,54.18527],[54.44187,54.17994],[54.4475,54.18038],[54.45593,54.18269],[54.47311,54.19098]],[[54.47889,54.81225],[54.45965,54.80969],[54.45274,54.80712],[54.44888,54.80833],[54.43996,54.81761],[54.43731,54.82357],[54.43023,54.8235],[54.42582,54.82463],[54.41658,54.82174],[54.41365,54.82268],[54.39197,54.82355],[54.35269,54.82222],[54.35045,54.82279],[54.34885,54.82545]],[[54.34933,53.83318],[54.35809,53.83012]],[[54.35251,55.48476],[54.35574,55.48743],[54.35706,55.49131]],[[54.35251,55.48476],[54.37556,55.48414],[54.39353,55.46876],[54.39918,55.46072],[54.41445,55.44931]],[[54.35715,55.75185],[54.35361,55.74482]],[[54.45366,54.72064],[54.45073,54.7249],[54.40952,54.73681],[54.38799,54.74746],[54.36785,54.74861],[54.35445,54.7509]],[[54.35623,55.5002],[54.35706,55.49131]],[[54.35706,55.49131],[54.3913,55.49462],[54.43586,55.51527],[54.44695,55.51712],[54.45112,55.51971],[54.46825,55.52642]],[[54.35809,53.83012],[54.36212,53.82895],[54.36742,53.82532],[54.37845,53.82282],[54.39224,53.81604],[54.4088,53.81707],[54.42551,53.80904],[54.42981,53.80564],[54.42773,53.80198],[54.42951,53.8016]],[[54.37026,54.69765],[54.37486,54.69515],[54.38405,54.68335],[54.38759,54.66277],[54.39656,54.6577],[54.41737,54.65622],[54.42056,54.65475],[54.4252,54.64984],[54.44206,54.64423],[54.44674,54.6417],[54.44826,54.63387],[54.45387,54.63278],[54.45708,54.628]],[[54.44264,54.96578],[54.43083,54.9635],[54.4266,54.96392],[54.42278,54.96252],[54.41417,54.9652],[54.37443,54.9503],[54.35732,54.94709],[54.35419,54.94425],[54.35727,54.94115],[54.37254,54.93123]],[[54.37357,54.02873],[54.37291,54.0392],[54.36013,54.07401],[54.36556,54.08319],[54.37047,54.08878],[54.39423,54.1063]],[[54.37692,54.00728],[54.37462,54.01406],[54.37357,54.02873]],[[54.37692,54.00728],[54.37651,54.00716]],[[54.37683,54.00703],[54.37692,54.00728]],[[54.37738,54.0068],[54.37692,54.00728]],[[54.49688,55.3757],[54.49305,55.37392],[54.49004,55.36793],[54.48413,55.36076],[54.4867,55.34874],[54.45291,55.34159],[54.43459,55.3327],[54.42551,55.3246],[54.41374,55.31656],[54.40939,55.31189],[54.4089,55.30722],[54.41173,55.30299],[54.41069,55.30248],[54.40749,55.30168],[54.39652,55.30221],[54.39088,55.30395],[54.3775,55.29992]],[[54.38194,55.54012],[54.39875,55.54093],[54.39959,55.53719],[54.42446,55.53249],[54.43826,55.52785],[54.44248,55.52632],[54.45112,55.51971]],[[54.38297,55.67872],[54.38691,55.68653],[54.39166,55.69027],[54.39345,55.69729],[54.44358,55.69989],[54.45104,55.66949]],[[54.39048,56.14678],[54.38062,56.15716],[54.3821,56.15931],[54.38144,56.16886],[54.37881,56.17089],[54.3812,56.18492],[54.37814,56.1926],[54.37724,56.19953],[54.38209,56.20925],[54.38645,56.21267],[54.38644,56.22751],[54.39275,56.233],[54.39303,56.23569],[54.40056,56.23743],[54.39532,56.24157],[54.38726,56.24557],[54.40746,56.25527],[54.41276,56.25906],[54.41981,56.26936],[54.42941,56.28711],[54.43254,56.29528],[54.43569,56.29729],[54.44829,56.30151],[54.46729,56.32579],[54.47489,56.33055],[54.48971,56.37114],[54.48914,56.37657],[54.49265,56.38046],[54.51684,56.40663],[54.53152,56.44137],[54.55432,56.48406],[54.57754,56.51177],[54.56852,56.51644],[54.56159,56.51693],[54.555,56.5197]],[[54.53868,55.37928],[54.5333,55.37833],[54.51657,55.36768],[54.5106,55.36768],[54.49738,55.37536],[54.49688,55.3757],[54.49363,55.37892],[54.48549,55.38219],[54.44435,55.40599],[54.4263,55.43499],[54.396,55.44185]],[[54.41765,55.70338],[54.41661,55.6986]],[[54.42315,54.49908],[54.4041,54.5139],[54.38375,54.52596],[54.36887,54.52749],[54.36892,54.53412],[54.37068,54.53643],[54.37316,54.55177],[54.37702,54.56105],[54.38259,54.56831],[54.39441,54.57527],[54.44688,54.59291]],[[54.43507,54.50833],[54.45156,54.5011],[54.45262,54.49914],[54.44125,54.47474],[54.43989,54.45425],[54.42733,54.42681],[54.42629,54.4217]],[[54.42629,54.4217],[54.4206,54.4229],[54.39861,54.4171],[54.39159,54.41695],[54.38205,54.41092],[54.3781,54.41047],[54.3738,54.4142],[54.37053,54.42207],[54.35597,54.43594],[54.35012,54.43714],[54.34616,54.4392],[54.34565,54.44332],[54.34284,54.44792],[54.32952,54.45064],[54.32868,54.4537],[54.32978,54.45553],[54.32869,54.45945],[54.33608,54.45923],[54.35117,54.46217],[54.35979,54.46224],[54.3945,54.47293],[54.40703,54.48107],[54.41547,54.48935],[54.41903,54.49571],[54.42315,54.49908],[54.43105,54.5054],[54.43507,54.50833]],[[54.42629,54.4217],[54.42166,54.39432],[54.42477,54.38654],[54.42789,54.38441]],[[54.42789,54.38441],[54.43377,54.38171]],[[54.42951,53.8016],[54.43528,53.80376],[54.44176,53.80461],[54.44845,53.81166],[54.45783,53.81119],[54.46304,53.81532],[54.48943,53.82686],[54.50476,53.83214],[54.52054,53.83399],[54.53538,53.84071],[54.53439,53.84398],[54.53196,53.84668]],[[54.42951,53.8016],[54.43137,53.80071],[54.43459,53.7945],[54.43798,53.79076],[54.43489,53.78653],[54.43241,53.78593],[54.43328,53.78452],[54.43235,53.78064],[54.427,53.76765],[54.42606,53.76299],[54.42746,53.75168],[54.43438,53.73367],[54.4429,53.71717]],[[54.43203,55.01169],[54.43907,55.01487],[54.4572,55.01415],[54.46218,55.009],[54.46465,55.00276],[54.47613,54.99752],[54.47987,54.99401],[54.49558,54.98734],[54.5025,54.98608],[54.50965,54.98213],[54.55342,54.9643],[54.56345,54.96205]],[[54.43377,54.38171],[54.44495,54.37154],[54.44829,54.36209],[54.45127,54.35847],[54.44954,54.35265],[54.45097,54.34494],[54.44845,54.33487],[54.44472,54.32724],[54.4462,54.32458],[54.44996,54.32233],[54.46796,54.33117],[54.48624,54.34175],[54.49229,54.34199],[54.50084,54.34556],[54.50569,54.34411],[54.55526,54.36361],[54.58319,54.37506],[54.60191,54.38518],[54.61909,54.39648],[54.62597,54.39685]],[[54.43377,54.38171],[54.44289,54.38112],[54.44448,54.38308],[54.45612,54.38967],[54.4634,54.39625],[54.48052,54.40535],[54.48683,54.40581]],[[54.43507,54.50833],[54.46296,54.52784],[54.4752,54.54007],[54.49112,54.5459],[54.49462,54.55272],[54.50389,54.55662],[54.51546,54.56999],[54.53978,54.56176],[54.54953,54.56094]],[[54.43746,53.93212],[54.43705,53.93184]],[[54.44533,54.23289],[54.44626,54.23128],[54.46659,54.22184],[54.46976,54.21879],[54.48,54.21258],[54.48807,54.20491],[54.47311,54.19098]],[[54.44688,54.59291],[54.44361,54.59502],[54.44317,54.59841],[54.44098,54.60154],[54.46111,54.61144],[54.46003,54.61856],[54.45739,54.62536]],[[54.44688,54.59291],[54.45302,54.58988],[54.50193,54.57408]],[[54.4513,53.53077],[54.46956,53.5428],[54.48745,53.55058],[54.49033,53.55283],[54.49079,53.55457],[54.52866,53.57105],[54.54575,53.58625],[54.55561,53.59248],[54.5562,53.59916],[54.55067,53.61608],[54.55695,53.62947],[54.55395,53.65025],[54.55952,53.65521]],[[54.45268,55.77444],[54.45386,55.76728],[54.44983,55.75866],[54.48257,55.73704],[54.49489,55.73028],[54.52496,55.72424],[54.53287,55.72077],[54.53986,55.71482],[54.55563,55.71008],[54.5707,55.71195],[54.57147,55.71255],[54.57771,55.71921],[54.57855,55.7197],[54.59701,55.72644],[54.60822,55.7295],[54.61682,55.72962],[54.6288,55.73198]],[[54.45366,54.72064],[54.45964,54.72419],[54.46088,54.72956],[54.46597,54.7369],[54.46487,54.74185],[54.4659,54.74283]],[[54.55329,54.68368],[54.51248,54.69649],[54.50099,54.6954],[54.49882,54.69763],[54.49798,54.70046],[54.49349,54.70215],[54.48753,54.70346],[54.48501,54.70237],[54.4727,54.70499],[54.46125,54.7132],[54.45685,54.71497],[54.45658,54.7174],[54.45366,54.72064]],[[54.45384,54.32408],[54.46728,54.31668],[54.48214,54.31537],[54.49705,54.30571],[54.50492,54.2978],[54.50679,54.29725]],[[54.4568,54.62743],[54.45554,54.62647]],[[54.45583,54.62637],[54.45702,54.62612]],[[54.4568,54.62743],[54.45708,54.628]],[[54.4582,54.62724],[54.4568,54.62743]],[[54.45702,54.62612],[54.45826,54.62708]],[[54.45702,54.62612],[54.45739,54.62536]],[[54.45708,54.628],[54.45493,54.62723],[54.45476,54.62577],[54.45739,54.62536]],[[54.46618,54.9116],[54.48152,54.90941],[54.50578,54.9123],[54.55125,54.91137],[54.55644,54.90945],[54.5589,54.90927],[54.56215,54.90898],[54.56446,54.90879],[54.56714,54.90854],[54.56903,54.90835],[54.57731,54.90648],[54.58126,54.90752],[54.58714,54.90683]],[[54.47678,56.10178],[54.47289,56.09982],[54.46681,56.09079]],[[54.46825,55.52642],[54.47666,55.53118],[54.48105,55.53606],[54.5113,55.55685],[54.52268,55.56167],[54.52786,55.56522],[54.55507,55.57237]],[[54.53868,55.37928],[54.53722,55.39082],[54.51893,55.40408],[54.51755,55.40515],[54.51462,55.40918],[54.50749,55.44547],[54.5149,55.45632],[54.51503,55.45847],[54.50705,55.47056],[54.50351,55.47367],[54.50292,55.47639],[54.46825,55.52642]],[[54.47311,54.19098],[54.48215,54.18725],[54.50392,54.17446],[54.50434,54.16944],[54.50073,54.16662],[54.50164,54.16482]],[[54.54356,56.07427],[54.5416,56.07652],[54.54472,56.07956],[54.54627,56.08496],[54.54287,56.08643],[54.54347,56.09344],[54.50816,56.10145],[54.49661,56.10551],[54.48365,56.11203],[54.48058,56.11247]],[[54.4838,55.63732],[54.52726,55.64423]],[[54.48628,53.91557],[54.49648,53.92367]],[[54.49079,55.92578],[54.55748,55.8985],[54.56095,55.89662],[54.59925,55.88128],[54.63692,55.85073],[54.62643,55.84301],[54.55666,55.83314],[54.55543,55.83282],[54.5475,55.82963],[54.52809,55.82167],[54.52754,55.82144]],[[54.49265,56.38046],[54.57791,56.37219],[54.5852,56.37507],[54.60974,56.37775],[54.6207,56.3807],[54.63655,56.38235],[54.64945,56.3851]],[[54.49312,55.99781],[54.50584,56.01226],[54.52998,56.02588],[54.52519,56.04647],[54.53246,56.05766],[54.54645,56.0666],[54.54706,56.06768],[54.54356,56.07427]],[[54.49687,55.93762],[54.53172,55.94677],[54.53463,55.95485],[54.53745,55.95804],[54.53641,55.96263],[54.5376,55.96588],[54.53406,55.96961],[54.53264,55.97314],[54.54154,55.97566]],[[54.54307,56.22674],[54.54273,56.22236],[54.54132,56.22071],[54.52084,56.21167],[54.51245,56.20553],[54.49991,56.17617]],[[54.53224,54.58542],[54.52156,54.58518],[54.50193,54.57408]],[[54.50193,54.57408],[54.51523,54.56983]],[[54.50555,54.29396],[54.508,54.29342],[54.50988,54.29046],[54.51031,54.28939],[54.51055,54.28881],[54.51163,54.28649],[54.51343,54.28573],[54.52507,54.28582],[54.52783,54.28614],[54.52876,54.28624],[54.53522,54.28691],[54.53861,54.28726],[54.54137,54.28755],[54.54229,54.2876],[54.5631,54.28714],[54.56971,54.28696],[54.57383,54.28685],[54.579,54.28616],[54.58096,54.28304],[54.58306,54.2827],[54.59093,54.28587],[54.59923,54.28801],[54.60261,54.28784]],[[54.50968,54.28928],[54.51031,54.28939],[54.51065,54.2894]],[[54.51621,53.91296],[54.51604,53.91268]],[[54.51737,53.68472],[54.51739,53.68499]],[[54.51738,53.68479],[54.51739,53.68499]],[[54.51739,53.68499],[54.5358,53.68825],[54.53908,53.69008],[54.55989,53.69554],[54.56916,53.69961],[54.57555,53.69505],[54.5795,53.68832],[54.58084,53.67588],[54.57524,53.67115],[54.559,53.66386],[54.55157,53.65777]],[[54.51739,53.68499],[54.51868,53.69348],[54.52256,53.7008],[54.52098,53.704],[54.52983,53.71273],[54.53045,53.72083],[54.55219,53.75321],[54.557,53.75431],[54.56216,53.7597],[54.56992,53.76532],[54.58091,53.77735],[54.59818,53.7914],[54.60045,53.79493],[54.6154,53.7972],[54.6234,53.80217],[54.65494,53.81471],[54.68371,53.8229],[54.68792,53.82671]],[[54.52508,55.39965],[54.53057,55.40333],[54.53584,55.4049],[54.54195,55.40203],[54.54411,55.39941]],[[54.52618,55.82242],[54.52755,55.82081],[54.52843,55.82081]],[[54.52794,55.82116],[54.52809,55.82167],[54.52714,55.82173]],[[54.52885,54.28603],[54.52876,54.28624],[54.52869,54.28647]],[[54.53196,53.84668],[54.53968,53.84711],[54.5415,53.84993],[54.54074,53.85225],[54.54246,53.85434],[54.55175,53.85614],[54.58874,53.8817],[54.59074,53.88864],[54.59255,53.90332],[54.59433,53.90492]],[[54.59085,53.90752],[54.56004,53.89609],[54.53264,53.88969],[54.52169,53.89086],[54.51135,53.88496],[54.51033,53.8808],[54.51142,53.87821],[54.51831,53.87279],[54.53034,53.86584],[54.53467,53.85225],[54.5338,53.85022],[54.53105,53.84854],[54.53196,53.84668]],[[54.53204,54.64278],[54.53611,54.64083]],[[54.53502,54.28708],[54.53522,54.28691]],[[54.53589,54.6434],[54.53485,54.64433],[54.53705,54.64387]],[[54.53593,54.64028],[54.54218,54.64381]],[[54.54953,54.56094],[54.54768,54.56597],[54.55095,54.57241],[54.52923,54.58212],[54.53224,54.58542],[54.53393,54.58727],[54.53895,54.59278],[54.54687,54.60141],[54.54793,54.60265],[54.55008,54.60821],[54.5491,54.61221],[54.54177,54.62102],[54.53559,54.63538],[54.53538,54.63824],[54.5356,54.6393],[54.53593,54.64028],[54.53611,54.64083],[54.53622,54.64114],[54.53639,54.64165],[54.53678,54.64301]],[[54.53725,54.6446],[54.53921,54.64466],[54.53846,54.64365]],[[54.53864,54.28709],[54.53861,54.28726],[54.53854,54.28743]],[[54.5988,55.37257],[54.57915,55.38212],[54.53868,55.37928]],[[54.56815,55.3333],[54.54884,55.33816],[54.55527,55.35166],[54.55849,55.36203],[54.55144,55.36709],[54.55275,55.36863],[54.54844,55.37061],[54.53868,55.37928]],[[54.5836,55.20733],[54.58122,55.20626],[54.57731,55.20725],[54.57651,55.21107],[54.55936,55.22385],[54.55711,55.22683],[54.54678,55.23442],[54.54267,55.23613]],[[54.54307,56.22674],[54.54277,56.23626]],[[54.67805,56.19719],[54.62916,56.2069],[54.55053,56.22313],[54.54307,56.22674]],[[54.71072,55.9692],[54.7035,55.97684],[54.70039,55.98334],[54.69262,55.99236],[54.68144,56.01226],[54.67757,56.0235],[54.67144,56.02968],[54.63275,56.04921],[54.60188,56.0582],[54.58738,56.06088],[54.58202,56.06075],[54.54356,56.07427]],[[54.54869,54.56769],[54.55962,54.5662],[54.57313,54.57149],[54.58776,54.57325],[54.60121,54.57949],[54.63314,54.58738]],[[54.57156,54.47141],[54.55604,54.47858],[54.55265,54.48565],[54.53583,54.49156],[54.5348,54.49661],[54.54241,54.50755],[54.54104,54.5116],[54.54418,54.51924],[54.54637,54.53093],[54.54782,54.53357],[54.54715,54.53631],[54.53993,54.54178],[54.53961,54.55285],[54.54946,54.55903],[54.54953,54.56094]],[[54.54953,54.56094],[54.59368,54.55844],[54.62426,54.55115],[54.64834,54.54927],[54.65292,54.54721],[54.64927,54.5396],[54.64689,54.5303],[54.64218,54.52267],[54.63494,54.51503],[54.62652,54.51018],[54.62236,54.50478],[54.61856,54.50316],[54.61255,54.48878],[54.60673,54.48503],[54.58955,54.47738],[54.57361,54.47284],[54.57156,54.47141]],[[54.55955,55.83369],[54.5549,55.84219],[54.54491,55.84666],[54.54326,55.84926],[54.54905,55.85712],[54.5528,55.86653],[54.55468,55.87609],[54.55135,55.88257],[54.54851,55.90016],[54.54953,55.90175]],[[54.55992,55.3301],[54.56216,55.32982],[54.56439,55.3277]],[[54.60609,55.74023],[54.58096,55.73592],[54.561,55.73097]],[[54.56276,54.94707],[54.57132,54.94732],[54.5898,54.95145],[54.62639,54.96361],[54.63974,54.96213],[54.64851,54.96486]],[[54.56306,54.75865],[54.5981,54.76744]],[[54.59678,55.76647],[54.59,55.76565],[54.57967,55.76154],[54.55658,55.7561],[54.54863,55.7497],[54.54903,55.74612],[54.55898,55.73761],[54.56392,55.71858]],[[54.56439,55.3277],[54.56549,55.32936]],[[54.56439,55.3277],[54.55765,55.31727],[54.55877,55.31115],[54.55663,55.29684],[54.5756,55.26926],[54.60591,55.24553]],[[54.56446,54.90879],[54.56036,54.9048],[54.56074,54.9036],[54.58365,54.89871]],[[54.56549,55.32936],[54.56361,55.32923],[54.56449,55.33011]],[[54.56549,55.32936],[54.56662,55.33104]],[[54.56662,55.33104],[54.56862,55.33104],[54.56745,55.33025]],[[54.56662,55.33104],[54.56777,55.33278]],[[54.56685,55.71449],[54.57167,55.71281]],[[54.56753,54.64659],[54.56771,54.64742]],[[54.56777,55.33278],[54.56815,55.3333]],[[54.57312,55.33022],[54.56971,55.33062],[54.56777,55.33278]],[[54.56815,55.3333],[54.5988,55.37257]],[[54.56833,53.44149],[54.57602,53.44113],[54.57595,53.43793],[54.5797,53.43467],[54.58229,53.4295],[54.58471,53.42854],[54.59628,53.42724],[54.63562,53.42892],[54.65309,53.43289],[54.66328,53.43934],[54.69009,53.45277],[54.70641,53.45474],[54.73934,53.45604],[54.74537,53.45984],[54.74946,53.46042]],[[54.56971,54.28661],[54.56971,54.28696],[54.56971,54.28733]],[[54.80015,54.31354],[54.79797,54.31775],[54.79552,54.31976],[54.78475,54.32451],[54.76099,54.34756],[54.72349,54.35703],[54.71506,54.35666],[54.69056,54.3606],[54.66001,54.37137],[54.62775,54.39373],[54.62541,54.3984],[54.62902,54.40862],[54.6276,54.41054],[54.55285,54.43564],[54.5636,54.44502],[54.57717,54.4535],[54.57156,54.46131],[54.56974,54.4661],[54.57156,54.47141]],[[54.57811,54.88931],[54.58953,54.88565],[54.6052,54.88247],[54.60734,54.8793],[54.61649,54.87404],[54.63353,54.86114],[54.6413,54.85841],[54.64726,54.85303],[54.64972,54.84864],[54.64927,54.84765]],[[54.58622,54.29351],[54.59167,54.29022],[54.60136,54.28895],[54.60211,54.28849],[54.60241,54.2881],[54.60261,54.28784]],[[54.59426,55.77332],[54.65987,55.76843]],[[54.60109,55.37143],[54.5988,55.37257]],[[54.60025,54.64884],[54.60318,54.64961],[54.60228,54.65081],[54.59986,54.65055],[54.60003,54.64984]],[[54.60009,54.64964],[54.60089,54.6172],[54.60154,54.60936],[54.60358,54.6063],[54.61339,54.60471],[54.61831,54.59864],[54.62509,54.59348],[54.62849,54.58628]],[[54.60047,54.63536],[54.64717,54.63575],[54.66216,54.63388]],[[54.71398,55.44337],[54.70489,55.43674],[54.68803,55.42812],[54.66472,55.41399],[54.66332,55.40688],[54.66162,55.40534],[54.65109,55.40205],[54.62475,55.39079],[54.61421,55.38279],[54.61266,55.37967],[54.60109,55.37143]],[[54.65212,55.34043],[54.63338,55.35243],[54.6175,55.36417],[54.61304,55.36525],[54.60109,55.37143]],[[54.60192,54.28792],[54.60241,54.2881]],[[54.60261,54.28784],[54.60523,54.2855],[54.60801,54.28445],[54.60831,54.28433],[54.61963,54.27992],[54.62462,54.27801],[54.62589,54.27775]],[[54.60801,54.28445],[54.60822,54.28455]],[[54.60831,54.28433],[54.60817,54.28419]],[[54.66863,55.54289],[54.66789,55.54336],[54.66729,55.54368],[54.63629,55.55747],[54.62915,55.56104],[54.62476,55.56096],[54.62097,55.55807],[54.61568,55.55862],[54.61058,55.55431]],[[54.61156,53.31248],[54.6171,53.31359],[54.62336,53.31132],[54.64601,53.30918],[54.69013,53.30191]],[[54.83148,54.13754],[54.79226,54.13049],[54.75697,54.13409],[54.7355,54.10202],[54.7407,54.09898],[54.73227,54.09385],[54.70958,54.09064],[54.69039,54.09024],[54.67011,54.08662],[54.66534,54.08438],[54.66165,54.07982],[54.65933,54.07868],[54.64003,54.0722],[54.63646,54.06991],[54.62344,54.06848]],[[54.62643,55.84301],[54.62763,55.84085],[54.65706,55.84133],[54.67892,55.83263],[54.69098,55.82904],[54.72495,55.8262],[54.73576,55.82266],[54.7498,55.82232],[54.7518,55.82124],[54.75174,55.81831],[54.75292,55.8169],[54.76294,55.81514],[54.76978,55.80839],[54.7739,55.80195]],[[54.66532,56.16254],[54.63482,56.15736],[54.62748,56.15832]],[[54.62872,54.306],[54.62798,54.30039],[54.62937,54.29826],[54.65367,54.29167],[54.65555,54.28715],[54.65528,54.28435]],[[54.63768,56.22252],[54.62916,56.2069]],[[55.04114,55.98002],[54.99089,56.00455],[54.96372,56.0115],[54.85633,56.06033],[54.82936,56.06909],[54.80264,56.0768],[54.71353,56.08181],[54.71273,56.09676],[54.71937,56.09934],[54.71415,56.1069],[54.70526,56.12429],[54.70518,56.1322],[54.6979,56.13332],[54.66199,56.15189],[54.66131,56.15369],[54.66532,56.16254],[54.66567,56.16343],[54.66556,56.16435],[54.65076,56.17086],[54.64368,56.17588],[54.64005,56.18175],[54.63533,56.18503]],[[54.65435,55.13311],[54.63606,55.13049]],[[54.64222,56.22968],[54.63768,56.22252]],[[54.74148,56.2055],[54.73105,56.20988],[54.72325,56.22244],[54.71713,56.24086],[54.70649,56.24015],[54.68607,56.23615],[54.66194,56.23637],[54.64964,56.22683],[54.64521,56.2215],[54.63768,56.22252]],[[54.93637,56.29231],[54.93474,56.29619],[54.94314,56.30498],[54.94579,56.31181],[54.94467,56.31275],[54.92662,56.3161],[54.91089,56.31595],[54.90411,56.32052],[54.901,56.32137],[54.86378,56.32133],[54.85199,56.31699],[54.84586,56.31613],[54.8149,56.31992],[54.79416,56.32384],[54.77916,56.33319],[54.75219,56.34216],[54.7405,56.34427],[54.72985,56.34949],[54.70839,56.3532],[54.69826,56.35291],[54.68436,56.35729],[54.67733,56.36241],[54.67361,56.37104],[54.67736,56.37899],[54.66406,56.385],[54.64945,56.3851]],[[54.64945,56.3851],[54.64783,56.37525],[54.65178,56.37467]],[[54.65164,55.33668],[54.65926,55.3359]],[[54.65314,55.33979],[54.65212,55.34043]],[[54.65984,55.33994],[54.65212,55.34043]],[[54.65348,55.34005],[54.65314,55.33979]],[[54.65478,55.33881],[54.65314,55.33979]],[[54.65372,55.12763],[54.68135,55.10567],[54.69135,55.10071],[54.70307,55.09945],[54.72016,55.09248],[54.73425,55.08205],[54.7387,55.07251],[54.73632,55.05276],[54.73705,55.05114],[54.75902,55.03501],[54.76767,55.03115],[54.77361,55.02703],[54.78953,55.02038],[54.79623,55.0196],[54.80285,55.01554],[54.81164,55.01294],[54.81608,55.01031],[54.82656,54.99785],[54.84349,54.97843],[54.84505,54.97656],[54.84953,54.97281],[54.85518,54.95667],[54.85595,54.93464],[54.84949,54.92971],[54.84891,54.91904],[54.85294,54.91381],[54.85292,54.91032],[54.85054,54.90543],[54.8545,54.89927]],[[54.65478,55.33881],[54.6559,55.33963],[54.65634,55.33853]],[[54.65623,55.33782],[54.65478,55.33881]],[[54.65623,55.33782],[54.6555,55.33681],[54.65505,55.33786]],[[54.65926,55.3359],[54.65623,55.33782]],[[54.68633,55.33022],[54.68198,55.33023],[54.67994,55.33021],[54.66952,55.32954],[54.65926,55.3359]],[[54.66154,55.28987],[54.66781,55.28844],[54.68828,55.28843],[54.69274,55.28903],[54.69755,55.28981],[54.70041,55.29024],[54.70438,55.28993],[54.70697,55.2909],[54.71353,55.29046],[54.72125,55.29222],[54.76083,55.29587],[54.79484,55.29416],[54.79989,55.2934],[54.8022,55.2923],[54.8014,55.29102],[54.80615,55.28973],[54.81571,55.28941]],[[54.80015,54.31354],[54.775,54.30897],[54.73831,54.30488],[54.71731,54.30074],[54.67343,54.29159],[54.6608,54.28492],[54.62997,54.27953],[54.61914,54.274],[54.60429,54.26191],[54.59762,54.2587],[54.57374,54.25171],[54.57044,54.24939],[54.56824,54.24499],[54.57184,54.24256],[54.57601,54.23536],[54.57963,54.23332],[54.60031,54.23449],[54.62331,54.23166],[54.63088,54.23195],[54.64113,54.2289],[54.64598,54.22955],[54.6502,54.22763],[54.66284,54.22994]],[[54.72364,54.18981],[54.71777,54.19619],[54.70846,54.20007],[54.69752,54.20912],[54.68471,54.21399],[54.66374,54.22611],[54.66284,54.22994]],[[54.66284,54.22994],[54.69571,54.23353],[54.72879,54.24558],[54.73926,54.24696],[54.84042,54.25268],[54.87012,54.2476],[54.87743,54.24508],[54.88558,54.2402],[54.88753,54.24155],[54.89974,54.24168],[54.90316,54.24527],[54.91989,54.25184]],[[54.69013,53.30191],[54.68749,53.29785],[54.68755,53.2923],[54.69017,53.28808],[54.69713,53.26555],[54.69298,53.24434],[54.66557,53.244]],[[54.6677,55.54314],[54.66789,55.54336]],[[54.6757,55.71794],[54.67934,55.72074],[54.6911,55.72525],[54.72221,55.72935],[54.74064,55.73753]],[[54.9508,55.31578],[54.94193,55.29591],[54.94175,55.28357],[54.93637,55.27038],[54.93121,55.26841],[54.91994,55.26653],[54.88762,55.26249],[54.8564,55.2554],[54.85046,55.24568],[54.83655,55.23047],[54.83666,55.22728],[54.833,55.22451],[54.83364,55.21627],[54.83921,55.21095],[54.83254,55.20751],[54.82382,55.20705],[54.8222,55.20789],[54.81869,55.20693],[54.8133,55.20961],[54.80611,55.21265],[54.78386,55.22023],[54.76653,55.2383],[54.73618,55.26106],[54.71587,55.27348],[54.70939,55.27912],[54.69755,55.28981],[54.68186,55.30382],[54.67915,55.3066]],[[54.68304,55.33022],[54.68664,55.32899]],[[54.68986,54.17607],[54.69222,54.17841],[54.70169,54.18107],[54.72364,54.18981]],[[54.87542,53.31697],[54.84907,53.31739],[54.80712,53.32216],[54.77728,53.31951],[54.75604,53.32394],[54.7435,53.32258],[54.73915,53.31977],[54.73243,53.31746],[54.72639,53.31337],[54.71363,53.31063],[54.70076,53.30418],[54.69013,53.30191]],[[54.69298,53.24434],[54.71952,53.24]],[[54.69437,56.20044],[54.69819,56.18839],[54.69562,56.18637],[54.6976,56.184],[54.71599,56.17422],[54.73273,56.16958],[54.73936,56.16235],[54.75637,56.15516],[54.75974,56.15526],[54.77577,56.16002],[54.79892,56.16937],[54.78675,56.17518],[54.78563,56.17792],[54.78943,56.18347],[54.79335,56.19416],[54.79554,56.2052],[54.7958,56.21644]],[[54.70121,53.73771],[54.72206,53.75011],[54.74529,53.76068]],[[54.72364,54.18981],[54.74078,54.19469],[54.75066,54.19452],[54.7521,54.19289],[54.75411,54.1787],[54.75992,54.17341],[54.80667,54.14641],[54.81276,54.14422],[54.82234,54.14279],[54.82819,54.14035],[54.83055,54.13826],[54.83148,54.13754],[54.83214,54.13713],[54.91161,54.08895]],[[54.74946,53.46042],[54.74066,53.47694],[54.73958,53.48615],[54.73716,53.49335],[54.73155,53.49528],[54.7294,53.49892],[54.72893,53.50794],[54.73221,53.51288],[54.72847,53.52134],[54.72508,53.52349],[54.72132,53.53496],[54.71639,53.54507],[54.71762,53.55792],[54.72159,53.57426],[54.72775,53.58652],[54.72769,53.59331]],[[54.83533,55.39704],[54.83669,55.37747],[54.83424,55.37636],[54.83407,55.37556],[54.83471,55.37349],[54.83552,55.37273],[54.8347,55.37175],[54.83305,55.37218],[54.81196,55.3673],[54.76331,55.36458],[54.73523,55.36842],[54.72806,55.37103]],[[54.73282,53.71961],[54.74761,53.72124]],[[54.73412,53.60139],[54.76706,53.61245],[54.78803,53.63108],[54.78706,53.63795],[54.78787,53.6415]],[[54.7348,55.67184],[54.75754,55.67076],[54.7652,55.67299],[54.7666,55.67479],[54.76543,55.67735],[54.76625,55.6804],[54.77623,55.69022],[54.78482,55.69658],[54.7843,55.69936],[54.78545,55.70064],[54.79321,55.70647],[54.79799,55.70776],[54.80242,55.71121],[54.80711,55.71221],[54.81087,55.71809],[54.81437,55.72101],[54.82311,55.7253],[54.83871,55.72867],[54.86796,55.74374],[54.88404,55.75222],[54.8893,55.75854],[54.90002,55.76377],[54.91301,55.77503],[54.94251,55.78743]],[[54.73503,53.79753],[54.74893,53.79941],[54.77259,53.817],[54.78825,53.82182],[54.793,53.82226],[54.82978,53.81402],[54.87038,53.80061],[54.91339,53.78972]],[[54.74862,53.75403],[54.75695,53.75631],[54.76527,53.75602],[54.76912,53.7543],[54.77489,53.75411],[54.78257,53.75125],[54.79066,53.75134],[54.79988,53.74961],[54.8125,53.75048],[54.81597,53.74864],[54.83825,53.74801],[54.84208,53.74729],[54.8427,53.74578],[54.88032,53.74107],[54.88693,53.73818],[54.89012,53.73881]],[[54.76234,53.46272],[54.75702,53.46096],[54.74946,53.46042]],[[54.76234,53.46272],[54.76287,53.46095],[54.75368,53.45596],[54.74946,53.46042]],[[54.75874,53.99258],[54.76429,53.99047],[54.76669,53.98672],[54.77166,53.98328],[54.78637,53.98871],[54.79867,53.98211],[54.81368,53.97596],[54.79885,53.96773]],[[54.83674,53.48401],[54.82772,53.4838],[54.81137,53.47248],[54.80163,53.47302],[54.77373,53.46335],[54.76234,53.46272]],[[54.81806,55.20722],[54.81094,55.20555],[54.7846,55.20801],[54.76295,55.20788]],[[54.76316,55.03293],[54.75881,55.02738],[54.73812,55.00824],[54.73991,55.00571],[54.74688,55.00366],[54.74788,55.00138],[54.74403,54.99537],[54.73622,54.98708],[54.73479,54.98292],[54.74388,54.9789],[54.75175,54.97788],[54.78475,54.97908],[54.82219,54.97683],[54.8394,54.97694],[54.84349,54.97843]],[[54.76592,54.78142],[54.77804,54.78289],[54.78743,54.78177],[54.79894,54.77849],[54.80104,54.77603],[54.80414,54.7645],[54.80282,54.74917],[54.8283,54.74066],[54.83193,54.73241],[54.83715,54.72731],[54.84853,54.72341],[54.86012,54.72156],[54.8608,54.72005],[54.86004,54.71757],[54.86725,54.70946]],[[54.76888,53.64762],[54.76645,53.64877]],[[54.76888,53.64762],[54.76749,53.64767]],[[54.78787,53.6415],[54.76888,53.64762]],[[54.77064,53.8862],[54.77828,53.87017],[54.77659,53.85966],[54.78154,53.84288]],[[54.77142,54.55615],[54.75712,54.55899],[54.75063,54.56466],[54.75312,54.56584],[54.77815,54.56984],[54.81526,54.58571],[54.82464,54.59109],[54.83198,54.593],[54.86993,54.59519],[54.91099,54.58485],[54.92182,54.58397],[54.92567,54.58197],[54.9306,54.58761]],[[54.7741,53.88555],[54.77257,53.88509],[54.77115,53.88586],[54.77064,53.8862],[54.77044,53.88645],[54.76526,53.898],[54.76628,53.90737],[54.77093,53.91362],[54.77098,53.92469],[54.7753,53.94092],[54.77323,53.94758],[54.77832,53.95534],[54.78103,53.96222],[54.79885,53.96773]],[[54.77491,55.50854],[54.78002,55.51503]],[[54.8545,54.89927],[54.843,54.89924],[54.83157,54.90257],[54.81488,54.90247],[54.80106,54.90627],[54.77877,54.908]],[[54.77968,55.96596],[54.77897,55.9701],[54.80271,55.96944]],[[54.78151,55.63792],[54.79419,55.6449],[54.79907,55.64551],[54.79958,55.64303]],[[54.78585,55.6336],[54.79138,55.63942],[54.79405,55.63968],[54.79627,55.64138],[54.79945,55.64137]],[[54.78787,53.6415],[54.78907,53.64102],[54.78927,53.63886],[54.79492,53.63516],[54.80879,53.63087]],[[54.86497,55.47478],[54.86172,55.4744],[54.86041,55.47433],[54.83612,55.47679],[54.80716,55.47554],[54.7972,55.47288],[54.79095,55.47328]],[[54.90796,53.91817],[54.89728,53.92306],[54.85152,53.93389],[54.84569,53.93714],[54.84332,53.94288],[54.82159,53.95444],[54.8074,53.95999],[54.79885,53.96773]],[[54.80015,54.31354],[54.8026,54.31068],[54.81573,54.30323],[54.83522,54.2971],[54.89684,54.26935],[54.91611,54.25587],[54.91989,54.25184]],[[54.80264,56.0768],[54.79404,56.04191],[54.79361,56.03414],[54.79747,56.0268],[54.81452,56.01942],[54.82008,56.00589],[54.81557,56.0],[54.81758,55.98687],[54.81623,55.97929],[54.81334,55.97579],[54.81037,55.97506],[54.80527,55.97134],[54.80543,55.96962]],[[54.80271,55.96944],[54.80543,55.96962]],[[54.80271,55.96944],[54.80401,55.96557],[54.80295,55.96331]],[[54.80543,55.96962],[54.82647,55.97224],[54.83081,55.97368],[54.83925,55.97285]],[[54.80741,53.60374],[54.81899,53.6024],[54.8409,53.60661],[54.85147,53.61043]],[[54.80879,53.63087],[54.80801,53.62955],[54.80856,53.62155]],[[54.80879,53.63087],[54.82859,53.62114],[54.8412,53.61211],[54.85147,53.61043]],[[54.83446,55.37439],[54.84049,55.37293],[54.85037,55.3678],[54.85695,55.36761]],[[54.83547,55.39752],[54.83482,55.3975]],[[54.84562,55.41604],[54.84331,55.41293],[54.83534,55.40884],[54.83622,55.40386],[54.83547,55.39752]],[[54.83558,55.39707],[54.83547,55.39752]],[[54.83554,55.37258],[54.83815,55.37342]],[[54.83556,55.39665],[54.83592,55.3967]],[[54.83806,55.49162],[54.84264,55.50022]],[[54.84481,55.49041],[54.84937,55.49856]],[[54.92223,56.18618],[54.91911,56.18568],[54.91557,56.18032],[54.90546,56.17364],[54.88765,56.16777],[54.87623,56.16544],[54.85815,56.15112],[54.85203,56.14346],[54.84742,56.13308],[54.84871,56.12983],[54.84753,56.12728],[54.84958,56.12316],[54.84751,56.10589],[54.84581,56.10352]],[[54.85147,53.61043],[54.85848,53.60959],[54.87771,53.61224],[54.91063,53.60761]],[[54.8545,54.89927],[54.88083,54.89946],[54.92832,54.89375],[54.943,54.88895],[54.95028,54.88239]],[[54.8675,55.49053],[54.86967,55.49253],[54.86103,55.49667],[54.8559,55.49698]],[[54.86166,54.41398],[54.86199,54.40441],[54.88966,54.40546],[54.89737,54.40419],[54.9,54.40296],[54.90831,54.39477],[54.90856,54.39027],[54.90722,54.3877],[54.91735,54.35656],[54.9178,54.34375],[54.91591,54.33765],[54.94793,54.28212],[54.93712,54.27648],[54.93241,54.26625],[54.9196,54.25219]],[[54.86472,55.47764],[54.86204,55.47445]],[[54.86337,55.47935],[54.86302,55.47894]],[[54.86878,55.48608],[54.86337,55.47935]],[[54.86356,55.47856],[54.86337,55.47935]],[[54.86371,54.7066],[54.86693,54.70719]],[[54.86457,55.49257],[54.8675,55.49053]],[[54.86693,54.70719],[54.86689,54.7076],[54.86833,54.7081],[54.8694,54.70853]],[[54.86693,54.70719],[54.86819,54.70655],[54.86981,54.70722]],[[54.86725,54.70946],[54.87012,54.70939]],[[54.86725,54.70946],[54.86803,54.70869],[54.8688,54.70799],[54.86887,54.70793],[54.86919,54.70766],[54.87002,54.70709],[54.87852,54.70266]],[[54.8675,55.49053],[54.86858,55.48612]],[[54.87012,54.70939],[54.87013,54.70907],[54.8687,54.70858],[54.86765,54.70815]],[[54.87327,54.71004],[54.87061,54.70924],[54.87012,54.70939]],[[54.92223,56.18618],[54.91742,56.18906],[54.90266,56.19123],[54.88544,56.19769],[54.87182,56.22065],[54.87466,56.22883]],[[54.87863,56.24309],[54.87745,56.22937]],[[54.87798,56.24651],[54.88349,56.24652]],[[54.87863,56.24309],[54.88251,56.24382],[54.88262,56.244],[54.88349,56.24652],[54.88381,56.24748],[54.88406,56.24817],[54.89548,56.24691],[54.89963,56.24609],[54.90666,56.23856]],[[54.91701,56.28316],[54.90926,56.28175],[54.90301,56.27916],[54.89068,56.27254],[54.88522,56.26667],[54.87635,56.2643],[54.87972,56.25178],[54.87761,56.24846],[54.87798,56.24651],[54.87804,56.2462],[54.87823,56.24515],[54.87863,56.24309]],[[54.88974,53.7395],[54.89635,53.74104],[54.90072,53.74512],[54.9164,53.75339],[54.91378,53.75666],[54.91277,53.76364],[54.91339,53.76655],[54.92587,53.7748],[54.92707,53.77691]],[[54.89411,55.4476],[54.92384,55.44582],[54.97415,55.44795]],[[54.94984,54.56916],[54.94678,54.56144],[54.94531,54.54853],[54.95283,54.53538],[54.94513,54.5281],[54.94749,54.52423],[54.94606,54.50585],[54.93292,54.50322],[54.89596,54.48617]],[[54.94304,55.89387],[54.92679,55.88757],[54.9061,55.88281],[54.89632,55.87232],[54.89598,55.87126],[54.9037,55.85367],[54.90295,55.84666]],[[54.9678,53.93286],[54.90796,53.91817]],[[54.90796,53.91817],[54.92578,53.90818],[54.93254,53.90168]],[[54.90831,55.42453],[54.9091,55.42468]],[[54.90927,55.42047],[54.92373,55.42663],[54.93229,55.4277],[54.93376,55.42995]],[[54.91063,53.60761],[54.91244,53.61088],[54.91266,53.62148],[54.92196,53.63683],[54.93192,53.64266],[54.94009,53.65098],[54.96996,53.66688],[54.98909,53.67517],[55.00369,53.67411],[55.01457,53.67788],[55.03518,53.67652],[55.03994,53.67714],[55.05244,53.68723],[55.11432,53.70973],[55.11688,53.71403],[55.11713,53.71837],[55.11991,53.72629]],[[54.91063,53.60761],[54.97512,53.60015],[54.98926,53.59107],[54.99712,53.58403],[55.00277,53.5825],[55.01788,53.58263],[55.02911,53.57574],[55.03536,53.56901],[55.06135,53.55866]],[[54.93842,54.05799],[54.93081,54.04714],[54.91374,54.0384],[54.91208,54.03861]],[[54.91261,56.26349],[54.9154,56.26399],[54.92202,56.26532],[54.92813,56.2665],[54.93006,56.2669],[54.93125,56.2671],[54.93179,56.26718],[54.93207,56.26723],[54.93215,56.26724],[54.93458,56.26768]],[[54.91339,53.78972],[54.9247,53.79973],[54.94141,53.79374]],[[54.92707,53.77691],[54.92554,53.77933],[54.91339,53.78972]],[[54.93637,56.29231],[54.91447,56.2889],[54.91415,56.2876],[54.91701,56.28316]],[[54.91701,56.28316],[54.92229,56.27455]],[[54.93637,56.29231],[54.93772,56.28932],[54.93644,56.28036],[54.91701,56.28316]],[[54.91989,54.25184],[54.92368,54.24684],[54.92829,54.24329],[54.93173,54.23685],[54.94124,54.23155],[54.96127,54.22408],[54.97936,54.22135]],[[54.92478,56.25893],[54.92197,56.26531]],[[54.95876,56.19551],[54.92223,56.18618]],[[54.92283,54.72422],[54.92348,54.72398]],[[54.93362,56.26536],[54.93315,56.26528],[54.93262,56.26522],[54.93232,56.2652],[54.93111,56.26504],[54.93098,56.26502],[54.92895,56.2647],[54.92861,56.26467],[54.92691,56.26438],[54.92308,56.26351]],[[54.92348,54.72398],[54.92381,54.72433]],[[54.92518,54.72506],[54.92461,54.72606],[54.91981,54.72489],[54.92086,54.72303],[54.92348,54.72398]],[[54.92367,56.26792],[54.92642,56.26875],[54.92673,56.26884],[54.92723,56.26897],[54.92786,56.26915],[54.92859,56.26934],[54.92873,56.26939],[54.92984,56.26971],[54.93623,56.27137]],[[54.9636,55.93378],[54.95009,55.94327],[54.93975,55.95659],[54.93313,55.96065],[54.92497,55.9679],[54.9242,55.97102]],[[54.92681,56.24871],[54.92311,56.25174],[54.91505,56.25442],[54.91867,56.25842],[54.92478,56.25893]],[[54.92892,56.24903],[54.92534,56.25684],[54.92478,56.25893]],[[54.92518,54.72506],[54.92484,54.72464]],[[54.92584,54.72475],[54.92518,54.72506]],[[54.92534,56.25684],[54.93209,56.25496],[54.93461,56.25498],[54.9347,56.25495],[54.93874,56.25478],[54.94297,56.25449]],[[54.92673,56.26884],[54.92813,56.2665]],[[54.94141,53.79374],[54.93982,53.792],[54.93913,53.7837],[54.93354,53.77471],[54.92707,53.77691]],[[54.92873,56.26939],[54.92949,56.26788],[54.93006,56.2669],[54.93015,56.26677],[54.93052,56.26605],[54.93098,56.26502]],[[54.93331,56.26499],[54.93315,56.26528],[54.933,56.26555],[54.93207,56.26723],[54.93151,56.26819],[54.93059,56.26989]],[[54.9306,54.58761],[54.95482,54.61493],[54.96544,54.61878],[54.97693,54.63853],[55.00412,54.66799],[55.00937,54.67848]],[[54.9306,54.58761],[54.93251,54.58102],[54.93768,54.57901],[54.93702,54.57409],[54.94383,54.57234],[54.94984,54.56916]],[[54.93331,56.26499],[54.93362,56.26536]],[[54.93362,56.26536],[54.933,56.26555],[54.93262,56.26522],[54.93331,56.26499]],[[54.94959,56.21872],[54.94532,56.23188],[54.93476,56.25016],[54.93466,56.25064],[54.9347,56.25316],[54.93468,56.25377],[54.9347,56.25495],[54.9347,56.2559],[54.93471,56.25597],[54.93464,56.25751],[54.93331,56.26499]],[[54.95019,56.26444],[54.94161,56.26637],[54.93362,56.26536]],[[54.93726,56.27106],[54.93475,56.26809],[54.93449,56.26548]],[[54.93676,56.27154],[54.93623,56.27137]],[[54.93623,56.27137],[54.93685,56.27135]],[[54.93724,56.27168],[54.93676,56.27154]],[[54.93676,56.27154],[54.93699,56.2713]],[[54.93699,56.2713],[54.93726,56.27106]],[[54.93699,56.2713],[54.93712,56.27129],[54.93735,56.27134]],[[54.93795,56.2719],[54.93724,56.27168]],[[54.93744,56.2714],[54.93724,56.27168]],[[54.93726,56.27106],[54.93735,56.27134]],[[54.93735,56.27134],[54.93744,56.2714]],[[54.93744,56.2714],[54.93795,56.2719]],[[54.93754,54.2116],[54.94401,54.21235],[54.97936,54.22135]],[[54.93795,56.2719],[54.94167,56.27341]],[[55.0346,53.88118],[55.03922,53.87562],[55.04716,53.86072],[55.042,53.85373],[55.04175,53.84703],[55.03535,53.83498],[55.02991,53.83188],[55.00931,53.83116],[55.0073,53.82855],[55.0081,53.82649],[55.00341,53.82359],[54.99768,53.81314],[54.98713,53.80077],[54.9838,53.79918],[54.97019,53.79861],[54.96105,53.79589],[54.95055,53.79114],[54.94141,53.79374]],[[54.9422,56.26659],[54.94161,56.26637]],[[54.94167,56.27341],[54.95831,56.2784],[54.98101,56.28069],[54.99958,56.27205],[55.01771,56.27403],[55.0304,56.2741],[55.05572,56.26512],[55.09821,56.26242],[55.12229,56.26389],[55.15476,56.26324],[55.17487,56.26641],[55.19563,56.26505]],[[54.94167,56.27341],[54.9445,56.27034],[54.9422,56.26659]],[[54.9422,56.26659],[54.94231,56.26627]],[[54.94251,55.78743],[54.94346,55.7877]],[[54.94251,55.78743],[54.94348,55.78727]],[[54.94304,55.89387],[54.97843,55.89398],[54.99053,55.89812],[55.00263,55.90002],[55.03621,55.89883],[55.04551,55.90039]],[[54.9636,55.93378],[54.95871,55.92938],[54.94195,55.92396],[54.93534,55.91857],[54.93466,55.91091],[54.93264,55.90759],[54.933,55.90006],[54.93417,55.89899],[54.943,55.89773],[54.94402,55.89482],[54.94304,55.89387]],[[54.9678,53.93286],[54.97739,53.95261],[54.96989,53.95629],[54.96499,53.95453],[54.95917,53.95457],[54.95739,53.95555],[54.94911,54.00826],[54.95108,54.01205],[54.96261,54.01695],[54.97167,54.02391],[54.97664,54.0261],[54.97751,54.02767],[54.95952,54.04948],[54.94617,54.05345],[54.94169,54.05678],[54.93993,54.0575],[54.93842,54.05799],[54.93595,54.05882],[54.93397,54.05933],[54.94373,54.07243],[54.93887,54.0737],[54.94327,54.08181]],[[54.94346,55.7877],[54.95335,55.792]],[[54.94348,55.78727],[54.94346,55.7877]],[[54.94348,55.78727],[54.94822,55.78585],[54.95684,55.78883]],[[54.94959,56.21872],[54.96062,56.21879],[54.97099,56.22197],[54.97003,56.22355],[54.97276,56.22539],[54.97509,56.22888],[54.992,56.23678]],[[54.95876,56.19551],[54.95506,56.2019],[54.94959,56.21872]],[[55.34559,54.56298],[55.3438,54.56319],[55.33587,54.57285],[55.31888,54.56916],[55.28955,54.56517],[55.27673,54.56082],[55.24129,54.55213],[55.22486,54.55353],[55.22744,54.55527],[55.22599,54.56125],[55.22468,54.56201],[55.2017,54.56323],[55.19189,54.56274],[55.15695,54.55727],[55.15026,54.55054],[55.08262,54.55361],[55.05549,54.55173],[55.04298,54.54585],[55.04088,54.54327],[55.03926,54.54497],[55.03451,54.54419],[55.03105,54.54664],[55.02093,54.55051],[55.01906,54.55284],[55.00968,54.55813],[54.97395,54.56546],[54.94984,54.56916]],[[54.95028,54.88239],[54.98148,54.90301],[54.99785,54.90599],[54.99915,54.90768]],[[54.95028,54.88239],[54.96207,54.87102],[54.97077,54.84416],[54.97963,54.82979],[54.98425,54.82849],[54.98718,54.82463],[54.99854,54.81832],[55.00282,54.81815],[55.01337,54.82096]],[[54.95335,55.792],[55.023,55.82628],[55.03176,55.82085],[55.0338,55.82065]],[[54.95335,55.792],[54.95684,55.78883]],[[54.95684,55.78883],[54.98193,55.77694],[55.01407,55.76501],[55.04751,55.76309],[55.13515,55.76943]],[[54.97298,56.16649],[54.96863,56.16889],[54.96446,56.18591],[54.95876,56.19551]],[[54.96886,55.21773],[54.96253,55.21597]],[[55.00476,53.5107],[54.96978,53.51619],[54.96285,53.51473]],[[54.99769,55.96395],[54.99963,55.96306],[54.99162,55.95562],[54.97362,55.94104],[54.97073,55.93721],[54.9636,55.93378]],[[55.02238,53.8919],[55.03126,53.90427],[55.03991,53.90709],[55.04185,53.90894],[55.04151,53.91021],[54.98722,53.92386],[54.97883,53.92897],[54.9678,53.93286]],[[55.16914,55.27108],[55.13824,55.24972],[55.14641,55.23688],[55.14076,55.23183],[55.12556,55.23138],[55.10062,55.2278],[55.08207,55.22165],[55.06455,55.21907],[55.0514,55.21381],[55.03841,55.21395],[55.01031,55.21791],[54.98339,55.21989],[54.96886,55.21773]],[[54.96886,55.21773],[54.99758,55.24333],[55.03984,55.26111]],[[54.97036,56.25122],[55.01368,56.24901],[55.03111,56.24348],[55.04869,56.24213],[55.06254,56.235]],[[55.05448,55.54255],[55.05678,55.53723],[55.05843,55.52778],[55.06173,55.52466],[55.06228,55.52136],[55.05877,55.5152],[55.05937,55.5072],[55.05285,55.49585],[55.03487,55.48042],[55.01675,55.4718],[54.97899,55.45192],[54.97209,55.44809]],[[54.97415,55.44795],[54.97446,55.44763]],[[54.97415,55.44795],[54.97452,55.44792]],[[54.97452,55.44792],[54.97446,55.44763]],[[54.97446,55.44763],[54.97452,55.44744]],[[54.97447,55.44625],[54.97564,55.44616]],[[54.97452,55.44792],[54.97471,55.4479]],[[54.97452,55.44744],[54.97464,55.4476]],[[54.97452,55.44744],[54.97524,55.44686]],[[54.97464,55.4476],[54.97511,55.44786]],[[54.97464,55.4476],[54.97471,55.4479]],[[54.97471,55.4479],[54.97511,55.44786]],[[54.97511,55.44786],[54.97851,55.44755]],[[54.97524,55.44686],[54.97519,55.44661]],[[54.97577,55.44682],[54.97524,55.44686]],[[54.97564,55.44616],[54.97542,55.44657]],[[54.97564,55.44616],[54.97691,55.44608],[54.97876,55.44703]],[[54.97851,55.44755],[54.97878,55.44721]],[[54.97851,55.44755],[54.97888,55.44751]],[[54.97876,55.44703],[54.97893,55.44718]],[[54.97878,55.44721],[54.97876,55.44703]],[[54.97888,55.44751],[54.97878,55.44721]],[[54.97888,55.44751],[54.97905,55.44749]],[[54.97893,55.44718],[54.97956,55.44744]],[[54.97893,55.44718],[54.97905,55.44749]],[[54.97905,55.44749],[54.97956,55.44744]],[[54.97936,54.22135],[54.9921,54.21749]],[[54.97956,55.44744],[54.98858,55.44649],[55.00363,55.443],[55.0081,55.44121],[55.01308,55.43963],[55.01716,55.43847],[55.03037,55.43486],[55.05015,55.42805],[55.09151,55.41907],[55.10219,55.41402],[55.13226,55.40575],[55.13605,55.40432],[55.14925,55.40471],[55.15425,55.40025],[55.16376,55.3955],[55.16468,55.39514],[55.17085,55.3937],[55.17551,55.39259],[55.17761,55.39207],[55.21616,55.39201],[55.1889,55.40948],[55.18838,55.41477],[55.17882,55.43026],[55.16211,55.44934],[55.15976,55.45214],[55.15891,55.45369],[55.1563,55.46303],[55.15728,55.46549],[55.16058,55.46741],[55.15884,55.47291]],[[55.44856,53.96944],[55.44607,53.97187],[55.44542,53.97547],[55.43833,53.97825],[55.42764,53.98867],[55.42248,53.98964],[55.38318,53.97675],[55.3769,53.96943],[55.36222,53.96383],[55.35914,53.9748],[55.3448,53.98994],[55.34232,53.99398],[55.34981,54.00211],[55.36494,54.00969],[55.36505,54.0158],[55.36042,54.02023],[55.34049,54.01848],[55.33287,54.02518],[55.30782,54.03718],[55.2678,54.04821],[55.25915,54.04919],[55.20774,54.06194],[55.10084,54.08366],[55.09634,54.08341],[55.0804,54.0724],[55.04393,54.07624],[55.03398,54.07575],[55.0133,54.06545],[54.99504,54.06692],[54.98314,54.06658]],[[54.98397,54.06659],[54.98371,54.06624]],[[54.99341,55.36155],[54.99794,55.36111],[54.99959,55.35802],[55.00156,55.34615],[54.99732,55.34023],[55.00402,55.33746],[55.0212,55.33397],[55.0643,55.31971],[55.0688,55.31717],[55.07131,55.31413]],[[54.9976,55.96368],[54.99544,55.96386]],[[55.02271,55.45229],[55.0132,55.4563],[55.00217,55.46408]],[[55.08685,55.66812],[55.08394,55.67266],[55.06368,55.68872],[55.05138,55.69857],[55.02126,55.71019],[55.01287,55.71861],[55.00548,55.72946],[54.99392,55.75237],[54.99607,55.76375],[55.00302,55.76898]],[[55.12021,55.05504],[55.07323,55.05079],[55.04833,55.03844],[55.03362,55.01969],[55.03293,55.006],[55.02876,54.99514],[55.02837,54.98537],[55.02016,54.98039],[55.0041,54.97749]],[[55.00432,53.86386],[55.00613,53.87399],[55.00971,53.88214],[55.01979,53.889],[55.02238,53.8919]],[[55.0081,55.44121],[55.00968,55.44369],[55.00756,55.44523],[55.02271,55.45229]],[[55.00866,54.7299],[55.01056,54.72963]],[[55.01026,54.73046],[55.00868,54.73008]],[[55.00937,54.67848],[55.02479,54.67869],[55.03014,54.68918]],[[55.0157,54.6909],[55.00937,54.67848]],[[55.01337,54.82096],[55.01528,54.81737],[55.01715,54.79605],[55.01586,54.78939],[55.01671,54.78548],[55.01335,54.77781],[55.0064,54.74663],[55.01288,54.7393],[55.00958,54.73422],[55.01026,54.73046]],[[55.01225,54.73024],[55.01026,54.73046]],[[55.01056,54.72963],[55.01274,54.73011]],[[55.03014,54.68918],[55.0157,54.6909],[55.00995,54.69172],[55.01187,54.69897],[55.01087,54.70664],[55.01296,54.71185],[55.00843,54.72063],[55.01056,54.72963]],[[55.01337,54.82096],[55.01135,54.82641],[55.01538,54.82837],[55.01804,54.83192],[55.02672,54.8369],[55.03312,54.85143],[55.04048,54.8554],[55.05808,54.86158],[55.06515,54.86588],[55.07105,54.87412],[55.07344,54.88109],[55.12333,54.90743]],[[55.01716,55.43847],[55.01866,55.43945],[55.01853,55.4415]],[[55.06135,53.55866],[55.05895,53.55703],[55.04592,53.5581],[55.02792,53.55183],[55.02207,53.54762],[55.01224,53.5368],[55.00373,53.53124],[55.00476,53.5107],[55.01313,53.50444],[55.01525,53.49809],[55.01729,53.49735]],[[55.04551,55.90039],[55.04618,55.8978],[55.04478,55.89494],[55.03128,55.88295],[55.02262,55.87956],[55.02083,55.87688]],[[55.03074,54.21806],[55.02199,54.21251]],[[55.02238,53.8919],[55.02937,53.88693],[55.0346,53.88118]],[[55.03538,55.45959],[55.03119,55.45903],[55.02909,55.45522],[55.02271,55.45229]],[[55.02732,55.45027],[55.02271,55.45229]],[[55.04617,55.24845],[55.04228,55.25956],[55.02949,55.26792]],[[55.03014,54.68918],[55.03152,54.69868],[55.02128,54.72098],[55.02103,54.72512],[55.02293,54.72724],[55.03372,54.7304]],[[55.08446,54.67919],[55.08086,54.68076],[55.07173,54.68183],[55.06316,54.68594],[55.05597,54.68592],[55.03014,54.68918]],[[55.03067,54.73089],[55.03372,54.7304]],[[55.03323,54.21901],[55.03074,54.21806]],[[55.04684,54.22437],[55.03789,54.22198],[55.03479,54.22041],[55.03074,54.21806]],[[55.03479,54.22041],[55.03323,54.21901]],[[55.03323,54.21901],[55.03375,54.2188]],[[55.03372,54.7304],[55.03728,54.73117]],[[55.03375,54.2188],[55.03412,54.21823]],[[55.03375,54.2188],[55.03497,54.21848]],[[55.03398,54.07575],[55.05752,54.08983],[55.06729,54.10503],[55.0725,54.10819],[55.07458,54.11223],[55.07401,54.11883],[55.07903,54.13323],[55.0711,54.14157],[55.06981,54.14634],[55.06658,54.14852],[55.06563,54.15309],[55.06279,54.1556],[55.05902,54.16865],[55.054,54.17792],[55.0605,54.18515],[55.08139,54.19826],[55.08406,54.1987]],[[55.04751,54.22336],[55.04543,54.22129],[55.03412,54.21823]],[[55.03412,54.21823],[55.03347,54.2165],[55.03798,54.21136],[55.05985,54.20717]],[[55.11092,53.91837],[55.10246,53.91786],[55.09649,53.9115],[55.09326,53.91198],[55.08705,53.90971],[55.08563,53.90725],[55.08186,53.90501],[55.05691,53.8996],[55.0436,53.88603],[55.0346,53.88118]],[[55.04551,55.90039],[55.04562,55.9197],[55.04917,55.92696],[55.04806,55.93047],[55.03785,55.94705],[55.03728,55.95041],[55.03967,55.95294],[55.0337,55.9644],[55.03473,55.97387]],[[55.03771,55.18847],[55.06458,55.18672],[55.09084,55.18927],[55.11293,55.19707]],[[55.03811,55.4322],[55.05353,55.441],[55.07929,55.46122]],[[55.04247,55.97947],[55.0414,55.97992]],[[55.04247,55.97947],[55.04212,55.9802]],[[55.19909,55.97149],[55.18277,55.96597],[55.17804,55.96243],[55.1769,55.9585],[55.17921,55.95722],[55.18008,55.94],[55.17076,55.92303],[55.16716,55.92331],[55.16636,55.92083],[55.1623,55.92037],[55.155,55.92146],[55.13674,55.92163],[55.12344,55.92657],[55.11486,55.93421],[55.11219,55.94144],[55.11186,55.94634],[55.10646,55.95265],[55.09275,55.95604],[55.08099,55.95754],[55.06884,55.96612],[55.04247,55.97947]],[[55.04348,55.9842],[55.05077,55.98341],[55.05139,55.98512]],[[55.04371,55.37455],[55.12589,55.40742]],[[55.0441,55.9859],[55.05139,55.98512]],[[55.0447,55.98768],[55.05201,55.98688],[55.05139,55.98512]],[[55.04524,56.11741],[55.05047,56.11686],[55.05093,56.11281],[55.05323,56.11203],[55.07563,56.11714],[55.08655,56.11095],[55.10382,56.11094],[55.12526,56.10921],[55.14827,56.09362],[55.15589,56.09184]],[[55.05448,55.54255],[55.04573,55.54836],[55.04479,55.55082],[55.05063,55.55197],[55.04646,55.55644]],[[55.0467,54.23805],[55.05131,54.2285]],[[55.05131,54.2285],[55.05205,54.22668],[55.04705,54.22524],[55.04684,54.22437]],[[55.04684,54.22437],[55.04751,54.22336]],[[55.04751,54.22336],[55.0542,54.22414],[55.05745,54.22257]],[[55.05122,55.09632],[55.0701,55.10509],[55.06976,55.11968],[55.06654,55.12306],[55.06675,55.12495],[55.06565,55.12595]],[[55.05131,54.2285],[55.05745,54.22257]],[[55.05448,55.54255],[55.06671,55.54813],[55.08209,55.54778],[55.10277,55.54273],[55.13788,55.55142],[55.14431,55.55492]],[[55.05675,55.26548],[55.05611,55.2662]],[[55.0664,55.30891],[55.06222,55.30313],[55.06,55.28397],[55.05641,55.26587]],[[55.05745,54.22257],[55.0614,54.21535],[55.06913,54.2087]],[[55.05758,55.69363],[55.06096,55.69604],[55.06084,55.69938],[55.0652,55.70561],[55.09004,55.71757],[55.10123,55.72739],[55.11837,55.73263],[55.12541,55.7333],[55.12956,55.74697],[55.13394,55.75328],[55.13655,55.76028],[55.13686,55.7649],[55.13515,55.76943]],[[55.06016,54.20722],[55.05985,54.20717]],[[55.05985,54.20717],[55.06018,54.20713]],[[55.06027,54.20727],[55.06016,54.20722]],[[55.06016,54.20722],[55.06018,54.20713]],[[55.06018,54.20713],[55.06042,54.20721]],[[55.06042,54.20721],[55.06035,54.20726],[55.06032,54.20727],[55.06029,54.20727],[55.06027,54.20727]],[[55.06048,54.20735],[55.06027,54.20727]],[[55.06042,54.20721],[55.06048,54.20735]],[[55.06048,54.20735],[55.06332,54.20913]],[[55.06135,53.55866],[55.0671,53.56274],[55.08891,53.57185],[55.11143,53.58704],[55.13517,53.61789],[55.14169,53.62464],[55.15674,53.62929],[55.16951,53.62926],[55.17339,53.62774],[55.182,53.61889],[55.18476,53.61874],[55.22802,53.63589],[55.2257,53.64187],[55.24006,53.65351],[55.26118,53.66517],[55.27597,53.66813],[55.28077,53.67273],[55.2968,53.683],[55.30971,53.68663],[55.32204,53.68509],[55.34275,53.67636],[55.35026,53.68303],[55.35636,53.69256],[55.3603,53.70231],[55.3697,53.71427],[55.37136,53.71839],[55.37187,53.72713],[55.37364,53.73391],[55.38727,53.74541],[55.38679,53.75127],[55.37739,53.75641],[55.38169,53.77846],[55.38551,53.7822],[55.4075,53.79544],[55.42254,53.80979]],[[55.06135,53.55866],[55.07657,53.55564],[55.09707,53.54796],[55.10566,53.5493],[55.11415,53.55223],[55.12711,53.55156],[55.15045,53.55826],[55.1883,53.55685],[55.20849,53.52929],[55.20883,53.52384],[55.21105,53.51947],[55.20956,53.50601],[55.21916,53.4954],[55.23023,53.47769],[55.23805,53.4705],[55.25183,53.46067],[55.25659,53.44667],[55.25887,53.44592],[55.28788,53.44729]],[[55.06332,54.20913],[55.06474,54.20939]],[[55.06351,54.20941],[55.06332,54.20913]],[[55.06351,54.20941],[55.06371,54.2093],[55.06391,54.20943],[55.06367,54.20953],[55.06351,54.20941]],[[55.06474,54.20939],[55.06374,54.20953]],[[55.08406,54.1987],[55.07317,54.20734],[55.06474,54.20939]],[[55.09206,55.32336],[55.09251,55.32318],[55.09289,55.32306],[55.09449,55.32255],[55.09856,55.32136],[55.09929,55.31951],[55.09125,55.31169],[55.0803,55.30938],[55.0664,55.30891]],[[55.09206,55.32336],[55.09235,55.3225],[55.08645,55.31715],[55.07612,55.31634],[55.06985,55.31338],[55.0664,55.30891]],[[55.16275,54.99106],[55.13012,54.98653],[55.08258,54.97675],[55.07265,54.96967]],[[55.07929,55.46122],[55.08088,55.46426],[55.07498,55.47049],[55.07633,55.47182],[55.08533,55.47299],[55.09137,55.47176],[55.12482,55.47559]],[[55.10472,55.41336],[55.1114,55.41667],[55.10916,55.42012],[55.11175,55.42627],[55.1182,55.43003],[55.11829,55.43101],[55.10559,55.44321],[55.09893,55.45222],[55.07929,55.46122]],[[55.08109,55.36455],[55.08767,55.35415],[55.09233,55.33936],[55.0913,55.32463],[55.09206,55.32336]],[[55.13061,54.19954],[55.09529,54.19516],[55.08406,54.1987]],[[55.15032,54.7271],[55.14392,54.72372],[55.13221,54.71095],[55.11974,54.70108],[55.11789,54.69787],[55.10959,54.69093],[55.1049,54.69372],[55.10147,54.69295],[55.09317,54.68777],[55.08446,54.67919]],[[55.37677,54.58286],[55.37124,54.58468],[55.36796,54.59131],[55.35324,54.59769],[55.34409,54.60521],[55.33347,54.6091],[55.31625,54.61926],[55.29941,54.62613],[55.26759,54.63437],[55.25324,54.64291],[55.24266,54.64708],[55.23045,54.64999],[55.21221,54.65225],[55.21132,54.65331],[55.21456,54.65549],[55.20008,54.65875],[55.15737,54.66106],[55.14572,54.66639],[55.13062,54.66896],[55.12317,54.66946],[55.09975,54.66802],[55.09677,54.67148],[55.08637,54.67479],[55.08655,54.67794],[55.08446,54.67919]],[[55.08788,53.05694],[55.10576,53.03935],[55.1117,53.03641],[55.11456,53.03337],[55.1178,53.02897],[55.11889,53.02148],[55.12088,53.01869],[55.12351,53.01635],[55.13282,53.01142],[55.13214,53.00887],[55.1203,52.9937],[55.1156,52.98384],[55.11619,52.98296],[55.12338,52.98136],[55.1293,52.97674],[55.13441,52.97491],[55.15363,52.97479],[55.15571,52.97106],[55.15856,52.9693],[55.19778,52.95578],[55.21326,52.94794],[55.22075,52.94821],[55.28026,52.9354],[55.29219,52.93517],[55.30046,52.92554],[55.31383,52.91843],[55.31936,52.91102],[55.31986,52.89659],[55.32705,52.89205],[55.33783,52.88815],[55.35883,52.87554],[55.36839,52.864],[55.37436,52.86184],[55.3816,52.86135],[55.40812,52.86793],[55.42108,52.86355],[55.43555,52.83712],[55.44217,52.83187],[55.44838,52.82945],[55.45003,52.82752],[55.45298,52.81764],[55.45417,52.80859],[55.4608,52.79027]],[[55.09081,55.31148],[55.1119,55.2969],[55.16914,55.27108]],[[55.09088,56.04431],[55.10391,56.04618],[55.12783,56.04293],[55.14031,56.03909]],[[55.12333,54.90743],[55.10184,54.91403],[55.09973,54.91611],[55.0976,54.92523],[55.09188,54.92817]],[[55.09251,55.32277],[55.09289,55.32306]],[[55.09801,54.19524],[55.12984,54.17487],[55.13853,54.16815],[55.15577,54.15837],[55.16667,54.15566],[55.17166,54.15591],[55.19471,54.14535],[55.20484,54.14226],[55.18035,54.12516]],[[55.11687,53.03055],[55.11987,53.03125]],[[55.11993,53.02994],[55.11996,53.03223],[55.11976,53.03256]],[[55.12068,56.15589],[55.12555,56.15882],[55.14176,56.18044],[55.14234,56.18629],[55.14078,56.19864]],[[55.14431,55.55492],[55.1403,55.57166],[55.13058,55.57663],[55.12252,55.57887]],[[55.12333,54.90743],[55.13452,54.90147],[55.12402,54.89608],[55.12411,54.89213],[55.1153,54.8811],[55.11641,54.87729],[55.13082,54.86801],[55.13104,54.86497],[55.14002,54.8539],[55.14933,54.84696],[55.15384,54.84683],[55.17525,54.818],[55.17383,54.81317],[55.17606,54.80941],[55.17433,54.80416],[55.18187,54.78186],[55.17667,54.77572],[55.17471,54.76983],[55.17688,54.74849],[55.17996,54.73498],[55.17567,54.73054],[55.17543,54.72841],[55.16994,54.72345]],[[55.12482,55.47559],[55.12066,55.49253],[55.14292,55.49791],[55.14328,55.50157],[55.14884,55.50782],[55.16068,55.51237],[55.15794,55.51969],[55.1578,55.5237]],[[55.12482,55.47559],[55.12895,55.47051],[55.15884,55.47291]],[[55.12725,53.01466],[55.13145,53.01633],[55.1363,53.01659],[55.14006,53.01878],[55.13987,53.02036],[55.14692,53.02812],[55.14865,53.0274],[55.16151,53.012],[55.18426,53.00737],[55.19571,53.00828],[55.20453,53.01148],[55.21752,53.01313],[55.23133,53.03166],[55.22846,53.04],[55.229,53.04125],[55.2475,53.05002],[55.26238,53.05526],[55.2668,53.05981],[55.2855,53.07217],[55.31208,53.0841],[55.31554,53.08736],[55.31848,53.09601],[55.32497,53.10308]],[[55.12803,55.05177],[55.12316,55.04812],[55.12462,55.04638],[55.13276,55.04656],[55.13625,55.04843],[55.13863,55.05293]],[[55.12826,55.17975],[55.12963,55.17967],[55.13203,55.17651],[55.14123,55.16905],[55.14311,55.17119],[55.14768,55.17207],[55.15564,55.17637],[55.22313,55.17673]],[[55.88538,54.02572],[55.88275,54.02374],[55.87955,54.02498],[55.87305,54.02716],[55.8627,54.03041],[55.79281,54.04476],[55.77348,54.05013],[55.76695,54.05558],[55.75669,54.06426],[55.75287,54.06757],[55.74849,54.07121],[55.74159,54.07516],[55.73796,54.0793],[55.73378,54.08162],[55.70219,54.09193],[55.65699,54.09616],[55.64178,54.09973],[55.61805,54.10316],[55.60305,54.10708],[55.58433,54.11994],[55.56128,54.12461],[55.55271,54.12815],[55.52928,54.13189],[55.47376,54.13262],[55.39319,54.14074],[55.34618,54.1528],[55.31717,54.16246],[55.26933,54.17456],[55.25094,54.18395],[55.22285,54.19193],[55.17219,54.19407],[55.13854,54.20052],[55.13061,54.19954]],[[55.3073,54.3995],[55.30684,54.39373],[55.30371,54.38465],[55.30414,54.37994],[55.29693,54.3651],[55.29945,54.36069],[55.29614,54.35526],[55.29321,54.35297],[55.29332,54.34721],[55.29155,54.3416],[55.28851,54.33723],[55.28846,54.33515],[55.27621,54.33033],[55.26809,54.3306],[55.24561,54.3217],[55.23802,54.31418],[55.22497,54.31398],[55.21605,54.31111],[55.21255,54.30635],[55.2133,54.2919],[55.22226,54.2888],[55.22473,54.28045],[55.22369,54.27746],[55.21649,54.27389],[55.21225,54.2669],[55.19313,54.24788],[55.18283,54.23349],[55.16205,54.22096],[55.14914,54.21683],[55.12906,54.20321],[55.13061,54.19954]],[[55.13515,55.76943],[55.13805,55.77208],[55.14692,55.77487],[55.15689,55.77562],[55.19007,55.78131],[55.221,55.78331],[55.24638,55.80295],[55.25258,55.81859],[55.25367,55.81927],[55.30743,55.83198],[55.37444,55.83781],[55.3981,55.84317]],[[55.1623,55.54885],[55.15262,55.55013],[55.14211,55.55369]],[[55.14431,55.55492],[55.15639,55.55583]],[[55.15015,54.72776],[55.15032,54.7271]],[[55.15032,54.7271],[55.15154,54.72741]],[[55.25139,53.12861],[55.22769,53.11202],[55.22238,53.10539],[55.21867,53.10352],[55.21659,53.1043],[55.21004,53.1017],[55.19813,53.10512],[55.18531,53.11601],[55.17251,53.12307],[55.16584,53.13116],[55.15594,53.13373]],[[55.15884,55.47291],[55.17871,55.47425],[55.18041,55.4748],[55.18134,55.47694]],[[55.15976,55.45214],[55.17175,55.45314]],[[55.16994,54.72345],[55.16659,54.72371]],[[55.18078,55.05907],[55.17185,55.0242],[55.17832,55.01951],[55.16186,55.00839],[55.16118,54.9947],[55.16228,54.99224],[55.16275,54.99106],[55.16399,54.98811],[55.16575,54.98402],[55.16611,54.98203],[55.16739,54.97969]],[[55.21577,55.25118],[55.19029,55.26927],[55.16914,55.27108]],[[55.17208,54.72231],[55.16994,54.72345]],[[55.19405,55.33933],[55.18654,55.35341],[55.19126,55.35364],[55.19146,55.35517],[55.18684,55.35742],[55.18905,55.35874],[55.18048,55.36442],[55.18048,55.36786],[55.18274,55.37345],[55.17907,55.37742],[55.17535,55.38422],[55.17551,55.39259]],[[55.30722,56.15031],[55.2929,56.14028],[55.28579,56.13307],[55.28787,56.1262],[55.28306,56.10673],[55.28338,56.09227],[55.28941,56.09205],[55.29283,56.09067],[55.2936,56.08511],[55.29298,56.0782],[55.30224,56.07066],[55.30538,56.06082],[55.30922,56.05398],[55.32151,56.04535],[55.33442,56.03955],[55.33335,56.03227],[55.35214,56.01605],[55.34868,56.00417],[55.33883,56.00034],[55.32078,55.99696],[55.31394,55.99357],[55.30135,55.9944],[55.29191,55.9993],[55.27708,56.00221],[55.26926,56.00229],[55.26022,55.99989],[55.25662,55.99779],[55.21856,55.99784],[55.209,56.00025],[55.18498,55.98989],[55.17711,55.9879]],[[55.18384,56.15355],[55.18171,56.16293],[55.17611,56.16751],[55.17335,56.17355],[55.16747,56.17343],[55.17144,56.17954],[55.18315,56.1829],[55.19174,56.18225],[55.21964,56.19332],[55.23919,56.19594]],[[55.18808,56.35533],[55.22375,56.34633],[55.23492,56.34705]],[[55.19137,54.06533],[55.19364,54.06781],[55.19415,54.07113]],[[55.19563,56.26505],[55.20012,56.26698],[55.20984,56.28337],[55.21039,56.28879],[55.20877,56.29557],[55.20966,56.29873],[55.221,56.30828],[55.23212,56.31496],[55.23849,56.31695],[55.24919,56.33617]],[[55.47697,56.25594],[55.46619,56.25443],[55.45258,56.25593],[55.43906,56.25378],[55.43031,56.25389],[55.4198,56.25122],[55.39878,56.25344],[55.39102,56.25329],[55.38595,56.25474],[55.37806,56.25414],[55.37033,56.24773],[55.36085,56.24302],[55.35072,56.24167],[55.33093,56.24262],[55.32019,56.23492],[55.31025,56.23378],[55.30351,56.23826],[55.30353,56.24108],[55.29908,56.24436],[55.27225,56.25186],[55.2652,56.25314],[55.25768,56.25221],[55.24376,56.24548],[55.24087,56.24513],[55.22703,56.24923],[55.21185,56.25842],[55.20427,56.26437],[55.19563,56.26505]],[[55.20636,55.12719],[55.20414,55.12567]],[[55.20461,55.1362],[55.20491,55.12917],[55.20603,55.12745],[55.20636,55.12719],[55.20718,55.12667],[55.20791,55.12605],[55.20826,55.12556],[55.20863,55.12243],[55.20915,55.12138],[55.21004,55.11983],[55.21119,55.11825]],[[55.25714,53.43794],[55.23912,53.43708],[55.2114,53.43075],[55.20671,53.4296],[55.20562,53.42927]],[[55.20671,53.4296],[55.20681,53.42935]],[[55.2078,53.18489],[55.20833,53.18495]],[[55.20833,53.18495],[55.20793,53.18511]],[[55.20833,53.18495],[55.28523,53.1836],[55.2991,53.18979],[55.32726,53.19581],[55.49585,53.26982]],[[55.20915,55.12138],[55.21207,55.12272]],[[55.27865,54.98187],[55.24551,54.9814],[55.22756,54.97122],[55.22105,54.96403],[55.20966,54.96229]],[[55.35435,55.25085],[55.3523,55.2505],[55.33631,55.25134],[55.31362,55.25152],[55.27104,55.25209],[55.23398,55.2464],[55.21946,55.25151],[55.21619,55.25107]],[[55.21916,53.4954],[55.23073,53.49659],[55.23993,53.50016],[55.2705,53.49919],[55.26911,53.49081],[55.27219,53.48758],[55.26985,53.47888],[55.28467,53.46637],[55.29842,53.45165]],[[55.22267,55.64086],[55.22178,55.62038],[55.20229,55.60996],[55.19447,55.60262],[55.20221,55.59388],[55.20816,55.5978],[55.21924,55.60056],[55.23742,55.59989],[55.25609,55.60384],[55.2648,55.60152],[55.26868,55.598],[55.27698,55.58628],[55.27698,55.57682],[55.2726,55.56074],[55.26826,55.55967],[55.26355,55.56218],[55.26187,55.56489]],[[55.22313,55.17673],[55.24221,55.17751],[55.25033,55.18222],[55.27912,55.18861],[55.3004,55.19934],[55.3089,55.20721],[55.32305,55.21532],[55.32957,55.21675],[55.34391,55.22433]],[[55.22399,55.13705],[55.21581,55.15175],[55.21764,55.15498],[55.22379,55.15725],[55.22493,55.15901],[55.22457,55.16086],[55.22721,55.16375],[55.22313,55.17673]],[[55.22377,55.72662],[55.22321,55.71752],[55.21609,55.69811],[55.22599,55.69396],[55.25558,55.69256]],[[55.23785,54.18785],[55.25078,54.19987],[55.25135,54.20292],[55.2465,54.21214],[55.26426,54.21676],[55.26728,54.21863],[55.27067,54.2232],[55.31075,54.22326],[55.32032,54.22029],[55.32632,54.22196],[55.32835,54.22492],[55.33385,54.22634],[55.36435,54.22659],[55.36909,54.22608],[55.3722,54.2243],[55.40064,54.23169]],[[55.24779,54.4507],[55.26132,54.4496],[55.27074,54.44722],[55.27649,54.44282],[55.28362,54.44003],[55.28657,54.43766],[55.29264,54.42697],[55.29329,54.42253],[55.2922,54.41577],[55.29427,54.41256],[55.30597,54.40239],[55.3073,54.3995]],[[55.25173,55.32883],[55.25142,55.32801],[55.26399,55.32374],[55.27269,55.32371],[55.2887,55.32026],[55.29086,55.31833],[55.29799,55.31793]],[[55.25339,55.72548],[55.27345,55.72969],[55.30103,55.73274]],[[55.35992,55.4754],[55.33801,55.48533],[55.33642,55.48791],[55.31944,55.50382],[55.29191,55.50854],[55.27076,55.50938],[55.25573,55.51259]],[[55.25714,53.43794],[55.28055,53.44321],[55.2881,53.4467]],[[55.25714,53.43794],[55.2612,53.4336],[55.26138,53.43109]],[[55.25927,53.43843],[55.25889,53.43893]],[[55.26298,53.43945],[55.26271,53.44]],[[55.2751,54.94077],[55.26634,54.94023]],[[55.28407,54.84388],[55.28135,54.84314],[55.27525,54.8443],[55.27136,54.84072]],[[55.27561,54.94064],[55.28725,54.93834],[55.29856,54.93849],[55.31631,54.94392],[55.33505,54.94413],[55.34102,54.94075],[55.37332,54.94888],[55.3873,54.94715],[55.43341,54.95084],[55.44808,54.95607],[55.45625,54.95769],[55.477,54.95617],[55.50212,54.96084],[55.53785,54.97152]],[[55.2803,56.15472],[55.29003,56.15156],[55.30661,56.15052],[55.30722,56.15031],[55.32969,56.14021],[55.33597,56.14204],[55.34973,56.1383],[55.35611,56.13152],[55.34723,56.11596],[55.41,56.07394],[55.42936,56.07618]],[[55.30714,54.84379],[55.28407,54.84388],[55.28067,54.84714],[55.2812,54.85261]],[[55.28899,53.44738],[55.28788,53.44729]],[[55.28788,53.44729],[55.2881,53.4467]],[[55.2881,53.4467],[55.28887,53.44695]],[[55.28877,54.69241],[55.30166,54.69857],[55.30528,54.70403],[55.30777,54.7032],[55.31007,54.70492],[55.31796,54.70275]],[[55.29292,53.39167],[55.31494,53.37209],[55.34094,53.36107],[55.38003,53.33449],[55.38826,53.32711],[55.41949,53.30435],[55.42867,53.29907],[55.44818,53.28074],[55.44971,53.27701],[55.46089,53.26588],[55.46414,53.26501],[55.49585,53.26982]],[[55.31988,55.90751],[55.29524,55.90562]],[[55.29715,54.99722],[55.30584,54.99734],[55.33288,55.00171],[55.33725,55.00161],[55.34556,54.99906],[55.40855,54.99793],[55.41096,54.99985],[55.41446,55.00906],[55.42781,55.00287],[55.47844,55.01517]],[[55.30221,55.31267],[55.29618,55.32056],[55.29755,55.32307]],[[55.30129,55.13176],[55.30294,55.13318],[55.30102,55.14447],[55.30353,55.14593],[55.30328,55.14768]],[[55.30701,54.83372],[55.30297,54.83431]],[[55.30461,55.09225],[55.29898,55.09403],[55.30395,55.09726],[55.34133,55.11053],[55.35266,55.11407]],[[55.30596,54.825],[55.30939,54.82428]],[[55.30729,54.39926],[55.30773,54.39937]],[[55.3073,54.3995],[55.36151,54.38426],[55.40511,54.38295],[55.42458,54.37813]],[[55.309,55.75369],[55.33515,55.74871],[55.34702,55.74457],[55.35679,55.73535],[55.3635,55.73733]],[[55.31344,55.35792],[55.31373,55.35745]],[[55.31467,55.35871],[55.30228,55.32948],[55.29755,55.32307],[55.30287,55.31804],[55.30303,55.31403],[55.30294,55.31384],[55.30221,55.31267],[55.3004,55.30972],[55.30033,55.30885],[55.31239,55.29574],[55.31197,55.27671],[55.30788,55.26201],[55.31362,55.25152],[55.33399,55.22844],[55.34391,55.22433]],[[55.35132,55.10668],[55.34696,55.10467],[55.34398,55.10412],[55.33291,55.10137]],[[55.34615,55.10449],[55.35929,55.09665],[55.33815,55.09576]],[[55.33949,54.69446],[55.34948,54.69137],[55.34521,54.68694],[55.35188,54.68461],[55.35066,54.68178],[55.35281,54.67977],[55.35274,54.67598]],[[55.34391,55.22433],[55.3461,55.22373],[55.35108,55.22889],[55.36151,55.23084],[55.38034,55.24041],[55.38446,55.2435],[55.3928,55.25541],[55.39681,55.25729],[55.39569,55.26042]],[[55.34416,55.11142],[55.35121,55.10674],[55.35132,55.10668],[55.35402,55.10493],[55.35565,55.10438],[55.36146,55.10331],[55.36794,55.10364]],[[55.60293,55.50158],[55.58056,55.51136],[55.56279,55.51661],[55.55517,55.51653],[55.55366,55.51818],[55.53027,55.5165],[55.4643,55.52746],[55.4635,55.51718],[55.46113,55.5154],[55.45696,55.51365],[55.42873,55.50996],[55.37948,55.49076],[55.36837,55.48629],[55.35992,55.4754]],[[55.36369,55.47352],[55.35992,55.4754]],[[55.3635,55.73733],[55.36378,55.73729]],[[55.3635,55.73733],[55.36368,55.73739],[55.36378,55.73729]],[[55.36378,55.73729],[55.37259,55.73258],[55.37872,55.73231],[55.39005,55.72852]],[[55.36511,54.59269],[55.37146,54.5978],[55.37538,54.59887],[55.37753,54.60075],[55.38429,54.60161]],[[55.38983,53.48485],[55.38739,53.48949],[55.37129,53.50705],[55.3545,53.51966],[55.34297,53.5308],[55.34538,53.54291],[55.36797,53.5679],[55.36985,53.57538],[55.36606,53.58098]],[[55.43877,54.84725],[55.41883,54.84701],[55.41672,54.84553],[55.41535,54.8424],[55.41207,54.84006],[55.41476,54.83839],[55.41313,54.83178],[55.41663,54.82778],[55.40394,54.80244],[55.3903,54.79357],[55.3703,54.77684],[55.37108,54.77164],[55.37011,54.75162],[55.36911,54.74866]],[[55.56361,55.57498],[55.55654,55.57497],[55.54589,55.56998],[55.52812,55.57517],[55.51867,55.59045],[55.51394,55.59448],[55.47511,55.59714],[55.46732,55.5958],[55.45765,55.60362],[55.45514,55.60322],[55.45036,55.60528],[55.4224,55.60049],[55.39144,55.59773],[55.3835,55.59899],[55.37514,55.5953]],[[55.37609,54.58283],[55.37639,54.58258]],[[55.39515,55.85423],[55.3811,55.84937],[55.37907,55.84425]],[[55.40054,53.8142],[55.4027,53.81726],[55.39795,53.8212],[55.39864,53.82416],[55.41538,53.83972],[55.42471,53.85032],[55.42864,53.85047],[55.43789,53.85791],[55.45326,53.86562],[55.45065,53.86802],[55.4468,53.87498],[55.39103,53.89753],[55.3891,53.8997],[55.39049,53.90257]],[[55.42458,54.37813],[55.42459,54.37732],[55.43507,54.37233],[55.43585,54.36571],[55.43254,54.36332],[55.42313,54.36434],[55.41087,54.33745],[55.40663,54.33464],[55.38897,54.32814],[55.38813,54.3268],[55.39356,54.32386]],[[55.39515,55.85423],[55.39439,55.86052],[55.39162,55.8632],[55.39075,55.86713],[55.39328,55.86855],[55.39758,55.86792],[55.41543,55.88591],[55.42843,55.89411],[55.43505,55.9014],[55.42874,55.91011],[55.4361,55.91769],[55.43563,55.92896],[55.4342,55.93282],[55.43464,55.93701],[55.43655,55.93986],[55.42663,55.94283],[55.43974,55.94719],[55.44127,55.94935],[55.43221,55.95734],[55.43041,55.97174],[55.43014,55.97706],[55.43669,55.99016],[55.44316,55.99294],[55.44716,55.99746],[55.44866,56.00743],[55.45069,56.00952],[55.45367,56.01622],[55.467,56.02824],[55.47302,56.02852],[55.49905,56.04066]],[[55.3981,55.84317],[55.39515,55.85423]],[[55.40167,55.8425],[55.40116,55.83862],[55.39725,55.8333]],[[55.3981,55.84317],[55.40167,55.8425]],[[55.39867,53.63381],[55.41239,53.61704],[55.42668,53.61528],[55.47475,53.60414],[55.47866,53.60459],[55.48087,53.60509]],[[55.42894,55.82211],[55.42544,55.82424],[55.42036,55.83458],[55.40754,55.84132],[55.40167,55.8425]],[[55.41092,54.68423],[55.41124,54.68761],[55.40886,54.69465],[55.41061,54.7129],[55.41269,54.7185],[55.41025,54.72222],[55.41319,54.7335],[55.41802,54.73867],[55.42699,54.74056],[55.43474,54.74485],[55.44301,54.75339],[55.4428,54.75681],[55.44721,54.76263],[55.46394,54.76598]],[[55.42283,55.06313],[55.42174,55.06409],[55.42219,55.06446],[55.41607,55.06808]],[[55.42132,55.06415],[55.42219,55.06446],[55.42237,55.06451],[55.4231,55.06464],[55.42461,55.06446],[55.43257,55.05978],[55.44677,55.06371],[55.45861,55.07438],[55.47667,55.08407],[55.47974,55.08824],[55.48667,55.09011],[55.49125,55.08998],[55.50185,55.09301],[55.50756,55.09912],[55.52246,55.107],[55.5342,55.1117],[55.5557,55.11391],[55.61439,55.12751],[55.61621,55.13516],[55.64281,55.14498],[55.64787,55.15202],[55.66278,55.15566],[55.66496,55.16075],[55.66269,55.16251]],[[55.42366,55.06261],[55.4224,55.06358]],[[55.42458,54.37813],[55.44503,54.38749],[55.46245,54.39769],[55.49768,54.39329],[55.50531,54.39587],[55.52119,54.39461],[55.52929,54.39181],[55.56106,54.40126],[55.5731,54.40665],[55.57905,54.41224]],[[55.42569,54.77723],[55.42878,54.77336],[55.44042,54.77383],[55.46394,54.76598]],[[55.45553,54.84945],[55.45319,54.84663],[55.44831,54.8491],[55.44227,54.84825]],[[55.44428,55.75392],[55.44672,55.7575],[55.44891,55.75872],[55.46212,55.76184],[55.47182,55.76777]],[[55.52613,53.85625],[55.51104,53.8616],[55.49826,53.86066],[55.46912,53.86282],[55.46316,53.86089],[55.45228,53.865]],[[55.46203,52.7931],[55.45958,52.7941]],[[55.4608,52.79027],[55.45364,52.78819],[55.44791,52.77718],[55.44258,52.77259],[55.43681,52.75433],[55.44281,52.74265],[55.44687,52.74186],[55.45494,52.74242],[55.47012,52.73776]],[[55.46203,52.7931],[55.4614,52.7904],[55.46116,52.79021],[55.4608,52.79027]],[[55.75171,52.85227],[55.74358,52.85147],[55.73794,52.85426],[55.73539,52.85405],[55.73132,52.85227],[55.73014,52.84838],[55.72747,52.84676],[55.70452,52.84481],[55.69639,52.83988],[55.69455,52.83714],[55.68363,52.83508],[55.6771,52.82953],[55.66083,52.82843],[55.646,52.82243],[55.63028,52.8132],[55.6167,52.80678],[55.61269,52.80146],[55.60867,52.79863],[55.60339,52.80156],[55.60067,52.8018],[55.59353,52.80155],[55.5824,52.7969],[55.56651,52.79726],[55.56118,52.80046],[55.55524,52.79928],[55.53136,52.7998],[55.50226,52.79463],[55.46203,52.7931]],[[55.46394,54.76598],[55.47222,54.76338],[55.48661,54.76508],[55.49622,54.76291],[55.49858,54.74753],[55.5085,54.73376],[55.49823,54.7303],[55.49886,54.72463]],[[55.46788,55.54054],[55.46614,55.53697],[55.4643,55.52746]],[[55.46915,55.02567],[55.46639,55.0274]],[[55.46915,55.02567],[55.56114,55.05857],[55.59119,55.06003],[55.64774,55.05976]],[[55.46983,55.0242],[55.46915,55.02567]],[[55.67296,52.69094],[55.67329,52.68306],[55.66919,52.67909],[55.6478,52.66384],[55.63692,52.66195],[55.63342,52.65496],[55.63245,52.64623],[55.6267,52.64087],[55.62546,52.63598],[55.62013,52.63101],[55.61408,52.62741],[55.58648,52.6257],[55.57109,52.62304],[55.56374,52.62465],[55.56055,52.62651],[55.55799,52.63391],[55.55494,52.63547],[55.54811,52.63206],[55.54786,52.62605],[55.54658,52.62475],[55.54293,52.62686],[55.53939,52.63359],[55.52761,52.63389],[55.51883,52.63005],[55.51053,52.62925],[55.49796,52.62705],[55.49297,52.62606],[55.48565,52.61984],[55.47884,52.62077],[55.47065,52.62592],[55.46605,52.63271],[55.46748,52.63876],[55.47324,52.65063],[55.46944,52.66145],[55.46968,52.66465],[55.47492,52.668],[55.4687,52.68196],[55.46416,52.70044],[55.45781,52.70926],[55.45921,52.71179],[55.45819,52.71447],[55.46911,52.73305],[55.47012,52.73776]],[[55.47012,52.73776],[55.47457,52.73312],[55.47989,52.73276],[55.49527,52.73493],[55.51247,52.73928],[55.54642,52.73958],[55.55963,52.73409]],[[56.04945,56.16108],[56.04762,56.15995],[56.04506,56.16041],[56.04075,56.16489],[56.03038,56.1689],[55.99621,56.16791],[55.97555,56.17573],[55.97173,56.17814],[55.95319,56.1781],[55.93158,56.17461],[55.92398,56.17479],[55.9199,56.17926],[55.90553,56.18512],[55.89737,56.18634],[55.88996,56.1853],[55.88444,56.18739],[55.88196,56.1868],[55.867,56.17758],[55.85204,56.17131],[55.83435,56.16631],[55.82679,56.16251],[55.82152,56.1614],[55.82291,56.15848],[55.80493,56.1449],[55.78921,56.13986],[55.75381,56.1362],[55.72989,56.14186],[55.72705,56.13953],[55.71692,56.14075],[55.68602,56.13489],[55.67726,56.13663],[55.65474,56.13658],[55.64886,56.13906],[55.64213,56.13711],[55.6276,56.13749],[55.60954,56.13002],[55.60356,56.12605],[55.59757,56.12498],[55.59403,56.12955],[55.58303,56.13652],[55.56079,56.13747],[55.51956,56.14555],[55.51341,56.14825],[55.50629,56.14718],[55.49082,56.15617],[55.4859,56.16027],[55.48478,56.16301],[55.48299,56.17542],[55.48251,56.19008],[55.47979,56.19721],[55.4803,56.20319],[55.47868,56.21223],[55.47135,56.21989]],[[55.47613,55.16877],[55.47525,55.17095],[55.4758,55.17405],[55.48521,55.18271],[55.50024,55.1885],[55.51883,55.18935],[55.53457,55.18874],[55.55295,55.19347],[55.55242,55.19688],[55.54734,55.19956],[55.54052,55.20639],[55.53475,55.21466],[55.53501,55.22373],[55.51864,55.2328],[55.52477,55.23914],[55.52461,55.24378],[55.52557,55.24578]],[[55.48618,54.65574],[55.47654,54.65685]],[[55.47697,56.25594],[55.49688,56.26214],[55.51805,56.26062],[55.52211,56.26162],[55.53229,56.26686]],[[55.49824,56.23532],[55.49409,56.23749],[55.48523,56.24636],[55.48492,56.248],[55.48805,56.24964],[55.48645,56.25185],[55.47697,56.25594]],[[55.47844,55.01517],[55.47944,55.01507]],[[55.47852,55.01593],[55.47844,55.01517]],[[55.54147,54.47395],[55.53901,54.47642],[55.52207,54.48235],[55.50743,54.49143],[55.4844,54.50044],[55.47554,54.51203],[55.46563,54.55487],[55.46712,54.55983],[55.47915,54.56397]],[[55.47948,53.60481],[55.49006,53.62219],[55.50026,53.63449],[55.52356,53.64917],[55.53814,53.65567],[55.54761,53.64923],[55.55429,53.63903],[55.56543,53.62762],[55.57697,53.59761],[55.57876,53.5972],[55.61146,53.59859],[55.61491,53.59857],[55.61721,53.5985],[55.61926,53.59832],[55.62596,53.59932],[55.62769,53.59563],[55.62399,53.59448],[55.6363,53.56878],[55.63758,53.56702],[55.64511,53.56347],[55.647,53.5569],[55.65196,53.54685]],[[55.66711,53.94253],[55.66218,53.94033],[55.65895,53.93241],[55.65439,53.92582],[55.64226,53.92297],[55.63663,53.91955],[55.63272,53.91968],[55.62489,53.90142],[55.61863,53.9017],[55.61522,53.89729],[55.60966,53.89696],[55.60051,53.89184],[55.58892,53.88918],[55.58606,53.88269],[55.58165,53.88203],[55.5502,53.88719],[55.5495,53.87178],[55.54035,53.86735],[55.53804,53.86095],[55.53317,53.85943],[55.53233,53.85909],[55.52613,53.85625],[55.52545,53.8559],[55.52006,53.84941],[55.52063,53.84122],[55.52831,53.82343],[55.52735,53.82133],[55.51426,53.8041],[55.50315,53.79518],[55.49311,53.79308],[55.48056,53.78026]],[[55.48618,54.65574],[55.49271,54.66213],[55.4853,54.67277],[55.4816,54.67871],[55.48192,54.68231]],[[55.4853,54.67277],[55.50443,54.67467],[55.54144,54.68699],[55.5402,54.68155],[55.53937,54.65884],[55.54118,54.65426],[55.53687,54.64777]],[[55.48864,54.65499],[55.48618,54.65574]],[[55.49585,53.26982],[55.50019,53.26943]],[[55.866,53.55019],[55.85059,53.53457],[55.83226,53.50958],[55.83102,53.50799],[55.82465,53.50104],[55.82373,53.49997],[55.82203,53.49586],[55.7993,53.47931],[55.78991,53.46907],[55.77711,53.45889],[55.76571,53.45136],[55.75336,53.44073],[55.74261,53.43482],[55.69709,53.3969],[55.684,53.39005],[55.66362,53.37524],[55.64984,53.37001],[55.64856,53.36821],[55.64691,53.35495],[55.63695,53.34836],[55.63067,53.34774],[55.52582,53.28348],[55.50477,53.27095],[55.50019,53.26943]],[[55.50019,53.26943],[55.5419,53.25796],[55.59021,53.23937],[55.62398,53.23586],[55.63343,53.23386],[55.70557,53.22855],[55.73299,53.22262]],[[55.50133,52.62761],[55.5043,52.62155],[55.53273,52.59886],[55.54811,52.58502],[55.54878,52.58339],[55.54639,52.57108],[55.55442,52.56997],[55.56291,52.57026],[55.57952,52.56175],[55.61442,52.56285],[55.66175,52.57821],[55.66716,52.58084],[55.67728,52.59279],[55.68355,52.59461],[55.68879,52.60529],[55.70314,52.61489],[55.70346,52.62001],[55.71032,52.62563],[55.72034,52.63007],[55.72111,52.6368],[55.72415,52.64163],[55.72276,52.64506],[55.7218,52.65586],[55.72493,52.67306],[55.72767,52.68094],[55.72589,52.68681],[55.73329,52.69914],[55.73319,52.70133]],[[55.50256,55.7554],[55.50238,55.76162]],[[55.5455,54.96452],[55.53583,54.95903],[55.53164,54.95137],[55.52105,54.94567],[55.51703,54.93905],[55.51838,54.92834],[55.48601,54.89749],[55.48738,54.89573],[55.49164,54.89502],[55.49076,54.89251],[55.475,54.88024],[55.46648,54.87077],[55.45553,54.84945],[55.45994,54.84528],[55.45772,54.84087],[55.46596,54.82666],[55.47765,54.81742],[55.4854,54.80766],[55.49832,54.79863],[55.49898,54.79124],[55.50302,54.78885],[55.50686,54.78364]],[[55.5224,55.42195],[55.52412,55.42909],[55.53219,55.43934]],[[55.55149,55.42559],[55.54915,55.42594],[55.54669,55.4262],[55.54576,55.42632],[55.54524,55.42642],[55.5365,55.42753],[55.53311,55.42812],[55.52794,55.4259],[55.52733,55.42362],[55.52343,55.42182]],[[55.52757,55.41732],[55.5297,55.41619],[55.53387,55.4138],[55.53743,55.41185],[55.5411,55.40991],[55.54308,55.42667]],[[55.57319,56.36443],[55.56982,56.36413],[55.55228,56.35267],[55.52681,56.35455],[55.51302,56.34854],[55.50175,56.33911],[55.48421,56.33214],[55.48001,56.32869],[55.48052,56.32698],[55.48361,56.32562],[55.47872,56.32177],[55.4806,56.30913],[55.48797,56.30643],[55.49614,56.30084],[55.51253,56.29908],[55.5277,56.29072]],[[55.52974,55.41751],[55.52873,55.41804],[55.52129,55.41345],[55.5274,55.40999],[55.53219,55.41283],[55.53387,55.4138],[55.53514,55.41451],[55.53667,55.41541],[55.53994,55.41749],[55.54039,55.41809],[55.54123,55.42053]],[[55.53033,55.41893],[55.53406,55.42135],[55.5365,55.42753],[55.54254,55.43604],[55.54771,55.43665]],[[55.53219,55.43934],[55.53035,55.44032],[55.52937,55.44381],[55.53162,55.44785]],[[55.55079,55.44091],[55.54561,55.43985],[55.54074,55.44128],[55.53219,55.43934]],[[55.53229,56.26686],[55.5339,56.26711]],[[55.53229,56.26686],[55.53252,56.26615]],[[55.66711,53.94253],[55.66556,53.94301],[55.64585,53.95062],[55.63772,53.95379],[55.61695,53.9589],[55.53979,53.95188],[55.53352,53.9529]],[[55.53687,54.64777],[55.53398,54.64798]],[[55.54194,55.41773],[55.54039,55.41809],[55.53886,55.41843],[55.53657,55.41898]],[[55.53865,54.64739],[55.53687,54.64777]],[[55.53785,54.97152],[55.54513,54.97349],[55.54883,54.97902],[55.5518,54.98052]],[[55.53785,54.97152],[55.5455,54.96452]],[[55.58285,56.35717],[55.57319,56.36443],[55.57262,56.37052],[55.56479,56.37664],[55.56574,56.3825],[55.55011,56.38613],[55.54116,56.39808]],[[55.54147,54.47395],[55.55762,54.47856],[55.56894,54.48046],[55.57566,54.48423],[55.60471,54.49094],[55.61711,54.49879],[55.62119,54.50651],[55.63779,54.52608],[55.64726,54.54227],[55.65844,54.54971],[55.66718,54.55341],[55.66731,54.55363],[55.66907,54.56031]],[[55.57905,54.41224],[55.57615,54.41453],[55.56107,54.43816],[55.54398,54.45505],[55.54089,54.46063],[55.54147,54.47395]],[[55.69608,53.83581],[55.67161,53.83555],[55.63364,53.8312],[55.62104,53.8314],[55.60116,53.8241],[55.59141,53.82261],[55.58005,53.81517],[55.57409,53.8014],[55.55993,53.78563],[55.5564,53.76901],[55.55761,53.76641],[55.5619,53.76455],[55.5655,53.76027],[55.55803,53.75971],[55.54415,53.74834]],[[55.5455,54.96452],[55.55538,54.95476],[55.56803,54.95842],[55.58397,54.96112]],[[55.55379,55.43524],[55.54792,55.42924],[55.54669,55.4262]],[[55.54853,55.4068],[55.56575,55.39374],[55.56877,55.39517],[55.57983,55.39571],[55.58533,55.39556],[55.59667,55.3929],[55.60076,55.39468],[55.60254,55.39414]],[[55.55383,55.42881],[55.54903,55.4301]],[[55.55634,55.43171],[55.55577,55.43159],[55.55539,55.4311],[55.5542,55.42932],[55.55383,55.42881],[55.55251,55.42693],[55.55149,55.42559],[55.55048,55.42416],[55.54966,55.42317]],[[55.67353,53.99576],[55.67155,53.99496],[55.6686,53.99557],[55.64785,54.00443],[55.61586,54.00378],[55.60145,54.00834],[55.55921,54.01365],[55.53746,54.01424],[55.52807,54.01569],[55.52946,54.02126],[55.52679,54.02645],[55.53174,54.05239],[55.55062,54.0709]],[[55.55075,54.98103],[55.5518,54.98052]],[[55.5518,54.98052],[55.55271,54.98092]],[[55.55451,54.98139],[55.55312,54.98102]],[[55.55451,54.98139],[55.56327,54.98647],[55.57096,54.9944],[55.564,54.99828],[55.57036,55.00465],[55.56198,55.01995],[55.56103,55.02428],[55.55415,55.02418]],[[55.55561,54.98084],[55.55451,54.98139]],[[55.6595,54.32204],[55.65543,54.31641],[55.63448,54.30766],[55.62937,54.30237],[55.62346,54.29464],[55.62004,54.28209],[55.61477,54.27575],[55.61079,54.26685],[55.60069,54.25694],[55.60006,54.24746],[55.59408,54.24523],[55.58938,54.24409],[55.58739,54.24333],[55.57309,54.23686],[55.56293,54.23069],[55.55472,54.2289],[55.55329,54.22745],[55.549,54.21546],[55.5559,54.21031],[55.55609,54.20839],[55.55959,54.20585],[55.5608,54.19622],[55.55904,54.18962],[55.55957,54.17719],[55.56121,54.17102],[55.55893,54.15731],[55.5628,54.1446],[55.56284,54.13971],[55.56166,54.13114],[55.55992,54.1279],[55.5574,54.12622]],[[55.55776,55.43428],[55.56301,55.44131]],[[55.7244,52.75126],[55.70517,52.74894],[55.67984,52.7482],[55.67029,52.74598],[55.65798,52.74921],[55.62147,52.748],[55.61323,52.74339],[55.60937,52.74418],[55.58917,52.74005],[55.57002,52.73349],[55.55963,52.73409]],[[55.55963,52.73409],[55.58162,52.72187],[55.58813,52.72264],[55.59958,52.71942],[55.60523,52.71437],[55.61162,52.71261],[55.62275,52.71527],[55.63406,52.71441],[55.64087,52.71638],[55.64275,52.71454],[55.64394,52.71007],[55.64694,52.70886],[55.6528,52.70887],[55.66897,52.69553],[55.67296,52.69094]],[[55.56075,56.27857],[55.56137,56.28738],[55.57961,56.31477],[55.58737,56.32205],[55.60461,56.34918],[55.59453,56.35199],[55.58285,56.35717]],[[55.56361,55.57498],[55.56087,55.57899],[55.56113,55.58163]],[[55.60159,55.55952],[55.58474,55.55851],[55.57993,55.55971],[55.56636,55.5725],[55.56346,55.574],[55.56361,55.57498]],[[55.57088,55.41745],[55.57026,55.41882],[55.57106,55.42015],[55.56949,55.42228],[55.57173,55.42361],[55.57839,55.43461]],[[55.57102,55.71843],[55.58612,55.72793],[55.60397,55.73603],[55.61086,55.73553],[55.62354,55.73961],[55.63097,55.74497],[55.63199,55.74874],[55.63773,55.75298]],[[55.57839,55.43461],[55.58207,55.44949]],[[55.58207,55.44949],[55.58384,55.45682],[55.57839,55.43461]],[[55.5991,54.39486],[55.59398,54.40187],[55.57905,54.41224]],[[55.66235,53.03848],[55.65065,53.02893],[55.62021,53.00793],[55.59551,52.98257],[55.59364,52.98206],[55.57939,52.98556]],[[55.58993,55.44887],[55.58207,55.44949]],[[55.63382,53.4648],[55.62998,53.46819],[55.59674,53.51161],[55.58227,53.52441]],[[55.58285,56.35717],[55.58779,56.361],[55.59581,56.36404],[55.59946,56.36111],[55.61375,56.36225],[55.62404,56.36164],[55.62532,56.37043]],[[55.58407,55.41933],[55.58301,55.41972]],[[55.58428,55.41932],[55.58307,55.41939]],[[55.58318,55.41819],[55.58428,55.41932]],[[55.58321,55.41896],[55.58428,55.41932]],[[55.58397,54.96112],[55.58506,54.96066]],[[55.58468,54.96189],[55.58397,54.96112]],[[55.58428,55.41932],[55.62259,55.4088]],[[55.58463,55.42689],[55.60986,55.43763]],[[55.58594,54.96144],[55.58486,54.96191]],[[55.58525,54.96067],[55.58594,54.96144]],[[55.58527,55.83641],[55.5933,55.82996],[55.63297,55.82609],[55.63844,55.82439],[55.65152,55.82542],[55.7197,55.81695],[55.72651,55.79693],[55.74679,55.78511],[55.74205,55.7819]],[[55.58594,54.96144],[55.61264,54.96557],[55.64586,54.95952],[55.67211,54.9616],[55.67857,54.96612],[55.69843,54.99498],[55.72927,55.01279]],[[55.58938,54.24409],[55.58789,54.23512],[55.5826,54.21788],[55.58688,54.20747],[55.59628,54.20103],[55.59113,54.18487],[55.59315,54.18014],[55.59116,54.17455],[55.59162,54.17235],[55.59523,54.16747],[55.60096,54.16385],[55.60796,54.15635],[55.61729,54.1495],[55.62435,54.14218],[55.6313,54.13899],[55.63361,54.13934],[55.63762,54.13658],[55.63405,54.13374],[55.64334,54.12592],[55.64981,54.12295],[55.65552,54.12204],[55.65146,54.11267],[55.64227,54.09962]],[[55.59499,55.63794],[55.62319,55.65218],[55.62634,55.65844],[55.6518,55.67519],[55.65862,55.67759],[55.66215,55.6814],[55.68348,55.6889],[55.69478,55.69641],[55.70687,55.70136],[55.71543,55.70169],[55.73005,55.69889],[55.73108,55.7005],[55.73858,55.70247],[55.76517,55.69685],[55.77042,55.69678],[55.77341,55.69859],[55.77515,55.70124],[55.78277,55.70412],[55.78499,55.70646],[55.78699,55.70694],[55.79055,55.71296],[55.79255,55.7212],[55.7978,55.73366],[55.79579,55.73747],[55.78854,55.73927],[55.79795,55.74409]],[[55.6595,54.32204],[55.60335,54.33543],[55.60208,54.34438],[55.60352,54.3504],[55.60163,54.35196],[55.60125,54.35858],[55.59777,54.36262],[55.59917,54.36735],[55.6057,54.37094],[55.60563,54.3877],[55.60519,54.39034],[55.60023,54.39239],[55.5991,54.39486]],[[55.5991,54.39486],[55.62367,54.39464],[55.64824,54.39593],[55.67013,54.39303],[55.67603,54.39471],[55.69969,54.39724],[55.72276,54.38766],[55.7819,54.38824],[55.79453,54.38347],[55.80596,54.38355]],[[55.6046,54.64038],[55.60831,54.64053]],[[55.61748,54.63082],[55.60764,54.62535]],[[55.60831,54.64053],[55.61314,54.6418]],[[55.60831,54.64053],[55.6064,54.63767],[55.61748,54.63082]],[[55.6095,54.6411],[55.61081,54.64139]],[[55.61534,53.59854],[55.61503,53.59844]],[[55.70169,54.65787],[55.69977,54.6545],[55.70203,54.65286],[55.70257,54.65049],[55.69994,54.64912],[55.7059,54.64541],[55.69925,54.63865],[55.69865,54.63618],[55.69274,54.62778],[55.67131,54.61972],[55.65533,54.62106],[55.64931,54.61772],[55.63918,54.61548],[55.63784,54.61811],[55.63035,54.62198],[55.62582,54.62777],[55.62094,54.62874],[55.61748,54.63082]],[[55.62259,55.4088],[55.64756,55.40182],[55.67862,55.39767],[55.7015,55.38591],[55.7196,55.36853],[55.72683,55.36943],[55.73978,55.36753],[55.76301,55.36694],[55.78238,55.35938],[55.80375,55.35617],[55.81512,55.35662],[55.83305,55.35453],[55.8497,55.35587],[55.90081,55.35674],[55.90436,55.35791],[55.9132,55.36938],[55.92046,55.36994],[55.91437,55.37522],[55.91832,55.38247],[55.91703,55.38493],[55.89775,55.3904],[55.8872,55.39924],[55.86938,55.40451],[55.83732,55.40141],[55.8237,55.39769],[55.76842,55.40184],[55.74054,55.40639],[55.72039,55.4179],[55.70857,55.42091],[55.6999,55.42465],[55.69009,55.42044],[55.64444,55.41508],[55.62559,55.4104],[55.62259,55.4088]],[[55.67717,54.9562],[55.67522,54.95407],[55.67136,54.95376],[55.66524,54.93987],[55.66215,54.93748],[55.6241,54.93373],[55.62398,54.92136],[55.62724,54.91595],[55.62668,54.90842],[55.62821,54.90447],[55.63086,54.90211],[55.63015,54.90109]],[[55.64585,53.95062],[55.65265,53.95497],[55.66176,53.96487],[55.6724,53.97077],[55.68051,53.97715],[55.69244,53.98437],[55.69188,53.98642],[55.67578,53.99301],[55.6735,53.99439],[55.67353,53.99576]],[[55.65124,54.56212],[55.65475,54.56088]],[[55.65475,54.56088],[55.65455,54.56064]],[[55.65475,54.56088],[55.65522,54.56079]],[[55.65766,54.56025],[55.65793,54.5607]],[[55.81549,54.29122],[55.805,54.29563],[55.75917,54.29438],[55.73894,54.29484],[55.68004,54.3186],[55.6595,54.32204]],[[55.66792,54.55609],[55.66039,54.56026]],[[55.79843,53.98478],[55.78811,53.97836],[55.76473,53.96707],[55.75092,53.96242],[55.7463,53.95954],[55.743,53.95988],[55.72447,53.95164],[55.70699,53.94151],[55.67977,53.9394],[55.66711,53.94253]],[[55.66798,54.96111],[55.66727,54.96103]],[[55.66777,54.9609],[55.67033,54.95816],[55.6744,54.95673],[55.69832,54.95373],[55.71662,54.95181],[55.72567,54.95082],[55.73497,54.94986],[55.73962,54.94935],[55.74969,54.94828],[55.75144,54.9481],[55.75209,54.94804]],[[55.74353,52.94904],[55.73682,52.95455],[55.71246,52.96654],[55.69865,52.97627],[55.67438,52.97783],[55.66789,52.99962],[55.6684,53.01845],[55.66728,53.02495],[55.66922,53.03491]],[[55.67216,53.0333],[55.67202,53.03959],[55.67828,53.04982],[55.67986,53.05617],[55.67716,53.06744],[55.68557,53.08285],[55.6903,53.09512],[55.69831,53.10207],[55.70396,53.11335],[55.70394,53.12017],[55.69834,53.12513],[55.69598,53.13494],[55.71203,53.15145],[55.7189,53.16152],[55.72476,53.17093],[55.72813,53.18283],[55.73133,53.18774],[55.733,53.20537],[55.73513,53.21131],[55.73299,53.22262]],[[55.67296,52.69094],[55.68677,52.69031]],[[55.79843,53.98478],[55.7525,54.00841],[55.73307,54.0127],[55.72165,54.01728],[55.71532,54.01774],[55.69974,54.01636],[55.69062,54.00583],[55.68038,53.99884],[55.67353,53.99576]],[[55.67634,55.00633],[55.67926,55.00844],[55.69216,55.01149],[55.70938,55.0113],[55.72956,55.01353],[55.72927,55.01279]],[[55.67757,54.95632],[55.67699,54.95639]],[[55.68131,55.50744],[55.69213,55.51479],[55.70549,55.51873],[55.71915,55.52063]],[[55.69889,53.83743],[55.69567,53.84037],[55.69206,53.84715],[55.68424,53.85565],[55.67243,53.86455],[55.67489,53.86753],[55.67276,53.86903],[55.6644,53.87025],[55.66726,53.87559],[55.67684,53.87864],[55.68484,53.88642],[55.68529,53.89014]],[[55.68677,52.69031],[55.68766,52.69276],[55.71227,52.69531],[55.72423,52.69971]],[[55.68677,52.69031],[55.68692,52.68186]],[[55.6963,53.83598],[55.69594,53.83591]],[[55.69608,53.83581],[55.6963,53.83598]],[[55.83426,53.65977],[55.83407,53.65998],[55.83393,53.66021],[55.83381,53.66074],[55.83467,53.66844],[55.83403,53.6752],[55.81994,53.68573],[55.7848,53.71521],[55.79188,53.7169],[55.79261,53.71822],[55.79139,53.72031],[55.77665,53.72424],[55.76556,53.73176],[55.76442,53.73339],[55.76366,53.73459],[55.75972,53.7432],[55.74431,53.7682],[55.72912,53.78498],[55.70452,53.80236],[55.69216,53.81445],[55.69286,53.82378],[55.69608,53.83581]],[[55.85259,53.99627],[55.84425,53.98854],[55.83034,53.9704],[55.81573,53.95625],[55.81485,53.95191],[55.81098,53.94793],[55.79904,53.91326],[55.79626,53.91142],[55.78773,53.91054],[55.77686,53.90571],[55.77627,53.90295],[55.76495,53.88636],[55.75777,53.86963],[55.74117,53.86347],[55.7272,53.84929],[55.71649,53.8416],[55.70019,53.8381],[55.69927,53.83771],[55.69889,53.83743],[55.69831,53.83693],[55.69778,53.8366],[55.6963,53.83598]],[[55.70058,54.55993],[55.6977,54.56617],[55.69683,54.57175]],[[55.69694,54.57159],[55.69745,54.5711]],[[55.69984,54.65802],[55.70169,54.65787]],[[55.70256,54.57359],[55.70291,54.57245],[55.70033,54.57058]],[[55.70329,54.65936],[55.7015,54.6585]],[[55.70169,54.65787],[55.70595,54.65917]],[[55.70285,54.5727],[55.70611,54.57302]],[[55.70329,54.65936],[55.70987,54.6648],[55.70954,54.667]],[[55.70671,54.65946],[55.7036,54.65897],[55.70329,54.65936]],[[55.70596,54.57354],[55.70936,54.57397]],[[55.70686,54.57382],[55.70683,54.574]],[[55.70694,54.67617],[55.72092,54.67976],[55.73496,54.68257],[55.73671,54.6829]],[[55.70954,54.667],[55.70748,54.66996],[55.70728,54.67034],[55.7071,54.67068],[55.70548,54.67377],[55.70461,54.67552],[55.70694,54.67617]],[[55.70728,54.67034],[55.71516,54.671],[55.70694,54.67617]],[[55.70948,54.23531],[55.71111,54.23519],[55.71544,54.23114],[55.76026,54.22301],[55.77972,54.21607],[55.78443,54.21615],[55.80232,54.21121],[55.8161,54.20928]],[[55.70954,54.667],[55.71247,54.66703],[55.71396,54.66814],[55.71391,54.67032]],[[55.71915,55.52063],[55.72255,55.5277],[55.72807,55.535],[55.71984,55.53902],[55.71549,55.54496],[55.7174,55.55137],[55.71661,55.55229]],[[55.71709,54.01767],[55.7181,54.0203],[55.7257,54.02952],[55.73025,54.04921],[55.73001,54.05201],[55.73728,54.07116],[55.74159,54.07516]],[[55.71915,55.52063],[55.71959,55.51107]],[[55.74205,55.7819],[55.72396,55.77749],[55.72134,55.77595],[55.71954,55.7726]],[[55.93251,56.08922],[55.92214,56.08926],[55.91257,56.08422],[55.90899,56.0835],[55.88851,56.0831],[55.87903,56.0794],[55.86388,56.08871],[55.84142,56.07763],[55.83743,56.0744],[55.82862,56.07674],[55.82187,56.07448],[55.79515,56.07048],[55.79369,56.0712],[55.79111,56.07614],[55.77695,56.07428],[55.74662,56.07724],[55.72023,56.08126]],[[55.72211,55.52595],[55.73116,55.52987],[55.73975,55.52839],[55.74427,55.52901]],[[55.73385,54.09569],[55.72418,54.08493]],[[55.73319,52.70133],[55.72991,52.70222],[55.72423,52.69971]],[[55.72423,52.69971],[55.72201,52.70224],[55.72131,52.70528],[55.71642,52.70868],[55.7114,52.71461],[55.71197,52.7239],[55.71101,52.72669],[55.70784,52.72887],[55.71058,52.7313],[55.71633,52.73375],[55.72166,52.73961],[55.7244,52.75126]],[[55.76274,52.75693],[55.74927,52.75367],[55.73118,52.7539],[55.7244,52.75126]],[[55.77478,54.51195],[55.77295,54.50986],[55.76812,54.51075],[55.76332,54.51007],[55.76174,54.50839],[55.75221,54.50464],[55.73984,54.49612],[55.72738,54.49286],[55.72492,54.49097],[55.72675,54.48873]],[[55.73118,52.7539],[55.72968,52.75962],[55.72816,52.7603]],[[55.7288,55.0123],[55.72967,55.0122]],[[55.72927,55.01279],[55.72967,55.0122]],[[55.72967,55.0122],[55.73717,55.00412],[55.74762,54.9972],[55.77439,54.98901]],[[55.73036,54.66364],[55.73607,54.66186]],[[55.73062,54.63911],[55.75355,54.64763],[55.7709,54.64975],[55.77844,54.64965],[55.77678,54.65437],[55.76496,54.65552],[55.76258,54.65437],[55.73873,54.65981],[55.73607,54.66186]],[[55.75036,53.22203],[55.73299,53.22262]],[[55.80305,52.70631],[55.79475,52.70541],[55.78992,52.70672],[55.78697,52.70541],[55.7868,52.70277],[55.78357,52.702],[55.76679,52.70335],[55.7468,52.70242],[55.73866,52.70373],[55.73319,52.70133]],[[55.73607,54.66186],[55.73484,54.66427]],[[55.73496,54.68257],[55.73561,54.68211]],[[55.73607,54.66186],[55.73947,54.66535]],[[55.73902,52.90578],[55.74395,52.9098]],[[55.74175,52.75389],[55.73319,52.7614],[55.73263,52.77615],[55.73666,52.78378],[55.75206,52.78269]],[[55.74205,55.7819],[55.74178,55.77918],[55.73988,55.77664],[55.77419,55.7695],[55.78955,55.75666],[55.79882,55.75261],[55.8025,55.74761],[55.79795,55.74409]],[[55.78825,52.98688],[55.77812,52.97896],[55.77087,52.97319],[55.76759,52.9706],[55.76304,52.96698],[55.75241,52.95853],[55.74353,52.94904]],[[55.74395,52.9098],[55.74035,52.9291],[55.73771,52.93218],[55.73756,52.9407],[55.73857,52.94348],[55.74353,52.94904]],[[55.77422,56.36319],[55.74377,56.34409]],[[55.74395,52.9098],[55.74814,52.91069],[55.7527,52.90998],[55.76149,52.91182],[55.77284,52.91772],[55.77799,52.91902],[55.78421,52.91648],[55.79162,52.91518],[55.79644,52.91589],[55.81097,52.9132],[55.82091,52.91363],[55.83758,52.90258]],[[55.75334,54.95015],[55.7498,54.94414]],[[55.85468,53.33584],[55.83902,53.33285],[55.81289,53.33366],[55.79881,53.33019],[55.7957,53.32608],[55.79121,53.31661],[55.78745,53.30349],[55.7817,53.29225],[55.77686,53.27833],[55.77867,53.27708],[55.77876,53.27556],[55.77419,53.26445],[55.76925,53.2613],[55.75716,53.23646],[55.75292,53.22985],[55.75036,53.22203]],[[55.90943,53.21867],[55.90248,53.21791],[55.84443,53.21859],[55.78953,53.2148],[55.76218,53.21684],[55.75036,53.22203]],[[55.77478,54.51195],[55.7597,54.54447],[55.76084,54.54637],[55.75644,54.55108],[55.76364,54.55883],[55.75073,54.58048]],[[55.75428,52.85076],[55.75916,52.855],[55.77435,52.85917],[55.77511,52.86165],[55.78124,52.86584],[55.79629,52.8698],[55.81383,52.87755],[55.81937,52.88358],[55.82566,52.89309],[55.83212,52.89645],[55.83404,52.90119],[55.83758,52.90258]],[[55.76274,52.75693],[55.76484,52.77265],[55.75898,52.77899]],[[55.78136,52.75669],[55.76876,52.7566],[55.76533,52.757],[55.76274,52.75693]],[[55.76304,52.96698],[55.76533,52.96591]],[[55.76442,53.73339],[55.78864,53.75111],[55.78932,53.75722],[55.79541,53.75992]],[[55.76448,54.82413],[55.76778,54.81775],[55.78934,54.81663]],[[55.7657,54.79192],[55.77926,54.79772],[55.77999,54.7987],[55.77924,54.80464],[55.78412,54.80979],[55.78924,54.81398],[55.78934,54.81663]],[[55.76695,54.05558],[55.77158,54.05958],[55.77149,54.06249],[55.77477,54.06592],[55.78138,54.07152],[55.78737,54.07254],[55.79282,54.07825],[55.79757,54.08014],[55.79963,54.08434],[55.80358,54.09482],[55.80162,54.09764],[55.79923,54.09864],[55.79964,54.10242],[55.79167,54.10541],[55.79968,54.11552],[55.81399,54.16063],[55.8137,54.16323],[55.82685,54.16705],[55.83041,54.16501],[55.83006,54.16346],[55.83172,54.16199],[55.83654,54.16039],[55.83937,54.16067],[55.84467,54.16487],[55.84776,54.16464],[55.85137,54.16955],[55.85496,54.17879],[55.88787,54.19654]],[[55.76972,54.97886],[55.77041,54.97914]],[[55.76991,54.97927],[55.7702,54.9792],[55.77041,54.97914],[55.77064,54.97907]],[[55.77064,54.97907],[55.77005,54.97957]],[[55.77064,54.97907],[55.78148,54.97513],[55.78515,54.97234]],[[55.78027,52.80055],[55.77237,52.79359]],[[55.81527,54.42962],[55.81205,54.42913],[55.8043,54.43066],[55.79755,54.43475],[55.78794,54.43271],[55.78113,54.43415],[55.75648,54.43323],[55.74797,54.43924],[55.7447,54.44013],[55.74301,54.4429],[55.74174,54.45138],[55.74561,54.46167],[55.74853,54.46579],[55.77093,54.46543],[55.78021,54.46726],[55.7901,54.471],[55.79683,54.47658],[55.79398,54.48753],[55.7803,54.49685],[55.78076,54.50183],[55.77478,54.51195]],[[55.77741,54.8485],[55.80057,54.85694]],[[55.78056,53.84901],[55.78815,53.84539],[55.80083,53.84334],[55.8105,53.84215],[55.81736,53.84322],[55.81782,53.84148],[55.82271,53.83831],[55.86459,53.83395],[55.86842,53.83924],[55.88191,53.83711],[55.89258,53.8338],[55.89699,53.83374],[55.91558,53.84343],[55.91769,53.84394],[55.91826,53.84398],[55.92076,53.84404],[55.92144,53.84406]],[[55.78795,52.76084],[55.78113,52.7608]],[[55.79317,52.76087],[55.79319,52.75918],[55.79323,52.75873],[55.79324,52.75815],[55.79329,52.75737],[55.7934,52.75449],[55.79342,52.75243],[55.79321,52.75035],[55.78389,52.75025],[55.78529,52.75292],[55.78146,52.75441],[55.78136,52.75669],[55.78129,52.76053],[55.77995,52.76205],[55.78117,52.76644]],[[55.78772,52.75656],[55.7814,52.75644]],[[55.81564,54.8087],[55.80822,54.8081],[55.80155,54.80478],[55.79021,54.80636],[55.78412,54.80979]],[[55.78999,52.75874],[55.78786,52.75872]],[[55.78791,52.76491],[55.79799,52.76541],[55.80255,52.76226]],[[55.78791,52.76958],[55.78379,52.77003],[55.7819,52.77329],[55.78105,52.78401],[55.77931,52.79026],[55.77957,52.79488],[55.78424,52.79653],[55.78111,52.79863],[55.78027,52.80055],[55.78031,52.82803],[55.79721,52.83523],[55.81619,52.83543],[55.81901,52.83934],[55.82281,52.84177]],[[55.78895,52.75031],[55.78999,52.75874]],[[55.81564,54.8087],[55.79753,54.81587],[55.78934,54.81663]],[[55.78994,52.76086],[55.78999,52.75874]],[[55.78999,52.75874],[55.79124,52.75874],[55.79323,52.75873],[55.79926,52.75877],[55.80414,52.76018]],[[55.79192,52.76505],[55.79347,52.76087]],[[55.79795,55.74409],[55.8034,55.74198],[55.83282,55.75057],[55.83821,55.75303],[55.84261,55.75783],[55.84958,55.7576],[55.85538,55.75883],[55.86308,55.76335],[55.88074,55.76833],[55.89256,55.77014],[55.90414,55.77759],[55.90441,55.77993],[55.90118,55.78653],[55.90109,55.78948],[55.90558,55.80671],[55.89837,55.81129],[55.90143,55.81476],[55.9058,55.81741],[55.90797,55.82326],[55.96551,55.82465],[55.98079,55.82913]],[[55.8083,52.6984],[55.80411,52.69624],[55.80428,52.69401],[55.80449,52.69288],[55.80469,52.69214],[55.80475,52.69194],[55.80771,52.68746],[55.79818,52.68686]],[[55.85259,53.99627],[55.823,53.99087],[55.82088,53.98964],[55.80466,53.98849],[55.79843,53.98478]],[[55.80361,52.75466],[55.8002,52.75901]],[[55.80024,52.75246],[55.80086,52.75174],[55.80688,52.75348]],[[55.80924,52.69304],[55.80474,52.69197]],[[55.80529,52.75563],[55.80688,52.75348]],[[55.90074,54.49104],[55.86393,54.46625],[55.85736,54.46007],[55.85391,54.45823],[55.837,54.43954],[55.82404,54.43298],[55.81873,54.43244],[55.81601,54.43076],[55.81561,54.43014],[55.81527,54.42962],[55.8148,54.42889],[55.81247,54.42552],[55.81228,54.42511],[55.81218,54.42085],[55.80563,54.41099],[55.80596,54.38355]],[[55.80596,54.38355],[55.81031,54.37695],[55.81473,54.37273],[55.82445,54.36697],[55.84272,54.3592],[55.84959,54.35323],[55.85106,54.34848],[55.83536,54.31757],[55.826,54.30196],[55.81549,54.29122]],[[55.8184,52.76751],[55.80657,52.76558]],[[55.80668,52.75672],[55.80888,52.75406],[55.80688,52.75348]],[[55.8228,53.38997],[55.81826,53.39039],[55.81223,53.39275],[55.81122,53.39504],[55.80818,53.3951]],[[55.80906,52.76066],[55.82001,52.7626]],[[55.8166,52.69574],[55.82066,52.70441],[55.82193,52.71105],[55.81361,52.71235],[55.81174,52.71513]],[[55.81282,52.77724],[55.81668,52.77401],[55.81436,52.76715]],[[55.81367,54.68489],[55.80685,54.68999],[55.81225,54.6944],[55.81795,54.69341],[55.82538,54.6971]],[[55.81549,54.29122],[55.82004,54.28838],[55.83058,54.29566],[55.84419,54.29647],[55.87937,54.29307]],[[55.8228,53.38997],[55.82282,53.38743],[55.81556,53.37715]],[[55.81564,54.8087],[55.83747,54.79992],[55.85776,54.79892],[55.85988,54.79771]],[[55.83523,55.54143],[55.80683,55.55229],[55.79409,55.56949],[55.78033,55.5824],[55.78478,55.58751],[55.78506,55.59029],[55.79371,55.59916],[55.80286,55.6057],[55.7999,55.608],[55.79909,55.61062],[55.79476,55.61165],[55.8032,55.62965],[55.80501,55.63539],[55.80428,55.63854],[55.80614,55.64191],[55.80993,55.6448],[55.80825,55.64819],[55.80898,55.65323],[55.81581,55.65608]],[[55.81595,54.83191],[55.82136,54.83376],[55.82733,54.83803],[55.83989,54.84124],[55.85107,54.85266],[55.85374,54.86023],[55.85545,54.86947],[55.85646,54.87518],[55.85607,54.88722],[55.85686,54.8883],[55.85922,54.88844],[55.86974,54.88818],[55.90186,54.88808],[55.92237,54.89015],[55.93074,54.893]],[[55.88369,54.20964],[55.85924,54.20498],[55.82646,54.21559],[55.82451,54.21724],[55.8161,54.20928]],[[55.8259,54.17115],[55.82206,54.18393],[55.81497,54.19075],[55.81344,54.19564],[55.81495,54.19828],[55.81054,54.20123],[55.8161,54.20928]],[[55.8184,52.76751],[55.82084,52.76761],[55.82649,52.7655],[55.83055,52.76255],[55.83139,52.76019],[55.8261,52.75715]],[[55.821,52.75704],[55.81953,52.76569],[55.8184,52.76751]],[[55.81976,54.44085],[55.82066,54.43594],[55.81894,54.4325]],[[55.81944,54.70826],[55.82771,54.70941]],[[55.83798,53.3944],[55.82604,53.39452],[55.8228,53.38997]],[[55.82465,53.50104],[55.82875,53.49942]],[[55.82562,52.75292],[55.83376,52.74679],[55.83903,52.74603],[55.84386,52.74333],[55.85426,52.74129]],[[55.82564,54.69695],[55.83202,54.70002]],[[55.82728,53.49792],[55.83797,53.50707],[55.86281,53.52408],[55.87111,53.52464]],[[55.82771,54.70941],[55.83601,54.71058],[55.8366,54.71011],[55.83667,54.71006],[55.84186,54.70658],[55.84424,54.70524],[55.84494,54.70456]],[[55.83202,54.70002],[55.82771,54.70941]],[[55.83075,52.46582],[55.84528,52.46774],[55.84859,52.46957]],[[55.83202,54.70002],[55.83677,54.70231],[55.8364,54.70337]],[[55.83257,55.90486],[55.83614,55.90923],[55.83638,55.91721],[55.83456,55.93181],[55.83612,55.93599],[55.8353,55.93861],[55.83266,55.94197],[55.82336,55.94611],[55.81023,55.95476],[55.79687,55.96626],[55.79048,55.96902],[55.78807,55.97176],[55.79656,55.97349],[55.81294,55.9861],[55.81807,55.98871],[55.87464,56.00759],[55.88109,56.01061],[55.93684,56.00069],[55.94837,56.00136],[55.95152,55.99713],[55.96234,55.98999],[55.97068,55.97727],[55.97953,55.96796],[56.01182,55.9448],[56.02055,55.93737],[56.02832,55.92731],[56.03868,55.92214],[56.07038,55.91027],[56.09959,55.90405],[56.10926,55.90415],[56.12315,55.90027],[56.12574,55.89818],[56.17136,55.89217],[56.19006,55.88785],[56.2031,55.89006],[56.20965,55.88984],[56.20733,55.8756],[56.19986,55.86706],[56.19694,55.86154],[56.19063,55.85511]],[[55.83324,53.66009],[55.83407,53.65998]],[[55.8338,56.29131],[55.8379,56.29207],[55.84748,56.29081],[55.85159,56.2917],[55.85484,56.29213],[55.85529,56.29217],[55.85574,56.29219],[55.85599,56.2922],[55.85621,56.29221],[55.85665,56.29225],[55.85751,56.29251]],[[55.83438,56.29143],[55.83397,56.29168]],[[55.85289,56.29901],[55.83633,56.29754]],[[55.83656,54.71014],[55.83715,54.71082]],[[55.83758,52.90258],[55.8422,52.90467],[55.85143,52.90539],[55.86522,52.9132],[55.86988,52.91732]],[[55.85409,55.06872],[55.85847,55.07422],[55.85908,55.07656],[55.85769,55.08059],[55.85829,55.08239],[55.86106,55.08406],[55.86156,55.08911],[55.85736,55.09674],[55.84182,55.11038]],[[55.84788,54.60423],[55.85744,54.58573],[55.85872,54.58489],[55.85835,54.5836],[55.86293,54.58143],[55.8806,54.56872],[55.88554,54.56927]],[[55.849,52.59355],[55.857,52.59389],[55.86396,52.59079]],[[55.84939,52.73268],[55.85822,52.73205]],[[55.88692,54.011],[55.85918,54.00214],[55.85259,53.99627]],[[55.85731,56.29949],[55.85289,56.29901]],[[55.85289,56.29901],[55.85574,56.29234],[55.85574,56.29219],[55.85573,56.29172],[55.85563,56.29079],[55.85588,56.29005],[55.86575,56.27756]],[[55.86728,52.78944],[55.8541,52.79876]],[[55.85545,54.86947],[55.85517,54.86948]],[[55.85704,56.29231],[55.86309,56.2856]],[[55.85731,56.29949],[55.86068,56.30833],[55.86411,56.31222],[55.85824,56.31761],[55.85496,56.32275],[55.85633,56.34144],[55.86941,56.35222],[55.87643,56.36306],[55.89856,56.38632]],[[55.85751,56.29251],[55.85884,56.29446],[55.85731,56.29949]],[[55.85748,56.29217],[55.85751,56.29251]],[[55.88565,54.82945],[55.8588,54.82788]],[[56.22143,52.61701],[56.21019,52.62225],[56.19236,52.63986],[56.17932,52.64775],[56.17738,52.65057],[56.17592,52.65673],[56.16666,52.6644],[56.12679,52.65333],[56.11305,52.65123],[56.09425,52.66254],[56.0931,52.66461],[56.08289,52.66833],[56.08296,52.66991],[56.06192,52.67466],[56.05305,52.68099],[56.0479,52.68221],[56.04698,52.68528],[56.04855,52.68661],[56.04823,52.68764],[56.04216,52.69463],[56.03725,52.69442],[56.02934,52.70472],[56.02214,52.70238],[55.99039,52.69621],[55.98032,52.69521],[55.95024,52.69839],[55.94036,52.70238],[55.93078,52.70298],[55.92454,52.70127],[55.91982,52.69628],[55.90264,52.68595],[55.89921,52.68288],[55.88857,52.67796],[55.8606,52.67981]],[[55.86061,52.59158],[55.85992,52.58658],[55.8553,52.57828],[55.85581,52.5769],[55.89943,52.57083],[55.90668,52.56517],[55.93055,52.55506],[55.93389,52.5519],[55.93841,52.5497],[55.93658,52.54714],[55.93679,52.54487],[55.93094,52.53519]],[[55.86147,53.4036],[55.85762,53.40547],[55.8558,53.41424],[55.85714,53.41827],[55.85915,53.41981],[55.86553,53.42058],[55.87726,53.42456]],[[56.00074,56.26449],[55.98832,56.26175],[55.97666,56.26123],[55.9664,56.26433],[55.94029,56.2765],[55.93089,56.2795],[55.92471,56.28079],[55.87506,56.28467],[55.86869,56.28678],[55.86309,56.2856]],[[55.86309,56.2856],[55.86555,56.28334],[55.86962,56.27758],[55.87026,56.27662],[55.8704,56.27639],[55.87053,56.27616],[55.87106,56.27512]],[[55.87579,54.02624],[55.87025,54.01921],[55.86424,54.01457]],[[55.86965,52.91799],[55.86999,52.91742]],[[55.87046,56.27628],[55.86984,56.27612]],[[55.86988,52.91732],[55.87062,52.91738]],[[55.86988,52.91732],[55.87022,52.91763]],[[55.93099,53.52499],[55.91866,53.52622],[55.91457,53.51984],[55.91183,53.51769],[55.90724,53.51516],[55.90573,53.51601],[55.89279,53.51235],[55.87651,53.49911],[55.87191,53.49762]],[[55.87276,53.73652],[55.87458,53.73318],[55.88739,53.72985],[55.89693,53.71785]],[[55.87726,53.42456],[55.87524,53.42407]],[[55.87689,52.75934],[55.88761,52.75827],[55.92395,52.75931]],[[55.87726,53.42456],[55.87755,53.42086],[55.88709,53.42104],[55.89083,53.4206],[55.89115,53.41947],[55.90604,53.42]],[[55.88009,54.29343],[55.87937,54.29307]],[[55.87937,54.29307],[55.88013,54.29266]],[[55.87937,54.29307],[55.88011,54.29302]],[[55.88029,54.88817],[55.87496,54.89432],[55.87516,54.90417],[55.87915,54.92366],[55.8784,54.92739],[55.90429,54.93404],[55.9115,54.93224],[55.91455,54.92966],[55.91512,54.92663],[55.92023,54.92484]],[[55.88113,54.29294],[55.88033,54.29371]],[[55.88113,54.29294],[55.88036,54.293]],[[55.88037,54.29246],[55.88113,54.29294]],[[55.88113,54.29294],[55.90203,54.29094],[55.90954,54.29247],[55.94396,54.3105],[55.98074,54.31888],[55.99402,54.33256]],[[55.91432,53.33529],[55.88987,53.33343],[55.88469,53.34214]],[[55.90664,52.82525],[55.89909,52.82563],[55.89053,52.82801],[55.88498,52.82589]],[[55.89246,54.80295],[55.89435,54.80823],[55.89929,54.81462],[55.89558,54.81584],[55.88505,54.81421]],[[55.88882,54.56917],[55.88554,54.56927]],[[55.88554,54.56927],[55.88639,54.56832]],[[55.8864,54.02227],[55.893,54.02617]],[[55.88735,54.61158],[55.88818,54.61191]],[[55.8976,53.58126],[55.88735,53.57134]],[[55.88747,53.66421],[55.88795,53.66432]],[[55.88752,53.66458],[55.88747,53.66421]],[[55.9268,53.66305],[55.88742,53.66273],[55.88747,53.66421]],[[55.88795,53.66432],[55.88845,53.66477],[55.88752,53.66458]],[[55.88752,53.66458],[55.88795,53.66432]],[[55.94239,53.69073],[55.91901,53.69469],[55.90299,53.70062],[55.88984,53.70371],[55.88759,53.70692]],[[55.92085,54.63365],[55.92043,54.63036],[55.90764,54.62128],[55.90168,54.61436],[55.90048,54.61143],[55.88778,54.61173]],[[55.88787,54.19654],[55.88904,54.19627]],[[55.88787,54.19654],[55.88869,54.19696]],[[55.88831,54.19768],[55.88787,54.19654]],[[55.88982,54.19756],[55.88852,54.19773]],[[55.88888,54.19705],[55.88982,54.19756]],[[55.88917,54.19648],[55.88982,54.19756]],[[55.88982,54.19756],[55.90197,54.20247],[55.90534,54.19862],[55.90574,54.18875],[55.90239,54.1764],[55.90232,54.17091]],[[55.89856,56.38632],[55.90271,56.39128],[55.90514,56.39739],[55.90966,56.40007],[55.91016,56.40373],[55.90015,56.41355],[55.89181,56.41742],[55.89093,56.41988]],[[55.8976,53.58126],[55.89093,53.58593]],[[55.893,54.02617],[55.9216,54.04119],[55.93095,54.05216],[55.93679,54.05035],[55.93571,54.04895],[55.93628,54.0481],[55.94925,54.04034],[55.94997,54.03791],[55.95723,54.03056]],[[55.89952,54.00094],[55.89653,54.00554],[55.89695,54.0191],[55.893,54.02617]],[[55.89382,53.63653],[55.90091,53.63768]],[[55.89954,53.64125],[55.89283,53.63882],[55.89382,53.63653]],[[55.89598,53.6302],[55.89382,53.63653]],[[55.89598,53.6302],[55.89554,53.62345]],[[55.89554,53.62345],[55.8926,53.61554],[55.89982,53.61535]],[[55.90787,53.62277],[55.89554,53.62345]],[[55.90353,53.63],[55.89598,53.6302]],[[55.896,53.63193],[55.90895,53.63189]],[[55.90015,56.41355],[55.89851,56.41508],[55.89661,56.42097]],[[55.9109,53.38259],[55.89743,53.38211]],[[55.89905,54.51587],[55.89744,54.51886]],[[55.91522,53.59547],[55.91101,53.58971],[55.8976,53.58126]],[[55.89856,56.38632],[55.91232,56.38138],[55.92419,56.37936],[55.95028,56.38067]],[[55.89905,54.51587],[55.91264,54.51876],[55.90855,54.52375],[55.91359,54.53233],[55.91173,54.53532],[55.92071,54.54402],[55.91794,54.54652]],[[55.89905,54.51399],[55.89905,54.51587]],[[55.89957,53.6132],[55.90788,53.61335]],[[55.90074,54.49104],[55.90187,54.49177],[55.90299,54.49233],[55.90495,54.49272]],[[55.90489,54.4928],[55.90313,54.49244],[55.90186,54.49181],[55.90074,54.49104]],[[55.90081,54.49108],[55.90414,54.49144],[55.90672,54.48961]],[[55.90463,54.49636],[55.90135,54.49149]],[[56.09924,54.06407],[56.09593,54.06823],[56.09806,54.08848],[56.09725,54.09921],[56.0897,54.10677],[56.08531,54.10801],[56.08572,54.11379],[56.06832,54.11838],[56.05594,54.12346],[56.04865,54.13124],[56.02878,54.14162],[56.01232,54.14131],[55.98627,54.15968],[55.97054,54.16352],[55.94758,54.16336],[55.94515,54.16514],[55.94612,54.1688],[55.92622,54.17119],[55.90189,54.17087]],[[55.90317,53.62543],[55.91389,53.62523],[55.92069,53.62635]],[[55.90367,56.12313],[55.91328,56.11898],[55.91859,56.11806],[55.9442,56.12219]],[[55.90477,53.63769],[55.90559,53.63916]],[[55.9066,53.40023],[55.90633,53.39597],[55.91025,53.39272],[55.9109,53.38259]],[[55.91242,53.61473],[55.90761,53.61464]],[[55.90765,53.61486],[55.90761,53.61464],[55.90773,53.61378],[55.90823,53.61289],[55.91228,53.61425]],[[55.90813,53.62286],[55.90787,53.62277]],[[55.90811,53.6226],[55.90787,53.62277]],[[55.9109,53.38259],[55.92526,53.38324]],[[55.91181,53.59572],[55.91107,53.59542]],[[55.9118,55.98395],[55.91279,55.98459]],[[55.91279,55.98459],[55.91198,55.9843]],[[55.91279,55.98459],[55.91204,55.98464]],[[55.91683,53.62093],[55.91322,53.61591],[55.91252,53.61488],[55.91242,53.61473],[55.91232,53.61454],[55.91228,53.61425]],[[55.91228,53.61425],[55.91246,53.61411]],[[55.91279,55.98459],[55.91636,55.98674],[55.94097,55.98907],[55.95507,55.99477]],[[55.91285,53.51839],[55.93089,53.51072]],[[55.913,54.35664],[55.91354,54.35749]],[[55.99402,54.33256],[55.9905,54.33309],[55.97985,54.33905],[55.96992,54.3427],[55.94468,54.35036],[55.93587,54.35335],[55.93397,54.3555],[55.92653,54.35712],[55.92464,54.35575],[55.91332,54.35712]],[[55.91961,53.33425],[55.91417,53.33381]],[[55.91466,53.59522],[55.91492,53.59506]],[[55.91493,53.6489],[55.94785,53.6402]],[[55.91496,54.7448],[55.91031,54.74806],[55.89982,54.74578],[55.89832,54.74101],[55.89982,54.74039],[55.89653,54.73522],[55.89672,54.72952],[55.91028,54.72599],[55.92159,54.73858],[55.91327,54.74221],[55.91496,54.7448],[55.91686,54.74618],[55.92359,54.74484],[55.92342,54.74368]],[[55.91509,54.59831],[55.91657,54.60095]],[[55.91558,52.93991],[55.92182,52.93909]],[[55.91657,54.60095],[55.91692,54.60102]],[[55.91657,54.60095],[55.91793,54.60313]],[[55.91692,54.60102],[55.91675,54.60122]],[[55.9169,53.35927],[55.91911,53.35926],[55.91958,53.35925],[55.92007,53.35925],[55.92409,53.35927]],[[55.91692,54.60102],[55.92702,54.59868],[55.95192,54.59984],[55.94678,54.60427],[55.94387,54.60532]],[[55.91797,53.34677],[55.91699,53.34715]],[[55.91699,53.34675],[55.9187,53.34676],[55.91914,53.34677],[55.91942,53.34678],[55.91999,53.34679],[55.92194,53.34681],[55.9254,53.34684],[55.92612,53.34684],[55.92791,53.34686],[55.93603,53.3469],[55.94921,53.34705]],[[55.91771,52.92588],[55.93427,52.92176],[55.94557,52.91396]],[[55.91787,52.961],[55.91774,52.96039]],[[55.91868,54.74013],[55.92342,54.74368]],[[55.9662,52.97262],[55.95817,52.97886],[55.95627,52.97981],[55.94961,52.98273],[55.94883,52.98303],[55.94842,52.98317],[55.93419,52.98345],[55.93115,52.98493],[55.92724,52.98307],[55.91898,52.98436]],[[55.91898,55.91261],[55.92906,55.91756]],[[55.91937,53.35162],[55.91914,53.34677],[55.91938,53.34062],[55.91986,53.33945],[55.91961,53.33425]],[[55.91943,53.3703],[55.91936,53.36768],[55.9195,53.3603],[55.91958,53.35925],[55.91961,53.35837],[55.91965,53.35632],[55.91966,53.35618],[55.91939,53.35176]],[[55.91943,53.3411],[55.93523,53.34126]],[[55.91954,52.96816],[55.92561,52.96646]],[[55.91961,53.33425],[55.9269,53.33413],[55.93449,53.33439],[55.93582,53.33451],[55.94711,53.33628],[55.95079,53.33651]],[[55.92426,53.35629],[55.92401,53.35635],[55.92213,53.35634],[55.91965,53.35632]],[[55.91966,53.35618],[55.92214,53.3562],[55.92401,53.3562],[55.92426,53.35629]],[[55.92548,52.9667],[55.9197,52.96837]],[[55.9198,52.96021],[55.91543,52.9605],[55.91488,52.96225],[55.92148,52.97149],[55.92272,52.97202]],[[55.92035,53.62175],[55.92166,53.61715]],[[55.92214,53.62222],[55.9219,53.62256],[55.92123,53.62363],[55.92075,53.62445],[55.92071,53.62464],[55.92069,53.62635],[55.92053,53.6301]],[[55.96888,53.24054],[55.97219,53.24352],[55.97,53.24676],[55.97445,53.24899],[55.9714,53.25048],[55.96132,53.25064],[55.95862,53.24974],[55.95111,53.25146],[55.94389,53.24936],[55.93771,53.2496],[55.92092,53.25264]],[[55.92108,53.8449],[55.92076,53.84404],[55.92119,53.84383]],[[55.93158,52.96971],[55.92455,52.9686],[55.92253,52.97246],[55.92526,52.97479],[55.93572,52.97492],[55.94124,52.97724],[55.94322,52.98087],[55.94842,52.98254],[55.94883,52.98303],[55.94898,52.9833],[55.94918,52.9845],[55.95155,52.98681],[55.9598,52.99109],[55.96091,52.99616],[55.96212,52.99736],[55.96112,52.99989],[55.95668,53.00385],[55.95968,53.00826],[55.95304,53.01121],[55.94544,53.00885],[55.94132,53.00579],[55.93163,53.00648],[55.93144,53.01019],[55.92942,53.00671],[55.92156,53.00677]],[[55.92303,53.62245],[55.9219,53.62256]],[[55.92213,53.35634],[55.92214,53.3562]],[[55.92283,52.85561],[55.92704,52.85502]],[[55.93534,54.74359],[55.93084,54.74141],[55.92342,54.74368]],[[55.92636,53.62328],[55.92477,53.62372],[55.92393,53.62268]],[[55.92402,53.36131],[55.92409,53.35927]],[[55.92409,53.35927],[55.92415,53.35863],[55.92426,53.35629],[55.92426,53.35607],[55.92429,53.35546],[55.92442,53.35228]],[[55.92418,54.92255],[55.93205,54.91912],[55.95166,54.92869],[55.96362,54.92848],[55.97105,54.9255],[55.97459,54.92024],[55.99554,54.91207],[56.00594,54.91064],[56.01011,54.90678]],[[55.93568,53.3564],[55.92426,53.35629]],[[55.92442,53.35228],[55.92433,53.35199]],[[55.92464,53.35214],[55.92442,53.35228]],[[55.92444,53.63012],[55.92405,53.62476],[55.92415,53.62461],[55.92477,53.62372],[55.92515,53.62318],[55.92562,53.62262],[55.92752,53.61991],[55.92893,53.61811],[55.93342,53.62003]],[[55.92529,53.37329],[55.92477,53.36212]],[[55.9249,52.97466],[55.92496,52.97487]],[[55.92497,53.35153],[55.92527,53.35143]],[[55.9254,53.34684],[55.92506,53.34117]],[[55.9251,54.61295],[55.92792,54.61823],[55.92928,54.61822],[55.9279,54.61857],[55.92717,54.62168]],[[55.92527,53.35143],[55.92523,53.35164]],[[56.54004,56.07902],[56.52766,56.07852],[56.51587,56.08169],[56.49914,56.07797],[56.47673,56.07733],[56.44624,56.07831],[56.40205,56.0825],[56.38777,56.07717],[56.37593,56.06884],[56.35016,56.05402],[56.3046,56.04072],[56.2863,56.04562],[56.27226,56.04794],[56.2606,56.0541],[56.23896,56.05863],[56.22288,56.06517],[56.2216,56.06738],[56.2117,56.07023],[56.17623,56.07634],[56.16749,56.077],[56.14445,56.07564],[56.13697,56.07808],[56.10304,56.07925],[56.06907,56.07462],[56.02292,56.04745],[56.01423,56.04843],[55.97103,56.04621],[55.96297,56.04173],[55.94926,56.03777],[55.92524,56.03683]],[[55.92597,53.38333],[55.92526,53.38324]],[[55.92526,53.38324],[55.92579,53.38292]],[[55.92527,53.35143],[55.9254,53.34684]],[[55.92551,54.61771],[55.92539,54.61411]],[[55.92559,53.34118],[55.9254,53.34684]],[[55.92542,53.37329],[55.92618,53.37317]],[[55.92551,54.61771],[55.92604,54.61851],[55.92886,54.6183],[55.92928,54.61822],[55.92992,54.61799],[55.93294,54.61673],[55.94315,54.60701],[55.94362,54.60567],[55.94424,54.6046],[55.93997,54.60102]],[[55.92716,54.61831],[55.92675,54.61747],[55.92551,54.61771]],[[55.92618,53.37317],[55.92578,53.37352]],[[55.93473,54.72642],[55.9259,54.72769]],[[55.92618,53.37317],[55.94425,53.37323],[55.9445,53.36454],[55.94792,53.36458],[55.9481,53.35649]],[[55.92639,54.66868],[55.92618,54.66897]],[[55.93011,54.67004],[55.92644,54.66903]],[[55.92644,54.66903],[55.92601,54.66893],[55.9247,54.66852],[55.92459,54.66825],[55.92491,54.66817],[55.9253,54.66829],[55.92584,54.66848],[55.92639,54.66868],[55.92672,54.6688]],[[55.92644,54.66903],[55.92672,54.6688]],[[55.92672,54.6688],[55.9308,54.67023]],[[55.92844,55.86779],[55.93849,55.87098],[55.94588,55.87602],[55.95183,55.87614]],[[55.92969,54.7291],[55.93078,54.7315]],[[55.93,55.98775],[55.93456,55.9733],[55.93411,55.96612],[55.92712,55.95467],[55.91918,55.92971],[55.91986,55.92433],[55.9288,55.9178],[55.92906,55.91756],[55.92935,55.91719],[55.92999,55.9161],[55.9293,55.90575],[55.92551,55.89751],[55.93897,55.88619],[55.95174,55.87954],[55.95183,55.87614],[55.95421,55.87594],[55.95403,55.87273],[55.95895,55.87084],[55.96123,55.86741],[55.96488,55.86484],[55.96375,55.85584],[55.96678,55.85202],[55.97,55.84363],[55.9802,55.84192],[55.98303,55.83997],[55.97988,55.83371],[55.98079,55.82913]],[[55.9308,54.67023],[55.93011,54.67004]],[[55.93334,54.67193],[55.93011,54.67004]],[[55.93029,54.66994],[55.93256,54.67034],[55.93334,54.66949]],[[55.93078,54.7315],[55.93198,54.73395],[55.93783,54.73299]],[[55.94263,54.72953],[55.93972,54.72999],[55.93845,54.7302],[55.93767,54.73033],[55.93699,54.73045],[55.93685,54.73047],[55.93675,54.73049],[55.93666,54.7305],[55.93078,54.7315]],[[55.93471,54.6699],[55.93439,54.67071],[55.9308,54.67023]],[[55.93158,52.96971],[55.94048,52.97148]],[[55.93158,52.96971],[55.93387,52.96259],[55.93307,52.95667]],[[55.93318,53.80983],[55.93227,53.80876]],[[55.9323,54.72117],[55.93472,54.72629]],[[55.93238,53.80858],[55.93413,53.80762]],[[55.93245,53.80869],[55.93518,53.80912]],[[55.93268,53.60131],[55.93554,53.60203],[55.94543,53.6117]],[[55.93918,53.64609],[55.9328,53.64781]],[[55.93532,53.80924],[55.93301,53.81062]],[[55.93309,54.71484],[55.93308,54.71478]],[[55.9333,52.95664],[55.9337,52.95189],[55.94484,52.95071]],[[55.93471,54.6699],[55.93363,54.66998]],[[55.93363,54.66812],[55.93471,54.6699]],[[55.93401,53.6162],[55.93406,53.61629]],[[55.9348,53.61612],[55.93433,53.61619]],[[55.93441,54.35535],[55.94268,54.3543],[55.94441,54.35046]],[[55.93469,53.6159],[55.9348,53.61612]],[[55.93472,54.72629],[55.93636,54.7294],[55.93658,54.72991],[55.9368,54.73035],[55.93685,54.73047],[55.93692,54.73061],[55.93738,54.73157],[55.93802,54.73296],[55.9391,54.73532],[55.94013,54.73773]],[[55.93473,54.72642],[55.93472,54.72629]],[[55.93473,53.33384],[55.93582,53.33451],[55.9349,53.33492]],[[55.94014,54.73808],[55.93979,54.73742],[55.93795,54.73326],[55.93719,54.7316],[55.93666,54.7305],[55.9366,54.73039],[55.93631,54.7298],[55.9355,54.72809],[55.93473,54.72642]],[[55.93478,56.21818],[55.94891,56.22111],[55.96573,56.22135],[55.98437,56.2129],[55.99488,56.21117],[56.01054,56.21558],[56.02466,56.21578],[56.05504,56.2188],[56.09135,56.21827],[56.10138,56.21686],[56.10651,56.2176]],[[55.9348,53.61612],[55.94479,53.61867],[55.94712,53.62061],[55.95293,53.62243]],[[55.94392,53.72605],[55.9423,53.72617],[55.93493,53.72079]],[[55.93501,53.63521],[55.9425,53.63317]],[[55.93509,53.34034],[55.9491,53.34135]],[[55.93534,54.74359],[55.94334,54.74602]],[[55.94014,54.73808],[55.93839,54.74018],[55.93322,54.74093],[55.9371,54.74224],[55.93534,54.74359]],[[55.93578,53.34236],[55.93537,53.34238]],[[55.93591,53.80397],[55.9347,53.80811],[55.93542,53.80905]],[[55.9355,53.80917],[55.9593,53.80478],[55.96141,53.80329],[55.96728,53.80213],[55.98216,53.80433],[55.98946,53.80658],[55.99729,53.80711],[56.00972,53.81112],[56.02337,53.80975],[56.04346,53.81132],[56.05591,53.79793],[56.06715,53.79389],[56.06803,53.79275],[56.08121,53.79087],[56.0793,53.78816],[56.08404,53.78598]],[[55.93572,54.76651],[55.93766,54.7689]],[[55.9491,53.34135],[55.93575,53.34198]],[[55.93587,53.35284],[55.94829,53.35297]],[[55.94557,52.91396],[55.94075,52.90759],[55.93591,52.90888]],[[55.93995,53.59867],[55.93759,53.59627],[55.9364,53.59146]],[[55.9481,53.35649],[55.93673,53.35641]],[[55.93949,54.72285],[55.93819,54.72015]],[[55.93875,55.05532],[55.93776,55.05594],[55.9482,55.05576]],[[55.93888,54.73535],[55.9391,54.73532],[55.93953,54.7353],[55.94502,54.73442],[55.9452,54.73439],[55.94579,54.73429],[55.94734,54.73404],[55.94818,54.73392],[55.95689,54.73251],[55.9631,54.73155]],[[55.93913,54.7135],[55.93919,54.71356]],[[55.93919,54.71356],[55.93744,54.71426],[55.93581,54.71469],[55.93495,54.7148],[55.93325,54.71483],[55.93309,54.71484],[55.93255,54.71488],[55.93087,54.71515],[55.92293,54.7176],[55.93081,54.7151],[55.93913,54.7135]],[[55.93913,54.7135],[55.94059,54.71316],[55.94837,54.71235],[55.95095,54.71178],[55.95391,54.71158]],[[55.943,53.64514],[55.93938,53.64612],[55.93918,53.64609]],[[55.93918,53.64609],[55.94294,53.64503]],[[55.95391,54.71158],[55.94344,54.71305],[55.94063,54.71322],[55.93919,54.71356]],[[55.93938,53.64612],[55.93929,53.64619]],[[55.94066,53.7432],[55.93975,53.74237]],[[55.94393,53.7515],[55.92223,53.74981],[55.92748,53.74186],[55.93975,53.74237]],[[55.93975,53.74237],[55.94013,53.742]],[[55.94013,54.73773],[55.93996,54.73774]],[[55.94002,54.73746],[55.94059,54.7376],[55.94591,54.73678],[55.94607,54.73672],[55.94626,54.73664],[55.95212,54.73572]],[[55.94013,54.73773],[55.94014,54.73808]],[[55.94058,54.73773],[55.94013,54.73773]],[[55.94058,54.73773],[55.94014,54.73808]],[[55.94048,52.97148],[55.94795,52.97266],[55.96099,52.96938]],[[55.94274,52.96453],[55.94048,52.97148]],[[55.94058,54.73773],[55.94059,54.7376]],[[55.94614,54.73684],[55.94058,54.73773]],[[55.94139,53.6517],[55.94232,53.65004],[55.95352,53.64741]],[[55.94263,54.72953],[55.94146,54.72706]],[[55.94239,53.69073],[55.94225,53.69212],[55.94743,53.69232]],[[55.94239,53.69073],[55.94256,53.68938],[55.94262,53.68885],[55.94515,53.68896],[55.94256,53.68938]],[[55.94614,54.73684],[55.94607,54.73672],[55.94599,54.73653],[55.94505,54.7345],[55.94502,54.73442],[55.94496,54.7343],[55.94446,54.73327],[55.94435,54.73304],[55.94429,54.73293],[55.94316,54.73206],[55.94263,54.72953]],[[55.96193,54.72647],[55.94263,54.72953]],[[55.94334,54.74602],[55.94445,54.74615]],[[55.94421,54.74637],[55.94334,54.74602]],[[55.95565,53.61392],[55.94985,53.61606],[55.94524,53.61488],[55.94348,53.6124]],[[55.95218,54.74824],[55.94421,54.74637]],[[55.94421,54.74637],[55.94445,54.74615]],[[55.94773,54.70672],[55.95463,54.70559],[55.95435,54.69575],[55.9542,54.69484],[55.94433,54.69453]],[[55.94445,54.74615],[55.95089,54.74774],[55.95272,54.74681]],[[55.94504,54.73691],[55.94594,54.73646]],[[55.94512,53.68921],[55.94777,53.68928]],[[55.94557,52.91396],[55.95183,52.91213],[55.95611,52.9083],[55.95703,52.90535],[55.95501,52.90257]],[[55.95085,54.74401],[55.94614,54.73684]],[[55.95219,54.73583],[55.94614,54.73684]],[[55.94801,54.70835],[55.94558,54.70233],[55.94651,54.70127]],[[55.96112,54.71704],[55.95751,54.72035],[55.95162,54.72347],[55.94663,54.7244]],[[55.98448,53.69443],[55.98367,53.69191],[55.98005,53.69034],[55.94782,53.68889]],[[55.95079,53.33651],[55.9481,53.35649]],[[55.94811,55.55317],[55.94593,55.54658],[55.94651,55.54103],[55.9561,55.52186],[55.9587,55.52011],[55.97087,55.51961]],[[55.94829,54.76481],[55.94933,54.76607],[55.95364,54.7672],[55.95413,54.76838]],[[55.9491,53.34135],[55.95013,53.3414]],[[55.94974,54.70072],[55.95087,54.70287],[55.95452,54.70243]],[[55.94983,54.7892],[55.94836,54.79098],[55.94138,54.7939],[55.93972,54.79633],[55.93817,54.79648],[55.93683,54.80037],[55.93898,54.80041],[55.93908,54.80706],[55.94682,54.80996],[55.9656,54.80786]],[[55.95047,54.72095],[55.95498,54.71909]],[[55.95079,53.33651],[55.96627,53.3375]],[[55.95079,53.33651],[55.95273,53.32911],[55.98041,53.31358]],[[55.95097,54.7442],[55.95085,54.74401]],[[55.95085,54.74401],[55.95669,54.74265]],[[55.95272,54.74681],[55.95097,54.7442]],[[55.95675,54.74291],[55.95097,54.7442]],[[55.96922,53.61943],[55.96731,53.62013],[55.9634,53.62155],[55.95934,53.62288],[55.9515,53.61548]],[[55.95498,54.71909],[55.95751,54.72035],[55.95164,54.7235]],[[55.95301,54.74856],[55.95218,54.74824]],[[55.95279,54.74822],[55.95218,54.74824]],[[55.96271,55.05399],[55.95978,55.04795],[55.96157,55.04611],[55.9505,55.04409],[55.94805,55.04846],[55.95264,55.05165]],[[55.95266,54.71721],[55.95498,54.71909]],[[55.95272,54.74681],[55.95279,54.74822]],[[55.95301,54.74856],[55.95279,54.74822]],[[55.95301,54.74856],[55.96287,54.75218]],[[55.95321,54.7479],[55.95301,54.74856]],[[55.9637,54.71856],[55.95634,54.72461],[55.95336,54.72517]],[[55.95346,53.63199],[55.95846,53.63061],[55.95998,53.62912],[55.96234,53.6282],[55.96416,53.62756],[55.96611,53.62688]],[[55.95391,54.74354],[55.95377,54.74335]],[[55.95391,54.71158],[55.96069,54.71149]],[[55.95483,53.61856],[55.9589,53.61715]],[[55.95498,54.71909],[55.95896,54.71612]],[[55.95581,54.73011],[55.95884,54.72962],[55.95901,54.72959],[55.96288,54.72897],[55.96308,54.72894],[55.96325,54.72891],[55.96771,54.72819]],[[55.96461,53.61753],[55.95657,53.60768]],[[55.95669,54.74265],[55.95695,54.74292],[55.95991,54.74747],[55.96068,54.74884]],[[55.95675,54.74291],[55.95669,54.74265]],[[55.96068,54.74884],[55.95945,54.74711],[55.95822,54.74522],[55.95721,54.74367],[55.95675,54.74291]],[[55.95721,54.74367],[55.95738,54.74363]],[[55.9576,54.74427],[55.95778,54.74423]],[[55.95896,54.71612],[55.95765,54.71513]],[[55.95769,54.72723],[55.95884,54.72962]],[[55.95798,54.74454],[55.9578,54.74457]],[[55.95822,54.74522],[55.9584,54.74519]],[[55.96042,53.61028],[55.95874,53.60689]],[[55.96112,54.71704],[55.95896,54.71612]],[[55.9605,54.71254],[55.96082,54.71153]],[[55.96287,54.75218],[55.96068,54.74884]],[[55.96069,54.71149],[55.96117,54.71151],[55.96145,54.71147],[55.96234,54.71107]],[[55.96082,54.71153],[55.96069,54.71149]],[[55.96076,53.61896],[55.96461,53.61753]],[[55.96215,54.71164],[55.96203,54.71167],[55.96196,54.71168],[55.96185,54.71168],[55.96166,54.71168],[55.96082,54.71153]],[[55.96257,54.71217],[55.96103,54.71223]],[[55.96816,54.71922],[55.96112,54.71704]],[[55.96257,54.71217],[55.96303,54.71346],[55.96112,54.71704]],[[55.96145,54.75],[55.96157,54.74995]],[[55.96189,54.71179],[55.96166,54.71168]],[[55.96171,54.71614],[55.96266,54.71686]],[[55.96963,53.65002],[55.96173,53.63979]],[[55.96564,53.61851],[55.96174,53.61993]],[[55.96203,54.71167],[55.96186,54.71157]],[[55.9631,54.73155],[55.96311,54.72984],[55.96309,54.72911],[55.96308,54.72894],[55.96306,54.72878],[55.96193,54.72647]],[[55.97551,54.72432],[55.96193,54.72647]],[[55.96208,54.71682],[55.96266,54.71686]],[[55.96257,54.71217],[55.96189,54.71179],[55.96185,54.71168],[55.96186,54.71157],[55.96212,54.71125]],[[55.96249,54.71139],[55.96257,54.71217]],[[55.96266,54.71686],[55.96365,54.71753]],[[55.97087,55.55258],[55.96283,55.54405]],[[56.00935,55.59687],[55.99332,55.6154],[55.98859,55.62412],[55.99227,55.63332],[55.99222,55.63617],[55.98879,55.64059],[55.98878,55.64711],[56.00603,55.66382],[55.98761,55.66961],[55.97224,55.67164],[55.969,55.67446],[55.96384,55.68844],[55.96211,55.68955],[55.96052,55.69402],[55.95491,55.69638],[55.93936,55.70728],[55.93064,55.7078],[55.91626,55.70647],[55.90419,55.70195],[55.88803,55.69185],[55.88216,55.68471],[55.88066,55.68104],[55.8876,55.6572],[55.88593,55.65053],[55.88911,55.64656],[55.88972,55.63322],[55.9004,55.61295],[55.90052,55.60039],[55.90388,55.59682],[55.91991,55.58732],[55.95141,55.57429],[55.95794,55.56721],[55.95582,55.5596],[55.95745,55.54646],[55.96283,55.54405]],[[55.97087,55.51961],[55.96068,55.54138],[55.96283,55.54405]],[[55.96287,54.75218],[55.96347,54.75255],[55.96523,54.75079],[55.96513,54.74815],[55.97694,54.74529]],[[55.9631,54.73155],[55.96504,54.73617]],[[55.9637,54.71856],[55.96357,54.71806]],[[55.96413,54.71827],[55.9637,54.71856]],[[55.96416,53.62756],[55.96774,53.63112],[55.96787,53.63337],[55.97218,53.63729]],[[55.96564,53.61851],[55.96461,53.61753]],[[56.01323,53.60855],[56.01211,53.61091],[56.01259,53.61232],[56.00909,53.61406],[56.00762,53.61625],[56.01409,53.61827],[56.02124,53.62283],[56.02912,53.62081],[56.03184,53.61815],[56.03208,53.61575],[56.02747,53.60971],[56.02293,53.60853],[56.01378,53.60889],[56.0132,53.60777],[56.01528,53.60654],[56.00328,53.60425],[55.9862,53.60566],[55.98043,53.60856],[55.96819,53.61069],[55.96711,53.61289],[55.96788,53.6139],[55.96475,53.61504]],[[55.96551,55.41388],[55.97473,55.44462],[55.97205,55.46386],[55.98011,55.48036],[55.98193,55.49605]],[[55.97503,53.62762],[55.97211,53.62478],[55.97072,53.62345],[55.96849,53.62127],[55.96731,53.62013],[55.96672,53.61956],[55.96633,53.61919],[55.96564,53.61851]],[[55.98125,53.69029],[55.98629,53.68936],[55.98608,53.68429],[55.98061,53.67965],[55.97211,53.67585],[55.97221,53.67386],[55.96441,53.66299],[55.96598,53.66181]],[[55.97517,53.64852],[55.97284,53.64913],[55.97007,53.6499],[55.96963,53.65002],[55.96649,53.65089]],[[55.96887,54.73067],[55.96771,54.72819]],[[55.96771,54.72819],[55.97236,54.72747]],[[55.97006,54.73293],[55.96887,54.73067]],[[55.96887,54.73067],[55.97779,54.72928]],[[55.96906,53.56899],[55.97608,53.56862],[55.98022,53.57041]],[[55.96969,54.73292],[55.96983,54.7327]],[[55.97006,54.73293],[55.97227,54.73735]],[[55.97178,54.73691],[55.97006,54.73293]],[[55.97071,54.69844],[55.96808,54.69486],[55.96665,54.68927],[55.97249,54.68869]],[[55.98193,55.49605],[55.97087,55.51961]],[[55.9749,54.72704],[55.97528,54.7279],[55.97275,54.72833],[55.97236,54.72747]],[[55.97236,54.72747],[55.97196,54.72668],[55.97459,54.72627],[55.9749,54.72704]],[[55.97249,53.63733],[55.97536,53.63781],[55.97935,53.63438]],[[55.9749,54.72704],[55.97663,54.72677]],[[55.98378,54.73931],[55.97498,54.74129]],[[55.98307,54.68302],[55.97639,54.67926],[55.97331,54.68075],[55.97384,54.68404],[55.97249,54.68867],[55.97404,54.69482],[55.97509,54.69562]],[[55.97669,54.74472],[55.985,54.74349],[55.99319,54.73998],[55.9994,54.73904],[56.0002,54.73767],[55.99939,54.73498],[55.99547,54.73122]],[[55.98887,52.94228],[55.98462,52.94496],[55.98173,52.9489],[55.98299,52.95233],[55.98073,52.96195],[55.97896,52.96389],[55.97726,52.97304]],[[55.97942,52.96349],[55.98948,52.96235],[56.01438,52.95204],[56.02518,52.95177],[56.03092,52.95281],[56.03933,52.95065],[56.05638,52.95106],[56.05586,52.94147],[56.06427,52.93762]],[[55.97975,55.04144],[55.9809,55.02232]],[[56.0056,53.43823],[55.97987,53.43691]],[[55.98046,53.69047],[55.98125,53.69029]],[[55.9807,53.43695],[55.97325,53.42911],[55.98213,53.42613]],[[56.1024,55.90375],[56.09121,55.87971],[56.08921,55.86653],[56.0897,55.86491],[56.09887,55.85736],[56.09111,55.85404],[56.08534,55.84685],[56.07607,55.84308],[56.07378,55.84382],[56.07173,55.84266],[56.06385,55.84623],[56.03754,55.83819],[55.98833,55.83146],[55.98079,55.82913]],[[55.98125,53.69029],[55.98101,53.69071]],[[55.98193,55.49605],[55.98368,55.49244],[55.99031,55.48839],[56.02157,55.48937],[56.03698,55.48635],[56.05364,55.48043],[56.06572,55.47945],[56.07608,55.48026],[56.08611,55.47451],[56.08472,55.47039],[56.09045,55.46903],[56.08776,55.46517],[56.08788,55.46182],[56.08654,55.45926],[56.07931,55.45173],[56.08166,55.44609],[56.07649,55.43853],[56.06523,55.42594],[56.06358,55.42051],[56.05502,55.41391],[56.04769,55.41056],[56.04649,55.40845],[56.0409,55.40427],[56.04763,55.38618],[56.0461,55.37982],[56.04155,55.37525],[56.04149,55.37366]],[[55.98699,55.04612],[55.98227,55.04209]],[[55.98483,53.65532],[55.98283,53.65479]],[[55.98307,54.68302],[55.98409,54.68363],[55.98728,54.68609]],[[55.98793,54.68714],[55.98307,54.68302]],[[55.98332,52.92364],[55.98642,52.93141],[55.98887,52.94228]],[[55.98353,53.65065],[55.9856,53.65288],[55.98576,53.65543]],[[55.98378,54.73931],[55.98397,54.73892],[55.98471,54.73873]],[[55.98378,54.73931],[55.98471,54.73873]],[[55.98431,53.65088],[55.98482,53.6507]],[[55.98773,54.73015],[55.98439,54.73571]],[[55.98458,54.71151],[55.98468,54.71111]],[[55.98471,54.73873],[55.9895,54.73711]],[[55.98483,53.65532],[55.98576,53.65543]],[[55.98578,53.65616],[55.98483,53.65532]],[[55.98576,53.65543],[55.98611,53.65605]],[[55.98578,53.65616],[55.98618,53.65617]],[[55.98611,53.65605],[55.98578,53.65616]],[[55.98611,53.65605],[55.98618,53.65617]],[[55.98618,53.65617],[55.99052,53.66292],[55.9936,53.66471]],[[55.98808,53.6551],[55.98618,53.65617]],[[55.98672,54.73034],[55.98773,54.73015]],[[55.98699,55.04612],[55.9915,55.05126]],[[56.17985,55.04666],[56.17882,55.04787],[56.17204,55.0487],[56.16837,55.04808],[56.16437,55.04559],[56.13517,55.04096],[56.12907,55.04095],[56.12483,55.03486],[56.11716,55.03489],[56.11417,55.03219],[56.10819,55.03084],[56.0904,55.03336],[56.07504,55.03009],[56.06102,55.02899],[56.05839,55.02988],[56.01851,55.03137],[56.01761,55.0332],[56.00569,55.03894],[55.98699,55.04612]],[[55.98728,54.68609],[55.99221,54.68655]],[[55.98728,54.68609],[55.98818,54.68727]],[[55.98773,54.73015],[55.98842,54.72922],[55.9938,54.72896]],[[55.99098,54.69814],[55.98839,54.69322]],[[55.98847,54.71352],[55.99233,54.70701],[55.99823,54.70596]],[[55.98871,54.82334],[55.99338,54.82789],[56.00089,54.84641],[56.00928,54.84772],[56.01356,54.85126]],[[55.99706,54.7496],[55.98873,54.75231]],[[56.34577,52.92798],[56.3466,52.92653],[56.3452,52.92301],[56.33991,52.91664],[56.32602,52.90582],[56.31262,52.90308],[56.28087,52.90162],[56.25839,52.89933],[56.25066,52.89991],[56.24275,52.90379],[56.23241,52.9044],[56.20984,52.90301],[56.20026,52.90123],[56.18531,52.89491],[56.17516,52.89501],[56.14109,52.88787],[56.12417,52.88131],[56.10656,52.87748],[56.07768,52.86737],[56.06033,52.87472],[56.04808,52.88879],[56.0426,52.89203],[56.03647,52.89385],[55.99896,52.93375],[55.99575,52.9396],[55.98887,52.94228]],[[55.99126,54.68735],[55.99615,54.6856],[55.99855,54.69086],[56.00208,54.693]],[[55.99307,53.45569],[56.00125,53.44412],[56.00655,53.44237],[56.00547,53.44058],[56.00543,53.44007],[56.0056,53.43827],[56.0056,53.43823],[56.00562,53.43811]],[[55.99348,54.68641],[55.99329,54.68625]],[[56.00689,54.70197],[55.9922,54.70445],[55.99331,54.70681]],[[55.99351,54.72896],[55.99358,54.7288]],[[55.99384,54.69765],[55.99473,54.6973]],[[56.16561,54.36033],[56.16508,54.36009],[56.15939,54.3586],[56.15746,54.3581],[56.09451,54.34213],[56.09165,54.34247],[56.08538,54.34728],[56.06056,54.34885],[56.02468,54.34548],[56.00209,54.3348],[55.99917,54.33618],[55.99402,54.33256]],[[55.99473,54.6973],[55.99467,54.69848]],[[55.99473,54.6973],[56.00208,54.693]],[[56.00241,54.71551],[55.99587,54.71856]],[[55.99721,54.75905],[56.00326,54.7638]],[[55.9985,55.19282],[56.00447,55.18641],[56.00436,55.18435],[56.00136,55.17938],[56.01485,55.17563],[56.01877,55.17136],[56.0149,55.16436],[56.00769,55.15755],[56.00849,55.14712],[56.0159,55.1446],[56.02105,55.1462],[56.04676,55.13965],[56.07214,55.12636],[56.09552,55.12202],[56.10053,55.12305],[56.10804,55.1218],[56.11243,55.12319],[56.11199,55.12589],[56.10945,55.1269],[56.10931,55.12791],[56.10963,55.12823]],[[55.99906,54.72083],[55.9949,54.71813],[55.99969,54.71451]],[[56.00884,54.70745],[55.99971,54.70899]],[[56.00208,54.693],[56.0065,54.69644],[56.00689,54.70197]],[[56.00256,54.71461],[56.0045,54.71453]],[[56.00884,54.70745],[56.00951,54.7089],[56.00762,54.71298],[56.00469,54.71444],[56.0029,54.71532]],[[56.00527,54.76294],[56.00469,54.76331],[56.00326,54.7638]],[[56.00326,54.7638],[56.00527,54.76294]],[[56.0035,52.81517],[56.00949,52.82009],[56.01322,52.82074]],[[56.00569,54.76331],[56.00469,54.76331]],[[56.00527,54.76294],[56.00569,54.76331]],[[56.00527,54.76294],[56.02026,54.75657],[56.02037,54.75629],[56.02129,54.75417],[56.02153,54.75368],[56.02222,54.75335]],[[56.00569,54.76331],[56.00955,54.76646],[56.01527,54.76402]],[[56.00643,55.94868],[56.01883,55.95246],[56.02788,55.95841],[56.03568,55.96026],[56.06039,55.96378],[56.06991,55.96186]],[[56.00689,54.70197],[56.00884,54.70745]],[[56.0072,53.68303],[56.00143,53.68624],[56.01003,53.69751],[56.01544,53.69727]],[[56.05369,54.893],[56.048,54.89001],[56.03623,54.88925],[56.01221,54.90293],[56.01312,54.90475],[56.00981,54.90567],[56.01011,54.90678]],[[56.01011,54.90678],[56.02186,54.90592],[56.02678,54.90388],[56.03789,54.90192],[56.05345,54.90369]],[[56.01544,53.69727],[56.01604,53.69702]],[[56.01624,53.69735],[56.01585,53.69729],[56.01564,53.69727],[56.01546,53.69727],[56.01544,53.69727]],[[56.01588,53.69751],[56.01546,53.69727]],[[56.01666,53.69757],[56.01639,53.69737]],[[56.03089,53.72244],[56.02532,53.71274],[56.01913,53.70696],[56.01666,53.69757]],[[56.01676,53.69724],[56.01666,53.69757]],[[56.02069,53.43986],[56.01802,53.43871]],[[56.02037,54.75629],[56.02476,54.75692]],[[56.02129,54.75417],[56.02568,54.75481]],[[56.02147,54.0148],[56.03105,54.01794],[56.03624,54.02575],[56.04761,54.02725],[56.05694,54.04098],[56.06441,54.04798],[56.08546,54.05554],[56.09924,54.06407]],[[56.02222,54.75335],[56.02236,54.75293]],[[56.02321,54.75313],[56.02222,54.75335]],[[56.02841,54.76707],[56.02287,54.76997]],[[56.04476,53.45447],[56.04191,53.45328],[56.04182,53.45325],[56.04155,53.45314],[56.03178,53.44919],[56.02969,53.44832],[56.0295,53.44824],[56.02792,53.44759],[56.02637,53.44694]],[[56.0265,54.74416],[56.02676,54.74499]],[[56.0281,54.74006],[56.02522,54.74038],[56.0265,54.74416]],[[56.0265,54.74416],[56.02807,54.74403]],[[56.02652,53.44681],[56.0281,53.44743],[56.03385,53.44982],[56.04512,53.4544]],[[56.02758,53.46563],[56.03147,53.4623],[56.03269,53.46122],[56.03347,53.46055],[56.03421,53.4599],[56.03565,53.45866],[56.03894,53.45579],[56.04182,53.45325]],[[56.0281,53.44743],[56.02792,53.44759],[56.02739,53.44814],[56.02723,53.44861],[56.02945,53.4586]],[[56.03651,53.46179],[56.03452,53.461],[56.03347,53.46055],[56.03014,53.45921],[56.02945,53.4586]],[[56.02945,53.4586],[56.02334,53.46384],[56.02758,53.46563],[56.03071,53.46681]],[[56.03145,53.44165],[56.04318,53.44379]],[[56.03256,52.99836],[56.03685,52.99141],[56.04004,52.9888],[56.0547,52.98757],[56.05625,52.97979],[56.05551,52.97128],[56.05899,52.97144]],[[56.03363,53.437],[56.03364,53.4297],[56.03788,53.4272],[56.03811,53.4202],[56.04467,53.41818],[56.04532,53.38435],[56.05863,53.37474],[56.06646,53.37167],[56.06612,53.36689],[56.07028,53.3666],[56.07048,53.36387],[56.08114,53.36312],[56.08232,53.36408],[56.08862,53.362],[56.09954,53.36233]],[[56.03656,54.79082],[56.05329,54.79291],[56.06051,54.79146]],[[56.03965,53.47032],[56.04712,53.46485]],[[56.04088,53.47691],[56.04047,53.4768]],[[56.04063,53.4766],[56.04088,53.47691],[56.04259,53.4792],[56.04296,53.47949],[56.05533,53.48333],[56.08771,53.48855],[56.10181,53.49673],[56.10718,53.50177],[56.12934,53.5043],[56.13751,53.50743],[56.16158,53.51083],[56.18775,53.51765],[56.20879,53.51933]],[[56.04399,53.44308],[56.05339,53.44693],[56.05354,53.44705]],[[56.07721,54.78234],[56.07906,54.77876],[56.08513,54.77415],[56.08429,54.76946],[56.08154,54.76671],[56.07358,54.76241],[56.06649,54.76025],[56.05014,54.76013],[56.04406,54.75909]],[[56.04791,54.80417],[56.05186,54.80752],[56.0551,54.80831],[56.06319,54.80883],[56.07445,54.80515],[56.07782,54.80811],[56.10291,54.80242],[56.10359,54.80215],[56.10838,54.79981],[56.109,54.79947]],[[56.0481,53.45153],[56.05339,53.44693]],[[56.05354,53.44705],[56.0483,53.45161]],[[56.04967,54.76513],[56.04727,54.76382],[56.0489,54.76002]],[[56.04904,53.43869],[56.05802,53.44267],[56.05965,53.44604],[56.05354,53.44705]],[[56.15572,53.32477],[56.13795,53.31987],[56.12696,53.31218],[56.11852,53.30372],[56.1193,53.30202],[56.11691,53.2981],[56.09565,53.29308],[56.07923,53.29748],[56.05656,53.29529],[56.04973,53.29309]],[[56.07198,54.40863],[56.05967,54.39011],[56.05066,54.37283],[56.04218,54.37392],[56.04182,54.36906],[56.0485,54.36043],[56.05312,54.34824]],[[56.05697,54.7971],[56.05695,54.79702]],[[56.05742,54.78832],[56.07308,54.78361]],[[56.05862,53.44383],[56.07696,53.44257],[56.08806,53.44467]],[[56.05877,54.82203],[56.06431,54.82046],[56.06461,54.82037],[56.0673,54.81959]],[[56.06751,54.81983],[56.06482,54.82061],[56.06451,54.82069],[56.05899,54.82228]],[[56.06086,54.30996],[56.07027,54.30752],[56.12265,54.31184],[56.1264,54.31119]],[[56.06106,53.64033],[56.0645,53.64493],[56.05915,53.65218],[56.06181,53.65508],[56.0618,53.66017],[56.069,53.66056],[56.07576,53.65941],[56.0759,53.65759],[56.083,53.65702],[56.0916,53.65945],[56.09643,53.65956],[56.10135,53.67415],[56.09751,53.68073],[56.098,53.68414],[56.09681,53.68624],[56.0973,53.69243],[56.0958,53.70228],[56.10225,53.71338],[56.11628,53.71761],[56.13477,53.71986]],[[56.06664,54.8227],[56.06603,54.82243],[56.06451,54.82069],[56.06431,54.82046],[56.06318,54.81912],[56.06345,54.81831]],[[56.06379,54.81834],[56.06356,54.81912],[56.06461,54.82037],[56.06482,54.82061],[56.06631,54.82234],[56.06724,54.82267],[56.07092,54.82281],[56.07963,54.82284]],[[56.07069,54.82544],[56.06455,54.82542]],[[56.07895,54.77362],[56.06493,54.7741]],[[56.0772,54.79822],[56.06683,54.79765]],[[56.07008,54.81924],[56.07101,54.82032],[56.07093,54.82274],[56.07092,54.82281],[56.07085,54.82477],[56.07083,54.82526],[56.07069,54.82544]],[[56.20926,56.15093],[56.20477,56.15034],[56.19847,56.15137],[56.18929,56.15485],[56.15786,56.15443],[56.14871,56.14871],[56.12931,56.13987],[56.1059,56.13365],[56.09438,56.12511],[56.09169,56.12148],[56.08966,56.11592],[56.08502,56.11199],[56.08598,56.10867],[56.08282,56.10534],[56.06206,56.10012],[56.07039,56.07488]],[[56.08107,54.82422],[56.07707,54.82553],[56.07069,54.82544]],[[56.07101,54.82032],[56.07618,54.82038],[56.08232,54.81827],[56.08258,54.81827],[56.08444,54.81853],[56.08751,54.81891],[56.08767,54.81893],[56.09035,54.81927],[56.09212,54.8195],[56.09621,54.81834],[56.09846,54.81532]],[[56.07519,54.66458],[56.07262,54.66478]],[[56.07308,54.78361],[56.07341,54.78258]],[[56.07308,54.78361],[56.07721,54.78234]],[[56.07458,54.78387],[56.07398,54.78358],[56.07308,54.78361]],[[56.1949,52.86039],[56.18143,52.85699],[56.16913,52.84912],[56.14712,52.84651],[56.13721,52.84367],[56.12574,52.83804],[56.10649,52.83087],[56.07396,52.80384]],[[56.14231,54.69322],[56.13545,54.68976],[56.13046,54.68436],[56.12732,54.68252],[56.09771,54.67777],[56.08264,54.6711],[56.07519,54.66458]],[[56.07661,54.66331],[56.07519,54.66458]],[[56.07569,54.78485],[56.07721,54.78234]],[[56.07745,54.65038],[56.08267,54.64875],[56.08353,54.64758]],[[56.07911,54.82229],[56.08033,54.82353],[56.08104,54.82419],[56.08107,54.82422]],[[56.07954,54.8162],[56.0816,54.81851]],[[56.08059,54.81051],[56.08432,54.81494]],[[56.0851,54.81687],[56.08444,54.81853],[56.0826,54.82357],[56.08096,54.82412]],[[56.08482,54.85123],[56.08454,54.8508],[56.08418,54.85063],[56.08262,54.85008],[56.08224,54.84975],[56.08217,54.84438],[56.079,54.84401],[56.07947,54.83941],[56.08518,54.83526],[56.08961,54.83392],[56.08795,54.83003],[56.08107,54.82422]],[[56.08336,54.82379],[56.08107,54.82422]],[[56.08219,55.13449],[56.09149,55.13433],[56.09334,55.13195],[56.09961,55.13106],[56.10673,55.12787],[56.10801,55.12761],[56.10931,55.12791],[56.10992,55.12796]],[[56.08294,54.65013],[56.08353,54.64758]],[[56.08353,54.64758],[56.08317,54.65014]],[[56.08353,54.64758],[56.08419,54.64897],[56.08836,54.65105]],[[56.41756,54.51748],[56.41199,54.52035],[56.40575,54.52611],[56.39408,54.52931],[56.37768,54.52947],[56.36618,54.53563],[56.35313,54.54511],[56.33917,54.56479],[56.33442,54.56823],[56.25854,54.58631],[56.23239,54.59464],[56.21959,54.59549],[56.16455,54.6126],[56.12484,54.61708],[56.11213,54.62282],[56.10836,54.62321],[56.10139,54.62812],[56.0958,54.63347],[56.09128,54.64016],[56.08434,54.64533],[56.08353,54.64758]],[[56.08418,54.85063],[56.08397,54.85093]],[[56.08502,54.81462],[56.08663,54.81648]],[[56.0853,54.82413],[56.09364,54.82539],[56.10936,54.82088],[56.09351,54.82554],[56.08544,54.82433],[56.0853,54.82413],[56.08523,54.82395],[56.08751,54.81891]],[[56.08806,53.44467],[56.09243,53.44763],[56.1007,53.45614]],[[56.08806,53.44467],[56.08789,53.44745],[56.09032,53.45546]],[[56.09227,53.42139],[56.11348,53.4204],[56.13702,53.42561],[56.16107,53.41615],[56.16545,53.41343],[56.16962,53.41284],[56.17225,53.41481],[56.17624,53.41346],[56.19478,53.40406],[56.20064,53.40582],[56.22587,53.40741],[56.27255,53.40066],[56.29703,53.39118],[56.30335,53.38774],[56.31764,53.38374],[56.32676,53.37733],[56.33484,53.37759],[56.34006,53.36608],[56.34185,53.35748],[56.34267,53.35183],[56.34211,53.34031],[56.34065,53.33908]],[[56.09651,54.81321],[56.09526,54.81169]],[[56.09811,54.81496],[56.09735,54.81416],[56.09689,54.81364]],[[56.10422,54.81221],[56.1029,54.8126],[56.10087,54.81318],[56.09735,54.81416]],[[56.10086,54.81103],[56.10013,54.81061],[56.09774,54.80768]],[[56.09809,54.80807],[56.09847,54.80793]],[[56.09813,54.80757],[56.09847,54.80793],[56.10006,54.80982],[56.10077,54.81045],[56.10062,54.81061],[56.10086,54.81103]],[[56.09924,54.06407],[56.10234,54.068],[56.11243,54.06619],[56.11473,54.06906],[56.12749,54.07212],[56.15963,54.08377],[56.17043,54.08364],[56.17406,54.08169],[56.18439,54.08215],[56.2073,54.07456],[56.2073,54.06825],[56.21893,54.05906],[56.22127,54.05975],[56.22493,54.05809],[56.23851,54.04584],[56.2459,54.04246]],[[56.09976,54.80991],[56.10006,54.80982]],[[56.10036,54.81068],[56.10062,54.81061]],[[56.10086,54.81103],[56.10233,54.81276]],[[56.10992,55.12796],[56.10816,55.13035],[56.10967,55.13722],[56.10533,55.14994],[56.10354,55.15124]],[[56.10733,54.81861],[56.10424,54.81498],[56.10415,54.81469]],[[56.10422,54.81221],[56.10606,54.81433]],[[56.10783,54.81116],[56.10422,54.81221]],[[56.11013,52.79397],[56.1065,52.79687],[56.10517,52.80008]],[[56.11076,54.81461],[56.10529,54.81616]],[[56.10576,54.80869],[56.10783,54.81116]],[[56.10651,56.2176],[56.13867,56.22811],[56.14788,56.23227],[56.15468,56.23904],[56.15032,56.2444],[56.15099,56.24674],[56.15565,56.24863],[56.16341,56.24843],[56.17737,56.25749],[56.18947,56.25169],[56.1968,56.24438],[56.19677,56.22549],[56.19465,56.21984],[56.19958,56.21525],[56.21083,56.21212],[56.21882,56.20649],[56.22749,56.20382],[56.25515,56.20074],[56.27603,56.20178]],[[56.10651,56.2176],[56.11672,56.21027]],[[56.10733,54.81861],[56.10698,54.81872]],[[56.1075,54.81886],[56.10733,54.81861]],[[56.11286,54.817],[56.10733,54.81861]],[[56.10783,54.81116],[56.1096,54.8133],[56.11076,54.81461],[56.11286,54.817]],[[56.11233,54.80989],[56.10783,54.81116]],[[56.10838,54.79981],[56.10822,54.79957]],[[56.10895,53.62432],[56.11131,53.62372],[56.11705,53.62214],[56.1243,53.62004],[56.13133,53.61782],[56.12938,53.61624],[56.13305,53.61322],[56.1327,53.61227]],[[56.18099,55.13774],[56.15855,55.12497],[56.13496,55.12899],[56.12301,55.12899],[56.11477,55.12681],[56.10992,55.12796]],[[56.11233,54.80989],[56.11024,54.80742]],[[56.11131,53.62372],[56.11092,53.6234]],[[56.11859,54.81446],[56.11566,54.81374],[56.11233,54.80989]],[[56.11561,54.80895],[56.11233,54.80989]],[[56.12038,54.81143],[56.11903,54.81367],[56.11859,54.81446],[56.11812,54.81539],[56.11286,54.817]],[[56.11736,54.81111],[56.11717,54.81075],[56.11561,54.80895],[56.11361,54.80656]],[[56.11434,53.98865],[56.11679,53.98321],[56.12367,53.98257],[56.13688,53.97536],[56.16814,53.96264],[56.17194,53.96195],[56.1741,53.9603],[56.17938,53.95211]],[[56.1311,54.8083],[56.12068,54.80638],[56.11536,54.80863]],[[56.12441,54.77456],[56.12435,54.77439]],[[56.12435,54.77439],[56.11643,54.77347],[56.11277,54.77454],[56.11682,54.78004],[56.12441,54.78013]],[[56.12435,54.77439],[56.12597,54.77436],[56.12441,54.77456]],[[56.12441,54.78102],[56.12441,54.78013]],[[56.12441,54.78013],[56.12441,54.77635]],[[56.12441,54.77635],[56.12441,54.77456]],[[56.12441,54.77635],[56.13089,54.77632],[56.1312,54.77637],[56.13131,54.78102]],[[56.12625,54.78807],[56.12624,54.7861],[56.13134,54.7861]],[[56.14113,53.42373],[56.12924,53.40601],[56.12966,53.39969],[56.12762,53.39846]],[[56.128,54.8129],[56.13042,54.81353],[56.12787,54.81312]],[[56.15281,55.66671],[56.14912,55.67034],[56.1479,55.67328],[56.14549,55.67487],[56.13524,55.67905],[56.12859,55.67941]],[[56.12868,54.68317],[56.15359,54.66826]],[[56.12909,53.10806],[56.13184,53.11304],[56.1477,53.12762],[56.15022,53.13108],[56.15761,53.13477]],[[56.13258,54.83112],[56.13323,54.83123],[56.13364,54.83132],[56.13417,54.83145],[56.142,54.83419],[56.15108,54.84234],[56.15394,54.84883]],[[56.13331,54.83125],[56.13285,54.83154]],[[56.13477,53.71986],[56.14228,53.7197],[56.15287,53.72117],[56.16573,53.71848],[56.19893,53.72213],[56.20001,53.72444],[56.20461,53.72597],[56.22681,53.7302],[56.24862,53.73784],[56.26225,53.74029],[56.26369,53.74207],[56.2791,53.76724],[56.2821,53.77235],[56.28342,53.77809]],[[56.13477,53.71986],[56.12786,53.73822],[56.12941,53.7435],[56.14275,53.75279],[56.15729,53.76951],[56.17821,53.77378],[56.18387,53.77864],[56.18264,53.78058],[56.18327,53.78425],[56.19793,53.7846],[56.19944,53.78881],[56.24188,53.78045],[56.28342,53.77809]],[[56.13902,55.89692],[56.1487,55.90643]],[[56.14231,54.69322],[56.14403,54.69398],[56.14734,54.69529],[56.15118,54.69665],[56.15548,54.69801]],[[56.14456,54.6943],[56.14231,54.69322]],[[56.17923,54.38492],[56.17251,54.39215],[56.16002,54.40891],[56.15174,54.42366],[56.14349,54.44283]],[[56.14403,54.69398],[56.1539,54.69374]],[[56.14416,54.69787],[56.14456,54.6943]],[[56.15368,54.69752],[56.14899,54.69813],[56.14441,54.69792]],[[56.1501,54.69637],[56.14456,54.6943]],[[56.14671,54.69515],[56.14515,54.69533],[56.145,54.69639],[56.14667,54.69681]],[[56.15034,54.69525],[56.14945,54.69417],[56.14743,54.69434],[56.14734,54.69529]],[[56.14788,54.69644],[56.14744,54.69758],[56.14879,54.69795],[56.15059,54.69739],[56.1501,54.69637]],[[56.15331,54.66637],[56.15256,54.66507],[56.14851,54.66358]],[[56.17985,55.04666],[56.16863,55.0445],[56.16081,55.03833],[56.15592,55.02379],[56.15486,55.01802],[56.15586,55.01315],[56.14953,55.01127]],[[56.15368,54.69752],[56.1501,54.69637]],[[56.15118,54.69665],[56.15254,54.69543],[56.151,54.69512]],[[56.15209,54.38497],[56.15114,54.37449],[56.15677,54.3677],[56.15819,54.36327],[56.16159,54.35918]],[[56.15307,54.80639],[56.15299,54.80758],[56.15993,54.81074],[56.17282,54.82031],[56.18043,54.82497],[56.18455,54.82607],[56.19333,54.83327]],[[56.15515,54.66756],[56.15507,54.66751],[56.1543,54.66711],[56.15401,54.66694],[56.15371,54.66676],[56.15331,54.66637]],[[56.15808,54.66679],[56.1569,54.66646],[56.15486,54.66579],[56.15454,54.66573],[56.15331,54.66637]],[[56.15357,54.69403],[56.1528,54.69635],[56.15376,54.69744]],[[56.15359,54.66826],[56.15507,54.66751],[56.15661,54.66684],[56.15677,54.66677],[56.15795,54.66625],[56.15897,54.66569]],[[56.15807,54.66629],[56.15689,54.66682],[56.15597,54.66719],[56.15515,54.66756],[56.15433,54.66793],[56.15359,54.66826]],[[56.15548,54.69801],[56.15368,54.69752]],[[56.15401,54.66694],[56.15661,54.66684]],[[56.15408,54.66798],[56.1543,54.66711]],[[56.25134,54.75447],[56.24979,54.75103],[56.25362,54.74524],[56.25473,54.73848],[56.23923,54.74093],[56.22519,54.74153],[56.21916,54.74301],[56.21087,54.74701],[56.19798,54.74589],[56.1988,54.74445],[56.2021,54.74334],[56.20369,54.73429],[56.19382,54.73259],[56.18817,54.7244],[56.18013,54.72194],[56.17492,54.72154],[56.16809,54.70897],[56.17168,54.70428],[56.15548,54.69801]],[[56.15572,53.32477],[56.1994,53.33039],[56.20048,53.32924],[56.2009,53.32062]],[[56.15881,53.33018],[56.15572,53.32477]],[[56.15722,54.66632],[56.15844,54.66667],[56.16006,54.66721],[56.16053,54.66729],[56.1616,54.66658]],[[56.15903,54.66572],[56.15807,54.66629]],[[56.16013,54.66484],[56.15935,54.66564],[56.16034,54.66605],[56.15807,54.66629]],[[56.15897,54.66569],[56.15903,54.66572]],[[56.15897,54.66569],[56.16013,54.66484]],[[56.1616,54.66658],[56.1611,54.66623],[56.16072,54.66613],[56.16034,54.66605],[56.15936,54.66582],[56.15903,54.66572]],[[56.16013,54.66484],[56.15903,54.66572]],[[56.16013,54.66484],[56.16772,54.66054],[56.18317,54.65744],[56.1838,54.65549]],[[56.16078,54.36016],[56.1756,54.37551],[56.17923,54.38492]],[[56.1616,54.66658],[56.16482,54.66891]],[[56.18463,55.05304],[56.17359,55.06873],[56.1687,55.08151],[56.16996,55.08955],[56.16734,55.1007],[56.16591,55.10505],[56.16348,55.10774]],[[56.16508,54.36009],[56.16549,54.35989]],[[56.16561,54.36033],[56.17517,54.36892]],[[56.18503,54.21896],[56.1817,54.21227],[56.18063,54.20742],[56.17801,54.20577],[56.1632,54.20155],[56.14686,54.19375],[56.14437,54.18894],[56.1181,54.1948],[56.10501,54.20828],[56.10218,54.21523],[56.1022,54.22854],[56.09802,54.2432],[56.10408,54.25221],[56.1108,54.27958],[56.11516,54.28875],[56.12721,54.305],[56.12574,54.31063],[56.13174,54.31572],[56.14819,54.33213],[56.16121,54.3472],[56.16432,54.35465],[56.16561,54.36033]],[[56.16887,55.89252],[56.17428,55.90058],[56.18795,55.90821],[56.19543,55.93235],[56.20666,55.94448],[56.24628,55.9614],[56.25572,55.9639],[56.2621,55.96255],[56.28463,55.95181]],[[56.17083,54.37048],[56.17864,54.36767],[56.18452,54.37468]],[[56.17887,54.38383],[56.17994,54.38382]],[[56.18452,54.37468],[56.18525,54.37583],[56.17923,54.38492]],[[56.22418,55.25843],[56.23987,55.25326],[56.24716,55.24793],[56.2476,55.24439],[56.25039,55.24253],[56.25771,55.24325],[56.26412,55.24055],[56.2767,55.24069],[56.28414,55.24347],[56.31087,55.24764],[56.32405,55.24497],[56.33736,55.24402],[56.33624,55.23392],[56.34638,55.22175],[56.35048,55.20376],[56.3597,55.18494],[56.3493,55.17641],[56.34515,55.15721],[56.34798,55.14868],[56.3595,55.13602],[56.36142,55.13151],[56.36252,55.12158],[56.35983,55.11472],[56.34997,55.1129],[56.32886,55.11334],[56.32159,55.1117],[56.31684,55.11191],[56.2994,55.10413],[56.28757,55.10218],[56.28005,55.09513],[56.25818,55.08506],[56.22858,55.07889],[56.22359,55.07623],[56.22167,55.07289],[56.2167,55.06933],[56.19411,55.06215],[56.18653,55.0542],[56.18471,55.05354],[56.18459,55.05335],[56.18459,55.05319],[56.18463,55.05304],[56.18471,55.05276],[56.18463,55.05184],[56.18516,55.05026],[56.18491,55.04973],[56.17985,55.04666]],[[56.17985,55.04666],[56.19932,55.0348],[56.20914,55.02645],[56.21449,55.02529],[56.21782,55.02627],[56.22189,55.02992],[56.2301,55.03308],[56.24734,55.03325],[56.26348,55.03771],[56.28457,55.03772],[56.30557,55.04279],[56.32922,55.0467],[56.3499,55.05194],[56.36208,55.05167],[56.37395,55.0537],[56.38069,55.05221],[56.39166,55.05391],[56.42514,55.07896],[56.43962,55.11145],[56.45666,55.13233],[56.46001,55.13988],[56.46828,55.15052],[56.4769,55.15622]],[[56.18214,53.6017],[56.18456,53.59662],[56.19121,53.59261],[56.20098,53.56743],[56.19259,53.56517],[56.19346,53.55737],[56.20879,53.51933]],[[56.2447,54.31827],[56.24179,54.32258],[56.23491,54.32635],[56.21942,54.33902],[56.21552,54.34608],[56.20703,54.35219],[56.19549,54.36543],[56.19249,54.37115],[56.18452,54.37468]],[[56.24671,54.26796],[56.24031,54.27074],[56.22702,54.27223],[56.21526,54.27091],[56.20442,54.27308],[56.1864,54.27264]],[[56.18951,54.22062],[56.19206,54.22081],[56.19838,54.22713],[56.20462,54.22865],[56.20771,54.23191],[56.22915,54.24329],[56.24141,54.25458],[56.24554,54.26298],[56.24646,54.26704],[56.24671,54.26796],[56.24702,54.26908],[56.24719,54.26935],[56.24945,54.27078],[56.26252,54.27281],[56.27181,54.27831]],[[56.2191,54.38221],[56.21905,54.38139],[56.20556,54.37686],[56.19349,54.37012]],[[56.25838,52.76539],[56.25809,52.7698],[56.25997,52.77046],[56.26113,52.77401],[56.25971,52.78126],[56.2544,52.78557],[56.24293,52.80036],[56.23398,52.82014],[56.21698,52.83702],[56.2077,52.84384],[56.19787,52.85896],[56.19564,52.86031],[56.19537,52.86039],[56.1949,52.86039]],[[56.38985,52.86897],[56.38957,52.87017],[56.38558,52.88795],[56.37684,52.88663],[56.37211,52.88327],[56.36019,52.8789],[56.34846,52.88928],[56.33933,52.88353],[56.32663,52.88915],[56.31138,52.88661],[56.30458,52.88165],[56.2934,52.87856],[56.28931,52.87553],[56.28556,52.87431],[56.2801,52.87434],[56.27357,52.87741],[56.25724,52.88066],[56.25301,52.88034],[56.24407,52.87744],[56.23489,52.87144],[56.22363,52.87019],[56.21178,52.86647],[56.20243,52.86142],[56.1966,52.86081],[56.19626,52.86075],[56.1957,52.86061],[56.19556,52.86057],[56.1949,52.86039]],[[56.19555,52.86035],[56.19556,52.86057]],[[56.31277,55.30633],[56.27009,55.33073],[56.26142,55.33417],[56.23465,55.3542],[56.2206,55.35867],[56.20034,55.37031],[56.19959,55.37228],[56.20083,55.37904],[56.21071,55.39294],[56.21066,55.39425],[56.20623,55.39722],[56.2073,55.40259]],[[56.20879,53.51933],[56.21813,53.52],[56.222,53.5183],[56.22491,53.52049]],[[56.21318,54.69972],[56.21266,54.70044],[56.21355,54.70084],[56.21436,54.69979]],[[56.31158,54.65021],[56.30598,54.65199],[56.3009,54.65644],[56.29788,54.6556],[56.28711,54.66072],[56.28327,54.66409],[56.28188,54.66706],[56.27921,54.66829],[56.27186,54.6828],[56.26499,54.68858],[56.25642,54.69964],[56.24954,54.70356],[56.24665,54.70357],[56.24677,54.70463],[56.24472,54.70625],[56.23598,54.70415],[56.23021,54.7042],[56.21952,54.69912],[56.21154,54.69937],[56.21327,54.69887]],[[56.2459,54.04246],[56.23092,54.02049],[56.22884,54.00718],[56.2186,54.00309],[56.21308,53.99571],[56.2139,53.98517]],[[56.21758,55.705],[56.22536,55.7377],[56.22146,55.74747],[56.2183,55.74908],[56.21405,55.74855]],[[56.21842,54.78187],[56.22762,54.77477]],[[56.34426,52.6624],[56.32623,52.66547],[56.32194,52.66859],[56.3146,52.66809],[56.30297,52.67005],[56.30057,52.66728],[56.29317,52.66436],[56.28161,52.6624],[56.25007,52.64014],[56.24199,52.63854],[56.23759,52.64027],[56.2355,52.63986],[56.23253,52.64212],[56.22681,52.63879],[56.22562,52.63636],[56.21764,52.62863],[56.21823,52.62005],[56.22143,52.61701]],[[56.22734,52.61268],[56.22732,52.61415],[56.22143,52.61701]],[[56.22491,53.52049],[56.23198,53.5257],[56.24539,53.52778],[56.29536,53.52772],[56.30433,53.53073],[56.31763,53.53727],[56.32137,53.54211],[56.34309,53.54351],[56.35001,53.5426],[56.35271,53.54368],[56.35658,53.54597],[56.36548,53.57324],[56.3772,53.5939]],[[56.32135,53.46696],[56.30935,53.47453],[56.29685,53.4806],[56.2982,53.48338],[56.30186,53.48517],[56.30152,53.48642],[56.29411,53.49008],[56.29056,53.49411],[56.28189,53.49937],[56.26341,53.50241],[56.24287,53.50218],[56.23774,53.50348],[56.22943,53.51331],[56.22938,53.51907],[56.22491,53.52049]],[[56.2255,53.98609],[56.22857,53.98952],[56.2311,53.99064],[56.23343,53.99999],[56.23358,54.00695],[56.22854,54.00679]],[[56.34154,52.60538],[56.34125,52.60215],[56.32633,52.59741],[56.32007,52.59756],[56.27921,52.59293],[56.26033,52.59299],[56.25247,52.59953],[56.24179,52.60322],[56.23423,52.60988],[56.22773,52.61241]],[[56.2304,54.77767],[56.22799,54.77586],[56.22753,54.77293],[56.24889,54.75612]],[[56.23449,53.98302],[56.27602,53.99017],[56.30447,53.98906],[56.33566,53.99153],[56.35938,53.99506],[56.36957,53.99351],[56.37424,53.98924],[56.37838,53.99011],[56.38075,53.98895],[56.37765,53.98569],[56.3873,53.97562]],[[56.2447,54.31827],[56.25702,54.33505],[56.2612,54.33742],[56.26593,54.34261],[56.26598,54.34584],[56.27551,54.35677],[56.27652,54.35971],[56.2752,54.3616],[56.27669,54.36737],[56.28083,54.36921],[56.28397,54.37326],[56.28334,54.38314],[56.28955,54.3928],[56.29205,54.40332]],[[56.27181,54.27831],[56.25446,54.29657],[56.24937,54.30492],[56.24733,54.31413],[56.2447,54.31827]],[[56.2459,54.04246],[56.24853,54.04471],[56.25342,54.05257],[56.27033,54.09162]],[[56.27505,53.76067],[56.24631,53.7619]],[[56.24632,52.99508],[56.25475,53.00858],[56.25347,53.01052],[56.25165,53.02101],[56.25251,53.02598]],[[56.24889,54.75612],[56.24923,54.75571],[56.2495,54.75512],[56.24957,54.75502],[56.24968,54.75495],[56.24985,54.75487],[56.25112,54.75454]],[[56.25112,54.75454],[56.24889,54.75612]],[[56.24997,54.75528],[56.24952,54.7551]],[[56.24968,54.75495],[56.25009,54.75518]],[[56.25112,54.75454],[56.25134,54.75447],[56.25183,54.75435],[56.25324,54.7539],[56.25395,54.75399],[56.25851,54.75819],[56.26138,54.76139],[56.26302,54.76618]],[[56.27033,54.09162],[56.24182,54.10289],[56.23984,54.10633],[56.24094,54.10847],[56.23892,54.11095],[56.23868,54.11365],[56.24155,54.12163],[56.24371,54.12423],[56.2656,54.13051],[56.283,54.14077],[56.29598,54.14044],[56.29932,54.14307],[56.30153,54.14613],[56.30215,54.1541],[56.30732,54.1666],[56.31002,54.16939],[56.31659,54.18306],[56.32477,54.20386],[56.322,54.21676],[56.33377,54.23131],[56.33543,54.23629],[56.33851,54.2386]],[[56.29932,54.14307],[56.30913,54.14059],[56.31063,54.1368],[56.30852,54.11732],[56.29673,54.1049],[56.293,54.10232],[56.28517,54.09038],[56.27033,54.09162]],[[56.27181,54.27831],[56.29018,54.28492],[56.30142,54.29599],[56.30243,54.29884],[56.3005,54.30239],[56.30636,54.30734],[56.31273,54.30997],[56.32296,54.31116],[56.33048,54.31363],[56.34194,54.31361],[56.3461,54.31506],[56.34467,54.31923],[56.34546,54.32359],[56.35603,54.32392],[56.36127,54.32073],[56.37959,54.32091],[56.38684,54.32317],[56.39221,54.32343],[56.40285,54.33018],[56.40968,54.33021],[56.42426,54.33311],[56.42995,54.338]],[[56.33851,54.2386],[56.32826,54.24498],[56.32453,54.24566],[56.30367,54.2571],[56.29647,54.26342],[56.27615,54.2745],[56.27181,54.27831]],[[56.41965,56.08097],[56.41465,56.08797],[56.41563,56.08977],[56.42381,56.09571],[56.41553,56.09804],[56.40434,56.11142],[56.39575,56.12787],[56.39792,56.13376],[56.40118,56.13698],[56.40079,56.1402],[56.39277,56.1482],[56.39116,56.15483],[56.37822,56.16613],[56.37626,56.17077],[56.36918,56.17362],[56.35111,56.18514],[56.3295,56.20445],[56.27603,56.20178]],[[56.27603,56.20178],[56.27874,56.21812],[56.28248,56.22149],[56.29394,56.22961],[56.34096,56.25461],[56.34614,56.26175],[56.35164,56.27444],[56.35946,56.28121],[56.35466,56.29215],[56.36878,56.30023],[56.37101,56.30738],[56.36972,56.31658],[56.3765,56.32125],[56.37955,56.32624],[56.38262,56.33552],[56.39252,56.34348],[56.39696,56.34555],[56.38125,56.34567],[56.37142,56.34966],[56.35325,56.35159],[56.34175,56.35695],[56.32289,56.36043]],[[56.27827,54.74484],[56.28679,54.75265]],[[56.37538,53.76497],[56.36822,53.76075],[56.36072,53.75795],[56.35378,53.75185],[56.35192,53.74798],[56.3473,53.7437],[56.33875,53.74866],[56.3081,53.76282],[56.29493,53.76368],[56.2791,53.76724]],[[56.35454,56.29182],[56.33845,56.29209],[56.3294,56.29345],[56.3253,56.29093],[56.31024,56.28811],[56.28974,56.28075],[56.28002,56.28117]],[[56.28149,55.72528],[56.28332,55.71969],[56.28018,55.70348],[56.28725,55.6889],[56.2816,55.68583],[56.28101,55.68347],[56.2782,55.64998],[56.27889,55.64623],[56.30014,55.63195],[56.30744,55.62324],[56.31733,55.61839],[56.32005,55.61108],[56.32355,55.60685],[56.32862,55.59519],[56.34032,55.59259],[56.34975,55.58795],[56.35783,55.58146],[56.35999,55.57611],[56.35727,55.57076],[56.35727,55.5675],[56.35942,55.56485],[56.36292,55.5629],[56.37062,55.55114],[56.37444,55.54237],[56.38018,55.53756],[56.3784,55.53421],[56.3798,55.53317],[56.38249,55.53331],[56.39588,55.52694],[56.39682,55.52572],[56.39568,55.52093],[56.39741,55.51672],[56.40569,55.51156],[56.40861,55.50797],[56.41478,55.50531],[56.42191,55.50416],[56.42829,55.50469],[56.43422,55.50146],[56.43914,55.50126],[56.44905,55.50283],[56.45765,55.50852]],[[56.28207,52.98616],[56.28528,52.97019],[56.29059,52.96363],[56.30668,52.94971],[56.31196,52.94799],[56.34421,52.92899],[56.34577,52.92798],[56.35022,52.92524],[56.35482,52.92258],[56.36678,52.91767],[56.37326,52.91643],[56.38655,52.91896],[56.39166,52.9181],[56.40612,52.89921]],[[56.2823,53.39697],[56.30084,53.40869],[56.31075,53.41763],[56.32028,53.43127],[56.32186,53.43683],[56.323,53.45224],[56.32111,53.46277],[56.32135,53.46696]],[[56.31758,53.90398],[56.31168,53.88853],[56.3034,53.88066],[56.29036,53.84706],[56.28136,53.83994],[56.28155,53.83837],[56.28546,53.83737],[56.28241,53.831],[56.28057,53.82116],[56.28508,53.81881],[56.28771,53.81433],[56.29377,53.81099],[56.29316,53.80576],[56.29402,53.80264],[56.289,53.79839],[56.29313,53.79139],[56.29709,53.78807],[56.29312,53.7866],[56.29002,53.78119],[56.28342,53.77809]],[[56.29167,55.27983],[56.31319,55.28071],[56.31346,55.28302],[56.3225,55.29176],[56.33716,55.29776],[56.35185,55.30542],[56.35807,55.30726],[56.37303,55.31719],[56.39182,55.31909],[56.39464,55.31748],[56.4039,55.31557],[56.40914,55.31274],[56.41496,55.30803],[56.41716,55.30078],[56.41517,55.29639],[56.415,55.29202],[56.41224,55.28942],[56.41234,55.28724],[56.4327,55.28114],[56.4532,55.26941],[56.44771,55.25997],[56.43416,55.24275],[56.44775,55.2269],[56.45432,55.22372],[56.45403,55.21492],[56.45116,55.20975],[56.4522,55.20882],[56.45273,55.2032],[56.44802,55.1989],[56.44502,55.19411],[56.44078,55.18328],[56.4411,55.17602],[56.44785,55.17183],[56.46666,55.16578],[56.4769,55.15622],[56.48201,55.15346],[56.49498,55.14267],[56.50672,55.13477],[56.51411,55.13243],[56.51764,55.12995]],[[56.34303,54.4194],[56.30642,54.42956]],[[56.40286,52.20937],[56.39305,52.20328],[56.38494,52.19578],[56.38261,52.19482],[56.37584,52.19418],[56.36412,52.19526],[56.3379,52.2015],[56.32954,52.1997],[56.31575,52.19182],[56.3086,52.19134]],[[56.31661,55.76633],[56.31865,55.76586],[56.32026,55.76376],[56.34492,55.74777]],[[56.32042,54.19217],[56.3244,54.1929],[56.32947,54.19926],[56.33757,54.20031],[56.34346,54.19955],[56.35535,54.1941],[56.3593,54.19825],[56.37502,54.20877]],[[56.40207,53.44962],[56.39749,53.44992],[56.39143,53.45468],[56.36658,53.46013],[56.32756,53.46348],[56.32498,53.46424],[56.32578,53.46566],[56.32135,53.46696]],[[56.33504,55.74307],[56.33896,55.73283],[56.34297,55.7272],[56.35283,55.72319],[56.35821,55.71562],[56.37287,55.71368]],[[56.36732,54.2199],[56.33851,54.2386]],[[56.34154,52.60538],[56.35205,52.60597],[56.35391,52.60482],[56.37429,52.60733],[56.40463,52.61548],[56.40806,52.61342],[56.41147,52.60907],[56.41181,52.60658],[56.41721,52.60016]],[[56.34154,52.60538],[56.3434,52.62363],[56.34955,52.63209],[56.36425,52.64456],[56.36786,52.64903],[56.36739,52.65588],[56.36553,52.65714],[56.34426,52.6624]],[[56.34323,54.41723],[56.34303,54.4194],[56.34289,54.42169]],[[56.36785,54.77793],[56.35817,54.77282],[56.35784,54.76886],[56.35507,54.76808],[56.35262,54.76545],[56.34457,54.75602],[56.3438,54.75322]],[[56.34421,52.92899],[56.35417,52.93522],[56.35748,52.93895],[56.35822,52.94545],[56.36271,52.949],[56.36257,52.95454],[56.36375,52.9563],[56.36805,52.95994],[56.37639,52.96259],[56.38044,52.96572],[56.38843,52.96172],[56.41277,52.96396],[56.43422,52.96927],[56.43713,52.97126],[56.44589,52.97204],[56.4589,52.96993],[56.46253,52.97025],[56.49215,52.97927]],[[56.34426,52.6624],[56.34466,52.66667],[56.33683,52.67999],[56.34086,52.68839],[56.34533,52.69441],[56.34298,52.70639],[56.34331,52.71208],[56.34876,52.71402],[56.3544,52.71818],[56.35751,52.72242],[56.35623,52.72371],[56.35581,52.73787],[56.35715,52.7425],[56.3566,52.77113],[56.35747,52.78024],[56.35983,52.78489]],[[56.34836,54.4225],[56.35759,54.42699],[56.36366,54.43281],[56.36402,54.43297],[56.36841,54.43407],[56.37577,54.43796]],[[56.35395,53.68519],[56.36047,53.68068],[56.36231,53.66481],[56.35693,53.64907],[56.36262,53.6395],[56.37936,53.62163],[56.37944,53.61821],[56.38904,53.61659]],[[56.35656,54.42235],[56.36445,54.42088],[56.36542,54.41795],[56.37415,54.40886],[56.37923,54.39727],[56.38469,54.38021],[56.42151,54.37084]],[[56.36032,52.54782],[56.36439,52.54442],[56.36598,52.5415],[56.37031,52.54022],[56.37298,52.53751],[56.37414,52.53353],[56.37283,52.52559],[56.37433,52.51719],[56.38427,52.5054],[56.39048,52.48775],[56.3904,52.48497],[56.39298,52.48343],[56.39539,52.47926],[56.40297,52.47169],[56.41146,52.45472],[56.41121,52.44165],[56.40959,52.42952],[56.41153,52.41496],[56.41454,52.40816]],[[56.37444,54.42933],[56.37116,54.43194],[56.36609,54.43345]],[[56.36732,54.2199],[56.38681,54.22909],[56.39524,54.23679],[56.3967,54.23912],[56.3976,54.24846],[56.39886,54.25086],[56.41703,54.25894]],[[56.37502,54.20877],[56.36732,54.2199]],[[56.39247,54.81629],[56.3918,54.81513],[56.38433,54.81368],[56.38246,54.81238],[56.38163,54.80532],[56.37321,54.78882],[56.36962,54.78435],[56.3692,54.7814],[56.37117,54.77975],[56.36785,54.77793]],[[56.39318,54.76147],[56.37786,54.76762],[56.37612,54.77143],[56.36785,54.77793]],[[56.37661,55.71362],[56.37438,55.71309],[56.37364,55.71303],[56.37258,55.71304]],[[56.37287,55.71368],[56.36812,55.70335],[56.36774,55.69785],[56.36978,55.67625],[56.37538,55.66557],[56.38461,55.6551],[56.38852,55.65336],[56.4058,55.65582],[56.4186,55.64993],[56.42296,55.64959],[56.42536,55.64622],[56.42892,55.64543],[56.43995,55.64813],[56.44953,55.64657],[56.45175,55.64708],[56.481,55.66389],[56.49433,55.67579],[56.51867,55.68384],[56.54878,55.70047],[56.55855,55.70781],[56.57526,55.71631],[56.6413,55.7297],[56.6528,55.73264],[56.65634,55.73495],[56.6611,55.74078],[56.66375,55.75881],[56.65981,55.81478]],[[56.37287,55.71368],[56.37661,55.71362],[56.43716,55.72904],[56.44003,55.7319],[56.44119,55.73547],[56.43699,55.74874],[56.42651,55.76256],[56.40689,55.77737]],[[56.40612,52.89921],[56.40601,52.89702],[56.39006,52.87022],[56.38985,52.86897],[56.39579,52.8423],[56.39551,52.84014],[56.39256,52.82876],[56.3808,52.8162],[56.37387,52.81038],[56.37352,52.78438]],[[56.39669,54.43374],[56.38034,54.43615],[56.37294,54.43922],[56.37067,54.442],[56.37029,54.44473],[56.3746,54.45267]],[[56.38225,54.20382],[56.37502,54.20877]],[[56.37538,53.76497],[56.39081,53.77205],[56.39633,53.7761],[56.39607,53.79812],[56.39383,53.82189],[56.39685,53.82882],[56.41415,53.84327],[56.42075,53.84487],[56.44802,53.85547],[56.45588,53.87242],[56.45744,53.88452],[56.46276,53.89189],[56.46507,53.89137],[56.46744,53.89466],[56.47829,53.89259],[56.48164,53.8909],[56.50109,53.8896]],[[56.43192,53.65291],[56.43234,53.6638],[56.42943,53.66832],[56.42366,53.67242],[56.42145,53.67698],[56.41702,53.68163],[56.43102,53.70455],[56.43267,53.71148],[56.43648,53.71913],[56.43582,53.72318],[56.43401,53.72474],[56.42443,53.72682],[56.42162,53.73021],[56.41963,53.73663],[56.4025,53.74749],[56.39397,53.75122],[56.38808,53.75667],[56.37538,53.76497]],[[56.3772,53.5939],[56.40001,53.59647],[56.40028,53.59687],[56.40191,53.6041],[56.40295,53.6081],[56.40375,53.61143],[56.40516,53.61681],[56.40705,53.62019]],[[56.3772,53.5939],[56.38904,53.61659]],[[56.39273,53.00996],[56.38028,53.014]],[[56.41756,54.51748],[56.41039,54.51068],[56.40936,54.50773],[56.40581,54.50524],[56.40044,54.49749],[56.38037,54.48949]],[[56.38432,54.8219],[56.39247,54.81629]],[[56.43192,53.65291],[56.4189,53.6542],[56.40946,53.65301],[56.39489,53.64707],[56.39321,53.64412],[56.39246,53.63943],[56.38674,53.63784]],[[56.46406,55.39104],[56.46436,55.39193],[56.46054,55.39547],[56.4555,55.39756],[56.42942,55.40027],[56.41566,55.40607],[56.40652,55.40598],[56.39536,55.41004],[56.39454,55.41866],[56.39263,55.42175],[56.39207,55.42685],[56.38833,55.42756],[56.37689,55.42691],[56.36082,55.43782],[56.36619,55.44621],[56.36673,55.44943],[56.36053,55.46633],[56.36384,55.47873],[56.35296,55.49388],[56.35609,55.50845],[56.35849,55.5113],[56.36782,55.51779],[56.36964,55.52049],[56.38833,55.53015]],[[56.38904,53.61659],[56.39318,53.61618],[56.40705,53.62019]],[[56.39667,52.94472],[56.39218,52.94971],[56.38472,52.94859],[56.3785,52.94344],[56.37841,52.94224],[56.38387,52.93608],[56.38432,52.93248],[56.38321,52.93075],[56.37814,52.92983],[56.37683,52.92804],[56.38533,52.92011],[56.3891,52.91888]],[[56.38937,55.31915],[56.38907,55.32242],[56.3915,55.32504],[56.39389,55.33238],[56.38813,55.33673],[56.39048,55.34275]],[[56.39006,52.87022],[56.38957,52.87017]],[[56.3901,53.63801],[56.39037,53.63844]],[[56.39077,54.91221],[56.39254,54.91167],[56.39568,54.9071],[56.39264,54.89927],[56.39238,54.89139],[56.39119,54.88968],[56.3859,54.88885],[56.38371,54.87904],[56.38554,54.87812],[56.39119,54.86969],[56.39519,54.85754],[56.40325,54.84432]],[[56.39156,52.86135],[56.40139,52.86135],[56.40237,52.86395],[56.40525,52.86553],[56.40954,52.86604],[56.42912,52.87435],[56.43651,52.87263],[56.4413,52.86965],[56.44492,52.87036],[56.45213,52.86782],[56.47426,52.86898],[56.49458,52.86752],[56.50882,52.86135],[56.54725,52.8638],[56.55603,52.86127],[56.55696,52.85988],[56.55649,52.85727],[56.55278,52.85349],[56.55827,52.8449],[56.55784,52.83887],[56.57312,52.82968],[56.58223,52.82107],[56.59388,52.81704],[56.5918,52.81697],[56.59077,52.81247],[56.59289,52.80678],[56.59331,52.80411],[56.59884,52.79519],[56.60172,52.77573],[56.60836,52.76203],[56.61286,52.76076],[56.61378,52.75554],[56.62009,52.74722],[56.62531,52.7365],[56.62659,52.73182],[56.62611,52.72311]],[[56.39247,54.81629],[56.39738,54.82134],[56.39877,54.82059]],[[56.39318,54.76147],[56.39285,54.76107]],[[56.39429,54.76098],[56.39318,54.76147]],[[56.39318,53.61618],[56.39421,53.61568],[56.39862,53.61185],[56.40295,53.6081],[56.41185,53.60039],[56.41222,53.6001],[56.42393,53.59731],[56.4358,53.58175],[56.44207,53.57567],[56.44658,53.57326],[56.45417,53.56664],[56.46579,53.56324],[56.46973,53.56383],[56.48999,53.56217]],[[56.5616,52.43822],[56.5369,52.43823],[56.51129,52.44063],[56.50802,52.44466],[56.50317,52.44655],[56.49373,52.44763],[56.46137,52.46686],[56.42591,52.47593],[56.41977,52.47929],[56.39407,52.48219]],[[56.39429,54.76098],[56.3945,54.76124]],[[56.39429,54.76098],[56.39662,54.75981],[56.40005,54.75257],[56.39573,54.73321],[56.40568,54.72732],[56.39966,54.70859],[56.41733,54.69862],[56.41414,54.6889],[56.41421,54.68307],[56.41767,54.67933],[56.42697,54.65091],[56.42324,54.64049],[56.4262,54.62659],[56.42151,54.61139],[56.42568,54.60817],[56.42711,54.60519],[56.42656,54.58918],[56.42437,54.58526],[56.43556,54.55662],[56.43126,54.53513],[56.42846,54.52717],[56.41756,54.51748]],[[56.50871,54.78075],[56.50358,54.78169],[56.49797,54.78464],[56.48931,54.7915],[56.48942,54.79466],[56.47705,54.80281],[56.46267,54.80467],[56.44691,54.8091],[56.41843,54.82228],[56.39877,54.82059]],[[56.40902,54.81171],[56.39877,54.82059]],[[56.40456,52.21511],[56.40209,52.21287],[56.40286,52.20937]],[[56.40286,52.20937],[56.40886,52.2004],[56.42099,52.19529],[56.44383,52.18257],[56.4651,52.16565],[56.47398,52.16114],[56.47677,52.161]],[[56.40376,54.82626],[56.40598,54.83166],[56.41897,54.83607],[56.42275,54.83724],[56.43127,54.83916],[56.43232,54.84043],[56.43996,54.84186],[56.44361,54.84438],[56.44381,54.84732],[56.4454,54.84882],[56.45146,54.85087]],[[56.406,53.61976],[56.40642,53.61955]],[[56.48198,53.06799],[56.4804,53.06458],[56.48088,53.05952],[56.48145,53.05665],[56.48463,53.05222],[56.48441,53.05049],[56.48327,53.04882],[56.47666,53.04641],[56.46748,53.04028],[56.47782,53.03157],[56.49862,53.02467],[56.50555,53.01023],[56.51379,52.99839],[56.52087,52.99935],[56.53917,53.00549],[56.54183,53.0054],[56.54352,53.0037],[56.54753,53.0047],[56.54943,53.00404],[56.549,53.00234],[56.55067,52.99877],[56.56183,52.98995],[56.55602,52.98756],[56.54746,52.98013],[56.53096,52.97561],[56.5319,52.97208],[56.51271,52.96301],[56.50856,52.95889],[56.50664,52.95394],[56.5034,52.95278],[56.49658,52.95343],[56.47965,52.94393],[56.47286,52.94264],[56.47166,52.93627],[56.47278,52.93503],[56.47321,52.92955],[56.45141,52.92122],[56.44615,52.91532],[56.43107,52.90701],[56.40612,52.89921]],[[56.40705,53.62019],[56.42144,53.62595],[56.4224,53.62722]],[[56.41486,52.28773],[56.41532,52.27564],[56.41442,52.2685],[56.42018,52.25645],[56.41697,52.2313],[56.41371,52.22129],[56.41046,52.21859]],[[56.41556,54.83487],[56.4176,54.8325],[56.42284,54.83358]],[[56.4196,54.43945],[56.41915,54.44009],[56.42847,54.44938],[56.43227,54.45597]],[[56.42151,54.37084],[56.44044,54.37682],[56.44349,54.37907],[56.44969,54.37907],[56.44938,54.37151],[56.44645,54.37168],[56.44592,54.36914],[56.44371,54.36694]],[[56.42151,54.37084],[56.43259,54.36812],[56.43868,54.3684],[56.44498,54.36641],[56.4427,54.36084],[56.42804,54.33968],[56.4283,54.33926],[56.42992,54.33804],[56.43405,54.33453],[56.43636,54.33236],[56.4413,54.32611],[56.44946,54.32366],[56.4578,54.31613]],[[56.4217,53.65248],[56.42397,53.65314]],[[56.44416,53.04625],[56.44537,53.04394],[56.42971,53.04054]],[[56.49516,53.67832],[56.48964,53.67347],[56.4826,53.67024],[56.46755,53.67366],[56.46427,53.67324],[56.46201,53.672],[56.44024,53.65454],[56.43653,53.65287],[56.43192,53.65291]],[[56.43754,53.65173],[56.43724,53.65305]],[[56.44141,52.58329],[56.45388,52.57151],[56.47692,52.56239],[56.4839,52.55717],[56.49488,52.56003],[56.50529,52.55922]],[[56.44177,53.9117],[56.45069,53.90824],[56.45299,53.90378],[56.45898,53.89917],[56.45676,53.8984],[56.45444,53.89205],[56.46165,53.89038]],[[56.53742,52.91279],[56.53938,52.90897],[56.53911,52.9042],[56.52685,52.90138],[56.50634,52.90378],[56.47057,52.90313],[56.46519,52.90441],[56.45909,52.90841],[56.4423,52.91268]],[[56.44449,53.62973],[56.45099,53.6331],[56.45288,53.64082],[56.46368,53.64392],[56.47617,53.65209],[56.48636,53.65527],[56.48814,53.65684],[56.50204,53.65939],[56.49516,53.67832]],[[56.44483,54.45561],[56.44554,54.45404],[56.45468,54.4482]],[[56.47286,52.94264],[56.46767,52.94468],[56.45475,52.94468],[56.45204,52.94652],[56.44806,52.94695],[56.44685,52.9449]],[[56.44982,53.66222],[56.4504,53.66188]],[[56.46855,54.87192],[56.47408,54.87091],[56.50777,54.87257],[56.54875,54.88015],[56.55604,54.87595],[56.57174,54.87923],[56.5807,54.87985],[56.59201,54.88358],[56.62378,54.88461],[56.65123,54.87964],[56.65177,54.88238],[56.65428,54.88443],[56.65827,54.88389],[56.67118,54.89153],[56.67706,54.8898],[56.72779,54.89148],[56.73242,54.88842],[56.73156,54.88338],[56.73354,54.88249],[56.73397,54.8781],[56.73267,54.87474],[56.73492,54.87363],[56.74541,54.87418],[56.74435,54.87252],[56.74562,54.86983]],[[56.47957,53.63306],[56.47939,53.63337]],[[56.48294,52.29802],[56.48569,52.29737],[56.48647,52.29584],[56.49073,52.29538],[56.49994,52.29625],[56.50468,52.29838],[56.51378,52.30921],[56.52113,52.31298],[56.52298,52.31524]],[[56.49149,52.76612],[56.50148,52.78051],[56.50486,52.78085],[56.51156,52.78485],[56.51147,52.78717],[56.52213,52.78919],[56.52744,52.7925],[56.53084,52.79634],[56.53787,52.79756],[56.54443,52.80714],[56.55467,52.81307],[56.56209,52.81312],[56.5701,52.8155],[56.57575,52.81577],[56.59104,52.81174]],[[56.49431,52.42155],[56.49773,52.42292],[56.5046,52.43056],[56.50776,52.43437],[56.50944,52.44038],[56.51113,52.44068]],[[56.49516,53.67832],[56.49934,53.68126],[56.50189,53.68493],[56.51752,53.68707],[56.52753,53.6915],[56.53759,53.69995],[56.53605,53.70392],[56.53937,53.7078],[56.54177,53.71367],[56.55484,53.72454],[56.55825,53.73041],[56.56279,53.73334],[56.56738,53.74083],[56.57696,53.74986],[56.58074,53.75146],[56.59224,53.75279],[56.59997,53.75597],[56.60826,53.76202],[56.61057,53.76649],[56.6087,53.7732],[56.60993,53.7799],[56.61371,53.79071],[56.61819,53.79766],[56.61565,53.80123],[56.61027,53.80424],[56.61322,53.80745],[56.61799,53.80823],[56.62054,53.81369],[56.59579,53.81776],[56.59109,53.82005],[56.58758,53.82485],[56.58883,53.83094],[56.58706,53.8343],[56.58702,53.84875],[56.58575,53.85256],[56.58625,53.86025],[56.58541,53.86125],[56.58184,53.86475],[56.57299,53.867],[56.56795,53.86712],[56.56431,53.86894],[56.55176,53.87185],[56.54076,53.88192]],[[56.49847,52.62604],[56.50162,52.62547],[56.50432,52.62267],[56.50635,52.62226],[56.51283,52.6227],[56.51552,52.62414],[56.52824,52.62481],[56.54307,52.62405]],[[56.57885,53.91121],[56.57438,53.91091],[56.56909,53.91253],[56.56023,53.91848],[56.54527,53.92353],[56.54367,53.93429],[56.54035,53.93829],[56.53872,53.9435],[56.53676,53.94459],[56.52919,53.944],[56.52557,53.94024],[56.5234,53.9352],[56.52474,53.93256],[56.52433,53.92902],[56.51653,53.92128],[56.51793,53.91592],[56.5106,53.90714],[56.50109,53.8896]],[[56.50109,53.8896],[56.51426,53.88805],[56.52125,53.88549],[56.53495,53.88374],[56.54076,53.88192]],[[56.50891,52.56665],[56.51588,52.56582],[56.5215,52.5601],[56.52308,52.55967],[56.55183,52.56433]],[[56.5814,54.4385],[56.54236,54.42037],[56.52872,54.41553],[56.5237,54.41199],[56.52336,54.40784],[56.51944,54.40471],[56.51973,54.40291],[56.51484,54.39609],[56.51952,54.39314],[56.52011,54.38811],[56.51745,54.38645],[56.51813,54.38563],[56.51364,54.38097],[56.51025,54.37982]],[[56.52272,52.31482],[56.52324,52.31497]],[[56.5616,52.43822],[56.56637,52.41312],[56.56018,52.39661],[56.54593,52.36964],[56.54269,52.36692],[56.53037,52.36168],[56.52539,52.34462],[56.52563,52.33438],[56.52279,52.32801],[56.52375,52.31873],[56.52298,52.31524]],[[56.52298,52.31524],[56.52725,52.31152],[56.54117,52.29325],[56.55136,52.27434],[56.55432,52.26346],[56.55277,52.26038],[56.55836,52.25901],[56.55763,52.25701],[56.56165,52.25211],[56.56098,52.24442],[56.57027,52.21292],[56.57699,52.19965],[56.57425,52.19219],[56.60014,52.18645]],[[56.53307,52.47389],[56.5365,52.47435],[56.54267,52.47229],[56.55523,52.47032]],[[56.53964,54.16933],[56.57116,54.16406],[56.57932,54.15766],[56.63533,54.15083],[56.67625,54.14715],[56.6834,54.14442],[56.68824,54.14081],[56.68692,54.12668],[56.68951,54.10473],[56.69352,54.09545],[56.69388,54.0916]],[[56.54004,56.07902],[56.56258,56.07999],[56.57874,56.08552],[56.57847,56.08806]],[[56.56849,56.09161],[56.56513,56.0901],[56.54083,56.0856],[56.53923,56.0835],[56.54004,56.07902]],[[56.54076,53.88192],[56.55656,53.88287],[56.56643,53.88736],[56.57983,53.88563],[56.5873,53.88852],[56.61161,53.89284],[56.61639,53.89532],[56.61863,53.89854],[56.62453,53.90104],[56.64507,53.89405],[56.66652,53.8936],[56.67302,53.89769],[56.6781,53.90252],[56.69549,53.90418],[56.70086,53.90979],[56.70319,53.90878],[56.70391,53.90477],[56.7068,53.90202],[56.72136,53.90171],[56.73152,53.89984],[56.73861,53.90078],[56.74723,53.90707],[56.75323,53.90944],[56.75682,53.90921],[56.75988,53.90756],[56.77256,53.90811],[56.77753,53.91153],[56.77946,53.91577],[56.7816,53.91831],[56.78368,53.91898],[56.78382,53.92125],[56.79281,53.928],[56.80072,53.93758],[56.81265,53.93679],[56.82054,53.9381],[56.82705,53.9375],[56.8452,53.94064],[56.85561,53.94926],[56.85623,53.95181],[56.86735,53.95561],[56.87949,53.96775],[56.88833,53.96898],[56.8898,53.96773],[56.89102,53.96361],[56.89686,53.96263],[56.90858,53.97006],[56.91321,53.97087],[56.91735,53.97373],[56.93307,53.9736],[56.93862,53.97734],[56.94249,53.9816],[56.94564,53.98234],[56.95399,53.9815],[56.95609,53.9828],[56.96062,53.98918],[56.96687,53.99417],[56.97077,53.99558],[56.97382,54.00088],[57.01308,54.02952],[57.0331,54.03242],[57.03772,54.02965],[57.04589,54.02977],[57.05404,54.02667],[57.05734,54.02971],[57.05669,54.03167],[57.05831,54.03348],[57.05648,54.03513],[57.05937,54.03614],[57.06063,54.03857],[57.06317,54.03966],[57.06663,54.03638],[57.06704,54.0343],[57.07368,54.03223],[57.07769,54.0241],[57.08839,54.01993],[57.08707,54.02194],[57.08765,54.02411],[57.09085,54.02605],[57.09437,54.02596]],[[56.54117,52.29325],[56.58791,52.29373]],[[56.54165,56.06824],[56.54479,56.06857],[56.55773,56.07596],[56.56258,56.07999]],[[56.54209,52.51888],[56.54453,52.51904]],[[56.54212,53.88118],[56.54221,53.88195]],[[56.5448,52.52199],[56.58905,52.52016],[56.60421,52.51842],[56.63167,52.52195],[56.64136,52.5287],[56.65211,52.53188],[56.6592,52.53561],[56.67986,52.53839],[56.68203,52.54044],[56.68227,52.54516],[56.68557,52.54934],[56.68517,52.55185],[56.68702,52.55469],[56.69539,52.55911],[56.72871,52.57002],[56.74172,52.57557],[56.74731,52.57859],[56.75259,52.58397],[56.76603,52.58939],[56.77473,52.59583],[56.77893,52.60173]],[[56.55057,54.31797],[56.5498,54.31955]],[[56.61957,52.7087],[56.61878,52.70576],[56.61382,52.70216],[56.60157,52.69712],[56.59523,52.69276],[56.56634,52.66194],[56.56428,52.65769],[56.54616,52.63652],[56.54044,52.61325],[56.54096,52.60533],[56.54172,52.59755],[56.55062,52.57192],[56.55183,52.56433]],[[56.55183,52.56433],[56.55423,52.54924],[56.54762,52.52795],[56.5448,52.52199],[56.54427,52.52042],[56.54453,52.51904],[56.54563,52.51325],[56.54599,52.5113],[56.54627,52.5077],[56.54848,52.50451],[56.55122,52.47833],[56.56424,52.45364],[56.5616,52.43822]],[[56.55839,52.25896],[56.56941,52.25801]],[[56.55954,55.79808],[56.55488,55.80525],[56.56531,55.80804]],[[56.56127,52.24352],[56.62205,52.24735],[56.64845,52.25746],[56.6571,52.25929],[56.65808,52.26279],[56.65706,52.26382],[56.65808,52.26495]],[[56.5616,52.43822],[56.57575,52.43589],[56.57912,52.43222],[56.58503,52.43005],[56.59222,52.42989],[56.60667,52.43561],[56.60974,52.43955],[56.61603,52.44435]],[[56.56531,55.80804],[56.55995,55.8144],[56.55495,55.82496],[56.56277,55.82886],[56.56822,55.83664],[56.58384,55.85252],[56.59911,55.87103],[56.59955,55.87279],[56.59403,55.878],[56.5959,55.88119]],[[56.58632,55.81247],[56.56984,55.80776],[56.56531,55.80804]],[[56.56849,56.09161],[56.58358,56.10605],[56.58878,56.10773],[56.5986,56.10931],[56.60562,56.1097]],[[56.56849,56.09161],[56.57847,56.08806]],[[56.64395,54.49973],[56.6396,54.50171],[56.62538,54.50393],[56.57727,54.50011]],[[56.60562,56.1097],[56.60382,56.10881],[56.59133,56.10458],[56.58404,56.09539],[56.58194,56.09057],[56.57847,56.08806]],[[56.59209,54.32209],[56.58777,54.32464]],[[56.59542,55.91303],[56.59544,55.89035],[56.59339,55.8846],[56.5959,55.88119]],[[56.74277,55.89986],[56.74167,55.90324],[56.73918,55.9046],[56.7176,55.90597],[56.71062,55.90484],[56.69427,55.90498],[56.66675,55.9017],[56.65734,55.90457],[56.65468,55.90662],[56.5959,55.88119]],[[56.62611,52.72311],[56.61242,52.724],[56.60894,52.72315],[56.60188,52.72004],[56.59802,52.7128]],[[56.60166,56.10945],[56.6024,56.10834]],[[56.60241,53.64643],[56.57743,53.64287],[56.56952,53.63839],[56.57486,53.63769],[56.59934,53.62679],[56.60834,53.62602],[56.6112,53.62466],[56.61115,53.61797],[56.60799,53.59995],[56.61207,53.59229],[56.61578,53.58815],[56.61734,53.58386],[56.62053,53.58068],[56.62193,53.5762],[56.63273,53.57],[56.65076,53.56868],[56.65539,53.57104],[56.65852,53.5757],[56.65845,53.57023],[56.66161,53.56802],[56.66543,53.56862],[56.66907,53.57243],[56.67269,53.57379],[56.68344,53.57063],[56.70873,53.57134],[56.73123,53.56682],[56.74926,53.57002],[56.78933,53.58347],[56.79153,53.5851],[56.79411,53.58968],[56.79736,53.59098],[56.82568,53.59032],[56.83105,53.58917],[56.83633,53.58972],[56.84245,53.58814],[56.85285,53.58871],[56.8792,53.57943],[56.88736,53.57959],[56.89336,53.58098],[56.89963,53.57888],[56.91127,53.58109],[56.922,53.58123],[56.92925,53.5789],[56.93738,53.58171],[56.94166,53.58233],[56.94851,53.57761],[56.95617,53.57498],[56.96239,53.57497],[56.9718,53.57776],[56.98704,53.5803],[56.99865,53.57609],[57.00379,53.57625],[57.01631,53.57362],[57.02354,53.57055],[57.02741,53.57144],[57.02846,53.57416],[57.03072,53.57459],[57.03312,53.5728],[57.04109,53.57208],[57.04463,53.56853],[57.05718,53.56566],[57.06578,53.55976],[57.08311,53.55968],[57.08546,53.55798],[57.09791,53.5638],[57.10275,53.56407],[57.1119,53.56013],[57.11696,53.55913],[57.12181,53.56082],[57.12133,53.56392],[57.1244,53.56758],[57.12609,53.56786],[57.13235,53.56181],[57.13578,53.56172],[57.13833,53.55945],[57.13948,53.56054],[57.14309,53.55874],[57.14575,53.55558],[57.14452,53.55346],[57.14517,53.55004],[57.15022,53.54273],[57.16049,53.54201],[57.16911,53.53727],[57.1789,53.54018],[57.18186,53.5422],[57.18575,53.54254],[57.19635,53.54148],[57.19906,53.53747],[57.20174,53.53798],[57.2033,53.54018],[57.2129,53.54037],[57.2177,53.54208],[57.22357,53.53829],[57.23493,53.54335],[57.24449,53.5453],[57.24767,53.54914],[57.2529,53.5515],[57.26117,53.55745],[57.26839,53.55811],[57.27532,53.55654],[57.27765,53.55443],[57.28143,53.55377],[57.30046,53.55468],[57.31917,53.55233],[57.32188,53.55049],[57.32918,53.55033],[57.3319,53.54761],[57.34049,53.54698],[57.3479,53.5428],[57.35462,53.54176],[57.35923,53.53889],[57.37363,53.53529],[57.38493,53.53562],[57.39179,53.53208],[57.39777,53.52647],[57.40682,53.52356],[57.42141,53.52081],[57.42772,53.51817],[57.43352,53.51771],[57.43589,53.51609],[57.43974,53.51733],[57.44496,53.51707],[57.44768,53.51932],[57.45848,53.51746],[57.46187,53.51859],[57.46652,53.52302],[57.46828,53.52193],[57.46901,53.51943],[57.47116,53.51848],[57.47742,53.51698],[57.48253,53.51744],[57.49251,53.51907],[57.50543,53.52491],[57.51911,53.52623],[57.52571,53.52411],[57.532,53.52421],[57.54996,53.52096],[57.56997,53.51483],[57.57645,53.51482],[57.57939,53.51328],[57.5866,53.51427],[57.60653,53.51109],[57.61812,53.51502],[57.62208,53.51394],[57.62809,53.50865],[57.63634,53.51026],[57.64399,53.5092],[57.65006,53.50573],[57.65166,53.50071],[57.6532,53.49992],[57.66534,53.50353],[57.67733,53.50499]],[[56.60562,56.1097],[56.63382,56.11965],[56.64314,56.12731],[56.6512,56.13374],[56.65273,56.13517],[56.66633,56.15013],[56.67509,56.16631],[56.68129,56.18315],[56.67857,56.20525],[56.68339,56.21003],[56.69043,56.21265],[56.69247,56.21455],[56.69073,56.21888],[56.67834,56.23038],[56.6784,56.2319],[56.68289,56.23608],[56.6837,56.2385],[56.67803,56.24745],[56.66853,56.2557],[56.66631,56.26012],[56.66334,56.26104],[56.66017,56.26019],[56.65577,56.26455],[56.65606,56.27328],[56.65057,56.2851],[56.64584,56.29244],[56.64697,56.29758],[56.64418,56.30698],[56.64194,56.33186],[56.63853,56.34327],[56.63362,56.3482],[56.63658,56.35757],[56.63617,56.36848],[56.63561,56.37255],[56.63016,56.38499],[56.63223,56.39016],[56.65022,56.41817],[56.65041,56.41954],[56.64929,56.41995]],[[56.61244,51.849],[56.64737,51.85534],[56.66524,51.85392],[56.6799,51.85785],[56.69285,51.85919],[56.71492,51.85808],[56.75754,51.84792],[56.771,51.84837],[56.77946,51.8461],[56.78163,51.84633],[56.78385,51.84664],[56.78743,51.847],[56.79504,51.84942],[56.82894,51.86593],[56.83923,51.87467],[56.83827,51.87586],[56.84174,51.87867],[56.84962,51.88144],[56.85045,51.88767],[56.85205,51.89031],[56.85176,51.89288],[56.85733,51.89998],[56.86125,51.90167],[56.86582,51.90146],[56.871,51.91109],[56.88411,51.92073],[56.89344,51.92516],[56.8996,51.92475],[56.9056,51.92808],[56.91938,51.93195],[56.92386,51.93127],[56.93702,51.94314],[56.94008,51.95123],[56.94122,51.96015],[56.94377,51.96497],[56.94298,51.96885]],[[56.6132,52.75959],[56.63166,52.76682]],[[56.6195,52.71362],[56.61879,52.71498],[56.61584,52.715],[56.61594,52.71601]],[[56.61603,52.44435],[56.62572,52.45032],[56.62519,52.45219],[56.62245,52.4538],[56.62423,52.45791],[56.62388,52.46054]],[[56.61603,52.44435],[56.62792,52.43533]],[[56.61656,54.31999],[56.63454,54.32686],[56.63535,54.32715],[56.63779,54.32803]],[[56.62351,52.71373],[56.6195,52.71362]],[[56.61957,52.7087],[56.62049,52.71104],[56.6195,52.71362]],[[56.61957,52.7087],[56.63815,52.70293],[56.64156,52.69881],[56.64172,52.69581],[56.64708,52.69012],[56.66085,52.68556],[56.67223,52.67647],[56.68361,52.66972],[56.69542,52.66572],[56.71019,52.66389],[56.71752,52.66481],[56.7203,52.65853],[56.74656,52.62822],[56.7572,52.61753],[56.77422,52.60366],[56.77789,52.6024],[56.79505,52.59368],[56.8069,52.58973],[56.81337,52.58415],[56.82636,52.58041],[56.84438,52.58169],[56.86211,52.5903],[56.86792,52.5989],[56.87084,52.61115],[56.8721,52.61214],[56.89371,52.62021],[56.89687,52.62283],[56.89703,52.62545],[56.89868,52.62802],[56.9174,52.6311],[56.92577,52.63677],[56.93509,52.63938],[56.94505,52.64636],[56.95559,52.6502],[56.95727,52.65313],[56.9537,52.66688],[56.95635,52.67247],[56.95989,52.6744],[56.96289,52.67953],[56.96613,52.68241],[56.96986,52.69044],[56.974,52.69288],[56.98664,52.69643],[56.99248,52.69503],[57.00967,52.69669],[57.01986,52.69571],[57.04749,52.69995],[57.05559,52.69956],[57.0588,52.69822]],[[56.62351,52.71373],[56.63906,52.71514],[56.64551,52.71451],[56.64913,52.71363],[56.65442,52.71273],[56.65537,52.71259]],[[56.62351,52.71373],[56.62077,52.71558],[56.64006,52.71755],[56.647,52.71971]],[[56.65537,52.71259],[56.65475,52.71344],[56.65587,52.7155],[56.65477,52.71741],[56.64983,52.71984],[56.64536,52.71964],[56.63511,52.72225],[56.62767,52.72313],[56.62611,52.72311]],[[56.62928,52.10411],[56.63996,52.12149],[56.64295,52.12348],[56.64559,52.12745],[56.6498,52.13605],[56.66223,52.13992],[56.66768,52.14387],[56.67642,52.14591],[56.6838,52.14991],[56.70012,52.17059],[56.70712,52.17614],[56.70719,52.17779],[56.70421,52.18268],[56.70692,52.18983],[56.71008,52.19201],[56.71333,52.19641],[56.72089,52.20075],[56.72629,52.20809]],[[56.63519,54.32757],[56.63535,54.32715]],[[56.6376,52.11716],[56.65535,52.10706]],[[56.64314,56.12731],[56.69183,56.1079],[56.70879,56.10585],[56.72312,56.10636],[56.73684,56.10194],[56.73804,56.09991],[56.73994,56.09825],[56.74607,56.09303],[56.82319,56.08444],[56.87105,56.08274]],[[56.84835,54.50044],[56.84115,54.51145],[56.84054,54.51921],[56.84231,54.533],[56.84147,54.54036],[56.84648,54.55509],[56.84632,54.55945],[56.8312,54.56974],[56.82696,54.57566],[56.81494,54.58396],[56.8009,54.58952],[56.78688,54.59309],[56.78103,54.59589],[56.77862,54.60333],[56.76984,54.61747],[56.76232,54.62223],[56.75171,54.62764],[56.7232,54.63133],[56.71394,54.62949],[56.69515,54.62869],[56.69142,54.62619],[56.69266,54.61284],[56.68747,54.60196],[56.68985,54.59731],[56.68921,54.59121],[56.68587,54.58485],[56.67922,54.57925],[56.67669,54.56568],[56.66648,54.55448],[56.66855,54.55286],[56.66898,54.54988],[56.68291,54.53688],[56.68495,54.53216],[56.66424,54.51436],[56.6512,54.51027],[56.65099,54.50536],[56.64395,54.49973]],[[56.64395,54.49973],[56.64704,54.49597],[56.64935,54.48915],[56.64772,54.48336],[56.64139,54.47737],[56.62877,54.4686],[56.62727,54.46345],[56.64524,54.46142],[56.65757,54.45014],[56.65925,54.44012],[56.65642,54.4325],[56.64596,54.4212]],[[56.65442,52.71273],[56.65488,52.71301]],[[57.05937,52.85845],[57.05722,52.85726],[57.04873,52.84562],[57.04436,52.83581],[57.03677,52.83272],[57.0336,52.82922],[57.02425,52.82923],[57.01768,52.82582],[57.00756,52.82442],[56.99897,52.82436],[56.9971,52.82538],[56.99218,52.82268],[56.98963,52.8234],[56.971,52.82252],[56.96341,52.81281],[56.96218,52.80663],[56.95791,52.80554],[56.95073,52.80152],[56.93601,52.79837],[56.93255,52.79356],[56.92836,52.79314],[56.92172,52.79619],[56.91818,52.79511],[56.9168,52.79022],[56.91192,52.78606],[56.91516,52.77714],[56.90382,52.7614],[56.90035,52.75929],[56.89259,52.75908],[56.89265,52.7566],[56.888,52.75524],[56.88466,52.75045],[56.88141,52.74866],[56.87634,52.74823],[56.87286,52.74668],[56.86716,52.74015],[56.86622,52.7365],[56.86123,52.7339],[56.86108,52.73056],[56.85595,52.72683],[56.84115,52.72032],[56.82339,52.71889],[56.81255,52.72084],[56.79769,52.72072],[56.78836,52.71134],[56.76837,52.70215],[56.7656,52.69722],[56.76038,52.69311],[56.75221,52.68896],[56.74885,52.68813],[56.73398,52.69035],[56.72512,52.68927],[56.71957,52.68672],[56.71248,52.68607],[56.70425,52.68687],[56.70067,52.68855],[56.68488,52.69198],[56.68052,52.6979],[56.67508,52.70064],[56.67439,52.70347],[56.6618,52.7115],[56.65537,52.71259]],[[56.67118,54.89153],[56.67447,54.89359],[56.67456,54.89544],[56.67897,54.89923],[56.68315,54.90071],[56.68307,54.90192],[56.67931,54.90421],[56.67238,54.90505],[56.66527,54.91217],[56.66022,54.91448],[56.64051,54.917],[56.64301,54.92107],[56.65601,54.92795],[56.66028,54.93442],[56.66215,54.93979],[56.66456,54.9419]],[[56.66597,55.17708],[56.66663,55.17722]],[[56.66643,55.17642],[56.66316,55.18112],[56.66256,55.18379],[56.6693,55.19264],[56.66926,55.19828],[56.67684,55.20389]],[[56.6693,55.19264],[56.67806,55.19163],[56.70665,55.1961],[56.72914,55.19543],[56.7554,55.19749],[56.7658,55.19595],[56.77259,55.19284],[56.78461,55.19615],[56.82882,55.1972],[56.84965,55.19017],[56.87909,55.18421]],[[56.67591,55.15828],[56.68802,55.15851],[56.71629,55.15227],[56.73036,55.15494],[56.73874,55.1548],[56.74953,55.15783],[56.75262,55.15765]],[[56.68806,54.1414],[56.70244,54.14351],[56.70921,54.13678],[56.72656,54.13901],[56.73205,54.13789],[56.75603,54.137],[56.75995,54.14085],[56.76232,54.14109],[56.77662,54.13744],[56.77827,54.13842],[56.78044,54.14367]],[[56.70316,51.98861],[56.70865,51.99579],[56.70773,51.9975],[56.72375,52.00853],[56.72925,52.01505],[56.73006,52.01812],[56.73437,52.02436],[56.73985,52.02735]],[[56.79102,54.30016],[56.77294,54.3034],[56.76755,54.30675],[56.74176,54.31774],[56.73054,54.3341],[56.72668,54.33715],[56.73355,54.34103],[56.72625,54.34892],[56.72284,54.35116],[56.71778,54.35805],[56.71224,54.36257],[56.70997,54.36595],[56.70572,54.36829]],[[56.71058,54.42449],[56.71308,54.41095]],[[56.74194,52.66067],[56.73698,52.6649],[56.72729,52.66837],[56.72373,52.66843],[56.7171,52.66498]],[[56.71952,54.41007],[56.72308,54.41163],[56.73499,54.41143],[56.74803,54.41813],[56.76332,54.4161],[56.77193,54.41609],[56.77938,54.41526],[56.78008,54.41521],[56.78055,54.41518],[56.78088,54.41517],[56.78337,54.41516],[56.78581,54.40989]],[[56.72629,52.20809],[56.73026,52.21354],[56.73373,52.22344],[56.74842,52.23012],[56.75794,52.23936],[56.76583,52.24247],[56.76733,52.24849],[56.77107,52.2523],[56.78029,52.25236],[56.78007,52.25716],[56.78422,52.26256],[56.7831,52.26559],[56.7797,52.267],[56.77834,52.27097],[56.77533,52.27419]],[[56.72629,52.20809],[56.73413,52.20641],[56.74058,52.20611],[56.74224,52.20699]],[[56.72992,54.81674],[56.72954,54.81003],[56.73625,54.80993],[56.7524,54.81087],[56.75276,54.81262],[56.75284,54.81287],[56.75763,54.81692]],[[56.73267,52.69021],[56.73826,52.69339],[56.74545,52.7076],[56.7463,52.71222],[56.75256,52.71885]],[[56.7328,54.40618],[56.75007,54.4048],[56.78581,54.40989]],[[56.88162,51.75748],[56.8751,51.76631],[56.86838,51.77309],[56.85858,51.77446],[56.83678,51.7822],[56.83049,51.78795],[56.82589,51.79661],[56.82209,51.81406],[56.81765,51.81985],[56.79878,51.82778],[56.78081,51.84217],[56.78074,51.84342],[56.78163,51.84633],[56.78298,51.8501],[56.78314,51.85129],[56.78097,51.86615],[56.78262,51.87744],[56.77929,51.8948],[56.78409,51.91734],[56.78209,51.93172],[56.77619,51.94141],[56.77684,51.94276],[56.78157,51.9438],[56.78274,51.94518],[56.78639,51.97059],[56.78505,51.97397],[56.78075,51.97792],[56.77963,51.98689],[56.77444,51.99479],[56.76206,52.00572],[56.75839,52.00674],[56.75195,52.01101],[56.75089,52.01917],[56.74137,52.02571],[56.73942,52.02833],[56.74355,52.03398],[56.74448,52.03721],[56.74455,52.04142],[56.7414,52.05038],[56.74185,52.06386],[56.74466,52.07704],[56.74113,52.08193],[56.74092,52.08715],[56.74275,52.09763],[56.73693,52.13003]],[[56.73994,56.09825],[56.74774,56.10469]],[[56.80777,55.95393],[56.8008,55.94996],[56.79895,55.94388],[56.79147,55.93406],[56.78587,55.92879],[56.78006,55.91783],[56.76883,55.90853],[56.75286,55.89962],[56.74465,55.90006],[56.74277,55.89986]],[[56.74277,55.89986],[56.74364,55.89313],[56.74612,55.88913],[56.76119,55.8847],[56.78497,55.88168],[56.79473,55.87922],[56.80279,55.8682],[56.81029,55.84953],[56.81444,55.84464],[56.81596,55.84025]],[[56.75057,52.01953],[56.75095,52.01959]],[[56.751,52.01889],[56.75171,52.02313],[56.75278,52.02435],[56.75445,52.02608],[56.75538,52.02708],[56.75914,52.03123],[56.76144,52.03392],[56.77458,52.04195],[56.7798,52.05205],[56.79252,52.06],[56.80558,52.06072],[56.8049,52.06236],[56.80642,52.06528]],[[56.7826,54.73507],[56.77996,54.73677],[56.76546,54.74092],[56.74789,54.74291],[56.74372,54.74439],[56.74186,54.74775],[56.74955,54.76199],[56.75701,54.76691],[56.76849,54.76945],[56.76876,54.77571],[56.76901,54.7766],[56.77329,54.78637],[56.76318,54.79612],[56.76281,54.80484],[56.7563,54.81204],[56.75276,54.81262]],[[56.76846,54.40711],[56.75318,54.39644]],[[56.75398,52.02905],[56.75506,52.02726]],[[56.75461,52.02626],[56.75538,52.02708]],[[56.78008,54.41521],[56.77364,54.42952],[56.76454,54.44464],[56.75604,54.45619],[56.75454,54.45991],[56.75491,54.46675]],[[56.81674,54.77807],[56.81554,54.77894],[56.77552,54.77326],[56.76876,54.77571]],[[56.78265,55.61453],[56.7914,55.61156],[56.79989,55.61127],[56.80684,55.60933],[56.8107,55.60555],[56.82153,55.60275],[56.83059,55.5947],[56.83545,55.5934],[56.838,55.58585],[56.84234,55.58218],[56.84245,55.57955],[56.84031,55.57473],[56.84466,55.56748],[56.84982,55.56262],[56.86178,55.56228],[56.8656,55.56092],[56.86316,55.55149],[56.86358,55.54971],[56.86581,55.54768],[56.87732,55.54247],[56.88682,55.54093],[56.91433,55.54388],[56.9209,55.54363],[56.95995,55.52907],[57.00323,55.51665],[57.06408,55.5153]],[[56.78337,54.41516],[56.78483,54.41661],[56.79605,54.41772],[56.80197,54.41989],[56.81129,54.42832],[56.81357,54.43333],[56.81425,54.43994],[56.8158,54.44196],[56.8377,54.46158],[56.84847,54.4689],[56.85199,54.47246],[56.86616,54.48138],[56.86651,54.48278],[56.86534,54.48433],[56.85355,54.4913],[56.84835,54.50044]],[[56.78581,54.40989],[56.78992,54.40113],[56.79808,54.399],[56.79981,54.39769],[56.80414,54.39441],[56.80427,54.39432],[56.80457,54.39408],[56.80494,54.39383],[56.80516,54.39368],[56.80575,54.39328],[56.80635,54.39278],[56.81083,54.38644],[56.80871,54.38079],[56.80364,54.37263],[56.80105,54.36452],[56.79159,54.34735],[56.79203,54.34589],[56.79712,54.34218],[56.81188,54.32655],[56.80788,54.31836],[56.79357,54.30691],[56.79102,54.30016]],[[56.79636,54.29949],[56.79102,54.30016]],[[56.7966,55.84105],[56.80084,55.84213],[56.80473,55.84026],[56.81596,55.84025]],[[56.80642,52.06528],[56.80698,52.07471],[56.80892,52.08282],[56.81293,52.08315],[56.81664,52.08668],[56.82118,52.08905],[56.83076,52.09338],[56.83919,52.09575],[56.84161,52.09761],[56.85216,52.09928],[56.86484,52.10346],[56.87369,52.10797],[56.8812,52.10958]],[[56.80642,52.06528],[56.83921,52.05898],[56.85847,52.05927],[56.88162,52.06611],[56.89141,52.06326]],[[56.81596,55.84025],[56.82674,55.83822],[56.84042,55.84136]],[[56.81596,55.84025],[56.81792,55.8367],[56.83217,55.83221]],[[56.89486,51.56827],[56.89184,51.57094],[56.88863,51.57704],[56.8849,51.58029],[56.87669,51.58415],[56.85074,51.60142],[56.85021,51.60419],[56.83537,51.61734],[56.82192,51.6262]],[[56.83391,52.15289],[56.84074,52.15978],[56.83963,52.1651],[56.84044,52.17566],[56.8446,52.18048],[56.84899,52.18896],[56.85544,52.18996],[56.86805,52.19925],[56.8666,52.20685],[56.86737,52.21236],[56.87026,52.21653],[56.88728,52.23221],[56.89037,52.2406],[56.89593,52.24954],[56.90462,52.25534],[56.92427,52.26286],[56.92729,52.26504],[56.93173,52.26441],[56.93207,52.25989],[56.94561,52.25919],[56.95028,52.25572]],[[56.84042,55.84136],[56.847,55.84123],[56.85625,55.84357],[56.87247,55.85042],[56.88169,55.84893],[56.89069,55.84585],[56.89668,55.84019],[56.89438,55.83699],[56.89838,55.83384]],[[56.84042,55.84136],[56.8491,55.83683],[56.85747,55.82823],[56.86406,55.82626]],[[56.84079,54.51716],[56.84531,54.51796],[56.8484,54.52075],[56.85664,54.52419],[56.86682,54.52435],[56.87818,54.52844],[56.88224,54.5354],[56.88437,54.54321]],[[56.88858,54.87516],[56.87121,54.87477],[56.86941,54.87412],[56.87111,54.87165],[56.86338,54.86706],[56.85431,54.86492],[56.84233,54.86468]],[[56.84835,54.50044],[56.85659,54.5045],[56.85942,54.51036],[56.87628,54.51584],[56.88485,54.51637],[56.89811,54.52197],[56.95303,54.52601],[56.95827,54.52213],[56.96543,54.5135],[56.98414,54.50893],[56.99547,54.50773],[57.05633,54.49109],[57.05868,54.48753],[57.06869,54.4845],[57.0809,54.4769],[57.08361,54.47054],[57.10379,54.45781],[57.10335,54.45608]],[[56.86381,55.82579],[56.87499,55.83369],[56.89473,55.83479],[56.90567,55.83053],[56.92633,55.82787],[56.9326,55.82718],[56.93296,55.82713],[56.93851,55.82652],[56.94197,55.82616],[56.94513,55.8258],[56.96147,55.82421],[56.97055,55.82677],[56.97776,55.83489],[56.98974,55.83536],[56.99425,55.83452],[56.99724,55.83238],[56.99832,55.82924],[56.99751,55.82118],[57.00229,55.81745]],[[56.87104,55.85021],[56.87105,55.85057],[56.87109,55.85084],[56.8712,55.85111],[56.87513,55.85662],[56.87313,55.85931]],[[56.87105,56.08274],[56.88174,56.07346],[56.88214,56.06523],[56.87946,56.05248],[56.88054,56.04704],[56.89131,56.03306],[56.895,56.02294],[56.90028,56.01273],[56.90354,56.00979],[56.91205,56.00682],[56.91947,56.00983],[56.93036,56.01685],[56.93772,56.0188],[56.96006,56.02107],[56.97013,56.02389],[56.97832,56.02161],[56.98571,56.02193],[57.00259,56.01885]],[[56.87105,56.08274],[56.88618,56.0826],[56.89206,56.08292],[56.89902,56.0901],[56.90614,56.09035],[56.92293,56.09363],[56.93465,56.0973],[56.94901,56.09898],[56.95107,56.09983],[56.95393,56.10407],[56.97236,56.11148],[57.01327,56.11439],[57.02719,56.11755],[57.04613,56.12669],[57.06296,56.1282],[57.06605,56.12709],[57.06733,56.12536],[57.07288,56.12447],[57.08154,56.12789],[57.09239,56.12754],[57.12065,56.13483],[57.13087,56.13316],[57.14624,56.14166],[57.15186,56.14247],[57.14828,56.14608],[57.14761,56.14968],[57.14999,56.1546],[57.15575,56.15882],[57.1681,56.1627],[57.18563,56.17178],[57.20446,56.16949],[57.23155,56.17412],[57.24046,56.17797],[57.25502,56.18672],[57.27926,56.20444],[57.28905,56.20878],[57.29743,56.21688],[57.30245,56.21468]],[[56.87178,55.85042],[56.87105,55.85057]],[[57.06408,55.5153],[57.06369,55.51102],[57.05759,55.50281],[57.05583,55.49112],[57.08129,55.47702],[57.10119,55.46903],[57.10555,55.45522],[57.10339,55.4477],[57.10015,55.44161],[57.10418,55.4335],[57.0984,55.42663],[57.09539,55.42596],[57.08555,55.42695],[57.08158,55.42375],[57.07405,55.42149],[57.06959,55.41338],[57.06266,55.41056],[57.05437,55.41114],[57.05294,55.40673],[57.05697,55.40457],[57.05714,55.40161],[57.06144,55.39797],[57.0656,55.39634],[57.0787,55.39518],[57.08329,55.39026],[57.09337,55.3868],[57.10032,55.3802],[57.1053,55.37848],[57.11315,55.37762],[57.1141,55.37637],[57.11312,55.37375],[57.11577,55.36938],[57.1237,55.36266],[57.12386,55.35713],[57.11543,55.35156],[57.11194,55.34786],[57.11035,55.34389],[57.1115,55.33834],[57.1141,55.3335],[57.11356,55.32959],[57.11845,55.3254],[57.12317,55.32308],[57.12326,55.31709],[57.11853,55.31048],[57.11804,55.30642],[57.11125,55.30294],[57.11068,55.29911],[57.09969,55.29882],[57.09708,55.29581],[57.08781,55.29237],[57.0856,55.28972],[57.07977,55.288],[57.07518,55.28341],[57.06849,55.28193],[57.06538,55.27884],[57.05884,55.27725],[57.05872,55.27338],[57.05331,55.26923],[57.04528,55.26723],[57.03969,55.26451],[57.03557,55.25735],[57.03144,55.25399],[57.03488,55.24436],[57.04292,55.23632],[57.03948,55.23094],[57.02803,55.22775],[57.02495,55.22584],[57.01682,55.22477],[56.99875,55.21982],[56.98265,55.21888],[56.96371,55.2103],[56.95402,55.20164],[56.9395,55.20009],[56.93373,55.20132],[56.9046,55.19519],[56.87909,55.18421]],[[56.87909,55.18421],[56.89314,55.18132],[56.9153,55.17908],[56.92549,55.17469],[56.93862,55.16448],[56.94902,55.15963],[56.99163,55.14944],[56.99969,55.14352]],[[56.90354,51.74713],[56.89392,51.74528],[56.8898,51.74599],[56.88363,51.75114],[56.88356,51.75488],[56.88162,51.75748]],[[56.90354,51.74713],[56.89489,51.75063],[56.88877,51.75551],[56.88162,51.75748]],[[56.89028,55.88703],[56.89104,55.88519],[56.88962,55.88231],[56.89441,55.87988],[56.89572,55.87507],[56.90212,55.87057],[56.90324,55.86468],[56.90635,55.86065],[56.90928,55.85857],[56.92131,55.8563],[56.92367,55.85416],[56.92665,55.84722],[56.92314,55.84408]],[[56.90061,55.83277],[56.90976,55.83161],[56.91434,55.83225],[56.91793,55.83657],[56.91999,55.84418],[56.92314,55.84408]],[[56.9909,51.72967],[56.98419,51.73014],[56.95953,51.72785],[56.9496,51.7308],[56.93097,51.73923],[56.90354,51.74713]],[[56.9397,53.5734],[56.94228,53.56914],[56.9454,53.56752],[56.94713,53.56448],[56.94571,53.55177],[56.95252,53.53567],[56.95112,53.53073],[56.94699,53.52795],[56.94538,53.51408],[56.94652,53.50914],[56.94431,53.50435],[56.93835,53.49828],[56.93833,53.4932],[56.93257,53.48858],[56.93223,53.48664],[56.92201,53.48095],[56.91227,53.47063],[56.90753,53.46742],[56.91032,53.4599],[56.9101,53.44607],[56.90463,53.43642]],[[56.91818,52.79511],[56.91894,52.79733]],[[56.92314,55.84408],[56.93012,55.84688],[56.93228,55.8497],[56.93248,55.85333],[56.93718,55.85669],[56.95108,55.86173],[56.95928,55.85878],[56.96638,55.85972],[56.97424,55.86418],[56.99512,55.89007],[57.01661,55.9039],[57.0173,55.90562],[57.01546,55.9073],[57.01401,55.91179],[57.00981,55.91496],[57.00973,55.9186],[57.01175,55.92142],[57.02725,55.934],[57.02876,55.93794],[57.04091,55.94722],[57.06044,55.94886],[57.08667,55.94789],[57.09171,55.95081],[57.09675,55.95133]],[[56.9326,55.82718],[56.93147,55.82311],[56.93013,55.82242]],[[56.93296,55.82713],[56.93432,55.82779],[56.93471,55.83134],[56.93938,55.83595],[56.95369,55.84319]],[[56.93352,53.58037],[56.9358,53.579],[56.93923,53.57362]],[[56.96462,55.76781],[56.97522,55.76581],[56.97846,55.76674]],[[56.98295,54.91145],[56.9758,54.91395],[56.97171,54.91023]],[[56.97731,55.76635],[56.97866,55.76616]],[[57.01001,55.91469],[57.00337,55.91356],[56.99803,55.9148],[56.99607,55.91395],[56.97585,55.91852],[56.97339,55.92177],[56.97749,55.93406],[56.97623,55.93547],[56.97638,55.93749],[56.97822,55.93997]],[[56.98024,54.90939],[56.98295,54.91145]],[[56.98295,54.91145],[56.98139,54.91714],[56.98559,54.92424],[56.99041,54.92886],[56.97768,54.94366],[56.98597,54.95875],[56.99354,54.96265],[57.00585,54.97114],[57.02125,54.97476],[57.02775,54.97475],[57.04435,54.96733],[57.05655,54.96605],[57.06792,54.97224],[57.07756,54.97335],[57.11207,54.99174],[57.1201,54.9821],[57.12796,54.97802],[57.13112,54.97406]],[[56.99772,51.73789],[56.99453,51.73516],[56.9909,51.72967]],[[57.06487,51.70784],[57.05194,51.70845],[57.03665,51.70533],[57.01921,51.71826],[57.01642,51.72445],[57.0142,51.72629],[56.99831,51.72715],[56.9909,51.72967]],[[56.99833,51.66806],[57.00275,51.67173],[56.99681,51.67903],[57.00096,51.68214],[57.00684,51.68264],[57.03639,51.69029],[57.05826,51.70068],[57.06487,51.70784]],[[57.00357,55.81674],[57.00346,55.81494],[56.99364,55.80998],[56.99376,55.80774],[56.99878,55.80402],[57.00101,55.80014],[57.00009,55.79675],[57.00248,55.79412],[57.00274,55.78944],[57.00025,55.78691],[56.99296,55.78577],[56.98947,55.78256],[56.97854,55.77874],[56.97805,55.77681],[56.98719,55.7758],[56.98972,55.77276],[56.97832,55.76639],[56.99533,55.76043],[56.99984,55.75761],[57.01629,55.75589],[57.02303,55.75039],[57.03847,55.74685],[57.03917,55.7449],[57.03537,55.74142],[57.02553,55.73765],[57.01759,55.72794],[57.01645,55.72355],[57.01997,55.72143],[57.03288,55.72237],[57.03546,55.72007],[57.03755,55.71978]],[[57.01445,51.88564],[57.01627,51.88424],[57.02667,51.88427],[57.03395,51.88059],[57.0396,51.87477],[57.05175,51.86524],[57.05443,51.86064],[57.05964,51.85523],[57.06365,51.84617],[57.08227,51.8421],[57.08665,51.83824],[57.09299,51.83776],[57.09347,51.83953],[57.0976,51.84137],[57.0983,51.84464],[57.09664,51.8532],[57.09707,51.85919],[57.10221,51.87837],[57.10431,51.8962],[57.1097,51.90416],[57.11046,51.90863],[57.11858,51.91698],[57.13788,51.9199],[57.14699,51.92488],[57.15606,51.93268],[57.18038,51.94362]],[[57.01559,55.90747],[57.02323,55.90688],[57.02396,55.90582]],[[57.12134,54.96287],[57.11375,54.95794],[57.10826,54.95057],[57.10416,54.94834],[57.10027,54.94363],[57.09648,54.94119],[57.09651,54.93863],[57.09422,54.93312],[57.089,54.9299],[57.08335,54.92305],[57.08036,54.91528],[57.07573,54.91104],[57.07449,54.90812],[57.06628,54.90829],[57.05187,54.90365],[57.03982,54.90572],[57.01872,54.90072],[57.01719,54.89954]],[[57.02363,56.11674],[57.03324,56.11597],[57.04186,56.11234],[57.04615,56.10822],[57.05689,56.10535],[57.0684,56.10514],[57.07586,56.10795],[57.07878,56.10799],[57.10265,56.10086],[57.12009,56.09736],[57.12525,56.09549],[57.12691,56.09189],[57.13084,56.09069],[57.13213,56.08702],[57.13364,56.08601],[57.14638,56.0902],[57.15546,56.09795],[57.15863,56.09872],[57.16776,56.09437],[57.17077,56.08899],[57.18362,56.08463],[57.1831,56.08157],[57.18418,56.07608],[57.18666,56.07458],[57.18477,56.06992],[57.17606,56.06777],[57.17498,56.0653],[57.15505,56.06222],[57.15006,56.0586],[57.14705,56.05211],[57.14241,56.04782],[57.14269,56.0413],[57.13662,56.03282],[57.13632,56.02951],[57.14103,56.02872]],[[57.02558,52.953],[57.0288,52.96064],[57.02774,52.96351]],[[57.02558,52.953],[57.02435,52.95413],[57.02521,52.95616],[57.02378,52.95911],[57.02467,52.95959],[57.02233,52.96242],[57.02774,52.96351]],[[57.05937,52.85845],[57.05862,52.86287],[57.05491,52.86517],[57.05329,52.86951],[57.05608,52.87797],[57.0519,52.88765],[57.06234,52.8988],[57.06491,52.90375],[57.06604,52.90749],[57.06273,52.91276],[57.06271,52.91508],[57.06428,52.91789],[57.06892,52.92138],[57.06901,52.92293],[57.06439,52.9279],[57.06192,52.93518],[57.04909,52.93552],[57.04213,52.94547],[57.03705,52.94833],[57.02701,52.95044],[57.02558,52.953]],[[57.02774,52.96351],[57.02899,52.96655],[57.02926,52.97655],[57.0273,52.97956],[57.02765,52.9822],[57.03185,52.98534],[57.03388,52.99024],[57.03088,52.99175],[57.02508,52.98934],[57.02141,52.99485],[57.00808,53.00469],[56.99691,53.01623],[56.99662,53.02011],[56.99134,53.02312],[56.99172,53.02832],[57.00016,53.0312],[57.00962,53.03245],[57.0168,53.0369],[57.03384,53.03971],[57.04534,53.04858],[57.0485,53.04936],[57.04806,53.05139],[57.04978,53.05723],[57.04559,53.06433],[57.04412,53.07035],[57.04517,53.07369],[57.04846,53.0781],[57.06217,53.07597],[57.07682,53.07555],[57.08521,53.07245],[57.08161,53.06835],[57.07448,53.06367],[57.07584,53.05942],[57.07491,53.0571],[57.07555,53.05354],[57.07364,53.04836],[57.07658,53.04577],[57.07988,53.04549],[57.07827,53.04449],[57.07781,53.04116],[57.07848,53.03734],[57.0804,53.03521],[57.07837,53.03474]],[[57.03161,54.83836],[57.0408,54.82812],[57.03432,54.82059],[57.03795,54.81287],[57.03601,54.8057],[57.02588,54.79829],[57.01065,54.79679],[56.99868,54.78706],[56.98464,54.78184],[56.98186,54.77819],[56.98342,54.77066],[56.98157,54.76253],[56.98518,54.76078],[56.98532,54.75702],[56.99352,54.75365],[57.00246,54.74809],[57.00797,54.74667],[57.01107,54.74814],[57.01705,54.74876],[57.02501,54.74771],[57.04205,54.74792],[57.04287,54.74459],[57.05512,54.73775],[57.05991,54.73364],[57.06398,54.72768],[57.07436,54.72376],[57.07566,54.72001]],[[57.06408,55.5153],[57.10164,55.51486],[57.1656,55.52549],[57.20088,55.5452],[57.20512,55.55017],[57.21189,55.55288],[57.22268,55.55249],[57.23013,55.55445],[57.23458,55.55713],[57.23498,55.55856],[57.23,55.56421],[57.23046,55.56978],[57.22749,55.57399],[57.21941,55.5757],[57.20666,55.57514],[57.20449,55.57599],[57.20338,55.57848],[57.20986,55.5904],[57.21823,55.59841],[57.21914,55.60321],[57.22603,55.60571],[57.23406,55.61416],[57.23286,55.61895],[57.22341,55.61858],[57.21677,55.61396],[57.21081,55.61358],[57.20992,55.61152],[57.20654,55.60933],[57.1867,55.60941],[57.17321,55.60534],[57.16522,55.60729],[57.15911,55.6118],[57.15987,55.61468],[57.16425,55.61812],[57.16406,55.6195],[57.16078,55.62241],[57.14631,55.62438],[57.12345,55.62343],[57.11102,55.62418],[57.10928,55.62729],[57.10922,55.63352],[57.11197,55.63851],[57.11145,55.63952],[57.10205,55.64095],[57.09678,55.63994],[57.09083,55.63721],[57.08882,55.63773],[57.09132,55.63884],[57.09179,55.64025],[57.09045,55.64562],[57.08701,55.64952],[57.07935,55.65456],[57.08046,55.65979],[57.08369,55.66524],[57.08304,55.67158],[57.08137,55.67469],[57.07467,55.67593],[57.07,55.67991],[57.06681,55.68558],[57.0676,55.69502],[57.06522,55.69885],[57.05887,55.70097],[57.04554,55.70117],[57.02918,55.69616],[57.02592,55.69752],[57.02754,55.70496],[57.0292,55.70623],[57.02927,55.70913],[57.02283,55.71648],[57.03755,55.71978]],[[57.03755,55.71978],[57.05789,55.71757],[57.08493,55.71081],[57.09733,55.69982],[57.10313,55.69775],[57.13518,55.70081],[57.14145,55.70474],[57.15184,55.70734]],[[57.04773,55.82389],[57.0473,55.82224],[57.05427,55.81499],[57.0637,55.81698],[57.08592,55.81913],[57.09111,55.82065],[57.09912,55.81991],[57.10994,55.82421],[57.119,55.82293],[57.12269,55.8248],[57.12343,55.82844],[57.13008,55.82777],[57.13181,55.82924],[57.13189,55.83249],[57.13406,55.83361],[57.13746,55.83326],[57.13942,55.83079],[57.14218,55.83199],[57.14189,55.83534],[57.14411,55.83617],[57.15491,55.83383],[57.15181,55.83668],[57.15336,55.83807],[57.16484,55.84125],[57.17035,55.84149],[57.17398,55.84507],[57.18301,55.84319],[57.18346,55.84509],[57.18995,55.84752],[57.19323,55.84512],[57.20162,55.84336],[57.20173,55.84615],[57.20666,55.85004],[57.21176,55.8496],[57.2144,55.85331],[57.21675,55.85438],[57.22362,55.85367],[57.22795,55.85642],[57.23743,55.85306],[57.24314,55.85356],[57.24546,55.85483],[57.2553,55.8547],[57.26002,55.85227],[57.27973,55.84781],[57.2822,55.84621],[57.2898,55.84575]],[[57.05774,52.69811],[57.0588,52.69822]],[[57.0588,52.69822],[57.06651,52.70124],[57.07294,52.7116],[57.08396,52.71601],[57.09479,52.71582],[57.10851,52.7134],[57.11712,52.71369],[57.12584,52.71558]],[[57.26995,52.91439],[57.2453,52.91125],[57.23033,52.91302],[57.2213,52.90514],[57.21456,52.90141],[57.20949,52.90017],[57.20441,52.89658],[57.20015,52.88846],[57.18212,52.88298],[57.16107,52.87842],[57.15798,52.87546],[57.15033,52.87143],[57.14181,52.87024],[57.12733,52.87178],[57.11604,52.8709],[57.10902,52.86916],[57.10027,52.86507],[57.06749,52.86136],[57.05937,52.85845]],[[57.06487,51.70784],[57.07032,51.719],[57.06951,51.7267],[57.07518,51.73241],[57.0807,51.73412],[57.08757,51.74396],[57.09758,51.74984],[57.12037,51.75343],[57.12398,51.7549]],[[57.06633,53.27959],[57.06714,53.28288],[57.07315,53.28595],[57.07745,53.2898],[57.09185,53.28907],[57.09553,53.28713],[57.09759,53.28299],[57.09645,53.27443],[57.10236,53.27065],[57.10768,53.27016],[57.1122,53.26692],[57.11944,53.26822],[57.12862,53.26557],[57.14032,53.26761],[57.15699,53.27267],[57.17094,53.27202],[57.18747,53.26449],[57.20395,53.25907],[57.21333,53.25371],[57.22282,53.25221],[57.23631,53.24824],[57.23832,53.24676],[57.24885,53.24871],[57.25858,53.24805],[57.28104,53.23539],[57.28822,53.23365],[57.30026,53.22596],[57.32286,53.21608],[57.34674,53.21591],[57.36625,53.2102],[57.37179,53.2061],[57.37057,53.2051],[57.37548,53.20256],[57.37884,53.19489],[57.37835,53.19223],[57.38072,53.18655],[57.38494,53.18464],[57.38603,53.18037],[57.38988,53.17807],[57.38979,53.16617],[57.39136,53.16416],[57.39486,53.16267],[57.39829,53.15653],[57.39817,53.1526],[57.40088,53.14466],[57.40314,53.14198],[57.40259,53.13836],[57.40828,53.13029],[57.41218,53.12712],[57.41743,53.12528]],[[57.16291,52.43683],[57.15041,52.43709],[57.13946,52.44183],[57.12832,52.43532],[57.11613,52.43749],[57.10312,52.43531],[57.09636,52.43645],[57.09147,52.4353],[57.08083,52.43766],[57.07215,52.44242]],[[57.08862,52.12489],[57.08751,52.1281],[57.09064,52.13782],[57.08861,52.14593],[57.09491,52.15334],[57.09667,52.15833],[57.09328,52.17075],[57.09361,52.17555]],[[57.12398,51.7549],[57.11297,51.7641],[57.11639,51.77107],[57.11722,51.77887],[57.11074,51.81005],[57.09913,51.81399],[57.09137,51.8288],[57.08995,51.8334],[57.09121,51.83786]],[[57.12649,52.43534],[57.12722,52.43119],[57.12977,52.42893],[57.13323,52.4205],[57.13301,52.41864],[57.1296,52.41697],[57.12632,52.4169],[57.12104,52.4132],[57.11782,52.41042],[57.1166,52.40605],[57.10964,52.40185]],[[57.12134,54.96287],[57.12176,54.96287]],[[57.12134,54.96287],[57.12159,54.96316]],[[57.12159,54.96316],[57.12201,54.96996],[57.12432,54.97186]],[[57.12159,54.96316],[57.12176,54.96287]],[[57.12176,54.96287],[57.12321,54.9625],[57.12496,54.96506],[57.13862,54.97266]],[[57.13812,51.7634],[57.13449,51.76305],[57.13194,51.75942],[57.13215,51.75705],[57.12398,51.7549]],[[57.12432,54.97186],[57.13513,54.97346],[57.13862,54.97266]],[[57.12432,54.97186],[57.12543,54.97932]],[[57.13812,51.7634],[57.13883,51.76697],[57.14413,51.77174],[57.14499,51.78045],[57.14273,51.78672],[57.15397,51.8088]],[[57.14062,51.54471],[57.15692,51.54765],[57.16439,51.55302],[57.16923,51.55982],[57.18331,51.59596],[57.18223,51.59824],[57.17915,51.59878],[57.17438,51.60178],[57.17466,51.60399],[57.17248,51.61064],[57.17585,51.62339],[57.19099,51.62329],[57.20252,51.6259],[57.22818,51.63468],[57.22993,51.64192],[57.23775,51.64321],[57.2407,51.64506],[57.2492,51.66048],[57.2534,51.66437],[57.25789,51.6738],[57.25677,51.67728],[57.25894,51.67971],[57.26287,51.6907],[57.23953,51.7006],[57.21614,51.71517],[57.21286,51.72183],[57.19872,51.72932],[57.19414,51.73415],[57.19176,51.73858],[57.18229,51.74619],[57.16548,51.75422],[57.14282,51.75932],[57.13812,51.7634]],[[57.13862,54.97266],[57.14763,54.97721],[57.15082,54.98004],[57.17377,54.98876],[57.1821,54.99103],[57.19091,54.98863]],[[57.20604,55.00527],[57.20627,55.00658],[57.20215,55.01217],[57.20228,55.0211],[57.19562,55.02719],[57.18482,55.0334],[57.18206,55.0368],[57.18093,55.04218],[57.17502,55.04309],[57.17053,55.04607],[57.16931,55.05046],[57.1654,55.05638],[57.16757,55.05923],[57.16613,55.06228],[57.16668,55.06917],[57.16519,55.07347],[57.16735,55.07795],[57.16705,55.08122],[57.16909,55.08288]],[[57.4114,52.22969],[57.40878,52.2307],[57.38594,52.25776],[57.35488,52.27113],[57.34976,52.2763],[57.31947,52.2868],[57.29274,52.29324],[57.26164,52.32989],[57.24725,52.33814],[57.23282,52.34187],[57.23248,52.34293],[57.23585,52.34625],[57.2315,52.36469],[57.22112,52.37321],[57.21906,52.38676],[57.21269,52.40051],[57.20191,52.40598],[57.19923,52.41053],[57.1936,52.41504],[57.18622,52.41609],[57.17724,52.42106],[57.17452,52.4281],[57.16436,52.4325],[57.16291,52.43683],[57.16386,52.44167],[57.16516,52.44334],[57.17278,52.44629],[57.17523,52.44874],[57.17811,52.4574],[57.17767,52.45835],[57.1746,52.45796],[57.16996,52.4629],[57.16985,52.46855],[57.17138,52.4708],[57.17076,52.47237]],[[57.28704,56.05765],[57.27541,56.05564],[57.27472,56.05927],[57.27588,56.06047],[57.27177,56.06146],[57.26593,56.06582],[57.26084,56.06799],[57.24977,56.07042],[57.24045,56.07059],[57.23538,56.07469],[57.22694,56.07565],[57.21982,56.07827],[57.18662,56.07499]],[[57.26258,51.68987],[57.26815,51.68737],[57.27185,51.68741],[57.27414,51.6888],[57.2738,51.69169],[57.27816,51.6974],[57.28741,51.70306],[57.29022,51.7091],[57.29507,51.71433],[57.29669,51.71794],[57.2958,51.72103]],[[57.27115,52.77106],[57.27734,52.77506],[57.29034,52.78865],[57.29753,52.78985],[57.30337,52.78799],[57.32709,52.78693],[57.33239,52.78523],[57.37216,52.77947],[57.37871,52.7801],[57.41689,52.77461],[57.45786,52.77505]],[[57.29303,54.31027],[57.29396,54.3143],[57.29904,54.31816],[57.29939,54.32896],[57.30484,54.33309],[57.30767,54.33683],[57.31316,54.33945],[57.3213,54.35573],[57.32,54.35927],[57.3253,54.366],[57.32655,54.37598],[57.32834,54.37929],[57.32881,54.38882],[57.33189,54.39669],[57.33954,54.40129],[57.35068,54.40575],[57.35531,54.40622],[57.36728,54.40399]],[[57.4899,54.23183],[57.48926,54.23096],[57.49196,54.22955],[57.48836,54.22858],[57.48864,54.22442],[57.487,54.22442],[57.48538,54.22766],[57.48122,54.22765],[57.48035,54.22614],[57.48261,54.22398],[57.48116,54.22085],[57.47497,54.21923],[57.47124,54.21571],[57.47662,54.21537],[57.47749,54.21412],[57.47625,54.21032],[57.47224,54.20778],[57.47032,54.20785],[57.4633,54.21415],[57.45953,54.21369],[57.45225,54.20878],[57.44915,54.20538],[57.44117,54.20204],[57.44023,54.19798],[57.43628,54.1957],[57.43573,54.19346],[57.43378,54.19223],[57.42751,54.18993],[57.41339,54.18959],[57.39748,54.18073],[57.39649,54.17819],[57.39151,54.17449],[57.38578,54.17345],[57.37941,54.16967],[57.37712,54.16428],[57.37688,54.16057],[57.3654,54.15276],[57.37293,54.14235],[57.38144,54.14203],[57.38378,54.13811],[57.37695,54.13273],[57.37244,54.12639],[57.36963,54.11423],[57.3652,54.10814],[57.3665,54.10535],[57.37338,54.10039],[57.37401,54.09876],[57.36044,54.08747],[57.35791,54.08386],[57.35351,54.08108],[57.3556,54.07668],[57.34112,54.06737],[57.33557,54.06689],[57.32572,54.06878],[57.31369,54.0773]],[[57.92854,53.93666],[57.91935,53.93507],[57.91645,53.93247],[57.90751,53.93368],[57.88792,53.9322],[57.87481,53.9274],[57.86327,53.91742],[57.85591,53.91332],[57.85365,53.91046],[57.84622,53.90651],[57.83522,53.90285],[57.82958,53.89825],[57.82711,53.89744],[57.81889,53.89568],[57.816,53.89321],[57.80872,53.8928],[57.80228,53.89014],[57.79923,53.88898],[57.79331,53.88736],[57.79236,53.88639],[57.79314,53.88065],[57.79235,53.87806],[57.78612,53.87522],[57.7851,53.86985],[57.78559,53.86472],[57.78285,53.86077],[57.76868,53.86476],[57.76333,53.86353],[57.75742,53.86475],[57.74669,53.86338],[57.74447,53.85975],[57.74427,53.85332],[57.74183,53.84963],[57.74084,53.84302],[57.73311,53.83707],[57.72817,53.83049],[57.72206,53.82879],[57.70133,53.8287],[57.69736,53.8321],[57.68764,53.83511],[57.68193,53.8335],[57.6775,53.83359],[57.66454,53.82928],[57.642,53.83127],[57.63295,53.82992],[57.61902,53.83551],[57.61483,53.83512],[57.60592,53.83166],[57.59214,53.83241],[57.58273,53.82895],[57.57797,53.82278],[57.56687,53.82073],[57.56425,53.82159],[57.56132,53.82612],[57.55314,53.8293],[57.52623,53.83459],[57.51567,53.83526],[57.4887,53.82682],[57.47732,53.82643],[57.46906,53.82352],[57.4665,53.82426],[57.46396,53.82746],[57.46144,53.82868],[57.44852,53.82758],[57.4475,53.82775],[57.44653,53.82806],[57.44459,53.82878],[57.44243,53.82936],[57.43476,53.82882],[57.42943,53.8299],[57.41892,53.82581],[57.40711,53.8267],[57.39879,53.8242],[57.3821,53.83118],[57.38097,53.83285],[57.38171,53.83672],[57.38089,53.83844],[57.36893,53.83646],[57.36252,53.84003],[57.35652,53.84616],[57.33905,53.84615]],[[57.34536,53.47012],[57.34162,53.46559],[57.34236,53.46202],[57.33739,53.45888],[57.33625,53.45352],[57.33768,53.44675],[57.33229,53.44314],[57.32458,53.44201],[57.30687,53.43001],[57.29982,53.4238],[57.29147,53.42011],[57.28818,53.41599],[57.29423,53.41306],[57.29777,53.40582],[57.29767,53.39907],[57.29164,53.38083],[57.29689,53.3746],[57.30034,53.37407],[57.30596,53.36014],[57.3113,53.3575],[57.31328,53.35048],[57.31729,53.3448],[57.32189,53.34378],[57.32979,53.33792],[57.33833,53.3352],[57.34367,53.32693],[57.35777,53.31323],[57.36615,53.30821],[57.37684,53.30481],[57.38163,53.30024],[57.38325,53.29437],[57.38626,53.28943],[57.39084,53.28543],[57.4114,53.27895],[57.41443,53.27635],[57.42618,53.27084],[57.42438,53.26496],[57.4282,53.25945],[57.42878,53.25596],[57.43093,53.25369],[57.431,53.24838],[57.43579,53.24349],[57.43548,53.2334],[57.44367,53.23184],[57.44659,53.22872],[57.45228,53.22619],[57.45272,53.22461]],[[57.4114,52.22969],[57.41147,52.22948]],[[57.41172,52.22954],[57.4114,52.22969]],[[57.41197,52.22902],[57.41296,52.22903]],[[57.41296,52.22903],[57.4122,52.22933]],[[57.42703,52.23079],[57.42941,52.22653],[57.41296,52.22903]],[[57.43772,56.03358],[57.44296,56.017],[57.44016,56.01116],[57.4279,56.00417],[57.42759,55.99655],[57.42939,55.99378],[57.42776,55.9887],[57.42961,55.98625],[57.42921,55.98497],[57.42743,55.98294],[57.41775,55.9795],[57.40949,55.9782],[57.40158,55.97895],[57.395,55.97596],[57.39357,55.97174],[57.38882,55.96718],[57.38745,55.96031],[57.38955,55.95771],[57.38688,55.95346],[57.39708,55.9516],[57.40169,55.94848],[57.41029,55.94507],[57.41898,55.94438],[57.42883,55.94093],[57.43249,55.94079],[57.45136,55.93013],[57.45894,55.92886],[57.46049,55.92758],[57.45961,55.92465],[57.4603,55.92176],[57.45809,55.91591],[57.44969,55.90549],[57.4483,55.89782],[57.44627,55.89248],[57.44438,55.8909],[57.4444,55.88917],[57.44726,55.88472],[57.44162,55.87839],[57.4444,55.86641],[57.44604,55.86368],[57.44635,55.85951],[57.45168,55.85265],[57.44996,55.85105],[57.44683,55.8427],[57.43771,55.83984],[57.42348,55.82871]],[[57.4658,52.24291],[57.46559,52.24285],[57.46526,52.24275],[57.46439,52.24246],[57.45837,52.24043],[57.4482,52.23691],[57.44669,52.23628],[57.44175,52.23286],[57.43192,52.23627]],[[57.4338,53.10728],[57.43563,53.10669],[57.44381,53.10789],[57.44595,53.1065],[57.44757,53.1003],[57.44646,53.09766],[57.44317,53.09639],[57.42956,53.09637],[57.4291,53.09419],[57.42628,53.09238],[57.42818,53.08919],[57.43277,53.08799],[57.43718,53.08972],[57.45329,53.09145],[57.4574,53.09068],[57.45856,53.08744],[57.46311,53.08729],[57.47294,53.09248],[57.47833,53.09272],[57.48404,53.09445]],[[57.44653,53.82806],[57.44868,53.82893],[57.44974,53.83107]],[[57.53379,51.95521],[57.53305,51.95756],[57.52807,51.96162],[57.52136,51.96454],[57.48884,51.95604],[57.47439,51.95535],[57.46036,51.95786],[57.45357,51.95684],[57.44452,51.96177],[57.44264,51.96464],[57.44836,51.96788]],[[57.45517,53.83485],[57.45919,53.83181],[57.45545,53.8282]],[[57.45786,52.77505],[57.46568,52.77766]],[[57.45786,52.77505],[57.45995,52.77156],[57.45928,52.76903],[57.46616,52.76519],[57.47061,52.76105],[57.47247,52.75682],[57.47828,52.75036],[57.4762,52.74174],[57.47686,52.74022],[57.51433,52.70666],[57.52672,52.70319],[57.52888,52.69871],[57.53204,52.69714],[57.53027,52.69549],[57.53744,52.69321],[57.54279,52.68996],[57.54879,52.68404],[57.55244,52.67759],[57.55707,52.6737],[57.55725,52.67069],[57.56058,52.66632],[57.55941,52.66046],[57.56116,52.65794],[57.559,52.65605],[57.55518,52.63873],[57.55931,52.63042],[57.55648,52.62162],[57.55991,52.615],[57.56183,52.61339],[57.55452,52.61369],[57.53487,52.61921],[57.52103,52.62605],[57.50677,52.63073],[57.49683,52.63166],[57.49174,52.63041],[57.49081,52.62916],[57.49276,52.62262],[57.4891,52.61169],[57.48354,52.60573],[57.4737,52.60045],[57.47371,52.59541],[57.47082,52.58917],[57.46888,52.5807],[57.46382,52.57063],[57.46308,52.56591],[57.46025,52.56212],[57.45924,52.55263],[57.44305,52.54081],[57.43118,52.53538],[57.42833,52.53208],[57.42528,52.52474],[57.42913,52.51944],[57.43018,52.51274],[57.42555,52.50896],[57.4221,52.50304],[57.42117,52.49649],[57.42274,52.4913],[57.42238,52.48653],[57.42528,52.47966],[57.42063,52.46919],[57.4172,52.46411],[57.41516,52.45236],[57.41654,52.44622],[57.42394,52.43626],[57.42717,52.42976],[57.43346,52.42339],[57.43625,52.4134],[57.44144,52.40772],[57.44108,52.40494],[57.44759,52.38778],[57.44679,52.38224],[57.44803,52.36648],[57.44673,52.34244],[57.44888,52.33654],[57.45392,52.32999],[57.45544,52.32528],[57.45792,52.31304],[57.45664,52.30691],[57.46411,52.29779],[57.46251,52.29235],[57.45657,52.2841],[57.45636,52.27881],[57.47403,52.26586],[57.47553,52.26375],[57.47452,52.25365],[57.46733,52.24804],[57.4658,52.24291]],[[57.50802,55.80385],[57.50787,55.805],[57.50434,55.80674],[57.49104,55.81044],[57.48322,55.81001],[57.48057,55.8119],[57.46402,55.81568]],[[57.46559,52.24285],[57.46517,52.2354],[57.46377,52.23345],[57.4645,52.23228],[57.45409,52.22614],[57.45218,52.22219],[57.46024,52.22024],[57.47583,52.21403],[57.49334,52.20147],[57.51722,52.19162],[57.57706,52.18583],[57.59006,52.18086],[57.60355,52.17926],[57.61489,52.1782],[57.62364,52.18012],[57.63708,52.18394],[57.67423,52.19798],[57.67592,52.19813],[57.68163,52.19833],[57.69076,52.19872],[57.69502,52.19888],[57.69627,52.19889],[57.70841,52.19776],[57.76098,52.21103]],[[57.46568,52.77766],[57.47708,52.78079],[57.48401,52.78394],[57.48714,52.78148],[57.49177,52.78663],[57.49634,52.78934],[57.50186,52.7909],[57.50482,52.79845],[57.52605,52.81349],[57.5383,52.82502],[57.54104,52.83346],[57.54393,52.83767],[57.54875,52.8402],[57.55916,52.84055],[57.56207,52.84616],[57.57409,52.856],[57.59198,52.85692],[57.60231,52.85418],[57.60906,52.85375],[57.6226,52.85646]],[[57.46568,52.77766],[57.4646,52.77854],[57.46612,52.78034],[57.465,52.78133],[57.46615,52.78239],[57.46522,52.78443],[57.44558,52.78869],[57.4261,52.79765],[57.42186,52.79802],[57.42075,52.80175],[57.42185,52.80621],[57.41928,52.80969],[57.41194,52.8137],[57.39854,52.81839],[57.39779,52.82389],[57.37967,52.831],[57.37538,52.83158],[57.36661,52.83761],[57.36514,52.84056],[57.36481,52.84702],[57.36324,52.84857],[57.35913,52.85933],[57.35572,52.87267],[57.35316,52.87505],[57.35223,52.88127],[57.34758,52.88655],[57.33689,52.89241],[57.33484,52.89461],[57.31888,52.89777],[57.31127,52.89805],[57.3054,52.90241],[57.29495,52.90335],[57.29813,52.90531],[57.30641,52.90618],[57.31154,52.90857],[57.32018,52.90957],[57.3227,52.91115],[57.3238,52.91438],[57.33323,52.91505],[57.3415,52.91752],[57.35051,52.92564],[57.35042,52.92867],[57.35478,52.9325],[57.35469,52.93586],[57.3569,52.93871],[57.35769,52.9421],[57.36255,52.94606],[57.36714,52.95281],[57.36858,52.95774],[57.37272,52.96506],[57.37276,52.96785],[57.37859,52.97571],[57.37605,52.98249],[57.36633,52.99243],[57.36597,52.99476],[57.36745,52.99691],[57.36621,52.99992],[57.36753,53.00302],[57.37341,53.00366],[57.37119,53.00661],[57.36661,53.00858],[57.37034,53.01007],[57.37648,53.00999],[57.38695,53.01326],[57.39994,53.0236],[57.41,53.02798],[57.41905,53.03012],[57.42685,53.03576],[57.44278,53.04089],[57.44474,53.04453],[57.45186,53.04912],[57.46807,53.05442],[57.4726,53.05417],[57.48167,53.05101],[57.48906,53.05157],[57.49136,53.05466],[57.48794,53.06182],[57.49109,53.0658],[57.49192,53.07464],[57.49,53.07962],[57.49028,53.08475],[57.48404,53.09445]],[[57.46969,52.24348],[57.4658,52.24291]],[[57.47346,52.24359],[57.46969,52.24348]],[[57.47107,52.24424],[57.46969,52.24348]],[[57.47485,53.23117],[57.475,53.22735],[57.47918,53.2202],[57.48645,53.21651],[57.50287,53.21186],[57.51364,53.20631],[57.51914,53.20106],[57.52647,53.1884],[57.53813,53.17748]],[[57.51801,54.3483],[57.51544,54.35004],[57.51147,54.35007],[57.50316,54.34419],[57.50093,54.34375],[57.48519,54.3482],[57.48528,54.36556],[57.47662,54.37176],[57.47557,54.37393],[57.47633,54.37497]],[[57.47788,55.62612],[57.49337,55.62894],[57.49979,55.62788],[57.50399,55.62574],[57.50465,55.62459],[57.50042,55.61984],[57.48535,55.61403],[57.48904,55.60951],[57.49208,55.6097],[57.49934,55.61453],[57.50956,55.61605],[57.52918,55.61634],[57.53605,55.61442],[57.54361,55.61605],[57.55007,55.62012],[57.56689,55.62005],[57.56906,55.62162],[57.5749,55.62253],[57.58211,55.62541],[57.58374,55.62823],[57.58583,55.62938],[57.59459,55.63044],[57.59826,55.63425],[57.60522,55.63718],[57.60939,55.64439],[57.62223,55.65332],[57.63325,55.65783],[57.6372,55.66102],[57.64695,55.66248],[57.65256,55.66488],[57.669,55.66486],[57.6775,55.66682],[57.69802,55.66485],[57.70609,55.66622],[57.70851,55.66845],[57.71988,55.66608],[57.72615,55.66772],[57.72673,55.66995],[57.72519,55.67418],[57.72636,55.67523],[57.72435,55.68002],[57.72581,55.68589],[57.73595,55.68734],[57.73967,55.68644],[57.7531,55.68645],[57.77035,55.69018],[57.78327,55.69468],[57.79036,55.69403],[57.80925,55.6949],[57.81672,55.69334],[57.82748,55.68893],[57.8416,55.69138],[57.8533,55.69526],[57.86583,55.69637],[57.89415,55.69409],[57.8971,55.69929],[57.90308,55.69948],[57.91551,55.70311]],[[57.48404,53.09445],[57.49138,53.09682],[57.50865,53.09728],[57.51439,53.09562],[57.51715,53.09609],[57.52033,53.09951],[57.52448,53.10162],[57.53278,53.1031],[57.53286,53.1045],[57.53015,53.10721],[57.53478,53.11027],[57.54252,53.1066],[57.55541,53.10606],[57.55775,53.10621],[57.56179,53.10927],[57.58009,53.10937],[57.58726,53.11107],[57.61249,53.11089],[57.63893,53.11573],[57.64917,53.11335],[57.65141,53.1159],[57.65932,53.11666],[57.66618,53.11968],[57.68356,53.12407],[57.70252,53.12365],[57.70561,53.1267],[57.71474,53.12958],[57.72497,53.12274],[57.73233,53.11927],[57.74911,53.11964],[57.75445,53.11737],[57.76809,53.11423],[57.7769,53.11532],[57.79892,53.11525],[57.80939,53.11232],[57.81443,53.10516],[57.81725,53.10347],[57.82631,53.10135],[57.84306,53.10189],[57.86019,53.09922],[57.86169,53.0981],[57.86485,53.09432],[57.86529,53.09381],[57.86585,53.09319],[57.868,53.09078],[57.86862,53.09007],[57.86937,53.08889],[57.87066,53.0797],[57.87206,53.0779],[57.90977,53.06627],[57.91815,53.06538],[57.93255,53.05495],[57.93475,53.05438]],[[57.48766,52.78177],[57.48821,52.7818]],[[57.49014,52.77246],[57.48708,52.77436],[57.48607,52.77734],[57.49151,52.78072],[57.48795,52.78205]],[[57.49334,52.20147],[57.4945,52.19296],[57.49083,52.18897],[57.48326,52.17215],[57.48678,52.15764],[57.49749,52.14267],[57.5009,52.13609],[57.49523,52.12616],[57.5207,52.12138],[57.53424,52.12302],[57.54557,52.12256],[57.55094,52.1199],[57.55927,52.11832],[57.5678,52.11044],[57.58647,52.10345],[57.58916,52.10096]],[[57.53379,51.95521],[57.53159,51.95399],[57.53204,51.95034],[57.53806,51.94702],[57.5426,51.94654],[57.54385,51.94366],[57.54356,51.93514],[57.5382,51.92106],[57.53535,51.9183],[57.533,51.91363],[57.52888,51.91119],[57.52422,51.91069],[57.51862,51.91281],[57.50965,51.90979],[57.50958,51.90764],[57.50639,51.90876],[57.50572,51.90785],[57.50703,51.90524],[57.51151,51.90323],[57.51203,51.90122],[57.50291,51.89966],[57.49551,51.8966]],[[57.49593,54.23047],[57.4956,54.23355],[57.50185,54.23756],[57.50464,54.24712],[57.50612,54.24789],[57.51085,54.24678],[57.51606,54.24781],[57.52214,54.25791],[57.52639,54.26],[57.52784,54.26372],[57.53226,54.26845],[57.53331,54.27511],[57.52815,54.28725],[57.53252,54.30279],[57.54974,54.30965],[57.55165,54.31184],[57.55023,54.31439],[57.54253,54.32092],[57.5389,54.32228],[57.53674,54.32529],[57.53017,54.32669],[57.52731,54.33211],[57.52873,54.33493],[57.52699,54.33768],[57.51561,54.3414],[57.51551,54.34261],[57.51812,54.34534],[57.51728,54.3471],[57.51801,54.3483]],[[57.64676,51.8923],[57.64026,51.8847],[57.63523,51.8806],[57.63359,51.8774],[57.63339,51.87238],[57.63122,51.86513],[57.63948,51.85748],[57.64021,51.84459],[57.63718,51.83816],[57.64402,51.83224],[57.64116,51.82576],[57.64476,51.82151],[57.64554,51.81399],[57.64032,51.80857],[57.63375,51.80421],[57.61312,51.79624],[57.60304,51.79352],[57.59023,51.79213],[57.55469,51.78338],[57.53401,51.76602],[57.52703,51.76805],[57.52806,51.77397],[57.52503,51.77596],[57.51911,51.77373],[57.51458,51.77696],[57.50037,51.77224]],[[57.51801,54.3483],[57.52427,54.35289],[57.5299,54.35298],[57.53397,54.35467],[57.53601,54.35444],[57.53563,54.35161],[57.53807,54.35127],[57.54219,54.35445],[57.54318,54.35688],[57.54912,54.35858],[57.55085,54.3612],[57.54838,54.36354],[57.55161,54.36531],[57.55054,54.37033],[57.5539,54.37139],[57.55623,54.37609],[57.54979,54.3833],[57.53954,54.38792],[57.54105,54.39004],[57.53709,54.39425],[57.53707,54.39987],[57.52815,54.40216],[57.52323,54.40139],[57.51439,54.4071],[57.50861,54.40527],[57.50603,54.40631],[57.50494,54.41696],[57.50591,54.41921],[57.50517,54.42177],[57.50655,54.42425],[57.50459,54.42646],[57.5057,54.43069],[57.5128,54.43267],[57.51614,54.44058],[57.52291,54.44709],[57.5236,54.44981],[57.52694,54.45287],[57.53568,54.4555],[57.54103,54.45839],[57.54889,54.46016],[57.55331,54.4651],[57.5684,54.46995],[57.57418,54.47474],[57.57954,54.47649],[57.58557,54.48427],[57.5885,54.4858],[57.58891,54.48822],[57.58496,54.49079],[57.58129,54.49659],[57.58233,54.49837],[57.58834,54.5023],[57.59282,54.50914],[57.59167,54.51923],[57.59267,54.52434],[57.58862,54.53128],[57.58971,54.53326],[57.58909,54.53866],[57.5901,54.53967],[57.59517,54.53939],[57.59865,54.54143],[57.62514,54.5453],[57.6377,54.55006],[57.63471,54.55385],[57.63391,54.55777],[57.63984,54.56087],[57.64366,54.5597],[57.64554,54.56108],[57.64416,54.56559],[57.64663,54.57171],[57.64934,54.5752],[57.65093,54.58122],[57.64761,54.58552],[57.65404,54.59164]],[[57.58353,54.2233],[57.56921,54.22997],[57.55982,54.22881],[57.5501,54.22348],[57.54736,54.22321],[57.54406,54.21987],[57.53892,54.21848],[57.53168,54.21917],[57.52448,54.22208],[57.52226,54.22027]],[[57.64676,51.8923],[57.64435,51.89332],[57.64398,51.8972],[57.64779,51.90088],[57.65403,51.90451],[57.6566,51.90828],[57.65517,51.9118],[57.65141,51.91431],[57.6436,51.91621],[57.63602,51.91471],[57.63025,51.90909],[57.62648,51.91113],[57.62194,51.91665],[57.61839,51.91526],[57.61729,51.91914],[57.61849,51.9207],[57.61684,51.92607],[57.6183,51.92959],[57.61295,51.93444],[57.6137,51.93674],[57.6122,51.93874],[57.60788,51.94029],[57.60669,51.9479],[57.60525,51.949],[57.58684,51.95358],[57.56786,51.95195],[57.54805,51.95293],[57.53379,51.95521]],[[57.54517,54.20829],[57.55397,54.21424]],[[57.55383,54.21852],[57.54736,54.22321]],[[57.54869,54.2073],[57.55652,54.21225]],[[57.55652,54.21225],[57.55641,54.2125],[57.55327,54.21476],[57.55244,54.21515],[57.55315,54.21811],[57.55362,54.21838],[57.55383,54.21852],[57.55424,54.21881],[57.55462,54.21907],[57.55553,54.21995],[57.56657,54.21827]],[[57.5652,54.21234],[57.55804,54.21198],[57.55652,54.21225]],[[57.56657,54.21827],[57.56872,54.2196],[57.57037,54.22348],[57.57032,54.22659],[57.56819,54.22983]],[[57.56657,54.21827],[57.56724,54.21803]],[[57.57384,54.20691],[57.57414,54.21341],[57.56727,54.21854]],[[57.58109,54.22392],[57.57904,54.22059],[57.57347,54.21544],[57.57396,54.21366]],[[57.58062,54.22341],[57.58011,54.22418]],[[57.96073,53.35675],[57.9636,53.35144],[57.96757,53.34734],[57.96608,53.34069],[57.96403,53.3371],[57.96611,53.33308],[57.97567,53.32428],[57.97458,53.32314],[57.96793,53.32255],[57.96505,53.31898],[57.96717,53.30872],[57.95457,53.30283],[57.94243,53.30217],[57.93515,53.29468],[57.93215,53.29315],[57.92168,53.29131],[57.91475,53.29362],[57.90765,53.29015],[57.90331,53.28572],[57.89458,53.28428],[57.88159,53.27841],[57.87786,53.27794],[57.86715,53.2805],[57.85057,53.27878],[57.84183,53.27475],[57.84035,53.27534],[57.83938,53.2777],[57.83542,53.2794],[57.82641,53.28084],[57.81979,53.28332],[57.80673,53.28392],[57.79783,53.28654],[57.78579,53.28554],[57.78504,53.28685],[57.78628,53.28876],[57.78548,53.28917],[57.76853,53.2875],[57.75462,53.28893],[57.7458,53.2858],[57.73833,53.28068],[57.73179,53.27931],[57.72272,53.27958],[57.72561,53.28303],[57.7284,53.28444],[57.7266,53.28596],[57.72671,53.29017],[57.72313,53.29407],[57.70901,53.29711],[57.69854,53.30146],[57.69271,53.30158],[57.67825,53.30453],[57.67457,53.30358],[57.6513,53.30761],[57.6461,53.31505],[57.63175,53.32434],[57.62878,53.32873]],[[58.19443,51.85272],[58.19275,51.85429],[58.19101,51.86218],[58.18756,51.86353],[58.05993,51.87119],[58.04499,51.86482],[58.02402,51.86753],[58.01609,51.87631],[58.01314,51.87732],[57.99241,51.87612],[57.97428,51.87253],[57.96007,51.87381],[57.95569,51.87799],[57.94166,51.87994],[57.91893,51.8909],[57.90658,51.89492],[57.90326,51.89385],[57.89503,51.88491],[57.87496,51.88544],[57.85001,51.88097],[57.83243,51.87983],[57.79039,51.88316],[57.77545,51.88261],[57.76253,51.88662],[57.75966,51.8857],[57.75532,51.88163],[57.75012,51.88101],[57.74524,51.88182],[57.7379,51.8849],[57.73163,51.88397],[57.72882,51.88624],[57.71169,51.89079],[57.70625,51.8949],[57.68641,51.90281],[57.67888,51.901],[57.68152,51.89939],[57.67732,51.8949],[57.66849,51.89378],[57.66538,51.89593],[57.66105,51.8963],[57.64676,51.8923]],[[57.68083,52.01314],[57.68359,52.01778],[57.67963,52.03342],[57.68111,52.03809],[57.68407,52.04098],[57.6889,52.04283],[57.69715,52.05113],[57.69995,52.05247],[57.73888,52.05771],[57.75429,52.06193],[57.74769,52.06773],[57.74432,52.07239],[57.73583,52.07539],[57.72683,52.0807],[57.71132,52.09506],[57.71055,52.09813],[57.71125,52.10876],[57.72216,52.1158],[57.72756,52.12451],[57.74424,52.12797],[57.74537,52.12877],[57.74554,52.1315],[57.73987,52.13335],[57.7337,52.1338],[57.72744,52.13905],[57.72318,52.14026],[57.72295,52.14649],[57.70457,52.16998],[57.70451,52.17736],[57.70034,52.18904],[57.69076,52.19872]],[[57.68465,53.51898],[57.68442,53.51902],[57.68122,53.51871]],[[57.70125,53.53706],[57.68964,53.53387],[57.68627,53.53176],[57.68675,53.52722],[57.68389,53.52446],[57.6844,53.51919]],[[57.68479,53.51587],[57.68446,53.51649],[57.68452,53.51779],[57.68442,53.51902],[57.6844,53.51919]],[[57.6844,53.51919],[57.68465,53.51898]],[[57.68465,53.51898],[57.69118,53.51794]],[[57.69878,53.51836],[57.69956,53.51854]],[[57.954,52.61932],[57.94964,52.61933],[57.9461,52.6216],[57.9396,52.62877],[57.92432,52.63479],[57.903,52.64803],[57.89563,52.64988],[57.87879,52.65826],[57.87224,52.6644],[57.86363,52.66879],[57.85686,52.67567],[57.84692,52.68004],[57.82774,52.68545],[57.81311,52.68813],[57.80247,52.68851],[57.77851,52.69869],[57.76363,52.69876],[57.75161,52.69598],[57.73549,52.69448],[57.72316,52.69219],[57.70903,52.68768]],[[57.99171,55.3769],[57.94197,55.38549],[57.92524,55.39186],[57.91734,55.39968],[57.91643,55.40308],[57.90847,55.40829],[57.90212,55.41406],[57.8896,55.4279],[57.88176,55.43878],[57.86744,55.45035],[57.86434,55.45521],[57.85097,55.46307],[57.83622,55.467],[57.8223,55.46552],[57.80929,55.46881],[57.79966,55.46735],[57.78692,55.47262],[57.78044,55.47295],[57.77645,55.47194],[57.76964,55.47366],[57.76087,55.47219],[57.74934,55.46848],[57.74118,55.46864],[57.73802,55.46758],[57.72411,55.47062],[57.71941,55.46854],[57.71587,55.46876]],[[57.82774,51.94744],[57.80657,51.94812],[57.79452,51.95035],[57.79026,51.94632],[57.77254,51.94735],[57.76545,51.94292],[57.74528,51.93954],[57.72923,51.93333],[57.72619,51.931],[57.71973,51.93018],[57.71637,51.93085],[57.7157,51.93976],[57.71798,51.94185],[57.72206,51.94172]],[[57.76563,54.02499],[57.76506,54.02677],[57.75225,54.02909],[57.75045,54.03224],[57.74721,54.03373]],[[58.25708,52.54726],[58.23553,52.56406],[58.218,52.56584],[58.21098,52.56439],[58.20376,52.56461],[58.18982,52.55709],[58.14091,52.54346],[58.13397,52.53139],[58.1296,52.52803],[58.05462,52.5214],[58.01892,52.52072],[58.00296,52.51595],[57.98881,52.51345],[57.97886,52.51345],[57.95579,52.50774],[57.9487,52.5038],[57.91227,52.50839],[57.90866,52.50964],[57.90454,52.51468],[57.89668,52.51799],[57.887,52.51444],[57.87538,52.51569],[57.82899,52.5127],[57.81408,52.5006],[57.81234,52.50026],[57.79632,52.51219],[57.76497,52.52615],[57.73387,52.52518],[57.71568,52.52863],[57.6844,52.52294],[57.67378,52.51336],[57.67356,52.51005],[57.66905,52.50189],[57.66236,52.49653],[57.66219,52.49278],[57.65974,52.48607],[57.66065,52.48338],[57.64659,52.48039],[57.64002,52.47126],[57.64028,52.46792],[57.64204,52.46527],[57.64985,52.46061],[57.65011,52.45753],[57.65236,52.45364],[57.65966,52.44627],[57.66312,52.43814],[57.66866,52.43081],[57.67845,52.42263],[57.67823,52.42177],[57.68533,52.41892],[57.69405,52.41381],[57.69602,52.41158],[57.70292,52.40854],[57.69518,52.40281],[57.69266,52.39847],[57.70829,52.39313],[57.71052,52.39118],[57.71743,52.38863],[57.72079,52.38566],[57.73044,52.3817],[57.73942,52.37524],[57.73948,52.37285],[57.74145,52.37223],[57.74547,52.37387],[57.74733,52.37126],[57.74783,52.36604],[57.75801,52.36126],[57.75848,52.35752],[57.75392,52.35462],[57.75508,52.35123],[57.75762,52.35033]],[[57.76098,52.21103],[57.76456,52.19615],[57.76206,52.18278],[57.75857,52.17736],[57.7606,52.17362]],[[57.76098,52.21103],[57.7614,52.21678],[57.75488,52.22733],[57.75353,52.23521],[57.74407,52.24698],[57.74607,52.25028],[57.74562,52.25591],[57.7543,52.26335],[57.77308,52.26843],[57.77967,52.27271],[57.77952,52.27473],[57.78403,52.28267],[57.78454,52.29076],[57.78739,52.29726],[57.78618,52.30587],[57.78898,52.3181],[57.78886,52.32088],[57.77807,52.32724],[57.77355,52.33717],[57.76394,52.34069],[57.76669,52.34281],[57.76631,52.34897]],[[57.94213,54.22721],[57.94453,54.22574],[57.94487,54.22189],[57.94893,54.21977],[57.93988,54.21688],[57.93323,54.20601],[57.92479,54.20129],[57.92375,54.19382],[57.9201,54.19313],[57.92076,54.18899],[57.9228,54.18602],[57.92241,54.18361],[57.92571,54.17893],[57.92527,54.17802],[57.91418,54.17414],[57.89474,54.16434],[57.88789,54.16205],[57.88107,54.16177],[57.87314,54.15169],[57.8612,54.14577],[57.85615,54.1368],[57.85171,54.13569],[57.84903,54.13298],[57.84697,54.13204],[57.84301,54.13055],[57.84143,54.12995],[57.84051,54.12954],[57.83215,54.12157],[57.8309,54.11828],[57.83407,54.1145],[57.82911,54.10987],[57.82964,54.10533],[57.83303,54.10356],[57.84276,54.10233],[57.85009,54.09732],[57.84976,54.09447],[57.85101,54.09194],[57.84398,54.08968],[57.83928,54.08606],[57.8358,54.08103],[57.83181,54.07923],[57.82681,54.07437],[57.8251,54.07055],[57.8175,54.06104],[57.81841,54.05643],[57.81081,54.05572],[57.81062,54.05045],[57.80727,54.0465],[57.79842,54.04164],[57.78262,54.02855],[57.77514,54.02621],[57.76792,54.02487],[57.76563,54.02499],[57.76193,54.02235]],[[57.8267,53.89738],[57.81715,53.89848],[57.80946,53.90072],[57.80482,53.90013],[57.80121,53.89619],[57.80228,53.89014]],[[57.81772,52.45282],[57.84906,52.44922],[57.86308,52.44292],[57.86665,52.43956],[57.86957,52.42325],[57.87147,52.42167],[57.87139,52.41926],[57.86811,52.41696],[57.86551,52.41248],[57.87942,52.40974],[57.92748,52.38883]],[[57.82445,51.88068],[57.83814,51.9033],[57.84117,51.91683],[57.84806,51.93724],[57.8543,51.93993],[57.85594,51.94201],[57.85495,51.94475],[57.85289,51.94598],[57.83796,51.94546],[57.82774,51.94744],[57.83507,51.95352],[57.84984,51.96079],[57.86321,51.96952],[57.88187,51.97728],[57.88642,51.97603],[57.89123,51.97852],[57.8918,51.97982],[57.89583,51.97973],[57.89989,51.98124],[57.90604,51.97672],[57.91356,51.9757],[57.98073,51.98235],[57.99634,51.98525],[58.00205,51.9775],[58.03071,51.96347],[58.06591,51.95526],[58.09314,51.95648],[58.1098,51.9588],[58.13056,51.95852],[58.14414,51.95362],[58.15021,51.94987],[58.15024,51.9445],[58.15461,51.93794],[58.16622,51.93954],[58.16957,51.93869],[58.19075,51.92169],[58.20144,51.91105],[58.22367,51.91151]],[[57.84301,54.13055],[57.84511,54.1306],[57.84697,54.13204]],[[58.01955,52.25149],[57.98541,52.24621],[57.94727,52.24823],[57.92561,52.2462],[57.90263,52.23754],[57.89689,52.23594],[57.88881,52.23543],[57.8753,52.23111],[57.86908,52.23075],[57.8516,52.23385],[57.84558,52.23308]],[[57.93475,53.05438],[57.93364,53.05194],[57.92308,53.04632],[57.91744,53.04181],[57.91256,53.03641],[57.90572,53.03152],[57.90177,53.02672],[57.88948,53.02243],[57.88824,53.01711],[57.88107,53.0085],[57.87673,53.00059],[57.85592,52.99622],[57.8424,52.98881],[57.83934,52.98116],[57.83482,52.97686],[57.84043,52.96182],[57.8456,52.95999]],[[57.96655,55.66257],[57.95821,55.65487],[57.94725,55.64709],[57.91916,55.63913],[57.91185,55.63689],[57.89952,55.6353],[57.87304,55.63706],[57.8568,55.63454]],[[57.86543,53.09304],[57.86585,53.09319],[57.86636,53.09336]],[[57.9163,52.33104],[57.90369,52.33462],[57.88466,52.33788],[57.87192,52.34454],[57.87736,52.3479],[57.87769,52.35131],[57.87676,52.35296]],[[57.87717,55.75532],[57.87589,55.76051],[57.88752,55.77256],[57.88572,55.77869],[57.88636,55.78064],[57.9152,55.79585],[57.92276,55.7986],[57.94778,55.80434],[57.9622,55.80921],[57.97726,55.81975],[57.97831,55.82981],[57.97991,55.83242],[57.97722,55.84015],[57.9848,55.84416],[57.98005,55.84637],[57.97561,55.85115],[57.9721,55.85818],[57.97226,55.86221],[57.96942,55.86617],[57.96539,55.8762],[57.9702,55.88562],[57.9656,55.8913],[57.95818,55.89456],[57.95443,55.89392],[57.95254,55.89679],[57.94926,55.89897],[57.94927,55.90137],[57.96002,55.90664],[57.96843,55.91213],[57.97006,55.9144],[57.9693,55.92103],[57.96455,55.93533]],[[58.10436,55.59298],[57.98912,55.59156],[57.95678,55.59274],[57.94843,55.59063],[57.93914,55.62066],[57.92025,55.63793],[57.91916,55.63913],[57.91596,55.64254],[57.91172,55.64773],[57.90836,55.65592],[57.90577,55.68622],[57.90308,55.69948]],[[57.96455,55.93533],[57.96017,55.93628],[57.92537,55.95108],[57.9229,55.9504],[57.91405,55.95174],[57.90975,55.95404],[57.91017,55.96107]],[[58.00692,52.19457],[58.00513,52.19418],[57.9935,52.17551],[57.98482,52.1723],[57.97522,52.1725],[57.97252,52.16988],[57.96621,52.16903],[57.97096,52.14845],[57.96542,52.14603],[57.95458,52.13447],[57.94669,52.13175],[57.93933,52.12713],[57.93013,52.11845]],[[58.1153,52.99058],[58.10948,52.99318],[58.10277,52.99092],[58.09484,52.99854],[58.09083,52.99977],[58.07663,53.01311],[58.04878,53.0218],[58.04625,53.02514],[58.03605,53.03103],[58.01761,53.04417],[58.00447,53.05074],[57.99625,53.05223],[57.98519,53.05719],[57.97216,53.05904],[57.9659,53.06372],[57.96309,53.06447],[57.951,53.06348],[57.94085,53.06026],[57.93619,53.05692],[57.93475,53.05438]],[[57.96455,55.93533],[57.96762,55.94305],[57.94897,55.98738],[57.94408,55.99147],[57.94052,55.99852],[57.94209,56.00287],[57.94724,56.00975],[57.94696,56.01096],[57.94159,56.01411],[57.94211,56.01542]],[[57.94314,52.61623],[57.94964,52.61933]],[[57.98152,52.62294],[57.97517,52.62125],[57.96066,52.62239],[57.954,52.61932]],[[57.96595,52.51032],[57.9615,52.52043],[57.96086,52.52555],[57.96313,52.54322],[57.96538,52.54953],[57.96418,52.55693],[57.96297,52.5604],[57.95805,52.56193],[57.95264,52.56966],[57.95588,52.57406],[57.95399,52.57757],[57.95444,52.58205],[57.95218,52.5883],[57.95708,52.59697],[57.951,52.61433],[57.954,52.61932]],[[57.96455,55.93533],[57.97359,55.93306],[57.97984,55.92566],[57.98361,55.92423],[57.99973,55.92836],[58.04614,55.92855],[58.05742,55.92999],[58.08189,55.93032],[58.10243,55.93551],[58.10968,55.93597],[58.11824,55.9352],[58.12427,55.93657],[58.15279,55.93288],[58.19458,55.92119],[58.19641,55.92082],[58.20121,55.91998],[58.20706,55.91888],[58.20866,55.91861]],[[57.98152,52.62294],[57.98076,52.62725],[57.98456,52.63438],[57.9854,52.63826],[57.98236,52.64594],[57.98705,52.64978],[58.00487,52.6577],[58.01928,52.65504],[58.0364,52.66301],[58.06292,52.68081],[58.07135,52.68783],[58.07336,52.69063],[58.06873,52.69483],[58.06782,52.69759],[58.07285,52.70337],[58.0853,52.70597],[58.11619,52.70218],[58.12607,52.70988]],[[58.2201,52.6445],[58.19317,52.6411],[58.18015,52.63831],[58.16905,52.62924],[58.15804,52.62707],[58.12166,52.63257],[58.11194,52.63177],[58.10177,52.62663],[58.05973,52.62333],[58.04841,52.62317],[58.03075,52.62705],[58.01224,52.62254],[57.99961,52.62175],[57.99213,52.61944],[57.9849,52.62034],[57.98152,52.62294]],[[58.08904,56.07833],[58.08033,56.07759],[58.05866,56.07267],[58.03618,56.06473],[58.00646,56.06308],[57.98996,56.06522],[57.9817,56.06432]],[[58.19681,53.56251],[58.19408,53.56265],[58.17426,53.55183],[58.16199,53.55043],[58.15695,53.5466],[58.15504,53.54287],[58.14773,53.54179],[58.14006,53.53673],[58.12361,53.53373],[58.10687,53.53354],[58.10245,53.53109],[58.10081,53.52886],[58.09846,53.51966],[58.09705,53.51811],[58.08911,53.51624],[58.086,53.51356],[58.08434,53.50917],[58.0787,53.50767],[58.07285,53.50909],[58.06618,53.50726],[58.05944,53.50366],[58.05396,53.50376],[58.04264,53.50042],[58.04318,53.49621],[58.02521,53.49008],[58.02042,53.48545],[58.01728,53.48529],[58.0067,53.49021],[58.00233,53.49473],[58.00161,53.49718],[57.98325,53.50211]],[[57.98482,52.83443],[57.98266,52.82632],[57.97911,52.82313],[57.97731,52.81975],[57.98297,52.81599],[57.98393,52.81228],[57.98741,52.8067],[58.00511,52.79848],[58.01293,52.79668],[58.03036,52.79579],[58.04322,52.79288],[58.04767,52.79305],[58.0589,52.78892],[58.07162,52.7791],[58.07191,52.77859],[58.07237,52.77658],[58.07266,52.77548],[58.07272,52.77522],[58.07282,52.77485],[58.07391,52.7706],[58.07523,52.76496],[58.07795,52.75553],[58.09975,52.74144]],[[57.99231,55.12694],[57.99531,55.12611],[58.00176,55.12945],[58.01909,55.12639],[58.05517,55.10591],[58.07965,55.08787]],[[57.99748,52.06365],[57.99947,52.06374],[58.01477,52.07321],[58.04185,52.06781],[58.0925,52.06737],[58.12617,52.06885],[58.13168,52.07489]],[[58.00676,54.94194],[58.01881,54.94203],[58.02218,54.94085],[58.0279,54.94677],[58.04146,54.95682],[58.05799,54.96233],[58.06121,54.96479],[58.06165,54.96666],[58.06772,54.96831]],[[58.24487,52.18382],[58.11062,52.18494],[58.08814,52.17907],[58.07635,52.17761],[58.06552,52.17872],[58.05824,52.17802],[58.05222,52.17502],[58.0337,52.17824],[58.02497,52.18499],[58.01073,52.18687]],[[58.02056,55.01776],[58.02851,55.01275],[58.06434,54.99852],[58.07416,54.98907],[58.07572,54.98625],[58.07246,54.98424],[58.0705,54.98137],[58.07017,54.97089],[58.06772,54.96831]],[[58.06864,55.95995],[58.05327,55.95625],[58.04393,55.95533]],[[58.05094,52.7813],[58.06086,52.78103],[58.06481,52.7792],[58.06605,52.77851],[58.07282,52.77485],[58.07404,52.7742],[58.07882,52.77159],[58.08034,52.77079],[58.08277,52.77003],[58.10794,52.77206]],[[58.06772,54.96831],[58.07012,54.96806]],[[58.1049,55.9357],[58.1031,55.93812],[58.0778,55.95081],[58.06849,55.95975],[58.06864,55.95995],[58.06946,55.96024],[58.07476,55.96199],[58.07535,55.96245]],[[58.10861,53.87992],[58.09346,53.87561],[58.07733,53.8692]],[[58.07847,52.93778],[58.08237,52.93813],[58.08858,52.93551],[58.10874,52.93572],[58.11145,52.9303],[58.15245,52.92277],[58.17047,52.93425],[58.17524,52.93414]],[[58.07965,55.08787],[58.07466,55.08524],[58.07774,55.08326],[58.08054,55.08368],[58.08637,55.08151],[58.09279,55.07713],[58.09822,55.07636]],[[58.07965,55.08787],[58.08104,55.08684],[58.08542,55.08853],[58.10286,55.09806]],[[58.0863,55.41898],[58.10459,55.409],[58.13761,55.41932],[58.14907,55.41984],[58.15988,55.41757],[58.17149,55.41228],[58.18318,55.41239],[58.19799,55.41586],[58.19828,55.41882],[58.21026,55.42175]],[[58.1197,52.08309],[58.11332,52.09152],[58.10536,52.09717],[58.1015,52.09871],[58.09548,52.09884]],[[58.09572,55.24211],[58.11207,55.24182],[58.1312,55.24434],[58.15249,55.25354]],[[58.09975,52.74144],[58.10008,52.7416]],[[58.09975,52.74144],[58.10084,52.74079]],[[58.23828,55.82463],[58.22768,55.82487],[58.20947,55.82275],[58.19658,55.82414],[58.16725,55.82402],[58.1668,55.82033],[58.1656,55.82002],[58.11793,55.82037],[58.11419,55.81993],[58.10556,55.81954]],[[58.10655,51.7924],[58.111,51.79624],[58.11467,51.79782],[58.14873,51.80537],[58.15258,51.80704],[58.19348,51.8522],[58.19443,51.85272],[58.19632,51.85338],[58.21203,51.85695]],[[58.11105,55.29446],[58.10941,55.29477]],[[58.11105,55.29446],[58.10992,55.29441]],[[58.11046,55.29389],[58.11105,55.29446]],[[58.11085,52.09341],[58.11446,52.09628],[58.12416,52.09901],[58.12753,52.10309],[58.13653,52.10249]],[[58.11105,55.29446],[58.11523,55.29403],[58.11913,55.29517],[58.12193,55.29761],[58.12201,55.30059],[58.12566,55.30301],[58.13716,55.30737],[58.15877,55.31129],[58.17052,55.31476],[58.20651,55.32052],[58.21133,55.32536],[58.24091,55.33772],[58.2493,55.34002]],[[58.11441,55.93551],[58.11067,55.93025],[58.11412,55.92346],[58.11588,55.82016]],[[58.13557,52.97218],[58.11872,52.98431],[58.11107,52.98552],[58.11215,52.98855],[58.1153,52.99058]],[[58.1153,52.99058],[58.12148,52.98897],[58.12549,52.99015],[58.13158,52.99287],[58.13681,52.99873],[58.13826,52.99911]],[[58.16239,55.4474],[58.11988,55.44602]],[[58.18966,56.06236],[58.13321,56.0365]],[[58.13629,55.20538],[58.14316,55.20475],[58.16019,55.20571]],[[58.14255,52.54404],[58.15656,52.55701],[58.16709,52.5644],[58.17101,52.5708]],[[58.14539,51.8046],[58.15824,51.76577],[58.18993,51.77039],[58.19748,51.76747],[58.20776,51.76723],[58.20915,51.76461]],[[58.15697,51.97182],[58.15955,51.96684],[58.16054,51.95987]],[[58.19211,52.09219],[58.16856,52.09793],[58.15876,52.10209]],[[58.16054,51.95987],[58.15723,51.95988],[58.15732,51.95496],[58.15918,51.94848],[58.16326,51.94308],[58.1666,51.94231],[58.16879,51.94009],[58.16848,51.93922]],[[58.16054,51.95987],[58.16788,51.95752],[58.17248,51.9583],[58.20679,51.97087],[58.2965,51.99674],[58.30359,51.99419],[58.30747,51.99464],[58.31275,51.9872],[58.33142,51.97326],[58.3331,51.9702],[58.33154,51.96833],[58.33543,51.96042],[58.33791,51.95903],[58.34768,51.9386]],[[58.28722,52.40427],[58.27135,52.40451],[58.27042,52.40984],[58.26705,52.41426],[58.24098,52.42007],[58.21625,52.43191],[58.20886,52.43959],[58.18457,52.44293],[58.18141,52.44512],[58.17371,52.44652],[58.1733,52.45114],[58.16992,52.45565]],[[58.17327,55.56927],[58.17483,55.57517],[58.17389,55.58],[58.17505,55.5819],[58.19108,55.59565],[58.21767,55.6127],[58.21564,55.61432]],[[58.20279,52.56441],[58.18827,52.56973],[58.17764,52.57111]],[[58.20512,53.17786],[58.20246,53.17555],[58.19118,53.17858],[58.18226,53.17766]],[[58.2551,53.2181],[58.25018,53.22],[58.24294,53.22988],[58.23626,53.23164],[58.22316,53.23118],[58.21373,53.23251],[58.18788,53.2331]],[[58.19713,53.11734],[58.19025,53.12308]],[[58.20982,53.07981],[58.19514,53.07572]],[[58.19721,53.59339],[58.19681,53.59346]],[[58.31072,52.60104],[58.30037,52.60462],[58.29569,52.60801],[58.30825,52.61746],[58.30672,52.62085],[58.30012,52.62514],[58.29479,52.64457],[58.27391,52.68577],[58.2741,52.69731],[58.27293,52.70057],[58.26893,52.70762],[58.25906,52.71812],[58.24762,52.73895],[58.24979,52.74287],[58.24676,52.75558],[58.23794,52.76609],[58.2215,52.77869],[58.22321,52.79101],[58.24213,52.8169],[58.24361,52.82104],[58.24386,52.82778],[58.24223,52.83899],[58.2475,52.84858],[58.25437,52.85546],[58.2564,52.86246],[58.2537,52.86839],[58.23884,52.87381],[58.22304,52.88237],[58.22248,52.8864],[58.21536,52.88999],[58.20555,52.8901]],[[58.20673,55.68593],[58.216,55.68879],[58.226,55.68866],[58.24335,55.69065],[58.24474,55.68977],[58.24621,55.68138],[58.25426,55.67785],[58.29911,55.67865],[58.30239,55.67741],[58.30706,55.6753],[58.32236,55.66874],[58.32745,55.66569],[58.3245,55.66198],[58.32695,55.65986],[58.33414,55.65932],[58.35127,55.65433],[58.3733,55.65527],[58.38526,55.65848],[58.39655,55.65873]],[[58.20834,55.91918],[58.20759,55.91879]],[[58.2193,51.88294],[58.21744,51.86398],[58.21491,51.85994]],[[58.21789,51.86755],[58.223,51.86737],[58.22251,51.85959]],[[58.22895,51.87567],[58.21823,51.87103]],[[58.22722,55.91507],[58.22283,55.91695],[58.21929,55.91679]],[[58.22019,51.88328],[58.2193,51.88294]],[[58.21952,51.88477],[58.2193,51.88294]],[[58.28702,55.81256],[58.28885,55.81346],[58.28561,55.8188],[58.27847,55.82567],[58.26975,55.83211],[58.26996,55.84577],[58.2628,55.85649],[58.26407,55.8743],[58.25649,55.87702],[58.24434,55.87451],[58.23772,55.87149],[58.22069,55.86796]],[[58.22173,53.75606],[58.22597,53.75639],[58.23157,53.75995],[58.23473,53.77368],[58.24166,53.78102],[58.24895,53.7857],[58.25494,53.79266],[58.27129,53.80597],[58.27236,53.80735],[58.27489,53.8124],[58.27596,53.81782],[58.28168,53.82684],[58.28089,53.8301],[58.28163,53.83213],[58.27974,53.8534],[58.28118,53.85768],[58.28365,53.86059],[58.28398,53.86148],[58.28494,53.86453],[58.28562,53.86671],[58.28626,53.86879],[58.28657,53.8694],[58.29244,53.877],[58.29002,53.88794],[58.29642,53.91048]],[[58.29318,53.89956],[58.27738,53.89974],[58.2368,53.90914]],[[58.27538,55.82777],[58.24967,55.82431],[58.24703,55.82167]],[[58.31947,53.3471],[58.31614,53.34759],[58.31506,53.34589],[58.31066,53.34399],[58.29911,53.34315],[58.29006,53.34398],[58.27803,53.34674],[58.26607,53.34615],[58.26074,53.34705],[58.25593,53.34605],[58.25048,53.34283],[58.24961,53.34071]],[[58.25129,53.78828],[58.25153,53.78819]],[[58.55352,55.04426],[58.53451,55.05309],[58.51403,55.06468],[58.51039,55.06928],[58.51216,55.0747],[58.51149,55.07798],[58.50613,55.07774],[58.49969,55.07227],[58.4864,55.0677],[58.48033,55.06786],[58.48206,55.07368],[58.49541,55.09527],[58.48262,55.10359],[58.48483,55.11633],[58.49762,55.12707],[58.50226,55.13371],[58.51003,55.13969],[58.50848,55.14882],[58.49051,55.18453],[58.48987,55.18767],[58.48679,55.20793],[58.49422,55.21926],[58.47179,55.22201],[58.46141,55.23272],[58.45965,55.23718],[58.45956,55.2414],[58.45367,55.25057],[58.43148,55.26223],[58.41519,55.26822],[58.38718,55.28393],[58.38038,55.28511],[58.35851,55.30028],[58.34766,55.30612],[58.33656,55.31572],[58.33342,55.31668],[58.31236,55.3159],[58.30225,55.32091],[58.28427,55.32228],[58.27948,55.32439],[58.27619,55.32872],[58.27059,55.3306],[58.2654,55.33417],[58.25849,55.33684],[58.25276,55.33718],[58.2463,55.34314],[58.23651,55.36313],[58.23398,55.37216],[58.23358,55.37896],[58.23079,55.38141],[58.2299,55.38427],[58.2326,55.38797],[58.22823,55.39905],[58.22721,55.40674],[58.2108,55.42079],[58.21026,55.42175],[58.20842,55.42426],[58.20686,55.42553],[58.20685,55.42791],[58.21951,55.43163],[58.22905,55.43711],[58.23022,55.4515],[58.22845,55.45651],[58.2366,55.46837],[58.23887,55.47372],[58.23824,55.48412],[58.2395,55.48785],[58.23973,55.50025],[58.24232,55.50732],[58.2431,55.51318],[58.24224,55.51922],[58.24855,55.52608],[58.24889,55.53087],[58.2514,55.53469]],[[58.47425,55.59962],[58.46163,55.6027],[58.44254,55.61123],[58.43209,55.61415],[58.4166,55.62489],[58.41718,55.63026],[58.41911,55.6325],[58.41903,55.6339],[58.40609,55.64261],[58.39677,55.65742],[58.39497,55.66823],[58.3908,55.68973],[58.39662,55.69542],[58.41139,55.70024],[58.4133,55.70409],[58.41214,55.70915],[58.41278,55.71098],[58.42727,55.7197],[58.44916,55.74465],[58.44878,55.75303],[58.44739,55.75488],[58.44275,55.75885],[58.44021,55.76792],[58.4541,55.78438],[58.4549,55.78728],[58.45418,55.78886],[58.44358,55.80091],[58.43468,55.808],[58.42201,55.82544],[58.40554,55.83298],[58.39964,55.83307],[58.37741,55.82762],[58.34307,55.83615],[58.33211,55.83673],[58.3124,55.83426],[58.3031,55.83709],[58.3028,55.83825],[58.30793,55.8477],[58.30616,55.85413],[58.3149,55.86195],[58.32824,55.90819],[58.32591,55.90999],[58.27181,55.93174],[58.25901,55.93477],[58.26183,55.94224],[58.26092,55.94582],[58.2664,55.95308]],[[58.26837,55.95239],[58.27211,55.9563],[58.28227,55.96102],[58.30507,55.96863],[58.32905,55.98138],[58.33269,55.98573],[58.3578,56.00289],[58.37577,56.02021],[58.38535,56.03101],[58.3954,56.03952],[58.41698,56.05034],[58.4279,56.0519],[58.44268,56.05719],[58.46747,56.07064],[58.46819,56.08917],[58.47356,56.1034],[58.47396,56.12062],[58.47697,56.12478],[58.50249,56.13028],[58.50567,56.13251],[58.51193,56.13999],[58.51649,56.13927],[58.52883,56.14528],[58.5344,56.1464],[58.54631,56.14205],[58.56293,56.14429],[58.57455,56.14181],[58.58639,56.13494],[58.58574,56.13064],[58.58847,56.12378],[58.59505,56.1238]],[[58.27398,53.81059],[58.27367,53.81073]],[[58.27942,53.82224],[58.27975,53.82195]],[[58.28044,52.39445],[58.28464,52.39321],[58.28875,52.39363]],[[58.28163,53.83213],[58.28117,53.83175]],[[58.37495,55.46446],[58.37274,55.46161],[58.37208,55.45713],[58.35494,55.45581],[58.33322,55.45719],[58.31875,55.4535],[58.30284,55.45401],[58.29823,55.45166],[58.28643,55.43719],[58.2859,55.43608],[58.28751,55.43298],[58.28419,55.43033],[58.2794,55.42892],[58.28106,55.41906],[58.28472,55.41318],[58.2823,55.40716],[58.28164,55.40191],[58.28375,55.38717],[58.28149,55.38159]],[[58.28453,53.86468],[58.28494,53.86453],[58.28539,53.86435]],[[58.28727,52.59846],[58.29345,52.59763],[58.2901,52.59256],[58.2977,52.58837],[58.30025,52.58854]],[[58.28744,52.39775],[58.32406,52.3799],[58.37849,52.38044],[58.40269,52.38302],[58.42432,52.39034],[58.43136,52.39154],[58.45193,52.39392],[58.47036,52.39202],[58.47374,52.39074],[58.47488,52.38717],[58.48027,52.38424],[58.49898,52.37994],[58.5039,52.37705],[58.50709,52.37325],[58.53001,52.36704],[58.54454,52.36575],[58.56014,52.36591],[58.58084,52.36129],[58.59528,52.36055],[58.59494,52.3587],[58.60443,52.35314],[58.60596,52.34541],[58.61527,52.34214],[58.61544,52.34059],[58.62174,52.33753]],[[58.59491,55.40659],[58.57148,55.39449],[58.55331,55.38144],[58.53821,55.3742],[58.52265,55.36248],[58.49623,55.35105],[58.48,55.34684],[58.47426,55.34221],[58.46947,55.33584],[58.46028,55.32737],[58.4483,55.31834],[58.44458,55.31761],[58.43568,55.31863],[58.42032,55.32253],[58.41557,55.32209],[58.40323,55.32392],[58.3872,55.32419],[58.38092,55.32221],[58.37132,55.32171],[58.36801,55.32588],[58.36758,55.33013],[58.36501,55.33165],[58.36479,55.33357],[58.36605,55.33475],[58.3625,55.33622],[58.36041,55.33584],[58.35909,55.33907],[58.35679,55.34097],[58.34718,55.33888],[58.33596,55.34114],[58.3172,55.33669],[58.30895,55.33226],[58.29322,55.33331],[58.2922,55.32532],[58.28855,55.32222]],[[58.29299,55.16989],[58.28888,55.16586]],[[58.29007,52.57172],[58.28965,52.57156]],[[58.28988,52.57143],[58.29007,52.57172]],[[58.29007,52.57172],[58.29834,52.5778],[58.3007,52.58091],[58.30221,52.58649]],[[58.30706,55.6753],[58.29627,55.67162],[58.29413,55.66683]],[[58.2997,52.58818],[58.30031,52.58804]],[[58.31072,52.60104],[58.30409,52.59512],[58.30025,52.58854]],[[58.30025,52.58854],[58.30183,52.58654],[58.31422,52.58621],[58.31998,52.59115]],[[58.30182,55.78753],[58.30865,55.78822],[58.31463,55.79196],[58.32778,55.79757]],[[58.30463,53.40001],[58.30778,53.4],[58.31317,53.3977]],[[58.30619,53.44147],[58.31209,53.43982]],[[58.31417,55.69318],[58.31677,55.68022],[58.30764,55.67508]],[[58.30825,52.61746],[58.31034,52.6126],[58.31907,52.60118],[58.31859,52.59911]],[[58.3097,55.16826],[58.33629,55.17018],[58.34685,55.16685],[58.35006,55.16679]],[[58.31998,52.59115],[58.32316,52.59852],[58.32151,52.59826],[58.31072,52.60104]],[[58.31082,55.51305],[58.31601,55.51127],[58.31945,55.51173],[58.34072,55.52111],[58.36702,55.52903],[58.37122,55.52812]],[[58.31314,53.38758],[58.31431,53.3885],[58.31609,53.39442]],[[58.31481,52.58635],[58.31898,52.58527],[58.32117,52.57725]],[[58.31804,55.55349],[58.34356,55.57038],[58.352,55.57136]],[[58.32964,52.57954],[58.32883,52.58072],[58.32943,52.58771],[58.32788,52.5907],[58.31998,52.59115]],[[58.37237,55.71638],[58.36714,55.71514],[58.35706,55.71551],[58.33885,55.7127],[58.321,55.71625]],[[58.32302,53.45885],[58.32653,53.46233],[58.33425,53.46684],[58.3418,53.46921],[58.34695,53.46863],[58.34883,53.47049],[58.34434,53.47308],[58.34741,53.47915],[58.34878,53.48678],[58.34847,53.49507],[58.34731,53.49633]],[[58.3291,52.49814],[58.33289,52.50138],[58.34344,52.50397],[58.3449,52.50542],[58.34564,52.50897],[58.34466,52.51389],[58.34281,52.5149],[58.33955,52.51581],[58.32749,52.51516]],[[58.32761,52.5005],[58.32522,52.50301],[58.32487,52.50517],[58.32896,52.50891]],[[58.32826,52.57948],[58.32885,52.58045]],[[58.352,55.57136],[58.34723,55.57519],[58.33687,55.5664]],[[58.34548,52.50994],[58.38053,52.51794]],[[58.34811,55.99598],[58.35804,55.99398]],[[58.34865,53.91826],[58.35635,53.91857],[58.36608,53.92153],[58.36387,53.92422],[58.36357,53.92913]],[[58.36357,53.92913],[58.35438,53.92713],[58.34865,53.91826]],[[58.35867,53.91073],[58.34865,53.91826]],[[58.352,55.57136],[58.40114,55.57791],[58.41432,55.58071],[58.45962,55.59145],[58.47425,55.59962]],[[58.44186,51.77338],[58.46752,51.79996],[58.47378,51.80442],[58.47382,51.80574],[58.46808,51.80723],[58.46116,51.80704],[58.44752,51.81705],[58.4453,51.82105],[58.44267,51.8371],[58.43712,51.84539],[58.42418,51.85169],[58.42198,51.85393],[58.42192,51.85593],[58.42502,51.86144],[58.39602,51.87591],[58.37593,51.92002],[58.35657,51.94179],[58.35271,51.94265]],[[58.36357,53.92913],[58.36703,53.93168],[58.37711,53.93036],[58.37851,53.93113],[58.38251,53.94721],[58.38155,53.95013],[58.38963,53.9558]],[[58.36447,53.95927],[58.35312,53.9679],[58.35988,53.97112],[58.37203,53.96292]],[[58.38738,53.95623],[58.38963,53.9558]],[[58.38813,53.95623],[58.38832,53.95605]],[[58.38963,53.9558],[58.38873,53.95644]],[[58.42144,53.96439],[58.41097,53.95914],[58.4031,53.95602],[58.39409,53.94737]],[[58.40005,53.97196],[58.40025,53.97234]],[[58.40005,53.96202],[58.40669,53.96549]],[[58.40025,53.97234],[58.3943,53.97668],[58.39469,53.98095],[58.39305,53.98084],[58.39148,53.98244],[58.40035,53.98769],[58.40401,53.98689],[58.40514,53.9896],[58.4072,53.99034],[58.40762,53.99281]],[[58.40053,53.97202],[58.40025,53.97234]],[[58.40645,53.96566],[58.4021,53.96843]],[[58.404,53.99741],[58.40351,53.99788],[58.40306,53.9979],[58.40318,53.99765],[58.404,53.99741]],[[58.404,53.99741],[58.40588,53.99616]],[[58.40486,53.97071],[58.40499,53.97134]],[[58.40645,53.96566],[58.39983,53.96215],[58.39532,53.96499],[58.3989,53.96684],[58.40545,53.97013]],[[58.40588,53.99616],[58.40621,53.99302],[58.40762,53.99281]],[[58.4069,53.99546],[58.40588,53.99616]],[[58.40762,53.99281],[58.408,53.99537],[58.40629,53.99545]],[[58.40669,53.96549],[58.40645,53.96566]],[[58.41121,53.96267],[58.40669,53.96549]],[[58.4144,53.95211],[58.42607,53.95837],[58.42831,53.95961],[58.42927,53.96021],[58.43214,53.96107],[58.43487,53.96315]],[[58.41791,53.96262],[58.41483,53.96458]],[[58.41837,53.96641],[58.42144,53.96439]],[[58.41939,53.97726],[58.41942,53.97712],[58.4232,53.97482],[58.42338,53.97471],[58.42353,53.97462],[58.42619,53.97303],[58.42839,53.97166]],[[58.44044,53.97864],[58.43539,53.98158],[58.4289,53.97802],[58.42776,53.97737],[58.42617,53.97648],[58.42463,53.97562],[58.42332,53.97488],[58.4232,53.97482],[58.42151,53.97387],[58.4198,53.97292]],[[58.42144,53.96439],[58.4266,53.96077],[58.42831,53.95961],[58.4298,53.95868],[58.43001,53.95849],[58.43078,53.95444]],[[58.43383,53.97175],[58.43281,53.97244],[58.43159,53.97313],[58.43131,53.97334],[58.42648,53.9763],[58.42617,53.97648],[58.42561,53.97682],[58.42463,53.97739],[58.42361,53.97799]],[[58.42839,53.97166],[58.42495,53.96979]],[[58.42546,52.98559],[58.42759,52.98461],[58.43086,52.98608]],[[58.44382,53.98065],[58.44044,53.97864],[58.43543,53.97572],[58.43131,53.97334],[58.4299,53.97253],[58.42839,53.97166]],[[58.5489,53.04349],[58.54415,53.03993],[58.53611,53.03745],[58.5275,53.03276],[58.50793,53.01334],[58.50379,53.00352],[58.48879,52.99436],[58.4853,52.99318],[58.46005,52.99335],[58.44492,52.99093],[58.44042,52.99201],[58.43294,52.98846],[58.43086,52.98608]],[[58.51331,52.86922],[58.50496,52.87745],[58.47423,52.88116],[58.46677,52.88412],[58.45454,52.89312],[58.44417,52.89704],[58.44254,52.899],[58.41967,52.90491],[58.42974,52.92882],[58.42871,52.94369],[58.43265,52.9561],[58.43241,52.96598],[58.43022,52.9693],[58.43069,52.973],[58.42811,52.97738],[58.43086,52.98608]],[[58.43477,52.04638],[58.43753,52.04411],[58.44873,52.04176]],[[58.45965,55.23718],[58.45689,55.23244],[58.45171,55.22692],[58.43527,55.21302]],[[58.43913,55.73415],[58.44105,55.7422]],[[58.44602,55.75605],[58.44301,55.75336],[58.44204,55.74979]],[[58.57788,51.94366],[58.58344,51.95148],[58.58727,51.95416],[58.58912,51.96417],[58.5972,51.96847],[58.6014,51.96829],[58.6012,51.97457],[58.58885,51.97562],[58.5737,51.97842],[58.56556,51.98771],[58.56213,51.98947],[58.51981,51.99883],[58.49907,52.00047],[58.45232,52.03129],[58.45027,52.03448],[58.44632,52.0364]],[[58.44952,55.74717],[58.48432,55.7509],[58.50833,55.7475],[58.53735,55.74637],[58.55415,55.74301],[58.58502,55.72745],[58.59091,55.72608],[58.61169,55.7261],[58.62454,55.72475]],[[58.47251,52.63646],[58.46709,52.63748],[58.45897,52.64239]],[[58.49702,55.45484],[58.51204,55.47207],[58.52401,55.4795],[58.52382,55.4821],[58.5187,55.49358],[58.52154,55.4985],[58.51885,55.50798],[58.50476,55.53427],[58.49606,55.54405],[58.48832,55.54941],[58.48298,55.55743],[58.47945,55.56666],[58.47819,55.57663],[58.47634,55.58133],[58.47654,55.59851],[58.47425,55.59962]],[[58.48912,52.30579],[58.4858,52.31046],[58.48874,52.31566],[58.48951,52.32863],[58.48618,52.33671],[58.48465,52.34878],[58.49224,52.35614],[58.48115,52.35886],[58.47501,52.36478],[58.47179,52.37659],[58.46905,52.38233],[58.47488,52.38717]],[[58.511,52.26957],[58.50564,52.28672],[58.49862,52.29386],[58.49493,52.30417],[58.48127,52.30771]],[[58.4998,54.05568],[58.50168,54.06105],[58.50022,54.06663],[58.49451,54.07181],[58.49309,54.07635],[58.48974,54.07826],[58.48765,54.08171],[58.48269,54.08141]],[[58.5429,52.8385],[58.53295,52.83159],[58.53204,52.82988],[58.52796,52.82794],[58.52413,52.82216],[58.51326,52.81343],[58.51163,52.81194],[58.50991,52.81017],[58.50929,52.80955],[58.50893,52.80925],[58.49707,52.80388],[58.49333,52.80054],[58.49375,52.79839]],[[58.51331,52.86922],[58.50099,52.86111],[58.49483,52.85497]],[[58.64638,52.7114],[58.57654,52.70683],[58.5712,52.70542],[58.56765,52.69933],[58.56275,52.68112],[58.55764,52.66943],[58.57992,52.65471],[58.58789,52.64482],[58.58909,52.64005],[58.58864,52.63508],[58.58667,52.62555],[58.58503,52.62244],[58.58467,52.61335],[58.58243,52.60933],[58.58729,52.58623],[58.58809,52.58418],[58.59672,52.58025],[58.60152,52.57084],[58.61342,52.56237],[58.61791,52.55531],[58.62328,52.5511],[58.62628,52.54379],[58.62606,52.54197],[58.62389,52.53847],[58.61446,52.53757],[58.61076,52.53377],[58.60542,52.53126],[58.5916,52.52702],[58.57088,52.51143],[58.53112,52.47666],[58.52403,52.47421],[58.52162,52.47171],[58.52301,52.46894],[58.49505,52.38084]],[[58.50048,55.45407],[58.49481,55.44136],[58.49825,55.4397]],[[58.49964,52.80993],[58.50929,52.80955],[58.51465,52.80948],[58.51535,52.80939],[58.53649,52.80296],[58.54918,52.8019],[58.55983,52.79347],[58.56159,52.79005],[58.56147,52.78113],[58.5645,52.77811],[58.59744,52.77042],[58.61247,52.76351],[58.61755,52.75493],[58.61955,52.75373],[58.62966,52.75233],[58.64093,52.75362]],[[58.50032,55.53986],[58.50352,55.54273],[58.51041,55.54485],[58.52019,55.54294],[58.5698,55.55313],[58.58419,55.55988],[58.59465,55.56136],[58.61087,55.56988],[58.66555,55.59016],[58.66838,55.59107],[58.67495,55.59075],[58.67731,55.59146],[58.67782,55.59159],[58.68087,55.59259]],[[58.50496,52.87745],[58.5077,52.87722]],[[58.5361,52.85679],[58.52124,52.86364],[58.51331,52.86922]],[[58.51531,53.28752],[58.53029,53.28592],[58.53948,53.28376],[58.55337,53.28419],[58.5683,53.28196],[58.57528,53.28679],[58.58113,53.28799],[58.60332,53.28469],[58.6103,53.28185],[58.62627,53.28304],[58.66641,53.27658],[58.6804,53.27103],[58.69138,53.27067],[58.69286,53.26961],[58.70955,53.26697],[58.72876,53.26501],[58.75381,53.26728],[58.75653,53.26829],[58.75835,53.27049],[58.77123,53.26932],[58.7781,53.26683]],[[58.51772,53.33464],[58.52117,53.34411]],[[58.52313,55.02514],[58.53187,55.02753],[58.54321,55.03729],[58.55352,55.04426]],[[58.55735,53.05871],[58.55221,53.05532],[58.54847,53.05018],[58.54254,53.04467],[58.53309,53.0384],[58.52985,53.0344]],[[58.58425,54.21345],[58.5833,54.20906],[58.58415,54.20162],[58.59136,54.19382],[58.60188,54.18784],[58.62866,54.19856],[58.63426,54.20143],[58.63814,54.20486],[58.65002,54.21078],[58.67588,54.22145],[58.67542,54.22401],[58.68187,54.22745],[58.68194,54.23173],[58.69587,54.24114],[58.69798,54.24434],[58.6982,54.24691],[58.7039,54.25563],[58.71812,54.26296],[58.73241,54.27377],[58.73514,54.27945],[58.73197,54.28504],[58.73175,54.29174],[58.74332,54.30312],[58.74686,54.3137],[58.75163,54.3178],[58.75357,54.32393],[58.76321,54.32657],[58.76613,54.33028],[58.76519,54.33942],[58.75823,54.3493],[58.74513,54.36153],[58.74511,54.36641],[58.73706,54.37382],[58.71858,54.38502],[58.70702,54.39898],[58.70082,54.40433],[58.67108,54.4125],[58.65952,54.41393],[58.62919,54.41349],[58.62121,54.41049],[58.59889,54.40576],[58.59425,54.40326],[58.57676,54.38568],[58.57313,54.38369],[58.56578,54.38332],[58.54804,54.38547],[58.54555,54.38478],[58.53929,54.37937],[58.53894,54.37765],[58.5364,54.37529],[58.53625,54.36798],[58.53366,54.36596]],[[58.5361,52.85679],[58.53224,52.85085],[58.53283,52.84824],[58.53156,52.83856],[58.53939,52.8377],[58.56061,52.84517]],[[58.64093,52.75362],[58.64531,52.75439],[58.64623,52.77065],[58.6424,52.78699],[58.6398,52.79008],[58.62928,52.79486],[58.62432,52.80513],[58.62182,52.80746],[58.59721,52.8149],[58.57875,52.83333],[58.57204,52.83784],[58.56365,52.84164],[58.56305,52.84224],[58.56092,52.84482],[58.5608,52.84496],[58.56061,52.84517],[58.56042,52.84536],[58.55119,52.85292],[58.5361,52.85679]],[[58.74158,55.10787],[58.7331,55.10284],[58.72538,55.10009],[58.71181,55.0995],[58.67828,55.08877],[58.65462,55.08467],[58.64665,55.08134],[58.64372,55.07886],[58.63489,55.07579],[58.62637,55.08028],[58.61891,55.08138],[58.59727,55.07103],[58.58541,55.06089],[58.57388,55.05502],[58.55917,55.04367],[58.55352,55.04426]],[[58.57788,51.94366],[58.58141,51.94619],[58.58576,51.94648],[58.5909,51.93991],[58.59123,51.93755],[58.59363,51.93588],[58.61795,51.93443],[58.62829,51.93179],[58.64102,51.93221],[58.67072,51.93618],[58.67708,51.93341],[58.68214,51.9263],[58.68553,51.92511],[58.71657,51.92856],[58.71829,51.91334],[58.72559,51.89882],[58.7319,51.89157],[58.73849,51.87438],[58.74186,51.87009],[58.73595,51.8585],[58.74515,51.85552],[58.75747,51.85649]],[[58.61811,51.67043],[58.59491,51.68565],[58.55288,51.69306],[58.56018,51.71009],[58.56027,51.72939],[58.56461,51.75713],[58.58397,51.78075],[58.59924,51.79126],[58.60346,51.79651],[58.59512,51.80413],[58.59267,51.80832],[58.58028,51.81837],[58.56038,51.83715],[58.54902,51.86586],[58.54629,51.88077],[58.54538,51.89653],[58.55527,51.91869],[58.55994,51.92496],[58.56981,51.93323],[58.57788,51.94366]],[[58.58274,53.58988],[58.58465,53.59]],[[58.58841,53.58981],[58.58593,53.59006],[58.58582,53.59007],[58.58465,53.59]],[[58.58465,53.59],[58.5858,53.58993],[58.58841,53.58981]],[[58.58593,53.59006],[58.58592,53.58992]],[[58.60698,55.40424],[58.60007,55.41488],[58.58976,55.41567],[58.58633,55.41356]],[[58.58841,53.58981],[58.59332,53.58962]],[[58.69382,55.76445],[58.66727,55.76865],[58.64523,55.76778],[58.63189,55.76516],[58.62947,55.76084],[58.61007,55.74962],[58.59945,55.75184],[58.59483,55.75431],[58.59287,55.75357]],[[58.5939,53.58972],[58.59332,53.58962]],[[58.59332,53.58962],[58.59376,53.58946]],[[58.5972,51.97505],[58.59754,51.98603],[58.61895,51.99823],[58.62073,52.01793],[58.62604,52.02817],[58.62258,52.0469],[58.61724,52.05093],[58.61599,52.05431],[58.61643,52.06809],[58.61491,52.07324],[58.60851,52.08206],[58.59448,52.08477]],[[58.59514,53.59079],[58.60083,53.58995],[58.60447,53.58556],[58.62119,53.57117],[58.62496,53.56438]],[[58.59718,53.59354],[58.60112,53.59492],[58.60221,53.59546],[58.60513,53.59745],[58.61236,53.59874]],[[58.59816,53.59391],[58.59789,53.59405]],[[58.60698,55.40424],[58.59955,55.40285]],[[58.60034,53.59018],[58.60168,53.59141]],[[58.68894,55.88724],[58.6555,55.90273],[58.63822,55.91614],[58.6088,55.93254],[58.6039,55.93718],[58.60301,55.93949]],[[58.60385,53.60598],[58.60331,53.60984],[58.60439,53.61353],[58.607,53.61544],[58.61165,53.62358],[58.61457,53.6263]],[[58.67501,55.41683],[58.62932,55.41155],[58.6129,55.40773],[58.61039,55.40494],[58.60698,55.40424]],[[58.70632,55.76665],[58.69872,55.76539],[58.69572,55.76482],[58.69382,55.76445],[58.693,55.76427],[58.67273,55.7604],[58.67019,55.75952],[58.66865,55.75822],[58.66853,55.75579],[58.64967,55.74352],[58.62454,55.72475]],[[58.62454,55.72475],[58.6226,55.72264],[58.62301,55.71531],[58.6203,55.71152],[58.62086,55.70785],[58.62758,55.69916],[58.63352,55.68356],[58.63788,55.65957]],[[58.62572,55.80394],[58.62833,55.8026],[58.63583,55.80389],[58.65399,55.80339],[58.68722,55.81344],[58.72796,55.81569]],[[58.62758,53.79646],[58.63402,53.8027],[58.63714,53.811],[58.64421,53.81124]],[[58.64093,52.75362],[58.6418,52.74868],[58.64013,52.74465]],[[58.64418,52.73752],[58.6402,52.72761],[58.64221,52.72135],[58.6448,52.72001],[58.64307,52.71483],[58.64638,52.7114]],[[58.64894,52.70999],[58.64638,52.7114]],[[58.65162,52.71726],[58.65553,52.71741]],[[58.66015,52.71547],[58.65996,52.71545],[58.65273,52.70899]],[[58.65362,52.70662],[58.65862,52.71098],[58.65978,52.71196],[58.66119,52.71319],[58.66263,52.7144],[58.66405,52.71563],[58.66712,52.71577]],[[58.65414,52.69038],[58.65779,52.68067]],[[58.65487,52.72233],[58.65553,52.71741]],[[58.67505,52.69754],[58.66864,52.69294],[58.66759,52.69148],[58.65532,52.69026],[58.65511,52.69282]],[[58.65553,52.71741],[58.66015,52.71547],[58.66026,52.71542],[58.66031,52.7154],[58.66048,52.71532],[58.66252,52.71445],[58.66263,52.7144],[58.66349,52.71409],[58.6638,52.71407],[58.66858,52.71433],[58.67057,52.71441],[58.67308,52.71454],[58.67555,52.71466],[58.67806,52.7148]],[[58.65874,52.72067],[58.65878,52.72247],[58.66281,52.72491],[58.66585,52.72514]],[[58.6589,52.71941],[58.65925,52.71772],[58.66169,52.71665]],[[58.65998,52.71553],[58.65996,52.71545]],[[58.66026,52.71542],[58.66292,52.71768],[58.66651,52.7179]],[[58.66033,52.7153],[58.66048,52.71532]],[[58.66108,52.72599],[58.66281,52.72491]],[[58.70036,52.82503],[58.69312,52.82814],[58.68537,52.83768],[58.66689,52.84499]],[[58.67057,52.6943],[58.67916,52.68912],[58.68101,52.69022]],[[58.67137,52.72685],[58.67187,52.72366],[58.67272,52.71717],[58.67308,52.71454],[58.67324,52.71342],[58.67339,52.71226],[58.67348,52.71188]],[[58.6756,53.49907],[58.68676,53.49903],[58.7082,53.50851],[58.72403,53.51774],[58.72679,53.52028],[58.72753,53.52354],[58.73187,53.52632],[58.72624,53.53819],[58.72288,53.54086],[58.72165,53.54348],[58.71894,53.54491],[58.71473,53.54577],[58.704,53.54267],[58.68185,53.54481]],[[58.68087,55.59259],[58.67736,55.59361],[58.67748,55.5959],[58.67597,55.59884]],[[58.67716,52.72117],[58.67822,52.71415]],[[58.67736,55.59361],[58.67731,55.59146]],[[58.67793,55.16073],[58.67755,55.15667],[58.67135,55.15093],[58.67163,55.1485],[58.68234,55.14291],[58.7147,55.13239],[58.71627,55.13106],[58.71717,55.12579],[58.72187,55.12358],[58.72897,55.1219],[58.74504,55.12538],[58.75274,55.1282],[58.76063,55.12853]],[[58.68961,52.72783],[58.68049,52.72734]],[[58.84871,55.51767],[58.84372,55.5279],[58.84581,55.53244],[58.8462,55.53652],[58.84268,55.54411],[58.84057,55.55575],[58.83816,55.55962],[58.83224,55.56439],[58.82819,55.57],[58.81934,55.57179],[58.809,55.57094],[58.78803,55.58356],[58.77605,55.5861],[58.7708,55.58551],[58.73764,55.58926],[58.70859,55.58897],[58.68087,55.59259]],[[58.68643,55.91158],[58.71443,55.9154]],[[58.6878,55.95507],[58.68766,55.95522]],[[58.68987,52.72771],[58.69173,52.72171]],[[58.70525,52.72995],[58.69007,52.72784]],[[58.69007,52.72784],[58.68988,52.72798],[58.68961,52.72783],[58.68987,52.72771],[58.69007,52.72784]],[[58.6946,52.40556],[58.78389,52.39772]],[[58.72001,53.58414],[58.71921,53.58823],[58.72091,53.5922],[58.7201,53.6001],[58.70387,53.61046],[58.69976,53.6185]],[[58.71262,53.03484],[58.72716,53.02793],[58.73042,53.02796]],[[58.72121,52.557],[58.80985,52.55713],[58.81096,52.5586],[58.81351,52.55888]],[[58.73004,53.46299],[58.72519,53.45425]],[[58.73351,55.30981],[58.76268,55.31661],[58.77045,55.31947],[58.82134,55.3275],[58.89745,55.32741],[58.94644,55.32274],[58.96837,55.3446],[58.98394,55.3514],[58.98534,55.35346],[58.98467,55.35612],[59.01307,55.36506],[59.03426,55.3686],[59.03804,55.36958],[59.04077,55.36985],[59.04301,55.37033],[59.07098,55.36493],[59.07448,55.36275],[59.09769,55.36025],[59.13866,55.34526],[59.1386,55.34336],[59.13674,55.3412]],[[58.93879,55.6189],[58.90896,55.62084],[58.88763,55.60964],[58.87885,55.60867],[58.8705,55.61181],[58.87056,55.61446],[58.83575,55.63258],[58.82141,55.6414],[58.78408,55.65397],[58.77102,55.65472],[58.74851,55.65205],[58.73883,55.64926],[58.73394,55.6459]],[[58.7485,53.74864],[58.7519,53.75249],[58.76985,53.75554],[58.77417,53.75833],[58.77573,53.76194],[58.81725,53.76221]],[[58.78714,53.38737],[58.78792,53.3875]],[[58.85634,53.38554],[58.84957,53.38191],[58.80019,53.38242],[58.78984,53.38497],[58.78751,53.38743]],[[58.79852,54.06579],[58.80209,54.05563],[58.79185,54.0459],[58.79105,54.0404],[58.795,54.03654],[58.78948,54.02627],[58.79154,54.01992],[58.79066,54.01657],[58.80263,54.01405],[58.81211,54.01842],[58.81548,54.01869],[58.82152,54.01484],[58.8274,54.01395],[58.83031,54.0118],[58.83613,54.00988],[58.8384,54.00841],[58.83973,54.00579]],[[58.80128,53.63278],[58.81155,53.637],[58.80605,53.64133],[58.81888,53.6458],[58.8221,53.65171],[58.82198,53.65687],[58.81991,53.66097],[58.81692,53.6638],[58.81207,53.66613],[58.80763,53.67089],[58.81821,53.68661],[58.8169,53.69392],[58.83179,53.70948],[58.83468,53.71827],[58.83914,53.72064],[58.84596,53.72764],[58.84499,53.73124],[58.84231,53.73362],[58.84379,53.73833],[58.84161,53.73981],[58.84141,53.7458],[58.83834,53.75467],[58.81725,53.76221]],[[58.80128,53.28076],[58.80942,53.27839],[58.85952,53.27701],[58.88616,53.28229],[58.88594,53.28512],[58.88714,53.28546]],[[58.85729,53.85534],[58.84524,53.86127],[58.83209,53.85778],[58.81912,53.85133],[58.81384,53.8505],[58.81074,53.85282]],[[58.81923,55.72975],[58.81592,55.72516],[58.80873,55.72041],[58.80526,55.7195],[58.80511,55.71863],[58.80969,55.71739],[58.81175,55.71549]],[[58.81527,53.61983],[58.80963,53.61366],[58.8103,53.61136],[58.81287,53.61071]],[[58.81725,53.76221],[58.83434,53.77759],[58.85088,53.79903],[58.86436,53.8078],[58.87543,53.81774],[58.87661,53.82134],[58.87707,53.83238],[58.87513,53.84673],[58.86476,53.8528],[58.85729,53.85534]],[[58.82555,53.39894],[58.82689,53.39896]],[[58.85634,53.38554],[58.85123,53.38829],[58.83618,53.39025],[58.83315,53.39509],[58.82982,53.39777],[58.82617,53.39895]],[[58.83211,53.99618],[58.83341,53.99223],[58.84394,53.98616],[58.8556,53.98461],[58.86713,53.97963],[58.86956,53.97697],[58.8637,53.96897],[58.86141,53.96319],[58.85826,53.96015],[58.84763,53.95766],[58.84441,53.95255],[58.83762,53.93662],[58.83963,53.92936],[58.8392,53.92051],[58.86716,53.91233],[58.8763,53.91316],[58.88491,53.9122],[58.8955,53.90776]],[[58.83594,55.23434],[58.85344,55.25712],[58.86415,55.26721],[58.87042,55.2845],[58.87687,55.29766],[58.87859,55.29911]],[[58.84859,55.51838],[58.84936,55.51833]],[[58.85634,53.38554],[58.86724,53.39252],[58.86715,53.3938],[58.86417,53.39572],[58.86516,53.3974]],[[58.8955,53.90776],[58.89633,53.90677],[58.8959,53.90158],[58.88607,53.89642],[58.88495,53.8933],[58.8777,53.88554],[58.87267,53.88349],[58.87644,53.88237],[58.86888,53.87693],[58.87093,53.87355],[58.86971,53.87075],[58.86272,53.86521],[58.86007,53.85824],[58.85729,53.85534]],[[58.93958,54.05523],[58.94322,54.05019],[58.95373,54.04538],[58.96574,54.04289],[58.99562,54.04011],[59.00036,54.0384],[59.00215,54.03653],[59.00269,54.03393],[58.99911,54.02955],[58.99881,54.02774],[59.00548,54.02516],[59.00558,54.02183],[59.00192,54.01856],[58.99332,54.01542],[58.97587,54.01432],[58.95443,54.01456],[58.94697,54.01148],[58.9364,54.00366],[58.91944,53.99453],[58.89415,53.98576],[58.87819,53.98617],[58.87536,53.98508],[58.86835,53.97858]],[[58.8955,53.90776],[58.91895,53.89424],[58.92268,53.89347]],[[59.31263,56.13374],[59.31423,56.12674],[59.31331,56.1248],[59.30095,56.11428],[59.28996,56.10951],[59.27421,56.09306],[59.26791,56.08872],[59.26388,56.08186],[59.24517,56.06575],[59.23674,56.06093],[59.23087,56.05283],[59.22809,56.04187],[59.21681,56.0338],[59.21351,56.02776],[59.20831,56.00861],[59.21848,55.99704],[59.21944,55.99294],[59.21326,55.98071],[59.21481,55.96247],[59.20045,55.93269],[59.20523,55.92578],[59.20353,55.9223],[59.19349,55.9134],[59.19273,55.90484],[59.14423,55.87035],[59.11199,55.8618],[59.10151,55.85831],[59.09829,55.85599],[59.09186,55.8465],[59.094,55.841],[59.08872,55.83043],[59.07927,55.82055],[59.06939,55.81435],[59.05993,55.81174],[59.05545,55.80893],[59.03614,55.80706],[59.01785,55.79974],[59.01155,55.80056],[59.00881,55.79822],[58.99812,55.79491],[58.98432,55.78466],[58.98227,55.78202],[58.96755,55.77616],[58.96588,55.77356],[58.96662,55.76666],[58.95841,55.75698],[58.95566,55.75202],[58.95446,55.74204],[58.93248,55.7233],[58.92775,55.71787]],[[58.99315,55.69931],[58.98826,55.70366],[58.95383,55.71443],[58.94704,55.71556],[58.94244,55.71403]],[[58.95688,55.65638],[58.96104,55.65619],[58.97367,55.64346],[58.97517,55.64098],[58.976,55.63593],[58.98113,55.63009],[59.00073,55.61537],[59.01331,55.60218],[59.0606,55.60658],[59.06576,55.60645],[59.06725,55.6054]],[[58.99315,55.69931],[58.99296,55.69901]],[[58.99324,55.69895],[58.99315,55.69931]],[[59.01331,55.60218],[59.02332,55.5906],[59.02509,55.58562],[59.02506,55.57924],[59.02054,55.57074],[59.01998,55.56222],[59.0207,55.55864],[59.02581,55.5567],[59.02369,55.55275],[59.0242,55.54466],[59.03786,55.54122],[59.05036,55.54165],[59.05746,55.53894],[59.05783,55.53508],[59.0687,55.53728],[59.07971,55.5373],[59.0842,55.53595],[59.09996,55.53921],[59.151,55.5325],[59.15555,55.53008],[59.15997,55.52328],[59.15993,55.52011],[59.16113,55.51884]],[[59.01959,55.69505],[59.02305,55.69441],[59.02878,55.69638],[59.04841,55.69618],[59.05065,55.69531],[59.05695,55.68764],[59.07707,55.68717],[59.09533,55.68452],[59.09938,55.68304],[59.10265,55.68094],[59.10601,55.67045],[59.10417,55.66855],[59.0974,55.66615],[59.09756,55.6651],[59.11241,55.66335],[59.11952,55.66122],[59.1617,55.63388],[59.17293,55.62296],[59.19272,55.61062],[59.19427,55.61],[59.19625,55.60932],[59.19898,55.60892],[59.23653,55.60716],[59.2566,55.60812],[59.27212,55.60384],[59.27659,55.60165],[59.27706,55.59331],[59.28848,55.59432],[59.31164,55.58937],[59.32308,55.57541],[59.32574,55.56732],[59.33835,55.56126],[59.34863,55.56127],[59.35888,55.55805],[59.375,55.55779],[59.39299,55.55454],[59.42267,55.55492],[59.4438,55.55767],[59.46692,55.55192],[59.47227,55.54773],[59.48113,55.54399],[59.49663,55.54583]],[[59.04058,55.36983],[59.04223,55.37307],[59.04255,55.38072],[59.03507,55.38723],[59.03579,55.3902],[59.03461,55.39358],[59.02489,55.39787],[59.02958,55.3996],[59.03475,55.40384],[59.07292,55.41748],[59.07393,55.42392]],[[59.06235,54.06667],[59.06167,54.06935],[59.07018,54.078],[59.06964,54.08464],[59.07134,54.08657],[59.07075,54.08934],[59.07176,54.09749]],[[59.06235,54.06667],[59.0623,54.05509],[59.06725,54.05282],[59.07596,54.05136],[59.07936,54.04939]],[[59.06235,54.06667],[59.07887,54.05226],[59.07936,54.04939]],[[59.07936,54.04939],[59.08672,54.04704],[59.08885,54.04457],[59.09561,54.04073],[59.10007,54.03205],[59.10491,54.02546],[59.11216,54.00506],[59.11424,54.00272],[59.11268,54.00001],[59.10849,53.99715],[59.10386,53.98847],[59.0975,53.98646],[59.09893,53.98231]],[[59.11291,54.12434],[59.11646,54.12042],[59.12738,54.12147]],[[59.13846,54.26159],[59.11819,54.25244],[59.11295,54.24469],[59.11058,54.23895],[59.09835,54.22964],[59.09599,54.22339],[59.09762,54.21051],[59.10732,54.20239],[59.08034,54.18618],[59.06198,54.18155],[59.04748,54.17637],[59.03096,54.17867],[59.02206,54.19556],[59.02189,54.19817],[59.06312,54.24319],[59.06692,54.24581],[59.08633,54.25129],[59.09594,54.25257],[59.11842,54.25261]],[[59.15849,54.19378],[59.16481,54.19531],[59.17271,54.19564],[59.18274,54.19876],[59.18781,54.19648],[59.19513,54.19523],[59.207,54.19524],[59.21477,54.197],[59.23582,54.20805],[59.24408,54.20846],[59.24561,54.21425],[59.24499,54.21955],[59.25694,54.22846],[59.26245,54.23723],[59.26468,54.24292],[59.26536,54.24908],[59.28326,54.26594],[59.29851,54.27232],[59.30748,54.27295],[59.32064,54.27885],[59.33509,54.27966],[59.35841,54.29155],[59.3793,54.30649]],[[59.25871,55.65435],[59.22929,55.65255],[59.21828,55.65316],[59.21852,55.65009],[59.21065,55.64665],[59.20966,55.64228],[59.21076,55.63978],[59.20069,55.62333],[59.19839,55.62179],[59.19803,55.61725],[59.19572,55.61188],[59.19368,55.61025]],[[59.25586,54.37046],[59.2529,54.36766],[59.25771,54.3637],[59.26493,54.3658],[59.29095,54.36779],[59.31145,54.36576],[59.33551,54.35292],[59.34549,54.34462]],[[59.31959,54.40826],[59.33638,54.42081],[59.35823,54.44095],[59.35943,54.44693],[59.38065,54.45805],[59.38138,54.46337],[59.37879,54.47468],[59.38282,54.48071],[59.37545,54.48696],[59.35422,54.49135],[59.34908,54.49444],[59.33932,54.49589],[59.3379,54.49733],[59.32731,54.50133],[59.31665,54.51466],[59.31345,54.51664],[59.30627,54.51842],[59.29174,54.52579],[59.28517,54.53312],[59.27793,54.53863],[59.27728,54.54326],[59.27599,54.54468],[59.27136,54.54678],[59.26282,54.54845]],[[59.31959,54.40826],[59.3112,54.4123],[59.3051,54.40941]],[[59.42137,54.3678],[59.41636,54.36912],[59.40952,54.37348],[59.40378,54.38135],[59.39958,54.38357],[59.39142,54.39096],[59.37879,54.39644],[59.36664,54.39906],[59.34598,54.39996],[59.33325,54.40267],[59.33016,54.40473],[59.31959,54.40826]],[[59.3686,54.31837],[59.37194,54.31913],[59.37795,54.31698]],[[59.37318,54.31257],[59.3864,54.31563]],[[59.37923,54.3173],[59.37489,54.32372]],[[59.38834,54.31279],[59.38512,54.31752]],[[59.38783,54.31267],[59.39214,54.30792],[59.39274,54.30492],[59.38644,54.3024]],[[59.39385,54.40679],[59.3936,54.39876],[59.38871,54.39228]],[[59.40316,54.2863],[59.40019,54.2831],[59.39924,54.2879]],[[59.40019,54.2831],[59.4003,54.28239]],[[59.41388,54.35706],[59.41705,54.36072],[59.41533,54.36345],[59.42137,54.3678]],[[59.42137,54.3678],[59.42706,54.36982],[59.42797,54.37243],[59.43605,54.37554],[59.44496,54.37429],[59.45284,54.3758]],[[59.43439,54.3639],[59.44392,54.35898],[59.44509,54.35548],[59.45558,54.35507],[59.4942,54.3459],[59.51161,54.34506],[59.52374,54.34613],[59.54562,54.34581],[59.54978,54.34404]],[[59.44671,54.28469],[59.44399,54.28604],[59.43698,54.28515]],[[59.49507,55.54547],[59.49913,55.5371],[59.50035,55.51851],[59.49287,55.51127],[59.48402,55.5076],[59.47578,55.50567],[59.47028,55.49841],[59.46553,55.49722],[59.46189,55.49431],[59.45217,55.48063],[59.45234,55.47908],[59.457,55.47338],[59.45386,55.4681],[59.45458,55.46768]],[[59.53511,54.18424],[59.52556,54.18988],[59.52248,54.19471],[59.5163,54.20062],[59.5107,54.20259],[59.5003,54.2085],[59.50122,54.20936],[59.4981,54.21049],[59.49878,54.21179]],[[59.50068,54.13608],[59.50118,54.14561],[59.51334,54.15999],[59.52504,54.17873],[59.52767,54.18052],[59.53394,54.18365],[59.53511,54.18424],[59.54994,54.19179],[59.55218,54.19294],[59.56318,54.19742]],[[59.52284,54.42637],[59.5437,54.41681]],[[59.56369,54.45471],[59.5535,54.46365],[59.53914,54.46747],[59.52593,54.48166]],[[59.56318,54.19742],[59.58206,54.2012]],[[59.56318,54.19742],[59.57102,54.20255],[59.593,54.20954],[59.59719,54.21399],[59.60596,54.20951]],[[59.56986,54.45975],[59.57649,54.45842],[59.58945,54.45237],[59.59532,54.45093],[59.61089,54.45241],[59.63502,54.4508],[59.64128,54.44948],[59.69444,54.42981]],[[59.58206,54.2012],[59.61001,54.2107],[59.62533,54.2125],[59.62017,54.20631],[59.59867,54.19898],[59.59187,54.19737],[59.58558,54.19876],[59.58206,54.2012]],[[59.70884,54.63271],[59.7153,54.63415],[59.72215,54.63287]],[[59.72215,54.63287],[59.71473,54.63813],[59.70782,54.64519],[59.6957,54.64975],[59.68237,54.66357],[59.67771,54.6652],[59.67245,54.67025],[59.67364,54.67546],[59.67586,54.67909],[59.6856,54.69069],[59.68928,54.69313],[59.6966,54.70354],[59.70588,54.7111],[59.7142,54.71351],[59.71779,54.71607],[59.72184,54.72536],[59.7252,54.72862],[59.7343,54.73252],[59.73629,54.73398],[59.73673,54.73643],[59.74612,54.74486],[59.76561,54.75576],[59.77199,54.76656],[59.78201,54.77431],[59.79212,54.77552],[59.80024,54.77976],[59.80554,54.78066],[59.8162,54.78236],[59.82386,54.78376],[59.83063,54.78483],[59.84166,54.78512],[59.84965,54.79257]],[[59.72766,54.60864],[59.72454,54.62276],[59.72497,54.62529],[59.7279,54.62948],[59.72215,54.63287]],[[59.72766,54.60864],[59.72873,54.60879]],[[59.72842,54.60799],[59.72766,54.60864]],[[59.94463,54.57149],[59.94069,54.57553],[59.87,54.59241],[59.83717,54.61051],[59.81608,54.62069],[59.80979,54.62675],[59.79346,54.62888],[59.77888,54.62785]],[[59.81912,54.76493],[59.80973,54.76914],[59.80484,54.77741],[59.80554,54.78066],[59.80543,54.78266],[59.80301,54.78664],[59.80324,54.79151],[59.79817,54.80008],[59.7982,54.80476],[59.78768,54.81441],[59.78594,54.82401],[59.79581,54.83503],[59.79414,54.83713]],[[59.79811,54.75927],[59.80345,54.7572],[59.80843,54.75769],[59.81912,54.76493]],[[59.82251,54.67956],[59.82142,54.681],[59.82266,54.68554],[59.81966,54.68777],[59.81512,54.69699],[59.81073,54.70049],[59.81519,54.70668],[59.8162,54.70995],[59.82088,54.71533],[59.82101,54.72124],[59.82608,54.72681],[59.83704,54.73376],[59.84205,54.73855],[59.8442,54.7427],[59.84231,54.7505],[59.83905,54.7537],[59.82767,54.75772],[59.81912,54.76493]],[[59.82141,54.7636],[59.83053,54.76585],[59.84972,54.77648],[59.85896,54.77671]],[[59.91469,54.83678],[59.91119,54.83811],[59.90355,54.83691],[59.88883,54.828],[59.87753,54.81598],[59.87728,54.81435],[59.87931,54.81263],[59.87697,54.80672],[59.87129,54.80346],[59.8569,54.7991],[59.84965,54.79257]],[[59.84965,54.79257],[59.85292,54.78529],[59.85896,54.77671]],[[59.85896,54.77671],[59.86306,54.7715],[59.86835,54.76903],[59.87851,54.77025],[59.88867,54.76937],[59.89338,54.77028],[59.91122,54.76362],[59.91702,54.7634],[59.9385,54.75884]],[[55.93233,53.80876],[55.93217,53.80873],[55.93213,53.80864],[55.93241,53.8086],[55.93233,53.80876]],[[55.93538,53.80924],[55.93523,53.80922],[55.93518,53.80912],[55.93547,53.80908],[55.93538,53.80924]],[[56.80357,54.3939],[56.80494,54.39383],[56.80521,54.39419],[56.80427,54.39432],[56.80357,54.3939]]]}},{"type":"Feature","properties":{"roadClass":"trunk"},"geometry":{"type":"MultiLineString","coordinates":[[[53.41431,54.47064],[53.43273,54.46033],[53.44883,54.44269],[53.45218,54.44027],[53.47459,54.43275],[53.48845,54.43164],[53.49332,54.43276],[53.50335,54.43864],[53.51054,54.44095],[53.56273,54.44484],[53.58227,54.44769],[53.6122,54.44796],[53.66938,54.45562],[53.71044,54.45656],[53.71871,54.45798],[53.76086,54.47031],[53.79951,54.47073],[53.86775,54.48417],[53.91511,54.48545],[53.92484,54.48665],[53.9325,54.49015],[53.94524,54.5034],[53.95272,54.50916],[53.96069,54.51278],[53.97002,54.51392],[54.02598,54.51395],[54.03687,54.51506],[54.05314,54.519],[54.07253,54.53138],[54.08588,54.53289]],[[53.93886,55.46146],[53.98546,55.44224],[54.07794,55.40565],[54.12754,55.38138],[54.20461,55.35033],[54.21234,55.34796],[54.29083,55.33102],[54.29847,55.32971],[54.30894,55.32875],[54.37018,55.32636],[54.38196,55.32616],[54.39364,55.32614],[54.49183,55.32992],[54.61255,55.32999],[54.62348,55.3307],[54.6335,55.33212],[54.64476,55.33457],[54.65415,55.33751],[54.66134,55.3404],[54.67059,55.34508],[54.70371,55.36818],[54.72017,55.38709],[54.72414,55.39035],[54.75221,55.40585],[54.76804,55.41668],[54.77769,55.41927],[54.78531,55.41899],[54.8167,55.4117],[54.82454,55.40405],[54.82952,55.40038],[54.91271,55.3527],[54.91636,55.35099],[54.952,55.33597],[55.00759,55.30432],[55.03658,55.28179]],[[55.03658,55.28179],[55.02911,55.28837],[55.02863,55.28877],[55.02793,55.28931],[55.02726,55.2898],[55.02339,55.29241],[55.01761,55.29698],[55.01275,55.30131],[55.01251,55.30149],[55.01124,55.30245],[55.00955,55.30362],[55.00578,55.30588],[54.95164,55.33633],[54.91335,55.35253],[54.86426,55.38076],[54.8581,55.38536],[54.83089,55.3998],[54.81603,55.41252],[54.7854,55.41909],[54.77772,55.41938],[54.76824,55.41699],[54.7519,55.40602],[54.72375,55.39053],[54.7197,55.38723],[54.70332,55.36837],[54.67027,55.34525],[54.65398,55.3376],[54.63343,55.33225],[54.61254,55.3301],[54.49183,55.33009],[54.39034,55.3262],[54.30898,55.329],[54.29097,55.33126],[54.20484,55.35054],[54.12767,55.38142],[54.07806,55.40575],[53.93897,55.46154]],[[54.08588,54.53289],[54.09733,54.53377],[54.10551,54.53518],[54.15164,54.54771],[54.18085,54.55398],[54.19649,54.55873]],[[54.19649,54.55873],[54.18082,54.55412],[54.14793,54.54692],[54.10543,54.53532],[54.08588,54.53289]],[[54.19649,54.55873],[54.21862,54.56564],[54.22293,54.56817],[54.23318,54.57741],[54.27664,54.59149],[54.29684,54.60369],[54.3211,54.61303],[54.37588,54.61853],[54.3912,54.61859],[54.40448,54.62109]],[[54.40448,54.62109],[54.43424,54.62598],[54.4504,54.62568],[54.45507,54.6262],[54.45826,54.62708],[54.46227,54.62885],[54.47889,54.63721],[54.48431,54.63878],[54.52933,54.64249],[54.60466,54.6501],[54.62983,54.65351]],[[54.62983,54.65351],[54.52916,54.6427],[54.48413,54.63896],[54.47931,54.63771],[54.45554,54.62647],[54.4342,54.6261],[54.40448,54.62109]],[[54.85856,54.70487],[54.82448,54.69444],[54.80223,54.67979],[54.79793,54.67806],[54.74904,54.67039],[54.73595,54.66502],[54.68035,54.65972],[54.66437,54.65929],[54.62983,54.65351]],[[54.82521,55.40426],[54.82454,55.40405]],[[54.85362,55.38733],[54.85308,55.38696]],[[54.85856,54.70487],[54.91434,54.72304],[54.95506,54.7277],[54.99815,54.72936]],[[54.99811,54.7297],[54.95554,54.72793],[54.9155,54.72346],[54.85856,54.70487]],[[54.86071,55.38263],[54.86123,55.38292]],[[55.53361,54.64803],[55.46715,54.65834],[55.44206,54.66218],[55.43673,54.66301],[55.43503,54.66327],[55.43225,54.66369],[55.42671,54.66455],[55.42633,54.66461],[55.42618,54.66463],[55.42562,54.66472],[55.4148,54.66639],[55.40998,54.66711],[55.39493,54.66948],[55.35872,54.67498],[55.35274,54.67598],[55.26949,54.69754],[55.18911,54.71795],[55.1852,54.71912],[55.11772,54.7362],[55.11089,54.73749],[55.09975,54.7391],[55.09549,54.73917],[55.09247,54.73879],[55.06598,54.73304],[55.06077,54.73228],[55.04293,54.73163],[55.02943,54.73097],[55.02602,54.73089],[55.02338,54.73082],[55.02243,54.73078],[55.0027,54.7298],[54.99811,54.7297]],[[54.99811,54.7297],[54.99815,54.72936]],[[54.99815,54.72936],[55.01718,54.73032],[55.02135,54.73041],[55.02424,54.73053],[55.03067,54.73089],[55.04382,54.73134],[55.04429,54.73136],[55.04503,54.7314],[55.0474,54.73157],[55.05825,54.73199],[55.06216,54.73229],[55.06606,54.73289],[55.09112,54.73834],[55.09555,54.739],[55.11086,54.73738],[55.35285,54.67582],[55.35868,54.67484],[55.53351,54.64784]],[[55.0117,55.30141],[55.01231,55.30165]],[[55.01275,55.30131],[55.01214,55.30106]],[[55.02247,54.73046],[55.02243,54.73078]],[[55.02338,54.73082],[55.02343,54.7305]],[[55.02803,55.28853],[55.02863,55.28877]],[[55.02911,55.28837],[55.02851,55.28814]],[[55.03658,55.28179],[55.05611,55.2662],[55.103,55.20774],[55.12232,55.18841],[55.12826,55.17975],[55.1248,55.16592],[55.12716,55.16182],[55.13495,55.15616],[55.15625,55.14386],[55.1659,55.13951]],[[55.04429,54.73136],[55.04424,54.73167]],[[55.15834,54.7259],[55.15812,54.72561]],[[55.1659,55.13951],[55.17641,55.13494],[55.21569,55.12109],[55.22295,55.11647],[55.25168,55.09024],[55.25669,55.08647],[55.26039,55.08438],[55.2633,55.08303],[55.29819,55.06846],[55.30424,55.06628],[55.30841,55.06525],[55.31217,55.06462],[55.31668,55.06419],[55.32056,55.06411],[55.32758,55.06462],[55.34349,55.0672],[55.35414,55.06728],[55.36215,55.06617],[55.37319,55.06318],[55.37716,55.06233],[55.38147,55.06165],[55.38857,55.06107],[55.41958,55.0602],[55.43148,55.05676],[55.44459,55.04741],[55.4632,55.02996],[55.49102,55.00431],[55.49294,55.0029],[55.50034,54.99841],[55.5233,54.98545],[55.52765,54.98357],[55.53174,54.98248],[55.53613,54.98175],[55.55938,54.98019],[55.56816,54.97754],[55.5744,54.97363],[55.58312,54.96468],[55.58537,54.95866],[55.57693,54.9297],[55.57668,54.92722],[55.57702,54.92578],[55.57819,54.92363],[55.58045,54.92137],[55.593,54.91354]],[[55.593,54.91354],[55.58022,54.9218],[55.57728,54.92561],[55.57697,54.92898],[55.58395,54.95117],[55.58483,54.95326],[55.5852,54.95444],[55.58557,54.95867],[55.58265,54.96601],[55.58228,54.96649],[55.58207,54.96672],[55.58159,54.96722],[55.57457,54.97369],[55.56683,54.97837],[55.56483,54.97912],[55.56346,54.9795],[55.56104,54.98007],[55.52845,54.98344],[55.5067,54.995],[55.50078,54.99861],[55.49375,55.00256],[55.49156,55.00405],[55.46364,55.03015],[55.4444,55.04778],[55.43163,55.05683],[55.41961,55.06031],[55.3815,55.06176],[55.36222,55.06627],[55.35415,55.06739],[55.34345,55.06731],[55.32053,55.06422],[55.30363,55.06659],[55.25682,55.08654],[55.22326,55.11647],[55.21587,55.12118],[55.1659,55.13951]],[[55.18351,54.71912],[55.18544,54.71889],[55.18392,54.71944]],[[55.26888,54.69769],[55.26859,54.69732]],[[55.42662,54.66435],[55.42671,54.66455]],[[55.43493,54.66307],[55.43503,54.66327]],[[55.46364,55.03015],[55.4632,55.02996]],[[55.47599,54.65694],[55.47595,54.65675]],[[55.48918,54.65471],[55.48924,54.6549]],[[55.48978,54.65481],[55.48971,54.65463]],[[55.50034,54.99841],[55.50078,54.99861]],[[55.53351,54.64784],[55.53361,54.64803]],[[55.53351,54.64784],[55.53881,54.64703]],[[55.57092,54.64223],[55.54168,54.64702],[55.53898,54.64736],[55.53677,54.64755],[55.53361,54.64803]],[[55.53823,54.98194],[55.53821,54.98162]],[[55.53881,54.64703],[55.53898,54.64736]],[[55.53881,54.64703],[55.57084,54.64206]],[[55.55847,54.64416],[55.55839,54.64401]],[[55.5632,54.97922],[55.56346,54.9795]],[[55.57084,54.64206],[55.57092,54.64223]],[[55.57084,54.64206],[55.58502,54.63989],[55.58834,54.63953],[55.58915,54.63948],[55.58952,54.63946],[55.59047,54.63941],[55.59608,54.63947],[55.60547,54.6405],[55.61194,54.64157],[55.68608,54.65537],[55.7067,54.65931],[55.70702,54.65936],[55.70788,54.65946],[55.70886,54.65959],[55.71179,54.66012],[55.71456,54.66076],[55.73424,54.66446],[55.73503,54.6646],[55.73513,54.66462],[55.73814,54.66516],[55.74929,54.66725],[55.78049,54.67304],[55.803,54.67646],[55.81555,54.67538],[55.88412,54.65974],[55.91091,54.64893],[55.91802,54.64686],[55.92492,54.64555]],[[55.58919,54.63968],[55.57092,54.64223]],[[55.58228,54.96649],[55.58178,54.96634]],[[55.58429,54.9534],[55.58483,54.95326]],[[55.58919,54.63968],[55.58915,54.63948]],[[55.728,54.66341],[55.70988,54.66017],[55.70612,54.65934],[55.68394,54.65532],[55.60802,54.64107],[55.59676,54.63966],[55.58919,54.63968]],[[55.593,54.91354],[55.59862,54.91038]],[[55.59862,54.91038],[55.60426,54.90807],[55.60602,54.9075],[55.60649,54.90734],[55.60763,54.90703],[55.62367,54.90378]],[[55.62367,54.90378],[55.59862,54.91038]],[[55.60653,54.90783],[55.60506,54.908],[55.60602,54.9075]],[[55.61194,54.64157],[55.61181,54.64174]],[[55.68599,52.39295],[55.62116,52.37125]],[[55.62367,54.90378],[55.63216,54.89985]],[[55.63216,54.89985],[55.64079,54.8946],[55.64525,54.89267],[55.64808,54.89177],[55.70791,54.87931],[55.71076,54.87625],[55.7081,54.87091]],[[55.7081,54.87091],[55.70974,54.87344],[55.71263,54.87817],[55.71309,54.8789],[55.71321,54.87909],[55.71331,54.87921],[55.71499,54.87928],[55.71348,54.87847],[55.71182,54.87881],[55.70956,54.87928],[55.70247,54.88073],[55.69296,54.88272],[55.64909,54.89167],[55.64097,54.8947],[55.63216,54.89985]],[[55.64652,54.64804],[55.64644,54.6482]],[[55.64727,54.64835],[55.64736,54.6482]],[[55.68394,54.65532],[55.68408,54.655]],[[55.8918,52.9678],[55.87899,52.94249],[55.86537,52.92756],[55.86397,52.92361],[55.86657,52.91993],[55.89499,52.902],[55.90143,52.89222],[55.91054,52.88572],[55.91627,52.87678],[55.92372,52.85887],[55.91954,52.84479],[55.9162,52.8379],[55.91215,52.8344],[55.90492,52.82276],[55.873,52.79349],[55.8598,52.78311],[55.85933,52.77713],[55.86025,52.77511],[55.86283,52.77354],[55.86891,52.77247],[55.87473,52.76918],[55.87705,52.7668],[55.87791,52.76291],[55.87611,52.7577],[55.8731,52.75324],[55.8688,52.74856],[55.86297,52.74475],[55.85919,52.73762],[55.85323,52.70315],[55.86081,52.68015],[55.84032,52.6707],[55.83486,52.66681],[55.8332,52.66376],[55.83327,52.65644],[55.8383,52.65147],[55.84082,52.64175],[55.84086,52.63672],[55.84353,52.62797],[55.84356,52.62131],[55.85052,52.58654],[55.84277,52.56737],[55.83682,52.5481],[55.83326,52.5302],[55.82941,52.50371],[55.82878,52.48681],[55.83066,52.47776],[55.82898,52.47368],[55.83144,52.46708],[55.82994,52.46516],[55.81925,52.45959],[55.79492,52.44094],[55.78905,52.42914],[55.77337,52.41956],[55.68659,52.39314]],[[55.70788,54.65946],[55.71182,54.66029],[55.70879,54.65993]],[[55.73175,54.67029],[55.73004,54.67528],[55.73194,54.67925],[55.74822,54.69089],[55.76675,54.69876],[55.76945,54.70152],[55.77585,54.71319],[55.77708,54.72653],[55.78342,54.73723],[55.78114,54.7562],[55.78594,54.77469],[55.784,54.77854],[55.77754,54.78224],[55.7665,54.7914],[55.75138,54.79935],[55.74679,54.80298],[55.73023,54.81884],[55.72319,54.83487],[55.70616,54.84847],[55.70409,54.85223],[55.7033,54.85838],[55.70541,54.86603],[55.7081,54.87091]],[[55.74521,54.66664],[55.73594,54.66491],[55.73505,54.66475],[55.73416,54.66459],[55.728,54.66341]],[[55.73316,54.66752],[55.73118,54.66433],[55.728,54.66341]],[[55.72804,54.66328],[55.73036,54.66364],[55.73345,54.66423],[55.7339,54.66432],[55.73428,54.66439],[55.73517,54.66455],[55.73526,54.66457],[55.73621,54.66474],[55.74189,54.66579],[55.744,54.66625]],[[55.73891,54.66546],[55.7381,54.66538],[55.73589,54.66497],[55.73502,54.66482],[55.73412,54.66466],[55.73006,54.66386]],[[55.73316,54.66752],[55.73175,54.67029]],[[55.74521,54.66664],[55.73785,54.66587],[55.73364,54.66737],[55.73175,54.67029]],[[55.73445,54.66503],[55.73316,54.66752]],[[55.73377,54.66459],[55.73242,54.66521],[55.73445,54.66503]],[[55.73484,54.66427],[55.73463,54.66334],[55.73327,54.66338],[55.7339,54.66432]],[[55.73445,54.66503],[55.73609,54.66585],[55.7355,54.66491]],[[55.73484,54.66427],[55.73445,54.66503]],[[55.73555,54.66462],[55.73692,54.66397],[55.73484,54.66427]],[[55.93507,54.64417],[55.93307,54.64447],[55.93144,54.64472],[55.92924,54.64505],[55.92891,54.6451],[55.92371,54.64589],[55.92091,54.64639],[55.91356,54.64822],[55.88424,54.65986],[55.81407,54.67581],[55.80398,54.67661],[55.8005,54.67647],[55.78041,54.67318],[55.74521,54.66664]],[[55.91307,54.35715],[55.88117,54.30676],[55.87983,54.30228],[55.88011,54.29302]],[[55.88011,54.29302],[55.88346,54.20961],[55.88468,54.20475],[55.88869,54.19696]],[[55.88011,54.29302],[55.88036,54.293]],[[55.88036,54.293],[55.88007,54.30226],[55.88139,54.30676],[55.91332,54.35712]],[[55.88888,54.19705],[55.88373,54.20894],[55.88036,54.293]],[[55.88655,54.04166],[55.88645,54.04159],[55.88654,54.04151]],[[55.88869,54.19696],[55.88888,54.19705]],[[55.88869,54.19696],[55.90159,54.17124]],[[55.90179,54.17126],[55.88888,54.19705]],[[55.8918,52.9678],[55.89394,52.96986],[55.89424,52.9702],[55.89512,52.97236]],[[55.89299,52.97011],[55.8918,52.9678]],[[55.89411,52.97665],[55.89299,52.97011]],[[55.89299,52.97011],[55.89394,52.96986]],[[55.89512,52.97236],[55.89406,52.97244]],[[55.89411,52.97665],[55.8936,52.98951],[55.89573,53.00939],[55.89843,53.0193],[55.90212,53.02314],[55.91482,53.02697],[55.92387,53.03277]],[[55.89512,52.97236],[55.89411,52.97665]],[[55.90159,54.17124],[55.90179,54.17126]],[[55.90159,54.17124],[55.90231,54.16739],[55.90223,54.14956],[55.90302,54.14077],[55.89942,54.10487],[55.89933,54.09915],[55.90028,54.08852],[55.89903,54.07637],[55.89022,54.06348],[55.88895,54.06061],[55.88668,54.04295],[55.88655,54.04166],[55.88646,54.04015],[55.8865,54.03857],[55.88671,54.0372],[55.88754,54.03504],[55.89201,54.02801],[55.89562,54.02407],[55.91281,54.00871],[55.9206,53.99919],[55.92346,53.99221],[55.92273,53.98451],[55.9187,53.97399],[55.91421,53.96679],[55.91325,53.96435],[55.91306,53.96293],[55.91328,53.95794],[55.91647,53.93436],[55.92137,53.9118],[55.9211,53.90106],[55.91855,53.89647],[55.91716,53.89475],[55.91649,53.89384],[55.91619,53.89337],[55.91357,53.88818],[55.91319,53.8856],[55.9192,53.86141],[55.92248,53.83438],[55.93614,53.80292],[55.94393,53.77595],[55.94494,53.76721],[55.94379,53.75188],[55.93829,53.73928]],[[55.90189,54.17087],[55.90169,54.17086]],[[55.93829,53.73928],[55.94111,53.74187],[55.94401,53.75186],[55.94512,53.76738],[55.94416,53.77595],[55.93632,53.80295],[55.92255,53.83498],[55.91937,53.86149],[55.91347,53.88584],[55.91425,53.88902],[55.91986,53.89818],[55.92132,53.90105],[55.9216,53.91181],[55.91668,53.93435],[55.91327,53.96291],[55.91438,53.96673],[55.91891,53.97395],[55.92292,53.9845],[55.92353,53.99299],[55.92015,54.00024],[55.91278,54.00901],[55.89234,54.02784],[55.88759,54.03532],[55.88662,54.03941],[55.88924,54.06078],[55.8985,54.0745],[55.89933,54.07731],[55.90046,54.08851],[55.89967,54.10604],[55.90322,54.14082],[55.90247,54.16741],[55.90228,54.16907],[55.90213,54.16991],[55.90189,54.17087],[55.90179,54.17126]],[[55.90542,54.49371],[55.90562,54.49326],[55.9059,54.4924],[55.90599,54.49192]],[[55.90598,54.49325],[55.90654,54.49416],[55.90782,54.49378],[55.90716,54.49308],[55.90679,54.49299],[55.90489,54.4928],[55.90342,54.4934],[55.90549,54.49325]],[[55.90629,54.49195],[55.90606,54.49247],[55.90581,54.49323],[55.90571,54.49375]],[[55.90576,54.49239],[55.90389,54.49191],[55.90449,54.49263],[55.90495,54.49272],[55.90606,54.49284],[55.90685,54.49291],[55.90838,54.49231],[55.90623,54.49249]],[[55.93204,54.64424],[55.93112,54.64137],[55.93064,54.63971],[55.92994,54.63748],[55.92816,54.63209],[55.9259,54.62614],[55.92696,54.61742],[55.92413,54.6117],[55.91553,54.60016],[55.91085,54.58691],[55.91345,54.57965],[55.91188,54.57608],[55.91188,54.57449],[55.9169,54.5681],[55.92376,54.56021],[55.9249,54.55531],[55.89817,54.52435],[55.89737,54.523],[55.89694,54.52127],[55.89715,54.51921],[55.90411,54.49808],[55.90549,54.49325],[55.90576,54.49239],[55.90599,54.49192],[55.90742,54.48739],[55.91457,54.46373],[55.92213,54.43706],[55.9201,54.42084],[55.91805,54.39848],[55.91645,54.36596],[55.91307,54.35715]],[[55.91332,54.35712],[55.91307,54.35715]],[[55.91332,54.35712],[55.91663,54.366],[55.91827,54.39847],[55.92231,54.43708],[55.92196,54.43952],[55.90629,54.49195],[55.90623,54.49249],[55.90598,54.49325],[55.90571,54.49375],[55.89732,54.51922],[55.89713,54.52126],[55.89836,54.52432],[55.9251,54.55531],[55.92424,54.55987],[55.91239,54.57415],[55.91374,54.57969],[55.91125,54.58693],[55.91586,54.60026],[55.92438,54.61164],[55.92711,54.61713],[55.92612,54.62589],[55.93237,54.64419]],[[55.91682,53.89331],[55.91619,53.89337]],[[55.91649,53.89384],[55.91706,53.89368]],[[55.92387,53.03277],[55.92529,53.03844],[55.92426,53.04446],[55.91764,53.05911],[55.91972,53.07211],[55.91879,53.09002],[55.91992,53.10509],[55.91857,53.10872],[55.905,53.12745],[55.90331,53.15716],[55.90528,53.17913],[55.9068,53.18059],[55.90697,53.18396],[55.91342,53.20228],[55.9097,53.21489],[55.90997,53.22815],[55.9142,53.24187],[55.92092,53.25264],[55.92311,53.26039],[55.92798,53.29649],[55.92786,53.30386],[55.92596,53.30633],[55.92138,53.30808],[55.89022,53.30911],[55.87384,53.31547],[55.85144,53.33933],[55.84202,53.35555],[55.83686,53.40881],[55.84497,53.44562],[55.84566,53.46619],[55.84787,53.47241],[55.85006,53.47533],[55.87061,53.49569],[55.87216,53.49972],[55.86958,53.54494],[55.85742,53.5594],[55.83859,53.57313],[55.83737,53.57615],[55.8331,53.61715],[55.86297,53.69509],[55.86777,53.70206],[55.87964,53.70983],[55.93147,53.73389],[55.93829,53.73928]],[[55.92387,53.03277],[55.92453,53.03267]],[[55.92492,54.64555],[55.92839,54.64481],[55.93087,54.64286],[55.93064,54.63971]],[[55.92492,54.64555],[55.92886,54.64495],[55.93141,54.64457],[55.93304,54.64432],[55.935,54.64403]],[[55.93507,54.64417],[55.93377,54.64443],[55.93331,54.6445],[55.93308,54.64454],[55.93145,54.64479],[55.92924,54.64505]],[[55.9294,54.64487],[55.93028,54.64469],[55.93139,54.64451],[55.93302,54.64426],[55.93339,54.6442],[55.935,54.64403]],[[55.93098,54.6399],[55.93294,54.64278],[55.94085,54.64313]],[[55.93106,54.64485],[55.93027,54.64571],[55.93183,54.64579],[55.93207,54.64535],[55.93207,54.64499],[55.93205,54.6448],[55.93202,54.64456],[55.93204,54.64424]],[[55.9312,54.64454],[55.92996,54.64388],[55.93204,54.64424]],[[55.93237,54.64419],[55.93255,54.64449],[55.9326,54.64473],[55.93264,54.64495],[55.93269,54.64518],[55.93303,54.64548],[55.93453,54.6452],[55.93331,54.6445]],[[55.93237,54.64419],[55.93243,54.64439],[55.93247,54.64456],[55.93251,54.64479],[55.93255,54.64449],[55.93246,54.64409],[55.93243,54.64395],[55.93239,54.64378],[55.93241,54.64347],[55.93319,54.64308],[55.93423,54.64354],[55.93359,54.64417]],[[55.935,54.64403],[55.94085,54.64313]],[[56.09222,54.65152],[56.09021,54.65138],[56.08807,54.65125],[56.07286,54.6503],[56.06337,54.64971],[56.04118,54.64829],[56.01678,54.6467],[56.00462,54.64597],[55.95163,54.64254],[55.93507,54.64417]],[[55.94013,53.742],[55.94064,53.74156]],[[55.94103,53.74246],[55.94034,53.74246]],[[55.94085,54.64313],[55.953,54.64247],[56.07421,54.65024]],[[56.09222,54.65152],[56.09137,54.65153],[56.07431,54.65046],[56.07286,54.6503]],[[56.07421,54.65024],[56.08836,54.65105],[56.09269,54.65139]],[[56.07421,54.65024],[56.09269,54.65139]],[[56.0902,54.65145],[56.08807,54.65125]],[[56.2205,54.706],[56.19073,54.6799],[56.18388,54.67571],[56.13807,54.6601],[56.117,54.65438],[56.09222,54.65152]],[[56.09269,54.65139],[56.1084,54.65257],[56.11915,54.65478],[56.1382,54.65996],[56.18407,54.67558],[56.19045,54.67928],[56.20644,54.69249],[56.20676,54.69277],[56.21254,54.69784],[56.21606,54.70088],[56.22148,54.70566]],[[56.20579,54.6931],[56.20676,54.69277]],[[56.22148,54.70566],[56.2212,54.70605],[56.2205,54.706]],[[56.33167,54.75021],[56.26085,54.73098],[56.25531,54.72929],[56.25053,54.72749],[56.24299,54.72372],[56.23742,54.72012],[56.2205,54.706]],[[56.22148,54.70566],[56.2377,54.72003],[56.25271,54.72815],[56.32176,54.74698],[56.33167,54.75021]],[[56.32107,54.74681],[56.32077,54.74722]],[[56.39308,54.76106],[56.39001,54.76057],[56.38938,54.76047],[56.3876,54.76019],[56.38717,54.76012],[56.35798,54.75551],[56.34722,54.75383],[56.33167,54.75021]],[[56.39976,54.76212],[56.39004,54.76063],[56.38717,54.76012]],[[56.3876,54.76019],[56.39203,54.76085]],[[56.39103,54.76074],[56.39203,54.76085]],[[56.39203,54.76085],[56.3945,54.76124],[56.39653,54.76156],[56.40177,54.76239],[56.40257,54.76256]],[[56.39251,54.76092],[56.39308,54.76106]],[[57.14578,54.85752],[57.10216,54.84713],[56.98766,54.83291],[56.94209,54.83122],[56.91758,54.82775],[56.89628,54.82671],[56.87973,54.82006],[56.86894,54.81777],[56.70914,54.81656],[56.63871,54.80849],[56.58455,54.7953],[56.46786,54.77291],[56.4629,54.77205],[56.43406,54.76749],[56.40844,54.7635],[56.40366,54.76273],[56.40257,54.76256],[56.39976,54.76212],[56.39476,54.76133],[56.39382,54.76118],[56.39308,54.76106]],[[56.39571,54.76148],[56.39653,54.76156]],[[58.124,54.90163],[58.11511,54.90332],[58.1089,54.90646],[58.08553,54.91373],[58.07437,54.91423],[58.05898,54.9195],[58.04227,54.91874],[58.03149,54.92093],[58.01573,54.93269],[57.99505,54.95445],[57.98608,54.96066],[57.97572,54.96492],[57.96606,54.96742],[57.93346,54.97093]]]}}],"provenance":{"sources":[{"id":"osm-volga-260916","url":"https://download.geofabrik.de/russia/volga-fed-district-260916.osm.pbf","snapshot":"2026-09-16T20:21:21Z","sha256":"b743d60f0bc6df6745ab002675bc74bb1b0b0a04b37b15f331a53fa704fad7db","md5":"8e41694055a08e29f9f9e553571956f5","bytes":773336406,"license":"ODbL-1.0","attribution":"© OpenStreetMap contributors, Geofabrik","downloadDate":"2026-09-17"}],"attribution":"© OpenStreetMap contributors, Geofabrik; ODbL-1.0","geometryMethod":"Actual OSM road ways, merged by class and endpoint, display simplification 0.0007 degrees; not routing geometry","sourceWayCount":12722,"routingUse":false}}